college_code,branch_code,community,predicted_closing_rank_2026
1,BY,BC,13813
1,BY,MBC,7683
1,BY,OC,4207
1,BY,SC,15297
1,BY,SCA,40198
1,BY,ST,25049
1,CE,BC,7589
1,CE,MBC,5798
1,CE,OC,3819
1,CE,SC,8261
1,CE,SCA,28573
1,CE,ST,30722
1,CM,BC,404
1,CM,MBC,500
1,CM,OC,203
1,CM,SC,2792
1,CM,SCA,10908
1,CM,ST,3121
1,CS,BC,218
1,CS,MBC,88
1,CS,OC,28
1,CS,SC,840
1,CS,SCA,725
1,CS,ST,2449
1,EC,BC,846
1,EC,MBC,590
1,EC,OC,206
1,EC,SC,1983
1,EC,SCA,9197
1,EC,ST,18015
1,EE,BC,3404
1,EE,MBC,1822
1,EE,OC,1281
1,EE,SC,7428
1,EE,SCA,15925
1,EE,ST,2341
1,EL,BC,2859
1,EL,MBC,2477
1,EL,OC,1649
1,EL,SC,8750
1,EL,SCA,21598
1,EL,ST,4412
1,EM,BC,839
1,EM,MBC,749
1,EM,OC,584
1,EM,SC,4447
1,EM,SCA,17320
1,EM,ST,26453
1,GI,BC,15085
1,GI,MBC,16855
1,GI,OC,6600
1,GI,SC,35941
1,GI,SCA,32268
1,GI,ST,16277
1,IE,BC,32269
1,IE,MBC,20109
1,IE,OC,9341
1,IE,SC,29744
1,IE,SCA,56182
1,IE,ST,47452
1,IM,BC,1191
1,IM,MBC,937
1,IM,OC,585
1,IM,SC,4910
1,IM,SCA,22681
1,IM,ST,9141
1,MA,BC,14112
1,MA,MBC,19394
1,MA,OC,9298
1,MA,SC,35055
1,MA,SCA,57336
1,ME,BC,5714
1,ME,MBC,5253
1,ME,OC,2971
1,ME,SC,15495
1,ME,SCA,30207
1,ME,ST,3894
1,MI,BC,23036
1,MI,MBC,10458
1,MI,OC,7194
1,MI,SC,31031
1,MI,SCA,56822
1,MI,ST,95204
1,MN,BC,26861
1,MN,MBC,26026
1,MN,OC,14527
1,MN,SC,32797
1,MN,SCA,45010
1,MN,ST,22651
1,PT,BC,33851
1,PT,MBC,37847
1,PT,OC,20696
1,PT,SC,59003
1,PT,SCA,100499
1,PT,ST,48705
1,XC,BC,24542
1,XC,MBC,19422
1,XC,OC,9201
1,XC,SC,23088
1,XC,SCA,19228
1,XM,BC,25900
1,XM,MBC,27546
1,XM,OC,15862
1,XM,SC,50567
1,XM,SCA,51477
1,XM,ST,47239
2,AP,BC,60689
2,AP,MBC,74121
2,AP,OC,46073
2,AP,SC,87608
2,AP,SCA,141831
2,AP,ST,59261
2,CH,BC,10137
2,CH,MBC,9003
2,CH,OC,4799
2,CH,SC,16031
2,CH,SCA,44000
2,CH,ST,65142
2,CL,BC,22672
2,CL,MBC,17611
2,CL,OC,9849
2,CL,SC,28153
2,CL,SCA,84338
2,CL,ST,64739
2,CR,BC,57305
2,CR,MBC,55836
2,CR,OC,39566
2,CR,SC,87426
2,CR,SCA,194355
2,CR,ST,125293
2,FS,BC,21944
2,FS,MBC,27646
2,FS,OC,12673
2,FS,SC,33833
2,FS,SCA,73483
2,FS,ST,42587
2,IB,BC,31993
2,IB,MBC,27123
2,IB,OC,6469
2,IB,SC,31465
2,IB,SCA,51002
2,IS,BC,29129
2,IS,MBC,29605
2,IS,OC,17457
2,IS,SC,39874
2,IS,SCA,82095
2,IS,ST,81657
2,LE,BC,64642
2,LE,MBC,57135
2,LE,OC,41118
2,LE,SC,75817
2,LE,SCA,151877
2,LE,ST,81967
2,PM,BC,35053
2,PM,MBC,39656
2,PM,OC,25380
2,PM,SC,55107
2,PM,SCA,97025
2,PM,ST,68126
2,PP,BC,26236
2,PP,MBC,24583
2,PP,OC,17202
2,PP,SC,35169
2,PP,SCA,67484
2,PP,ST,55450
2,TX,BC,60548
2,TX,MBC,68717
2,TX,OC,35951
2,TX,SC,65115
2,TX,SCA,113674
3,BP,BC,37948
3,BP,MBC,37943
3,BP,OC,20319
3,BP,SC,42346
3,BP,SCA,132783
3,BP,ST,108148
4,AE,BC,6839
4,AE,MBC,5643
4,AE,OC,2639
4,AE,SC,13648
4,AE,SCA,37849
4,AE,ST,6353
4,AT,BC,1747
4,AT,MBC,1701
4,AT,OC,854
4,AT,SC,5737
4,AT,SCA,28108
4,AT,ST,8280
4,AU,BC,13910
4,AU,MBC,11786
4,AU,OC,7443
4,AU,SC,25060
4,AU,SCA,45545
4,AU,ST,42641
4,CM,BC,1120
4,CM,MBC,1084
4,CM,OC,809
4,CM,SC,3702
4,CM,SCA,20526
4,CM,ST,8322
4,CS,BC,819
4,CS,MBC,650
4,CS,OC,365
4,CS,SC,2478
4,CS,SCA,18781
4,CS,ST,5627
4,EC,BC,1338
4,EC,MBC,1421
4,EC,OC,880
4,EC,SC,5269
4,EC,SCA,7316
4,EC,ST,4114
4,EI,BC,4565
4,EI,MBC,4671
4,EI,OC,2529
4,EI,SC,11286
4,EI,SCA,30459
4,EI,ST,66236
4,EM,BC,2787
4,EM,MBC,1764
4,EM,OC,1419
4,EM,SC,6635
4,EM,SCA,25934
4,EM,ST,7526
4,IM,BC,2458
4,IM,MBC,1816
4,IM,OC,1254
4,IM,SC,7005
4,IM,SCA,26730
4,IM,ST,13438
4,PR,BC,18782
4,PR,MBC,22570
4,PR,OC,12376
4,PR,SC,30497
4,PR,SCA,52456
4,PR,ST,55292
4,RA,BC,4387
4,RA,MBC,3997
4,RA,OC,2864
4,RA,SC,13750
4,RA,SCA,18768
4,RA,ST,95903
4,RP,BC,39488
4,RP,MBC,45054
4,RP,OC,28991
4,RP,SC,48579
4,RP,SCA,128885
5,AM,BC,88122
5,AM,MBC,79844
5,AM,OC,45812
5,AM,SC,103352
5,AM,SCA,117989
5,AM,ST,101325
5,CE,BC,245227
5,CE,MBC,153665
5,CE,OC,103171
5,CE,SC,163728
5,CE,SCA,176379
5,CE,ST,166905
5,CF,BC,93675
5,CF,MBC,87602
5,CF,OC,58158
5,CF,SC,97072
5,CF,SCA,149502
5,CF,ST,172019
5,CH,BC,197561
5,CH,MBC,155266
5,CH,OC,95099
5,CH,SC,163306
5,CH,SCA,92253
5,CH,ST,130144
5,CS,BC,92712
5,CS,MBC,79139
5,CS,OC,39996
5,CS,SC,103171
5,CS,SCA,153973
5,CS,ST,39632
5,CZ,BC,259421
5,CZ,MBC,179004
5,CZ,OC,129445
5,CZ,SC,169777
5,CZ,SCA,178548
5,EC,BC,88047
5,EC,MBC,86659
5,EC,OC,49546
5,EC,SC,107603
5,EC,SCA,61096
5,EC,ST,129911
5,EE,BC,139764
5,EE,MBC,118905
5,EE,OC,99070
5,EE,SC,171408
5,EE,SCA,175879
5,EE,ST,227677
5,EI,BC,195767
5,EI,MBC,137356
5,EI,OC,120627
5,EI,SC,165222
5,EI,SCA,226673
5,IT,BC,106853
5,IT,MBC,95407
5,IT,OC,63086
5,IT,SC,108843
5,IT,SCA,175766
5,IT,ST,118561
5,ME,BC,214121
5,ME,MBC,146717
5,ME,OC,105470
5,ME,SC,174871
5,ME,SCA,211797
5,ME,ST,218499
5,MM,BC,249804
5,MM,MBC,163872
5,MM,OC,133930
5,MM,SC,167526
1013,CS,BC,67717
1013,CS,MBC,58214
1013,CS,OC,29721
1013,CS,SC,105458
1013,CS,SCA,199158
1013,CS,ST,178250
1013,EC,BC,87341
1013,EC,MBC,85788
1013,EC,OC,62741
1013,EC,SC,120758
1013,EC,SCA,259041
1013,EC,ST,184623
1013,IT,BC,78565
1013,IT,MBC,76168
1013,IT,OC,38535
1013,IT,SC,99187
1013,IT,SCA,135839
1013,IT,ST,81967
1013,ME,BC,160348
1013,ME,MBC,140147
1013,ME,OC,119650
1013,ME,SC,177682
1013,ME,SCA,228257
1013,SC,BC,70919
1013,SC,MBC,71072
1013,SC,OC,45642
1013,SC,SC,93676
1013,SC,SCA,125105
1013,XM,BC,194410
1013,XM,MBC,157884
1013,XM,OC,123890
1013,XM,SC,195022
1013,XM,ST,226518
1014,CE,BC,224598
1014,CE,MBC,153192
1014,CE,OC,110813
1014,CE,SC,193780
1014,CE,SCA,190393
1014,CS,BC,71485
1014,CS,MBC,62358
1014,CS,OC,37048
1014,CS,SC,96477
1014,CS,SCA,25026
1014,CS,ST,49946
1014,EC,BC,96822
1014,EC,MBC,86221
1014,EC,OC,71779
1014,EC,SC,131723
1014,EC,SCA,116884
1014,EC,ST,136268
1014,EF,BC,160939
1014,EF,MBC,99017
1014,EF,OC,92550
1014,EF,SC,135137
1014,EF,SCA,162396
1014,IT,BC,104723
1014,IT,MBC,86511
1014,IT,OC,54842
1014,IT,SC,114048
1014,IT,SCA,213937
1014,IT,ST,160416
1014,XC,BC,239600
1014,XC,MBC,167389
1014,XC,OC,118249
1014,XC,SC,179950
1014,XC,SCA,271284
1015,CS,BC,121173
1015,CS,MBC,85694
1015,CS,OC,52786
1015,CS,SC,107572
1015,CS,SCA,222828
1015,EC,BC,118024
1015,EC,MBC,103052
1015,EC,OC,65373
1015,EC,SC,161416
1015,EC,SCA,177451
1015,EC,ST,148327
1015,EE,BC,160241
1015,EE,MBC,123147
1015,EE,OC,101705
1015,EE,SC,193518
1015,EE,SCA,191723
1015,EE,ST,182826
1015,ME,BC,210298
1015,ME,MBC,137492
1015,ME,OC,123523
1015,ME,SC,188317
1015,XM,BC,212934
1015,XM,MBC,211579
1015,XM,OC,181150
1015,XM,SC,222328
1015,XM,SCA,215642
1026,CS,BC,51377
1026,CS,MBC,45613
1026,CS,OC,34678
1026,CS,SC,71129
1026,CS,SCA,104636
1026,CS,ST,126749
1026,EC,BC,62010
1026,EC,MBC,61165
1026,EC,OC,41977
1026,EC,SC,112653
1026,EC,SCA,136001
1026,EC,ST,138775
1026,EE,BC,113147
1026,EE,MBC,95383
1026,EE,OC,74924
1026,EE,SC,127691
1026,EE,SCA,230446
1026,ME,BC,123654
1026,ME,MBC,121919
1026,ME,OC,94590
1026,ME,SC,167725
1026,ME,SCA,191472
1026,ME,ST,139639
1026,SC,BC,63386
1026,SC,MBC,55667
1026,SC,OC,41914
1026,SC,SC,69631
1026,SC,SCA,81806
1101,AD,BC,200924
1101,AD,MBC,201508
1101,AD,OC,95573
1101,AD,SC,184770
1101,AM,BC,207806
1101,AM,MBC,231714
1101,AM,OC,107661
1101,AM,SC,168432
1101,CB,BC,199840
1101,CB,MBC,255986
1101,CB,OC,73466
1101,CB,SC,198436
1101,CE,OC,146873
1101,CS,BC,172398
1101,CS,MBC,230189
1101,CS,OC,104045
1101,CS,SC,214396
1101,CS,SCA,248767
1101,CS,ST,231218
1101,EC,BC,228403
1101,EC,MBC,201648
1101,EC,OC,124070
1101,EC,SC,245316
1101,EC,SCA,228033
1101,EE,BC,186564
1101,EE,MBC,161524
1101,EE,OC,161164
1101,EE,SC,224332
1101,IT,BC,197535
1101,IT,MBC,238219
1101,IT,OC,112583
1101,IT,SC,209766
1101,ME,BC,204550
1101,ME,MBC,188859
1101,ME,OC,186843
1101,ME,SC,228704
1101,SC,BC,215732
1101,SC,MBC,224514
1101,SC,OC,120076
1101,SC,SC,223544
1102,AD,OC,228897
1102,CS,OC,251354
1102,EC,OC,256458
1102,IT,OC,164501
1102,ME,OC,234105
1106,AE,BC,244542
1106,AE,MBC,197404
1106,AE,OC,198564
1106,AE,SC,249957
1106,AM,BC,218783
1106,AM,MBC,214957
1106,AM,OC,173197
1106,AM,SC,176455
1106,CB,BC,239581
1106,CB,MBC,190969
1106,CB,OC,202353
1106,CB,SC,230294
1106,CE,OC,237597
1106,CO,BC,224674
1106,CO,MBC,226960
1106,CO,OC,192020
1106,CO,SC,219709
1106,CS,BC,218316
1106,CS,MBC,245410
1106,CS,OC,155560
1106,CS,SC,231466
1106,CS,SCA,189860
1106,EC,BC,242361
1106,EC,MBC,196442
1106,EC,OC,136308
1106,EC,SC,228171
1106,EE,BC,238701
1106,EE,OC,244967
1106,EI,BC,241451
1106,EI,MBC,237328
1106,EI,OC,208530
1106,EI,SC,236836
1106,EI,SCA,232995
1106,IT,BC,237874
1106,IT,MBC,245068
1106,IT,OC,191679
1106,IT,SC,242558
1106,IT,SCA,183203
1106,ME,BC,199293
1106,ME,MBC,220931
1106,ME,OC,193289
1106,RM,OC,211453
1106,TX,OC,242309
1107,CS,BC,234649
1107,CS,MBC,225265
1107,CS,OC,184233
1107,CS,SC,196780
1107,EC,OC,236687
1107,EE,OC,237863
1107,FD,OC,197525
1107,ME,OC,235119
1110,AD,BC,197825
1110,AD,MBC,142498
1110,AD,OC,90789
1110,AD,SC,188502
1110,AD,SCA,220597
1110,AM,BC,171849
1110,AM,MBC,169672
1110,AM,OC,86256
1110,AM,SC,206785
1110,BT,BC,225287
1110,BT,MBC,237331
1110,BT,OC,130140
1110,BT,SC,218331
1110,BT,SCA,125765
1110,CB,BC,128035
1110,CB,MBC,173269
1110,CB,OC,87739
1110,CB,SC,211834
1110,CS,BC,137586
1110,CS,MBC,145842
1110,CS,OC,76211
1110,CS,SC,211987
1110,EC,BC,190276
1110,EC,MBC,137366
1110,EC,OC,91511
1110,EC,SC,186561
1110,EC,SCA,196874
1110,EE,BC,153119
1110,EE,MBC,166227
1110,EE,OC,148371
1110,EE,SC,214034
1110,EE,SCA,230817
1110,IT,BC,159117
1110,IT,MBC,144592
1110,IT,OC,93872
1110,IT,SC,173517
1110,IT,SCA,211429
1110,ME,BC,202577
1110,ME,MBC,214628
1110,ME,OC,153667
1110,ME,SC,228150
1110,MZ,OC,131276
1110,SC,BC,157312
1110,SC,MBC,144551
1110,SC,OC,83022
1110,SC,SC,161503
1112,AL,BC,44553
1112,AL,MBC,53356
1112,AL,OC,38610
1112,AL,SC,139857
1112,AL,ST,125766
1112,CB,BC,62373
1112,CB,MBC,58450
1112,CB,OC,40381
1112,CB,SC,140214
1112,CB,ST,169256
1112,CS,BC,59321
1112,CS,MBC,49955
1112,CS,OC,31207
1112,CS,SC,118003
1112,CS,SCA,197392
1112,CS,ST,91812
1112,EC,BC,61503
1112,EC,MBC,54443
1112,EC,OC,37328
1112,EC,SC,110908
1112,EC,SCA,167733
1112,IT,BC,56985
1112,IT,MBC,55048
1112,IT,OC,38509
1112,IT,SC,130287
1112,IT,SCA,170316
1113,AD,BC,36506
1113,AD,MBC,43956
1113,AD,OC,22433
1113,AD,SC,109908
1113,AD,SCA,129343
1113,CB,BC,60069
1113,CB,MBC,48014
1113,CB,OC,31787
1113,CB,SC,128665
1113,CB,SCA,160190
1113,CD,BC,65827
1113,CD,MBC,55213
1113,CD,OC,34253
1113,CD,SC,111041
1113,CD,SCA,134148
1113,CE,BC,145497
1113,CE,MBC,112447
1113,CE,OC,58585
1113,CE,SC,131845
1113,CE,SCA,216015
1113,CS,BC,27585
1113,CS,MBC,30644
1113,CS,OC,14296
1113,CS,SC,56433
1113,CS,SCA,222314
1113,CS,ST,51576
1113,EA,BC,39229
1113,EA,MBC,50485
1113,EA,OC,32857
1113,EA,SC,141172
1113,EA,SCA,186479
1113,EA,ST,201994
1113,EC,BC,47956
1113,EC,MBC,41316
1113,EC,OC,23251
1113,EC,SC,79129
1113,EC,SCA,161633
1113,EC,ST,131105
1113,EE,BC,84655
1113,EE,MBC,56481
1113,EE,OC,39658
1113,EE,SC,115612
1113,EV,BC,44484
1113,EV,MBC,55744
1113,EV,OC,36783
1113,EV,SC,141352
1113,EV,ST,219786
1113,IT,BC,59055
1113,IT,MBC,40159
1113,IT,OC,24080
1113,IT,SC,98788
1113,IT,SCA,128624
1113,IT,ST,187730
1113,ME,BC,95553
1113,ME,MBC,70540
1113,ME,OC,48361
1113,ME,SC,119774
1114,AD,BC,105749
1114,AD,MBC,110115
1114,AD,OC,68554
1114,AD,SC,148670
1114,AD,SCA,132048
1114,AM,BC,104806
1114,AM,MBC,121286
1114,AM,OC,73920
1114,AM,SC,146114
1114,AM,SCA,188950
1114,CB,BC,109942
1114,CB,MBC,121831
1114,CB,OC,82661
1114,CB,SC,174014
1114,CE,BC,256415
1114,CE,MBC,224647
1114,CE,OC,132931
1114,CE,SC,182073
1114,CS,BC,97024
1114,CS,MBC,107729
1114,CS,OC,69317
1114,CS,SC,155913
1114,CS,SCA,245212
1114,EC,BC,117542
1114,EC,MBC,119855
1114,EC,OC,80955
1114,EC,SC,172971
1114,EC,SCA,213199
1114,EE,BC,153895
1114,EE,MBC,167616
1114,EE,OC,120270
1114,EE,SC,195278
1114,EV,BC,119986
1114,EV,MBC,137536
1114,EV,OC,110659
1114,EV,SC,192868
1114,IT,BC,120178
1114,IT,MBC,123613
1114,IT,OC,89646
1114,IT,SC,159420
1114,IT,ST,144899
1114,ME,BC,179104
1114,ME,MBC,169279
1114,ME,OC,146666
1114,ME,SC,204977
1114,SC,BC,101336
1114,SC,MBC,113447
1114,SC,OC,81300
1114,SC,SC,162577
1114,SC,SCA,196767
1115,AD,BC,186450
1115,AD,MBC,212361
1115,AD,OC,136058
1115,AD,SC,242917
1115,AM,BC,197636
1115,AM,MBC,232582
1115,AM,OC,113534
1115,AM,SC,176213
1115,CB,BC,226045
1115,CB,MBC,233889
1115,CB,OC,196032
1115,CS,BC,171600
1115,CS,MBC,172059
1115,CS,OC,117245
1115,CS,SC,224010
1115,EC,BC,154955
1115,EC,MBC,194931
1115,EC,OC,103786
1115,EC,SC,218954
1115,EE,OC,242908
1115,ME,OC,214036
1115,SC,BC,224889
1115,SC,MBC,221077
1115,SC,OC,152523
1115,SC,SC,199314
1116,AD,BC,99899
1116,AD,MBC,122001
1116,AD,OC,96910
1116,AD,SC,219503
1116,AM,BC,123887
1116,AM,MBC,124176
1116,AM,OC,98466
1116,AM,SC,226079
1116,CE,OC,168626
1116,CS,BC,119066
1116,CS,MBC,81409
1116,CS,OC,72122
1116,CS,SC,191238
1116,CS,SCA,153451
1116,EC,BC,235055
1116,EC,MBC,141167
1116,EC,OC,95158
1116,EC,SC,211371
1116,EE,BC,222618
1116,EE,MBC,223635
1116,EE,OC,190389
1116,IT,BC,119113
1116,IT,MBC,110383
1116,IT,OC,106952
1116,IT,SC,245121
1116,ME,OC,245045
1116,SC,BC,170137
1116,SC,MBC,116221
1116,SC,OC,98531
1116,SC,SC,230742
1116,SC,ST,238218
1118,AD,BC,70997
1118,AD,MBC,81518
1118,AD,OC,54636
1118,AD,SC,143772
1118,AD,SCA,142423
1118,BM,BC,139096
1118,BM,MBC,163586
1118,BM,OC,98636
1118,BM,SC,187698
1118,BM,ST,169983
1118,CB,BC,86642
1118,CB,MBC,98728
1118,CB,OC,77915
1118,CB,SC,167599
1118,CS,BC,65129
1118,CS,MBC,74765
1118,CS,OC,50595
1118,CS,SC,134122
1118,CS,SCA,187258
1118,CS,ST,148545
1118,EC,BC,74597
1118,EC,MBC,88580
1118,EC,OC,57927
1118,EC,SC,137680
1118,EC,SCA,230341
1118,EE,BC,118086
1118,EE,MBC,99979
1118,EE,OC,77184
1118,EE,SC,178636
1118,EE,SCA,184704
1118,EE,ST,136991
1118,IT,BC,82545
1118,IT,MBC,86128
1118,IT,OC,68921
1118,IT,SC,152501
1118,IT,SCA,137981
1118,ME,BC,136450
1118,ME,MBC,132578
1118,ME,OC,98681
1118,ME,SC,184870
1118,ME,SCA,193360
1118,SC,BC,75527
1118,SC,MBC,73132
1118,SC,OC,59741
1118,SC,SC,146399
1118,SC,SCA,173728
1120,AD,BC,59217
1120,AD,MBC,69256
1120,AD,OC,44915
1120,AD,SC,132031
1120,AD,SCA,225261
1120,AD,ST,61762
1120,AU,BC,130674
1120,AU,MBC,156709
1120,AU,OC,102908
1120,AU,SC,209635
1120,CE,BC,160583
1120,CE,MBC,98065
1120,CE,OC,48588
1120,CE,SC,126428
1120,CE,ST,194560
1120,CS,BC,62270
1120,CS,MBC,65183
1120,CS,OC,37138
1120,CS,SC,135389
1120,CS,SCA,224942
1120,CS,ST,95313
1120,EC,BC,85055
1120,EC,MBC,74972
1120,EC,OC,54215
1120,EC,SC,154498
1120,EC,ST,132259
1120,EE,BC,97629
1120,EE,MBC,87856
1120,EE,OC,62389
1120,EE,SC,159372
1120,EI,BC,88026
1120,EI,MBC,99100
1120,EI,OC,83160
1120,EI,SC,147735
1120,IT,BC,61183
1120,IT,MBC,73775
1120,IT,OC,48366
1120,IT,SC,141571
1120,IT,SCA,229839
1120,IT,ST,232788
1120,ME,BC,137591
1120,ME,MBC,103701
1120,ME,OC,81351
1120,ME,SC,185731
1120,ME,SCA,221189
1120,SC,BC,59596
1120,SC,MBC,70005
1120,SC,OC,48521
1120,SC,SC,137000
1120,SC,SCA,196982
1121,AD,OC,214151
1121,CE,OC,175113
1121,CS,BC,194921
1121,CS,MBC,179094
1121,CS,OC,166100
1121,CS,SC,192844
1121,EC,OC,163779
1121,SC,OC,164376
1122,AD,BC,84533
1122,AD,MBC,89958
1122,AD,OC,61797
1122,AD,SC,146759
1122,AD,SCA,231275
1122,AM,BC,83602
1122,AM,MBC,92954
1122,AM,OC,63424
1122,AM,SC,149046
1122,AM,SCA,178003
1122,AM,ST,145325
1122,BT,BC,155436
1122,BT,MBC,148254
1122,BT,OC,108380
1122,BT,SC,203464
1122,CE,BC,201234
1122,CE,MBC,220976
1122,CE,OC,130987
1122,CE,SC,206206
1122,CH,BC,174698
1122,CH,MBC,195145
1122,CH,OC,106398
1122,CH,SC,235291
1122,CH,SCA,140099
1122,CS,BC,71878
1122,CS,MBC,84167
1122,CS,OC,46382
1122,CS,SC,146247
1122,CS,SCA,247651
1122,CS,ST,180943
1122,EC,BC,91783
1122,EC,MBC,97200
1122,EC,OC,67509
1122,EC,SC,159487
1122,IT,BC,89051
1122,IT,MBC,95186
1122,IT,OC,68966
1122,IT,SC,157969
1122,IT,SCA,160962
1122,ME,BC,132887
1122,ME,MBC,142040
1122,ME,OC,100856
1122,ME,SC,189499
1122,ME,ST,171288
1123,AD,BC,243326
1123,AD,MBC,200436
1123,AD,OC,148044
1123,AD,SC,199552
1123,AE,BC,223668
1123,AE,MBC,205196
1123,AE,OC,170387
1123,AE,SC,236425
1123,AE,SCA,180283
1123,AM,BC,230827
1123,AM,MBC,231639
1123,AM,OC,176184
1123,AM,SC,225191
1123,BT,BC,233837
1123,BT,MBC,185206
1123,BT,OC,118245
1123,BT,SC,211712
1123,CB,BC,237409
1123,CB,MBC,244551
1123,CB,OC,227646
1123,CB,SC,237574
1123,CO,BC,246983
1123,CO,MBC,203943
1123,CO,OC,183299
1123,CO,SC,197144
1123,CS,BC,156063
1123,CS,MBC,238460
1123,CS,OC,125420
1123,CS,SC,180632
1123,EC,BC,210390
1123,EC,MBC,199615
1123,EC,OC,136794
1123,EC,SC,201559
1123,IT,BC,243043
1123,IT,MBC,237571
1123,IT,OC,160730
1123,IT,SC,224243
1123,MD,BC,242903
1123,MD,MBC,246021
1123,MD,OC,232532
1123,MD,SC,241879
1123,MD,ST,173559
1123,MU,BC,242684
1123,MU,MBC,216887
1123,MU,OC,207980
1123,MU,SC,243789
1123,PH,BC,197328
1123,PH,MBC,237661
1123,PH,OC,182279
1123,PH,SC,192903
1123,RM,BC,235732
1123,RM,MBC,238718
1123,RM,OC,209389
1123,RM,SC,222146
1123,SC,BC,219387
1123,SC,MBC,235959
1123,SC,OC,157250
1123,SC,SC,198860
1123,SC,SCA,184530
1124,AD,OC,235548
1124,AE,OC,222496
1124,CS,OC,220341
1124,ME,OC,174536
1124,MR,BC,67457
1124,MR,OC,114377
1124,SC,OC,169653
1125,AD,OC,157857
1125,CS,OC,149213
1125,SC,OC,187656
1126,AD,BC,124500
1126,AD,MBC,150232
1126,AD,OC,79203
1126,AD,SC,243591
1126,AD,ST,185106
1126,AG,BC,188367
1126,AG,MBC,167005
1126,AG,OC,158127
1126,AG,SC,209868
1126,BM,BC,218001
1126,BM,MBC,170766
1126,BM,OC,119692
1126,BM,SC,138872
1126,CS,BC,102578
1126,CS,MBC,116051
1126,CS,OC,68008
1126,CS,SC,206728
1126,CS,SCA,226771
1126,CS,ST,205009
1126,EC,BC,98087
1126,EC,MBC,125870
1126,EC,OC,56436
1126,EC,SC,214045
1126,EV,BC,139284
1126,EV,MBC,173968
1126,EV,OC,107673
1126,EV,SC,245475
1126,RM,BC,210621
1126,RM,MBC,180687
1126,RM,OC,112174
1126,RM,SC,192565
1126,SC,BC,128023
1126,SC,MBC,127130
1126,SC,OC,66619
1126,SC,SC,239370
1126,SC,SCA,226565
1127,AD,BC,220083
1127,AD,MBC,245612
1127,AD,OC,156136
1127,AD,SC,228281
1127,AD,SCA,175362
1127,BT,BC,212063
1127,BT,MBC,196944
1127,BT,OC,209489
1127,BT,SC,230861
1127,CB,BC,235681
1127,CB,MBC,223647
1127,CB,OC,184431
1127,CB,SC,237922
1127,CH,BC,192711
1127,CH,MBC,145591
1127,CH,OC,136114
1127,CH,SC,241441
1127,CH,SCA,177912
1127,CS,BC,228822
1127,CS,MBC,227326
1127,CS,OC,143517
1127,CS,SC,217924
1127,EC,BC,228584
1127,EC,MBC,232212
1127,EC,OC,165183
1127,EC,SC,219752
1127,EE,BC,235468
1127,EE,MBC,226852
1127,EE,OC,188278
1127,EE,SC,233469
1127,IT,BC,239611
1127,IT,MBC,235676
1127,IT,OC,169552
1127,IT,SC,244557
1127,ME,BC,228214
1127,ME,MBC,235903
1127,ME,OC,190420
1127,ME,SC,238069
1128,AD,BC,59952
1128,AD,MBC,61751
1128,AD,OC,45276
1128,AD,SC,127504
1128,AD,SCA,134986
1128,AD,ST,166439
1128,CS,BC,66154
1128,CS,MBC,59192
1128,CS,OC,42017
1128,CS,SC,131896
1128,CS,SCA,227343
1128,CS,ST,172484
1128,EC,BC,68565
1128,EC,MBC,65744
1128,EC,OC,44355
1128,EC,SC,139156
1128,EC,ST,203725
1128,EV,BC,79433
1128,EV,MBC,74233
1128,EV,OC,53350
1128,EV,SC,165696
1128,SC,BC,53804
1128,SC,MBC,67673
1128,SC,OC,42086
1128,SC,SC,110984
1128,SC,SCA,151203
1133,AD,BC,187576
1133,AD,MBC,231139
1133,AD,OC,179209
1133,AD,SC,221575
1133,CS,BC,235747
1133,CS,MBC,246673
1133,CS,OC,185156
1133,CS,SC,187052
1133,CS,SCA,137375
1133,CS,ST,195773
1133,EC,BC,174216
1133,EC,MBC,242570
1133,EC,OC,238313
1133,EC,SC,247441
1133,ME,OC,249474
1137,AD,BC,134539
1137,AD,MBC,134744
1137,AD,OC,104012
1137,AD,SC,159936
1137,AD,SCA,210454
1137,AD,ST,255595
1137,CE,BC,241820
1137,CE,MBC,223184
1137,CE,OC,187312
1137,CE,SC,205110
1137,CS,BC,140435
1137,CS,MBC,133906
1137,CS,OC,81869
1137,CS,SC,214063
1137,CS,SCA,192415
1137,EC,BC,136798
1137,EC,MBC,124780
1137,EC,OC,88901
1137,EC,SC,230127
1137,EC,SCA,143583
1137,EE,BC,147136
1137,EE,MBC,141106
1137,EE,OC,134387
1137,EE,SC,214596
1137,IT,BC,220846
1137,IT,MBC,142046
1137,IT,OC,94891
1137,IT,SC,209958
1137,IT,SCA,179732
1137,IT,ST,119286
1137,ME,BC,237293
1137,ME,MBC,233245
1137,ME,OC,190892
1137,ME,SC,238364
1137,ME,SCA,238187
1140,AD,BC,97735
1140,AD,MBC,101229
1140,AD,OC,48261
1140,AD,SC,156561
1140,AD,SCA,182527
1140,CB,BC,89485
1140,CB,MBC,100738
1140,CB,OC,71987
1140,CB,SC,153286
1140,CS,BC,95128
1140,CS,MBC,102331
1140,CS,OC,55394
1140,CS,SC,174826
1140,CS,ST,177031
1140,EC,BC,84145
1140,EC,MBC,101705
1140,EC,OC,56193
1140,EC,SC,153802
1140,IT,BC,110531
1140,IT,MBC,112610
1140,IT,OC,73152
1140,IT,SC,179823
1140,IT,ST,219079
1140,ME,BC,148612
1140,ME,MBC,162901
1140,ME,OC,115049
1140,ME,SC,217866
1149,AD,BC,63690
1149,AD,MBC,55038
1149,AD,OC,41633
1149,AD,SC,135222
1149,AD,SCA,175633
1149,AD,ST,206231
1149,AM,BC,50560
1149,AM,MBC,56846
1149,AM,OC,38218
1149,AM,SC,136783
1149,CS,BC,45702
1149,CS,MBC,54516
1149,CS,OC,38363
1149,CS,SC,126443
1149,CS,SCA,186502
1149,CS,ST,190158
1149,EC,BC,49088
1149,EC,MBC,54171
1149,EC,OC,39565
1149,EC,SC,134642
1149,EC,ST,158800
1149,EE,BC,70832
1149,EE,MBC,71622
1149,EE,OC,54365
1149,EE,SC,106239
1149,IT,BC,55878
1149,IT,MBC,57267
1149,IT,OC,46996
1149,IT,SC,136377
1149,IT,SCA,127268
1149,ME,BC,96961
1149,ME,MBC,83696
1149,ME,OC,58618
1149,ME,SC,159944
1149,SC,BC,48510
1149,SC,MBC,52617
1149,SC,OC,42605
1149,SC,SC,145861
1149,SC,SCA,72669
1150,AD,OC,221496
1150,AG,OC,241999
1150,BM,OC,248113
1150,CS,OC,240945
1150,FD,OC,109117
1150,ME,OC,239007
1202,AD,BC,219901
1202,AD,MBC,182824
1202,AD,OC,143313
1202,AD,SC,225096
1202,AD,SCA,163390
1202,AM,BC,200914
1202,AM,MBC,213023
1202,AM,OC,154339
1202,AM,SC,211637
1202,CE,BC,217422
1202,CE,MBC,237163
1202,CE,OC,207673
1202,CE,SC,226659
1202,CS,BC,191418
1202,CS,MBC,203153
1202,CS,OC,134577
1202,CS,SC,186891
1202,CS,SCA,188188
1202,CS,ST,227655
1202,EC,BC,200759
1202,EC,MBC,227471
1202,EC,OC,127856
1202,EC,SC,205175
1202,EC,SCA,136333
1202,EE,BC,210486
1202,EE,MBC,239960
1202,EE,OC,207724
1202,EE,SC,233119
1202,IT,BC,200515
1202,IT,MBC,222627
1202,IT,OC,147201
1202,IT,SC,223469
1202,IT,SCA,224620
1202,ME,BC,201923
1202,ME,MBC,239713
1202,ME,OC,189287
1202,ME,SC,235971
1203,AD,BC,220076
1203,AD,MBC,206746
1203,AD,OC,132115
1203,AD,SC,221979
1203,AM,BC,230390
1203,AM,MBC,218227
1203,AM,OC,184668
1203,AM,SC,211472
1203,CB,OC,221096
1203,CS,BC,221790
1203,CS,MBC,227733
1203,CS,OC,102154
1203,CS,SC,231603
1203,CS,SCA,216070
1203,IT,BC,228058
1203,IT,MBC,232171
1203,IT,OC,179770
1203,IT,SC,210172
1203,IT,SCA,181535
1203,SC,BC,238275
1203,SC,OC,198036
1203,SC,SC,236274
1205,CS,OC,150208
1207,AD,BC,190815
1207,AD,MBC,177600
1207,AD,OC,137787
1207,AD,SC,213739
1207,AM,BC,182211
1207,AM,MBC,142541
1207,AM,OC,121137
1207,AM,SC,231059
1207,BM,BC,228345
1207,BM,MBC,230575
1207,BM,OC,163032
1207,BM,SC,205194
1207,CS,BC,232940
1207,CS,MBC,178982
1207,CS,OC,132113
1207,CS,SC,233636
1207,CS,SCA,144614
1207,EC,BC,191769
1207,EC,MBC,215964
1207,EC,OC,141677
1207,EC,SC,209984
1207,IT,BC,219909
1207,IT,MBC,198610
1207,IT,OC,176467
1207,IT,SC,242271
1207,ME,BC,233463
1207,ME,MBC,238182
1207,ME,OC,211579
1207,ME,SC,227785
1207,RM,BC,199202
1207,RM,MBC,241970
1207,RM,OC,182206
1207,RM,SC,184465
1207,RM,SCA,175510
1209,CE,OC,231348
1209,CS,OC,246548
1209,EC,OC,221995
1209,EE,OC,224412
1209,IT,BC,235760
1209,IT,MBC,196606
1209,IT,OC,189192
1209,ME,OC,234083
1210,AD,BC,71227
1210,AD,MBC,70925
1210,AD,OC,49791
1210,AD,SC,144079
1210,AD,SCA,192154
1210,AD,ST,169412
1210,AL,BC,73977
1210,AL,MBC,74215
1210,AL,OC,52442
1210,AL,SC,138806
1210,AL,SCA,200368
1210,CB,BC,68567
1210,CB,MBC,75628
1210,CB,OC,56072
1210,CB,SC,152993
1210,CB,ST,201934
1210,CS,BC,59291
1210,CS,MBC,61128
1210,CS,OC,40054
1210,CS,SC,140323
1210,CS,SCA,219648
1210,CS,ST,225959
1210,EC,BC,70569
1210,EC,MBC,66594
1210,EC,OC,45311
1210,EC,SC,147548
1210,EC,SCA,194834
1210,EC,ST,146509
1210,EE,BC,85137
1210,EE,MBC,82386
1210,EE,OC,56784
1210,EE,SC,146896
1210,EE,SCA,250302
1210,EE,ST,158404
1210,IT,BC,73352
1210,IT,MBC,72440
1210,IT,OC,55079
1210,IT,SC,143054
1210,IT,SCA,245246
1210,IT,ST,235085
1210,ME,BC,90224
1210,ME,MBC,93314
1210,ME,OC,66968
1210,ME,SC,152615
1210,ME,SCA,133608
1211,AD,BC,23367
1211,AD,MBC,25439
1211,AD,OC,13202
1211,AD,SC,53048
1211,AD,SCA,129284
1211,AD,ST,111176
1211,AE,BC,35170
1211,AE,MBC,50456
1211,AE,OC,25314
1211,AE,SC,60307
1211,AE,SCA,169414
1211,AE,ST,81635
1211,AL,BC,25269
1211,AL,MBC,27822
1211,AL,OC,16834
1211,AL,SC,62436
1211,AL,SCA,159590
1211,AL,ST,101645
1211,AU,BC,60124
1211,AU,MBC,90130
1211,AU,OC,58644
1211,AU,SC,148009
1211,BM,BC,63773
1211,BM,MBC,73520
1211,BM,OC,38233
1211,BM,SC,133336
1211,BM,SCA,181260
1211,BT,BC,59790
1211,BT,MBC,69987
1211,BT,OC,37849
1211,BT,SC,114783
1211,BT,SCA,170769
1211,BT,ST,132688
1211,CB,BC,27316
1211,CB,MBC,33263
1211,CB,OC,18722
1211,CB,SC,81732
1211,CB,SCA,159825
1211,CB,ST,167873
1211,CD,BC,27966
1211,CD,MBC,35178
1211,CD,OC,20758
1211,CD,SC,66572
1211,CD,SCA,162733
1211,CD,ST,154626
1211,CE,BC,67757
1211,CE,MBC,51758
1211,CE,OC,42151
1211,CE,SC,105673
1211,CE,SCA,181355
1211,CH,BC,47078
1211,CH,MBC,47426
1211,CH,OC,25748
1211,CH,SC,66636
1211,CH,SCA,160982
1211,CS,BC,13084
1211,CS,MBC,16063
1211,CS,OC,7010
1211,CS,SC,45206
1211,CS,SCA,147007
1211,CS,ST,74869
1211,EC,BC,20146
1211,EC,MBC,24855
1211,EC,OC,11958
1211,EC,SC,49410
1211,EC,SCA,132280
1211,EC,ST,123282
1211,EE,BC,26837
1211,EE,MBC,32206
1211,EE,OC,20662
1211,EE,SC,78678
1211,EE,SCA,168549
1211,EE,ST,96951
1211,FD,BC,51484
1211,FD,MBC,83833
1211,FD,OC,42569
1211,FD,SC,125073
1211,FD,SCA,155963
1211,FD,ST,155526
1211,IT,BC,20194
1211,IT,MBC,21520
1211,IT,OC,12503
1211,IT,SC,58308
1211,IT,SCA,209266
1211,IT,ST,101683
1211,ME,BC,63820
1211,ME,MBC,51252
1211,ME,OC,28757
1211,ME,SC,120192
1211,ME,SCA,178361
1211,ME,ST,167641
1211,MZ,BC,75097
1211,MZ,MBC,48228
1211,MZ,OC,27751
1211,MZ,SC,110676
1211,MZ,SCA,202432
1211,RM,BC,35778
1211,RM,MBC,37973
1211,RM,OC,27673
1211,RM,SC,88084
1211,RM,ST,156401
1211,SC,BC,24776
1211,SC,MBC,23458
1211,SC,OC,12913
1211,SC,SC,50242
1211,SC,SCA,125344
1211,SC,ST,4422
1212,AD,BC,229853
1212,AD,MBC,203161
1212,AD,OC,145616
1212,AD,SC,239218
1212,BM,BC,192988
1212,BM,MBC,191644
1212,BM,OC,239919
1212,BM,SC,194174
1212,CS,BC,189176
1212,CS,MBC,213763
1212,CS,OC,136811
1212,CS,SC,215400
1212,EC,BC,192565
1212,EC,MBC,211714
1212,EC,OC,184298
1212,EC,SC,218442
1212,EE,OC,243300
1212,ME,OC,233914
1212,PE,BC,238978
1212,PE,MBC,228310
1212,PE,OC,218364
1213,BM,OC,155761
1213,CB,OC,152762
1213,CS,BC,149294
1213,CS,MBC,216779
1213,CS,OC,185457
1213,CS,SC,210299
1213,EC,OC,167000
1213,EE,OC,137327
1213,IT,BC,151226
1213,IT,MBC,140411
1213,IT,OC,211956
1216,AD,BC,26681
1216,AD,MBC,37585
1216,AD,OC,17472
1216,AD,SC,104723
1216,AD,SCA,201059
1216,AD,ST,148987
1216,AG,BC,180517
1216,AG,MBC,162968
1216,AG,OC,78590
1216,AG,SC,175391
1216,AL,BC,27916
1216,AL,MBC,38836
1216,AL,OC,21348
1216,AL,SC,110247
1216,AL,SCA,162913
1216,AL,ST,258017
1216,BM,BC,89562
1216,BM,MBC,92756
1216,BM,OC,48261
1216,BM,SC,120012
1216,BM,SCA,222208
1216,CE,BC,116720
1216,CE,MBC,80028
1216,CE,OC,66011
1216,CE,SC,134523
1216,CE,SCA,221357
1216,CH,BC,60433
1216,CH,MBC,59124
1216,CH,OC,41624
1216,CH,SC,179348
1216,CI,BC,39363
1216,CI,MBC,47848
1216,CI,OC,28598
1216,CI,SC,107134
1216,CS,BC,23200
1216,CS,MBC,33246
1216,CS,OC,15178
1216,CS,SC,102377
1216,CS,SCA,182677
1216,CS,ST,147675
1216,EC,BC,38566
1216,EC,MBC,39628
1216,EC,OC,18332
1216,EC,SC,108856
1216,EC,SCA,240310
1216,EC,ST,155167
1216,EE,BC,42036
1216,EE,MBC,49533
1216,EE,OC,32282
1216,EE,SC,142108
1216,EE,SCA,207431
1216,EI,BC,37953
1216,EI,MBC,87207
1216,EI,OC,38570
1216,EI,SC,139967
1216,IT,BC,25075
1216,IT,MBC,39348
1216,IT,OC,20660
1216,IT,SC,111106
1216,IT,SCA,180133
1216,IT,ST,160757
1216,MD,BC,84997
1216,MD,MBC,121293
1216,MD,OC,116041
1216,MD,SC,166293
1216,ME,BC,56494
1216,ME,MBC,73174
1216,ME,OC,47660
1216,ME,SC,140300
1216,ME,SCA,208251
1216,SC,BC,24634
1216,SC,MBC,27611
1216,SC,OC,11732
1216,SC,SC,75492
1216,SC,SCA,228465
1217,AD,BC,225064
1217,AD,MBC,231150
1217,AD,OC,181823
1217,AD,SC,237446
1217,AD,SCA,116918
1217,AL,BC,221041
1217,AL,MBC,181911
1217,AL,OC,112278
1217,AL,SC,203104
1217,AM,BC,161998
1217,AM,MBC,169715
1217,AM,OC,190558
1217,AM,SC,204734
1217,AU,OC,221197
1217,BM,OC,245992
1217,BT,OC,235412
1217,CB,MBC,219129
1217,CB,OC,215677
1217,CE,OC,192222
1217,CS,BC,248125
1217,CS,MBC,238481
1217,CS,OC,142540
1217,CS,SC,229125
1217,EC,OC,228095
1217,EC,SC,227537
1217,EE,OC,231311
1217,FD,OC,234757
1217,IT,BC,170395
1217,IT,MBC,233683
1217,IT,OC,210845
1217,IT,SC,234191
1217,MU,OC,191064
1217,SC,BC,184337
1217,SC,MBC,241096
1217,SC,OC,164505
1217,SC,SC,224457
1218,AD,BC,145688
1218,AD,MBC,223792
1218,AD,OC,95642
1218,AD,SC,181822
1218,AD,SCA,152842
1218,BM,BC,230441
1218,BM,MBC,208779
1218,BM,OC,177500
1218,BM,SC,232402
1218,CE,OC,256216
1218,CE,SC,231764
1218,CS,BC,166107
1218,CS,MBC,172403
1218,CS,OC,97679
1218,CS,SC,175939
1218,CS,SCA,190217
1218,EC,BC,146105
1218,EC,MBC,208937
1218,EC,OC,101169
1218,EC,SC,180757
1218,EE,BC,199913
1218,EE,MBC,229531
1218,EE,OC,192767
1218,EE,SC,235058
1218,IT,BC,162690
1218,IT,MBC,204819
1218,IT,OC,142330
1218,IT,SC,196777
1218,ME,BC,234429
1218,ME,MBC,228208
1218,ME,OC,205800
1218,ME,SC,238126
1218,MZ,BC,202824
1218,MZ,MBC,217361
1218,MZ,OC,196759
1218,PH,BC,217982
1218,PH,MBC,226456
1218,PH,OC,179357
1218,PH,SC,225122
1218,RM,BC,233716
1218,RM,MBC,226724
1218,RM,OC,165187
1218,RM,SC,214144
1219,AD,BC,32999
1219,AD,MBC,31139
1219,AD,OC,17151
1219,AD,SC,64784
1219,AD,SCA,41159
1219,AD,ST,102123
1219,AU,BC,89796
1219,AU,MBC,78889
1219,AU,OC,34251
1219,AU,SC,139757
1219,BT,BC,83777
1219,BT,MBC,63029
1219,BT,OC,37805
1219,BT,SC,139028
1219,BT,ST,106672
1219,CE,BC,110807
1219,CE,MBC,103632
1219,CE,OC,67307
1219,CE,SC,157967
1219,CE,SCA,98236
1219,CE,ST,148954
1219,CH,BC,61374
1219,CH,MBC,71574
1219,CH,OC,37808
1219,CH,SC,112537
1219,CH,SCA,49372
1219,CS,BC,28528
1219,CS,MBC,23678
1219,CS,OC,9491
1219,CS,SC,56496
1219,CS,SCA,110697
1219,CS,ST,57644
1219,EC,BC,35481
1219,EC,MBC,30776
1219,EC,OC,16748
1219,EC,SC,68756
1219,EC,SCA,187486
1219,EC,ST,138178
1219,EE,BC,50771
1219,EE,MBC,46787
1219,EE,OC,30373
1219,EE,SC,106112
1219,EE,SCA,166724
1219,EE,ST,110222
1219,IT,BC,34070
1219,IT,MBC,30821
1219,IT,OC,17739
1219,IT,SC,77128
1219,IT,SCA,126696
1219,IT,ST,137099
1219,MB,BC,84389
1219,MB,MBC,90408
1219,MB,OC,59795
1219,MB,SC,142360
1219,ME,BC,52664
1219,ME,MBC,63861
1219,ME,OC,36434
1219,ME,SC,102598
1219,ME,SCA,226736
1219,MR,BC,40954
1219,MR,MBC,45526
1219,MR,OC,230277
1219,MR,SCA,57492
1219,MU,BC,84956
1219,MU,MBC,82431
1219,MU,OC,54194
1219,MU,SC,172203
1219,MU,SCA,233911
1221,CS,BC,223963
1221,CS,MBC,237971
1221,CS,OC,201181
1221,CS,SC,214152
1221,EC,OC,239964
1221,MD,OC,121474
1221,ME,OC,172408
1222,AD,BC,218726
1222,AD,MBC,174251
1222,AD,OC,141883
1222,AD,SC,152541
1222,AE,BC,148782
1222,AE,MBC,183508
1222,AE,OC,235564
1222,AU,OC,225011
1222,CS,BC,247652
1222,CS,MBC,201662
1222,CS,OC,247329
1222,CS,SC,150969
1222,EC,BC,231607
1222,EC,MBC,237807
1222,EC,OC,236721
1222,EE,OC,200132
1222,IT,BC,200686
1222,IT,MBC,150521
1222,IT,OC,228402
1222,IT,SC,150285
1222,IT,SCA,152657
1222,ME,OC,246535
1222,SC,OC,227756
1225,AD,BC,128691
1225,AD,MBC,122922
1225,AD,OC,79372
1225,AD,SC,140160
1225,AD,SCA,175335
1225,AD,ST,83008
1225,CS,BC,107687
1225,CS,MBC,116962
1225,CS,OC,72894
1225,CS,SC,164966
1225,CS,SCA,105236
1225,EC,BC,133460
1225,EC,MBC,128091
1225,EC,OC,90748
1225,EC,SC,175592
1225,EC,SCA,176623
1225,EE,BC,156257
1225,EE,MBC,191041
1225,EE,OC,131223
1225,EE,SC,186765
1225,EE,SCA,225324
1225,IT,BC,140285
1225,IT,MBC,134699
1225,IT,OC,104131
1225,IT,SC,167316
1225,IT,SCA,229954
1225,ME,BC,197225
1225,ME,MBC,209225
1225,ME,OC,131825
1225,ME,SC,238792
1225,SC,BC,116737
1225,SC,MBC,130248
1225,SC,OC,83618
1225,SC,SC,147376
1225,SC,SCA,159815
1226,AD,BC,239174
1226,AD,MBC,133514
1226,AD,OC,106702
1226,AD,SC,208812
1226,AD,SCA,193013
1226,CS,BC,234494
1226,CS,MBC,111283
1226,CS,OC,92559
1226,CS,SC,247155
1226,CS,SCA,176052
1226,EC,BC,232835
1226,EC,MBC,130125
1226,EC,OC,111326
1226,EC,SC,239885
1226,EE,BC,188275
1226,EE,MBC,162318
1226,EE,OC,136797
1226,EE,SC,247238
1226,EE,SCA,175889
1226,IT,BC,239588
1226,IT,MBC,98787
1226,IT,OC,85622
1226,IT,SC,235591
1226,IT,SCA,173168
1226,ME,BC,248192
1226,ME,MBC,186329
1226,ME,OC,155805
1226,ME,SC,239239
1228,AD,BC,226085
1228,AD,MBC,230183
1228,AD,OC,147275
1228,AD,SC,226194
1228,BM,OC,196474
1228,CS,BC,235636
1228,CS,MBC,216387
1228,CS,OC,133655
1228,CS,SC,234270
1228,CS,SCA,124129
1228,EC,BC,242664
1228,EC,MBC,234619
1228,EC,OC,202783
1228,EC,SC,249739
1228,IT,BC,212431
1228,IT,MBC,178999
1228,IT,OC,249766
1228,IT,SC,222535
1228,IT,SCA,129931
1228,RM,MBC,212273
1228,RM,OC,201222
1228,RM,SC,220809
1228,SC,BC,230822
1228,SC,MBC,238028
1228,SC,OC,161930
1228,SC,SC,221589
1229,AD,BC,235073
1229,AD,OC,224386
1229,AD,SC,222448
1229,CS,BC,229380
1229,CS,MBC,246977
1229,CS,OC,220241
1229,CS,SC,213407
1229,CS,SCA,127831
1229,EC,OC,238085
1229,EE,OC,235328
1229,ME,OC,152395
1230,AD,BC,240019
1230,AD,MBC,243676
1230,AD,OC,179816
1230,AD,SC,246235
1230,AE,OC,231819
1230,CB,BC,253378
1230,CB,MBC,245801
1230,CB,OC,222535
1230,CB,SC,248546
1230,CS,BC,221770
1230,CS,MBC,226674
1230,CS,OC,148590
1230,CS,SC,175846
1230,EC,BC,243156
1230,EC,MBC,235723
1230,EC,OC,168106
1230,EC,SC,242940
1230,EE,OC,231949
1230,EE,SC,236550
1230,ME,OC,155077
1230,SC,OC,190249
1230,SC,SC,238693
1232,AD,OC,226672
1232,CS,OC,211958
1232,EC,OC,245950
1232,EE,OC,145376
1232,IT,OC,203293
1232,ME,OC,237007
1232,SC,OC,95047
1233,AD,BC,162978
1233,AD,MBC,195454
1233,AD,OC,141849
1233,AD,SC,185043
1233,CS,BC,241521
1233,CS,MBC,221102
1233,CS,OC,148031
1233,CS,SC,245075
1233,CS,SCA,211315
1233,EC,BC,225517
1233,EC,MBC,206979
1233,EC,OC,180394
1233,EC,SC,228044
1233,EC,ST,165097
1233,EE,BC,243493
1233,EE,MBC,249251
1233,EE,OC,187350
1233,EE,SC,228775
1233,IT,BC,219598
1233,IT,MBC,227568
1233,IT,OC,163867
1233,IT,SC,235404
1233,ME,BC,240106
1233,ME,MBC,236002
1233,ME,OC,221576
1233,ME,SC,235479
1235,CS,OC,218376
1235,EC,OC,259891
1235,EE,OC,195991
1235,IT,OC,248147
1235,ME,OC,196849
1237,AD,BC,114241
1237,AD,MBC,117701
1237,AD,OC,72119
1237,AD,SC,152839
1237,AD,ST,220596
1237,CS,BC,102594
1237,CS,MBC,115010
1237,CS,OC,72971
1237,CS,SC,173043
1237,CS,SCA,130900
1237,EC,BC,119405
1237,EC,MBC,117262
1237,EC,OC,79013
1237,EC,SC,183961
1237,EC,ST,230281
1237,EE,BC,127672
1237,EE,MBC,131952
1237,EE,OC,97451
1237,EE,SC,174549
1237,IT,BC,101850
1237,IT,MBC,109853
1237,IT,OC,85313
1237,IT,SC,180563
1237,IT,SCA,221168
1237,ME,BC,147894
1237,ME,MBC,159227
1237,ME,OC,97678
1237,ME,SC,183823
1237,MZ,BC,131792
1237,MZ,MBC,144529
1237,MZ,OC,126942
1237,MZ,SC,145270
1238,AD,BC,228983
1238,AD,MBC,208120
1238,AD,OC,128479
1238,AD,SC,241846
1238,AD,SCA,158712
1238,BM,BC,238028
1238,BM,MBC,247309
1238,BM,OC,208546
1238,BM,SC,170961
1238,CS,BC,226555
1238,CS,MBC,214017
1238,CS,OC,110150
1238,CS,SC,237380
1238,CS,SCA,174889
1238,EC,BC,209439
1238,EC,MBC,222458
1238,EC,OC,161109
1238,EC,SC,244205
1238,EE,MBC,232381
1238,EE,OC,207137
1238,EE,SC,209595
1238,IT,BC,228970
1238,IT,MBC,199034
1238,IT,OC,142460
1238,IT,SC,247902
1238,ME,BC,220416
1238,ME,MBC,226826
1238,ME,OC,196257
1238,ME,SC,222900
1241,AD,BC,182002
1241,AD,MBC,212113
1241,AD,OC,136305
1241,AD,SC,226409
1241,AM,BC,243201
1241,AM,MBC,189396
1241,AM,OC,141381
1241,AM,SC,241674
1241,CS,BC,215459
1241,CS,MBC,220405
1241,CS,OC,127154
1241,CS,SC,215129
1241,CS,SCA,245535
1241,CS,ST,112600
1241,EC,BC,243073
1241,EC,MBC,229907
1241,EC,OC,179996
1241,EC,SC,241549
1241,EE,BC,231260
1241,EE,MBC,222446
1241,EE,OC,220909
1241,EE,SC,235226
1241,IT,BC,251632
1241,IT,MBC,232796
1241,IT,OC,188907
1241,IT,SC,239846
1241,ME,BC,227520
1241,ME,MBC,233378
1241,ME,OC,220206
1241,ME,SC,239023
1243,AD,BC,196215
1243,AD,MBC,190054
1243,AD,OC,245388
1243,AD,SC,196523
1243,CS,BC,181528
1243,CS,MBC,154275
1243,CS,OC,246296
1243,CS,SC,183578
1243,EC,OC,242167
1243,IT,OC,179783
1243,ME,OC,134814
1243,SC,OC,229181
1301,AD,BC,201020
1301,AD,MBC,173712
1301,AD,OC,94815
1301,AD,SC,213300
1301,AD,SCA,233687
1301,AM,BC,226122
1301,AM,MBC,206793
1301,AM,OC,164497
1301,AM,SC,182276
1301,CB,BC,220240
1301,CB,MBC,224257
1301,CB,OC,141436
1301,CB,SC,214781
1301,CE,BC,236667
1301,CE,OC,184437
1301,CS,BC,140971
1301,CS,MBC,166703
1301,CS,OC,86904
1301,CS,SC,228856
1301,EA,BC,232425
1301,EA,MBC,227733
1301,EA,OC,156413
1301,EA,SC,208819
1301,EC,BC,215096
1301,EC,MBC,219907
1301,EC,OC,150554
1301,EC,SC,231197
1301,EE,BC,251881
1301,EE,MBC,236171
1301,EE,OC,167099
1301,EE,SC,221768
1301,EV,BC,230791
1301,EV,MBC,191000
1301,EV,OC,147587
1301,EV,SC,234785
1301,IT,BC,187870
1301,IT,MBC,208424
1301,IT,OC,141550
1301,IT,SC,227874
1301,ME,BC,228153
1301,ME,MBC,193268
1301,ME,OC,164797
1301,SC,BC,189223
1301,SC,MBC,161897
1301,SC,OC,118438
1301,SC,SC,216102
1303,AD,BC,184049
1303,AD,MBC,159166
1303,AD,OC,115269
1303,AD,SC,203562
1303,AG,MBC,92632
1303,AG,OC,181345
1303,BT,BC,214211
1303,BT,MBC,218917
1303,BT,OC,214722
1303,BT,SC,239900
1303,CB,BC,224934
1303,CB,MBC,245567
1303,CB,OC,182901
1303,CB,SC,217883
1303,CS,BC,203398
1303,CS,MBC,179069
1303,CS,OC,124581
1303,CS,SC,215475
1303,CS,SCA,226009
1303,CS,ST,158314
1303,EC,BC,236539
1303,EC,MBC,228006
1303,EC,OC,168763
1303,EC,SC,228570
1303,EE,BC,210942
1303,EE,MBC,224167
1303,EE,OC,202277
1303,EE,SC,225000
1303,IT,BC,221864
1303,IT,MBC,198434
1303,IT,OC,149842
1303,IT,SC,208247
1303,IT,SCA,114338
1303,IT,ST,185182
1303,ME,MBC,232159
1303,ME,OC,237823
1303,ME,SC,231399
1303,SC,BC,222038
1303,SC,MBC,229565
1303,SC,OC,166003
1303,SC,SC,201083
1304,AD,BC,41247
1304,AD,MBC,42311
1304,AD,OC,27265
1304,AD,SC,96441
1304,AD,SCA,156621
1304,AD,ST,161530
1304,AM,BC,36797
1304,AM,MBC,39393
1304,AM,OC,25650
1304,AM,SC,86469
1304,AM,SCA,226667
1304,AM,ST,166973
1304,AU,BC,69625
1304,AU,MBC,90065
1304,AU,OC,67848
1304,AU,SC,153321
1304,AU,SCA,128309
1304,BM,BC,67500
1304,BM,MBC,86547
1304,BM,OC,42086
1304,BM,SC,155990
1304,BM,SCA,100049
1304,BT,BC,88944
1304,BT,MBC,66134
1304,BT,OC,41548
1304,BT,SC,136636
1304,BT,SCA,183129
1304,CB,BC,35890
1304,CB,MBC,45815
1304,CB,OC,25285
1304,CB,SC,104010
1304,CB,SCA,146657
1304,CD,BC,39243
1304,CD,MBC,43720
1304,CD,OC,30015
1304,CD,SC,105672
1304,CD,SCA,178897
1304,CE,BC,127054
1304,CE,MBC,70183
1304,CE,OC,54461
1304,CE,SC,110258
1304,CS,BC,31924
1304,CS,MBC,32911
1304,CS,OC,18306
1304,CS,SC,68576
1304,CS,SCA,133924
1304,CS,ST,131875
1304,EC,BC,33862
1304,EC,MBC,38762
1304,EC,OC,22486
1304,EC,SC,95350
1304,EC,SCA,168779
1304,EC,ST,122874
1304,EE,BC,46393
1304,EE,MBC,48753
1304,EE,OC,36648
1304,EE,SC,126328
1304,EE,SCA,189541
1304,IT,BC,38581
1304,IT,MBC,42067
1304,IT,OC,28423
1304,IT,SC,90307
1304,IT,SCA,190612
1304,IT,ST,148829
1304,ME,BC,77785
1304,ME,MBC,78660
1304,ME,OC,57243
1304,ME,SC,130899
1304,ME,SCA,204176
1304,ME,ST,227412
1304,RM,BC,45244
1304,RM,MBC,62073
1304,RM,OC,36775
1304,RM,SC,96049
1304,SC,BC,36969
1304,SC,MBC,32230
1304,SC,OC,26914
1304,SC,SC,88138
1304,SC,SCA,157581
1304,SC,ST,159935
1306,AD,BC,84353
1306,AD,MBC,82143
1306,AD,OC,56914
1306,AD,SC,155934
1306,AD,SCA,206881
1306,AM,BC,75209
1306,AM,MBC,79118
1306,AM,OC,62406
1306,AM,SC,161675
1306,AM,SCA,174286
1306,AO,BC,126322
1306,AO,MBC,128761
1306,AO,OC,104336
1306,AO,SC,119911
1306,BT,BC,168403
1306,BT,MBC,122900
1306,BT,OC,82748
1306,BT,SC,157116
1306,CS,BC,73111
1306,CS,MBC,75096
1306,CS,OC,53915
1306,CS,SC,152858
1306,CS,SCA,233325
1306,CS,ST,223899
1306,EC,BC,86829
1306,EC,MBC,90412
1306,EC,OC,60366
1306,EC,SC,154838
1306,EC,SCA,230900
1306,EE,BC,103354
1306,EE,MBC,91670
1306,EE,OC,80346
1306,EE,SC,160701
1306,IT,BC,84057
1306,IT,MBC,83624
1306,IT,OC,64765
1306,IT,SC,166712
1306,IT,ST,130660
1306,ME,BC,178965
1306,ME,MBC,156479
1306,ME,OC,125793
1306,ME,SC,216501
1307,AD,BC,100247
1307,AD,MBC,95750
1307,AD,OC,69216
1307,AD,SC,140676
1307,AD,SCA,234407
1307,AM,BC,134757
1307,AM,MBC,121066
1307,AM,OC,79719
1307,AM,SC,160200
1307,AM,SCA,130001
1307,BM,BC,198835
1307,BM,MBC,229987
1307,BM,OC,146838
1307,BM,SC,222354
1307,BM,SCA,160102
1307,CB,BC,112369
1307,CB,MBC,113272
1307,CB,OC,86237
1307,CB,SC,162065
1307,CS,BC,108056
1307,CS,MBC,105833
1307,CS,OC,67344
1307,CS,SC,149395
1307,CS,SCA,129493
1307,CS,ST,106805
1307,EC,BC,110334
1307,EC,MBC,123800
1307,EC,OC,76523
1307,EC,SC,156125
1307,EE,BC,158673
1307,EE,MBC,140382
1307,EE,OC,114190
1307,EE,SC,219613
1307,IT,BC,137141
1307,IT,MBC,120737
1307,IT,OC,81981
1307,IT,SC,153424
1307,IT,SCA,105485
1307,IT,ST,120673
1307,SC,BC,140207
1307,SC,MBC,116816
1307,SC,OC,86544
1307,SC,SC,160885
1309,AD,BC,58451
1309,AD,MBC,66715
1309,AD,OC,50361
1309,AD,SC,129271
1309,AD,SCA,100569
1309,AD,ST,128459
1309,CE,BC,173734
1309,CE,MBC,185417
1309,CE,OC,113699
1309,CE,SC,226234
1309,CE,SCA,202251
1309,CS,BC,52634
1309,CS,MBC,59795
1309,CS,OC,37636
1309,CS,SC,118499
1309,CS,SCA,177831
1309,CS,ST,176690
1309,EC,BC,61097
1309,EC,MBC,61675
1309,EC,OC,46341
1309,EC,SC,158106
1309,EC,SCA,174527
1309,EC,ST,189577
1309,EE,BC,83645
1309,EE,MBC,92202
1309,EE,OC,69836
1309,EE,SC,157704
1309,EE,SCA,153945
1309,EE,ST,149847
1309,IT,BC,67729
1309,IT,MBC,71425
1309,IT,OC,52218
1309,IT,SC,153326
1309,IT,SCA,180407
1309,IT,ST,167450
1309,ME,BC,97774
1309,ME,MBC,129579
1309,ME,OC,79303
1309,ME,SC,137620
1309,ME,SCA,176214
1310,AD,BC,155787
1310,AD,MBC,155650
1310,AD,OC,107902
1310,AD,SC,234818
1310,CB,BC,195581
1310,CB,MBC,192131
1310,CB,OC,146062
1310,CB,SC,185164
1310,CE,OC,177828
1310,CS,BC,131757
1310,CS,MBC,128137
1310,CS,OC,71278
1310,CS,SC,220373
1310,EC,BC,212423
1310,EC,MBC,162937
1310,EC,OC,132862
1310,EC,SC,202339
1310,EE,MBC,223340
1310,EE,OC,139233
1310,IT,BC,164884
1310,IT,MBC,163842
1310,IT,OC,113762
1310,IT,SC,246896
1310,ME,BC,225040
1310,ME,MBC,234402
1310,ME,OC,177123
1311,AD,BC,72445
1311,AD,MBC,76251
1311,AD,OC,55369
1311,AD,SC,145049
1311,AD,ST,232455
1311,AE,BC,100265
1311,AE,MBC,101447
1311,AE,OC,69512
1311,AE,SC,179800
1311,AE,SCA,42960
1311,AM,BC,73635
1311,AM,MBC,77308
1311,AM,OC,59314
1311,AM,SC,154640
1311,AM,SCA,181854
1311,AO,BC,100657
1311,AO,MBC,93170
1311,AO,OC,37520
1311,AO,SC,159464
1311,AO,SCA,178731
1311,AU,BC,177134
1311,AU,MBC,199146
1311,AU,OC,118395
1311,AU,SC,229233
1311,CE,BC,194609
1311,CE,MBC,238722
1311,CE,OC,143855
1311,CE,SC,223656
1311,CE,ST,180966
1311,CS,BC,65176
1311,CS,MBC,73243
1311,CS,OC,48868
1311,CS,SC,161255
1311,CS,SCA,234610
1311,CS,ST,122741
1311,EC,BC,87010
1311,EC,MBC,82933
1311,EC,OC,57869
1311,EC,SC,145956
1311,EC,SCA,184012
1311,EE,BC,106119
1311,EE,MBC,116849
1311,EE,OC,74900
1311,EE,SC,173316
1311,FT,BC,225104
1311,FT,MBC,222219
1311,FT,OC,129469
1311,FT,SC,212985
1311,IT,BC,76858
1311,IT,MBC,82130
1311,IT,OC,64430
1311,IT,SC,153659
1311,IT,ST,196823
1311,ME,BC,107988
1311,ME,MBC,113558
1311,ME,OC,77045
1311,ME,SC,151243
1311,MZ,BC,105474
1311,MZ,MBC,101870
1311,MZ,OC,87697
1311,MZ,SC,157165
1311,MZ,SCA,147885
1311,SC,BC,76059
1311,SC,MBC,76925
1311,SC,OC,59845
1311,SC,SC,121990
1311,SC,SCA,208351
1313,AD,OC,176355
1313,BM,OC,189472
1313,CS,BC,155451
1313,CS,MBC,209084
1313,CS,OC,202826
1313,CS,SC,155951
1313,EC,OC,194826
1313,IT,OC,174625
1313,ME,OC,155067
1315,BM,BC,19970
1315,BM,MBC,14919
1315,BM,OC,8842
1315,BM,SC,29323
1315,BM,SCA,32008
1315,BM,ST,92922
1315,CE,BC,28147
1315,CE,MBC,17068
1315,CE,OC,9173
1315,CE,SC,51872
1315,CE,SCA,139900
1315,CE,ST,145630
1315,CH,BC,12967
1315,CH,MBC,19772
1315,CH,OC,9832
1315,CH,SC,33124
1315,CH,SCA,48847
1315,CH,ST,56902
1315,CJ,BC,4315
1315,CJ,MBC,4986
1315,CJ,OC,2298
1315,CJ,SC,16742
1315,CJ,SCA,35894
1315,CS,BC,1109
1315,CS,MBC,1355
1315,CS,OC,513
1315,CS,SC,8716
1315,CS,SCA,34788
1315,CS,ST,16206
1315,EC,BC,2572
1315,EC,MBC,2137
1315,EC,OC,1214
1315,EC,SC,9110
1315,EC,SCA,39356
1315,EC,ST,47584
1315,EE,BC,4890
1315,EE,MBC,4981
1315,EE,OC,2550
1315,EE,SC,13751
1315,EE,SCA,47576
1315,EE,ST,23318
1315,IT,BC,2197
1315,IT,MBC,1977
1315,IT,OC,1321
1315,IT,SC,9912
1315,IT,SCA,21898
1315,IT,ST,15695
1315,ME,BC,11891
1315,ME,MBC,10436
1315,ME,OC,6286
1315,ME,SC,30055
1315,ME,SCA,49710
1315,ME,ST,74189
1316,AD,BC,109585
1316,AD,MBC,124387
1316,AD,OC,87275
1316,AD,SC,177478
1316,AD,SCA,147925
1316,AO,BC,135985
1316,AO,MBC,151526
1316,AO,OC,42869
1316,AO,SC,118994
1316,BM,BC,231712
1316,BM,MBC,203463
1316,BM,OC,152790
1316,BM,SC,227956
1316,CE,BC,244757
1316,CE,MBC,247438
1316,CE,OC,185257
1316,CE,SC,236562
1316,CH,BC,237290
1316,CH,MBC,232747
1316,CH,OC,130057
1316,CH,SC,245843
1316,CH,SCA,171948
1316,CS,BC,128555
1316,CS,MBC,132990
1316,CS,OC,88465
1316,CS,SC,174876
1316,CS,SCA,190489
1316,CS,ST,200687
1316,EC,BC,132201
1316,EC,MBC,154776
1316,EC,OC,91845
1316,EC,SC,156818
1316,EE,BC,138107
1316,EE,MBC,155474
1316,EE,OC,106820
1316,EE,SC,210629
1316,IT,BC,155519
1316,IT,MBC,132608
1316,IT,OC,101483
1316,IT,SC,182075
1316,IT,SCA,155829
1316,ME,BC,212415
1316,ME,MBC,194181
1316,ME,OC,148404
1316,ME,SC,237919
1316,MU,BC,152101
1316,MU,MBC,155797
1316,MU,OC,109755
1316,MU,SC,154112
1316,MU,SCA,149555
1316,MZ,BC,189645
1316,MZ,MBC,150332
1316,MZ,OC,125538
1316,MZ,SC,217160
1317,AD,BC,46713
1317,AD,MBC,49262
1317,AD,OC,32660
1317,AD,SC,117550
1317,AD,SCA,209644
1317,AD,ST,194409
1317,AL,BC,53230
1317,AL,MBC,48804
1317,AL,OC,36880
1317,AL,SC,122350
1317,AL,SCA,218749
1317,BT,BC,69354
1317,BT,MBC,74011
1317,BT,OC,49676
1317,BT,SC,139400
1317,CB,BC,46125
1317,CB,MBC,51570
1317,CB,OC,38744
1317,CB,SC,122013
1317,CB,SCA,223631
1317,CE,BC,131000
1317,CE,MBC,132161
1317,CE,OC,70256
1317,CE,SC,98243
1317,CH,BC,99823
1317,CH,MBC,75376
1317,CH,OC,40279
1317,CH,SC,67267
1317,CJ,BC,52683
1317,CJ,MBC,63175
1317,CJ,OC,41217
1317,CJ,SC,138493
1317,CJ,SCA,220317
1317,CJ,ST,159956
1317,CS,BC,33116
1317,CS,MBC,42177
1317,CS,OC,20214
1317,CS,SC,87418
1317,CS,SCA,153566
1317,CS,ST,136890
1317,EC,BC,38920
1317,EC,MBC,48105
1317,EC,OC,27104
1317,EC,SC,113406
1317,EC,SCA,86501
1317,EC,ST,134621
1317,EE,BC,64410
1317,EE,MBC,66518
1317,EE,OC,38658
1317,EE,SC,153111
1317,EE,SCA,180774
1317,EI,MBC,88850
1317,EI,OC,75426
1317,EI,SC,145356
1317,IT,BC,44659
1317,IT,MBC,51665
1317,IT,OC,30475
1317,IT,SC,114594
1317,IT,SCA,212636
1317,IT,ST,215401
1317,ME,BC,97992
1317,ME,MBC,80162
1317,ME,OC,58628
1317,ME,SC,129292
1317,MZ,BC,59558
1317,MZ,MBC,80028
1317,MZ,OC,62681
1317,MZ,SC,148917
1317,SC,BC,38556
1317,SC,MBC,47582
1317,SC,OC,31191
1317,SC,SC,74765
1317,SC,SCA,178015
1318,AD,BC,221685
1318,AD,MBC,202095
1318,AD,OC,224943
1318,AD,SC,232032
1318,AM,OC,249724
1318,CS,OC,243608
1318,CS,SC,155704
1318,EC,OC,254414
1318,IT,BC,132695
1318,IT,MBC,144896
1318,IT,OC,239892
1318,IT,SC,149584
1318,ME,OC,176753
1318,SC,OC,246475
1319,AD,BC,229649
1319,AD,MBC,240263
1319,AD,OC,175837
1319,AD,SC,221433
1319,AD,SCA,129456
1319,CE,OC,226107
1319,CS,BC,241638
1319,CS,MBC,154622
1319,CS,OC,204192
1319,CS,SC,235509
1319,EC,OC,235297
1319,EE,OC,240329
1319,EI,OC,184115
1319,IT,BC,168291
1319,IT,MBC,246034
1319,IT,OC,223946
1319,IT,SC,228886
1319,ME,OC,189023
1321,MN,BC,71845
1321,MN,MBC,69038
1321,MN,OC,39511
1321,MN,SC,90562
1321,MN,SCA,132135
1321,MN,ST,98197
1321,PA,BC,69590
1321,PA,MBC,67063
1321,PA,OC,43246
1321,PA,SC,91820
1321,PA,SCA,51737
1321,PA,ST,94810
1322,AD,BC,213998
1322,AD,MBC,199300
1322,AD,OC,126966
1322,AD,SC,222995
1322,AD,SCA,203120
1322,AD,ST,219017
1322,AE,BC,244806
1322,AE,MBC,236034
1322,AE,OC,128598
1322,AE,SC,190292
1322,AG,BC,244847
1322,AG,MBC,250736
1322,AG,OC,193230
1322,AG,SC,207351
1322,AM,BC,205848
1322,AM,MBC,190962
1322,AM,OC,101967
1322,AM,SC,232776
1322,AM,SCA,225747
1322,BM,BC,234601
1322,BM,MBC,247299
1322,BM,OC,237299
1322,BM,SC,246123
1322,CE,BC,228425
1322,CE,MBC,238544
1322,CE,OC,206668
1322,CE,SC,232630
1322,CI,BC,219267
1322,CI,MBC,219715
1322,CI,OC,169562
1322,CI,SC,230959
1322,CI,SCA,196712
1322,CS,BC,210768
1322,CS,MBC,194012
1322,CS,OC,132797
1322,CS,SC,229139
1322,CS,SCA,149411
1322,CS,ST,191975
1322,EC,BC,203850
1322,EC,MBC,196187
1322,EC,OC,137672
1322,EC,SC,193345
1322,EC,SCA,229279
1322,EE,BC,239945
1322,EE,MBC,206415
1322,EE,OC,164469
1322,EE,SC,235758
1322,EF,BC,237396
1322,EF,MBC,222659
1322,EF,OC,207950
1322,ER,OC,233417
1322,FD,BC,240781
1322,FD,MBC,239109
1322,FD,OC,179404
1322,FD,SC,240273
1322,FD,SCA,211653
1322,IT,BC,230690
1322,IT,MBC,202998
1322,IT,OC,132804
1322,IT,SC,236659
1322,IT,SCA,244840
1322,IT,ST,173988
1322,ME,BC,235950
1322,ME,MBC,236471
1322,ME,OC,179500
1322,ME,SC,225097
1322,RI,BC,210704
1322,RI,MBC,218308
1322,RI,OC,149198
1322,RI,SC,235593
1322,SC,BC,179770
1322,SC,MBC,196613
1322,SC,OC,140182
1322,SC,SC,238321
1322,SC,ST,146533
1324,AD,BC,54880
1324,AD,MBC,46367
1324,AD,OC,30509
1324,AD,SC,82615
1324,AD,SCA,52226
1324,AD,ST,129039
1324,AM,BC,45597
1324,AM,MBC,50431
1324,AM,OC,35064
1324,AM,SC,103937
1324,CI,BC,47950
1324,CI,MBC,57356
1324,CI,OC,40252
1324,CI,SC,120387
1324,CO,BC,44188
1324,CO,MBC,56486
1324,CO,OC,36039
1324,CO,SC,128301
1324,CS,BC,38929
1324,CS,MBC,41119
1324,CS,OC,29524
1324,CS,SC,115064
1324,CS,SCA,181348
1324,CS,ST,128081
1324,EC,BC,41977
1324,EC,MBC,35924
1324,EC,OC,22933
1324,EC,SC,130182
1324,EC,SCA,144066
1324,EE,BC,59432
1324,EE,MBC,65980
1324,EE,OC,49912
1324,EE,SC,125208
1324,IT,BC,43586
1324,IT,MBC,47556
1324,IT,OC,37529
1324,IT,SC,115297
1324,IT,SCA,83449
1324,IT,ST,191011
1324,ME,BC,101235
1324,ME,MBC,121733
1324,ME,OC,86062
1324,ME,SC,158115
1324,SC,BC,39831
1324,SC,MBC,55897
1324,SC,OC,30660
1324,SC,SC,107166
1324,SC,ST,98065
1325,AD,BC,168486
1325,AD,MBC,124347
1325,AD,OC,109665
1325,AD,SC,180484
1325,AD,SCA,113277
1325,AD,ST,168856
1325,CS,BC,204921
1325,CS,MBC,213450
1325,CS,OC,119616
1325,CS,SC,220116
1325,CS,SCA,146322
1325,CS,ST,162446
1325,EC,BC,170794
1325,EC,MBC,217750
1325,EC,OC,116022
1325,EC,SC,218180
1325,EC,SCA,125328
1325,IT,BC,203087
1325,IT,MBC,200896
1325,IT,OC,134599
1325,IT,SC,220697
1325,IT,SCA,236247
1325,ME,BC,237532
1325,ME,MBC,243927
1325,ME,OC,164782
1325,ME,SC,229483
1325,ME,SCA,249592
1325,SC,BC,198376
1325,SC,MBC,176185
1325,SC,OC,124444
1325,SC,SC,206496
1325,SC,SCA,194314
1333,AD,OC,248084
1333,AM,OC,238652
1333,CS,OC,263445
1333,EC,OC,257045
1333,EE,OC,224269
1333,ME,OC,247030
1335,AM,OC,242461
1335,CE,OC,211663
1335,EC,OC,241425
1335,EE,OC,231795
1335,ME,OC,226512
1335,SC,BC,232623
1335,SC,MBC,218851
1335,SC,OC,210022
1339,AD,BC,238991
1339,AD,MBC,226647
1339,AD,OC,67191
1339,AD,SC,163176
1339,AD,SCA,62773
1339,AM,BC,199067
1339,AM,MBC,206603
1339,AM,OC,189562
1339,AM,SC,233056
1339,CS,BC,226182
1339,CS,MBC,235153
1339,CS,OC,164845
1339,CS,SC,221251
1339,EC,BC,208574
1339,EC,MBC,234832
1339,EC,OC,156588
1339,EE,OC,228696
1339,SC,BC,222955
1339,SC,MBC,189453
1339,SC,OC,150159
1339,SC,SC,153577
1398,AD,BC,18148
1398,AD,MBC,14674
1398,AD,OC,10001
1398,AD,SC,43621
1398,AD,SCA,64776
1398,CS,BC,17224
1398,CS,MBC,19780
1398,CS,OC,10857
1398,CS,SC,53408
1398,CS,SCA,115138
1398,CS,ST,128963
1398,EC,BC,17457
1398,EC,MBC,20875
1398,EC,OC,11784
1398,EC,SC,56613
1398,EC,SCA,69438
1398,EE,BC,33617
1398,EE,MBC,29445
1398,EE,OC,18303
1398,EE,SC,69449
1399,AD,BC,8521
1399,AD,MBC,9294
1399,AD,OC,6119
1399,AD,SC,26288
1399,AD,SCA,82670
1399,AD,ST,30550
1399,AM,BC,7369
1399,AM,MBC,9482
1399,AM,OC,5754
1399,AM,SC,27811
1399,AM,SCA,33281
1399,AM,ST,92506
1399,BM,BC,22933
1399,BM,MBC,17926
1399,BM,OC,12522
1399,BM,SC,51871
1399,BM,SCA,164667
1399,BM,ST,146861
1399,CB,BC,9042
1399,CB,MBC,9977
1399,CB,OC,6784
1399,CB,SC,27029
1399,CB,SCA,48518
1399,CB,ST,8413
1399,CE,BC,26402
1399,CE,MBC,14907
1399,CE,OC,13915
1399,CE,SC,43118
1399,CE,ST,72525
1399,CS,BC,6271
1399,CS,MBC,7708
1399,CS,OC,3452
1399,CS,SC,24937
1399,CS,SCA,93696
1399,CS,ST,20624
1399,EA,BC,9477
1399,EA,MBC,10279
1399,EA,OC,7851
1399,EA,SC,30428
1399,EA,SCA,87974
1399,EA,ST,141018
1399,EC,BC,8941
1399,EC,MBC,7265
1399,EC,OC,4647
1399,EC,SC,21913
1399,EC,SCA,46278
1399,EC,ST,34030
1399,EE,BC,11349
1399,EE,MBC,10761
1399,EE,OC,7702
1399,EE,SC,36172
1399,EE,SCA,69774
1399,EE,ST,143355
1399,EV,BC,9595
1399,EV,MBC,9749
1399,EV,OC,8124
1399,EV,SC,32046
1399,EV,SCA,85820
1399,EV,ST,58574
1399,IT,BC,7637
1399,IT,MBC,9566
1399,IT,OC,6158
1399,IT,SC,26515
1399,IT,SCA,130189
1399,IT,ST,12879
1399,ME,BC,20185
1399,ME,MBC,27644
1399,ME,OC,14376
1399,ME,SC,61718
1399,ME,SCA,131409
1399,ME,ST,144478
1399,MZ,BC,13509
1399,MZ,MBC,8846
1399,MZ,OC,10348
1399,MZ,SC,43402
1399,MZ,SCA,113544
1399,SC,BC,8414
1399,SC,MBC,8884
1399,SC,OC,6318
1399,SC,SC,28841
1399,SC,SCA,47715
1399,SC,ST,111840
1400,DA,OC,205547
1401,AG,OC,235845
1401,AM,BC,148109
1401,AM,MBC,120796
1401,AM,OC,76298
1401,AM,SC,182441
1401,CD,BC,228090
1401,CD,MBC,223903
1401,CD,OC,182383
1401,CD,SC,236907
1401,CE,BC,228866
1401,CE,OC,223332
1401,CH,BC,156958
1401,CH,MBC,159158
1401,CH,OC,245666
1401,CS,BC,189124
1401,CS,MBC,142040
1401,CS,OC,101053
1401,CS,SC,232937
1401,CS,SCA,174951
1401,EC,BC,237438
1401,EC,MBC,219824
1401,EC,OC,150852
1401,EC,SC,244661
1401,EE,BC,189344
1401,EE,MBC,242166
1401,EE,OC,227807
1401,EE,SC,150746
1401,IT,BC,181512
1401,IT,MBC,138730
1401,IT,OC,104832
1401,IT,SC,214649
1401,IT,SCA,236316
1401,ME,BC,220434
1401,ME,MBC,237044
1401,ME,OC,213369
1401,ME,SC,229695
1402,CS,BC,240757
1402,CS,MBC,208213
1402,CS,OC,237843
1402,EC,OC,182067
1402,EE,OC,190524
1402,ME,OC,182338
1405,AD,BC,158159
1405,AD,MBC,162923
1405,AD,OC,95336
1405,AD,SC,187129
1405,AD,SCA,175833
1405,AD,ST,208018
1405,AM,BC,154279
1405,AM,MBC,163887
1405,AM,OC,114013
1405,AM,SC,189424
1405,AM,ST,133707
1405,CS,BC,136937
1405,CS,MBC,152657
1405,CS,OC,95605
1405,CS,SC,195069
1405,CS,SCA,195455
1405,EC,BC,165011
1405,EC,MBC,158338
1405,EC,OC,100064
1405,EC,SC,197337
1405,EC,SCA,175656
1405,EE,BC,184506
1405,EE,MBC,199048
1405,EE,OC,142734
1405,EE,SC,200610
1405,EE,SCA,225174
1405,IT,BC,150795
1405,IT,MBC,149262
1405,IT,OC,139352
1405,IT,SC,195566
1405,IT,SCA,221069
1405,ME,BC,232536
1405,ME,MBC,187028
1405,ME,OC,158494
1405,ME,SC,222906
1405,SC,BC,159587
1405,SC,MBC,176345
1405,SC,OC,105740
1405,SC,SC,182639
1405,SC,SCA,229784
1407,AD,BC,235509
1407,AD,MBC,201642
1407,AD,OC,138308
1407,AD,SC,225610
1407,AU,OC,243816
1407,BM,BC,236575
1407,BM,MBC,222871
1407,BM,OC,200369
1407,BM,SC,181564
1407,CE,OC,251110
1407,CS,BC,235126
1407,CS,MBC,243843
1407,CS,OC,141699
1407,CS,SC,220336
1407,EC,BC,233995
1407,EC,MBC,229410
1407,EC,OC,172270
1407,EC,SC,175933
1407,EE,OC,245887
1407,IT,BC,206586
1407,IT,MBC,226444
1407,IT,OC,128650
1407,IT,SC,187138
1407,ME,BC,209508
1407,ME,MBC,235305
1407,ME,OC,180891
1407,MR,OC,62805
1407,SC,BC,208878
1407,SC,MBC,201644
1407,SC,OC,183829
1407,SC,SC,198254
1407,SC,SCA,193393
1408,AD,BC,168033
1408,AD,MBC,124961
1408,AD,OC,69221
1408,AD,SC,172917
1408,AD,SCA,84282
1408,AD,ST,147002
1408,AL,BC,188880
1408,AL,MBC,117675
1408,AL,OC,89236
1408,AL,SC,175267
1408,CE,BC,161650
1408,CE,MBC,173808
1408,CE,OC,155850
1408,CS,BC,136887
1408,CS,MBC,99551
1408,CS,OC,45496
1408,CS,SC,136672
1408,EC,BC,182299
1408,EC,MBC,139434
1408,EC,OC,99655
1408,EC,SC,195392
1408,EC,ST,173769
1408,EE,BC,214540
1408,EE,MBC,160536
1408,EE,OC,121722
1408,EE,SC,209882
1408,IT,BC,179135
1408,IT,MBC,130585
1408,IT,OC,96230
1408,IT,SC,193749
1408,ME,BC,246240
1408,ME,MBC,176445
1408,ME,OC,137740
1408,ME,SC,218104
1408,ME,SCA,155601
1408,SC,BC,180776
1408,SC,MBC,128315
1408,SC,OC,91466
1408,SC,SC,172164
1409,AD,BC,151066
1409,AD,MBC,139409
1409,AD,OC,96418
1409,AD,SC,151756
1409,AD,SCA,166170
1409,AU,BC,236573
1409,AU,MBC,237090
1409,AU,OC,227161
1409,AU,SC,229213
1409,BM,BC,231910
1409,BM,MBC,196620
1409,BM,OC,151726
1409,BM,SC,205909
1409,BT,BC,167899
1409,BT,MBC,242565
1409,BT,OC,121908
1409,BT,SC,220449
1409,BT,ST,151133
1409,CE,OC,242077
1409,CS,BC,183233
1409,CS,MBC,152670
1409,CS,OC,113025
1409,CS,SC,173284
1409,CS,SCA,141760
1409,CS,ST,232175
1409,EC,BC,187573
1409,EC,MBC,147887
1409,EC,OC,92754
1409,EC,SC,174578
1409,EC,ST,221655
1409,EE,BC,228654
1409,EE,MBC,212998
1409,EE,OC,130389
1409,EE,SC,181757
1409,ME,BC,233123
1409,ME,MBC,199652
1409,ME,OC,171541
1409,ME,SC,226030
1409,RM,BC,244541
1409,RM,MBC,180161
1409,RM,OC,145071
1409,RM,SC,231802
1411,AD,BC,254955
1411,AD,MBC,196764
1411,AD,OC,188623
1411,AD,SC,213578
1411,AE,BC,199485
1411,AE,MBC,174485
1411,AE,OC,221889
1411,AE,SC,135533
1411,AM,BC,183731
1411,AM,OC,246137
1411,AM,SC,235090
1411,BM,BC,194999
1411,BM,MBC,215585
1411,BM,OC,247202
1411,BM,SC,194382
1411,BT,BC,161342
1411,BT,MBC,197980
1411,BT,OC,230443
1411,BT,SC,166630
1411,CB,BC,151427
1411,CB,MBC,156222
1411,CB,OC,239599
1411,CB,SC,146794
1411,CE,OC,185670
1411,CS,BC,220254
1411,CS,MBC,222609
1411,CS,OC,193994
1411,CS,SC,196190
1411,CS,SCA,129999
1411,EC,BC,228835
1411,EC,MBC,186013
1411,EC,OC,222215
1411,EC,SC,241234
1411,EE,BC,172161
1411,EE,OC,239816
1411,EE,SC,164552
1411,IT,BC,230562
1411,IT,MBC,238199
1411,IT,OC,206801
1411,IT,SC,216107
1411,IT,SCA,207452
1411,ME,MBC,152254
1411,ME,OC,204641
1412,AD,BC,192270
1412,AD,MBC,131314
1412,AD,OC,78477
1412,AD,SC,149651
1412,AD,SCA,184804
1412,AD,ST,176094
1412,CB,BC,228301
1412,CB,MBC,146591
1412,CB,OC,120243
1412,CB,SC,189731
1412,CB,SCA,151893
1412,CE,BC,244127
1412,CE,MBC,243569
1412,CE,OC,168014
1412,CE,SC,218183
1412,CS,BC,159116
1412,CS,MBC,106655
1412,CS,OC,63934
1412,CS,SC,135203
1412,CS,SCA,147585
1412,CS,ST,212998
1412,EC,BC,229178
1412,EC,MBC,141963
1412,EC,OC,112628
1412,EC,SC,187864
1412,EC,SCA,175795
1412,EE,BC,238808
1412,EE,MBC,161580
1412,EE,OC,147570
1412,EE,SC,201915
1412,EE,SCA,149361
1412,IT,BC,166284
1412,IT,MBC,120586
1412,IT,OC,91227
1412,IT,SC,168262
1412,IT,SCA,107276
1412,ME,BC,225084
1412,ME,MBC,233215
1412,ME,OC,190680
1412,ME,SC,238790
1413,AD,BC,137921
1413,AD,MBC,123745
1413,AD,OC,81381
1413,AD,SC,199800
1413,AD,SCA,151226
1413,AM,BC,173555
1413,AM,MBC,113631
1413,AM,OC,68955
1413,AM,SC,203836
1413,AM,SCA,208283
1413,CB,BC,206065
1413,CB,MBC,165423
1413,CB,OC,112144
1413,CB,SC,224883
1413,CD,BC,204649
1413,CD,MBC,201119
1413,CD,OC,114776
1413,CD,SC,228318
1413,CS,BC,117751
1413,CS,MBC,104230
1413,CS,OC,60566
1413,CS,SC,170807
1413,CS,SCA,223926
1413,EA,BC,178470
1413,EA,MBC,187636
1413,EA,OC,74902
1413,EA,SC,216689
1413,EC,BC,90020
1413,EC,MBC,106375
1413,EC,OC,69014
1413,EC,SC,161524
1413,EC,SCA,184663
1413,EE,BC,130427
1413,EE,MBC,184762
1413,EE,OC,106479
1413,EE,SC,215356
1413,EV,BC,202939
1413,EV,MBC,166774
1413,EV,OC,124394
1413,EV,SC,236705
1413,IT,BC,88443
1413,IT,MBC,83725
1413,IT,OC,74244
1413,IT,SC,197071
1413,ME,BC,172550
1413,ME,MBC,186091
1413,ME,OC,130429
1413,ME,SC,233104
1413,SC,BC,136008
1413,SC,MBC,129907
1413,SC,OC,115191
1413,SC,SC,209867
1414,CE,BC,243718
1414,CE,MBC,259770
1414,CE,OC,135573
1414,CE,SC,107341
1414,CS,BC,10067
1414,CS,MBC,8598
1414,CS,OC,4818
1414,CS,SC,5152
1414,CS,SCA,176628
1414,CS,ST,14966
1414,EC,BC,47758
1414,EC,MBC,47506
1414,EC,OC,14684
1414,EC,SC,168872
1414,EC,SCA,185537
1414,EC,ST,154252
1414,EE,BC,61705
1414,EE,MBC,78566
1414,EE,OC,48279
1414,EE,SC,187345
1414,IT,BC,3437
1414,IT,MBC,4030
1414,IT,OC,8770
1414,IT,SC,15603
1414,IT,SCA,192547
1414,IT,ST,3561
1414,ME,BC,129352
1414,ME,MBC,136914
1414,ME,OC,76467
1414,ME,SC,223029
1414,ME,SCA,165397
1414,ME,ST,233876
1415,CE,OC,208765
1415,CS,OC,150908
1415,EE,OC,168658
1416,AD,BC,224951
1416,AD,MBC,235309
1416,AD,OC,181909
1416,AD,SC,231975
1416,BM,BC,176556
1416,BM,OC,245332
1416,BT,BC,238897
1416,BT,MBC,232681
1416,BT,OC,202404
1416,BT,SC,228576
1416,CS,BC,244802
1416,CS,MBC,210664
1416,CS,OC,246639
1416,CS,SC,208735
1416,CS,ST,170692
1416,ME,OC,217149
1416,PH,OC,241898
1416,SC,OC,246415
1419,AD,BC,50275
1419,AD,MBC,44646
1419,AD,OC,31851
1419,AD,SC,112602
1419,AD,SCA,233223
1419,AD,ST,182499
1419,AM,BC,51636
1419,AM,MBC,48631
1419,AM,OC,30021
1419,AM,SC,123392
1419,AM,SCA,248522
1419,AM,ST,191762
1419,CB,BC,45042
1419,CB,MBC,49325
1419,CB,OC,34897
1419,CB,SC,127223
1419,CB,SCA,128608
1419,CE,BC,72677
1419,CE,MBC,92351
1419,CE,OC,45461
1419,CE,SC,73469
1419,CE,SCA,126938
1419,CI,BC,48421
1419,CI,MBC,53266
1419,CI,OC,36574
1419,CI,SC,127173
1419,CI,ST,188110
1419,CJ,BC,53142
1419,CJ,MBC,53425
1419,CJ,OC,37499
1419,CJ,SC,118455
1419,CJ,SCA,118855
1419,CO,BC,52355
1419,CO,MBC,52374
1419,CO,OC,35591
1419,CO,SC,127087
1419,CS,BC,38264
1419,CS,MBC,41508
1419,CS,OC,23141
1419,CS,SC,103444
1419,CS,SCA,254120
1419,CS,ST,188141
1419,EC,BC,50731
1419,EC,MBC,47813
1419,EC,OC,31697
1419,EC,SC,119886
1419,EC,SCA,240641
1419,EC,ST,65661
1419,EE,BC,73203
1419,EE,MBC,67443
1419,EE,OC,45311
1419,EE,SC,138781
1419,EE,ST,185522
1419,EI,BC,64529
1419,EI,MBC,80542
1419,EI,OC,53518
1419,EI,SC,144165
1419,EI,ST,186930
1419,IC,BC,94775
1419,IC,MBC,73396
1419,IC,OC,35201
1419,IC,SC,155341
1419,IT,BC,48239
1419,IT,MBC,49716
1419,IT,OC,34568
1419,IT,SC,126593
1419,IT,SCA,194866
1419,IT,ST,203325
1419,IX,BC,83124
1419,IX,MBC,76191
1419,IX,OC,52864
1419,IX,SC,146565
1419,ME,BC,87604
1419,ME,MBC,90486
1419,ME,OC,55107
1419,ME,SC,145647
1419,ME,SCA,148971
1419,MU,BC,111179
1419,MU,MBC,118492
1419,MU,OC,69736
1419,MU,SC,162675
1419,MZ,BC,68200
1419,MZ,MBC,76089
1419,MZ,OC,57057
1419,MZ,SC,151939
1419,SC,BC,49007
1419,SC,MBC,50512
1419,SC,OC,38141
1419,SC,SC,129248
1419,SC,SCA,212300
1420,AD,BC,193890
1420,AD,MBC,123046
1420,AD,OC,103685
1420,AD,SC,156015
1420,AD,SCA,199411
1420,AE,BC,248525
1420,AE,MBC,152383
1420,AE,OC,221294
1420,AE,SC,230495
1420,CS,BC,156938
1420,CS,MBC,151240
1420,CS,OC,112502
1420,CS,SC,164887
1420,CS,ST,139191
1420,EC,BC,215159
1420,EC,MBC,140313
1420,EC,OC,111502
1420,EC,SC,192179
1420,IT,BC,196563
1420,IT,MBC,131653
1420,IT,OC,109492
1420,IT,SC,160723
1420,IT,SCA,175044
1420,ME,BC,220743
1420,ME,MBC,248123
1420,ME,OC,204685
1420,ME,SC,160887
1420,SC,BC,166274
1420,SC,MBC,145608
1420,SC,OC,119595
1420,SC,SC,191134
1421,CE,BC,197121
1421,CE,MBC,196703
1421,CE,OC,233994
1421,CE,SC,248350
1421,CS,BC,237440
1421,CS,MBC,156268
1421,CS,OC,134226
1421,CS,SC,210698
1421,CS,SCA,238581
1421,EC,BC,243152
1421,EC,MBC,200168
1421,EC,OC,170647
1421,EC,SC,216967
1421,EC,SCA,194276
1421,EE,BC,245780
1421,EE,MBC,246296
1421,EE,OC,207242
1421,EE,SC,229815
1421,IT,BC,244256
1421,IT,MBC,212030
1421,IT,OC,174892
1421,IT,SC,213672
1421,IT,SCA,169339
1421,ME,BC,230240
1421,ME,MBC,236467
1421,ME,OC,205090
1421,ME,SC,245201
1422,AD,BC,44525
1422,AD,MBC,45757
1422,AD,OC,29335
1422,AD,SC,102389
1422,AD,SCA,60271
1422,AD,ST,86520
1422,AG,BC,228958
1422,AG,MBC,203646
1422,AG,OC,142171
1422,AG,SC,208574
1422,CE,BC,102960
1422,CE,MBC,105440
1422,CE,OC,77044
1422,CE,SC,146661
1422,CE,SCA,210794
1422,CE,ST,188762
1422,CS,BC,41018
1422,CS,MBC,41262
1422,CS,OC,26747
1422,CS,SC,88590
1422,CS,SCA,147808
1422,CS,ST,133531
1422,CY,BC,52932
1422,CY,MBC,52911
1422,CY,OC,35659
1422,CY,SC,105362
1422,CY,SCA,206724
1422,EC,BC,53551
1422,EC,MBC,50876
1422,EC,OC,38697
1422,EC,SC,106937
1422,EC,SCA,203788
1422,EC,ST,188790
1422,EE,BC,65973
1422,EE,MBC,70699
1422,EE,OC,51148
1422,EE,SC,152400
1422,EE,ST,95616
1422,EI,BC,90923
1422,EI,MBC,94017
1422,EI,OC,65879
1422,EI,SC,159102
1422,IT,BC,50562
1422,IT,MBC,51820
1422,IT,OC,36557
1422,IT,SC,98366
1422,IT,SCA,229808
1422,IT,ST,139970
1422,MD,BC,150337
1422,MD,MBC,161169
1422,MD,OC,95686
1422,MD,SC,202910
1422,MD,SCA,128632
1422,ME,BC,82335
1422,ME,MBC,95162
1422,ME,OC,68395
1422,ME,SC,136005
1422,ME,ST,191552
1423,AD,BC,224206
1423,AD,MBC,249011
1423,AD,OC,127881
1423,AD,SC,150068
1423,CS,BC,217615
1423,CS,MBC,231133
1423,CS,OC,133820
1423,CS,SC,237176
1423,EC,BC,230111
1423,EC,MBC,209371
1423,EC,OC,177622
1423,EC,SC,225395
1423,EE,OC,189373
1423,IT,BC,249455
1423,IT,MBC,247129
1423,IT,OC,188771
1423,IT,SC,233819
1423,IT,ST,187913
1423,ME,BC,243673
1423,ME,MBC,231047
1423,ME,OC,180692
1423,ME,SC,218794
1423,SC,BC,233395
1423,SC,MBC,238974
1423,SC,OC,233993
1423,SC,SC,237206
1424,AD,BC,109784
1424,AD,MBC,132915
1424,AD,OC,25796
1424,AD,SC,223968
1424,AD,SCA,132722
1424,CB,BC,100056
1424,CB,MBC,120332
1424,CB,OC,31832
1424,CB,SC,151808
1424,CS,BC,87714
1424,CS,MBC,108025
1424,CS,OC,27646
1424,CS,SC,240824
1424,CS,SCA,119575
1424,EC,BC,82043
1424,EC,MBC,89344
1424,EC,OC,27271
1424,EC,SC,224784
1424,EC,SCA,146068
1424,EE,BC,108520
1424,EE,MBC,186892
1424,EE,OC,69982
1424,EE,SC,188657
1424,ME,BC,173718
1424,ME,OC,171940
1424,PE,BC,166399
1424,PE,MBC,223202
1424,PE,OC,135092
1424,PE,SC,244017
1424,RM,BC,126708
1424,RM,MBC,112412
1424,RM,OC,108218
1424,RM,SC,246082
1426,AD,BC,251140
1426,AD,MBC,175147
1426,AD,OC,127376
1426,AD,SC,197734
1426,CB,BC,248786
1426,CB,MBC,194344
1426,CB,OC,221129
1426,CB,SC,237847
1426,CS,BC,225329
1426,CS,MBC,194203
1426,CS,OC,146226
1426,CS,SC,207535
1426,CS,SCA,187408
1426,EC,BC,200129
1426,EC,MBC,186265
1426,EC,OC,160936
1426,EC,SC,240452
1426,EE,BC,233059
1426,EE,MBC,232653
1426,EE,OC,223160
1426,EE,SC,189639
1426,IT,BC,231871
1426,IT,MBC,215481
1426,IT,OC,199970
1426,IT,SC,220213
1426,IT,SCA,228745
1426,ME,BC,196408
1426,ME,MBC,197014
1426,ME,OC,239305
1427,AD,BC,219724
1427,AD,MBC,221860
1427,AD,OC,132497
1427,AD,SC,173562
1427,CS,BC,221967
1427,CS,MBC,226421
1427,CS,OC,167296
1427,CS,SC,193005
1427,EC,OC,241665
1427,EE,OC,235611
1427,FT,OC,268863
1427,IT,BC,208327
1427,IT,MBC,196399
1427,IT,OC,138798
1427,IT,SC,220243
1428,AD,MBC,232772
1428,AD,OC,237851
1428,CS,BC,245527
1428,CS,MBC,243280
1428,CS,OC,202576
1428,CS,SC,253246
1428,EC,OC,245305
1428,IT,BC,195990
1428,IT,MBC,193211
1428,IT,OC,245936
1428,IT,SC,196457
1430,AD,BC,218291
1430,AD,MBC,223881
1430,AD,OC,130869
1430,AD,SC,175357
1430,AD,SCA,142021
1430,CE,OC,246266
1430,CE,SC,165053
1430,CS,BC,242849
1430,CS,MBC,246221
1430,CS,OC,187761
1430,CS,SC,224121
1430,CS,SCA,252167
1430,CS,ST,238057
1430,EC,BC,242171
1430,EC,MBC,238856
1430,EC,OC,206485
1430,EC,SC,237591
1430,EC,SCA,242849
1430,EE,BC,245729
1430,EE,MBC,240129
1430,EE,OC,239282
1430,EE,SC,244554
1430,EE,SCA,248698
1430,ME,BC,176331
1430,ME,MBC,228740
1430,ME,OC,245779
1430,ME,SC,207856
1430,ME,SCA,196337
1431,AD,BC,187407
1431,AD,MBC,179491
1431,AD,OC,122399
1431,AD,SC,203781
1431,AD,SCA,209915
1431,CS,BC,194416
1431,CS,MBC,178680
1431,CS,OC,123959
1431,CS,SC,209139
1431,CS,SCA,196906
1431,EC,BC,196668
1431,EC,MBC,148242
1431,EC,OC,112532
1431,EC,SC,207988
1431,EC,SCA,139274
1431,EE,BC,202058
1431,EE,MBC,193890
1431,EE,OC,175015
1431,EE,SC,215188
1431,EE,ST,196442
1431,IT,BC,199017
1431,IT,MBC,177505
1431,IT,OC,138982
1431,IT,SC,213448
1431,IT,ST,169882
1431,ME,BC,238594
1431,ME,MBC,223852
1431,ME,OC,201055
1431,ME,SC,228005
1431,SC,BC,198262
1431,SC,MBC,182546
1431,SC,OC,136574
1431,SC,SC,210617
1431,SC,SCA,224117
1432,AD,BC,27259
1432,AD,MBC,26426
1432,AD,OC,16129
1432,AD,SC,67850
1432,AD,SCA,209833
1432,AD,ST,126640
1432,AM,BC,21547
1432,AM,MBC,27256
1432,AM,OC,15051
1432,AM,SC,82727
1432,AM,SCA,139582
1432,AM,ST,86218
1432,BT,BC,48276
1432,BT,MBC,62919
1432,BT,OC,24612
1432,BT,SC,81793
1432,BT,SCA,142052
1432,CB,BC,24673
1432,CB,MBC,27359
1432,CB,OC,17051
1432,CB,SC,98029
1432,CB,SCA,205980
1432,CB,ST,128387
1432,CO,BC,28275
1432,CO,MBC,30196
1432,CO,OC,21488
1432,CO,SC,93872
1432,CO,SCA,211018
1432,CS,BC,27785
1432,CS,MBC,24590
1432,CS,OC,12401
1432,CS,SC,67085
1432,CS,SCA,215723
1432,CS,ST,82805
1432,EC,BC,24706
1432,EC,MBC,26166
1432,EC,OC,13133
1432,EC,SC,84694
1432,EC,SCA,165991
1432,EC,ST,73378
1432,EV,BC,25881
1432,EV,MBC,35392
1432,EV,OC,24804
1432,EV,SC,90174
1432,EV,SCA,181419
1432,EV,ST,170238
1432,ME,BC,43801
1432,ME,MBC,62829
1432,ME,OC,32339
1432,ME,SC,126652
1432,ME,SCA,116074
1432,ME,ST,206167
1434,AD,BC,223631
1434,AD,MBC,184016
1434,AD,OC,153483
1434,AD,SC,212849
1434,AD,SCA,134828
1434,AE,OC,215837
1434,AG,MBC,176889
1434,AG,OC,239271
1434,AG,SC,133973
1434,AG,SCA,191957
1434,AU,OC,172941
1434,CE,OC,228801
1434,CS,BC,238386
1434,CS,MBC,189964
1434,CS,OC,129653
1434,CS,SC,179690
1434,EC,BC,233768
1434,EC,MBC,234266
1434,EC,OC,226469
1434,EC,SC,235095
1434,EE,OC,240774
1434,ME,OC,242709
1434,SC,BC,192943
1434,SC,MBC,207207
1434,SC,OC,168763
1434,SC,SC,213420
1434,SC,SCA,234181
1436,AD,OC,246214
1436,CE,OC,146031
1436,CS,MBC,153000
1436,CS,OC,232156
1436,EC,OC,237533
1436,EE,OC,229761
1436,ME,OC,209217
1437,AD,BC,222219
1437,AD,MBC,194221
1437,AD,OC,183433
1437,AD,SC,238902
1437,AD,ST,204377
1437,AU,OC,156287
1437,CE,OC,217036
1437,CS,BC,220297
1437,CS,MBC,242442
1437,CS,OC,136462
1437,CS,SC,229764
1437,CS,SCA,175433
1437,CS,ST,142363
1437,EC,BC,229823
1437,EC,MBC,239848
1437,EC,OC,223353
1437,EC,SC,244284
1437,EC,SCA,235105
1437,EE,BC,196779
1437,EE,OC,228231
1437,EE,SC,186784
1437,IT,BC,235475
1437,IT,MBC,206171
1437,IT,OC,193276
1437,IT,SC,233151
1437,ME,BC,249108
1437,ME,OC,206236
1437,ME,SC,173952
1437,SC,BC,225387
1437,SC,MBC,216723
1437,SC,OC,181393
1437,SC,SC,250731
1438,CS,BC,233350
1438,CS,MBC,238386
1438,CS,OC,235710
1438,EC,OC,244289
1438,EE,OC,90682
1438,ME,OC,238178
1441,AD,BC,244240
1441,AD,MBC,240973
1441,AD,OC,194447
1441,AD,SC,240997
1441,AD,ST,245769
1441,CE,BC,236553
1441,CE,MBC,252309
1441,CE,OC,218803
1441,CE,SC,238125
1441,CS,BC,237481
1441,CS,MBC,234569
1441,CS,OC,176985
1441,CS,SC,224190
1441,EC,BC,239790
1441,EC,MBC,244768
1441,EC,OC,207628
1441,EC,SC,243610
1441,EE,BC,246830
1441,EE,MBC,245583
1441,EE,OC,246026
1441,EE,SC,247925
1441,IT,BC,245658
1441,IT,MBC,220235
1441,IT,OC,201687
1441,IT,SC,249736
1441,IT,SCA,214047
1441,ME,BC,176219
1441,ME,MBC,174214
1441,ME,OC,245832
1442,AD,BC,37930
1442,AD,MBC,9186
1442,AD,OC,8869
1442,AD,SC,194916
1442,AD,SCA,125312
1442,BM,BC,170071
1442,BM,MBC,209187
1442,BM,OC,227096
1442,BM,SC,144104
1442,CS,BC,81578
1442,CS,MBC,77303
1442,CS,OC,23356
1442,CS,SC,205941
1442,SC,BC,82818
1442,SC,MBC,95262
1442,SC,OC,19118
1442,SC,SC,213637
1442,SC,ST,207573
1444,AD,OC,251844
1444,CS,BC,178586
1444,CS,MBC,196555
1444,CS,OC,243813
1444,CS,SC,191977
1444,CS,SCA,197227
1444,EC,OC,248112
1444,ME,OC,261723
1444,SC,OC,211151
1445,AD,BC,227893
1445,AD,MBC,224823
1445,AD,OC,170410
1445,CE,OC,136133
1445,CS,MBC,210101
1445,CS,OC,153298
1445,EC,OC,216730
1445,EE,OC,130403
1445,ME,OC,242191
1445,SC,OC,237312
1449,AD,BC,252065
1449,AD,MBC,196012
1449,AD,OC,172675
1449,AD,SC,241814
1449,AG,MBC,174144
1449,AG,OC,241745
1449,CE,OC,194807
1449,CS,BC,165686
1449,CS,MBC,197960
1449,CS,OC,164061
1449,CS,SC,196979
1449,CS,ST,170538
1449,EC,BC,198601
1449,EC,MBC,227684
1449,EC,OC,201803
1449,EC,SC,191759
1449,IT,MBC,232633
1449,IT,OC,204856
1449,ME,OC,225168
1450,AD,BC,25076
1450,AD,MBC,30696
1450,AD,OC,17433
1450,AD,SC,30399
1450,AD,ST,52786
1450,CS,BC,17194
1450,CS,MBC,21402
1450,CS,OC,8206
1450,CS,SC,38231
1450,CS,SCA,82539
1450,CS,ST,95019
1450,EC,BC,22602
1450,EC,MBC,25973
1450,EC,OC,15936
1450,EC,SC,44387
1450,EC,SCA,92716
1450,EC,ST,162438
1450,EE,BC,37055
1450,EE,MBC,41275
1450,EE,OC,27117
1450,EE,SC,46277
1450,EE,SCA,157094
1450,IT,BC,31801
1450,IT,MBC,33249
1450,IT,OC,17336
1450,IT,SC,36628
1450,IT,SCA,43947
1450,ME,BC,66091
1450,ME,MBC,48122
1450,ME,OC,41082
1450,ME,SC,60756
1450,ME,SCA,165368
1452,AD,BC,236520
1452,AD,MBC,232096
1452,AD,OC,137869
1452,AD,SC,246019
1452,AM,BC,248522
1452,AM,MBC,234110
1452,AM,OC,192357
1452,AM,SC,234693
1452,CA,BC,234103
1452,CA,MBC,192155
1452,CA,OC,184503
1452,CA,SC,234713
1452,CB,MBC,201336
1452,CB,OC,239245
1452,CB,SC,161415
1452,CD,OC,226805
1452,CE,OC,246249
1452,CF,BC,235277
1452,CF,MBC,232509
1452,CF,OC,218701
1452,CS,BC,239263
1452,CS,MBC,234095
1452,CS,OC,152767
1452,CS,SC,241903
1452,EC,BC,241962
1452,EC,MBC,228512
1452,EC,OC,142078
1452,EC,SC,235038
1452,EE,BC,235035
1452,EE,MBC,240086
1452,EE,OC,213371
1452,EE,SC,214501
1452,IT,BC,244029
1452,IT,MBC,232014
1452,IT,OC,181169
1452,IT,SC,222370
1452,ME,BC,217473
1452,ME,MBC,222239
1452,ME,OC,211767
1452,RI,OC,224018
1452,SC,BC,209923
1452,SC,MBC,237046
1452,SC,OC,152046
1452,SC,SC,249634
1501,AD,BC,171816
1501,AD,MBC,157887
1501,AD,OC,146105
1501,AD,SC,218705
1501,CE,MBC,234577
1501,CE,OC,242884
1501,CS,BC,165649
1501,CS,MBC,155168
1501,CS,OC,108290
1501,CS,SC,211508
1501,EC,BC,173077
1501,EC,MBC,156620
1501,EC,OC,133716
1501,EC,SC,161632
1501,EE,BC,225506
1501,EE,MBC,193601
1501,EE,OC,175559
1501,EE,SC,182204
1501,IT,BC,173798
1501,IT,MBC,152194
1501,IT,OC,117797
1501,IT,SC,191112
1501,ME,BC,240800
1501,ME,MBC,234487
1501,ME,OC,194154
1501,SC,BC,175499
1501,SC,MBC,144221
1501,SC,OC,137816
1501,SC,SC,232071
1503,AD,BC,238091
1503,AD,OC,236365
1503,BT,OC,189877
1503,CE,OC,248038
1503,CS,OC,239685
1503,EC,OC,231032
1503,EE,OC,240964
1503,IC,OC,162982
1503,IT,MBC,187881
1503,IT,OC,107393
1503,ME,OC,211064
1504,AD,BC,164923
1504,AD,MBC,142278
1504,AD,OC,76491
1504,AD,SC,214778
1504,AD,SCA,195807
1504,AD,ST,206432
1504,AG,MBC,171012
1504,AG,OC,227389
1504,AG,SC,166543
1504,AM,BC,165951
1504,AM,MBC,139571
1504,AM,OC,118859
1504,AM,SC,223284
1504,BT,BC,222758
1504,BT,MBC,191174
1504,BT,OC,164978
1504,BT,SC,236637
1504,CE,BC,226119
1504,CE,MBC,215332
1504,CE,OC,172270
1504,CE,SC,186719
1504,CH,BC,170319
1504,CH,MBC,230033
1504,CH,OC,201956
1504,CS,BC,175886
1504,CS,MBC,154197
1504,CS,OC,94331
1504,CS,SC,229940
1504,CS,SCA,177942
1504,CS,ST,155817
1504,EC,BC,169922
1504,EC,MBC,147226
1504,EC,OC,102648
1504,EC,SC,217126
1504,EE,BC,220931
1504,EE,MBC,164068
1504,EE,OC,146487
1504,EE,SC,229285
1504,EE,SCA,191740
1504,IT,BC,172292
1504,IT,MBC,148076
1504,IT,OC,115396
1504,IT,SC,201087
1504,IT,SCA,145971
1504,IT,ST,234027
1504,ME,BC,245689
1504,ME,MBC,204349
1504,ME,OC,175123
1504,ME,SC,229198
1504,SC,BC,153556
1504,SC,MBC,147212
1504,SC,OC,127048
1504,SC,SC,232569
1504,SC,SCA,161941
1505,AD,BC,117978
1505,AD,MBC,93513
1505,AD,OC,57602
1505,AD,SC,187835
1505,AD,SCA,226891
1505,AM,BC,151221
1505,AM,MBC,146371
1505,AM,OC,85582
1505,AM,SC,183884
1505,CE,OC,173269
1505,CS,BC,144893
1505,CS,MBC,147146
1505,CS,OC,81577
1505,CS,SC,233378
1505,CS,SCA,208876
1505,EC,BC,142931
1505,EC,MBC,144739
1505,EC,OC,84843
1505,EC,SC,229097
1505,EC,SCA,172255
1505,EE,BC,189198
1505,EE,MBC,167083
1505,EE,OC,130288
1505,EE,SC,236689
1505,IT,BC,164664
1505,IT,MBC,145423
1505,IT,OC,103580
1505,IT,SC,246009
1505,ME,BC,241500
1505,ME,MBC,244646
1505,ME,OC,190084
1505,ME,SC,211976
1507,AD,BC,223973
1507,AD,MBC,160356
1507,AD,OC,125168
1507,AD,SC,195227
1507,AD,SCA,234753
1507,CB,BC,239719
1507,CB,MBC,186361
1507,CB,OC,178128
1507,CB,SC,244447
1507,CB,SCA,191232
1507,CS,BC,190552
1507,CS,MBC,162121
1507,CS,OC,140729
1507,CS,SC,219208
1507,CS,SCA,104516
1507,EC,BC,213583
1507,EC,MBC,165510
1507,EC,OC,146711
1507,EC,SC,249963
1507,EC,SCA,164693
1507,EE,BC,247942
1507,EE,MBC,207093
1507,EE,OC,190693
1507,IT,BC,185199
1507,IT,MBC,170083
1507,IT,OC,141601
1507,IT,SC,240621
1507,IT,SCA,230015
1507,ME,BC,236484
1507,ME,MBC,222589
1507,ME,OC,220074
1507,SC,BC,196272
1507,SC,MBC,178860
1507,SC,OC,166059
1507,SC,SC,231693
1507,SC,SCA,198204
1509,AD,BC,86999
1509,AD,MBC,116269
1509,AD,OC,64085
1509,AD,SC,147471
1509,AD,SCA,180391
1509,AM,BC,126322
1509,AM,MBC,141921
1509,AM,OC,82827
1509,AM,SC,162324
1509,AM,SCA,171846
1509,CB,BC,136684
1509,CB,MBC,139759
1509,CB,OC,108515
1509,CB,SC,161067
1509,CE,BC,218276
1509,CE,MBC,206331
1509,CE,OC,160181
1509,CE,SC,223528
1509,CS,BC,105920
1509,CS,MBC,113528
1509,CS,OC,72898
1509,CS,SC,138396
1509,CS,SCA,232034
1509,CS,ST,116357
1509,EC,BC,137699
1509,EC,MBC,139715
1509,EC,OC,109309
1509,EC,SC,163663
1509,EC,SCA,226195
1509,EE,BC,168110
1509,EE,MBC,155291
1509,EE,OC,138724
1509,EE,SC,175962
1509,EI,BC,191279
1509,EI,MBC,177162
1509,EI,OC,140409
1509,EI,SC,188652
1509,IT,BC,136218
1509,IT,MBC,133727
1509,IT,OC,92962
1509,IT,SC,155849
1509,IT,ST,203022
1509,ME,BC,212918
1509,ME,MBC,193573
1509,ME,OC,154719
1509,ME,SC,218190
1510,AD,BC,214094
1510,AD,MBC,160561
1510,AD,OC,136740
1510,AD,SC,171128
1510,AD,SCA,201716
1510,CE,MBC,238251
1510,CE,OC,240115
1510,CE,SC,235263
1510,CS,BC,238409
1510,CS,MBC,185538
1510,CS,OC,151061
1510,CS,SC,246371
1510,CS,SCA,199495
1510,EC,BC,240587
1510,EC,MBC,204145
1510,EC,OC,176334
1510,EC,SC,236174
1510,EC,SCA,155250
1510,EE,BC,173925
1510,EE,MBC,238660
1510,EE,OC,221446
1510,EE,SC,248880
1510,IT,BC,227894
1510,IT,MBC,194129
1510,IT,OC,153199
1510,IT,SC,247730
1510,IT,SCA,129514
1510,ME,BC,228339
1510,ME,MBC,240877
1510,ME,OC,230286
1510,ME,SC,236407
1510,ME,SCA,195315
1511,CE,OC,233291
1511,CS,OC,230114
1511,EC,OC,180342
1511,EE,OC,96390
1512,AD,BC,207035
1512,AD,MBC,172866
1512,AD,OC,140596
1512,AD,SC,202501
1512,AD,ST,174270
1512,AM,BC,223969
1512,AM,MBC,162754
1512,AM,OC,149096
1512,AM,SC,243761
1512,CE,OC,250219
1512,CS,BC,170789
1512,CS,MBC,161638
1512,CS,OC,118848
1512,CS,SC,186634
1512,CS,ST,132518
1512,EC,BC,206230
1512,EC,MBC,173444
1512,EC,OC,101450
1512,EC,SC,197526
1512,EE,BC,238918
1512,EE,MBC,196817
1512,EE,OC,175001
1512,EE,SC,224783
1512,IT,BC,182377
1512,IT,MBC,169797
1512,IT,OC,117722
1512,IT,SC,236363
1512,IT,SCA,185275
1512,ME,BC,237449
1512,ME,MBC,232339
1512,ME,OC,208521
1512,SC,BC,217319
1512,SC,MBC,174784
1512,SC,OC,152997
1512,SC,SC,225480
1513,AD,BC,235265
1513,AD,MBC,225633
1513,AD,OC,173459
1513,AD,SC,229258
1513,AD,SCA,251430
1513,CB,BC,234760
1513,CB,MBC,231697
1513,CB,OC,233108
1513,CE,OC,132089
1513,CS,BC,223425
1513,CS,MBC,215599
1513,CS,OC,139566
1513,CS,SC,245928
1513,EC,BC,244699
1513,EC,MBC,244788
1513,EC,OC,194810
1513,EC,SC,155085
1513,EE,OC,153762
1513,IT,BC,233233
1513,IT,MBC,248779
1513,IT,OC,177874
1513,IT,SC,177825
1513,ME,OC,146024
1514,CS,OC,158448
1516,CE,BC,100305
1516,CE,MBC,82124
1516,CE,OC,66849
1516,CE,SC,107881
1516,CE,SCA,127145
1516,CE,ST,103103
1516,CS,BC,26448
1516,CS,MBC,25512
1516,CS,OC,14182
1516,CS,SC,65732
1516,CS,SCA,75999
1516,CS,ST,51304
1516,EC,BC,48425
1516,EC,MBC,37072
1516,EC,OC,27083
1516,EC,SC,75924
1516,EC,SCA,149415
1516,EC,ST,191603
1516,EE,BC,78339
1516,EE,MBC,70887
1516,EE,OC,44355
1516,EE,SC,105612
1516,EE,SCA,163906
1516,EE,ST,102245
1516,ME,BC,105351
1516,ME,MBC,96571
1516,ME,OC,73481
1516,ME,SC,129366
1516,ME,SCA,189131
1516,ME,ST,161996
1516,RM,BC,82031
1516,RM,MBC,62429
1516,RM,OC,42849
1516,RM,SC,102779
1516,RM,SCA,127864
1516,RM,ST,185966
1517,AD,BC,223214
1517,AD,MBC,174463
1517,AD,OC,142327
1517,AD,SC,210111
1517,AD,SCA,233756
1517,AG,OC,221883
1517,CE,OC,246504
1517,CS,BC,246694
1517,CS,MBC,244394
1517,CS,OC,210368
1517,CS,SC,247221
1517,CS,ST,154420
1517,EC,MBC,234344
1517,EC,OC,219134
1517,EC,SC,235204
1517,EE,OC,184186
1517,IT,BC,219190
1517,IT,MBC,219470
1517,IT,OC,164388
1517,IT,SC,204998
1517,ME,OC,242925
1518,AE,OC,105717
1518,AM,BC,248741
1518,AM,MBC,240796
1518,AM,OC,210210
1518,AM,SC,235481
1518,AM,SCA,197112
1518,AU,OC,207498
1518,CE,OC,247329
1518,CS,BC,232038
1518,CS,MBC,235983
1518,CS,OC,201907
1518,CS,SC,241632
1518,CS,SCA,198868
1518,CS,ST,180343
1518,EC,BC,233077
1518,EC,MBC,249016
1518,EC,OC,204256
1518,EC,SC,236702
1518,EE,MBC,237901
1518,EE,OC,241906
1518,EE,SC,236667
1518,EI,OC,194505
1518,IT,BC,240426
1518,IT,MBC,223610
1518,IT,OC,190810
1518,IT,SC,228873
1518,IT,SCA,245582
1518,ME,OC,241076
1519,AD,BC,260063
1519,AD,MBC,181278
1519,AD,OC,150031
1519,AD,SC,194872
1519,AD,SCA,195088
1519,CE,OC,154478
1519,CS,BC,246937
1519,CS,MBC,219527
1519,CS,OC,192641
1519,CS,SC,234823
1519,CS,SCA,217431
1519,CS,ST,161887
1519,EC,BC,246843
1519,EC,MBC,222478
1519,EC,OC,211119
1519,EC,SC,234052
1519,EC,SCA,244947
1519,EE,BC,150624
1519,EE,MBC,246328
1519,EE,OC,234641
1519,EE,SC,248420
1519,IT,BC,244404
1519,IT,MBC,216753
1519,IT,OC,169065
1519,IT,SC,233646
1519,IT,SCA,180826
1519,ME,OC,246726
1520,AD,BC,132524
1520,AD,MBC,109800
1520,AD,OC,54208
1520,AD,SC,208681
1520,AD,SCA,170994
1520,AM,BC,141126
1520,AM,MBC,138837
1520,AM,OC,117160
1520,AM,SC,238370
1520,CB,BC,160961
1520,CB,MBC,155931
1520,CB,OC,131963
1520,CB,SC,138413
1520,CS,BC,186364
1520,CS,MBC,137539
1520,CS,OC,93982
1520,CS,SC,224478
1520,CS,SCA,162344
1520,CS,ST,172348
1520,EC,BC,192672
1520,EC,MBC,131084
1520,EC,OC,79528
1520,EC,SC,229353
1520,EC,SCA,95124
1520,IT,BC,162583
1520,IT,MBC,129896
1520,IT,OC,102232
1520,IT,SC,168924
1520,IT,SCA,154140
1520,ME,BC,194392
1520,ME,MBC,238524
1520,ME,OC,183582
1520,ME,SC,233131
1523,AD,BC,170221
1523,AD,MBC,172202
1523,AD,OC,120360
1523,AD,SC,212314
1523,AD,SCA,220844
1523,AD,ST,204712
1523,AM,BC,210210
1523,AM,MBC,177893
1523,AM,OC,147744
1523,AM,SC,227739
1523,AM,SCA,208961
1523,AU,OC,201478
1523,CS,BC,233991
1523,CS,MBC,197650
1523,CS,OC,169422
1523,CS,SC,244695
1523,CS,SCA,205032
1523,EC,BC,235794
1523,EC,MBC,203432
1523,EC,OC,166960
1523,EC,SC,194525
1523,EC,ST,144170
1523,EE,BC,248127
1523,EE,MBC,214785
1523,EE,OC,205305
1523,EE,SC,210189
1523,EE,SCA,151799
1523,IT,BC,232909
1523,IT,MBC,198636
1523,IT,OC,173670
1523,IT,SC,234274
1523,IT,SCA,226348
1523,ME,BC,231952
1523,ME,MBC,228534
1523,ME,OC,216720
1524,CE,OC,197175
1524,CS,BC,226337
1524,CS,MBC,223788
1524,CS,OC,224183
1524,EC,OC,159314
1524,EE,OC,214027
1524,IT,BC,239288
1524,IT,MBC,232872
1524,IT,OC,201316
1524,IT,SC,224917
1524,ME,OC,164994
1525,AD,BC,216008
1525,AD,MBC,234001
1525,AD,OC,202252
1525,AD,SC,236641
1525,AD,ST,233696
1525,CE,OC,224469
1525,CS,BC,211688
1525,CS,MBC,244465
1525,CS,OC,194537
1525,CS,SC,247088
1525,EC,MBC,156135
1525,EC,OC,240086
1525,EC,SC,156034
1525,EE,OC,241966
1525,IT,BC,238806
1525,IT,MBC,238458
1525,IT,OC,232612
1525,IT,SC,226791
1525,ME,OC,249179
1526,CS,OC,218384
1526,EC,OC,243872
1526,EE,OC,219945
1526,ME,OC,234972
1529,CS,OC,233362
1529,EC,OC,128968
1529,EE,OC,192588
1529,ME,OC,231783
1533,AD,BC,83238
1533,AD,MBC,90398
1533,AD,OC,38888
1533,AD,SC,125201
1533,CS,BC,90078
1533,CS,MBC,55369
1533,CS,OC,38025
1533,CS,SC,130625
1533,CS,SCA,122182
1533,IT,OC,37783
1533,IT,SC,122122
1605,CS,BC,229065
1605,CS,MBC,190686
1605,CS,OC,147732
1605,CS,SC,239933
1605,CS,SCA,213165
1605,CS,ST,193235
1605,EC,BC,69544
1605,EC,MBC,174096
1605,EC,OC,237737
1605,EC,SC,207843
1605,EC,ST,233241
1605,EE,BC,164914
1605,EE,OC,96013
1605,IT,BC,174152
1605,IT,MBC,167276
1605,IT,OC,132719
1605,IT,SC,237399
1605,IT,SCA,146399
2005,AM,BC,5569
2005,AM,MBC,4803
2005,AM,OC,3319
2005,AM,SC,15774
2005,AM,SCA,23635
2005,CE,BC,36060
2005,CE,MBC,30340
2005,CE,OC,17020
2005,CE,SC,44788
2005,CE,SCA,46216
2005,CE,ST,22930
2005,CS,BC,4216
2005,CS,MBC,2749
2005,CS,OC,1990
2005,CS,SC,9303
2005,CS,SCA,7618
2005,CS,ST,15942
2005,EC,BC,4124
2005,EC,MBC,3846
2005,EC,OC,2377
2005,EC,SC,17731
2005,EC,SCA,24187
2005,EC,ST,21243
2005,EE,BC,9292
2005,EE,MBC,9249
2005,EE,OC,5160
2005,EE,SC,20349
2005,EE,SCA,40639
2005,EE,ST,5683
2005,EI,BC,12199
2005,EI,MBC,12961
2005,EI,OC,8286
2005,EI,SC,34665
2005,EI,SCA,53429
2005,EI,ST,42554
2005,IB,BC,59781
2005,IB,MBC,49943
2005,IB,OC,26213
2005,IB,SC,76834
2005,IB,SCA,107120
2005,IB,ST,55421
2005,IT,BC,5544
2005,IT,MBC,4210
2005,IT,OC,3110
2005,IT,SC,13362
2005,IT,SCA,30834
2005,IT,ST,36938
2005,ME,BC,19356
2005,ME,MBC,20938
2005,ME,OC,12897
2005,ME,SC,45865
2005,ME,SCA,51760
2005,ME,ST,29557
2005,PR,BC,32856
2005,PR,MBC,40028
2005,PR,OC,27645
2005,PR,SC,71693
2005,PR,SCA,106211
2005,PR,ST,9409
2006,AS,BC,31213
2006,AS,MBC,31662
2006,AS,OC,17101
2006,AS,SC,60941
2006,AS,SCA,142561
2006,AS,ST,84852
2006,BS,BC,14915
2006,BS,MBC,22897
2006,BS,OC,6360
2006,BS,SC,44338
2006,BS,SCA,26658
2006,BS,ST,13031
2006,BY,BC,18926
2006,BY,MBC,19123
2006,BY,OC,10751
2006,BY,SC,37711
2006,BY,SCA,48274
2006,BY,ST,8082
2006,CE,BC,9774
2006,CE,MBC,10362
2006,CE,OC,5535
2006,CE,SC,18833
2006,CE,SCA,36934
2006,CE,ST,29661
2006,CG,BC,2416
2006,CG,MBC,2161
2006,CG,OC,832
2006,CG,SC,6852
2006,CG,SCA,6859
2006,CG,ST,17655
2006,CM,BC,1862
2006,CM,MBC,1223
2006,CM,OC,342
2006,CM,SC,8848
2006,CM,SCA,16402
2006,CM,ST,40445
2006,CN,BC,23372
2006,CN,MBC,18739
2006,CN,OC,12046
2006,CN,SC,49722
2006,CN,SCA,11130
2006,CN,ST,127640
2006,EC,BC,827
2006,EC,MBC,1557
2006,EC,OC,334
2006,EC,SC,5615
2006,EC,SCA,5352
2006,EC,ST,22992
2006,EE,BC,4393
2006,EE,MBC,3204
2006,EE,OC,1611
2006,EE,SC,15164
2006,EE,SCA,36610
2006,EE,ST,57974
2006,EM,BC,1534
2006,EM,MBC,2382
2006,EM,OC,1110
2006,EM,SC,11460
2006,EM,SCA,28398
2006,EM,ST,12769
2006,ES,BC,12531
2006,ES,MBC,16853
2006,ES,OC,8570
2006,ES,SC,43425
2006,ES,SCA,71189
2006,ES,ST,42527
2006,EY,BC,4038
2006,EY,MBC,4005
2006,EY,OC,2930
2006,EY,SC,23127
2006,EY,SCA,35577
2006,EY,ST,42916
2006,FY,BC,40404
2006,FY,MBC,57480
2006,FY,OC,31621
2006,FY,SC,99396
2006,FY,SCA,87763
2006,FY,ST,190640
2006,IM,BC,2985
2006,IM,MBC,2208
2006,IM,OC,1328
2006,IM,SC,15406
2006,IM,SCA,19504
2006,IM,ST,9915
2006,IY,BC,14689
2006,IY,MBC,12472
2006,IY,OC,6640
2006,IY,SC,31918
2006,IY,SCA,82232
2006,IY,ST,164526
2006,ME,BC,6474
2006,ME,MBC,8631
2006,ME,OC,4652
2006,ME,SC,25931
2006,ME,SCA,36726
2006,ME,ST,50292
2006,MF,BC,9354
2006,MF,MBC,10842
2006,MF,OC,7362
2006,MF,SC,44761
2006,MF,SCA,79056
2006,MF,ST,120932
2006,MS,BC,28648
2006,MS,MBC,31326
2006,MS,OC,17419
2006,MS,SC,48962
2006,MS,SCA,75999
2006,MS,ST,99950
2006,MT,BC,22717
2006,MT,MBC,20035
2006,MT,OC,14880
2006,MT,SC,69047
2006,MT,SCA,77195
2006,MT,ST,86941
2006,MY,BC,30638
2006,MY,MBC,30923
2006,MY,OC,20605
2006,MY,SC,77858
2006,MY,SCA,86748
2006,PN,BC,26970
2006,PN,MBC,22178
2006,PN,OC,20627
2006,PN,SC,71444
2006,PN,SCA,119653
2006,PR,BC,22333
2006,PR,MBC,20340
2006,PR,OC,15694
2006,PR,SC,60243
2006,PR,SCA,63140
2006,PR,ST,76487
2006,PS,BC,87969
2006,PS,MBC,47809
2006,PS,OC,32452
2006,PS,SC,90818
2006,PS,SCA,143348
2006,PS,ST,143892
2006,RA,BC,10285
2006,RA,MBC,9824
2006,RA,OC,4327
2006,RA,SC,29412
2006,RA,SCA,30395
2006,RA,ST,39434
2006,TT,BC,62520
2006,TT,MBC,59574
2006,TT,OC,34691
2006,TT,SC,101074
2006,TT,SCA,154389
2006,TX,BC,42114
2006,TX,MBC,49891
2006,TX,OC,35211
2006,TX,SC,99737
2006,TX,SCA,184614
2007,AT,BC,3291
2007,AT,MBC,3719
2007,AT,OC,2354
2007,AT,SC,15998
2007,AT,SCA,33708
2007,AT,ST,39112
2007,CE,BC,26782
2007,CE,MBC,22103
2007,CE,OC,15220
2007,CE,SC,41999
2007,CE,SCA,92662
2007,CE,ST,41130
2007,CH,BC,14397
2007,CH,MBC,19901
2007,CH,OC,9962
2007,CH,SC,44681
2007,CH,SCA,88302
2007,CH,ST,26243
2007,CL,BC,18726
2007,CL,MBC,32416
2007,CL,OC,18006
2007,CL,SC,61189
2007,CL,SCA,112708
2007,CL,ST,135642
2007,CM,BC,3507
2007,CM,MBC,2828
2007,CM,OC,2085
2007,CM,SC,19433
2007,CM,SCA,47376
2007,CM,ST,35271
2007,CN,BC,27719
2007,CN,MBC,29134
2007,CN,OC,20532
2007,CN,SC,58241
2007,CS,BC,2200
2007,CS,MBC,2210
2007,CS,OC,1429
2007,CS,SC,8945
2007,CS,SCA,18440
2007,CS,ST,13749
2007,EC,BC,3199
2007,EC,MBC,2688
2007,EC,OC,1895
2007,EC,SC,14778
2007,EC,SCA,9625
2007,EC,ST,7221
2007,EE,BC,5119
2007,EE,MBC,6436
2007,EE,OC,3995
2007,EE,SC,24448
2007,EE,SCA,36181
2007,EE,ST,85009
2007,EM,BC,3951
2007,EM,MBC,3462
2007,EM,OC,2621
2007,EM,SC,19543
2007,EM,SCA,47479
2007,EM,ST,42633
2007,EY,BC,9666
2007,EY,MBC,9412
2007,EY,OC,6465
2007,EY,SC,42212
2007,EY,SCA,28602
2007,EY,ST,43681
2007,IM,BC,3670
2007,IM,MBC,3687
2007,IM,OC,2601
2007,IM,SC,19222
2007,IM,SCA,47263
2007,IM,ST,18401
2007,ME,BC,11845
2007,ME,MBC,16454
2007,ME,OC,9585
2007,ME,SC,39530
2007,ME,SCA,81082
2007,ME,ST,91724
2007,MF,BC,30919
2007,MF,MBC,25625
2007,MF,OC,14795
2007,MF,SC,53725
2007,MF,SCA,97318
2007,MF,ST,167977
2025,AD,BC,26742
2025,AD,MBC,14666
2025,AD,OC,8426
2025,AD,SC,17771
2025,AD,SCA,30626
2025,AD,ST,84747
2025,CS,BC,16169
2025,CS,MBC,13988
2025,CS,OC,6641
2025,CS,SC,26463
2025,CS,SCA,29886
2025,CS,ST,32598
2025,EC,BC,21383
2025,EC,MBC,18015
2025,EC,OC,12971
2025,EC,SC,29336
2025,EC,SCA,23006
2025,EC,ST,36810
2025,EE,BC,36676
2025,EE,MBC,39017
2025,EE,OC,27361
2025,EE,SC,58399
2025,EE,SCA,63648
2025,EE,ST,38351
2025,EV,BC,39817
2025,EV,MBC,34310
2025,EV,OC,27327
2025,EV,SC,68179
2025,EV,SCA,39139
2025,EV,ST,58990
2025,ME,BC,48627
2025,ME,MBC,52831
2025,ME,OC,40235
2025,ME,SC,86555
2025,ME,SCA,104160
2025,ME,ST,221318
2302,AD,BC,243576
2302,AD,MBC,246742
2302,AD,OC,181065
2302,AD,SC,247719
2302,AD,SCA,243786
2302,AD,ST,224770
2302,AG,BC,254826
2302,AG,MBC,246328
2302,AG,OC,171043
2302,AG,SC,240030
2302,AG,SCA,171491
2302,BM,BC,243537
2302,BM,MBC,241967
2302,BM,OC,171738
2302,BM,SC,240203
2302,BM,SCA,218955
2302,CS,BC,222881
2302,CS,MBC,184158
2302,CS,OC,122361
2302,CS,SC,241331
2302,CS,SCA,242538
2302,EC,BC,239157
2302,EC,MBC,188253
2302,EC,OC,152382
2302,EC,SC,243897
2302,EC,SCA,217088
2302,IT,BC,240167
2302,IT,MBC,224178
2302,IT,OC,132217
2302,IT,SC,244209
2302,IT,SCA,125412
2302,ME,BC,252368
2302,ME,MBC,240123
2302,ME,OC,206410
2302,ME,SC,255330
2302,ME,SCA,206560
2302,SC,BC,209837
2302,SC,MBC,211540
2302,SC,OC,147486
2302,SC,SC,237718
2302,SC,SCA,206441
2314,AD,BC,204175
2314,AD,MBC,179900
2314,AD,OC,186218
2314,AD,SC,130872
2314,AD,SCA,174970
2314,AG,BC,85661
2314,AG,OC,207416
2314,AG,SC,80071
2314,CS,BC,199684
2314,CS,MBC,183945
2314,CS,OC,186684
2314,CS,SC,126883
2314,EC,BC,177208
2314,EC,MBC,174469
2314,EC,OC,121876
2314,EC,SC,164089
2314,EC,SCA,135850
2314,EE,BC,203830
2314,EE,MBC,197794
2314,EE,OC,199935
2314,EE,SCA,138168
2327,AD,BC,248105
2327,AD,MBC,249167
2327,AD,OC,186139
2327,AD,SC,247941
2327,AD,SCA,190147
2327,CE,BC,248607
2327,CE,MBC,231948
2327,CE,OC,191506
2327,CE,SC,200724
2327,CS,BC,238113
2327,CS,MBC,235748
2327,CS,OC,187761
2327,CS,SC,245924
2327,CS,SCA,216840
2327,EC,BC,246204
2327,EC,MBC,244110
2327,EC,OC,224731
2327,EC,SC,246566
2327,EC,SCA,241471
2327,EC,ST,147619
2327,EE,BC,232083
2327,EE,MBC,228173
2327,EE,OC,227971
2327,EE,SC,194813
2327,EE,SCA,253541
2327,IT,BC,247609
2327,IT,MBC,246163
2327,IT,OC,200491
2327,IT,SC,246317
2327,IT,SCA,252538
2327,ME,BC,247674
2327,ME,MBC,245104
2327,ME,OC,214743
2327,ME,SC,247120
2327,ME,SCA,173874
2328,BM,BC,160170
2328,BM,MBC,151053
2328,BM,OC,97507
2328,BM,SC,193808
2328,BM,SCA,106982
2328,CS,BC,138202
2328,CS,MBC,107118
2328,CS,OC,90543
2328,CS,SC,146709
2328,EC,BC,159576
2328,EC,MBC,105323
2328,EC,OC,102160
2328,EC,SC,153046
2328,EC,SCA,137876
2328,EE,BC,152257
2328,EE,MBC,137539
2328,EE,OC,116901
2328,EE,SC,192653
2328,EE,SCA,133981
2328,IT,BC,101212
2328,IT,MBC,98651
2328,IT,OC,98427
2328,IT,SC,154183
2328,IT,SCA,136767
2328,ME,BC,187161
2328,ME,MBC,196189
2328,ME,OC,161064
2328,ME,SC,151904
2328,ME,SCA,183094
2328,SC,BC,193016
2328,SC,MBC,116313
2328,SC,OC,88029
2328,SC,SC,150611
2329,AD,BC,72855
2329,AD,MBC,72019
2329,AD,OC,32302
2329,AD,SC,134966
2329,AD,SCA,96438
2329,AD,ST,62009
2329,AG,BC,60295
2329,AG,MBC,73037
2329,AG,OC,64775
2329,AG,SC,142040
2329,AG,SCA,107030
2329,AM,BC,63253
2329,AM,MBC,78592
2329,AM,OC,49833
2329,AM,SC,129325
2329,AM,SCA,118557
2329,AM,ST,123040
2329,BM,BC,102554
2329,BM,MBC,111181
2329,BM,OC,77195
2329,BM,SC,129656
2329,BM,SCA,230966
2329,BT,BC,65113
2329,BT,MBC,72964
2329,BT,OC,64355
2329,BT,SC,141253
2329,BT,SCA,141554
2329,BT,ST,238050
2329,CS,BC,61515
2329,CS,MBC,64996
2329,CS,OC,37928
2329,CS,SC,110994
2329,CS,SCA,113746
2329,CS,ST,179905
2329,EC,BC,69561
2329,EC,MBC,74298
2329,EC,OC,51486
2329,EC,SC,139932
2329,EC,SCA,177787
2329,EC,ST,198807
2329,IT,BC,68199
2329,IT,MBC,75934
2329,IT,OC,50138
2329,IT,SC,143920
2329,IT,SCA,157180
2329,IT,ST,155765
2329,ME,BC,60303
2329,ME,MBC,64854
2329,ME,OC,57905
2329,ME,SC,132511
2329,ME,SCA,160130
2329,MZ,BC,72526
2329,MZ,MBC,80529
2329,MZ,OC,75498
2329,MZ,SC,146381
2329,MZ,ST,75669
2329,SC,BC,80244
2329,SC,MBC,82332
2329,SC,OC,55594
2329,SC,SC,143931
2329,SC,SCA,195298
2329,SC,ST,185681
2329,XS,BC,71875
2329,XS,MBC,71911
2329,XS,OC,52311
2329,XS,SC,145042
2329,XS,SCA,164180
2332,AD,OC,233679
2332,CS,OC,196398
2332,ME,OC,97882
2338,AD,BC,233670
2338,AD,MBC,247202
2338,AD,OC,191663
2338,AD,SC,214765
2338,AD,SCA,238507
2338,AG,BC,208176
2338,AG,MBC,165965
2338,AG,OC,245475
2338,AG,SC,208674
2338,AG,SCA,197506
2338,AG,ST,151473
2338,BM,BC,240690
2338,BM,MBC,152234
2338,BM,OC,230893
2338,BM,SC,245212
2338,BM,SCA,199260
2338,CS,BC,244058
2338,CS,MBC,244319
2338,CS,OC,166366
2338,CS,SC,234137
2338,CS,SCA,205454
2338,CS,ST,227788
2338,EE,MBC,150716
2338,EE,OC,245404
2338,EE,SC,151670
2338,IT,BC,245686
2338,IT,MBC,241622
2338,IT,OC,214936
2338,IT,SC,245265
2338,IT,SCA,226763
2338,IT,ST,174268
2338,ME,BC,165703
2338,ME,MBC,162750
2338,ME,OC,246595
2338,ME,SC,210395
2338,ME,ST,167578
2341,AD,BC,248562
2341,AD,MBC,235335
2341,AD,OC,218728
2341,AD,SC,236785
2341,BM,BC,155200
2341,BM,MBC,248107
2341,BM,OC,245139
2341,BM,SC,155940
2341,CE,OC,242745
2341,CS,BC,243309
2341,CS,MBC,247975
2341,CS,OC,213642
2341,CS,SC,247651
2341,CS,SCA,155700
2341,CS,ST,152912
2341,EC,BC,247779
2341,EC,MBC,233521
2341,EC,OC,222464
2341,EC,SC,236798
2341,EE,MBC,251233
2341,EE,OC,228408
2341,IT,BC,147102
2341,IT,MBC,248014
2341,IT,OC,232091
2341,IT,SC,239321
2341,ME,OC,245047
2342,AD,BC,177764
2342,AD,MBC,190614
2342,AD,OC,127214
2342,AD,SC,235911
2342,AD,SCA,145359
2342,AD,ST,169216
2342,CE,BC,235612
2342,CE,MBC,238586
2342,CE,OC,218839
2342,CE,SCA,219165
2342,CS,BC,237667
2342,CS,MBC,204237
2342,CS,OC,134475
2342,CS,SC,243704
2342,CS,SCA,236608
2342,CS,ST,158976
2342,EC,BC,184983
2342,EC,MBC,201439
2342,EC,OC,143593
2342,EC,SC,239876
2342,EC,SCA,202421
2342,EE,BC,208699
2342,EE,MBC,223525
2342,EE,OC,198975
2342,EE,SC,239274
2342,IT,BC,198444
2342,IT,MBC,178077
2342,IT,OC,137772
2342,IT,SC,190228
2342,IT,SCA,202822
2342,IT,ST,171482
2342,ME,BC,251298
2342,ME,MBC,245409
2342,ME,OC,193245
2342,ME,SC,222356
2342,ME,SCA,226566
2343,HT,BC,85188
2343,HT,MBC,88861
2343,HT,OC,49406
2343,HT,SC,81267
2343,HT,SCA,106541
2343,HT,ST,143084
2345,AD,BC,222923
2345,AD,MBC,150155
2345,AD,OC,140466
2345,AD,SC,242506
2345,AD,SCA,197408
2345,AD,ST,195427
2345,AG,BC,148578
2345,AG,MBC,244961
2345,AG,OC,239831
2345,CE,BC,227941
2345,CE,MBC,195637
2345,CE,OC,157989
2345,CE,SC,245996
2345,CS,BC,223508
2345,CS,MBC,152252
2345,CS,OC,132770
2345,CS,SC,242433
2345,CS,SCA,247218
2345,CS,ST,204927
2345,EC,BC,229041
2345,EC,MBC,147643
2345,EC,OC,124479
2345,EC,SC,239472
2345,EC,SCA,187427
2345,EC,ST,142426
2345,EE,BC,220890
2345,EE,MBC,172913
2345,EE,OC,165248
2345,EE,SC,235134
2345,EE,ST,217027
2345,IT,BC,208113
2345,IT,MBC,158706
2345,IT,OC,152643
2345,IT,SC,248771
2345,IT,SCA,194755
2345,IT,ST,145645
2345,ME,BC,205530
2345,ME,MBC,207853
2345,ME,OC,180731
2345,ME,SC,252989
2345,ME,SCA,237694
2345,RM,BC,206205
2345,RM,MBC,211077
2345,RM,OC,202797
2346,AD,MBC,239162
2346,AD,OC,215667
2346,BM,OC,121524
2346,CE,OC,193587
2346,CS,BC,200744
2346,CS,MBC,242937
2346,CS,OC,242398
2346,CS,SC,156232
2346,CS,SCA,191417
2346,EC,BC,159493
2346,EC,MBC,168346
2346,EC,OC,244742
2346,EC,SC,151337
2346,EE,MBC,233372
2346,EE,OC,241155
2346,IT,MBC,239017
2346,IT,OC,247030
2346,ME,BC,238725
2346,ME,OC,229917
2347,AD,BC,252549
2347,AD,MBC,234403
2347,AD,OC,184058
2347,AD,SC,260141
2347,AD,SCA,237040
2347,AD,ST,200871
2347,AG,BC,182912
2347,AG,MBC,234644
2347,AG,OC,227943
2347,AG,SC,248052
2347,AG,SCA,134744
2347,AG,ST,229917
2347,CS,BC,246156
2347,CS,MBC,225563
2347,CS,OC,173949
2347,CS,SC,239329
2347,CS,SCA,215262
2347,CS,ST,203399
2347,EC,BC,247192
2347,EC,MBC,211925
2347,EC,OC,133721
2347,EC,SC,187664
2347,EC,SCA,198420
2347,EE,BC,244940
2347,EE,MBC,225378
2347,EE,OC,211982
2347,EE,SC,240732
2347,EE,SCA,240073
2347,IT,BC,244919
2347,IT,MBC,229309
2347,IT,OC,205170
2347,IT,SC,248710
2347,IT,SCA,244902
2347,IT,ST,121723
2347,ME,BC,245966
2347,ME,MBC,229213
2347,ME,OC,220485
2347,ME,SC,246371
2347,ME,SCA,247043
2349,AD,BC,109783
2349,AD,MBC,98857
2349,AD,OC,61405
2349,AD,SC,222415
2349,AM,BC,118786
2349,AM,MBC,125523
2349,AM,OC,38341
2349,AM,SC,87356
2349,BM,BC,221097
2349,BM,MBC,203863
2349,BM,OC,120980
2349,BM,SC,245683
2349,BM,SCA,234661
2349,CS,BC,91768
2349,CS,MBC,106037
2349,CS,OC,64712
2349,CS,SC,215791
2349,CS,SCA,137185
2349,CS,ST,217663
2349,EC,BC,100228
2349,EC,MBC,104367
2349,EC,OC,65743
2349,EC,SC,117847
2349,EC,SCA,132681
2349,FD,BC,241944
2349,FD,MBC,251716
2349,FD,OC,161485
2349,FD,SC,238021
2349,FD,SCA,215545
2349,IT,BC,118293
2349,IT,MBC,125708
2349,IT,OC,75698
2349,IT,SC,210057
2349,RM,BC,161441
2349,RM,MBC,212747
2349,RM,OC,89523
2349,RM,SC,227709
2349,RM,SCA,220980
2349,SC,BC,92196
2349,SC,MBC,111226
2349,SC,OC,45746
2349,SC,SC,224703
2350,CE,OC,2217
2350,CS,OC,197322
2350,EC,OC,99808
2350,EE,OC,223988
2354,AD,BC,245703
2354,AD,MBC,247039
2354,AD,OC,204620
2354,AD,SC,213989
2354,AD,SCA,206440
2354,CE,MBC,173414
2354,CE,OC,247007
2354,CE,SC,167907
2354,CS,BC,193822
2354,CS,MBC,225270
2354,CS,OC,173568
2354,CS,SC,216970
2354,CS,SCA,198877
2354,EC,BC,241444
2354,EC,MBC,249968
2354,EC,OC,175002
2354,EC,SC,219312
2354,EC,SCA,174724
2354,EE,BC,227580
2354,EE,MBC,187606
2354,EE,OC,213739
2354,IT,MBC,207582
2354,IT,OC,193390
2354,IT,SC,213207
2354,IT,SCA,208072
2354,ME,BC,248009
2354,ME,MBC,245328
2354,ME,OC,237031
2354,ME,SC,237510
2356,AD,OC,244991
2356,CS,BC,168303
2356,CS,MBC,176518
2356,CS,OC,222827
2356,EC,OC,184243
2356,EE,OC,170569
2356,ME,OC,249109
2357,AD,BC,170233
2357,AD,MBC,146370
2357,AD,OC,91973
2357,AD,SC,246276
2357,AD,SCA,234764
2357,AD,ST,181269
2357,AG,BC,206241
2357,AG,MBC,220357
2357,AG,OC,141670
2357,AG,SC,229523
2357,AG,SCA,214526
2357,AM,BC,131991
2357,AM,MBC,134494
2357,AM,OC,88252
2357,AM,SC,258089
2357,AM,SCA,250468
2357,AM,ST,103008
2357,CE,BC,170836
2357,CE,OC,175199
2357,CS,BC,111327
2357,CS,MBC,111405
2357,CS,OC,51348
2357,CS,SC,235195
2357,CS,SCA,245856
2357,CS,ST,217583
2357,EC,BC,176676
2357,EC,MBC,145624
2357,EC,OC,90601
2357,EC,SC,245949
2357,EC,SCA,215900
2357,EC,ST,159565
2357,EE,BC,205020
2357,EE,MBC,161458
2357,EE,OC,117615
2357,EE,SC,227095
2357,EE,SCA,172888
2357,IT,BC,135231
2357,IT,MBC,133331
2357,IT,OC,87008
2357,IT,SC,243854
2357,IT,SCA,237582
2357,IT,ST,230129
2357,ME,BC,190491
2357,ME,MBC,150942
2357,ME,OC,143165
2357,ME,SC,199718
2357,ME,SCA,207815
2360,AD,BC,233581
2360,AD,MBC,192010
2360,AD,OC,158491
2360,AD,SC,224262
2360,AD,SCA,165442
2360,AD,ST,217657
2360,AG,BC,247555
2360,AG,MBC,245848
2360,AG,OC,196597
2360,AG,SC,235838
2360,AG,SCA,199362
2360,CS,BC,219837
2360,CS,MBC,206880
2360,CS,OC,145438
2360,CS,SC,223253
2360,CS,SCA,199508
2360,EC,BC,217005
2360,EC,MBC,223414
2360,EC,OC,162351
2360,EC,SC,209516
2360,EC,SCA,191094
2360,EC,ST,158207
2360,IT,BC,212016
2360,IT,MBC,209366
2360,IT,OC,157466
2360,IT,SC,210352
2360,IT,SCA,145174
2360,ME,BC,234617
2360,ME,MBC,225218
2360,ME,OC,191340
2360,ME,SC,209303
2360,ME,SCA,246762
2360,MZ,BC,239294
2360,MZ,MBC,237770
2360,MZ,OC,193064
2360,MZ,SC,220525
2361,IF,BC,230024
2361,IF,OC,228954
2367,AD,BC,227864
2367,AD,MBC,209166
2367,AD,OC,136513
2367,AD,SC,203935
2367,AD,SCA,164360
2367,AM,BC,228860
2367,AM,MBC,228659
2367,AM,OC,174882
2367,AM,SC,232311
2367,AM,SCA,214005
2367,CB,BC,225800
2367,CB,MBC,226980
2367,CB,OC,192461
2367,CB,SC,229208
2367,CE,BC,228222
2367,CE,MBC,213501
2367,CE,OC,213458
2367,CE,SC,225392
2367,CS,BC,225212
2367,CS,MBC,236002
2367,CS,OC,163073
2367,CS,SC,226981
2367,CS,SCA,218833
2367,CS,ST,219422
2367,EC,BC,209510
2367,EC,MBC,134502
2367,EC,OC,117698
2367,EC,SC,204542
2367,EC,SCA,177727
2367,IT,BC,222832
2367,IT,MBC,213976
2367,IT,OC,128703
2367,IT,SC,216266
2367,IT,SCA,176125
2367,ME,BC,237256
2367,ME,MBC,213701
2367,ME,OC,173307
2367,ME,SC,206284
2367,ME,SCA,237892
2367,SC,BC,212527
2367,SC,MBC,223907
2367,SC,OC,164086
2367,SC,SC,222101
2367,SC,SCA,185633
2367,SC,ST,239112
2368,CE,OC,136785
2368,CS,OC,170609
2369,CE,BC,167719
2369,CE,MBC,91119
2369,CE,OC,72414
2369,CE,SC,124494
2369,CE,SCA,143845
2369,CE,ST,124345
2369,CS,BC,68335
2369,CS,MBC,39281
2369,CS,OC,28126
2369,CS,SC,58166
2369,CS,SCA,30223
2369,CS,ST,37856
2369,EC,BC,79066
2369,EC,MBC,47542
2369,EC,OC,39278
2369,EC,SC,80539
2369,EC,SCA,78616
2369,EC,ST,41782
2369,EE,BC,90229
2369,EE,MBC,67591
2369,EE,OC,52140
2369,EE,SC,113702
2369,EE,SCA,96333
2369,EE,ST,104668
2369,IT,BC,65024
2369,IT,MBC,51970
2369,IT,OC,33340
2369,IT,SC,69834
2369,IT,SCA,117204
2369,ME,BC,131391
2369,ME,MBC,92686
2369,ME,OC,92606
2369,ME,SC,133532
2369,ME,SCA,129202
2369,ME,ST,139365
2377,AD,BC,8059
2377,AD,MBC,5923
2377,AD,OC,3387
2377,AD,SC,29427
2377,AD,SCA,34775
2377,AD,ST,48730
2377,CB,BC,8608
2377,CB,MBC,7306
2377,CB,OC,3810
2377,CB,SC,30122
2377,CB,SCA,48512
2377,CE,BC,30389
2377,CE,MBC,31159
2377,CE,OC,21767
2377,CE,SC,60457
2377,CE,SCA,68127
2377,CS,BC,4296
2377,CS,MBC,4617
2377,CS,OC,2379
2377,CS,SC,26770
2377,CS,SCA,42676
2377,CS,ST,44260
2377,EC,BC,4628
2377,EC,MBC,5267
2377,EC,OC,2843
2377,EC,SC,28029
2377,EC,SCA,17225
2377,EC,ST,48452
2377,EE,BC,10327
2377,EE,MBC,10555
2377,EE,OC,5939
2377,EE,SC,43109
2377,EE,SCA,50975
2377,EE,ST,140185
2377,EV,BC,5522
2377,EV,MBC,10157
2377,EV,OC,4813
2377,EV,SC,45086
2377,EV,SCA,37828
2377,IC,BC,18066
2377,IC,MBC,16926
2377,IC,OC,10801
2377,IC,SC,77880
2377,IC,SCA,74616
2377,IC,ST,85594
2377,ME,BC,16235
2377,ME,MBC,23995
2377,ME,OC,13981
2377,ME,SC,58346
2377,ME,SCA,63673
2377,ME,ST,153704
2378,EC,OC,80474
2601,AD,BC,200615
2601,AD,MBC,184727
2601,AD,OC,110790
2601,AD,SC,223250
2601,AD,SCA,168950
2601,AE,MBC,236188
2601,AE,OC,218885
2601,AE,SC,212576
2601,AM,BC,206208
2601,AM,MBC,193203
2601,AM,OC,129951
2601,AM,SC,227581
2601,BM,BC,246861
2601,BM,MBC,248001
2601,BM,OC,207729
2601,BM,SC,240096
2601,BT,BC,233268
2601,BT,MBC,233806
2601,BT,OC,178280
2601,BT,SC,188335
2601,CB,BC,208155
2601,CB,MBC,206140
2601,CB,OC,170135
2601,CE,MBC,216321
2601,CE,OC,220492
2601,CH,BC,187299
2601,CH,MBC,227912
2601,CH,OC,179675
2601,CH,SC,175307
2601,CS,BC,179600
2601,CS,MBC,174758
2601,CS,OC,97281
2601,CS,SC,214999
2601,CS,SCA,222611
2601,CS,ST,192706
2601,EC,BC,222159
2601,EC,MBC,167822
2601,EC,OC,123147
2601,EC,SC,245387
2601,EC,SCA,216803
2601,EE,BC,244143
2601,EE,MBC,217466
2601,EE,OC,182567
2601,EE,SC,183130
2601,IT,BC,198881
2601,IT,MBC,184343
2601,IT,OC,107088
2601,IT,SC,238564
2601,IT,SCA,116336
2601,ME,BC,244485
2601,ME,MBC,248783
2601,ME,OC,204701
2601,ME,SC,209127
2601,SC,BC,235735
2601,SC,MBC,203835
2601,SC,OC,154181
2601,SC,SC,253486
2601,SC,SCA,174195
2601,SC,ST,156891
2602,AD,MBC,196179
2602,AD,OC,200402
2602,AG,OC,128557
2602,CS,BC,150658
2602,CS,OC,165631
2602,EC,OC,181778
2602,IT,BC,132136
2602,IT,MBC,141098
2602,IT,OC,175068
2602,MD,OC,159722
2602,ME,OC,190945
2602,RM,OC,239160
2603,CS,BC,22318
2603,CS,MBC,15686
2603,CS,OC,11027
2603,CS,SC,40767
2603,CS,SCA,115181
2603,CS,ST,102356
2603,EC,BC,38435
2603,EC,MBC,24544
2603,EC,OC,18941
2603,EC,SC,66465
2603,EC,SCA,102528
2603,EC,ST,77908
2603,EE,BC,68052
2603,EE,MBC,37258
2603,EE,OC,34179
2603,EE,SC,85054
2603,EE,SCA,102208
2603,EE,ST,57330
2603,ME,BC,59736
2603,ME,MBC,60848
2603,ME,OC,45270
2603,ME,SC,101759
2603,ME,SCA,75802
2603,ME,ST,175932
2603,SC,BC,32729
2603,SC,MBC,25973
2603,SC,OC,20115
2603,SC,SC,56143
2603,SC,SCA,41759
2603,SC,ST,159289
2606,AE,OC,155968
2606,CS,BC,148282
2606,CS,MBC,147202
2606,CS,OC,134841
2606,CS,SC,150400
2606,CS,SCA,155847
2606,EC,OC,153949
2606,EE,MBC,66523
2606,EE,OC,141362
2606,ME,OC,147981
2607,AD,BC,76617
2607,AD,MBC,101758
2607,AD,OC,57463
2607,AD,SC,244706
2607,AD,SCA,145368
2607,AM,BC,92094
2607,AM,MBC,98498
2607,AM,OC,72570
2607,AM,SC,180045
2607,AM,SCA,171898
2607,BT,BC,157339
2607,BT,MBC,169434
2607,BT,OC,108159
2607,BT,SC,227130
2607,BT,SCA,218432
2607,CB,BC,156827
2607,CB,MBC,96750
2607,CB,OC,95218
2607,CB,SC,211284
2607,CB,SCA,171135
2607,CE,BC,245209
2607,CE,MBC,169276
2607,CE,OC,133857
2607,CE,SC,233603
2607,CE,SCA,84715
2607,CS,BC,97809
2607,CS,MBC,95245
2607,CS,OC,58339
2607,CS,SC,240705
2607,CS,SCA,248137
2607,EC,BC,105894
2607,EC,MBC,104591
2607,EC,OC,74285
2607,EC,SC,193850
2607,EC,SCA,140127
2607,EE,BC,172341
2607,EE,MBC,129374
2607,EE,OC,110178
2607,EE,SC,226196
2607,EE,SCA,193576
2607,EV,BC,128056
2607,EV,MBC,115179
2607,EV,OC,100027
2607,EV,SC,235126
2607,FD,BC,195244
2607,FD,MBC,181909
2607,FD,OC,116060
2607,FD,SC,218014
2607,FD,SCA,182139
2607,IT,BC,111325
2607,IT,MBC,109371
2607,IT,OC,74306
2607,IT,SC,206602
2607,IT,SCA,236537
2607,IT,ST,175793
2607,ME,BC,188057
2607,ME,MBC,182569
2607,ME,OC,130944
2607,ME,SC,243119
2607,ME,SCA,160804
2607,MZ,BC,220570
2607,MZ,MBC,187773
2607,MZ,OC,123768
2607,MZ,SC,259571
2607,MZ,SCA,249468
2607,MZ,ST,195852
2607,TX,BC,195090
2607,TX,MBC,183158
2607,TX,OC,122738
2607,TX,SC,225971
2607,TX,SCA,169242
2608,AD,BC,125195
2608,AD,MBC,111560
2608,AD,OC,67173
2608,AD,SC,250094
2608,AD,SCA,203944
2608,AL,BC,79354
2608,AL,MBC,88641
2608,AL,OC,74638
2608,AM,BC,94965
2608,AM,MBC,111265
2608,AM,OC,75938
2608,AM,SC,124598
2608,CB,BC,89452
2608,CB,MBC,116223
2608,CB,OC,74586
2608,CB,SC,127227
2608,CB,SCA,219795
2608,CE,BC,177141
2608,CE,MBC,165659
2608,CE,OC,120295
2608,CE,SC,208821
2608,CE,SCA,191510
2608,CS,BC,105161
2608,CS,MBC,78626
2608,CS,OC,46489
2608,CS,SC,230952
2608,CS,SCA,175551
2608,CS,ST,218188
2608,EC,BC,130579
2608,EC,MBC,120804
2608,EC,OC,66696
2608,EC,SC,237800
2608,EC,SCA,235651
2608,EE,BC,146923
2608,EE,MBC,167499
2608,EE,OC,118221
2608,EE,SC,249493
2608,EE,SCA,236627
2608,EV,BC,200220
2608,EV,MBC,123896
2608,EV,OC,96787
2608,EV,SC,235951
2608,IT,BC,108855
2608,IT,MBC,106705
2608,IT,OC,62191
2608,IT,SC,179338
2608,IT,SCA,161587
2608,ME,BC,246340
2608,ME,MBC,194029
2608,ME,OC,141082
2608,ME,SC,133096
2608,ME,SCA,205739
2608,SC,BC,90480
2608,SC,MBC,108456
2608,SC,OC,73515
2608,SC,SC,208053
2609,AD,BC,240664
2609,AD,MBC,168659
2609,AD,OC,128638
2609,AD,SC,247658
2609,AD,SCA,227094
2609,AD,ST,185125
2609,AE,BC,216442
2609,AE,MBC,230201
2609,AE,OC,177638
2609,AE,SC,233156
2609,AE,SCA,172567
2609,AE,ST,178822
2609,AG,BC,212885
2609,AG,MBC,201806
2609,AG,OC,243316
2609,AG,SC,166307
2609,AG,SCA,153765
2609,AO,BC,155221
2609,AO,MBC,193960
2609,AO,OC,142819
2609,AO,SC,196121
2609,AO,SCA,176030
2609,CE,BC,247274
2609,CE,MBC,236952
2609,CE,OC,207638
2609,CE,SC,236784
2609,CH,BC,194044
2609,CH,MBC,175845
2609,CH,OC,166678
2609,CH,SC,156832
2609,CS,BC,178994
2609,CS,MBC,154200
2609,CS,OC,101371
2609,CS,SC,234278
2609,CS,SCA,223190
2609,CS,ST,207190
2609,CY,BC,239539
2609,CY,MBC,191930
2609,CY,OC,141081
2609,CY,SC,243443
2609,CY,SCA,230098
2609,CY,ST,218713
2609,EC,BC,217387
2609,EC,MBC,184604
2609,EC,OC,138138
2609,EC,SC,245922
2609,EC,SCA,189396
2609,EC,ST,238751
2609,EE,BC,246127
2609,EE,MBC,220441
2609,EE,OC,197706
2609,EE,SC,236136
2609,EE,SCA,199854
2609,FD,BC,192801
2609,FD,MBC,194283
2609,FD,OC,136709
2609,FD,SC,176468
2609,FD,SCA,145309
2609,IT,BC,208004
2609,IT,MBC,180890
2609,IT,OC,131154
2609,IT,SC,244705
2609,IT,SCA,238526
2609,ME,BC,244128
2609,ME,MBC,233548
2609,ME,OC,197707
2609,ME,SC,244168
2609,ME,SCA,255069
2609,MZ,BC,239637
2609,MZ,MBC,247020
2609,MZ,OC,229138
2609,MZ,SC,234890
2609,PH,BC,199905
2609,PH,MBC,208517
2609,PH,OC,182500
2609,PH,SC,191352
2609,PH,SCA,201277
2609,PH,ST,138172
2610,AD,BC,237782
2610,AD,MBC,238417
2610,AD,OC,189216
2610,AD,SC,234378
2610,AD,SCA,238413
2610,AD,ST,231175
2610,AG,MBC,189579
2610,AG,OC,183777
2610,AG,SCA,196607
2610,AM,BC,209543
2610,AM,MBC,242804
2610,AM,OC,197804
2610,AM,SC,241495
2610,BM,BC,246939
2610,BM,MBC,247115
2610,BM,OC,215012
2610,BM,SC,247990
2610,BM,SCA,237229
2610,BT,BC,244684
2610,BT,MBC,244985
2610,BT,OC,200788
2610,BT,SC,230709
2610,BT,SCA,259754
2610,CB,BC,233566
2610,CB,MBC,249501
2610,CB,OC,215889
2610,CB,SC,217218
2610,CE,BC,244083
2610,CE,MBC,225613
2610,CE,OC,142472
2610,CE,SC,234705
2610,CE,SCA,191695
2610,CE,ST,144514
2610,CS,BC,246651
2610,CS,MBC,224602
2610,CS,OC,154143
2610,CS,SC,246416
2610,CS,SCA,248770
2610,CS,ST,109704
2610,EC,BC,243914
2610,EC,MBC,226639
2610,EC,OC,166221
2610,EC,SC,245524
2610,EC,SCA,222929
2610,EC,ST,248705
2610,EE,BC,246101
2610,EE,MBC,237789
2610,EE,OC,207271
2610,EE,SC,245783
2610,EE,SCA,236853
2610,EE,ST,227784
2610,EV,BC,242295
2610,EV,MBC,246182
2610,EV,OC,235410
2610,IT,BC,239026
2610,IT,MBC,222098
2610,IT,OC,174334
2610,IT,SC,235387
2610,IT,SCA,206343
2610,ME,BC,246526
2610,ME,MBC,239529
2610,ME,OC,216115
2610,ME,SC,245935
2610,ME,SCA,236682
2610,MZ,BC,239801
2610,MZ,MBC,240087
2610,MZ,OC,196582
2610,MZ,SC,237299
2610,SC,BC,243181
2610,SC,MBC,232638
2610,SC,OC,180197
2610,SC,SC,221853
2610,SC,SCA,231754
2611,AD,BC,161887
2611,AD,MBC,181467
2611,AD,OC,97674
2611,AD,SC,210137
2611,AD,SCA,195032
2611,AD,ST,176227
2611,AE,BC,233042
2611,AE,MBC,189849
2611,AE,OC,119230
2611,AE,SC,242080
2611,AE,SCA,188236
2611,AE,ST,237450
2611,AG,BC,220747
2611,AG,MBC,222598
2611,AG,OC,180202
2611,AG,SC,242186
2611,AG,SCA,228124
2611,AG,ST,251881
2611,AM,BC,172373
2611,AM,MBC,172777
2611,AM,OC,116400
2611,AM,SC,234986
2611,AM,SCA,113568
2611,AM,ST,129592
2611,BM,BC,178950
2611,BM,MBC,182086
2611,BM,OC,125529
2611,BM,SC,221095
2611,BM,SCA,232824
2611,BM,ST,147398
2611,BT,BC,241940
2611,BT,MBC,211763
2611,BT,OC,139480
2611,BT,SC,221399
2611,BT,SCA,220074
2611,BT,ST,133705
2611,CE,BC,244124
2611,CE,MBC,222585
2611,CE,OC,197850
2611,CE,SC,246643
2611,CE,SCA,223601
2611,CE,ST,233093
2611,CH,BC,224452
2611,CH,MBC,237032
2611,CH,OC,126758
2611,CH,SC,212884
2611,CH,SCA,250109
2611,CH,ST,235467
2611,CI,BC,211700
2611,CI,MBC,183771
2611,CI,OC,151952
2611,CI,SC,231820
2611,CI,SCA,213161
2611,CS,BC,230689
2611,CS,MBC,177195
2611,CS,OC,106659
2611,CS,SC,227870
2611,CS,SCA,225157
2611,CS,ST,207204
2611,CY,BC,239347
2611,CY,MBC,175482
2611,CY,OC,132498
2611,CY,SC,228213
2611,CY,SCA,214184
2611,CY,ST,241054
2611,EC,BC,164639
2611,EC,MBC,168331
2611,EC,OC,121904
2611,EC,SC,239916
2611,EC,SCA,241503
2611,EC,ST,155885
2611,EE,BC,218390
2611,EE,MBC,198214
2611,EE,OC,161148
2611,EE,SC,242857
2611,EE,SCA,202001
2611,EE,ST,148090
2611,FD,BC,244884
2611,FD,MBC,229778
2611,FD,OC,202109
2611,FD,SC,243560
2611,FD,SCA,228126
2611,FD,ST,218458
2611,IT,BC,243873
2611,IT,MBC,190827
2611,IT,OC,138478
2611,IT,SC,245214
2611,IT,SCA,215130
2611,IT,ST,225484
2611,MC,BC,152175
2611,MC,MBC,138419
2611,MC,OC,130771
2611,ME,BC,241448
2611,ME,MBC,209675
2611,ME,OC,179676
2611,ME,SC,242233
2611,ME,SCA,151198
2611,ME,ST,150836
2611,MZ,BC,239621
2611,MZ,MBC,204160
2611,MZ,OC,176199
2611,MZ,SC,239564
2611,MZ,ST,225764
2611,PH,BC,236118
2611,PH,MBC,233914
2611,PH,OC,209979
2611,PH,SC,179640
2611,PH,SCA,247642
2611,RM,BC,233162
2611,RM,MBC,204511
2611,RM,OC,169556
2611,RM,SC,239354
2611,RM,SCA,182913
2611,SF,OC,154424
2612,AD,BC,248846
2612,AD,MBC,220292
2612,AD,OC,201587
2612,AD,SC,231836
2612,AD,SCA,239361
2612,BM,BC,214810
2612,BM,MBC,235093
2612,BM,OC,190724
2612,BM,SC,235738
2612,BM,SCA,215302
2612,CE,OC,210926
2612,CS,BC,243989
2612,CS,MBC,244261
2612,CS,OC,222561
2612,CS,SC,242648
2612,CS,SCA,242311
2612,EC,BC,232953
2612,EC,MBC,230462
2612,EC,OC,184802
2612,EC,SC,244864
2612,EC,SCA,220923
2612,EE,BC,245038
2612,EE,MBC,234473
2612,EE,OC,218725
2612,EE,SC,223261
2612,EE,SCA,225025
2612,IT,BC,244529
2612,IT,MBC,235660
2612,IT,OC,216128
2612,IT,SC,248452
2612,IT,SCA,232748
2612,ME,OC,247551
2613,AD,BC,94383
2613,AD,MBC,104663
2613,AD,OC,71713
2613,AD,SC,217226
2613,AD,SCA,193680
2613,AU,BC,206374
2613,AU,MBC,213016
2613,AU,OC,179565
2613,AU,SC,178990
2613,AU,SCA,187971
2613,BM,BC,239371
2613,BM,MBC,182850
2613,BM,OC,126169
2613,BM,SC,231810
2613,BM,SCA,201940
2613,CD,BC,109490
2613,CD,MBC,112320
2613,CD,OC,114826
2613,CD,SC,172594
2613,CE,BC,241101
2613,CE,MBC,226791
2613,CE,OC,169422
2613,CE,SC,247044
2613,CE,SCA,205942
2613,CI,BC,125706
2613,CI,MBC,130442
2613,CI,OC,98757
2613,CI,SC,226021
2613,CS,BC,118479
2613,CS,MBC,100693
2613,CS,OC,71345
2613,CS,SC,228317
2613,CS,SCA,186512
2613,CS,ST,233727
2613,EC,BC,154085
2613,EC,MBC,106698
2613,EC,OC,86411
2613,EC,SC,236705
2613,EC,SCA,212693
2613,EC,ST,181899
2613,EE,BC,182908
2613,EE,MBC,143219
2613,EE,OC,121949
2613,EE,SC,249849
2613,EE,SCA,246615
2613,IT,BC,144111
2613,IT,MBC,117942
2613,IT,OC,80695
2613,IT,SC,234478
2613,IT,SCA,207252
2613,IT,ST,166084
2613,ME,BC,217580
2613,ME,MBC,204769
2613,ME,OC,167290
2613,ME,SC,245808
2613,ME,SCA,237026
2613,SC,BC,96082
2613,SC,MBC,113148
2613,SC,OC,74217
2613,SC,SC,234678
2613,SC,SCA,173007
2613,SF,BC,232627
2613,SF,MBC,221441
2613,SF,OC,170007
2613,SF,SC,244216
2613,SF,SCA,243604
2614,CE,OC,172341
2614,CS,BC,206296
2614,CS,MBC,191386
2614,CS,OC,239307
2614,CS,SC,211762
2614,CS,SCA,178568
2614,EC,BC,245213
2614,EC,MBC,243528
2614,EC,OC,237636
2614,EC,SC,157716
2614,EE,BC,168633
2614,EE,MBC,172889
2614,EE,OC,227739
2614,IT,BC,243829
2614,IT,MBC,246608
2614,IT,OC,223171
2614,ME,OC,222430
2614,PC,OC,235887
2614,PE,OC,180030
2614,TC,OC,155763
2614,TX,BC,154905
2614,TX,MBC,154655
2614,TX,OC,246221
2615,AM,BC,9598
2615,AM,MBC,12129
2615,AM,OC,6660
2615,AM,SC,33524
2615,AM,SCA,34050
2615,CE,BC,51507
2615,CE,MBC,49631
2615,CE,OC,33100
2615,CE,SC,71563
2615,CE,SCA,98469
2615,CE,ST,42293
2615,CS,BC,8178
2615,CS,MBC,6321
2615,CS,OC,4832
2615,CS,SC,24217
2615,CS,SCA,34415
2615,CS,ST,45266
2615,EC,BC,10879
2615,EC,MBC,9630
2615,EC,OC,5864
2615,EC,SC,30740
2615,EC,SCA,50460
2615,EC,ST,66197
2615,EE,BC,10090
2615,EE,MBC,14836
2615,EE,OC,9455
2615,EE,SC,34586
2615,EE,SCA,49416
2615,EE,ST,57455
2615,ME,BC,36167
2615,ME,MBC,45712
2615,ME,OC,24514
2615,ME,SC,65180
2615,ME,SCA,113716
2615,ME,ST,106798
2615,MT,BC,56867
2615,MT,MBC,44039
2615,MT,OC,29238
2615,MT,SC,84782
2615,MT,SCA,90852
2615,MT,ST,160772
2616,CS,OC,232935
2616,EC,OC,200561
2616,EE,OC,237926
2616,IT,OC,218885
2617,AD,BC,219366
2617,AD,MBC,173984
2617,AD,OC,119930
2617,AD,SC,227219
2617,AD,SCA,169656
2617,AM,BC,181313
2617,AM,MBC,183059
2617,AM,OC,150959
2617,AM,SC,235629
2617,AM,SCA,153952
2617,CE,BC,227431
2617,CE,MBC,210861
2617,CE,OC,204026
2617,CE,SC,208721
2617,CE,ST,222475
2617,CS,BC,227445
2617,CS,MBC,179230
2617,CS,OC,117806
2617,CS,SC,239473
2617,CS,SCA,153430
2617,EC,BC,157781
2617,EC,MBC,134611
2617,EC,OC,112394
2617,EC,SC,207287
2617,EC,SCA,239914
2617,EC,ST,179351
2617,EE,BC,195477
2617,EE,MBC,193996
2617,EE,OC,153401
2617,EE,SC,225987
2617,EE,SCA,225732
2617,IT,BC,245041
2617,IT,MBC,160803
2617,IT,OC,125624
2617,IT,SC,225417
2617,IT,SCA,217403
2617,MD,BC,209574
2617,MD,MBC,203713
2617,MD,OC,185035
2617,MD,SC,234171
2617,MD,SCA,212190
2617,ME,BC,237031
2617,ME,MBC,205685
2617,ME,OC,198572
2617,ME,SC,235633
2617,ME,SCA,225873
2617,PH,BC,208253
2617,PH,MBC,185817
2617,PH,OC,138019
2617,PH,SC,227694
2617,PH,SCA,194285
2617,RM,BC,196513
2617,RM,MBC,200007
2617,RM,OC,134205
2617,RM,SC,236954
2617,RM,SCA,218420
2617,SC,BC,235454
2617,SC,MBC,193105
2617,SC,OC,133641
2617,SC,SC,215903
2617,SC,SCA,205336
2618,AD,BC,54023
2618,AD,MBC,53692
2618,AD,OC,35622
2618,AD,SC,146431
2618,AD,SCA,194092
2618,AD,ST,161279
2618,AM,BC,79318
2618,AM,MBC,56707
2618,AM,OC,38960
2618,AM,SC,124163
2618,AM,SCA,215193
2618,AM,ST,147655
2618,BM,BC,97473
2618,BM,MBC,123641
2618,BM,OC,67356
2618,BM,SC,235536
2618,BM,SCA,131399
2618,CB,BC,79000
2618,CB,MBC,71254
2618,CB,OC,45872
2618,CB,SC,173627
2618,CB,SCA,187898
2618,CD,BC,65286
2618,CD,MBC,67236
2618,CD,OC,49489
2618,CD,SC,181628
2618,CD,SCA,172421
2618,CD,ST,116603
2618,CE,BC,159629
2618,CE,MBC,123395
2618,CE,OC,82082
2618,CE,SC,217161
2618,CE,SCA,241162
2618,CE,ST,148606
2618,CS,BC,44489
2618,CS,MBC,42922
2618,CS,OC,24460
2618,CS,SC,143402
2618,CS,SCA,199156
2618,CS,ST,85414
2618,EC,BC,59941
2618,EC,MBC,46096
2618,EC,OC,33643
2618,EC,SC,162052
2618,EC,SCA,147321
2618,EC,ST,230974
2618,EE,BC,70563
2618,EE,MBC,71805
2618,EE,OC,52863
2618,EE,SC,220501
2618,EE,SCA,195881
2618,EE,ST,137795
2618,EF,BC,92869
2618,EF,MBC,93216
2618,EF,OC,77876
2618,EF,SC,184740
2618,EF,SCA,229814
2618,EF,ST,200211
2618,EV,BC,82650
2618,EV,MBC,73842
2618,EV,OC,52675
2618,EV,SC,175903
2618,EX,BC,66244
2618,EX,MBC,67817
2618,EX,OC,52653
2618,EX,SC,224408
2618,EX,SCA,232779
2618,EX,ST,169565
2618,FT,BC,200580
2618,FT,MBC,135041
2618,FT,OC,88314
2618,FT,SC,194120
2618,FT,SCA,109702
2618,IT,BC,49683
2618,IT,MBC,51466
2618,IT,OC,38008
2618,IT,SC,162144
2618,IT,SCA,167338
2618,IT,ST,115510
2618,ME,BC,167749
2618,ME,MBC,111255
2618,ME,OC,76155
2618,ME,SC,234645
2618,ME,SCA,236047
2618,ME,ST,181997
2618,MZ,BC,94275
2618,MZ,MBC,98548
2618,MZ,OC,67048
2618,MZ,SC,242087
2618,MZ,SCA,201670
2618,SC,BC,51085
2618,SC,MBC,57848
2618,SC,OC,43700
2618,SC,SC,128582
2618,SC,SCA,172728
2618,SF,BC,217376
2618,SF,MBC,171475
2618,SF,OC,142671
2618,SF,SC,226396
2620,AD,BC,202528
2620,AD,MBC,158702
2620,AD,OC,73475
2620,AD,SC,234049
2620,AD,SCA,281321
2620,AD,ST,123381
2620,AG,BC,243605
2620,AG,MBC,167208
2620,AG,OC,139638
2620,AG,SC,227518
2620,AG,SCA,184570
2620,AM,BC,154147
2620,AM,MBC,146721
2620,AM,OC,103292
2620,AM,SC,217860
2620,AM,SCA,236833
2620,AM,ST,137338
2620,BM,BC,215503
2620,BM,MBC,174694
2620,BM,OC,138813
2620,BM,SC,211796
2620,BM,SCA,170403
2620,BM,ST,119023
2620,BT,BC,215386
2620,BT,MBC,163538
2620,BT,OC,137827
2620,BT,SC,193177
2620,BT,SCA,135153
2620,BT,ST,133044
2620,CE,BC,257669
2620,CE,MBC,201029
2620,CE,OC,150046
2620,CE,SC,227278
2620,CE,SCA,195189
2620,CS,BC,165339
2620,CS,MBC,150469
2620,CS,OC,83251
2620,CS,SC,243141
2620,CS,SCA,195494
2620,CS,ST,156386
2620,EC,BC,191430
2620,EC,MBC,152785
2620,EC,OC,114095
2620,EC,SC,199582
2620,EC,SCA,166630
2620,EC,ST,204628
2620,EE,BC,192787
2620,EE,MBC,175117
2620,EE,OC,154507
2620,EE,SC,213126
2620,EE,SCA,157077
2620,EE,ST,152713
2620,IT,BC,173110
2620,IT,MBC,148159
2620,IT,OC,95816
2620,IT,SC,242344
2620,IT,SCA,222871
2620,TS,BC,129351
2620,TS,MBC,151328
2620,TS,OC,85119
2620,TS,SC,184280
2620,TS,SCA,208732
2621,AD,BC,183846
2621,AD,MBC,148001
2621,AD,OC,122292
2621,AD,SC,237379
2621,AD,SCA,125461
2621,AE,BC,239940
2621,AE,MBC,224704
2621,AE,OC,187887
2621,AE,SC,245878
2621,AM,BC,185531
2621,AM,MBC,163288
2621,AM,OC,137141
2621,AM,SC,236944
2621,CB,BC,201862
2621,CB,MBC,185566
2621,CB,OC,170982
2621,CB,SC,245061
2621,CB,SCA,198394
2621,CE,BC,246014
2621,CE,MBC,225508
2621,CE,OC,210452
2621,CE,SC,245951
2621,CH,BC,249874
2621,CH,MBC,230175
2621,CH,OC,201736
2621,CH,SC,186534
2621,CS,BC,168920
2621,CS,MBC,162979
2621,CS,OC,100887
2621,CS,SC,243460
2621,CS,SCA,150237
2621,EC,BC,175524
2621,EC,MBC,147470
2621,EC,OC,117057
2621,EC,SC,231748
2621,EC,SCA,228733
2621,EE,BC,203710
2621,EE,MBC,175273
2621,EE,OC,158212
2621,EE,SC,244042
2621,EE,SCA,142132
2621,IT,BC,186582
2621,IT,MBC,162260
2621,IT,OC,143069
2621,IT,SC,241650
2621,IT,SCA,234551
2621,ME,BC,238738
2621,ME,MBC,223595
2621,ME,OC,197112
2621,ME,SC,246039
2621,ME,SCA,220435
2621,MZ,BC,223079
2621,MZ,MBC,203775
2621,MZ,OC,183156
2621,MZ,SC,246248
2622,AD,BC,101691
2622,AD,MBC,113889
2622,AD,OC,69798
2622,AD,SC,234560
2622,AD,SCA,229345
2622,AD,ST,122117
2622,AM,BC,132199
2622,AM,MBC,122591
2622,AM,OC,58801
2622,AM,SC,228654
2622,AM,SCA,263735
2622,AM,ST,165583
2622,BM,BC,161195
2622,BM,MBC,152943
2622,BM,OC,119067
2622,BM,SC,213730
2622,BM,SCA,212145
2622,BT,BC,210747
2622,BT,MBC,150597
2622,BT,OC,84574
2622,BT,SC,160207
2622,BT,SCA,130609
2622,BT,ST,163249
2622,CB,BC,93564
2622,CB,MBC,121818
2622,CB,OC,92007
2622,CB,SC,237986
2622,CB,SCA,138913
2622,CE,BC,152528
2622,CE,MBC,145267
2622,CE,OC,128891
2622,CE,SC,202675
2622,CE,SCA,173510
2622,CH,BC,155302
2622,CH,MBC,148209
2622,CH,OC,98057
2622,CH,SC,190898
2622,CH,SCA,231772
2622,CO,BC,153526
2622,CO,MBC,127489
2622,CO,OC,74900
2622,CO,SC,198782
2622,CO,SCA,195497
2622,CS,BC,71137
2622,CS,MBC,86225
2622,CS,OC,39309
2622,CS,SC,205742
2622,CS,SCA,186607
2622,CS,ST,117938
2622,EC,BC,135600
2622,EC,MBC,117480
2622,EC,OC,53184
2622,EC,SC,232026
2622,EC,SCA,180099
2622,EC,ST,223424
2622,EE,BC,102756
2622,EE,MBC,138617
2622,EE,OC,86055
2622,EE,SC,236524
2622,EE,SCA,177282
2622,IT,BC,103258
2622,IT,MBC,99460
2622,IT,OC,51651
2622,IT,SC,232535
2622,IT,SCA,228528
2622,IT,ST,251573
2622,ME,BC,202374
2622,ME,MBC,137026
2622,ME,OC,110408
2622,ME,SC,230419
2622,ME,SCA,114132
2623,AD,BC,236537
2623,AD,MBC,211301
2623,AD,OC,155005
2623,AD,SC,215986
2623,AD,SCA,183105
2623,BM,BC,247448
2623,BM,MBC,226783
2623,BM,OC,186738
2623,BM,SC,241218
2623,BM,SCA,195077
2623,CS,BC,237555
2623,CS,MBC,216498
2623,CS,OC,164184
2623,CS,SC,244342
2623,CS,SCA,202227
2623,CS,ST,202744
2623,EC,BC,193436
2623,EC,MBC,160738
2623,EC,OC,101374
2623,EC,SC,195620
2623,EC,SCA,162943
2623,EC,ST,156999
2623,EE,BC,240808
2623,EE,MBC,229284
2623,EE,OC,209614
2623,EE,SC,188213
2623,EE,ST,174301
2623,IT,BC,244763
2623,IT,MBC,213207
2623,IT,OC,169730
2623,IT,SC,239074
2623,IT,SCA,196309
2623,ME,BC,247329
2623,ME,MBC,244091
2623,ME,OC,239833
2624,AD,BC,241529
2624,AD,MBC,226914
2624,AD,OC,175163
2624,AD,SC,242791
2624,AD,SCA,216531
2624,AD,ST,200601
2624,AG,BC,246737
2624,AG,MBC,246578
2624,AG,OC,210458
2624,AG,SC,224890
2624,AG,SCA,210315
2624,AG,ST,134509
2624,BM,BC,244513
2624,BM,MBC,236359
2624,BM,OC,192321
2624,BM,SC,242764
2624,BM,SCA,202793
2624,BM,ST,51319
2624,BT,BC,246908
2624,BT,MBC,235505
2624,BT,OC,137214
2624,BT,SC,201338
2624,BT,SCA,150159
2624,BT,ST,159420
2624,CH,BC,191617
2624,CH,MBC,197575
2624,CH,OC,162893
2624,CH,SC,211420
2624,CH,SCA,211862
2624,CH,ST,194111
2624,CS,BC,244941
2624,CS,MBC,223935
2624,CS,OC,170525
2624,CS,SC,232064
2624,CS,SCA,207801
2624,CS,ST,166935
2624,EC,BC,234929
2624,EC,MBC,223129
2624,EC,OC,142856
2624,EC,SC,247056
2624,EC,SCA,228964
2624,EC,ST,189665
2624,EE,BC,245564
2624,EE,MBC,231343
2624,EE,OC,165049
2624,EE,SC,238615
2624,EE,SCA,241302
2624,EE,ST,175601
2624,FD,BC,241988
2624,FD,MBC,243853
2624,FD,OC,203816
2624,FD,SC,246853
2624,FD,SCA,248680
2624,IT,BC,240280
2624,IT,MBC,189339
2624,IT,OC,157842
2624,IT,SC,234667
2624,IT,SCA,231248
2624,IT,ST,169453
2624,ME,BC,246677
2624,ME,MBC,240210
2624,ME,OC,216735
2624,ME,SC,241950
2624,ME,SCA,224700
2624,ME,ST,191550
2624,PH,BC,231159
2624,PH,MBC,247993
2624,PH,OC,176113
2624,PH,SC,233468
2624,PH,SCA,217835
2625,AD,BC,242084
2625,AD,MBC,147769
2625,AD,OC,135046
2625,AD,SC,195259
2625,AD,SCA,240567
2625,AG,BC,241360
2625,AG,MBC,227986
2625,AG,OC,207908
2625,AG,SC,233023
2625,AG,SCA,141687
2625,BM,BC,230436
2625,BM,MBC,172979
2625,BM,OC,142511
2625,BM,SC,215548
2625,BM,SCA,179864
2625,CE,BC,191564
2625,CE,MBC,205424
2625,CE,OC,160026
2625,CE,SC,223492
2625,CH,BC,226657
2625,CH,MBC,215157
2625,CH,OC,147732
2625,CH,SC,242680
2625,CS,BC,244676
2625,CS,MBC,183888
2625,CS,OC,153873
2625,CS,SC,246136
2625,CS,SCA,205127
2625,CS,ST,219702
2625,EC,BC,198234
2625,EC,MBC,160390
2625,EC,OC,130686
2625,EC,SC,226620
2625,EE,BC,241659
2625,EE,MBC,196836
2625,EE,OC,167424
2625,EE,SC,198075
2625,EE,SCA,186235
2625,EE,ST,225086
2625,IT,BC,243632
2625,IT,MBC,187441
2625,IT,OC,159139
2625,IT,SC,245965
2625,IT,SCA,193917
2625,IT,ST,228990
2625,ME,BC,245816
2625,ME,MBC,227068
2625,ME,OC,201370
2625,ME,SC,254561
2625,ME,SCA,223811
2627,AD,BC,202729
2627,AD,MBC,230511
2627,AD,OC,198672
2627,AD,SC,238090
2627,AD,SCA,205861
2627,BM,BC,247462
2627,BM,MBC,242916
2627,BM,OC,202989
2627,BM,SC,237984
2627,BM,SCA,248186
2627,BT,BC,247440
2627,BT,MBC,246517
2627,BT,OC,229258
2627,BT,SC,245800
2627,BT,SCA,230640
2627,CE,BC,230180
2627,CE,MBC,237748
2627,CE,OC,200081
2627,CE,SC,231645
2627,CE,SCA,224171
2627,CS,BC,233304
2627,CS,MBC,242895
2627,CS,OC,168617
2627,CS,SC,247012
2627,CS,SCA,210046
2627,EC,BC,239513
2627,EC,MBC,243972
2627,EC,OC,188755
2627,EC,SC,240443
2627,EC,SCA,238030
2627,EE,BC,247452
2627,EE,MBC,246592
2627,EE,OC,219165
2627,EE,SC,247716
2627,EE,SCA,236383
2627,IT,BC,243686
2627,IT,MBC,240571
2627,IT,OC,201629
2627,IT,SC,237682
2627,IT,SCA,142064
2627,IT,ST,141859
2627,ME,BC,224696
2627,ME,MBC,251852
2627,ME,OC,217055
2627,ME,SC,242109
2627,ME,SCA,228094
2627,ME,ST,238844
2628,AD,BC,193919
2628,AD,MBC,151891
2628,AD,OC,126783
2628,AD,SC,236619
2628,AD,SCA,212547
2628,AM,BC,234505
2628,AM,MBC,179218
2628,AM,OC,157761
2628,AM,SC,181115
2628,AM,ST,156906
2628,AU,OC,189184
2628,BM,BC,246044
2628,BM,MBC,243722
2628,BM,OC,211690
2628,BM,SC,244681
2628,BM,SCA,245964
2628,BM,ST,182200
2628,CS,BC,239005
2628,CS,MBC,177676
2628,CS,OC,134150
2628,CS,SC,246071
2628,CS,SCA,246289
2628,CS,ST,142017
2628,EC,BC,247222
2628,EC,MBC,192502
2628,EC,OC,166479
2628,EC,SC,230518
2628,EC,ST,161119
2628,EE,BC,226490
2628,EE,MBC,208373
2628,EE,OC,190628
2628,EE,SC,241853
2628,EE,SCA,162227
2628,EE,ST,202005
2628,ME,BC,226359
2628,ME,MBC,213860
2628,ME,OC,200645
2628,ME,SC,233514
2628,ME,ST,235733
2628,SC,BC,202236
2628,SC,MBC,185146
2628,SC,OC,142182
2628,SC,SC,210371
2628,SC,SCA,187295
2630,AD,BC,171222
2630,AD,MBC,148733
2630,AD,OC,110997
2630,AD,SC,230641
2630,AD,SCA,236150
2630,CS,BC,131844
2630,CS,MBC,180769
2630,CS,OC,87601
2630,CS,SC,193229
2630,CS,SCA,185138
2630,EC,BC,168532
2630,EC,MBC,214057
2630,EC,OC,106373
2630,EC,SC,232543
2630,EC,SCA,239292
2630,EE,BC,226080
2630,EE,MBC,235459
2630,EE,OC,178272
2630,EE,SC,245071
2630,EE,SCA,224406
2630,IT,BC,141871
2630,IT,MBC,171801
2630,IT,OC,125109
2630,IT,SC,261960
2630,IT,SCA,138739
2630,ME,BC,245925
2630,ME,MBC,247557
2630,ME,OC,209979
2630,ME,SC,234652
2630,ME,SCA,155786
2632,AM,BC,240703
2632,AM,MBC,210506
2632,AM,OC,180356
2632,AM,SC,238594
2632,AM,SCA,233930
2632,AU,MBC,173956
2632,AU,OC,167749
2632,AU,SC,175727
2632,BM,BC,199553
2632,BM,MBC,244331
2632,BM,OC,242695
2632,BM,SC,242950
2632,BM,SCA,169564
2632,BM,ST,133111
2632,CE,OC,155468
2632,CS,BC,246952
2632,CS,MBC,204192
2632,CS,OC,166184
2632,CS,SC,241970
2632,CS,SCA,203178
2632,CS,ST,124710
2632,EC,BC,212144
2632,EC,MBC,194613
2632,EC,OC,158499
2632,EC,SC,242354
2632,EC,SCA,243052
2632,EC,ST,204623
2632,EE,BC,241875
2632,EE,MBC,227129
2632,EE,OC,192336
2632,EE,SC,245463
2632,EE,SCA,205482
2632,EE,ST,191955
2632,IT,BC,247402
2632,IT,MBC,212037
2632,IT,OC,174976
2632,IT,SC,237202
2632,IT,SCA,222258
2632,ME,BC,247187
2632,ME,MBC,245473
2632,ME,OC,243979
2632,ME,SC,247278
2632,ME,SCA,150525
2633,AD,BC,204926
2633,AD,OC,237167
2633,AD,SC,188337
2633,CS,BC,156092
2633,CS,MBC,150987
2633,CS,OC,244597
2633,CS,SC,153963
2633,CS,SCA,144815
2633,EC,OC,232544
2633,EE,OC,170820
2633,ME,OC,241904
2633,SC,OC,243006
2634,AD,BC,247473
2634,AD,MBC,194953
2634,AD,OC,152075
2634,AD,SC,227828
2634,AD,SCA,209650
2634,AE,BC,245921
2634,AE,MBC,223029
2634,AE,OC,160135
2634,AE,SC,232198
2634,AE,SCA,185516
2634,AG,BC,242268
2634,AG,MBC,213931
2634,AG,OC,180197
2634,AG,SC,247500
2634,AG,SCA,207542
2634,AG,ST,146642
2634,AM,BC,232854
2634,AM,MBC,181018
2634,AM,OC,165065
2634,AM,SC,226707
2634,AM,SCA,223779
2634,BM,BC,234790
2634,BM,MBC,227769
2634,BM,OC,158035
2634,BM,SC,242296
2634,BM,SCA,229031
2634,BM,ST,187399
2634,CB,BC,222473
2634,CB,MBC,182944
2634,CB,OC,95846
2634,CB,SC,243684
2634,CB,SCA,184649
2634,CE,BC,250527
2634,CE,MBC,225693
2634,CE,OC,197271
2634,CE,SC,227001
2634,CJ,BC,238745
2634,CJ,MBC,210579
2634,CJ,OC,204393
2634,CJ,SC,237242
2634,CJ,SCA,239678
2634,CS,BC,217209
2634,CS,MBC,180244
2634,CS,OC,143119
2634,CS,SC,243772
2634,CS,SCA,232829
2634,CS,ST,115502
2634,EC,BC,219319
2634,EC,MBC,194217
2634,EC,OC,146129
2634,EC,SC,244454
2634,EC,SCA,250434
2634,EE,BC,244835
2634,EE,MBC,212235
2634,EE,OC,184071
2634,EE,SC,246387
2634,EE,SCA,242499
2634,EE,ST,178328
2634,FD,BC,234183
2634,FD,MBC,195094
2634,FD,OC,136238
2634,FD,SC,185104
2634,FD,SCA,203487
2634,FD,ST,128644
2634,IT,BC,222776
2634,IT,MBC,170201
2634,IT,OC,129625
2634,IT,SC,245168
2634,IT,SCA,228190
2634,ME,BC,240918
2634,ME,MBC,211384
2634,ME,OC,184303
2634,ME,SC,245376
2634,ME,SCA,218798
2634,PC,BC,245124
2634,PC,MBC,232482
2634,PC,OC,194527
2634,PC,SC,241302
2634,SF,BC,245047
2634,SF,MBC,233464
2634,SF,OC,191968
2634,SF,SC,239415
2634,SF,ST,160408
2635,AD,BC,202763
2635,AD,MBC,247081
2635,AD,OC,246882
2635,BM,BC,199448
2635,BM,MBC,153663
2635,BM,OC,222643
2635,CS,BC,167462
2635,CS,MBC,150001
2635,CS,OC,251089
2635,EC,BC,224981
2635,EC,MBC,234759
2635,EC,OC,213982
2635,EE,BC,239046
2635,EE,MBC,174540
2635,EE,OC,243887
2635,ME,MBC,195679
2635,ME,OC,233722
2635,SC,BC,238915
2635,SC,MBC,234304
2635,SC,OC,232776
2636,AD,BC,243253
2636,AD,MBC,210368
2636,AD,OC,163725
2636,AD,SC,237283
2636,AD,SCA,243212
2636,AD,ST,193227
2636,AM,BC,230325
2636,AM,MBC,210673
2636,AM,OC,173697
2636,AM,SC,225788
2636,AM,SCA,184370
2636,AM,ST,182561
2636,BM,BC,247121
2636,BM,MBC,216721
2636,BM,OC,166448
2636,BM,SC,207430
2636,BM,SCA,191272
2636,CE,BC,238912
2636,CE,MBC,220223
2636,CE,OC,169491
2636,CE,SC,203080
2636,CE,SCA,244303
2636,CE,ST,152801
2636,CS,BC,247960
2636,CS,MBC,216630
2636,CS,OC,152329
2636,CS,SC,233315
2636,CS,SCA,245541
2636,CS,ST,162562
2636,EC,BC,230650
2636,EC,MBC,176457
2636,EC,OC,141689
2636,EC,SC,210988
2636,EC,SCA,221857
2636,EC,ST,204078
2636,EE,BC,241843
2636,EE,MBC,213442
2636,EE,OC,195173
2636,EE,SC,229697
2636,EE,SCA,211588
2636,IT,BC,251398
2636,IT,MBC,216616
2636,IT,OC,183358
2636,IT,SC,234704
2636,IT,SCA,201784
2636,IT,ST,190466
2636,ME,BC,246071
2636,ME,MBC,217260
2636,ME,OC,195617
2636,ME,SC,229004
2636,ME,SCA,235949
2638,CS,BC,245958
2638,CS,MBC,240657
2638,CS,OC,215383
2638,CS,SC,241667
2638,CS,SCA,242477
2638,CS,ST,154915
2638,EC,BC,193361
2638,EC,MBC,240776
2638,EC,OC,151999
2638,EC,SC,245269
2638,EC,SCA,153480
2638,EC,ST,195655
2638,EE,OC,185884
2638,IT,BC,206594
2638,IT,MBC,249488
2638,IT,OC,242555
2638,IT,SC,237281
2638,IT,SCA,251035
2639,AD,BC,244816
2639,AD,MBC,210351
2639,AD,OC,175722
2639,AD,SC,241902
2639,AD,SCA,247570
2639,AD,ST,183354
2639,CS,BC,248271
2639,CS,MBC,208119
2639,CS,OC,169621
2639,CS,SC,247737
2639,CS,SCA,246795
2639,CS,ST,208158
2639,EC,BC,246512
2639,EC,MBC,203825
2639,EC,OC,168147
2639,EC,SC,233814
2639,EC,SCA,201867
2639,EC,ST,249136
2639,EE,BC,242628
2639,EE,MBC,214991
2639,EE,OC,203534
2639,EE,SC,197248
2639,IT,BC,232928
2639,IT,MBC,201445
2639,IT,OC,147232
2639,IT,SC,250665
2639,IT,SCA,161026
2639,ME,BC,246164
2639,ME,MBC,229564
2639,ME,OC,209894
2639,ME,SC,208272
2639,SC,BC,232312
2639,SC,MBC,194973
2639,SC,OC,149533
2639,SC,SC,196879
2639,SC,ST,211475
2640,AD,BC,219894
2640,AD,MBC,244293
2640,AD,OC,182673
2640,AD,SC,207161
2640,AD,SCA,220729
2640,AG,OC,182464
2640,CE,MBC,237987
2640,CE,OC,242277
2640,CE,SC,237783
2640,CS,BC,232995
2640,CS,MBC,247742
2640,CS,OC,218555
2640,CS,SC,247819
2640,CS,SCA,203894
2640,CS,ST,190839
2640,EC,BC,220477
2640,EC,MBC,235018
2640,EC,OC,188674
2640,EC,SC,252103
2640,EE,MBC,238747
2640,EE,OC,244859
2640,IT,BC,259056
2640,IT,MBC,252444
2640,IT,OC,235869
2640,IT,SC,255043
2640,ME,MBC,239149
2640,ME,OC,240447
2641,AD,BC,247908
2641,AD,MBC,243691
2641,AD,OC,213101
2641,AD,SC,154415
2641,CE,OC,229675
2641,CS,MBC,244146
2641,CS,OC,224481
2641,CS,SC,155249
2641,EC,BC,236834
2641,EC,MBC,236240
2641,EC,OC,224054
2641,EE,MBC,235521
2641,EE,OC,241829
2641,IT,BC,151659
2641,IT,MBC,248142
2641,IT,OC,248901
2641,IT,SC,151374
2641,ME,MBC,238309
2641,ME,OC,245531
2642,AD,BC,185581
2642,AD,MBC,135769
2642,AD,OC,100260
2642,AD,SC,167899
2642,AD,SCA,235651
2642,BM,BC,236227
2642,BM,MBC,177643
2642,BM,OC,175926
2642,BM,SC,204447
2642,CE,BC,244737
2642,CE,MBC,188130
2642,CE,OC,180659
2642,CE,SC,215338
2642,CE,SCA,228483
2642,CS,BC,226169
2642,CS,MBC,140116
2642,CS,OC,118519
2642,CS,SC,236395
2642,CS,SCA,156254
2642,CS,ST,175098
2642,EC,BC,226881
2642,EC,MBC,144504
2642,EC,OC,138461
2642,EC,SC,202684
2642,EC,SCA,137261
2642,EE,BC,226338
2642,EE,MBC,180103
2642,EE,OC,169945
2642,EE,SC,215339
2642,EE,SCA,235784
2642,IT,BC,229421
2642,IT,MBC,151232
2642,IT,OC,138231
2642,IT,SC,189553
2642,IT,SCA,218444
2642,IT,ST,238062
2642,ME,BC,239797
2642,ME,MBC,204927
2642,ME,OC,187101
2642,ME,SC,244077
2642,ME,SCA,218623
2642,SC,BC,235769
2642,SC,MBC,177387
2642,SC,OC,152808
2642,SC,SC,221014
2642,SC,SCA,240781
2642,SC,ST,217571
2643,AD,BC,246778
2643,AD,MBC,223758
2643,AD,OC,146929
2643,AD,SC,249266
2643,AD,SCA,222876
2643,AD,ST,211580
2643,CS,BC,222009
2643,CS,MBC,223409
2643,CS,OC,138934
2643,CS,SC,245348
2643,CS,SCA,215957
2643,CS,ST,161493
2643,EC,BC,236442
2643,EC,MBC,231566
2643,EC,OC,157918
2643,EC,SC,244683
2643,EC,SCA,210898
2643,EE,BC,228896
2643,EE,MBC,238752
2643,EE,OC,219301
2643,EE,SC,243823
2643,EE,ST,133080
2643,IT,BC,224933
2643,IT,MBC,184113
2643,IT,OC,130592
2643,IT,SC,220527
2643,SC,BC,243365
2643,SC,MBC,232058
2643,SC,OC,185312
2643,SC,SC,248285
2643,SC,SCA,190953
2646,AD,BC,242536
2646,AD,MBC,246841
2646,AD,OC,213399
2646,AD,SC,238547
2646,AD,SCA,129648
2646,AM,BC,192834
2646,AM,MBC,195575
2646,AM,OC,190016
2646,AM,SC,228161
2646,CE,OC,217397
2646,CS,BC,246804
2646,CS,MBC,246913
2646,CS,OC,195605
2646,CS,SC,245629
2646,CS,SCA,145968
2646,CS,ST,204611
2646,EC,BC,240424
2646,EC,MBC,237530
2646,EC,OC,176647
2646,EC,SC,243166
2646,EC,SCA,245789
2646,EE,BC,213546
2646,EE,MBC,208264
2646,EE,OC,246565
2646,EE,SC,155979
2646,EE,SCA,146593
2646,IT,BC,234210
2646,IT,MBC,226631
2646,IT,OC,172796
2646,IT,SC,221383
2646,IT,SCA,230473
2646,ME,BC,155837
2646,ME,MBC,156162
2646,ME,OC,246672
2646,ME,SC,155594
2647,CS,BC,224624
2647,CS,MBC,215035
2647,CS,OC,151655
2647,CS,SC,241894
2647,CS,SCA,164118
2647,EC,BC,239948
2647,EC,MBC,206149
2647,EC,OC,172405
2647,EC,SC,237467
2647,EC,SCA,240577
2647,EE,BC,238238
2647,EE,MBC,215745
2647,EE,OC,185074
2647,EE,SC,235748
2647,IT,BC,232613
2647,IT,MBC,215839
2647,IT,OC,167360
2647,IT,SC,244602
2647,IT,SCA,165290
2647,ME,BC,238517
2647,ME,MBC,238678
2647,ME,OC,237752
2648,AD,BC,224169
2648,AD,MBC,151661
2648,AD,OC,120825
2648,AD,SC,163364
2648,AD,SCA,186736
2648,AU,BC,234058
2648,AU,MBC,251499
2648,AU,OC,239318
2648,AU,SC,252001
2648,AU,SCA,233635
2648,AU,ST,236350
2648,BM,BC,244785
2648,BM,MBC,232995
2648,BM,OC,191842
2648,BM,SC,232588
2648,BM,SCA,206509
2648,BM,ST,213810
2648,CE,BC,226718
2648,CE,MBC,238176
2648,CE,OC,228183
2648,CE,SC,236519
2648,CE,SCA,232835
2648,CE,ST,221813
2648,CS,BC,222751
2648,CS,MBC,165291
2648,CS,OC,111628
2648,CS,SC,192434
2648,CS,SCA,207936
2648,EC,BC,232705
2648,EC,MBC,193148
2648,EC,OC,159059
2648,EC,SC,216499
2648,EC,SCA,210540
2648,EC,ST,142651
2648,EE,BC,246370
2648,EE,MBC,223565
2648,EE,OC,190404
2648,EE,SC,225149
2648,EE,SCA,212074
2648,EE,ST,197792
2648,IT,BC,205809
2648,IT,MBC,179776
2648,IT,OC,138435
2648,IT,SC,176031
2648,IT,SCA,171973
2648,IT,ST,156521
2648,ME,BC,239589
2648,ME,MBC,243075
2648,ME,OC,212191
2648,ME,SC,243435
2648,ME,SCA,224763
2650,AD,BC,247798
2650,AD,MBC,235129
2650,AD,OC,185359
2650,AD,SC,244301
2650,AD,SCA,239486
2650,AD,ST,152754
2650,AM,BC,236768
2650,AM,MBC,235575
2650,AM,OC,197356
2650,AM,SC,237811
2650,AM,SCA,235885
2650,CE,OC,128024
2650,CS,BC,247795
2650,CS,MBC,248015
2650,CS,OC,184448
2650,CS,SC,245971
2650,CS,SCA,249199
2650,CS,ST,193349
2650,EC,BC,231192
2650,EC,MBC,247171
2650,EC,OC,202620
2650,EC,SC,247492
2650,EC,SCA,249329
2650,EC,ST,224115
2650,EE,BC,193472
2650,EE,MBC,154309
2650,EE,OC,223478
2650,EE,SC,195692
2650,IT,BC,245922
2650,IT,MBC,239010
2650,IT,OC,162831
2650,IT,SC,220620
2650,IT,SCA,213008
2650,ME,BC,238450
2650,ME,MBC,247608
2650,ME,OC,236549
2650,ME,SC,248520
2650,ME,SCA,237156
2651,AD,BC,220561
2651,AD,MBC,224595
2651,AD,OC,156751
2651,AD,SC,239512
2651,AD,SCA,217155
2651,CE,BC,248054
2651,CE,MBC,240772
2651,CE,OC,187595
2651,CE,SC,234307
2651,CE,SCA,174236
2651,CS,BC,187260
2651,CS,MBC,224607
2651,CS,OC,132799
2651,CS,SC,248543
2651,CS,SCA,231329
2651,CS,ST,215762
2651,EC,BC,187574
2651,EC,MBC,178007
2651,EC,OC,115679
2651,EC,SC,211747
2651,EC,SCA,143450
2651,EE,BC,205237
2651,EE,MBC,213330
2651,EE,OC,175301
2651,EE,SC,243034
2651,EE,SCA,155866
2651,FT,BC,247308
2651,FT,MBC,228351
2651,FT,OC,187750
2651,FT,SC,243102
2651,FT,SCA,229249
2651,IT,BC,180288
2651,IT,MBC,226566
2651,IT,OC,128519
2651,IT,SC,222856
2651,IT,SCA,218307
2651,ME,BC,211476
2651,ME,MBC,215938
2651,ME,OC,189332
2651,ME,SC,247342
2651,ME,SCA,226712
2652,AD,BC,212395
2652,AD,MBC,178562
2652,AD,OC,161098
2652,AD,SC,179544
2652,AD,SCA,182132
2652,CS,BC,243810
2652,CS,MBC,244732
2652,CS,OC,164355
2652,CS,SC,234383
2652,CS,SCA,203985
2652,EC,BC,206758
2652,EC,MBC,239534
2652,EC,OC,196496
2652,EC,SC,156250
2652,EC,SCA,143538
2652,EE,BC,244539
2652,EE,OC,196076
2652,IT,BC,233204
2652,IT,MBC,237670
2652,IT,OC,184890
2652,IT,SC,208897
2652,IT,SCA,172696
2652,ME,BC,227249
2652,ME,MBC,238877
2652,ME,OC,232112
2653,AD,BC,96861
2653,AD,MBC,97331
2653,AD,OC,59984
2653,AD,SC,250442
2653,AD,SCA,211508
2653,AD,ST,171423
2653,CB,BC,143563
2653,CB,MBC,98822
2653,CB,OC,78187
2653,CB,SC,233882
2653,CE,BC,231177
2653,CE,MBC,138199
2653,CE,OC,101481
2653,CE,SC,225729
2653,CE,SCA,166271
2653,CS,BC,129314
2653,CS,MBC,74934
2653,CS,OC,53829
2653,CS,SC,246839
2653,CS,SCA,174477
2653,CS,ST,221932
2653,EC,BC,138432
2653,EC,MBC,96527
2653,EC,OC,58773
2653,EC,SC,223277
2653,EC,SCA,232608
2653,EC,ST,189483
2653,EE,BC,190167
2653,EE,MBC,101213
2653,EE,OC,87357
2653,EE,SC,236739
2653,EE,SCA,266758
2653,EX,BC,144251
2653,EX,MBC,99264
2653,EX,OC,87592
2653,EX,SC,206902
2653,IT,BC,102216
2653,IT,MBC,96685
2653,IT,OC,75624
2653,IT,SC,244576
2653,IT,SCA,216142
2653,IT,ST,135739
2653,ME,BC,233508
2653,ME,MBC,159788
2653,ME,OC,124079
2653,ME,SC,250356
2653,ME,SCA,246167
2656,AD,BC,134332
2656,AD,MBC,135525
2656,AD,OC,55665
2656,AD,SC,185147
2656,AD,SCA,154816
2656,AM,BC,145140
2656,AM,MBC,145352
2656,AM,OC,131922
2656,AM,SC,202357
2656,AM,SCA,111465
2656,AM,ST,215791
2656,CE,BC,184618
2656,CE,MBC,150005
2656,CE,OC,126531
2656,CE,SC,163762
2656,CE,SCA,128367
2656,CE,ST,195471
2656,CS,BC,107341
2656,CS,MBC,134969
2656,CS,OC,38007
2656,CS,SC,193747
2656,CS,SCA,160304
2656,CS,ST,134967
2656,EC,BC,110280
2656,EC,MBC,135869
2656,EC,OC,55476
2656,EC,SC,163179
2656,EC,SCA,109819
2656,EE,BC,147472
2656,EE,MBC,146105
2656,EE,OC,104047
2656,EE,SC,187936
2656,EE,SCA,146442
2656,EE,ST,196004
2656,IT,BC,126975
2656,IT,MBC,145732
2656,IT,OC,71452
2656,IT,SC,194341
2656,IT,SCA,125446
2656,ME,BC,181440
2656,ME,MBC,174264
2656,ME,OC,146794
2656,ME,SC,204764
2656,ME,SCA,169624
2656,SC,BC,139239
2656,SC,MBC,139496
2656,SC,OC,108928
2656,SC,SC,201229
2656,SC,SCA,178831
2658,BM,OC,202168
2658,CE,OC,206578
2658,CS,BC,150545
2658,CS,MBC,148729
2658,CS,OC,181979
2658,CS,SC,153209
2658,CS,SCA,195027
2658,EC,BC,141949
2658,EC,MBC,151531
2658,EC,OC,244441
2658,EC,SC,149958
2658,EC,SCA,142369
2658,EE,OC,202197
2658,IT,BC,190540
2658,IT,MBC,188082
2658,IT,OC,187261
2658,IT,SC,186184
2658,IT,SCA,184213
2658,ME,OC,182724
2659,AD,BC,239524
2659,AD,MBC,239778
2659,AD,OC,155062
2659,AD,SC,220457
2659,AD,SCA,132470
2659,BM,BC,246474
2659,BM,MBC,246846
2659,BM,OC,211216
2659,BM,SC,232982
2659,BM,SCA,240541
2659,BT,BC,247241
2659,BT,MBC,247633
2659,BT,OC,219696
2659,BT,SC,246881
2659,BT,SCA,205623
2659,CE,OC,237996
2659,CS,BC,239747
2659,CS,MBC,247297
2659,CS,OC,204240
2659,CS,SC,245985
2659,CS,SCA,230569
2659,CS,ST,158336
2659,EC,BC,239066
2659,EC,MBC,235066
2659,EC,OC,203502
2659,EC,SC,236633
2659,EC,SCA,214979
2659,EC,ST,218124
2659,EE,BC,201755
2659,EE,MBC,245601
2659,EE,OC,240308
2659,EE,SC,243646
2659,EE,ST,197015
2659,IT,BC,243116
2659,IT,MBC,246577
2659,IT,OC,202095
2659,IT,SC,246534
2659,IT,SCA,212718
2659,IT,ST,200474
2659,ME,BC,207460
2659,ME,MBC,208476
2659,ME,OC,240010
2659,ME,SC,211018
2659,ME,SCA,179750
2659,ME,ST,167645
2661,AD,BC,107265
2661,AD,MBC,86409
2661,AD,OC,47690
2661,AD,SC,169999
2661,AD,SCA,50157
2661,AG,BC,201958
2661,AG,MBC,120205
2661,AG,OC,111589
2661,AG,SC,182217
2661,AG,SCA,122945
2661,CE,BC,158280
2661,CE,MBC,185856
2661,CE,OC,132081
2661,CE,SC,194661
2661,CE,SCA,171498
2661,CS,BC,164293
2661,CS,MBC,133802
2661,CS,OC,67115
2661,CS,SC,198045
2661,CS,SCA,135519
2661,CS,ST,152078
2661,EC,BC,103862
2661,EC,MBC,110978
2661,EC,OC,52046
2661,EC,SC,131226
2661,EC,SCA,98855
2661,EC,ST,143369
2661,IT,BC,173522
2661,IT,MBC,99557
2661,IT,OC,96575
2661,IT,SC,164723
2661,IT,SCA,107846
2665,AE,BC,152374
2665,AE,OC,146539
2665,AE,SC,155730
2665,CE,BC,146361
2665,CE,OC,140916
2665,CE,SC,153726
2665,CE,SCA,145231
2665,CS,BC,135767
2665,CS,MBC,117333
2665,CS,OC,101314
2665,CS,SC,152697
2665,CS,SCA,138274
2665,ME,OC,155853
2673,AD,BC,128741
2673,AD,MBC,152876
2673,AD,OC,80629
2673,AD,SC,192185
2673,AD,SCA,163178
2673,AD,ST,168282
2673,AM,BC,159366
2673,AM,MBC,138637
2673,AM,OC,107963
2673,AM,SC,213614
2673,AM,SCA,196815
2673,AM,ST,169867
2673,CE,BC,222259
2673,CE,MBC,200210
2673,CE,OC,190106
2673,CE,SC,204691
2673,CE,SCA,193774
2673,CS,BC,234580
2673,CS,MBC,133452
2673,CS,OC,71896
2673,CS,SC,172797
2673,CS,SCA,235937
2673,CS,ST,79969
2673,EC,BC,234266
2673,EC,MBC,159424
2673,EC,OC,119408
2673,EC,SC,222156
2673,EC,SCA,199186
2673,EC,ST,225073
2673,EE,BC,240169
2673,EE,MBC,177250
2673,EE,OC,147886
2673,EE,SC,221263
2673,EE,SCA,230015
2673,IT,BC,238188
2673,IT,MBC,139010
2673,IT,OC,105232
2673,IT,SC,198090
2673,IT,SCA,162382
2673,IT,ST,172338
2673,ME,BC,242558
2673,ME,MBC,181898
2673,ME,OC,165105
2673,ME,SC,225398
2673,ME,SCA,211850
2673,SC,BC,192993
2673,SC,MBC,138341
2673,SC,OC,96883
2673,SC,SC,199448
2673,SC,SCA,185923
2673,SC,ST,123263
2683,AD,BC,230476
2683,AD,MBC,240174
2683,AD,OC,194990
2683,AD,SC,238946
2683,AG,OC,246318
2683,BM,BC,153609
2683,BM,MBC,244687
2683,BM,OC,233529
2683,BM,SC,246961
2683,BM,SCA,243935
2683,BM,ST,149219
2683,CS,BC,223742
2683,CS,MBC,231333
2683,CS,OC,207260
2683,CS,SC,240334
2683,CS,SCA,176328
2683,CS,ST,228516
2683,EC,OC,238532
2683,EE,BC,198845
2683,EE,MBC,247596
2683,EE,OC,242743
2683,EE,SC,174252
2683,IT,BC,238606
2683,IT,MBC,246181
2683,IT,OC,202400
2683,IT,SC,240421
2683,IT,SCA,172729
2683,IT,ST,244101
2683,ME,OC,229524
2702,AD,BC,52066
2702,AD,MBC,40382
2702,AD,OC,23936
2702,AD,SC,145376
2702,AD,SCA,128397
2702,AD,ST,213031
2702,AG,BC,69937
2702,AG,MBC,78045
2702,AG,OC,52391
2702,AG,SC,158032
2702,AG,SCA,112892
2702,AG,ST,169419
2702,AL,BC,39114
2702,AL,MBC,39588
2702,AL,OC,26079
2702,AL,SC,145063
2702,AL,SCA,130212
2702,AL,ST,221932
2702,BM,BC,78624
2702,BM,MBC,80017
2702,BM,OC,49060
2702,BM,SC,145398
2702,BM,SCA,102080
2702,BT,BC,87231
2702,BT,MBC,79511
2702,BT,OC,43872
2702,BT,SC,213633
2702,BT,SCA,119409
2702,CB,BC,19859
2702,CB,MBC,34816
2702,CB,OC,24632
2702,CB,SC,123668
2702,CB,SCA,120666
2702,CB,ST,182423
2702,CD,BC,39516
2702,CD,MBC,28475
2702,CD,OC,19044
2702,CD,SC,117594
2702,CD,SCA,136961
2702,CE,BC,71724
2702,CE,MBC,79990
2702,CE,OC,65257
2702,CE,SC,208773
2702,CS,BC,34407
2702,CS,MBC,32248
2702,CS,OC,15143
2702,CS,SC,126059
2702,CS,SCA,110995
2702,CS,ST,169467
2702,CT,BC,44431
2702,CT,MBC,37579
2702,CT,OC,21698
2702,CT,SC,126755
2702,CT,SCA,130937
2702,EC,BC,35177
2702,EC,MBC,36129
2702,EC,OC,17915
2702,EC,SC,131440
2702,EC,SCA,117344
2702,EC,ST,144925
2702,EE,BC,56290
2702,EE,MBC,44850
2702,EE,OC,34277
2702,EE,SC,156884
2702,EE,SCA,149994
2702,EE,ST,148456
2702,EI,BC,37562
2702,EI,MBC,50313
2702,EI,OC,35044
2702,EI,SC,181111
2702,EI,SCA,139212
2702,EI,ST,215443
2702,FD,BC,200688
2702,FD,MBC,76178
2702,FD,OC,44869
2702,FD,SC,154638
2702,FD,SCA,79592
2702,FT,BC,120517
2702,FT,MBC,128275
2702,FT,OC,102983
2702,FT,SC,135578
2702,IT,BC,48999
2702,IT,MBC,38977
2702,IT,OC,24692
2702,IT,SC,155722
2702,IT,SCA,155334
2702,IT,ST,209903
2702,MC,BC,68609
2702,MC,MBC,38547
2702,MC,OC,64191
2702,ME,BC,56960
2702,ME,MBC,61412
2702,ME,OC,44336
2702,ME,SC,159183
2702,ME,SCA,193132
2702,MZ,BC,55938
2702,MZ,MBC,51270
2702,MZ,OC,38296
2702,MZ,SC,189857
2702,MZ,SCA,201218
2702,SE,BC,10671
2702,SE,MBC,45205
2702,SE,OC,7719
2702,SE,SC,148027
2702,SE,SCA,159307
2702,TX,BC,130441
2702,TX,MBC,110764
2702,TX,OC,73055
2702,TX,SC,93445
2704,AD,BC,107969
2704,AD,MBC,99226
2704,AD,OC,57219
2704,AD,SC,187143
2704,AD,SCA,245877
2704,AM,BC,76062
2704,AM,MBC,93429
2704,AM,OC,51825
2704,AM,SC,182922
2704,AM,SCA,113312
2704,CE,BC,152693
2704,CE,MBC,153830
2704,CE,OC,120188
2704,CE,SC,200817
2704,CS,BC,83286
2704,CS,MBC,92843
2704,CS,OC,47620
2704,CS,SC,140647
2704,CS,SCA,130251
2704,CS,ST,211455
2704,EC,BC,89259
2704,EC,MBC,73620
2704,EC,OC,50890
2704,EC,SC,183154
2704,EC,SCA,132367
2704,EE,BC,105322
2704,EE,MBC,114828
2704,EE,OC,86887
2704,EE,SC,216133
2704,EE,SCA,99249
2704,EV,BC,81841
2704,EV,MBC,95191
2704,EV,OC,88738
2704,EV,SC,214789
2704,IT,BC,100265
2704,IT,MBC,99202
2704,IT,OC,70517
2704,IT,SC,178967
2704,IT,SCA,200880
2704,ME,BC,170912
2704,ME,MBC,183672
2704,ME,OC,134106
2704,ME,SC,238756
2704,ME,SCA,146960
2704,MZ,BC,136738
2704,MZ,MBC,200051
2704,MZ,OC,97618
2704,MZ,SC,243879
2704,MZ,SCA,244532
2704,SC,BC,99213
2704,SC,MBC,93553
2704,SC,OC,61330
2704,SC,SC,205152
2704,SC,SCA,202017
2705,AD,BC,245560
2705,AD,MBC,250203
2705,AD,OC,126635
2705,AD,SC,213008
2705,AD,SCA,231434
2705,AD,ST,153466
2705,AM,BC,252945
2705,AM,MBC,227628
2705,AM,OC,201587
2705,AM,SC,221436
2705,CE,OC,185010
2705,CS,BC,209731
2705,CS,MBC,196380
2705,CS,OC,249680
2705,CS,SC,210329
2705,EC,BC,238901
2705,EC,MBC,236361
2705,EC,OC,211066
2705,EE,OC,93795
2705,IT,BC,246797
2705,IT,MBC,236447
2705,IT,OC,245951
2705,IT,SC,255436
2705,ME,OC,246831
2705,SC,BC,252123
2705,SC,MBC,234390
2705,SC,OC,210679
2705,SC,SC,241298
2706,AD,BC,35382
2706,AD,MBC,43803
2706,AD,OC,25420
2706,AD,SC,162110
2706,AD,SCA,117707
2706,AD,ST,136252
2706,AM,BC,33318
2706,AM,MBC,46435
2706,AM,OC,24725
2706,AM,SC,150193
2706,AM,SCA,164367
2706,AM,ST,143863
2706,AU,BC,114488
2706,AU,MBC,132741
2706,AU,OC,75020
2706,AU,SC,235983
2706,AU,SCA,179976
2706,CE,BC,102834
2706,CE,MBC,129868
2706,CE,OC,66913
2706,CE,SC,202653
2706,CE,SCA,172045
2706,CE,ST,161233
2706,CS,BC,40350
2706,CS,MBC,45553
2706,CS,OC,18170
2706,CS,SC,145530
2706,CS,SCA,169631
2706,CS,ST,127802
2706,EA,BC,103405
2706,EA,MBC,55668
2706,EA,OC,41195
2706,EA,SC,197066
2706,EA,SCA,162375
2706,EC,BC,36514
2706,EC,MBC,41020
2706,EC,OC,20273
2706,EC,SC,145447
2706,EC,SCA,112190
2706,EC,ST,164611
2706,EE,BC,52375
2706,EE,MBC,62344
2706,EE,OC,38619
2706,EE,SC,217550
2706,EE,SCA,234889
2706,EV,BC,43754
2706,EV,MBC,52914
2706,EV,OC,34100
2706,EV,SC,129483
2706,EV,SCA,163223
2706,IT,BC,42591
2706,IT,MBC,49739
2706,IT,OC,27541
2706,IT,SC,157347
2706,IT,SCA,201045
2706,IT,ST,129823
2706,ME,BC,73961
2706,ME,MBC,68579
2706,ME,OC,50441
2706,ME,SC,234556
2706,ME,SCA,167449
2706,SC,BC,38432
2706,SC,MBC,39910
2706,SC,OC,27357
2706,SC,SC,146142
2706,SC,SCA,183024
2707,AD,BC,209969
2707,AD,MBC,166392
2707,AD,OC,118422
2707,AD,SC,234461
2707,AD,SCA,193756
2707,AD,ST,189323
2707,AG,BC,234528
2707,AG,MBC,241192
2707,AG,OC,198326
2707,AG,SC,247021
2707,AG,SCA,235402
2707,AG,ST,146087
2707,AM,BC,175027
2707,AM,MBC,186055
2707,AM,OC,124868
2707,AM,SC,249707
2707,AM,SCA,240475
2707,BM,BC,239560
2707,BM,MBC,225340
2707,BM,OC,176131
2707,BM,SC,243618
2707,BM,SCA,219783
2707,BM,ST,235841
2707,BT,BC,242460
2707,BT,MBC,237219
2707,BT,OC,189337
2707,BT,SC,250837
2707,BT,SCA,255930
2707,CD,BC,226980
2707,CD,MBC,193352
2707,CD,OC,172678
2707,CD,SC,239522
2707,CD,SCA,174422
2707,CD,ST,221294
2707,CE,BC,240621
2707,CE,MBC,235013
2707,CE,OC,220590
2707,CE,SC,247318
2707,CE,SCA,216162
2707,CH,BC,237734
2707,CH,MBC,239099
2707,CH,OC,144818
2707,CH,SC,234696
2707,CH,SCA,249225
2707,CI,BC,209094
2707,CI,MBC,189220
2707,CI,OC,165848
2707,CI,SC,237858
2707,CI,SCA,214572
2707,CJ,BC,227356
2707,CJ,MBC,199360
2707,CJ,OC,140054
2707,CJ,SC,183374
2707,CJ,SCA,174949
2707,CS,BC,191511
2707,CS,MBC,169488
2707,CS,OC,117817
2707,CS,SC,232282
2707,CS,SCA,224754
2707,EC,BC,240091
2707,EC,MBC,186179
2707,EC,OC,137934
2707,EC,SC,234778
2707,EC,SCA,246791
2707,EE,BC,198191
2707,EE,MBC,206569
2707,EE,OC,155582
2707,EE,SC,247494
2707,EE,SCA,242173
2707,EE,ST,135847
2707,EI,BC,211826
2707,EI,MBC,210983
2707,EI,OC,195391
2707,EI,SC,244353
2707,EI,SCA,207430
2707,IT,BC,238321
2707,IT,MBC,179444
2707,IT,OC,137444
2707,IT,SC,246689
2707,IT,SCA,235635
2707,IT,ST,100849
2707,ME,BC,237764
2707,ME,MBC,231837
2707,ME,OC,174969
2707,ME,SC,240895
2707,ME,SCA,221983
2707,ME,ST,166712
2707,RM,BC,217525
2707,RM,MBC,224338
2707,RM,OC,191948
2707,RM,SC,198135
2707,RM,SCA,242710
2707,SC,BC,216986
2707,SC,MBC,141897
2707,SC,OC,79407
2707,SC,SC,238287
2707,SC,SCA,166481
2707,SC,ST,227487
2707,XM,BC,247971
2707,XM,MBC,243215
2707,XM,OC,238522
2707,XM,SC,239498
2707,XM,SCA,232543
2708,AE,BC,117665
2708,AE,MBC,128877
2708,AE,OC,54845
2708,AE,SC,163598
2708,AE,SCA,129988
2708,AE,ST,155855
2708,AG,BC,171406
2708,AG,MBC,197784
2708,AG,OC,116742
2708,AG,SC,165912
2708,AG,SCA,130241
2708,AL,BC,92081
2708,AL,MBC,71981
2708,AL,OC,51268
2708,AL,SC,145830
2708,AL,SCA,184743
2708,AL,ST,145133
2708,AU,BC,165960
2708,AU,MBC,172023
2708,AU,OC,137986
2708,AU,SC,246744
2708,AU,SCA,143196
2708,BM,BC,130846
2708,BM,MBC,158815
2708,BM,OC,99524
2708,BM,SC,246269
2708,BM,SCA,171276
2708,CB,BC,95411
2708,CB,MBC,78595
2708,CB,OC,61807
2708,CB,SC,190135
2708,CB,SCA,148092
2708,CB,ST,211160
2708,CE,BC,154253
2708,CE,MBC,179159
2708,CE,OC,88827
2708,CE,SC,207185
2708,CH,BC,96146
2708,CH,MBC,143959
2708,CH,OC,57721
2708,CH,SC,246983
2708,CH,SCA,221142
2708,CH,ST,139856
2708,CS,BC,58747
2708,CS,MBC,63749
2708,CS,OC,33263
2708,CS,SC,163319
2708,CS,SCA,195519
2708,CS,ST,76971
2708,EC,BC,74325
2708,EC,MBC,58731
2708,EC,OC,39353
2708,EC,SC,150039
2708,EC,SCA,174587
2708,EC,ST,101265
2708,EE,BC,99799
2708,EE,MBC,102522
2708,EE,OC,67103
2708,EE,SC,198083
2708,EI,BC,189585
2708,EI,MBC,129721
2708,EI,OC,83298
2708,EI,SC,206786
2708,EI,SCA,212471
2708,FD,BC,188648
2708,FD,MBC,208058
2708,FD,OC,105606
2708,FD,SC,188170
2708,FD,SCA,98152
2708,IT,BC,89305
2708,IT,MBC,68737
2708,IT,OC,47203
2708,IT,SC,146440
2708,IT,SCA,130774
2708,IT,ST,178120
2708,ME,BC,154698
2708,ME,MBC,143442
2708,ME,OC,106168
2708,ME,SC,222114
2708,ME,SCA,203042
2708,ME,ST,235675
2708,MZ,BC,136679
2708,MZ,MBC,172892
2708,MZ,OC,90101
2708,MZ,SC,230705
2708,MZ,SCA,247215
2708,SC,BC,62053
2708,SC,MBC,62124
2708,SC,OC,45675
2708,SC,SC,156938
2708,SC,SCA,199178
2708,SC,ST,224118
2709,AU,BC,83257
2709,AU,MBC,67920
2709,AU,OC,56672
2709,AU,SC,139319
2709,AU,SCA,138271
2709,CE,BC,58882
2709,CE,MBC,51840
2709,CE,OC,43034
2709,CE,SC,58640
2709,CE,SCA,57143
2709,CE,ST,114569
2709,CF,BC,26978
2709,CF,MBC,24162
2709,CF,OC,15884
2709,CF,SC,62930
2709,CF,SCA,66008
2709,CS,BC,17764
2709,CS,MBC,16952
2709,CS,OC,11230
2709,CS,SC,35296
2709,CS,SCA,52680
2709,CS,ST,77770
2709,EC,BC,24296
2709,EC,MBC,18735
2709,EC,OC,13856
2709,EC,SC,53525
2709,EC,SCA,82750
2709,EC,ST,111536
2709,EE,BC,50321
2709,EE,MBC,35269
2709,EE,OC,28518
2709,EE,SC,78037
2709,EE,SCA,86144
2709,EE,ST,56846
2709,IT,BC,26463
2709,IT,MBC,26079
2709,IT,OC,21038
2709,IT,SC,41202
2709,IT,SCA,93936
2709,IT,ST,99443
2709,ME,BC,61833
2709,ME,MBC,60380
2709,ME,OC,44805
2709,ME,SC,96459
2709,ME,SCA,154738
2709,ME,ST,78623
2710,AD,BC,17589
2710,AD,MBC,18224
2710,AD,OC,9279
2710,AD,SC,62190
2710,AD,SCA,28729
2710,AD,ST,67586
2710,CD,BC,53402
2710,CD,MBC,44656
2710,CD,OC,7483
2710,CD,SC,136778
2710,CD,SCA,111130
2710,CE,BC,54830
2710,CE,MBC,62922
2710,CE,OC,13474
2710,CE,SC,123525
2710,CE,SCA,105689
2710,CS,BC,10875
2710,CS,MBC,21163
2710,CS,OC,10491
2710,CS,SC,43741
2710,CS,SCA,106547
2710,CS,ST,111845
2710,EC,BC,18132
2710,EC,MBC,31144
2710,EC,OC,15257
2710,EC,SC,78017
2710,EC,SCA,133541
2710,EC,ST,87401
2710,EE,BC,66318
2710,EE,MBC,51272
2710,EE,OC,25363
2710,EE,SC,134448
2710,EE,SCA,124168
2710,EE,ST,205182
2710,ET,BC,58090
2710,ET,MBC,62851
2710,ET,OC,13586
2710,ET,SC,135386
2710,ET,SCA,147960
2710,EV,BC,16874
2710,EV,MBC,32917
2710,EV,OC,23007
2710,EV,SC,131348
2710,EV,SCA,103195
2710,IT,BC,27409
2710,IT,MBC,31417
2710,IT,OC,16675
2710,IT,SC,74652
2710,IT,SCA,92006
2710,IT,ST,116807
2710,ME,BC,60375
2710,ME,MBC,61430
2710,ME,OC,19630
2710,ME,SC,134763
2710,ME,SCA,103491
2710,ME,ST,196039
2710,SC,BC,18080
2710,SC,MBC,22302
2710,SC,OC,7129
2710,SC,SC,63568
2710,SC,SCA,33768
2710,SC,ST,136397
2710,TS,BC,35234
2710,TS,MBC,41469
2710,TS,OC,7272
2710,TS,SC,137805
2710,TS,SCA,120722
2710,TS,ST,129405
2711,AD,BC,50673
2711,AD,MBC,42353
2711,AD,OC,27605
2711,AD,SC,157638
2711,AD,SCA,201277
2711,AL,BC,44769
2711,AL,MBC,39467
2711,AL,OC,24927
2711,AL,SC,138729
2711,AL,SCA,205957
2711,AU,BC,69811
2711,AU,MBC,87250
2711,AU,OC,65949
2711,AU,SC,202435
2711,CD,BC,61197
2711,CD,MBC,51312
2711,CD,OC,36239
2711,CD,SC,199334
2711,CD,SCA,214501
2711,CD,ST,159098
2711,CE,BC,117889
2711,CE,MBC,71306
2711,CE,OC,55010
2711,CE,SC,186565
2711,CE,SCA,196125
2711,CH,BC,60652
2711,CH,MBC,52016
2711,CH,OC,48895
2711,CH,SC,231300
2711,CH,SCA,208536
2711,CS,BC,38394
2711,CS,MBC,38736
2711,CS,OC,21615
2711,CS,SC,148190
2711,CS,SCA,194623
2711,CS,ST,143962
2711,EC,BC,37824
2711,EC,MBC,40000
2711,EC,OC,24042
2711,EC,SC,163889
2711,EC,SCA,146744
2711,EC,ST,258563
2711,EE,BC,50540
2711,EE,MBC,53024
2711,EE,OC,33974
2711,EE,SC,195301
2711,EE,SCA,184529
2711,EI,BC,69136
2711,EI,MBC,64851
2711,EI,OC,37908
2711,EI,SC,229495
2711,EI,SCA,229609
2711,EI,ST,209145
2711,FD,BC,80477
2711,FD,MBC,101985
2711,FD,OC,56336
2711,FD,SC,244401
2711,FD,SCA,217454
2711,IT,BC,40894
2711,IT,MBC,41215
2711,IT,OC,30978
2711,IT,SC,173814
2711,IT,SCA,206486
2711,IT,ST,231114
2711,ME,BC,74128
2711,ME,MBC,68459
2711,ME,OC,49005
2711,ME,SC,152334
2711,ME,SCA,237561
2711,MZ,BC,72139
2711,MZ,MBC,66691
2711,MZ,OC,43035
2711,MZ,SC,238867
2711,MZ,SCA,118389
2712,AD,BC,9481
2712,AD,MBC,10509
2712,AD,OC,5605
2712,AD,SC,43606
2712,AD,SCA,57869
2712,AE,BC,52761
2712,AE,MBC,45315
2712,AE,OC,17226
2712,AE,SC,79442
2712,AE,SCA,77341
2712,AE,ST,104191
2712,AU,BC,40315
2712,AU,MBC,35795
2712,AU,OC,25913
2712,AU,SC,67482
2712,AU,SCA,82569
2712,BT,BC,36908
2712,BT,MBC,29970
2712,BT,OC,15784
2712,BT,SC,82190
2712,BT,SCA,65216
2712,BT,ST,154646
2712,CE,BC,46271
2712,CE,MBC,39103
2712,CE,OC,28165
2712,CE,SC,75189
2712,CE,SCA,89446
2712,CE,ST,35747
2712,CS,BC,9651
2712,CS,MBC,9638
2712,CS,OC,4268
2712,CS,SC,38926
2712,CS,SCA,58398
2712,CS,ST,55919
2712,EC,BC,10823
2712,EC,MBC,8532
2712,EC,OC,5285
2712,EC,SC,40771
2712,EC,SCA,76520
2712,EC,ST,77576
2712,EE,BC,16631
2712,EE,MBC,14291
2712,EE,OC,9713
2712,EE,SC,49555
2712,EE,SCA,89405
2712,EE,ST,105144
2712,EI,BC,16199
2712,EI,MBC,25091
2712,EI,OC,13782
2712,EI,SC,73268
2712,EI,SCA,136506
2712,EI,ST,166714
2712,FT,BC,88133
2712,FT,MBC,69040
2712,FT,OC,44936
2712,FT,SC,176140
2712,FT,SCA,132488
2712,IT,BC,10662
2712,IT,MBC,10894
2712,IT,OC,6070
2712,IT,SC,39991
2712,IT,SCA,40947
2712,IT,ST,69728
2712,ME,BC,27780
2712,ME,MBC,34939
2712,ME,OC,22457
2712,ME,SC,83361
2712,ME,SCA,93253
2712,ME,ST,115696
2712,MZ,BC,22396
2712,MZ,MBC,35030
2712,MZ,OC,18416
2712,MZ,SC,84184
2712,MZ,SCA,34884
2712,TX,BC,52472
2712,TX,MBC,73941
2712,TX,OC,42758
2712,TX,SC,144707
2712,TX,SCA,124052
2713,CE,OC,237919
2713,CE,SC,238283
2713,CS,BC,230658
2713,CS,MBC,230059
2713,CS,OC,164472
2713,CS,SC,232397
2713,CS,SCA,185389
2713,CS,ST,173368
2713,EC,BC,238950
2713,EC,MBC,221120
2713,EC,OC,142340
2713,EC,SC,216583
2713,EC,SCA,179729
2713,EE,BC,245740
2713,EE,MBC,247261
2713,EE,OC,193335
2713,EE,SC,227220
2713,EE,SCA,231464
2713,IT,BC,234394
2713,IT,MBC,244004
2713,IT,OC,177144
2713,IT,SC,212283
2713,IT,SCA,170128
2713,IT,ST,175753
2713,ME,BC,235774
2713,ME,MBC,236140
2713,ME,OC,228655
2713,ME,SC,232278
2713,ME,SCA,237060
2715,AD,BC,191150
2715,AD,MBC,141051
2715,AD,OC,101158
2715,AD,SC,230642
2715,AD,SCA,106000
2715,AG,BC,234992
2715,AG,MBC,221402
2715,AG,OC,156685
2715,AG,SC,227596
2715,AG,SCA,198929
2715,AG,ST,186164
2715,BM,BC,244882
2715,BM,MBC,215366
2715,BM,OC,148476
2715,BM,SC,244631
2715,BM,SCA,159305
2715,CE,BC,228196
2715,CE,MBC,165431
2715,CE,OC,152730
2715,CE,SC,235381
2715,CE,SCA,224596
2715,CH,BC,226700
2715,CH,MBC,161372
2715,CH,OC,157943
2715,CH,SC,237037
2715,CH,SCA,178386
2715,CI,BC,173783
2715,CI,MBC,158700
2715,CI,OC,123303
2715,CI,SC,237761
2715,CI,SCA,208714
2715,CI,ST,224907
2715,CS,BC,123048
2715,CS,MBC,142858
2715,CS,OC,75584
2715,CS,SC,240665
2715,CS,SCA,186592
2715,CS,ST,88971
2715,EC,BC,143484
2715,EC,MBC,145505
2715,EC,OC,96174
2715,EC,SC,235756
2715,EC,SCA,142782
2715,EE,BC,226699
2715,EE,MBC,165939
2715,EE,OC,131379
2715,EE,SC,226607
2715,EE,SCA,208782
2715,IT,BC,148390
2715,IT,MBC,156670
2715,IT,OC,116261
2715,IT,SC,231548
2715,IT,SCA,210000
2715,ME,BC,216962
2715,ME,MBC,198944
2715,ME,OC,162152
2715,ME,SC,245078
2715,ME,SCA,179763
2715,SC,BC,125158
2715,SC,MBC,118456
2715,SC,OC,99912
2715,SC,SC,243016
2715,SC,SCA,209968
2715,SC,ST,206145
2716,AD,BC,151296
2716,AD,MBC,141214
2716,AD,OC,105203
2716,AD,SC,241287
2716,AD,SCA,134996
2716,AE,BC,228583
2716,AE,MBC,231246
2716,AE,OC,116713
2716,AE,SC,240827
2716,AE,SCA,257236
2716,AG,BC,208900
2716,AG,MBC,230052
2716,AG,OC,214819
2716,AG,SCA,210182
2716,BM,BC,244061
2716,BM,MBC,199619
2716,BM,OC,177930
2716,BM,SC,213045
2716,BM,SCA,195061
2716,CS,BC,159995
2716,CS,MBC,140645
2716,CS,OC,106912
2716,CS,SC,173480
2716,CS,SCA,133343
2716,CS,ST,181285
2716,EC,BC,187976
2716,EC,MBC,169181
2716,EC,OC,129756
2716,EC,SC,184971
2716,EC,SCA,202479
2716,EE,BC,216588
2716,EE,MBC,189191
2716,EE,OC,158719
2716,EE,SC,230732
2716,EE,SCA,202547
2716,GI,BC,223049
2716,GI,MBC,211971
2716,GI,OC,151650
2716,IT,BC,167085
2716,IT,MBC,160633
2716,IT,OC,119859
2716,IT,SC,213268
2716,MD,MBC,221743
2716,MD,OC,217677
2716,MD,SC,216707
2716,ME,BC,219968
2716,ME,MBC,247814
2716,ME,OC,185807
2716,ME,SC,222733
2716,MZ,BC,223923
2716,MZ,MBC,218152
2716,MZ,OC,167541
2716,MZ,SC,181653
2716,RM,BC,185546
2716,RM,MBC,212835
2716,RM,OC,151283
2716,RM,SC,208042
2716,SC,BC,164054
2716,SC,MBC,159369
2716,SC,OC,106541
2716,SC,SC,133836
2716,TX,OC,246807
2717,AD,BC,242300
2717,AD,MBC,246578
2717,AD,OC,189502
2717,AD,SC,206662
2717,AD,SCA,157929
2717,CE,OC,177438
2717,CS,BC,253650
2717,CS,MBC,246497
2717,CS,OC,199572
2717,CS,SC,252151
2717,CS,SCA,239943
2717,EC,BC,235901
2717,EC,MBC,233619
2717,EC,OC,210800
2717,EC,SC,235730
2717,EC,SCA,225528
2717,EE,MBC,245240
2717,EE,OC,240619
2717,EE,SCA,196956
2717,IT,BC,249109
2717,IT,MBC,232459
2717,IT,OC,201242
2717,IT,SC,242007
2717,IT,SCA,241500
2717,ME,MBC,239235
2717,ME,OC,245677
2717,SC,BC,249223
2717,SC,MBC,248273
2717,SC,OC,225667
2717,SC,SC,247819
2718,AD,BC,35117
2718,AD,MBC,31095
2718,AD,OC,17597
2718,AD,SC,111613
2718,AD,SCA,141770
2718,AD,ST,134784
2718,AM,BC,27047
2718,AM,MBC,26104
2718,AM,OC,12149
2718,AM,SC,70758
2718,AM,SCA,74521
2718,CB,BC,32884
2718,CB,MBC,33634
2718,CB,OC,20107
2718,CB,SC,104577
2718,CB,SCA,131018
2718,CD,BC,16992
2718,CD,MBC,20348
2718,CD,OC,15818
2718,CD,SC,92795
2718,CD,SCA,37664
2718,CE,BC,55374
2718,CE,MBC,67965
2718,CE,OC,43694
2718,CE,SC,129993
2718,CE,SCA,171158
2718,CE,ST,84573
2718,CI,BC,33643
2718,CI,MBC,34591
2718,CI,OC,22149
2718,CI,SC,99324
2718,CJ,BC,38023
2718,CJ,MBC,36385
2718,CJ,OC,20661
2718,CJ,SC,118698
2718,CJ,SCA,139574
2718,CJ,ST,34528
2718,CS,BC,16721
2718,CS,MBC,21933
2718,CS,OC,9615
2718,CS,SC,88810
2718,CS,SCA,126087
2718,CS,ST,75311
2718,EC,BC,25769
2718,EC,MBC,29895
2718,EC,OC,13011
2718,EC,SC,95498
2718,EC,SCA,116476
2718,EC,ST,106990
2718,EE,BC,40031
2718,EE,MBC,40450
2718,EE,OC,23917
2718,EE,SC,116622
2718,EE,SCA,135870
2718,EE,ST,128338
2718,IT,BC,33606
2718,IT,MBC,30547
2718,IT,OC,17032
2718,IT,SC,113485
2718,IT,SCA,135300
2718,IT,ST,137028
2718,ME,BC,50893
2718,ME,MBC,60989
2718,ME,OC,35966
2718,ME,SC,154366
2718,ME,SCA,185525
2718,ME,ST,133995
2718,MZ,BC,42478
2718,MZ,MBC,47607
2718,MZ,OC,29302
2718,MZ,SC,148369
2718,MZ,SCA,170556
2718,MZ,ST,153788
2718,SC,BC,24658
2718,SC,MBC,31992
2718,SC,OC,17242
2718,SC,SC,92656
2718,SC,SCA,128974
2718,SC,ST,157696
2719,AD,BC,34756
2719,AD,MBC,31781
2719,AD,OC,22234
2719,AD,SC,105216
2719,AD,SCA,57450
2719,AE,BC,64143
2719,AE,MBC,68298
2719,AE,OC,46935
2719,AE,SC,173022
2719,AE,SCA,152607
2719,BM,BC,97148
2719,BM,MBC,72851
2719,BM,OC,45617
2719,BM,SC,174931
2719,BM,SCA,194723
2719,BM,ST,191859
2719,CE,BC,84464
2719,CE,MBC,89484
2719,CE,OC,67430
2719,CE,SC,162202
2719,CE,SCA,157260
2719,CE,ST,142589
2719,CJ,BC,44298
2719,CJ,MBC,47841
2719,CJ,OC,31199
2719,CJ,SC,128406
2719,CJ,SCA,87589
2719,CJ,ST,169543
2719,CS,BC,28760
2719,CS,MBC,34757
2719,CS,OC,20503
2719,CS,SC,112706
2719,CS,SCA,89750
2719,CS,ST,86696
2719,EC,BC,40553
2719,EC,MBC,39251
2719,EC,OC,23525
2719,EC,SC,116897
2719,EC,SCA,145880
2719,EC,ST,187883
2719,EE,BC,41234
2719,EE,MBC,39566
2719,EE,OC,29777
2719,EE,SC,132941
2719,EE,SCA,156184
2719,EE,ST,112767
2719,EI,BC,42352
2719,EI,MBC,65183
2719,EI,OC,35649
2719,EI,SC,161765
2719,EI,SCA,161840
2719,IT,BC,38125
2719,IT,MBC,38563
2719,IT,OC,25100
2719,IT,SC,121871
2719,IT,SCA,114332
2719,IT,ST,148123
2719,ME,BC,61068
2719,ME,MBC,82724
2719,ME,OC,45715
2719,ME,SC,172803
2719,ME,SCA,205855
2719,RM,BC,83774
2719,RM,MBC,58667
2719,RM,OC,36489
2719,RM,SC,159259
2719,RM,SCA,164507
2721,AD,BC,201864
2721,AD,MBC,225717
2721,AD,OC,124901
2721,AD,SC,219614
2721,AD,SCA,157392
2721,AU,BC,207696
2721,AU,MBC,234855
2721,AU,OC,173297
2721,CE,BC,212862
2721,CE,MBC,220122
2721,CE,OC,197849
2721,CE,SC,203442
2721,CS,BC,239351
2721,CS,MBC,194979
2721,CS,OC,120252
2721,CS,SC,253749
2721,CS,SCA,250820
2721,EC,BC,221689
2721,EC,MBC,223024
2721,EC,OC,154236
2721,EC,SC,223488
2721,EC,SCA,192543
2721,EE,BC,246836
2721,EE,MBC,244563
2721,EE,OC,176416
2721,IC,BC,239170
2721,IC,MBC,213811
2721,IC,OC,219144
2721,IC,SC,243916
2721,IT,BC,187453
2721,IT,MBC,195404
2721,IT,OC,147104
2721,IT,SC,214263
2721,ME,BC,248680
2721,ME,OC,212623
2721,ME,SC,230317
2722,AD,BC,30350
2722,AD,MBC,32504
2722,AD,OC,20332
2722,AD,SC,85984
2722,AD,SCA,131017
2722,AD,ST,43266
2722,AM,BC,35484
2722,AM,MBC,32173
2722,AM,OC,24343
2722,AM,SC,97350
2722,AM,SCA,47705
2722,CE,BC,93092
2722,CE,MBC,82847
2722,CE,OC,45399
2722,CE,SC,136971
2722,CE,SCA,154976
2722,CI,BC,26666
2722,CI,MBC,31346
2722,CI,OC,28658
2722,CI,SC,110151
2722,CI,SCA,149057
2722,CI,ST,97771
2722,CS,BC,26762
2722,CS,MBC,32757
2722,CS,OC,17844
2722,CS,SC,95597
2722,CS,SCA,93483
2722,CS,ST,137428
2722,EC,BC,16812
2722,EC,MBC,33204
2722,EC,OC,20784
2722,EC,SC,99615
2722,EC,SCA,145428
2722,EC,ST,116537
2722,EE,BC,42105
2722,EE,MBC,42239
2722,EE,OC,20341
2722,EE,SC,135305
2722,EE,SCA,169421
2722,EE,ST,167406
2722,IT,BC,31961
2722,IT,MBC,32436
2722,IT,OC,25633
2722,IT,SC,97702
2722,IT,SCA,121636
2722,IT,ST,147223
2722,ME,BC,37892
2722,ME,MBC,67698
2722,ME,OC,36089
2722,ME,SC,116378
2722,ME,SCA,170301
2722,SC,BC,26235
2722,SC,MBC,32508
2722,SC,OC,23138
2722,SC,SC,105781
2722,SC,SCA,59057
2723,AD,BC,133268
2723,AD,MBC,110342
2723,AD,OC,67082
2723,AD,SC,242428
2723,AD,SCA,255044
2723,AD,ST,190963
2723,AM,BC,131820
2723,AM,MBC,124995
2723,AM,OC,80033
2723,AM,SC,122712
2723,AM,SCA,174318
2723,BM,BC,219284
2723,BM,MBC,164612
2723,BM,OC,120345
2723,BM,SC,215967
2723,BM,SCA,145311
2723,CE,BC,144596
2723,CE,MBC,148382
2723,CE,OC,111976
2723,CE,SC,236339
2723,CE,SCA,238413
2723,CS,BC,80931
2723,CS,MBC,106209
2723,CS,OC,49444
2723,CS,SC,224571
2723,CS,SCA,196381
2723,CS,ST,115213
2723,EC,BC,109391
2723,EC,MBC,124236
2723,EC,OC,73108
2723,EC,SC,242504
2723,EC,SCA,128452
2723,EC,ST,95326
2723,EE,BC,141464
2723,EE,MBC,135270
2723,EE,OC,104062
2723,EE,SC,229758
2723,EE,SCA,175008
2723,IT,BC,112864
2723,IT,MBC,123583
2723,IT,OC,73176
2723,IT,SC,217599
2723,IT,SCA,206935
2723,MD,BC,186819
2723,MD,MBC,194519
2723,MD,OC,135016
2723,MD,SC,200300
2723,MD,SCA,141255
2723,ME,BC,216593
2723,ME,MBC,187828
2723,ME,OC,122838
2723,ME,SC,243514
2723,ME,SCA,227617
2725,AD,BC,58934
2725,AD,MBC,73978
2725,AD,OC,43444
2725,AD,SC,153131
2725,AD,SCA,147226
2725,CS,BC,57822
2725,CS,MBC,70960
2725,CS,OC,45254
2725,CS,SC,175328
2725,CS,SCA,191201
2725,CS,ST,143081
2725,EC,BC,76301
2725,EC,MBC,66533
2725,EC,OC,47794
2725,EC,SC,187801
2725,EC,SCA,153777
2725,EC,ST,82439
2725,EE,BC,61133
2725,EE,MBC,81030
2725,EE,OC,56429
2725,EE,SC,157942
2725,EE,SCA,222116
2725,IT,BC,57812
2725,IT,MBC,75591
2725,IT,OC,48772
2725,IT,SC,168382
2725,IT,SCA,192461
2725,ME,BC,171546
2725,ME,MBC,99042
2725,ME,OC,76802
2725,ME,SC,226986
2725,ME,ST,228767
2726,AD,BC,85773
2726,AD,MBC,73504
2726,AD,OC,50757
2726,AD,SC,176301
2726,AD,SCA,185284
2726,AG,BC,247071
2726,AG,MBC,222679
2726,AG,OC,199104
2726,AG,SC,235199
2726,AG,SCA,133524
2726,AL,BC,77268
2726,AL,MBC,83011
2726,AL,OC,56383
2726,AL,SC,198833
2726,AL,SCA,202745
2726,AL,ST,202331
2726,AO,BC,78309
2726,AO,MBC,102409
2726,AO,OC,25403
2726,AO,SC,161182
2726,AU,BC,184464
2726,AU,MBC,171251
2726,AU,OC,146748
2726,AU,SC,214949
2726,BM,BC,120443
2726,BM,MBC,146646
2726,BM,OC,101294
2726,BM,SC,205493
2726,BM,SCA,198849
2726,CD,BC,78328
2726,CD,MBC,87513
2726,CD,OC,60900
2726,CD,SC,207784
2726,CE,BC,180692
2726,CE,MBC,183612
2726,CE,OC,115205
2726,CE,SC,202788
2726,CE,SCA,196796
2726,CE,ST,170255
2726,CS,BC,79991
2726,CS,MBC,76032
2726,CS,OC,40683
2726,CS,SC,179796
2726,CS,SCA,184111
2726,CS,ST,253021
2726,EC,BC,105545
2726,EC,MBC,77834
2726,EC,OC,49927
2726,EC,SC,208423
2726,EC,SCA,214377
2726,EE,BC,111313
2726,EE,MBC,92559
2726,EE,OC,64679
2726,EE,SC,233551
2726,EE,SCA,222857
2726,FD,BC,159031
2726,FD,MBC,206579
2726,FD,OC,91067
2726,FD,SC,144462
2726,IT,BC,89694
2726,IT,MBC,78376
2726,IT,OC,52501
2726,IT,SC,166934
2726,IT,SCA,152914
2726,IT,ST,133891
2726,ME,BC,132758
2726,ME,MBC,141340
2726,ME,OC,94580
2726,ME,SC,240641
2726,MO,BC,136709
2726,MO,MBC,128599
2726,MO,OC,114920
2726,MO,SC,218299
2726,MZ,BC,104967
2726,MZ,MBC,126426
2726,MZ,OC,60922
2726,MZ,SC,226471
2726,MZ,SCA,222136
2726,SB,BC,68876
2726,SB,MBC,68983
2726,SB,OC,44270
2726,SB,SC,144901
2726,SB,SCA,174745
2726,TS,BC,110026
2726,TS,MBC,82938
2726,TS,OC,54865
2726,TS,SC,201345
2726,TS,SCA,182378
2727,AD,BC,110341
2727,AD,MBC,106699
2727,AD,OC,64421
2727,AD,SC,245752
2727,AD,SCA,235907
2727,AD,ST,191588
2727,AG,BC,249958
2727,AG,MBC,198784
2727,AG,OC,132547
2727,AG,SC,214076
2727,AG,SCA,206426
2727,AG,ST,167629
2727,AL,BC,113884
2727,AL,MBC,104926
2727,AL,OC,70409
2727,AL,SC,245619
2727,AL,SCA,206918
2727,BM,BC,227654
2727,BM,MBC,235570
2727,BM,OC,129120
2727,BM,SC,232118
2727,BM,SCA,176283
2727,BT,BC,216252
2727,BT,MBC,137264
2727,BT,OC,95380
2727,BT,SC,230030
2727,BT,SCA,198784
2727,BT,ST,219094
2727,CE,BC,201226
2727,CE,MBC,234403
2727,CE,OC,134426
2727,CE,SC,213261
2727,CE,ST,175895
2727,CS,BC,78677
2727,CS,MBC,88748
2727,CS,OC,45408
2727,CS,SC,213086
2727,CS,SCA,187424
2727,CS,ST,186630
2727,EC,BC,82711
2727,EC,MBC,86954
2727,EC,OC,58257
2727,EC,SC,241355
2727,EC,SCA,229540
2727,EE,BC,109803
2727,EE,MBC,113273
2727,EE,OC,87807
2727,EE,SC,219353
2727,EV,BC,87933
2727,EV,MBC,119377
2727,EV,OC,81407
2727,EV,SC,225610
2727,FD,BC,180497
2727,FD,MBC,220782
2727,FD,OC,131012
2727,FD,SC,203552
2727,FD,ST,163025
2727,IT,BC,107190
2727,IT,MBC,103026
2727,IT,OC,64796
2727,IT,SC,242104
2727,IT,SCA,187359
2727,ME,BC,186326
2727,ME,MBC,160063
2727,ME,OC,102979
2727,ME,SC,223866
2727,SC,BC,109617
2727,SC,MBC,110777
2727,SC,OC,71628
2727,SC,SC,247383
2727,SC,SCA,213430
2727,SC,ST,78802
2729,AD,BC,78878
2729,AD,MBC,92170
2729,AD,OC,55752
2729,AD,SC,143320
2729,AD,SCA,159743
2729,AD,ST,154400
2729,AE,BC,98768
2729,AE,MBC,117122
2729,AE,OC,61426
2729,AE,SC,174922
2729,AE,SCA,184908
2729,AE,ST,227045
2729,CB,BC,91114
2729,CB,MBC,106471
2729,CB,OC,83964
2729,CB,SC,163518
2729,CB,SCA,124289
2729,CS,BC,77297
2729,CS,MBC,88966
2729,CS,OC,51302
2729,CS,SC,133005
2729,CS,SCA,153684
2729,CS,ST,127862
2729,EC,BC,88853
2729,EC,MBC,91188
2729,EC,OC,65985
2729,EC,SC,157538
2729,EC,SCA,178581
2729,EC,ST,197952
2729,EE,BC,113920
2729,EE,MBC,121285
2729,EE,OC,88703
2729,EE,SC,224962
2729,EE,SCA,192499
2729,EE,ST,190806
2729,IT,BC,84069
2729,IT,MBC,92838
2729,IT,OC,56912
2729,IT,SC,106838
2729,IT,SCA,104563
2729,IT,ST,103465
2729,ME,BC,141685
2729,ME,MBC,148243
2729,ME,OC,102131
2729,ME,SC,233716
2729,ME,SCA,165553
2729,MZ,BC,139731
2729,MZ,MBC,131143
2729,MZ,OC,95183
2729,MZ,SC,203690
2729,MZ,SCA,238457
2729,MZ,ST,133373
2731,AD,BC,127834
2731,AD,MBC,122803
2731,AD,OC,80835
2731,AD,SC,219946
2731,AD,SCA,196892
2731,AD,ST,145430
2731,BM,BC,256400
2731,BM,MBC,268133
2731,BM,OC,173175
2731,BM,SC,271637
2731,CS,BC,122519
2731,CS,MBC,137111
2731,CS,OC,79827
2731,CS,SC,223459
2731,CS,SCA,149505
2731,CS,ST,189650
2731,EC,BC,99140
2731,EC,MBC,121026
2731,EC,OC,78494
2731,EC,SC,214322
2731,EC,SCA,112413
2731,EC,ST,81104
2731,EE,BC,164874
2731,EE,MBC,163501
2731,EE,OC,115492
2731,EE,SC,247589
2731,EE,SCA,221499
2731,IT,BC,121013
2731,IT,MBC,131873
2731,IT,OC,97614
2731,IT,SC,240969
2731,IT,SCA,249827
2731,ME,BC,193325
2731,ME,MBC,199143
2731,ME,OC,147623
2731,ME,SC,188099
2731,ME,SCA,187454
2731,MU,BC,170035
2731,MU,OC,163361
2731,PC,BC,222544
2731,PC,MBC,249423
2731,PC,OC,173305
2731,PC,SC,240318
2731,PC,SCA,216850
2731,PD,BC,194023
2731,PD,MBC,159544
2731,PD,OC,152093
2731,PD,SC,155380
2732,AD,BC,192382
2732,AD,MBC,212077
2732,AD,OC,134158
2732,AD,SC,208079
2732,AD,SCA,151380
2732,CS,BC,218907
2732,CS,MBC,205775
2732,CS,OC,159971
2732,CS,SC,244357
2732,CS,SCA,242445
2732,EC,BC,226002
2732,EC,MBC,193585
2732,EC,OC,147377
2732,EC,SC,223288
2732,EC,SCA,183082
2732,EE,BC,228972
2732,EE,MBC,214999
2732,EE,OC,172561
2732,EE,SC,165682
2732,IT,BC,228253
2732,IT,MBC,187899
2732,IT,OC,167005
2732,IT,SC,242632
2732,IT,SCA,234011
2732,ME,BC,235596
2732,ME,MBC,238392
2732,ME,OC,231544
2732,ME,SC,228045
2733,CE,OC,148242
2733,CS,BC,153505
2733,CS,MBC,154438
2733,CS,OC,248793
2733,CS,SC,153469
2733,CS,SCA,139892
2733,EC,OC,230787
2733,EE,OC,152782
2733,FT,BC,155706
2733,FT,MBC,155906
2733,FT,OC,223973
2733,FT,SC,155256
2733,ME,OC,203171
2734,AD,BC,66753
2734,AD,MBC,73947
2734,AD,OC,43787
2734,AD,SC,206349
2734,AD,SCA,188209
2734,CD,BC,118202
2734,CD,MBC,84722
2734,CD,OC,58092
2734,CD,SC,157647
2734,CD,SCA,111839
2734,CS,BC,83400
2734,CS,MBC,76468
2734,CS,OC,36536
2734,CS,SC,212998
2734,CS,SCA,50263
2734,EC,BC,85633
2734,EC,MBC,73471
2734,EC,OC,44566
2734,EC,SC,205811
2734,EC,SCA,105899
2734,EE,BC,142213
2734,EE,MBC,114410
2734,EE,OC,56887
2734,EE,SC,171445
2734,IT,BC,59900
2734,IT,MBC,79652
2734,IT,OC,59195
2734,IT,SC,187231
2734,IT,SCA,155901
2734,ME,BC,178404
2734,ME,MBC,190082
2734,ME,OC,121817
2734,ME,SC,153661
2734,MO,BC,176139
2734,MO,MBC,209248
2734,MO,OC,132826
2734,SB,BC,115774
2734,SB,MBC,85798
2734,SB,OC,32970
2734,SB,SC,218996
2734,SB,SCA,178692
2734,SB,ST,70818
2734,TS,BC,115803
2734,TS,MBC,84944
2734,TS,OC,62458
2734,TS,SC,185003
2735,AD,BC,22932
2735,AD,MBC,30364
2735,AD,OC,17389
2735,AD,SC,91622
2735,AD,SCA,74140
2735,AD,ST,155627
2735,CS,BC,28206
2735,CS,MBC,35157
2735,CS,OC,22774
2735,CS,SC,99139
2735,CS,SCA,135276
2735,CS,ST,74126
2735,EC,BC,42999
2735,EC,MBC,38372
2735,EC,OC,25787
2735,EC,SC,123247
2735,EC,SCA,138513
2735,EC,ST,223899
2735,EE,BC,41604
2735,EE,MBC,40441
2735,EE,OC,33989
2735,EE,SC,138322
2735,EE,SCA,137218
2735,IT,BC,32541
2735,IT,MBC,32592
2735,IT,OC,21729
2735,IT,SC,105686
2735,IT,SCA,112254
2735,ME,BC,60544
2735,ME,MBC,72802
2735,ME,OC,52295
2735,ME,SC,106347
2735,ME,SCA,160856
2736,AD,BC,40398
2736,AD,MBC,46475
2736,AD,OC,29146
2736,AD,SC,146411
2736,AD,SCA,179283
2736,AD,ST,235385
2736,BM,BC,78139
2736,BM,MBC,65252
2736,BM,OC,45218
2736,BM,SC,227154
2736,BM,SCA,139070
2736,CB,BC,55414
2736,CB,MBC,57785
2736,CB,OC,35688
2736,CB,SC,193793
2736,CB,SCA,157655
2736,CE,BC,88839
2736,CE,MBC,107378
2736,CE,OC,58688
2736,CE,SC,191262
2736,CS,BC,64816
2736,CS,MBC,48072
2736,CS,OC,25305
2736,CS,SC,167135
2736,CS,SCA,117883
2736,CS,ST,184497
2736,EC,BC,51382
2736,EC,MBC,50196
2736,EC,OC,26028
2736,EC,SC,182439
2736,EC,SCA,152795
2736,EC,ST,130261
2736,EE,BC,81251
2736,EE,MBC,61455
2736,EE,OC,41911
2736,EE,SC,188342
2736,EE,SCA,173525
2736,IT,BC,66092
2736,IT,MBC,53707
2736,IT,OC,31752
2736,IT,SC,181295
2736,IT,SCA,137263
2736,IT,ST,178113
2736,ME,BC,83397
2736,ME,MBC,99930
2736,ME,OC,56535
2736,ME,SC,234910
2736,ME,SCA,190969
2736,SC,BC,48970
2736,SC,MBC,42302
2736,SC,OC,32626
2736,SC,SC,168596
2736,SC,SCA,49731
2737,AD,BC,250710
2737,AD,MBC,204555
2737,AD,OC,123438
2737,AD,SC,208711
2737,AD,SCA,93458
2737,AM,BC,209387
2737,AM,MBC,166956
2737,AM,OC,130446
2737,AM,SC,156235
2737,CE,MBC,238608
2737,CE,OC,234273
2737,CS,BC,185558
2737,CS,MBC,195897
2737,CS,OC,54389
2737,CS,SC,214759
2737,CS,SCA,247704
2737,CS,ST,81974
2737,EC,BC,188446
2737,EC,MBC,204702
2737,EC,OC,102391
2737,EC,SC,231661
2737,EC,SCA,165639
2737,EE,BC,239936
2737,EE,MBC,236599
2737,EE,OC,174833
2737,EE,SC,214713
2737,IT,BC,227659
2737,IT,MBC,227403
2737,IT,OC,111491
2737,IT,SC,187573
2737,IT,SCA,215036
2737,ME,BC,236310
2737,ME,MBC,222443
2737,ME,OC,219223
2737,ME,SC,196701
2737,SC,BC,194513
2737,SC,MBC,170900
2737,SC,OC,129765
2737,SC,SC,190039
2737,SC,SCA,148506
2739,AD,BC,24941
2739,AD,MBC,22920
2739,AD,OC,13134
2739,AD,SC,78861
2739,AD,SCA,108227
2739,AD,ST,94606
2739,AM,BC,26645
2739,AM,MBC,26279
2739,AM,OC,12682
2739,AM,SC,90180
2739,AM,SCA,81382
2739,AM,ST,126168
2739,CB,BC,28614
2739,CB,MBC,27337
2739,CB,OC,15863
2739,CB,SC,73955
2739,CB,SCA,142437
2739,CB,ST,112428
2739,CO,BC,24027
2739,CO,MBC,25195
2739,CO,OC,15915
2739,CO,SC,107896
2739,CO,SCA,101776
2739,CO,ST,52432
2739,CS,BC,16082
2739,CS,MBC,14386
2739,CS,OC,7509
2739,CS,SC,48660
2739,CS,SCA,51053
2739,CS,ST,9545
2739,EC,BC,18695
2739,EC,MBC,14077
2739,EC,OC,6191
2739,EC,SC,81551
2739,EC,SCA,45010
2739,EC,ST,122287
2739,EE,BC,20185
2739,EE,MBC,32253
2739,EE,OC,16929
2739,EE,SC,108705
2739,EE,SCA,138952
2739,EE,ST,91113
2739,IT,BC,16746
2739,IT,MBC,18906
2739,IT,OC,9311
2739,IT,SC,51668
2739,IT,SCA,91232
2739,ME,BC,30230
2739,ME,MBC,47872
2739,ME,OC,20874
2739,ME,SC,124419
2739,ME,SCA,88988
2739,SC,BC,21552
2739,SC,MBC,21599
2739,SC,OC,10515
2739,SC,SC,88354
2739,SC,SCA,119531
2740,AD,BC,72495
2740,AD,MBC,89577
2740,AD,OC,38680
2740,AD,SC,182806
2740,AD,SCA,185708
2740,AD,ST,110263
2740,AE,BC,151280
2740,AE,MBC,129660
2740,AE,OC,91668
2740,AE,SC,171556
2740,AE,ST,138189
2740,CS,BC,98884
2740,CS,MBC,82053
2740,CS,OC,47963
2740,CS,SC,186287
2740,CS,SCA,186096
2740,CS,ST,200159
2740,EC,BC,85961
2740,EC,MBC,91883
2740,EC,OC,60662
2740,EC,SC,190961
2740,EC,SCA,200932
2740,EC,ST,221075
2740,IT,BC,82839
2740,IT,MBC,84369
2740,IT,OC,56645
2740,IT,SC,194536
2740,IT,SCA,204340
2740,ME,BC,156362
2740,ME,MBC,145142
2740,ME,OC,119888
2740,ME,SC,193898
2740,ME,SCA,149163
2740,ME,ST,177455
2740,PH,BC,156111
2740,PH,MBC,128471
2740,PH,OC,97696
2740,PH,SC,132647
2741,AD,BC,130341
2741,AD,MBC,165088
2741,AD,OC,85339
2741,AD,SC,158330
2741,AD,SCA,86402
2741,AD,ST,111937
2741,CE,BC,188449
2741,CE,MBC,174254
2741,CE,OC,172013
2741,CE,SCA,196882
2741,CS,BC,137657
2741,CS,MBC,158408
2741,CS,OC,73305
2741,CS,SC,179156
2741,CS,SCA,110110
2741,CS,ST,131458
2741,EC,BC,182493
2741,EC,MBC,164426
2741,EC,OC,105333
2741,EC,SC,161469
2741,EC,SCA,139580
2741,EC,ST,137365
2741,EE,BC,173235
2741,EE,MBC,198852
2741,EE,OC,136517
2741,EE,SC,195670
2741,EE,SCA,163434
2741,EE,ST,147002
2741,IT,BC,140450
2741,IT,MBC,171727
2741,IT,OC,109357
2741,IT,SC,175544
2741,IT,SCA,142157
2741,ME,BC,230194
2741,ME,MBC,233422
2741,ME,OC,159726
2741,ME,SC,194648
2741,ME,SCA,182273
2743,AD,BC,105667
2743,AD,MBC,101559
2743,AD,OC,72724
2743,AD,SC,167544
2743,AD,SCA,164246
2743,AD,ST,152061
2743,AG,BC,204731
2743,AG,MBC,183986
2743,AG,OC,107228
2743,AG,SC,124495
2743,AG,SCA,110877
2743,AG,ST,127023
2743,BM,BC,173622
2743,BM,MBC,195383
2743,BM,OC,127535
2743,BM,SC,192401
2743,BM,SCA,231421
2743,BM,ST,149550
2743,CE,BC,160521
2743,CE,MBC,150801
2743,CE,OC,136793
2743,CE,SC,256846
2743,CS,BC,99280
2743,CS,MBC,98031
2743,CS,OC,64931
2743,CS,SC,174479
2743,CS,SCA,160854
2743,CS,ST,184512
2743,EC,BC,114505
2743,EC,MBC,107403
2743,EC,OC,79426
2743,EC,SC,177687
2743,EC,SCA,230576
2743,EC,ST,123110
2743,EE,BC,137022
2743,EE,MBC,129530
2743,EE,OC,103940
2743,EE,SC,161601
2743,EE,SCA,220722
2743,FD,BC,180011
2743,FD,MBC,164836
2743,FD,OC,118994
2743,FD,SC,144591
2743,FD,SCA,177657
2743,FD,ST,166621
2743,ME,BC,175749
2743,ME,MBC,174538
2743,ME,OC,121095
2743,ME,SC,231288
2743,ME,SCA,227751
2743,SC,BC,125853
2743,SC,MBC,90479
2743,SC,OC,74025
2743,SC,SC,176482
2743,SC,SCA,110015
2744,AD,BC,102517
2744,AD,MBC,103290
2744,AD,OC,75840
2744,AD,SC,221921
2744,AD,SCA,229773
2744,CE,BC,208755
2744,CE,MBC,216791
2744,CE,OC,146527
2744,CE,SC,249809
2744,CE,SCA,176958
2744,CS,BC,118627
2744,CS,MBC,111990
2744,CS,OC,79826
2744,CS,SC,229844
2744,CS,SCA,210769
2744,EC,BC,210065
2744,EC,MBC,92285
2744,EC,OC,80633
2744,EC,SC,154947
2744,EE,BC,187796
2744,EE,MBC,142049
2744,EE,OC,126806
2744,EE,SC,125409
2744,EE,SCA,225761
2744,EE,ST,145937
2744,IT,BC,111323
2744,IT,MBC,104324
2744,IT,OC,83381
2744,IT,SC,231018
2744,IT,SCA,159025
2744,ME,BC,222110
2744,ME,MBC,223250
2744,ME,OC,169705
2744,ME,SC,204610
2744,ME,ST,196184
2745,AD,BC,134913
2745,AD,MBC,141338
2745,AD,OC,109569
2745,AD,SC,194621
2745,AD,SCA,167871
2745,AD,ST,195171
2745,AM,BC,133548
2745,AM,MBC,138127
2745,AM,OC,105342
2745,AM,SC,198149
2745,AM,SCA,207072
2745,AM,ST,148094
2745,CO,BC,158215
2745,CO,MBC,145609
2745,CO,OC,139576
2745,CO,SC,197425
2745,CO,SCA,187070
2745,CS,BC,111254
2745,CS,MBC,124182
2745,CS,OC,74236
2745,CS,SC,186095
2745,CS,SCA,86983
2745,EC,BC,140863
2745,EC,MBC,143209
2745,EC,OC,105844
2745,EC,SC,204600
2745,EC,SCA,201188
2745,EC,ST,213902
2745,EE,BC,154891
2745,EE,MBC,181715
2745,EE,OC,122076
2745,EE,SC,217654
2745,EE,SCA,172195
2745,ME,BC,172581
2745,ME,MBC,186626
2745,ME,OC,151338
2745,ME,SC,210545
2745,ME,SCA,167930
2745,ME,ST,214739
2747,AD,BC,214158
2747,AD,MBC,199235
2747,AD,OC,133888
2747,AD,SC,225679
2747,AD,SCA,131507
2747,AM,BC,231718
2747,AM,MBC,235722
2747,AM,OC,111866
2747,AM,SC,248202
2747,AM,SCA,163051
2747,BM,BC,247350
2747,BM,MBC,241976
2747,BM,OC,189581
2747,BM,SC,214707
2747,BM,SCA,206658
2747,BM,ST,191103
2747,BT,BC,253480
2747,BT,MBC,234436
2747,BT,OC,153075
2747,BT,SC,232921
2747,BT,SCA,217715
2747,CE,BC,241508
2747,CE,MBC,234733
2747,CE,OC,217105
2747,CE,SC,231004
2747,CS,BC,235003
2747,CS,MBC,223025
2747,CS,OC,169649
2747,CS,SC,246267
2747,CS,SCA,213292
2747,EC,BC,229782
2747,EC,MBC,223304
2747,EC,OC,139593
2747,EC,SC,234656
2747,EC,SCA,206473
2747,EE,BC,247235
2747,EE,MBC,236411
2747,EE,OC,192239
2747,EE,SC,249333
2747,EE,SCA,250184
2747,IT,BC,217957
2747,IT,MBC,210693
2747,IT,OC,162043
2747,IT,SC,234203
2747,IT,SCA,225274
2747,ME,BC,238561
2747,ME,MBC,237485
2747,ME,OC,220922
2747,ME,SC,234275
2747,ME,SCA,238476
2747,PH,BC,247662
2747,PH,MBC,250790
2747,PH,OC,210583
2747,PH,SC,242135
2747,PH,SCA,228216
2747,PH,ST,196774
2747,SC,BC,218514
2747,SC,MBC,242578
2747,SC,OC,132220
2747,SC,SC,238007
2747,SC,SCA,145052
2748,AD,BC,241893
2748,AD,MBC,243594
2748,AD,OC,200444
2748,AD,SC,254307
2748,AD,SCA,235914
2748,AM,MBC,195964
2748,AM,OC,252093
2748,BM,BC,247718
2748,BM,MBC,248824
2748,BM,OC,233384
2748,BM,SC,239784
2748,BM,SCA,240812
2748,CE,OC,224705
2748,CS,BC,235599
2748,CS,MBC,240137
2748,CS,OC,201424
2748,CS,SC,244083
2748,CS,SCA,181504
2748,CS,ST,182507
2748,EC,BC,201998
2748,EC,MBC,242911
2748,EC,OC,192262
2748,EC,SC,239077
2748,EC,SCA,187626
2748,EE,OC,199914
2748,IT,BC,246634
2748,IT,MBC,245827
2748,IT,OC,239928
2748,IT,SC,248302
2748,IT,SCA,237732
2748,ME,OC,237905
2748,SC,BC,196046
2748,SC,MBC,244880
2748,SC,OC,165383
2748,SC,SC,244024
2748,SC,SCA,173550
2749,AD,BC,205198
2749,AD,MBC,176871
2749,AD,OC,114788
2749,AD,SC,246529
2749,AD,SCA,227828
2749,AG,BC,246562
2749,AG,MBC,247293
2749,AG,OC,239037
2749,AG,SC,248430
2749,AM,BC,204566
2749,AM,MBC,190076
2749,AM,OC,121385
2749,AM,SC,234352
2749,AM,ST,204655
2749,BM,BC,234765
2749,BM,MBC,227084
2749,BM,OC,200892
2749,BM,SC,250788
2749,BM,SCA,206808
2749,CS,BC,188535
2749,CS,MBC,194132
2749,CS,OC,123165
2749,CS,SC,238343
2749,CS,SCA,239195
2749,EC,BC,234325
2749,EC,MBC,175843
2749,EC,OC,116761
2749,EC,SC,236589
2749,EC,SCA,220847
2749,EC,ST,124280
2749,EE,BC,221287
2749,EE,MBC,207927
2749,EE,OC,141448
2749,EE,SC,235714
2749,IT,BC,197992
2749,IT,MBC,206881
2749,IT,OC,142649
2749,IT,SC,215850
2749,IT,SCA,198621
2749,IT,ST,203448
2749,ME,BC,230987
2749,ME,MBC,219864
2749,ME,OC,173262
2749,ME,SC,214406
2749,ME,SCA,235275
2749,SC,BC,211829
2749,SC,MBC,200384
2749,SC,OC,140507
2749,SC,SC,229690
2749,SC,SCA,242933
2749,SC,ST,176493
2750,AD,BC,47239
2750,AD,MBC,49241
2750,AD,OC,33611
2750,AD,SC,125571
2750,AD,SCA,103211
2750,AD,ST,203907
2750,AE,BC,84387
2750,AE,MBC,113520
2750,AE,OC,62167
2750,AE,SC,153622
2750,AE,SCA,163572
2750,AE,ST,211664
2750,AG,BC,159879
2750,AG,MBC,189602
2750,AG,OC,101244
2750,AG,SC,181122
2750,AG,SCA,161648
2750,AG,ST,103455
2750,AM,BC,40966
2750,AM,MBC,38197
2750,AM,OC,24943
2750,AM,SC,127582
2750,AM,SCA,115746
2750,AM,ST,197775
2750,BM,BC,95652
2750,BM,MBC,129679
2750,BM,OC,67911
2750,BM,SC,149264
2750,BM,SCA,117036
2750,BM,ST,226255
2750,BT,BC,85829
2750,BT,MBC,92842
2750,BT,OC,55990
2750,BT,SC,135572
2750,BT,SCA,50740
2750,CB,BC,45147
2750,CB,MBC,45384
2750,CB,OC,31694
2750,CB,SC,127877
2750,CB,SCA,101355
2750,CS,BC,44759
2750,CS,MBC,42459
2750,CS,OC,23429
2750,CS,SC,128109
2750,CS,SCA,59469
2750,CS,ST,143275
2750,EC,BC,37124
2750,EC,MBC,52224
2750,EC,OC,30429
2750,EC,SC,121964
2750,EC,SCA,128813
2750,EC,ST,52326
2750,EE,BC,49143
2750,EE,MBC,61574
2750,EE,OC,53267
2750,EE,SC,146436
2750,EE,SCA,119733
2750,EE,ST,162573
2750,EV,BC,37755
2750,EV,MBC,45064
2750,EV,OC,31035
2750,EV,SC,121344
2750,EV,SCA,112348
2750,ME,BC,127960
2750,ME,MBC,111814
2750,ME,OC,67435
2750,ME,SC,147998
2750,ME,SCA,140478
2750,SC,BC,47488
2750,SC,MBC,53346
2750,SC,OC,37092
2750,SC,SC,120256
2750,SC,SCA,109941
2751,AD,BC,54672
2751,AD,MBC,54106
2751,AD,OC,25692
2751,AD,SC,174923
2751,AD,SCA,143896
2751,AD,ST,92812
2751,AM,BC,72147
2751,AM,MBC,61352
2751,AM,OC,36056
2751,AM,SC,160635
2751,AM,SCA,170275
2751,CB,BC,60147
2751,CB,MBC,70274
2751,CB,OC,32242
2751,CB,SC,189453
2751,CB,SCA,165160
2751,CS,BC,55894
2751,CS,MBC,51003
2751,CS,OC,26506
2751,CS,SC,120983
2751,CS,SCA,167231
2751,CS,ST,77457
2751,EC,BC,74040
2751,EC,MBC,55649
2751,EC,OC,32218
2751,EC,SC,174697
2751,EC,SCA,137107
2751,EC,ST,186354
2751,IT,BC,69857
2751,IT,MBC,57047
2751,IT,OC,34215
2751,IT,SC,161412
2751,IT,SCA,148547
2751,IT,ST,136584
2751,ME,BC,82739
2751,ME,MBC,113187
2751,ME,OC,54395
2751,ME,SC,195876
2751,ME,SCA,235706
2751,RM,BC,74301
2751,RM,MBC,73613
2751,RM,OC,49302
2751,RM,SC,193825
2751,RM,SCA,180413
2751,SC,BC,72127
2751,SC,MBC,47790
2751,SC,OC,35888
2751,SC,SC,131115
2751,SC,SCA,150731
2752,AD,BC,178150
2752,AD,MBC,153371
2752,AD,OC,95362
2752,AD,SC,208583
2752,AD,SCA,161955
2752,CS,BC,184179
2752,CS,MBC,159523
2752,CS,OC,105283
2752,CS,SC,235873
2752,CS,SCA,209001
2752,EC,BC,180527
2752,EC,MBC,136783
2752,EC,OC,111149
2752,EC,SC,189184
2752,EC,SCA,178680
2752,EE,BC,201138
2752,EE,MBC,185425
2752,EE,OC,160763
2752,EE,SC,243206
2752,EE,SCA,263051
2752,IT,BC,178596
2752,IT,MBC,162824
2752,IT,OC,125636
2752,IT,SC,242479
2752,IT,SCA,179793
2753,AD,BC,159664
2753,AD,MBC,131509
2753,AD,OC,88756
2753,AD,SC,200243
2753,AD,SCA,177995
2753,AD,ST,250700
2753,AG,BC,244241
2753,AG,MBC,207758
2753,AG,OC,232816
2753,AG,SC,204682
2753,AG,ST,155599
2753,AM,BC,181517
2753,AM,MBC,143529
2753,AM,OC,120853
2753,AM,SC,195659
2753,AM,SCA,234928
2753,BM,BC,225019
2753,BM,MBC,241675
2753,BM,OC,190084
2753,BM,SC,233397
2753,BM,SCA,173712
2753,CS,BC,213276
2753,CS,MBC,168391
2753,CS,OC,125460
2753,CS,SC,235084
2753,CS,SCA,228971
2753,EC,BC,241974
2753,EC,MBC,164750
2753,EC,OC,133298
2753,EC,SC,243097
2753,EC,SCA,200563
2753,IT,BC,200201
2753,IT,MBC,176258
2753,IT,OC,136960
2753,IT,SC,233705
2753,IT,SCA,168460
2753,ME,BC,252718
2753,ME,MBC,218028
2753,ME,OC,186707
2753,ME,SC,194587
2755,AE,BC,134652
2755,AE,MBC,141988
2755,AE,OC,92852
2755,AE,SC,135175
2755,AE,SCA,242224
2755,AG,BC,208919
2755,AG,MBC,219524
2755,AG,OC,151269
2755,AG,SC,225097
2755,AM,BC,86408
2755,AM,MBC,122157
2755,AM,OC,76710
2755,AM,SC,174923
2755,AM,SCA,163578
2755,CE,BC,226343
2755,CE,MBC,146109
2755,CE,OC,108761
2755,CE,SC,217945
2755,CE,SCA,155801
2755,CO,BC,118433
2755,CO,MBC,125633
2755,CO,OC,93368
2755,CO,SC,213295
2755,CO,SCA,172394
2755,CS,BC,106675
2755,CS,MBC,115186
2755,CS,OC,76175
2755,CS,SC,184356
2755,CS,SCA,189947
2755,CS,ST,117865
2755,FD,BC,209741
2755,FD,MBC,242054
2755,FD,OC,137605
2755,FD,SC,232862
2755,FD,SCA,229482
2755,IT,BC,107856
2755,IT,MBC,114360
2755,IT,OC,83257
2755,IT,SC,160561
2755,IT,SCA,138637
2755,IT,ST,172249
2755,SC,BC,123257
2755,SC,MBC,121337
2755,SC,OC,69965
2755,SC,SC,182261
2755,SC,SCA,191241
2758,AD,MBC,242329
2758,AD,OC,199568
2758,AD,SCA,235157
2758,AU,OC,226403
2758,CE,OC,228892
2758,CS,BC,248673
2758,CS,MBC,243392
2758,CS,OC,194051
2758,CS,SC,197547
2758,CS,SCA,171404
2758,EC,BC,227119
2758,EC,MBC,231963
2758,EC,OC,203416
2758,EC,SC,169326
2758,EC,SCA,148161
2758,EE,BC,236551
2758,EE,MBC,161591
2758,EE,OC,244459
2758,EE,SC,187490
2758,IT,BC,244674
2758,IT,MBC,245205
2758,IT,OC,218478
2758,IT,SC,217294
2758,ME,OC,242332
2758,SC,BC,236901
2758,SC,MBC,238550
2758,SC,OC,238925
2758,SC,SCA,173700
2761,AD,BC,167115
2761,AD,MBC,186961
2761,AD,OC,125077
2761,AD,SC,238918
2761,AD,SCA,140928
2761,CS,BC,217902
2761,CS,MBC,167630
2761,CS,OC,113666
2761,CS,SC,241635
2761,CS,SCA,198015
2761,CS,ST,112082
2761,EC,BC,198696
2761,EC,MBC,153047
2761,EC,OC,116979
2761,EC,SC,242961
2761,EC,SCA,220410
2761,IT,BC,175117
2761,IT,MBC,150891
2761,IT,OC,128681
2761,IT,SC,191131
2761,IT,SCA,236645
2761,RM,BC,179918
2761,RM,MBC,194305
2761,RM,OC,149756
2761,RM,SC,202776
2761,SC,BC,159724
2761,SC,MBC,153098
2761,SC,OC,135751
2761,SC,SC,235603
2761,SC,SCA,242327
2761,SC,ST,163621
2762,AD,BC,184381
2762,AD,MBC,143082
2762,AD,OC,91765
2762,AD,SC,223912
2762,AD,SCA,232251
2762,CB,BC,185383
2762,CB,MBC,152117
2762,CB,OC,124728
2762,CB,SC,237526
2762,CB,SCA,238723
2762,CE,BC,229733
2762,CE,MBC,193164
2762,CE,OC,171817
2762,CE,SC,194430
2762,CS,BC,162562
2762,CS,MBC,146658
2762,CS,OC,69615
2762,CS,SC,215086
2762,CS,SCA,226127
2762,EC,BC,236624
2762,EC,MBC,146814
2762,EC,OC,116323
2762,EC,SC,235520
2762,EC,SCA,239942
2762,ME,BC,228134
2762,ME,MBC,191075
2762,ME,OC,159606
2762,ME,SC,250851
2763,AD,BC,152398
2763,AD,MBC,172248
2763,AD,OC,112094
2763,AD,SC,224977
2763,AD,SCA,171699
2763,CB,BC,176348
2763,CB,MBC,173677
2763,CB,OC,127408
2763,CB,SC,212725
2763,CB,SCA,180730
2763,CE,BC,241540
2763,CE,MBC,223079
2763,CE,OC,197204
2763,CE,SC,214114
2763,CS,BC,160460
2763,CS,MBC,170315
2763,CS,OC,123644
2763,CS,SC,243386
2763,CS,SCA,182176
2763,CS,ST,195713
2763,EC,BC,141399
2763,EC,MBC,150921
2763,EC,OC,105495
2763,EC,SC,243522
2763,EC,SCA,118473
2763,EE,BC,198524
2763,EE,MBC,193718
2763,EE,OC,156497
2763,EE,SC,248642
2763,EE,SCA,169664
2763,ME,BC,219144
2763,ME,MBC,201012
2763,ME,OC,156240
2763,ME,SC,215405
2763,ME,SCA,189349
2763,MZ,BC,213017
2763,MZ,MBC,223357
2763,MZ,OC,162527
2763,MZ,SC,250826
2764,AD,BC,22443
2764,AD,MBC,25990
2764,AD,OC,14282
2764,AD,SC,73949
2764,AD,SCA,59728
2764,AD,ST,101875
2764,AM,BC,22679
2764,AM,MBC,22907
2764,AM,OC,13241
2764,AM,SC,88390
2764,AM,SCA,87769
2764,AM,ST,103135
2764,BM,BC,74197
2764,BM,MBC,56602
2764,BM,OC,35089
2764,BM,SC,94034
2764,BM,SCA,191651
2764,BM,ST,87471
2764,CB,BC,30532
2764,CB,MBC,27310
2764,CB,OC,14370
2764,CB,SC,104391
2764,CB,SCA,86055
2764,CB,ST,63779
2764,CE,BC,45561
2764,CE,MBC,45971
2764,CE,OC,38726
2764,CE,SC,114094
2764,CE,SCA,135481
2764,CH,BC,36315
2764,CH,MBC,35134
2764,CH,OC,28634
2764,CH,SC,148549
2764,CH,SCA,93573
2764,CH,ST,123356
2764,CS,BC,19261
2764,CS,MBC,15490
2764,CS,OC,9797
2764,CS,SC,68450
2764,CS,SCA,100000
2764,CS,ST,87708
2764,EC,BC,20403
2764,EC,MBC,26329
2764,EC,OC,10137
2764,EC,SC,76415
2764,EC,SCA,73991
2764,EC,ST,125977
2764,EE,BC,25067
2764,EE,MBC,36674
2764,EE,OC,15119
2764,EE,SC,100495
2764,EE,SCA,109928
2764,EE,ST,141579
2764,IT,BC,22415
2764,IT,MBC,29379
2764,IT,OC,15534
2764,IT,SC,106124
2764,IT,SCA,88782
2764,IT,ST,26675
2764,ME,BC,41518
2764,ME,MBC,46131
2764,ME,OC,30612
2764,ME,SC,104020
2764,ME,SCA,102760
2764,ME,ST,105147
2764,MZ,BC,33035
2764,MZ,MBC,52463
2764,MZ,OC,22209
2764,MZ,SC,117935
2764,MZ,SCA,141194
2764,SC,BC,27476
2764,SC,MBC,23457
2764,SC,OC,15647
2764,SC,SC,96174
2764,SC,SCA,106054
2767,AD,BC,241932
2767,AD,OC,232435
2767,BM,OC,240584
2767,CS,MBC,236797
2767,CS,OC,241290
2767,CS,SC,233539
2767,EE,OC,247239
2767,IT,OC,251070
2767,ME,OC,214781
2767,SC,OC,256755
2767,SC,SC,238139
2768,AD,BC,249238
2768,AD,MBC,198483
2768,AD,OC,129132
2768,AD,SC,138827
2768,AD,ST,169837
2768,AM,BC,230219
2768,AM,MBC,219989
2768,AM,OC,195781
2768,AO,BC,224485
2768,AO,MBC,226056
2768,AO,OC,144283
2768,AO,SC,171205
2768,CE,BC,71939
2768,CE,OC,233611
2768,CS,BC,220524
2768,CS,MBC,230823
2768,CS,OC,170816
2768,CS,SC,237484
2768,EC,BC,230204
2768,EC,MBC,225559
2768,EC,OC,174417
2768,EN,BC,237411
2768,EN,MBC,217260
2768,EN,OC,199245
2768,EN,SC,220830
2768,ME,MBC,236378
2768,ME,OC,222696
2768,ME,SC,225214
2769,AD,BC,126938
2769,AD,MBC,136584
2769,AD,OC,87900
2769,AD,SC,244424
2769,AD,SCA,216401
2769,BC,BC,167991
2769,BC,MBC,235166
2769,BC,OC,103384
2769,BC,SC,211994
2769,BC,SCA,130000
2769,BC,ST,135634
2769,CB,BC,151485
2769,CB,MBC,162733
2769,CB,OC,112349
2769,CB,SC,220433
2769,CB,SCA,189931
2769,CE,BC,117523
2769,CE,MBC,133623
2769,CE,OC,103330
2769,CE,SC,213634
2769,CS,BC,112242
2769,CS,MBC,136545
2769,CS,OC,78539
2769,CS,SC,244585
2769,CS,SCA,227792
2769,EC,BC,127988
2769,EC,MBC,145259
2769,EC,OC,86359
2769,EC,SC,245501
2769,EC,SCA,242398
2769,EE,BC,135698
2769,EE,MBC,172000
2769,EE,OC,123656
2769,EE,SC,144405
2769,EE,SCA,230456
2769,FD,BC,223418
2769,FD,MBC,193770
2769,FD,OC,101318
2769,FD,SC,226753
2769,FD,SCA,199727
2769,FD,ST,114013
2769,ME,BC,155698
2769,ME,MBC,170818
2769,ME,OC,111455
2769,ME,SC,226402
2769,PC,BC,134219
2769,PC,MBC,217978
2769,PC,OC,87882
2769,PC,SC,157091
2769,PC,SCA,113382
2769,PD,OC,146702
2769,PE,BC,200611
2769,PE,MBC,237288
2769,PE,OC,96676
2769,PE,SC,257935
2770,AD,BC,203817
2770,AD,MBC,205689
2770,AD,OC,136103
2770,AD,SC,228363
2770,AD,SCA,170400
2770,AD,ST,186406
2770,AM,BC,214759
2770,AM,MBC,204764
2770,AM,OC,175699
2770,AM,SC,223904
2770,AM,SCA,184307
2770,CS,BC,213545
2770,CS,MBC,201317
2770,CS,OC,145682
2770,CS,SC,234436
2770,CS,SCA,230906
2770,EC,BC,198499
2770,EC,MBC,198387
2770,EC,OC,145978
2770,EC,SC,223633
2770,EC,SCA,172268
2770,EC,ST,153568
2770,EE,BC,256048
2770,EE,MBC,214766
2770,EE,OC,165808
2770,EE,SC,235513
2770,IT,BC,183620
2770,IT,MBC,157052
2770,IT,OC,130382
2770,IT,SC,188177
2770,ME,BC,231026
2770,ME,MBC,217877
2770,ME,OC,196045
2770,ME,SC,231759
2770,SC,BC,180266
2770,SC,MBC,169071
2770,SC,OC,112944
2770,SC,SC,242934
2770,SC,SCA,158910
2772,AD,BC,248888
2772,AD,MBC,248134
2772,AD,OC,204738
2772,AD,SC,174133
2772,AD,SCA,156995
2772,AM,BC,255345
2772,AM,MBC,224002
2772,AM,OC,203573
2772,AM,SC,208385
2772,CB,OC,162607
2772,CS,BC,243991
2772,CS,MBC,246213
2772,CS,OC,199599
2772,CS,SC,235095
2772,CS,SCA,222648
2772,EC,BC,245265
2772,EC,MBC,245558
2772,EC,OC,207391
2772,EC,SC,246352
2772,EC,SCA,170391
2772,IT,BC,230555
2772,IT,MBC,245709
2772,IT,OC,169784
2772,IT,SC,165975
2772,IT,SCA,183769
2772,ME,BC,248228
2772,ME,MBC,221973
2772,ME,OC,225030
2772,ME,SC,224476
2772,ME,SCA,155240
2772,SC,BC,205700
2772,SC,MBC,217328
2772,SC,OC,158231
2772,SC,SC,215102
2776,AD,BC,166637
2776,AD,MBC,155153
2776,AD,OC,111815
2776,AD,SC,214807
2776,AD,SCA,204981
2776,AD,ST,155597
2776,AG,BC,245345
2776,AG,MBC,248602
2776,AG,OC,241234
2776,AG,SC,247423
2776,AG,SCA,151253
2776,AG,ST,148532
2776,AM,BC,165203
2776,AM,MBC,163340
2776,AM,OC,151047
2776,AM,SC,226948
2776,AU,BC,235797
2776,AU,MBC,231557
2776,AU,OC,179364
2776,CE,BC,218644
2776,CE,MBC,227408
2776,CE,OC,198351
2776,CE,SC,231597
2776,CE,SCA,247471
2776,CS,BC,125002
2776,CS,MBC,137072
2776,CS,OC,103581
2776,CS,SC,244793
2776,CS,SCA,215324
2776,CS,ST,228082
2776,EC,BC,141813
2776,EC,MBC,152536
2776,EC,OC,110389
2776,EC,SC,215682
2776,EC,SCA,204747
2776,ME,BC,238190
2776,ME,MBC,243367
2776,ME,OC,166052
2776,ME,SC,220615
2776,MZ,BC,202001
2776,MZ,MBC,208036
2776,MZ,OC,152630
2776,MZ,SC,236766
2776,MZ,ST,156118
2776,SC,BC,128783
2776,SC,MBC,167420
2776,SC,OC,65821
2776,SC,SC,230413
2776,SC,SCA,133286
2777,AD,BC,238194
2777,AD,MBC,206280
2777,AD,OC,158206
2777,AD,SC,231577
2777,AD,SCA,183361
2777,CS,BC,201252
2777,CS,MBC,197060
2777,CS,OC,133380
2777,CS,SC,219241
2777,CS,SCA,179368
2777,EC,BC,239067
2777,EC,MBC,231605
2777,EC,OC,169788
2777,IT,BC,230027
2777,IT,MBC,215588
2777,IT,OC,152634
2777,IT,SC,238222
2777,IT,SCA,218474
3011,AM,BC,32688
3011,AM,MBC,37585
3011,AM,OC,22682
3011,AM,SC,84610
3011,AM,SCA,45359
3011,AM,ST,78736
3011,AU,BC,163918
3011,AU,MBC,169718
3011,AU,OC,144777
3011,AU,SC,168625
3011,BT,BC,105780
3011,BT,MBC,72845
3011,BT,OC,40916
3011,BT,SC,114806
3011,BT,SCA,119646
3011,BT,ST,179711
3011,CE,BC,136942
3011,CE,MBC,94149
3011,CE,OC,45371
3011,CE,SC,118350
3011,CE,SCA,173532
3011,CE,ST,165695
3011,CF,BC,33870
3011,CF,MBC,31387
3011,CF,OC,26949
3011,CF,SC,70534
3011,CF,SCA,58025
3011,CF,ST,41953
3011,CK,BC,153150
3011,CK,MBC,149902
3011,CK,OC,117153
3011,CK,SC,147244
3011,CK,ST,187308
3011,CS,BC,20045
3011,CS,MBC,18855
3011,CS,OC,10584
3011,CS,SC,69197
3011,CS,SCA,79926
3011,CS,ST,103767
3011,EC,BC,42326
3011,EC,MBC,31437
3011,EC,OC,17930
3011,EC,SC,74294
3011,EC,SCA,47247
3011,EC,ST,179673
3011,EE,BC,53701
3011,EE,MBC,54526
3011,EE,OC,35583
3011,EE,SC,103379
3011,EE,SCA,87178
3011,EE,ST,184421
3011,EF,BC,66575
3011,EF,MBC,65405
3011,EF,OC,43252
3011,EF,SC,100619
3011,EF,SCA,165618
3011,EV,BC,68109
3011,EV,MBC,75001
3011,EV,OC,49690
3011,EV,SC,109625
3011,EV,SCA,61694
3011,IT,BC,26726
3011,IT,MBC,32864
3011,IT,OC,19604
3011,IT,SC,66118
3011,IT,SCA,88792
3011,IT,ST,154689
3011,MB,BC,122685
3011,MB,MBC,112401
3011,MB,OC,107800
3011,MB,SC,170406
3011,MB,SCA,183173
3011,MB,ST,166284
3011,ME,BC,92384
3011,ME,MBC,91554
3011,ME,OC,52470
3011,ME,SC,124494
3011,ME,SCA,82016
3011,MJ,BC,122822
3011,MJ,MBC,112004
3011,MJ,OC,89673
3011,MJ,SC,176417
3011,MJ,SCA,197734
3011,MJ,ST,176669
3011,PC,BC,131996
3011,PC,MBC,112777
3011,PC,OC,69052
3011,PC,SC,141281
3011,PC,SCA,89758
3011,PC,ST,132647
3011,PH,BC,89975
3011,PH,MBC,90596
3011,PH,OC,59625
3011,PH,SC,130472
3011,PH,SCA,174047
3011,XC,BC,162632
3011,XC,MBC,136682
3011,XC,OC,73320
3011,XC,SC,127906
3011,XC,SCA,161757
3011,XC,ST,159318
3011,XM,BC,213773
3011,XM,MBC,220484
3011,XM,OC,149311
3011,XM,SC,226849
3011,XM,SCA,195784
3016,CE,BC,193565
3016,CE,MBC,171697
3016,CE,OC,146601
3016,CE,SC,194541
3016,CS,BC,134305
3016,CS,MBC,100517
3016,CS,OC,68726
3016,CS,SC,138217
3016,CS,SCA,120940
3016,EC,BC,155592
3016,EC,MBC,115481
3016,EC,OC,97939
3016,EC,SC,172862
3016,EC,SCA,187519
3016,EE,BC,198212
3016,EE,MBC,128560
3016,EE,OC,132430
3016,EE,SC,207610
3016,ME,BC,199845
3016,ME,MBC,177855
3016,ME,OC,140700
3016,ME,SC,201393
3016,XC,BC,169492
3016,XC,MBC,219736
3016,XC,OC,167071
3016,XC,SC,238971
3016,XM,BC,232555
3016,XM,MBC,237324
3016,XM,OC,197038
3018,AD,BC,148931
3018,AD,MBC,96347
3018,AD,OC,57501
3018,AD,SC,117458
3018,AD,SCA,154116
3018,CE,BC,228060
3018,CE,MBC,181746
3018,CE,OC,164148
3018,CE,SC,219035
3018,CS,BC,131978
3018,CS,MBC,121092
3018,CS,OC,90993
3018,CS,SC,147635
3018,CS,SCA,237436
3018,CS,ST,119178
3018,EC,BC,138383
3018,EC,MBC,123456
3018,EC,OC,80004
3018,EC,SC,168633
3018,EC,SCA,205385
3018,EE,BC,185558
3018,EE,MBC,150812
3018,EE,OC,125532
3018,EE,SC,221006
3018,EE,SCA,193996
3018,EX,BC,180434
3018,EX,MBC,147438
3018,EX,OC,134971
3018,EX,SC,180408
3018,ME,BC,204647
3018,ME,MBC,149807
3018,ME,OC,143111
3018,ME,SC,213917
3018,XC,BC,210450
3018,XC,MBC,237960
3018,XC,OC,182186
3018,XC,SC,205501
3018,XM,BC,221824
3018,XM,MBC,212003
3018,XM,OC,187731
3018,XM,SC,230841
3019,AM,BC,112412
3019,AM,MBC,99659
3019,AM,OC,61969
3019,AM,SC,122145
3019,AM,SCA,140001
3019,CE,BC,214201
3019,CE,MBC,144811
3019,CE,OC,115941
3019,CE,SC,201863
3019,CS,BC,99547
3019,CS,MBC,90685
3019,CS,OC,63785
3019,CS,SC,122137
3019,CS,SCA,171181
3019,CS,ST,152196
3019,EC,BC,150350
3019,EC,MBC,108660
3019,EC,OC,78392
3019,EC,SC,145054
3019,EC,SCA,202320
3019,EE,BC,184124
3019,EE,MBC,133928
3019,EE,OC,115005
3019,EE,SC,173672
3019,EE,ST,177621
3019,ME,BC,210736
3019,ME,MBC,146392
3019,ME,OC,132835
3019,ME,SC,183796
3019,XC,BC,223167
3019,XC,MBC,185606
3019,XC,OC,151554
3019,XC,SC,208791
3019,XM,BC,237313
3019,XM,MBC,204299
3019,XM,OC,180983
3019,XM,SC,226610
3021,AL,BC,88993
3021,AL,MBC,79026
3021,AL,OC,60856
3021,AL,SC,129431
3021,AL,SCA,208149
3021,CE,BC,212254
3021,CE,MBC,126925
3021,CE,OC,117819
3021,CE,SC,203848
3021,CS,BC,81113
3021,CS,MBC,110833
3021,CS,OC,58734
3021,CS,SC,134112
3021,CS,SCA,217158
3021,CS,ST,232969
3021,EC,BC,114133
3021,EC,MBC,116641
3021,EC,OC,86864
3021,EC,SC,148853
3021,EC,SCA,274281
3021,EE,BC,153732
3021,EE,MBC,124246
3021,EE,OC,114043
3021,EE,SC,183976
3021,EE,ST,165805
3021,ME,BC,197803
3021,ME,MBC,131580
3021,ME,OC,131504
3021,ME,SC,200855
3021,XC,BC,228875
3021,XC,MBC,225446
3021,XC,OC,187450
3021,XC,SC,199725
3021,XM,MBC,234486
3021,XM,OC,217054
3403,CS,OC,152644
3403,EC,OC,132372
3410,AD,BC,252387
3410,AD,MBC,143447
3410,AD,OC,114911
3410,AD,SC,199671
3410,AD,SCA,129670
3410,AD,ST,125758
3410,CE,MBC,233326
3410,CE,OC,216027
3410,CE,SC,224001
3410,CS,BC,208577
3410,CS,MBC,163513
3410,CS,OC,105754
3410,CS,SC,175174
3410,CS,SCA,184263
3410,CS,ST,141709
3410,EC,BC,239145
3410,EC,MBC,158876
3410,EC,OC,129709
3410,EC,SC,196611
3410,EC,SCA,149903
3410,EE,BC,213784
3410,EE,MBC,201598
3410,EE,OC,181482
3410,EE,SC,205012
3410,EE,SCA,140975
3410,IT,BC,237388
3410,IT,MBC,149714
3410,IT,OC,132995
3410,IT,SC,191634
3410,ME,BC,241631
3410,ME,MBC,230279
3410,ME,OC,185425
3410,ME,SC,218837
3425,AD,BC,146060
3425,AD,MBC,105933
3425,AD,OC,58776
3425,AD,SC,136602
3425,AD,SCA,137086
3425,BM,BC,246780
3425,BM,MBC,154099
3425,BM,OC,101110
3425,BM,SC,141284
3425,BM,SCA,175751
3425,CE,BC,174102
3425,CE,MBC,194039
3425,CE,OC,165283
3425,CE,SC,201367
3425,CE,SCA,196287
3425,CS,BC,144902
3425,CS,MBC,94899
3425,CS,OC,47862
3425,CS,SC,103799
3425,CS,SCA,173426
3425,EC,BC,168034
3425,EC,MBC,110397
3425,EC,OC,56591
3425,EC,SC,136182
3425,EC,SCA,117948
3425,EC,ST,157550
3425,EE,BC,231453
3425,EE,MBC,171447
3425,EE,OC,144488
3425,EE,SC,189485
3425,IT,BC,170162
3425,IT,MBC,101000
3425,IT,OC,47300
3425,IT,SC,108654
3425,IT,SCA,193608
3425,ME,BC,243580
3425,ME,MBC,179398
3425,ME,OC,164667
3425,ME,SC,199949
3425,RM,BC,218298
3425,RM,MBC,145398
3425,RM,OC,123397
3425,RM,SC,178329
3454,AD,BC,242238
3454,AD,MBC,163093
3454,AD,OC,116714
3454,AD,SC,205385
3454,AD,SCA,179459
3454,AG,BC,236990
3454,AG,MBC,241948
3454,AG,OC,207349
3454,AG,SC,235277
3454,AG,SCA,177788
3454,BM,BC,186492
3454,BM,MBC,205974
3454,BM,OC,142202
3454,BM,SC,213345
3454,BM,SCA,191497
3454,CE,OC,244495
3454,CS,BC,187901
3454,CS,MBC,180051
3454,CS,OC,97618
3454,CS,SC,198166
3454,CS,SCA,152532
3454,EC,BC,230007
3454,EC,MBC,208200
3454,EC,OC,154500
3454,EC,SC,225145
3454,ME,BC,235764
3454,ME,MBC,243137
3454,ME,OC,171219
3454,SC,BC,183597
3454,SC,MBC,185719
3454,SC,OC,146454
3454,SC,SC,198365
3456,AD,BC,252626
3456,AD,MBC,246391
3456,AD,OC,186665
3456,AD,SC,238451
3456,AG,OC,204433
3456,AM,OC,250106
3456,BM,BC,210109
3456,BM,MBC,153655
3456,BM,OC,217957
3456,BM,SC,246132
3456,CS,BC,247186
3456,CS,MBC,221134
3456,CS,OC,188139
3456,CS,SC,208704
3456,EC,BC,244411
3456,EC,MBC,243755
3456,EC,OC,204124
3456,EC,SC,225463
3456,EE,OC,195567
3456,ME,OC,238119
3460,CS,OC,201438
3460,EE,OC,207578
3460,ME,OC,196027
3461,AD,BC,214189
3461,AD,MBC,234598
3461,AD,OC,212410
3461,AD,SC,249944
3461,CS,BC,237315
3461,CS,MBC,244478
3461,CS,OC,203299
3461,CS,SC,225114
3461,EC,BC,228307
3461,EC,MBC,237141
3461,EC,OC,228179
3461,EC,SC,187280
3461,EE,OC,241058
3461,IT,BC,232434
3461,IT,MBC,239605
3461,IT,OC,199136
3461,IT,SC,242677
3461,ME,OC,242371
3461,SC,BC,236537
3461,SC,MBC,236302
3461,SC,OC,219097
3461,SC,SC,227756
3462,CE,OC,80650
3462,CS,BC,153776
3462,CS,MBC,152032
3462,CS,OC,214285
3462,CS,SC,155596
3462,EC,OC,146297
3462,EE,OC,149048
3462,ME,OC,171312
3464,CE,BC,129447
3464,CE,MBC,105769
3464,CE,OC,64496
3464,CE,SC,131780
3464,CE,SCA,184494
3464,CE,ST,112801
3464,CS,BC,45861
3464,CS,MBC,42268
3464,CS,OC,31075
3464,CS,SC,71689
3464,CS,SCA,93976
3464,CS,ST,118926
3464,EC,BC,75244
3464,EC,MBC,49507
3464,EC,OC,37558
3464,EC,SC,84785
3464,EC,SCA,171013
3464,EC,ST,121765
3464,EE,BC,78906
3464,EE,MBC,65461
3464,EE,OC,49336
3464,EE,SC,113295
3464,EE,SCA,104393
3464,EE,ST,148638
3464,ME,BC,107291
3464,ME,MBC,103455
3464,ME,OC,78714
3464,ME,SC,142228
3464,ME,SCA,183727
3464,RM,BC,80376
3464,RM,MBC,82611
3464,RM,OC,57459
3464,RM,SC,130590
3464,RM,SCA,151573
3464,RM,ST,181910
3465,CE,BC,92032
3465,CE,MBC,83790
3465,CE,OC,55367
3465,CE,SC,99376
3465,CE,SCA,167361
3465,CE,ST,94640
3465,CS,BC,37889
3465,CS,MBC,30177
3465,CS,OC,17064
3465,CS,SC,47219
3465,CS,SCA,91704
3465,CS,ST,134140
3465,EC,BC,49636
3465,EC,MBC,35182
3465,EC,OC,23057
3465,EC,SC,66403
3465,EC,SCA,94356
3465,EC,ST,64941
3465,EE,BC,66734
3465,EE,MBC,52714
3465,EE,OC,36768
3465,EE,SC,90530
3465,EE,SCA,111776
3465,EE,ST,155278
3465,ME,BC,80346
3465,ME,MBC,85840
3465,ME,OC,63823
3465,ME,SC,126073
3465,ME,SCA,158643
3465,ME,ST,112232
3465,MZ,BC,84340
3465,MZ,MBC,96980
3465,MZ,OC,55896
3465,MZ,SC,137581
3465,MZ,SCA,125520
3466,AD,BC,192581
3466,AD,MBC,235625
3466,AD,OC,235613
3466,BM,OC,149109
3466,CS,BC,250398
3466,CS,MBC,246706
3466,CS,OC,228802
3466,CS,SC,243253
3466,EC,OC,244807
3466,EE,OC,243016
3466,ME,OC,155492
3477,AD,BC,218658
3477,AD,MBC,231029
3477,AD,OC,199343
3477,AD,SC,230095
3477,CE,OC,237513
3477,EC,OC,220147
3477,EE,OC,212761
3477,ME,OC,160065
3701,AD,BC,91022
3701,AD,MBC,125868
3701,AD,OC,71495
3701,AD,SC,232891
3701,AD,SCA,69304
3701,AL,MBC,85784
3701,AL,OC,35719
3701,AL,SC,105461
3701,AM,BC,95797
3701,AM,MBC,125115
3701,AM,OC,67844
3701,AM,SC,223730
3701,CE,BC,200771
3701,CE,MBC,194952
3701,CE,OC,133655
3701,CE,SC,189120
3701,CS,BC,81867
3701,CS,MBC,110923
3701,CS,OC,58910
3701,CS,SC,162057
3701,CS,SCA,244591
3701,EC,BC,92829
3701,EC,MBC,131354
3701,EC,OC,72245
3701,EC,SC,210705
3701,EC,SCA,170344
3701,EE,BC,116298
3701,EE,MBC,142595
3701,EE,OC,103519
3701,EE,SC,202969
3701,IT,BC,89675
3701,IT,MBC,118499
3701,IT,OC,70944
3701,IT,SC,229651
3701,IT,SCA,151638
3701,ME,BC,144903
3701,ME,MBC,189015
3701,ME,OC,119314
3701,ME,SC,234506
3760,AD,BC,238281
3760,AD,MBC,201648
3760,AD,OC,146285
3760,AD,SC,208211
3760,AD,SCA,190218
3760,AG,BC,207583
3760,AG,MBC,150616
3760,AG,OC,180524
3760,AG,SC,207849
3760,AM,BC,237702
3760,AM,MBC,238770
3760,AM,OC,204480
3760,AM,SC,225308
3760,CS,BC,243121
3760,CS,MBC,238340
3760,CS,OC,182465
3760,CS,SC,239137
3760,EC,BC,233285
3760,EC,MBC,244367
3760,EC,OC,185228
3760,EC,SC,225577
3760,IT,BC,230577
3760,IT,MBC,219399
3760,IT,OC,175852
3760,IT,SC,204905
3760,ME,BC,245741
3760,ME,MBC,246472
3760,ME,OC,212619
3760,ME,SC,236744
3766,AD,OC,202184
3766,CS,OC,238996
3766,EC,OC,72714
3766,EE,OC,194992
3766,ME,OC,212597
3782,AD,BC,202717
3782,AD,MBC,160675
3782,AD,OC,128886
3782,AD,SC,184025
3782,AD,SCA,128345
3782,AD,ST,201239
3782,AM,BC,228481
3782,AM,MBC,213852
3782,AM,OC,178864
3782,AM,SC,205871
3782,AM,SCA,237592
3782,CB,BC,236308
3782,CB,MBC,223378
3782,CB,OC,199204
3782,CB,SC,206355
3782,CB,SCA,235458
3782,CS,BC,245706
3782,CS,MBC,211529
3782,CS,OC,145102
3782,CS,SC,182631
3782,CS,SCA,152244
3782,CS,ST,140818
3782,EC,BC,217730
3782,EC,MBC,213760
3782,EC,OC,132250
3782,EC,SC,211113
3782,EC,SCA,210884
3782,EE,BC,227017
3782,EE,MBC,229835
3782,EE,OC,192392
3782,EE,SC,214429
3782,IT,BC,216480
3782,IT,MBC,210875
3782,IT,OC,136246
3782,IT,SC,157036
3782,IT,SCA,205714
3782,ME,MBC,175883
3782,ME,OC,193438
3786,AD,BC,246619
3786,AD,MBC,240833
3786,AD,OC,180647
3786,AD,SC,231851
3786,AD,SCA,251737
3786,AE,BC,249116
3786,AE,MBC,208165
3786,AE,OC,225877
3786,AE,SC,247711
3786,BM,BC,209406
3786,BM,MBC,162611
3786,BM,OC,245108
3786,BM,SC,177789
3786,BM,SCA,183898
3786,CS,BC,210876
3786,CS,MBC,218468
3786,CS,OC,152569
3786,CS,SC,238384
3786,CS,SCA,199824
3786,EC,BC,240435
3786,EC,MBC,225499
3786,EC,OC,179457
3786,EC,SC,231484
3786,EE,BC,232868
3786,EE,MBC,215881
3786,EE,OC,221069
3786,IT,BC,256171
3786,IT,MBC,230535
3786,IT,OC,210495
3786,IT,SC,219175
3786,IT,SCA,138586
3786,ME,BC,237909
3786,ME,OC,232298
3786,MZ,MBC,140265
3786,MZ,OC,246770
3786,MZ,SC,153544
3795,AD,BC,94456
3795,AD,MBC,125455
3795,AD,OC,67502
3795,AD,SC,191429
3795,AD,SCA,191019
3795,AM,BC,88861
3795,AM,MBC,96387
3795,AM,OC,44830
3795,AM,SC,180071
3795,AM,SCA,88090
3795,CE,BC,213446
3795,CE,MBC,228837
3795,CE,OC,150651
3795,CE,SC,184860
3795,CS,BC,79868
3795,CS,MBC,110611
3795,CS,OC,44886
3795,CS,SC,183665
3795,CS,SCA,165460
3795,CS,ST,238319
3795,EC,BC,91725
3795,EC,MBC,110253
3795,EC,OC,68633
3795,EC,SC,174287
3795,EC,SCA,144652
3795,EE,BC,125784
3795,EE,MBC,163753
3795,EE,OC,95880
3795,EE,SC,227988
3795,IT,BC,89175
3795,IT,MBC,109777
3795,IT,OC,69311
3795,IT,SC,192840
3795,ME,BC,198925
3795,ME,MBC,211140
3795,ME,OC,131884
3795,ME,SC,248592
3795,ME,ST,189076
3801,AD,BC,119071
3801,AD,MBC,119105
3801,AD,OC,51578
3801,AD,SC,162963
3801,AD,SCA,150544
3801,CE,BC,225292
3801,CE,MBC,197806
3801,CE,OC,138056
3801,CE,SC,180883
3801,CS,BC,144696
3801,CS,MBC,110393
3801,CS,OC,66696
3801,CS,SC,183283
3801,CS,SCA,182376
3801,EC,BC,176370
3801,EC,MBC,104803
3801,EC,OC,94044
3801,EC,SC,242079
3801,EE,BC,236732
3801,EE,MBC,191878
3801,EE,OC,149112
3801,EE,SC,226249
3801,IC,BC,219193
3801,IC,MBC,191251
3801,IC,OC,142863
3801,IC,SC,236436
3801,IT,BC,149795
3801,IT,MBC,111852
3801,IT,OC,78593
3801,IT,SC,185257
3801,IT,ST,65574
3801,ME,BC,238418
3801,ME,MBC,208245
3801,ME,OC,140125
3801,ME,SC,173753
3803,AD,BC,106235
3803,AD,MBC,144110
3803,AD,OC,75777
3803,AD,SC,147180
3803,AD,SCA,188039
3803,CE,BC,231437
3803,CE,MBC,192591
3803,CE,OC,134723
3803,CE,SC,140813
3803,CH,BC,219819
3803,CH,MBC,188880
3803,CH,OC,168854
3803,CH,SC,239175
3803,CS,BC,78470
3803,CS,MBC,115453
3803,CS,OC,40372
3803,CS,SC,161441
3803,EC,BC,107722
3803,EC,MBC,126169
3803,EC,OC,77351
3803,EC,SC,185954
3803,EE,BC,146221
3803,EE,MBC,212185
3803,EE,OC,114810
3803,EE,SC,220029
3803,IT,BC,98396
3803,IT,MBC,128218
3803,IT,OC,77243
3803,IT,SC,189225
3803,ME,BC,213875
3803,ME,MBC,236610
3803,ME,OC,140961
3803,ME,SC,245853
3804,AD,BC,182413
3804,AD,MBC,156078
3804,AD,OC,84340
3804,AD,SC,165199
3804,AD,SCA,132514
3804,AG,BC,153560
3804,AG,MBC,150852
3804,AG,OC,143744
3804,AG,SC,150822
3804,AU,OC,153150
3804,BM,BC,187850
3804,BM,MBC,159152
3804,BM,OC,243588
3804,CE,OC,195280
3804,CS,BC,221876
3804,CS,MBC,207928
3804,CS,OC,126249
3804,CS,SC,224861
3804,CS,SCA,183313
3804,EC,BC,221327
3804,EC,MBC,220411
3804,EC,OC,155632
3804,EC,SC,230110
3804,EE,BC,233001
3804,EE,MBC,227520
3804,EE,OC,212733
3804,EE,SC,248015
3804,IT,BC,235649
3804,IT,MBC,192185
3804,IT,OC,146554
3804,IT,SC,180699
3804,ME,MBC,236825
3804,ME,OC,234132
3804,ME,SC,239279
3805,AD,BC,185298
3805,AD,MBC,206733
3805,AD,OC,108345
3805,AD,SC,247887
3805,AD,SCA,154053
3805,AE,BC,242860
3805,AE,MBC,233133
3805,AE,OC,208642
3805,AE,SC,245399
3805,AE,SCA,121043
3805,AG,BC,188871
3805,AG,MBC,155638
3805,AG,OC,209189
3805,AG,SC,140543
3805,AO,BC,153128
3805,AO,OC,117585
3805,AO,SC,147262
3805,BM,BC,240164
3805,BM,MBC,241349
3805,BM,OC,219148
3805,BM,SC,245515
3805,BM,SCA,245529
3805,BM,ST,127783
3805,BT,BC,152659
3805,BT,MBC,206083
3805,BT,OC,191419
3805,BT,SC,183350
3805,CE,BC,239605
3805,CE,MBC,242218
3805,CE,OC,190844
3805,CE,SC,235530
3805,CH,BC,192321
3805,CH,MBC,210844
3805,CH,OC,160323
3805,CH,SC,174546
3805,CH,SCA,128003
3805,CS,BC,166777
3805,CS,MBC,205410
3805,CS,OC,104895
3805,CS,SC,247888
3805,CS,SCA,214830
3805,CS,ST,174165
3805,EC,BC,226605
3805,EC,MBC,224765
3805,EC,OC,130637
3805,EC,SC,237408
3805,EC,SCA,214482
3805,EE,BC,236788
3805,EE,MBC,234314
3805,EE,OC,194441
3805,EE,SC,225033
3805,EE,SCA,120471
3805,FD,BC,243611
3805,FD,MBC,220456
3805,FD,OC,212042
3805,FD,SC,217106
3805,FD,SCA,154357
3805,IT,BC,189918
3805,IT,MBC,227190
3805,IT,OC,126254
3805,IT,SC,248383
3805,IT,SCA,234494
3805,IT,ST,158329
3805,ME,BC,241020
3805,ME,MBC,243844
3805,ME,OC,185954
3805,ME,SC,241655
3805,ME,SCA,148182
3805,PH,BC,201937
3805,PH,MBC,187342
3805,PH,OC,220707
3805,PH,SC,197075
3805,RM,BC,207846
3805,RM,MBC,215115
3805,RM,OC,163428
3805,SC,BC,218957
3805,SC,MBC,200441
3805,SC,OC,124915
3805,SC,SC,226004
3806,AD,BC,171101
3806,AD,MBC,168997
3806,AD,OC,101344
3806,AD,SC,172837
3806,AD,SCA,205767
3806,BM,BC,241474
3806,BM,MBC,207977
3806,BM,OC,154194
3806,BM,SC,209545
3806,CB,BC,177403
3806,CB,MBC,169955
3806,CB,OC,140183
3806,CB,SC,219595
3806,CE,BC,245812
3806,CE,MBC,236754
3806,CE,OC,186380
3806,CE,SC,216044
3806,CS,BC,168428
3806,CS,MBC,149855
3806,CS,OC,101671
3806,CS,SC,206810
3806,CS,SCA,171565
3806,CS,ST,194930
3806,EC,BC,174564
3806,EC,MBC,171985
3806,EC,OC,124917
3806,EC,SC,225394
3806,EC,SCA,212938
3806,EE,BC,216371
3806,EE,MBC,215720
3806,EE,OC,178506
3806,EE,SC,232787
3806,EE,SCA,176177
3806,IT,BC,174629
3806,IT,MBC,155596
3806,IT,OC,95000
3806,IT,SC,182802
3806,IT,SCA,170443
3806,IT,ST,164972
3806,ME,BC,238014
3806,ME,MBC,229432
3806,ME,OC,184013
3806,ME,SC,245729
3806,ME,SCA,226768
3807,AD,BC,142364
3807,AD,MBC,163300
3807,AD,OC,114371
3807,AD,SC,210608
3807,AD,SCA,238514
3807,AE,BC,206015
3807,AE,MBC,160458
3807,AE,OC,151562
3807,AE,SC,241519
3807,AE,SCA,137840
3807,CE,BC,204380
3807,CE,MBC,194029
3807,CE,OC,176264
3807,CE,SC,232350
3807,CS,BC,132402
3807,CS,MBC,157816
3807,CS,OC,92150
3807,CS,SC,209065
3807,CS,SCA,205027
3807,EC,BC,134828
3807,EC,MBC,152988
3807,EC,OC,77295
3807,EC,SC,228742
3807,EC,SCA,137721
3807,EE,BC,164868
3807,EE,MBC,180354
3807,EE,OC,112286
3807,EE,SC,233767
3807,EE,SCA,131493
3807,IT,BC,141300
3807,IT,MBC,165445
3807,IT,OC,114864
3807,IT,SC,228869
3807,IT,SCA,201964
3807,ME,BC,164866
3807,ME,MBC,200400
3807,ME,OC,148297
3807,ME,SC,197305
3807,ME,SCA,216536
3807,SC,BC,136211
3807,SC,MBC,148508
3807,SC,OC,97201
3807,SC,SC,210082
3807,SC,SCA,152838
3808,CS,OC,159563
3808,ME,OC,173304
3809,CS,OC,152119
3809,EE,OC,152929
3810,AD,BC,206084
3810,AD,MBC,235734
3810,AD,OC,131858
3810,AD,SC,229660
3810,AD,SCA,231572
3810,AG,BC,143776
3810,AG,MBC,249451
3810,AG,OC,247511
3810,AG,SC,182010
3810,AG,SCA,113072
3810,AM,BC,245856
3810,AM,MBC,239701
3810,AM,OC,200022
3810,AM,SC,248757
3810,BM,BC,247259
3810,BM,MBC,247131
3810,BM,OC,237661
3810,BM,SC,245730
3810,BT,BC,226695
3810,BT,MBC,213098
3810,BT,OC,176294
3810,BT,SC,231154
3810,CE,BC,243369
3810,CE,MBC,169619
3810,CE,OC,153289
3810,CE,SC,196120
3810,CS,BC,234014
3810,CS,MBC,225540
3810,CS,OC,145464
3810,CS,SC,234504
3810,CS,SCA,263389
3810,CS,ST,182232
3810,EC,BC,239975
3810,EC,MBC,237818
3810,EC,OC,150464
3810,EC,SC,237367
3810,EC,SCA,151887
3810,EE,BC,251345
3810,EE,MBC,253634
3810,EE,OC,212932
3810,EE,SC,235423
3810,EI,BC,237484
3810,EI,MBC,202821
3810,EI,OC,220990
3810,EI,SC,237837
3810,FD,BC,218032
3810,FD,MBC,225857
3810,FD,OC,175654
3810,FD,SC,247372
3810,IT,BC,239377
3810,IT,MBC,177585
3810,IT,OC,143329
3810,IT,SC,180092
3810,IT,SCA,160571
3810,ME,BC,234744
3810,ME,MBC,237166
3810,ME,OC,208872
3810,ME,SC,248119
3810,ME,SCA,195067
3810,SC,BC,255863
3810,SC,MBC,256183
3810,SC,OC,154674
3810,SC,SC,250880
3811,AD,BC,237362
3811,AD,MBC,225525
3811,AD,OC,139401
3811,AD,SC,193088
3811,BM,BC,232586
3811,BM,MBC,235656
3811,BM,OC,183905
3811,CE,BC,245439
3811,CE,MBC,230082
3811,CE,OC,228224
3811,CS,BC,234339
3811,CS,MBC,243895
3811,CS,OC,158053
3811,CS,SC,243061
3811,CS,SCA,194256
3811,CS,ST,164444
3811,EC,BC,227546
3811,EC,MBC,241585
3811,EC,OC,142371
3811,EC,SC,238413
3811,EE,BC,245106
3811,EE,MBC,245999
3811,EE,OC,230327
3811,EE,SC,174544
3811,IT,BC,246927
3811,IT,MBC,240768
3811,IT,OC,201411
3811,IT,SC,233704
3811,IT,SCA,236688
3811,IT,ST,222311
3811,ME,BC,244022
3811,ME,MBC,238293
3811,ME,OC,228302
3812,AD,BC,248409
3812,AD,MBC,234787
3812,AD,OC,172705
3812,AD,SC,248295
3812,AD,SCA,152448
3812,AM,OC,224926
3812,CE,OC,222154
3812,CS,BC,222462
3812,CS,MBC,243969
3812,CS,OC,172613
3812,CS,SC,240633
3812,CS,SCA,246135
3812,EC,BC,220006
3812,EC,MBC,243093
3812,EC,OC,175985
3812,EC,SC,183432
3812,EE,BC,233012
3812,EE,MBC,225639
3812,EE,OC,228066
3812,EI,OC,235446
3812,IT,BC,246467
3812,IT,MBC,244653
3812,IT,OC,202147
3812,IT,SC,247933
3812,ME,BC,234314
3812,ME,MBC,237263
3812,ME,OC,225087
3812,ME,SC,234515
3813,CE,OC,201648
3813,CS,BC,238744
3813,CS,MBC,228454
3813,CS,OC,230109
3813,EC,OC,243143
3813,EE,OC,154062
3813,IT,BC,189578
3813,IT,MBC,153442
3813,IT,OC,240407
3813,ME,OC,221999
3814,AD,BC,138048
3814,AD,MBC,129377
3814,AD,OC,208849
3814,CE,OC,171422
3814,CS,BC,206297
3814,CS,MBC,190639
3814,CS,OC,213936
3814,CS,SC,197301
3814,EC,OC,154756
3814,ME,OC,168241
3815,AD,BC,230090
3815,AD,MBC,207116
3815,AD,OC,184949
3815,AD,SC,244224
3815,BM,BC,175938
3815,BM,MBC,121360
3815,BM,OC,192038
3815,BM,SC,221272
3815,BT,BC,194476
3815,BT,MBC,226363
3815,BT,OC,241107
3815,BT,SC,199993
3815,CS,BC,241697
3815,CS,MBC,226355
3815,CS,OC,151748
3815,CS,SC,237035
3815,CS,SCA,196004
3815,EC,BC,224535
3815,EC,MBC,228431
3815,EC,OC,204823
3815,EC,SC,235442
3815,EE,OC,218082
3815,IT,BC,224685
3815,IT,MBC,208772
3815,IT,OC,187808
3815,IT,SC,246334
3815,IT,ST,155556
3815,ME,OC,132801
3815,TX,OC,208668
3817,AD,BC,216724
3817,AD,MBC,213603
3817,AD,OC,113558
3817,AD,SC,173676
3817,AD,SCA,201865
3817,BT,BC,240418
3817,BT,MBC,231139
3817,BT,OC,175580
3817,BT,SC,248634
3817,CE,OC,246679
3817,CS,BC,220006
3817,CS,MBC,207601
3817,CS,OC,140736
3817,CS,SC,211269
3817,CS,SCA,234916
3817,CS,ST,185075
3817,EC,BC,240903
3817,EC,MBC,216869
3817,EC,OC,171082
3817,EC,SC,192768
3817,EC,SCA,194693
3817,EE,BC,246807
3817,EE,MBC,232406
3817,EE,OC,175750
3817,EE,SC,223717
3817,EE,SCA,234716
3817,ME,BC,246605
3817,ME,MBC,248332
3817,ME,OC,195763
3817,ME,SC,246283
3819,AD,BC,60404
3819,AD,MBC,79325
3819,AD,OC,40868
3819,AD,SC,128854
3819,AD,SCA,174196
3819,AM,BC,62017
3819,AM,MBC,78476
3819,AM,OC,37194
3819,AM,SC,141005
3819,AM,SCA,131025
3819,AM,ST,100475
3819,CB,BC,84666
3819,CB,MBC,100799
3819,CB,OC,55036
3819,CB,SC,150048
3819,CB,SCA,202480
3819,CE,BC,137793
3819,CE,MBC,159323
3819,CE,OC,81595
3819,CE,SC,135029
3819,CS,BC,35357
3819,CS,MBC,63313
3819,CS,OC,26154
3819,CS,SC,65884
3819,CS,SCA,197986
3819,EC,BC,59223
3819,EC,MBC,73045
3819,EC,OC,38681
3819,EC,SC,128973
3819,EC,SCA,142025
3819,EE,BC,85945
3819,EE,MBC,117359
3819,EE,OC,64287
3819,EE,SC,149194
3819,EE,SCA,210344
3819,IC,BC,89057
3819,IC,MBC,112951
3819,IC,OC,69249
3819,IC,SC,193882
3819,IT,BC,57829
3819,IT,MBC,67658
3819,IT,OC,47406
3819,IT,SC,111285
3819,IT,SCA,165850
3819,IT,ST,101658
3819,ME,BC,116081
3819,ME,MBC,132689
3819,ME,OC,86218
3819,ME,SC,166710
3820,AD,BC,244690
3820,AD,MBC,189715
3820,AD,OC,233474
3820,AD,SC,184650
3820,AD,SCA,193115
3820,AM,OC,219001
3820,CE,OC,232361
3820,CS,BC,201153
3820,CS,MBC,200622
3820,CS,OC,240543
3820,CS,SC,212335
3820,EC,BC,242321
3820,EC,MBC,132149
3820,EC,OC,233002
3820,EC,SC,228168
3820,EE,OC,225486
3820,MC,OC,164244
3820,ME,OC,213099
3820,MZ,OC,121494
3821,AD,BC,237389
3821,AD,MBC,232773
3821,AD,OC,209227
3821,AD,SC,235456
3821,AG,MBC,153944
3821,AG,OC,143234
3821,AG,SC,133883
3821,BM,BC,214558
3821,BM,MBC,138698
3821,BM,OC,205285
3821,BM,SC,246527
3821,BM,SCA,202050
3821,CE,OC,238965
3821,CS,BC,246665
3821,CS,MBC,248175
3821,CS,OC,206473
3821,CS,SC,246198
3821,EC,BC,251297
3821,EC,MBC,246517
3821,EC,OC,209758
3821,EC,SC,237745
3821,EE,OC,238350
3821,ME,BC,234036
3821,ME,MBC,238359
3821,ME,OC,238022
3821,ME,SC,237974
3822,AD,OC,201692
3822,AD,SC,223925
3822,BM,BC,228277
3822,BM,OC,178811
3822,BM,SC,227009
3822,CS,MBC,66466
3822,CS,OC,202216
3822,EC,OC,248934
3822,EE,OC,53829
3822,IT,OC,219308
3822,ME,OC,205647
3825,AD,BC,194522
3825,AD,MBC,205910
3825,AD,OC,144600
3825,AD,SC,224511
3825,AD,SCA,214157
3825,AD,ST,165172
3825,CS,BC,184246
3825,CS,MBC,238986
3825,CS,OC,126908
3825,CS,SC,232791
3825,EC,BC,192341
3825,EC,MBC,246362
3825,EC,OC,159893
3825,EC,SC,239446
3825,EE,BC,226590
3825,EE,MBC,231368
3825,EE,OC,200261
3825,EE,SC,241430
3825,IT,BC,194037
3825,IT,MBC,238336
3825,IT,OC,173227
3825,IT,SC,238292
3825,ME,BC,238417
3825,ME,MBC,243043
3825,ME,OC,222326
3825,ME,SC,239316
3826,AD,BC,150040
3826,AD,MBC,114903
3826,AD,OC,78762
3826,AD,SC,187038
3826,AD,SCA,190836
3826,AD,ST,225011
3826,AG,BC,212753
3826,AG,MBC,184244
3826,AG,OC,147749
3826,AG,SC,206745
3826,AG,SCA,217395
3826,AG,ST,176305
3826,BM,BC,156077
3826,BM,MBC,143582
3826,BM,OC,124331
3826,BM,SC,210653
3826,BM,SCA,228862
3826,BM,ST,162221
3826,CE,BC,200266
3826,CE,MBC,173229
3826,CE,OC,137796
3826,CE,SC,199603
3826,CE,SCA,168323
3826,CS,BC,135695
3826,CS,MBC,104957
3826,CS,OC,70761
3826,CS,SC,189813
3826,CS,SCA,128697
3826,CS,ST,134311
3826,EC,BC,134347
3826,EC,MBC,139723
3826,EC,OC,92343
3826,EC,SC,190104
3826,EC,SCA,193968
3826,EC,ST,70321
3826,EE,BC,165834
3826,EE,MBC,148242
3826,EE,OC,114628
3826,EE,SC,210087
3826,EE,SCA,243230
3826,EE,ST,171874
3826,IT,BC,125356
3826,IT,MBC,133826
3826,IT,OC,87598
3826,IT,SC,190236
3826,IT,SCA,168863
3826,IT,ST,214691
3826,ME,BC,184036
3826,ME,MBC,178008
3826,ME,OC,141984
3826,ME,SC,209226
3826,ME,SCA,187524
3826,ME,ST,219070
3829,AD,BC,209764
3829,AD,MBC,192474
3829,AD,OC,126953
3829,AD,SC,228837
3829,AD,SCA,163415
3829,CE,BC,244900
3829,CE,MBC,174538
3829,CE,OC,150762
3829,CE,SC,186688
3829,CS,BC,245333
3829,CS,MBC,236522
3829,CS,OC,145638
3829,CS,SC,247001
3829,CS,SCA,221535
3829,EC,BC,226213
3829,EC,MBC,237319
3829,EC,OC,137602
3829,EC,SC,244623
3829,EC,SCA,199577
3829,EE,BC,235799
3829,EE,MBC,237653
3829,EE,OC,127609
3829,EE,SC,246428
3829,EE,SCA,165966
3829,IT,BC,226319
3829,IT,MBC,248102
3829,IT,OC,166763
3829,IT,SC,240092
3829,IT,SCA,187835
3829,ME,BC,194495
3829,ME,MBC,197261
3829,ME,OC,144950
3829,ME,SC,232882
3829,ME,SCA,145916
3830,AD,BC,76430
3830,AD,MBC,112110
3830,AD,OC,57784
3830,AD,SC,202201
3830,AD,SCA,220593
3830,AL,OC,90447
3830,AL,SC,128864
3830,AM,BC,71777
3830,AM,MBC,110705
3830,AM,OC,54953
3830,AM,SC,196679
3830,AM,ST,159979
3830,CB,BC,98718
3830,CB,MBC,122032
3830,CB,OC,72038
3830,CB,SC,209917
3830,CB,SCA,92655
3830,CS,BC,63079
3830,CS,MBC,74521
3830,CS,OC,40059
3830,CS,SC,173154
3830,CS,SCA,235714
3830,CS,ST,222702
3830,EC,BC,83393
3830,EC,MBC,108891
3830,EC,OC,54567
3830,EC,SC,186205
3830,EC,SCA,129588
3830,EC,ST,170613
3830,EE,BC,115755
3830,EE,MBC,130203
3830,EE,OC,90825
3830,EE,SC,234953
3830,EE,SCA,122531
3830,IT,BC,76438
3830,IT,MBC,100117
3830,IT,OC,53958
3830,IT,SC,207405
3830,IT,SCA,74362
3830,ME,BC,130301
3830,ME,MBC,135615
3830,ME,OC,104439
3830,ME,SC,201144
3830,ME,SCA,146697
3831,AD,BC,228241
3831,AD,MBC,207334
3831,AD,OC,165297
3831,AD,SC,241538
3831,AG,BC,91688
3831,AG,OC,188035
3831,BM,BC,230171
3831,BM,MBC,237104
3831,BM,OC,215395
3831,BM,SC,230999
3831,CS,BC,243011
3831,CS,MBC,245376
3831,CS,OC,197867
3831,CS,SC,235282
3831,CS,SCA,237398
3831,EC,BC,233273
3831,EC,MBC,236638
3831,EC,OC,215998
3831,EC,SC,236818
3831,EE,OC,209605
3831,IT,BC,248359
3831,IT,MBC,245042
3831,IT,OC,220452
3831,IT,SC,247068
3831,IT,SCA,147081
3831,ME,BC,231302
3831,ME,MBC,222370
3831,ME,OC,209321
3831,ME,SC,236398
3833,AE,BC,144672
3833,AE,OC,246151
3833,CE,OC,249956
3833,CS,BC,247578
3833,CS,MBC,249986
3833,CS,OC,179451
3833,CS,SC,235087
3833,CS,SCA,195445
3833,EC,BC,234901
3833,EC,MBC,141830
3833,EC,OC,187360
3833,EC,SC,242919
3833,EE,OC,210400
3833,IT,BC,245098
3833,IT,MBC,243140
3833,IT,OC,189338
3833,IT,SC,192262
3833,ME,OC,241728
3841,AD,BC,128134
3841,AD,MBC,157277
3841,AD,OC,90630
3841,AD,SC,214738
3841,AD,SCA,166442
3841,CE,BC,205295
3841,CE,MBC,218100
3841,CE,OC,162485
3841,CE,SC,212497
3841,CS,BC,119668
3841,CS,MBC,161831
3841,CS,OC,80296
3841,CS,SC,215774
3841,CS,SCA,202788
3841,CS,ST,139287
3841,DA,OC,178419
3841,DA,SC,232405
3841,EC,BC,120854
3841,EC,MBC,147344
3841,EC,OC,74685
3841,EC,SC,208086
3841,EC,SCA,142558
3841,ME,BC,185599
3841,ME,MBC,223838
3841,ME,OC,152238
3841,ME,SC,237001
3843,AD,BC,227966
3843,AD,MBC,148230
3843,AD,OC,119987
3843,AD,SC,178471
3843,AD,ST,188779
3843,AM,BC,190182
3843,AM,MBC,167828
3843,AM,OC,109951
3843,AM,SC,227600
3843,BM,BC,196086
3843,BM,MBC,210438
3843,BM,OC,149446
3843,BM,SC,179656
3843,CE,BC,247186
3843,CE,MBC,207020
3843,CE,OC,186842
3843,CE,SC,227800
3843,CS,BC,245412
3843,CS,MBC,178118
3843,CS,OC,141403
3843,CS,SC,221421
3843,EC,BC,242243
3843,EC,MBC,194989
3843,EC,OC,154090
3843,EC,SC,246262
3843,EE,BC,245444
3843,EE,MBC,202849
3843,EE,OC,134261
3843,EE,SC,212598
3843,IT,BC,206204
3843,IT,MBC,178977
3843,IT,OC,142100
3843,IT,SC,235995
3843,IT,ST,190743
3843,ME,BC,246421
3843,ME,MBC,206032
3843,ME,OC,171515
3843,ME,SC,245129
3844,AD,BC,230041
3844,AD,MBC,211489
3844,AD,OC,196548
3844,AD,SC,202178
3844,BM,BC,190820
3844,BM,MBC,226641
3844,BM,OC,246173
3844,BM,SC,195467
3844,BM,SCA,186180
3844,CS,BC,239458
3844,CS,MBC,244639
3844,CS,OC,177769
3844,CS,SC,230712
3844,EC,BC,230636
3844,EC,MBC,243368
3844,EC,OC,180776
3844,EC,SC,228265
3844,EE,MBC,171744
3844,EE,OC,239324
3844,IT,BC,237472
3844,IT,MBC,250966
3844,IT,OC,226980
3844,IT,SC,238768
3844,IT,SCA,228912
3844,ME,OC,246691
3844,SC,BC,214921
3844,SC,MBC,215248
3844,SC,OC,203651
3844,SC,SC,192605
3845,AD,BC,235202
3845,AD,MBC,232097
3845,AD,OC,174454
3845,AD,SC,220151
3845,AD,SCA,215714
3845,AM,BC,244328
3845,AM,MBC,230624
3845,AM,OC,227518
3845,AM,SC,239264
3845,AM,SCA,238284
3845,BM,BC,184508
3845,BM,MBC,225286
3845,BM,OC,152661
3845,BM,SC,165169
3845,CS,BC,210090
3845,CS,MBC,181683
3845,CS,OC,129890
3845,CS,SC,226687
3845,CS,SCA,237384
3845,EC,BC,234581
3845,EC,MBC,231897
3845,EC,OC,219876
3845,EC,SC,226522
3845,EE,BC,228951
3845,EE,MBC,238416
3845,EE,OC,190641
3845,EE,SC,231294
3845,IT,BC,235597
3845,IT,MBC,212806
3845,IT,OC,183632
3845,IT,SC,221817
3845,IT,SCA,186636
3845,ME,OC,240036
3845,ME,SC,238657
3845,SC,BC,234152
3845,SC,MBC,193722
3845,SC,OC,196128
3845,SC,SC,224195
3846,AD,BC,253642
3846,AD,MBC,255717
3846,AD,OC,174649
3846,AD,SC,217618
3846,AD,SCA,194302
3846,CB,BC,230635
3846,CB,MBC,194927
3846,CB,OC,230394
3846,CB,SC,197356
3846,CE,OC,244095
3846,CS,BC,230928
3846,CS,MBC,243746
3846,CS,OC,164498
3846,CS,SC,233681
3846,CS,SCA,183273
3846,EC,BC,236808
3846,EC,MBC,235267
3846,EC,OC,194370
3846,EC,SC,238243
3846,EE,OC,244116
3846,ME,OC,245548
3846,RM,OC,229747
3848,AD,OC,246896
3848,CE,OC,170159
3848,CS,BC,79366
3848,CS,MBC,224023
3848,CS,OC,193422
3848,CS,SC,210441
3848,EC,OC,240034
3848,EE,OC,174659
3848,IT,OC,253317
3848,ME,OC,247437
3849,AD,BC,196006
3849,AD,MBC,238203
3849,AD,OC,232169
3849,AD,SC,247031
3849,CE,OC,231138
3849,CS,BC,240083
3849,CS,MBC,209610
3849,CS,OC,239017
3849,CS,SC,204058
3849,EC,BC,231781
3849,EC,MBC,229572
3849,EC,OC,226250
3849,EC,SC,234568
3849,EE,OC,245270
3849,IT,BC,210575
3849,IT,MBC,199310
3849,IT,OC,242849
3849,IT,SC,201733
3849,ME,OC,203502
3849,SC,OC,238446
3850,AD,OC,207953
3850,CS,OC,152420
3850,EC,OC,170506
3850,IT,MBC,193666
3850,IT,OC,196853
3852,AD,BC,229466
3852,AD,MBC,225114
3852,AD,OC,183779
3852,CE,OC,180811
3852,CS,BC,244936
3852,CS,MBC,225789
3852,CS,OC,128545
3852,CS,SC,244687
3852,EC,MBC,147357
3852,EC,OC,221921
3852,EC,SC,140590
3852,EE,OC,151759
3852,IT,BC,246002
3852,IT,MBC,250099
3852,IT,OC,182342
3852,IT,SC,239225
3854,AD,BC,194282
3854,AD,OC,254551
3854,AD,SC,237921
3854,AG,OC,208363
3854,CE,OC,107445
3854,CS,BC,152855
3854,CS,MBC,155114
3854,CS,OC,212788
3854,EE,OC,197052
3854,IT,OC,240709
3854,ME,OC,249295
3854,SC,OC,251341
3855,AD,OC,214757
3855,CS,BC,145498
3855,CS,MBC,153879
3855,CS,OC,240456
3855,CS,SC,154771
3855,EC,OC,247168
3855,EE,OC,127068
3855,IT,BC,165360
3855,IT,OC,154551
3855,IT,SC,161439
3855,ME,OC,151694
3855,SC,OC,209575
3857,AG,OC,134964
3857,AM,BC,196275
3857,AM,MBC,206662
3857,AM,OC,246274
3857,BM,BC,184764
3857,BM,MBC,194558
3857,BM,OC,232926
3857,BM,SC,189452
3857,CE,OC,201786
3857,CS,BC,245138
3857,CS,MBC,238509
3857,CS,OC,212666
3857,CS,SC,242290
3857,CS,SCA,208449
3857,EC,OC,232826
3857,EC,SC,187649
3857,EE,OC,242683
3857,ME,OC,240154
3859,CS,OC,196695
3859,EC,OC,120859
3859,EE,OC,115438
3860,AM,BC,232709
3860,AM,MBC,227314
3860,AM,OC,181984
3860,AM,SC,225690
3860,AM,ST,205669
3860,CS,BC,211955
3860,CS,MBC,234034
3860,CS,OC,190954
3860,CS,SC,230843
3860,EC,BC,154410
3860,EC,MBC,152629
3860,EC,OC,243305
3860,EC,SC,154865
3860,EE,OC,236590
3860,EE,SC,232388
3860,ME,OC,241852
3905,AD,BC,158277
3905,AD,MBC,206918
3905,AD,OC,143351
3905,AD,SC,234083
3905,AD,SCA,129629
3905,CE,BC,250507
3905,CE,OC,189833
3905,CE,SC,240469
3905,CS,BC,133854
3905,CS,MBC,245090
3905,CS,OC,103021
3905,CS,SC,219788
3905,EC,BC,223884
3905,EC,MBC,238486
3905,EC,OC,167496
3905,EC,SC,247467
3905,EC,SCA,169607
3905,EE,BC,206360
3905,EE,MBC,191511
3905,EE,OC,243446
3905,EE,SC,206970
3905,EE,SCA,195628
3905,IT,BC,164269
3905,IT,MBC,208137
3905,IT,OC,130193
3905,IT,SC,219466
3905,ME,BC,244761
3905,ME,MBC,242881
3905,ME,OC,229503
3905,ME,SC,243650
3908,AD,BC,162557
3908,AD,MBC,189351
3908,AD,OC,95925
3908,AD,SC,235704
3908,AD,SCA,210126
3908,CE,BC,245402
3908,CE,MBC,246596
3908,CE,OC,184309
3908,CE,SC,225997
3908,CS,BC,125733
3908,CS,MBC,134068
3908,CS,OC,91547
3908,CS,SC,237270
3908,CS,SCA,120294
3908,EC,BC,170195
3908,EC,MBC,208177
3908,EC,OC,139566
3908,EC,SC,205533
3908,EE,BC,204003
3908,EE,MBC,194015
3908,EE,OC,245625
3908,EE,SC,182267
3908,IT,BC,136638
3908,IT,MBC,214517
3908,IT,OC,117446
3908,IT,SC,210191
3908,ME,BC,223562
3908,ME,MBC,246308
3908,ME,OC,200768
3908,ME,SC,221148
3918,AD,BC,197672
3918,AD,MBC,203682
3918,AD,OC,149139
3918,AD,SC,194760
3918,AM,BC,227394
3918,AM,MBC,241498
3918,AM,OC,187887
3918,AM,SC,252835
3918,CE,BC,231465
3918,CE,OC,239744
3918,CS,BC,234492
3918,CS,MBC,199724
3918,CS,OC,129690
3918,CS,SC,216084
3918,EC,BC,225603
3918,EC,MBC,227635
3918,EC,OC,172529
3918,EC,SC,225064
3918,EC,SCA,189214
3918,EE,BC,235736
3918,EE,OC,242302
3918,IT,BC,170844
3918,IT,MBC,222204
3918,IT,OC,122815
3918,IT,SC,230449
3918,ME,BC,235742
3918,ME,MBC,251367
3918,ME,OC,242031
3918,ME,SC,235356
3918,SC,BC,235939
3918,SC,MBC,215092
3918,SC,OC,174605
3918,SC,SC,251108
3920,AD,BC,247089
3920,AD,MBC,242184
3920,AD,OC,207217
3920,AD,SC,245246
3920,AM,OC,225016
3920,CE,BC,230132
3920,CE,OC,232471
3920,CE,SC,230830
3920,CS,BC,243217
3920,CS,MBC,244179
3920,CS,OC,169896
3920,CS,SC,245118
3920,CS,SCA,216075
3920,EC,BC,230303
3920,EC,MBC,223346
3920,EC,OC,172020
3920,EC,SC,227861
3920,EE,BC,175424
3920,EE,MBC,167458
3920,EE,OC,225349
3920,IT,BC,233701
3920,IT,MBC,214724
3920,IT,OC,186425
3920,IT,SC,233375
3920,ME,OC,243712
3920,SC,OC,238101
3923,AD,OC,195985
3923,AG,OC,187868
3923,CS,OC,213934
3923,EC,OC,220316
3926,AD,BC,239536
3926,AD,MBC,238502
3926,AD,OC,227989
3926,AD,SC,237604
3926,AD,SCA,237766
3926,CE,BC,236522
3926,CE,MBC,220624
3926,CE,OC,205145
3926,CE,SC,248856
3926,CS,BC,235139
3926,CS,MBC,240188
3926,CS,OC,207861
3926,CS,SC,246406
3926,EC,BC,248552
3926,EC,MBC,176531
3926,EC,OC,248688
3926,EC,SC,152588
3926,EC,SCA,142503
3926,EE,OC,244770
3926,IT,BC,229583
3926,IT,MBC,232723
3926,IT,OC,227480
3926,IT,SC,239036
3926,ME,BC,234379
3926,ME,MBC,238549
3926,ME,OC,236129
3926,ME,SC,236707
4020,AD,BC,53927
4020,AD,MBC,60918
4020,AD,OC,31032
4020,AD,SC,95152
4020,AD,SCA,135615
4020,CS,BC,45536
4020,CS,MBC,45766
4020,CS,OC,26650
4020,CS,SC,59265
4020,CS,SCA,71285
4020,CS,ST,228587
4020,EC,BC,56184
4020,EC,MBC,64646
4020,EC,OC,35082
4020,EC,SC,80584
4020,EC,SCA,163147
4020,EC,ST,98340
4020,GI,BC,109277
4020,GI,MBC,113803
4020,GI,OC,77789
4020,GI,SC,149034
4020,GI,SCA,148722
4020,GI,ST,126133
4020,ME,BC,100603
4020,ME,MBC,123214
4020,ME,OC,68974
4020,ME,SC,154468
4020,ME,SCA,244635
4020,ME,ST,183228
4023,CE,BC,169933
4023,CE,MBC,193048
4023,CE,OC,110450
4023,CE,SC,205665
4023,CS,BC,61286
4023,CS,MBC,95306
4023,CS,OC,43199
4023,CS,SC,127477
4023,CS,SCA,239381
4023,CS,ST,195068
4023,EC,BC,76867
4023,EC,MBC,116468
4023,EC,OC,55832
4023,EC,SC,171240
4023,EC,SCA,202898
4023,EE,BC,120935
4023,EE,MBC,127392
4023,EE,OC,82769
4023,EE,SC,170382
4023,IT,BC,79943
4023,IT,MBC,88021
4023,IT,OC,62491
4023,IT,SC,168088
4023,IT,SCA,81147
4023,ME,BC,145037
4023,ME,MBC,167745
4023,ME,OC,119260
4023,ME,SC,216246
4023,XC,BC,237585
4023,XC,MBC,215042
4023,XC,OC,141730
4023,XC,SC,162560
4023,XM,BC,237215
4023,XM,MBC,238704
4023,XM,OC,191203
4023,XM,SC,230723
4024,CE,BC,214162
4024,CE,MBC,184139
4024,CE,OC,123634
4024,CE,SC,229540
4024,CS,BC,69350
4024,CS,MBC,79255
4024,CS,OC,43309
4024,CS,SC,117067
4024,EC,BC,75281
4024,EC,MBC,122871
4024,EC,OC,58393
4024,EC,SC,164994
4024,EC,SCA,200665
4024,EE,BC,124814
4024,EE,MBC,159323
4024,EE,OC,79349
4024,EE,SC,201579
4024,EE,SCA,111452
4024,ME,BC,166495
4024,ME,MBC,176429
4024,ME,OC,110816
4024,ME,SC,160577
4024,XC,BC,247544
4024,XC,MBC,227861
4024,XC,OC,131545
4024,XC,SC,216273
4024,XM,BC,214030
4024,XM,MBC,214021
4024,XM,OC,216501
4669,AD,BC,227120
4669,AD,MBC,224088
4669,AD,OC,204854
4669,CE,OC,239315
4669,CS,BC,246713
4669,CS,MBC,238711
4669,CS,OC,179367
4669,CS,SC,218084
4669,EC,BC,242227
4669,EC,MBC,241997
4669,EC,OC,202747
4669,EC,SC,165245
4669,EE,MBC,150737
4669,EE,OC,247277
4669,EE,SC,156240
4669,IT,OC,235504
4669,ME,BC,155019
4669,ME,MBC,148853
4669,ME,OC,246721
4669,ME,SC,155760
4669,SC,BC,233709
4669,SC,OC,238409
4670,AD,BC,142660
4670,AD,MBC,221591
4670,AD,OC,100565
4670,AD,SC,93391
4670,AG,BC,230839
4670,AG,MBC,212241
4670,AG,OC,188157
4670,AG,SC,187952
4670,AM,BC,116051
4670,AM,MBC,177976
4670,AM,OC,99650
4670,AM,SC,177615
4670,BM,BC,161606
4670,BM,MBC,213995
4670,BM,OC,141334
4670,BM,SC,165024
4670,CE,BC,230284
4670,CE,MBC,241964
4670,CE,OC,156095
4670,CE,SC,182519
4670,CE,SCA,187678
4670,CS,BC,119661
4670,CS,MBC,198644
4670,CS,OC,80813
4670,CS,SC,184937
4670,CS,SCA,205794
4670,EC,BC,100069
4670,EC,MBC,173699
4670,EC,OC,81566
4670,EC,SC,236144
4670,EE,BC,136504
4670,EE,MBC,201334
4670,EE,OC,123767
4670,EE,SC,175919
4670,EE,SCA,162512
4670,ME,BC,188844
4670,ME,MBC,237354
4670,ME,OC,142289
4670,ME,SC,211902
4672,AD,BC,253604
4672,AD,MBC,256523
4672,AD,OC,166900
4672,AD,SC,231505
4672,CE,BC,247783
4672,CE,MBC,245261
4672,CE,OC,228808
4672,CS,BC,222023
4672,CS,MBC,246158
4672,CS,OC,137847
4672,CS,SC,242236
4672,CS,SCA,141208
4672,EC,BC,191762
4672,EC,MBC,238376
4672,EC,OC,147644
4672,EC,SC,156965
4672,EC,SCA,141761
4672,EE,BC,242808
4672,EE,MBC,238572
4672,EE,OC,197613
4672,EE,SC,242181
4672,EE,SCA,139888
4672,ME,BC,228227
4672,ME,MBC,239810
4672,ME,OC,185278
4672,ME,SC,224857
4675,AD,BC,228604
4675,AD,MBC,218373
4675,AD,OC,146390
4675,CB,OC,189404
4675,CE,OC,226018
4675,CS,BC,240099
4675,CS,MBC,246913
4675,CS,OC,196415
4675,CS,SC,187717
4675,EC,BC,208365
4675,EC,MBC,153977
4675,EC,OC,244400
4675,EC,SC,172142
4675,EC,SCA,150097
4675,EE,OC,241354
4675,ME,OC,245001
4676,AD,BC,172611
4676,AD,MBC,236881
4676,AD,OC,115067
4676,AD,SC,221181
4676,CS,BC,238836
4676,CS,MBC,239052
4676,CS,OC,128925
4676,CS,SC,235645
4676,CS,SCA,209116
4676,EC,BC,229679
4676,EC,MBC,238192
4676,EC,OC,133868
4676,EC,SC,185777
4676,EC,SCA,183942
4676,EE,BC,199113
4676,EE,MBC,244596
4676,EE,OC,197253
4676,EE,SC,213895
4676,ME,BC,251942
4676,ME,MBC,239531
4676,ME,OC,189338
4677,AD,BC,257914
4677,AD,MBC,247511
4677,AD,OC,234709
4677,AD,SC,247280
4677,CS,BC,201526
4677,CS,MBC,188238
4677,CS,OC,145890
4677,CS,SC,224094
4677,EC,BC,206418
4677,EC,MBC,192370
4677,EC,OC,163405
4677,EE,BC,251433
4677,EE,OC,229077
4677,IT,BC,251317
4677,IT,MBC,191805
4677,IT,OC,227400
4677,ME,OC,173782
4678,AD,BC,195504
4678,AD,MBC,114014
4678,AD,OC,68215
4678,AD,SC,206715
4678,AD,SCA,150369
4678,AM,BC,115888
4678,AM,MBC,123841
4678,AM,OC,91141
4678,AM,SC,219629
4678,CB,BC,152171
4678,CB,MBC,141048
4678,CB,OC,103879
4678,CB,SC,242086
4678,CE,BC,238725
4678,CE,MBC,170093
4678,CE,OC,113709
4678,CE,SC,209327
4678,CE,SCA,129067
4678,CS,BC,97548
4678,CS,MBC,110632
4678,CS,OC,60435
4678,CS,SC,203202
4678,CS,SCA,87311
4678,CS,ST,120015
4678,EC,BC,109709
4678,EC,MBC,109417
4678,EC,OC,63351
4678,EC,SC,212802
4678,EC,SCA,211911
4678,EE,BC,133359
4678,EE,MBC,140288
4678,EE,OC,106934
4678,EE,SC,233500
4678,EE,SCA,153422
4678,IT,BC,113324
4678,IT,MBC,101610
4678,IT,OC,73553
4678,IT,SC,195789
4678,ME,BC,205483
4678,ME,MBC,160242
4678,ME,OC,115814
4678,ME,SC,190565
4680,AD,BC,144145
4680,AD,MBC,149140
4680,AD,OC,94827
4680,AD,SC,239628
4680,AD,SCA,189418
4680,CE,BC,217660
4680,CE,MBC,224828
4680,CE,OC,168040
4680,CE,SC,228448
4680,CS,BC,194171
4680,CS,MBC,164215
4680,CS,OC,100247
4680,CS,SC,231323
4680,CS,SCA,153794
4680,EC,BC,137339
4680,EC,MBC,145749
4680,EC,OC,78972
4680,EC,SC,145326
4680,EC,SCA,140842
4680,EE,BC,156454
4680,EE,MBC,210405
4680,EE,OC,152817
4680,EE,SC,234110
4680,EE,SCA,159025
4680,IT,BC,147717
4680,IT,MBC,157926
4680,IT,OC,106259
4680,IT,SC,214541
4680,IT,SCA,196141
4680,ME,BC,213072
4680,ME,MBC,207308
4680,ME,OC,177920
4680,ME,SC,238945
4680,ME,SCA,225266
4680,SC,BC,145394
4680,SC,MBC,145568
4680,SC,OC,97583
4680,SC,SC,236637
4680,SC,SCA,187932
4686,AD,BC,234651
4686,AD,MBC,208225
4686,AD,OC,213269
4686,CE,OC,148145
4686,CS,BC,239883
4686,CS,MBC,237809
4686,CS,OC,230060
4686,CS,SC,176236
4686,EC,OC,242851
4686,IT,OC,220586
4686,ME,OC,198677
4864,AD,BC,187059
4864,AD,MBC,237290
4864,AD,OC,148305
4864,AD,SC,154769
4864,CE,BC,237447
4864,CE,OC,241760
4864,CS,BC,190325
4864,CS,MBC,244243
4864,CS,OC,109409
4864,CS,SC,239325
4864,CS,SCA,215289
4864,EC,BC,197062
4864,EC,MBC,244858
4864,EC,OC,140462
4864,EC,SC,248554
4864,EE,BC,233294
4864,EE,MBC,220800
4864,EE,OC,209395
4864,ME,BC,191790
4864,ME,MBC,154616
4864,ME,OC,247289
4864,ME,SC,174716
4917,AD,BC,124602
4917,AD,MBC,168142
4917,AD,OC,99569
4917,AD,SC,241485
4917,AD,SCA,193210
4917,AG,BC,194989
4917,AG,MBC,228997
4917,AG,OC,149433
4917,AG,SC,215179
4917,AM,BC,138102
4917,AM,MBC,173028
4917,AM,OC,105785
4917,AM,SC,130097
4917,AM,SCA,215530
4917,BM,BC,163763
4917,BM,MBC,210850
4917,BM,OC,128423
4917,BM,SC,230606
4917,BT,BC,156221
4917,BT,MBC,210897
4917,BT,OC,148224
4917,BT,SC,173762
4917,CB,BC,149198
4917,CB,MBC,186710
4917,CB,OC,128987
4917,CB,SC,156517
4917,CD,BC,148905
4917,CD,MBC,190276
4917,CD,OC,130685
4917,CE,BC,163726
4917,CE,MBC,187868
4917,CE,OC,133757
4917,CE,SC,225180
4917,CH,OC,154328
4917,CI,BC,150247
4917,CI,MBC,175348
4917,CI,OC,140498
4917,CI,SC,154662
4917,CS,BC,123832
4917,CS,MBC,139453
4917,CS,OC,82710
4917,CS,SC,235256
4917,CS,SCA,185521
4917,EC,BC,136478
4917,EC,MBC,170655
4917,EC,OC,101775
4917,EC,SC,243781
4917,EC,SCA,235253
4917,EE,BC,159051
4917,EE,MBC,211553
4917,EE,OC,142084
4917,EE,SC,174116
4917,EE,ST,154682
4917,IT,BC,123420
4917,IT,MBC,156516
4917,IT,OC,97995
4917,IT,SC,238182
4917,IT,SCA,224293
4917,ME,BC,186643
4917,ME,MBC,192773
4917,ME,OC,150285
4917,ME,SC,216286
4917,SC,BC,136165
4917,SC,MBC,142074
4917,SC,OC,102003
4917,SC,SC,238684
4925,AD,OC,248685
4925,AU,OC,196136
4925,CH,OC,40055
4925,CS,OC,257586
4925,FD,OC,195960
4925,IT,OC,233003
4925,MD,OC,230157
4925,PC,OC,250508
4925,PH,OC,205270
4927,AD,OC,208709
4927,AM,OC,238929
4927,AU,OC,163729
4927,CE,OC,151689
4927,CS,BC,210944
4927,CS,MBC,154839
4927,CS,OC,233905
4927,CS,SC,153687
4927,EC,OC,250096
4927,EE,OC,222934
4927,IT,OC,162410
4927,ME,OC,119639
4928,AD,BC,231193
4928,AD,MBC,231134
4928,AD,OC,149795
4928,AD,SC,227739
4928,CE,OC,245023
4928,CS,BC,177757
4928,CS,MBC,243782
4928,CS,OC,147081
4928,CS,SC,222099
4928,EC,BC,194716
4928,EC,MBC,134607
4928,EC,OC,148959
4928,EC,SC,165547
4928,EE,BC,238659
4928,EE,OC,201022
4928,ME,BC,209340
4928,ME,MBC,229926
4928,ME,OC,187012
4929,AD,OC,222122
4929,CE,OC,238671
4929,CS,BC,150100
4929,CS,MBC,151673
4929,CS,OC,239708
4929,CS,SC,152123
4929,EC,BC,154375
4929,EC,OC,189852
4929,EC,SC,153416
4929,EE,OC,180708
4929,ME,OC,178690
4931,AD,BC,244446
4931,AD,MBC,245133
4931,AD,OC,163332
4931,AD,SC,243828
4931,AD,ST,166204
4931,CE,OC,236482
4931,CS,BC,244601
4931,CS,MBC,229622
4931,CS,OC,137356
4931,CS,SC,213351
4931,CS,ST,207364
4931,EC,BC,237249
4931,EC,MBC,219834
4931,EC,OC,164968
4931,EC,SC,217565
4931,EE,BC,240032
4931,EE,MBC,238905
4931,EE,OC,212171
4931,EE,SC,153281
4931,ME,BC,222160
4931,ME,MBC,230133
4931,ME,OC,191738
4932,AD,OC,212264
4932,BM,OC,232212
4932,CS,OC,146166
4932,EC,OC,194264
4932,IT,OC,53533
4933,AD,BC,254829
4933,AD,MBC,218494
4933,AD,OC,227484
4933,AD,SC,258994
4933,AD,SCA,239826
4933,CS,BC,246712
4933,CS,MBC,233434
4933,CS,OC,218932
4933,CS,SC,238486
4933,CS,SCA,242887
4933,EC,BC,243625
4933,EC,MBC,165393
4933,EC,OC,214499
4933,EC,SC,248798
4933,EC,SCA,175538
4933,EE,BC,225939
4933,EE,MBC,243128
4933,EE,OC,193125
4933,EE,SC,215790
4933,ME,BC,193905
4933,ME,OC,244644
4933,ME,SC,191845
4934,AD,BC,213129
4934,AD,MBC,187231
4934,AD,OC,174689
4934,AD,SC,241844
4934,BM,BC,247977
4934,BM,MBC,241746
4934,BM,OC,204220
4934,BM,SC,242754
4934,BM,SCA,169987
4934,CS,BC,225317
4934,CS,MBC,195689
4934,CS,OC,190223
4934,CS,SC,236093
4934,CS,SCA,208165
4934,EC,BC,246710
4934,EC,MBC,211187
4934,EC,OC,216699
4934,EC,SC,248573
4934,EC,SCA,190303
4934,EE,BC,247330
4934,EE,MBC,237903
4934,EE,OC,193598
4934,EE,SC,241129
4934,IT,BC,221651
4934,IT,MBC,231296
4934,IT,OC,116804
4934,IT,SC,143358
4934,IT,SCA,235707
4934,ME,BC,247455
4934,ME,MBC,248580
4934,ME,OC,244762
4934,ME,SC,248666
4938,AD,OC,239718
4938,AG,OC,226909
4938,CS,BC,194962
4938,CS,MBC,194525
4938,CS,OC,239020
4938,EE,OC,137225
4941,AD,BC,237059
4941,AD,MBC,210759
4941,AD,OC,185300
4941,AD,SC,214914
4941,AD,SCA,202844
4941,CS,BC,233222
4941,CS,MBC,231518
4941,CS,OC,163333
4941,CS,SC,195552
4941,CS,SCA,209599
4941,EC,BC,246607
4941,EC,MBC,247848
4941,EC,OC,220846
4941,EC,SC,247854
4941,EC,SCA,230761
4941,EE,OC,246972
4941,ME,OC,189708
4941,SC,BC,236464
4941,SC,MBC,232915
4941,SC,OC,211320
4941,SC,SC,231083
4941,SC,SCA,229914
4943,AE,OC,232746
4943,CE,OC,235402
4943,CS,BC,243541
4943,CS,MBC,247753
4943,CS,OC,215875
4943,EC,OC,247749
4943,EE,OC,243256
4943,ME,OC,234795
4944,AD,BC,224562
4944,AD,MBC,241491
4944,AD,OC,139082
4944,AD,SC,250820
4944,AD,SCA,154040
4944,CE,BC,215321
4944,CE,OC,196704
4944,CS,BC,185124
4944,CS,MBC,242072
4944,CS,OC,105811
4944,CS,SC,249099
4944,EC,BC,234434
4944,EC,MBC,206972
4944,EC,OC,126669
4944,EC,SC,182980
4944,EC,ST,110189
4944,EE,BC,245895
4944,EE,OC,216688
4944,EE,SC,150024
4944,IT,BC,231363
4944,IT,MBC,204759
4944,IT,OC,184473
4944,IT,SC,250256
4946,AD,BC,241663
4946,AD,MBC,221549
4946,AD,OC,161721
4946,AD,SC,212780
4946,CE,OC,136559
4946,CS,BC,222814
4946,CS,MBC,245196
4946,CS,OC,156830
4946,CS,SC,235634
4946,CS,ST,190073
4946,EC,BC,237441
4946,EC,MBC,214681
4946,EC,OC,205396
4946,EE,BC,232911
4946,EE,MBC,236407
4946,EE,OC,213794
4946,IT,BC,234863
4946,IT,MBC,235690
4946,IT,OC,155503
4946,IT,SC,212477
4946,ME,BC,248327
4946,ME,MBC,226036
4946,ME,OC,186646
4946,ME,SC,235757
4948,CS,OC,152292
4948,FT,OC,142750
4949,AD,BC,237597
4949,AD,MBC,232903
4949,AD,OC,185253
4949,AD,SC,228595
4949,AD,SCA,211721
4949,CE,BC,239019
4949,CE,OC,222845
4949,CS,BC,232889
4949,CS,MBC,246093
4949,CS,OC,165395
4949,CS,SC,240715
4949,CS,SCA,231724
4949,EC,BC,245112
4949,EC,MBC,248200
4949,EC,OC,225910
4949,EC,SC,191720
4949,EE,OC,245048
4949,IN,OC,202157
4949,IT,BC,203387
4949,IT,MBC,237454
4949,IT,OC,166138
4949,IT,SC,235148
4949,IT,SCA,237830
4949,ME,BC,247973
4949,ME,MBC,233618
4949,ME,OC,236854
4949,ME,SC,234257
4949,MU,OC,170970
4949,MZ,OC,235020
4952,AD,BC,195800
4952,AD,MBC,196546
4952,AD,OC,246144
4952,AD,SC,196876
4952,AM,OC,252976
4952,CE,OC,159711
4952,CS,BC,195740
4952,CS,OC,247697
4952,CS,SC,191578
4952,EC,BC,152433
4952,EC,OC,234409
4952,EE,OC,229051
4952,IT,OC,245462
4952,ME,OC,203732
4953,AM,BC,238048
4953,AM,MBC,158530
4953,AM,OC,238918
4953,AM,SC,163524
4953,AM,SCA,170193
4953,CE,OC,176709
4953,CS,BC,247607
4953,CS,MBC,211510
4953,CS,OC,244278
4953,CS,SC,225262
4953,EC,BC,172594
4953,EC,OC,246765
4953,EE,OC,215538
4953,IT,BC,183602
4953,IT,MBC,155855
4953,IT,OC,221052
4953,ME,OC,238947
4954,AD,BC,119871
4954,AD,MBC,158332
4954,AD,OC,71987
4954,AD,SC,240771
4954,CE,BC,221396
4954,CE,MBC,137384
4954,CE,OC,198451
4954,CE,SC,234667
4954,CS,BC,114232
4954,CS,MBC,150069
4954,CS,OC,62605
4954,CS,SC,200050
4954,EC,BC,118366
4954,EC,MBC,114845
4954,EC,OC,83636
4954,EC,SC,236060
4954,EE,BC,133188
4954,EE,MBC,167096
4954,EE,OC,128394
4954,EE,SC,215440
4954,IT,BC,126961
4954,IT,MBC,181882
4954,IT,OC,95075
4954,IT,SC,239124
4954,IT,SCA,164335
4954,ME,BC,237949
4954,ME,MBC,232152
4954,ME,OC,192135
4954,ME,SC,217167
4954,ME,SCA,219054
4955,AD,BC,130116
4955,AD,MBC,148196
4955,AD,OC,80095
4955,AD,SC,211115
4955,AD,SCA,48468
4955,AD,ST,217345
4955,AM,BC,101886
4955,AM,MBC,109519
4955,AM,OC,70834
4955,AM,SC,162535
4955,CB,BC,92227
4955,CB,MBC,125287
4955,CB,OC,75553
4955,CB,SC,160977
4955,CE,BC,164785
4955,CE,MBC,148569
4955,CE,OC,124041
4955,CE,SC,186125
4955,CS,BC,93138
4955,CS,MBC,144906
4955,CS,OC,52941
4955,CS,SC,237862
4955,CS,SCA,98138
4955,CS,ST,232595
4955,EC,BC,132422
4955,EC,MBC,160428
4955,EC,OC,76453
4955,EC,SC,178720
4955,EC,SCA,113766
4955,EE,BC,148482
4955,EE,MBC,167845
4955,EE,OC,105544
4955,EE,SC,235266
4955,IT,BC,113118
4955,IT,MBC,154607
4955,IT,OC,89039
4955,IT,SC,226886
4955,IT,SCA,103414
4955,ME,BC,211092
4955,ME,MBC,186965
4955,ME,OC,121458
4955,ME,SC,210629
4956,CE,OC,33886
4956,CS,BC,170957
4956,CS,MBC,139603
4956,CS,OC,168482
4956,EC,OC,163941
4956,EE,OC,171672
4956,IC,OC,244152
4957,AD,BC,203086
4957,AD,MBC,235187
4957,AD,OC,150591
4957,AD,SC,248500
4957,CS,BC,221522
4957,CS,MBC,240417
4957,CS,OC,151180
4957,CS,SC,235438
4957,CS,SCA,135624
4957,EC,BC,216267
4957,EC,MBC,240842
4957,EC,OC,201053
4957,EC,SC,220328
4957,IT,BC,222918
4957,IT,MBC,230090
4957,IT,OC,182984
4957,IT,SC,245344
4957,IT,SCA,99408
4957,ME,BC,236645
4957,ME,MBC,169114
4957,ME,OC,221908
4957,ME,SC,246448
4959,AD,BC,99259
4959,AD,MBC,128307
4959,AD,OC,68817
4959,AD,SC,240955
4959,AD,SCA,182951
4959,BT,BC,159222
4959,BT,MBC,179616
4959,BT,OC,113044
4959,BT,SC,236335
4959,CE,BC,110615
4959,CE,MBC,228064
4959,CE,OC,95914
4959,CE,SC,213526
4959,CS,BC,94735
4959,CS,MBC,88076
4959,CS,OC,51779
4959,CS,SC,225839
4959,CS,SCA,227789
4959,CS,ST,230607
4959,EC,BC,98620
4959,EC,MBC,107123
4959,EC,OC,73438
4959,EC,SC,179587
4959,EC,SCA,146782
4959,EE,BC,126856
4959,EE,MBC,162253
4959,EE,OC,109685
4959,EE,SC,122930
4959,IT,BC,96507
4959,IT,MBC,127136
4959,IT,OC,74323
4959,IT,SC,239313
4959,IT,SCA,226611
4959,ME,BC,131254
4959,ME,MBC,163815
4959,ME,OC,108938
4959,ME,SC,244951
4959,MZ,BC,143696
4959,MZ,MBC,158247
4959,MZ,OC,111351
4959,MZ,SC,221964
4960,AD,BC,61255
4960,AD,MBC,60599
4960,AD,OC,36288
4960,AD,SC,166379
4960,AD,SCA,242371
4960,BM,BC,235169
4960,BM,MBC,143590
4960,BM,OC,92843
4960,BM,SC,239357
4960,BT,BC,134443
4960,BT,MBC,121470
4960,BT,OC,58801
4960,BT,SC,202651
4960,BT,SCA,148455
4960,CE,BC,155365
4960,CE,MBC,151744
4960,CE,OC,81619
4960,CE,SC,218935
4960,CE,SCA,148949
4960,CS,BC,37284
4960,CS,MBC,51974
4960,CS,OC,24451
4960,CS,SC,140626
4960,CS,SCA,141552
4960,EC,BC,43539
4960,EC,MBC,50442
4960,EC,OC,29406
4960,EC,SC,152155
4960,EC,SCA,191002
4960,EE,BC,66782
4960,EE,MBC,100504
4960,EE,OC,51147
4960,EE,SC,178942
4960,EE,SCA,192960
4960,EE,ST,220787
4960,IT,BC,49250
4960,IT,MBC,64973
4960,IT,OC,35632
4960,IT,SC,177591
4960,IT,SCA,66715
4960,ME,BC,97441
4960,ME,MBC,139828
4960,ME,OC,72823
4960,ME,SC,214712
4960,ME,SCA,128930
4960,ME,ST,138669
4961,AD,OC,143620
4961,CE,OC,191502
4961,CS,BC,189239
4961,CS,OC,228990
4961,CS,SC,170479
4961,EC,BC,140418
4961,EC,OC,245908
4961,EE,OC,244506
4961,ME,OC,245352
4961,SC,OC,175582
4962,AD,BC,36291
4962,AD,MBC,47567
4962,AD,OC,26542
4962,AD,SC,128300
4962,AD,SCA,116957
4962,CE,BC,108168
4962,CE,MBC,129942
4962,CE,OC,64515
4962,CE,SC,214134
4962,CS,BC,32566
4962,CS,MBC,33621
4962,CS,OC,17346
4962,CS,SC,101689
4962,CS,SCA,77681
4962,EC,BC,34317
4962,EC,MBC,52342
4962,EC,OC,23766
4962,EC,SC,136068
4962,EC,SCA,233555
4962,EC,ST,179794
4962,EE,BC,43926
4962,EE,MBC,67826
4962,EE,OC,36428
4962,EE,SC,144252
4962,IT,BC,33794
4962,IT,MBC,49446
4962,IT,OC,23601
4962,IT,SC,123861
4962,IT,SCA,135445
4962,ME,BC,76056
4962,ME,MBC,127109
4962,ME,OC,57450
4962,ME,SC,234699
4962,ME,SCA,234868
4964,AD,BC,243499
4964,AD,MBC,218643
4964,AD,OC,164172
4964,AD,SC,199793
4964,AE,BC,247281
4964,AE,MBC,243152
4964,AE,OC,232509
4964,AE,SC,248495
4964,AE,SCA,235211
4964,AM,BC,236218
4964,AM,MBC,253766
4964,AM,OC,193873
4964,AM,SC,226557
4964,BM,OC,237749
4964,CE,OC,241480
4964,CS,BC,218859
4964,CS,MBC,235482
4964,CS,OC,134752
4964,CS,SC,215957
4964,CS,SCA,230602
4964,EC,BC,246677
4964,EC,MBC,245667
4964,EC,OC,193371
4964,EC,SC,233288
4964,EE,BC,244798
4964,EE,MBC,248191
4964,EE,OC,224221
4964,EE,SC,176425
4964,ME,BC,249115
4964,ME,MBC,239252
4964,ME,OC,236497
4964,ME,SC,244349
4964,MR,OC,117278
4964,MU,OC,246570
4965,AD,BC,124200
4965,AD,MBC,140010
4965,AD,OC,99307
4965,AD,SC,245230
4965,AD,SCA,105246
4965,BM,BC,241527
4965,BM,MBC,209370
4965,BM,OC,161732
4965,BM,SC,246336
4965,BT,BC,190877
4965,BT,MBC,184616
4965,BT,OC,138370
4965,BT,SC,240568
4965,BT,SCA,236481
4965,CE,BC,185717
4965,CE,MBC,226168
4965,CE,OC,150702
4965,CE,SC,250743
4965,CS,BC,125993
4965,CS,MBC,146808
4965,CS,OC,80481
4965,CS,SC,244269
4965,CS,SCA,188950
4965,EC,BC,162371
4965,EC,MBC,149639
4965,EC,OC,103298
4965,EC,SC,239287
4965,EC,SCA,213598
4965,EE,BC,233412
4965,EE,MBC,191847
4965,EE,OC,144891
4965,EE,SC,213385
4965,EE,SCA,202391
4965,IT,BC,138751
4965,IT,MBC,150920
4965,IT,OC,108345
4965,IT,SC,237593
4965,ME,BC,232019
4965,ME,MBC,225847
4965,ME,OC,182556
4965,ME,SC,226746
4966,AD,BC,218941
4966,AD,MBC,211689
4966,AD,OC,129127
4966,AD,SC,251778
4966,CE,BC,239185
4966,CE,OC,245003
4966,CS,BC,219426
4966,CS,MBC,233394
4966,CS,OC,158254
4966,CS,SC,248753
4966,EC,BC,224712
4966,EC,MBC,233607
4966,EC,OC,140684
4966,EC,SC,225926
4966,EE,BC,235988
4966,EE,MBC,195840
4966,EE,OC,190762
4966,EE,SC,151842
4966,ME,BC,236800
4966,ME,MBC,238503
4966,ME,OC,195594
4966,ME,SC,227193
4967,AD,OC,212504
4967,CE,OC,205232
4967,CS,BC,210727
4967,CS,MBC,184422
4967,CS,OC,237188
4967,CS,SC,200308
4967,CS,SCA,197063
4967,EC,BC,191197
4967,EC,MBC,174986
4967,EC,OC,204525
4967,EC,SC,189760
4967,EE,OC,228662
4967,IT,OC,182736
4967,IT,SC,176414
4967,ME,OC,239544
4967,SC,MBC,195641
4967,SC,OC,199102
4968,AD,BC,246926
4968,AD,MBC,185546
4968,AD,OC,243094
4968,AD,SC,238290
4968,CE,OC,155396
4968,CS,BC,242714
4968,CS,MBC,208708
4968,CS,OC,183013
4968,CS,SC,244947
4968,EC,BC,234256
4968,EC,MBC,218112
4968,EC,OC,213912
4968,EC,SC,237141
4968,EE,BC,237906
4968,EE,OC,233463
4968,ME,OC,238796
4968,SC,OC,239100
4969,AD,BC,257995
4969,AD,MBC,235993
4969,AD,OC,217752
4969,AD,SC,178130
4969,CE,OC,212072
4969,CS,BC,240832
4969,CS,MBC,242012
4969,CS,OC,164977
4969,CS,SC,241069
4969,CS,SCA,209527
4969,EC,BC,233807
4969,EC,MBC,214538
4969,EC,OC,154693
4969,EC,SC,203474
4969,EE,BC,209157
4969,EE,MBC,208475
4969,EE,OC,248262
4969,EE,SC,195387
4969,IT,BC,228092
4969,IT,OC,183899
4969,ME,OC,242479
4970,AD,BC,238312
4970,AD,MBC,217483
4970,AD,OC,201744
4970,CE,BC,237800
4970,CE,MBC,236758
4970,CE,OC,226209
4970,CS,BC,183909
4970,CS,MBC,233075
4970,CS,OC,140618
4970,CS,SC,226893
4970,CS,SCA,224373
4970,EC,BC,245289
4970,EC,MBC,242182
4970,EC,OC,184532
4970,EC,SC,200758
4970,EE,OC,243911
4970,ME,MBC,237909
4970,ME,OC,245048
4971,AD,BC,128478
4971,AD,MBC,227480
4971,AD,OC,71724
4971,AD,SC,251823
4971,AD,SCA,174418
4971,CE,BC,142857
4971,CE,MBC,130082
4971,CE,OC,110355
4971,CS,BC,83481
4971,CS,MBC,155768
4971,CS,OC,45437
4971,CS,SC,220632
4971,CS,SCA,168567
4971,EC,BC,103431
4971,EC,MBC,183557
4971,EC,OC,53762
4971,EC,SC,197713
4971,EE,BC,142635
4971,EE,MBC,158804
4971,EE,OC,107711
4971,EE,SC,171304
4971,IT,BC,95726
4971,IT,MBC,223294
4971,IT,OC,79885
4971,IT,SC,226999
4971,ME,BC,216843
4971,ME,MBC,234984
4971,ME,OC,165892
4971,ME,SC,229080
4971,SC,BC,94446
4971,SC,MBC,186618
4971,SC,OC,65558
4971,SC,SC,153033
4971,SC,ST,188325
4972,AD,BC,133553
4972,AD,MBC,144520
4972,AD,OC,46366
4972,AD,SC,139752
4972,CE,BC,162987
4972,CE,MBC,143953
4972,CE,OC,152063
4972,CS,BC,166297
4972,CS,MBC,145571
4972,CS,OC,53828
4972,CS,SC,161576
4972,EC,BC,135615
4972,EC,MBC,125894
4972,EC,OC,77714
4972,EC,SC,66106
4972,EE,BC,147915
4972,EE,OC,111982
4972,ME,BC,143231
4972,ME,OC,149908
4974,CE,BC,57882
4974,CE,MBC,56799
4974,CE,OC,40959
4974,CE,SC,103464
4974,CE,SCA,148916
4974,CE,ST,228442
4974,CS,BC,12069
4974,CS,MBC,15519
4974,CS,OC,8250
4974,CS,SC,32196
4974,CS,SCA,87906
4974,CS,ST,62510
4974,EC,BC,17029
4974,EC,MBC,24681
4974,EC,OC,13160
4974,EC,SC,41136
4974,EC,SCA,111243
4974,EC,ST,58571
4974,EE,BC,24985
4974,EE,MBC,33302
4974,EE,OC,18719
4974,EE,SC,59073
4974,EE,SCA,145752
4974,EE,ST,71392
4974,EI,BC,39021
4974,EI,MBC,47385
4974,EI,OC,26221
4974,EI,SC,98685
4974,EI,SCA,125307
4974,IB,BC,78646
4974,IB,MBC,72802
4974,IB,OC,48003
4974,IB,SC,101978
4974,IB,SCA,190400
4974,ME,BC,60942
4974,ME,MBC,69896
4974,ME,OC,42094
4974,ME,SC,102294
4974,ME,SCA,203393
4974,ME,ST,234837
4975,CE,OC,244913
4975,CS,BC,248203
4975,CS,MBC,243358
4975,CS,OC,171449
4975,CS,SC,243750
4975,CS,SCA,191432
4975,EC,BC,245607
4975,EC,MBC,241402
4975,EC,OC,164970
4975,EC,SC,245950
4975,EC,SCA,152340
4975,EE,BC,247337
4975,EE,MBC,184261
4975,EE,OC,243679
4975,EE,SC,176465
4975,ME,BC,236235
4975,ME,OC,235647
4976,AD,OC,227842
4976,AE,OC,242884
4976,AE,SC,176633
4976,AG,OC,243440
4976,CS,BC,239078
4976,CS,MBC,221240
4976,CS,OC,218148
4976,CS,SC,243307
4976,EC,OC,233843
4976,EE,OC,230949
4976,EE,SC,233847
4976,ME,OC,190256
4977,AD,BC,258472
4977,AD,MBC,208430
4977,AD,OC,261341
4977,CE,OC,237850
4977,CS,OC,243568
4977,EC,OC,236669
4977,EE,OC,226700
4977,IT,BC,171007
4977,IT,OC,256790
4977,IT,SC,177527
4977,ME,OC,226535
4978,AE,BC,235059
4978,AE,MBC,238315
4978,AE,OC,242512
4978,AG,OC,239679
4978,AM,BC,238740
4978,AM,MBC,235152
4978,AM,OC,218864
4978,BM,BC,208350
4978,BM,OC,245940
4978,BM,SC,153792
4978,BT,BC,154802
4978,BT,OC,246686
4978,BT,SC,155268
4978,CE,OC,158084
4978,CS,BC,223529
4978,CS,MBC,242378
4978,CS,OC,204042
4978,CS,SC,215706
4978,EC,OC,246976
4978,EE,OC,245963
4978,ME,OC,247983
4978,RM,OC,186805
4978,SC,BC,236402
4978,SC,MBC,225108
4978,SC,OC,216616
4979,AD,OC,182611
4979,CS,BC,161320
4979,CS,MBC,154109
4979,CS,OC,207310
4979,CS,SC,164088
4979,CS,SCA,163358
4979,EC,OC,82226
4979,IT,OC,204891
4980,AD,BC,217402
4980,AD,MBC,180069
4980,AD,OC,116273
4980,AD,SC,208202
4980,CE,BC,219074
4980,CE,OC,187402
4980,CS,BC,207980
4980,CS,MBC,244581
4980,CS,OC,133661
4980,CS,SC,243510
4980,CS,SCA,168764
4980,EC,BC,189806
4980,EC,MBC,231950
4980,EC,OC,140969
4980,EC,SC,61624
4980,EE,BC,221916
4980,EE,MBC,197848
4980,EE,OC,186330
4980,EE,SC,250110
4980,ME,BC,238953
4980,ME,OC,228914
4980,ME,SC,228865
4981,AD,BC,153498
4981,AD,MBC,246187
4981,AD,OC,135271
4981,AD,SC,148200
4981,AM,BC,167156
4981,AM,MBC,237491
4981,AM,OC,139956
4981,AM,SC,187987
4981,CE,BC,245529
4981,CE,OC,217422
4981,CE,SC,238388
4981,CS,BC,150780
4981,CS,MBC,209447
4981,CS,OC,99512
4981,CS,SC,201967
4981,EC,BC,166342
4981,EC,MBC,232362
4981,EC,OC,105187
4981,EC,SC,185333
4981,EC,SCA,156351
4981,EE,BC,223160
4981,EE,MBC,234973
4981,EE,OC,176056
4981,IT,BC,155963
4981,IT,MBC,201075
4981,IT,OC,133149
4981,IT,SC,219035
4981,ME,BC,223925
4981,ME,MBC,230619
4981,ME,OC,184837
4982,AD,OC,231318
4982,AM,OC,200600
4982,CE,OC,153558
4982,CS,BC,225366
4982,CS,MBC,201342
4982,CS,OC,209544
4982,CS,SC,223198
4982,CS,SCA,194114
4982,EC,OC,231525
4982,EE,OC,101681
4982,IT,OC,211757
4982,ME,OC,235011
4982,SC,OC,196004
4983,AE,OC,260489
4983,AG,OC,249505
4983,CE,OC,144455
4983,CS,BC,176564
4983,CS,OC,245986
4983,EC,OC,245984
4983,ME,OC,207031
4983,RM,OC,227297
4984,AD,OC,247327
4984,CE,OC,166285
4984,CS,BC,197593
4984,CS,OC,240031
4984,EC,OC,244080
4984,EE,OC,233948
4984,IT,BC,153223
4984,IT,OC,247291
4984,ME,OC,245776
4986,AD,OC,226408
4986,CS,BC,237972
4986,CS,OC,241047
4986,EC,OC,147724
4986,EE,OC,160395
4986,IT,OC,157368
4986,ME,OC,238630
4989,AD,BC,196792
4989,AD,MBC,210680
4989,AD,OC,125876
4989,AD,SC,237905
4989,AG,BC,141398
4989,AG,OC,238164
4989,AG,SC,193285
4989,AU,OC,236110
4989,BM,BC,238502
4989,BM,MBC,231990
4989,BM,OC,248254
4989,CE,OC,247709
4989,CS,BC,210609
4989,CS,MBC,239869
4989,CS,OC,176868
4989,CS,SC,243864
4989,EC,BC,247996
4989,EC,MBC,250246
4989,EC,OC,211378
4989,EC,SCA,203400
4989,IT,BC,247301
4989,IT,MBC,245073
4989,IT,OC,207007
4989,IT,SC,236421
4989,ME,OC,248563
4992,AM,BC,250934
4992,AM,MBC,243638
4992,AM,OC,190098
4992,AM,SC,228947
4992,AU,OC,130372
4992,BM,OC,232564
4992,CE,BC,231814
4992,CE,OC,222102
4992,CS,BC,244381
4992,CS,MBC,238924
4992,CS,OC,191423
4992,CS,SC,244035
4992,EC,BC,246867
4992,EC,MBC,173900
4992,EC,OC,193250
4992,EC,SC,198046
4992,EC,ST,224283
4992,EE,OC,212793
4992,IT,BC,241831
4992,IT,MBC,153827
4992,IT,OC,233265
4992,IT,SC,173278
4992,ME,BC,237685
4992,ME,OC,241927
4993,AD,BC,242108
4993,AD,MBC,220642
4993,AD,OC,195277
4993,AG,MBC,173762
4993,AG,OC,203817
4993,AM,BC,243628
4993,AM,MBC,238361
4993,AM,OC,224769
4993,BM,BC,208444
4993,BM,MBC,212590
4993,BM,OC,232719
4993,BM,SC,145827
4993,CS,BC,246165
4993,CS,MBC,236273
4993,CS,OC,198636
4993,EC,BC,238794
4993,EC,MBC,246097
4993,EC,OC,215933
4993,EC,SC,221260
4993,EE,OC,243755
4993,IT,BC,246094
4993,IT,MBC,241863
4993,IT,OC,235093
4993,IT,SC,239552
4993,ME,BC,238202
4993,ME,OC,242201
4994,AD,BC,245533
4994,AD,MBC,250074
4994,AD,OC,162930
4994,AD,SC,249372
4994,AD,SCA,193849
4994,CE,BC,243616
4994,CE,MBC,248565
4994,CE,OC,213665
4994,CE,SC,249522
4994,CS,BC,216069
4994,CS,MBC,238947
4994,CS,OC,153702
4994,CS,SC,241477
4994,CS,SCA,171746
4994,EC,BC,244657
4994,EC,MBC,237100
4994,EC,OC,182924
4994,EC,SC,245120
4994,EE,BC,236804
4994,EE,OC,219272
4994,IT,BC,220029
4994,IT,MBC,247774
4994,IT,OC,158388
4994,IT,SC,229858
4994,IT,SCA,113585
4994,ME,BC,243824
4994,ME,MBC,245198
4994,ME,OC,231193
4994,ME,SC,152329
4995,AD,BC,180849
4995,AD,MBC,195891
4995,AD,OC,140517
4995,AD,SC,162379
4995,CS,BC,153945
4995,CS,MBC,195763
4995,CS,OC,133226
4995,CS,SC,193863
4995,CS,SCA,141443
4995,EC,BC,204255
4995,EC,MBC,200101
4995,EC,OC,162214
4995,EC,SC,219068
4995,EE,BC,170313
4995,EE,MBC,158783
4995,EE,OC,211046
4996,AD,BC,248269
4996,AD,MBC,250606
4996,AD,OC,239807
4996,AD,SC,192401
4996,CB,OC,213217
4996,CE,OC,210299
4996,CS,BC,212311
4996,CS,MBC,199280
4996,CS,OC,241585
4996,CS,SC,216766
4996,CS,SCA,232614
4996,EC,BC,162760
4996,EC,MBC,158115
4996,EC,OC,235878
4996,EC,SC,161912
4996,EE,BC,172680
4996,EE,MBC,171722
4996,EE,OC,181239
4996,EE,SC,175859
4996,ME,BC,176513
4996,ME,OC,204082
4998,CS,OC,214639
4998,EC,OC,127225
4999,AD,BC,239219
4999,AD,MBC,241372
4999,AD,OC,176984
4999,AD,SC,250595
4999,AD,SCA,228193
4999,BM,BC,235138
4999,BM,OC,233408
4999,CE,OC,151932
4999,CS,BC,232445
4999,CS,MBC,244099
4999,CS,OC,149395
4999,CS,SC,230666
4999,CS,SCA,229874
4999,EC,BC,245948
4999,EC,MBC,242483
4999,EC,OC,180407
4999,EC,SC,252733
4999,ME,OC,241165
5008,CE,BC,12557
5008,CE,MBC,23904
5008,CE,OC,12228
5008,CE,SC,50726
5008,CE,SCA,61993
5008,CE,ST,83570
5008,CG,BC,6532
5008,CG,MBC,5983
5008,CG,OC,4659
5008,CG,SC,42536
5008,CG,SCA,28772
5008,CG,ST,57950
5008,CM,BC,4983
5008,CM,MBC,5124
5008,CM,OC,3252
5008,CM,SC,23728
5008,CM,SCA,54290
5008,CM,ST,29461
5008,CN,BC,27606
5008,CN,MBC,34628
5008,CN,OC,23653
5008,CN,SC,60574
5008,CN,SCA,88138
5008,CN,ST,150913
5008,CS,BC,2218
5008,CS,MBC,3977
5008,CS,OC,1581
5008,CS,SC,16180
5008,CS,SCA,40909
5008,CS,ST,50259
5008,CW,BC,14815
5008,CW,MBC,13028
5008,CW,OC,8026
5008,CW,SC,43058
5008,CW,SCA,60845
5008,CW,ST,126506
5008,EC,BC,4074
5008,EC,MBC,4127
5008,EC,OC,2079
5008,EC,SC,16088
5008,EC,SCA,39253
5008,EC,ST,32730
5008,EE,BC,8813
5008,EE,MBC,9833
5008,EE,OC,4951
5008,EE,SC,27742
5008,EE,SCA,78175
5008,EE,ST,57595
5008,EM,BC,7751
5008,EM,MBC,7036
5008,EM,OC,4179
5008,EM,SC,32003
5008,EM,SCA,45105
5008,EM,ST,9001
5008,EY,BC,14511
5008,EY,MBC,12385
5008,EY,OC,7663
5008,EY,SC,56474
5008,EY,SCA,98927
5008,ID,BC,55595
5008,ID,MBC,41852
5008,ID,OC,28487
5008,ID,SC,113060
5008,ID,SCA,131713
5008,ID,ST,201059
5008,IM,BC,9601
5008,IM,MBC,9641
5008,IM,OC,5807
5008,IM,SC,37944
5008,IM,SCA,59120
5008,IM,ST,53453
5008,ME,BC,21539
5008,ME,MBC,19082
5008,ME,OC,11676
5008,ME,SC,39101
5008,ME,SCA,46042
5008,ME,ST,81873
5008,MF,BC,22311
5008,MF,MBC,32223
5008,MF,OC,17571
5008,MF,SC,70006
5008,MF,SCA,87099
5008,MF,ST,108282
5008,MG,BC,15823
5008,MG,MBC,22890
5008,MG,OC,11297
5008,MG,SC,66997
5008,MG,SCA,80033
5008,MG,ST,132483
5009,CE,BC,121101
5009,CE,MBC,112811
5009,CE,OC,69897
5009,CE,SC,142456
5009,CE,SCA,160687
5009,CE,ST,143425
5009,CF,BC,53584
5009,CF,MBC,58922
5009,CF,OC,40513
5009,CF,SC,90909
5009,CF,SCA,113140
5009,CF,ST,177832
5009,CS,BC,47785
5009,CS,MBC,50573
5009,CS,OC,34016
5009,CS,SC,76594
5009,CS,SCA,154645
5009,CS,ST,147988
5009,EC,BC,52554
5009,EC,MBC,61114
5009,EC,OC,40801
5009,EC,SC,88691
5009,EC,SCA,151056
5009,EC,ST,233826
5009,EE,BC,73886
5009,EE,MBC,74121
5009,EE,OC,69813
5009,EE,SC,102850
5009,EE,SCA,168939
5009,EE,ST,80429
5009,ME,BC,118406
5009,ME,MBC,112703
5009,ME,OC,92827
5009,ME,SC,146914
5009,ME,SCA,136457
5010,AM,BC,46719
5010,AM,MBC,49343
5010,AM,OC,31686
5010,AM,SC,83596
5010,AM,SCA,49329
5010,CE,BC,123034
5010,CE,MBC,135511
5010,CE,OC,75457
5010,CE,SC,161945
5010,CE,SCA,148152
5010,CE,ST,107587
5010,CS,BC,44581
5010,CS,MBC,43546
5010,CS,OC,25580
5010,CS,SC,81977
5010,CS,SCA,61911
5010,CS,ST,105279
5010,EC,BC,47295
5010,EC,MBC,47892
5010,EC,OC,36681
5010,EC,SC,85705
5010,EC,SCA,59698
5010,EC,ST,103139
5010,EE,BC,70932
5010,EE,MBC,81638
5010,EE,OC,54288
5010,EE,SC,126095
5010,EE,SCA,202371
5010,ME,BC,102037
5010,ME,MBC,117070
5010,ME,OC,71136
5010,ME,SC,170022
5010,ME,SCA,183921
5010,ME,ST,184681
5012,CC,BC,6356
5012,CC,MBC,3613
5012,CC,OC,2524
5012,CC,SC,12098
5012,CC,SCA,81494
5012,CC,ST,45854
5017,CE,BC,212486
5017,CE,MBC,187972
5017,CE,OC,134763
5017,CE,SC,219947
5017,CS,BC,110274
5017,CS,MBC,113323
5017,CS,OC,73107
5017,CS,SC,160713
5017,CS,SCA,210667
5017,EC,BC,133249
5017,EC,MBC,126412
5017,EC,OC,110007
5017,EC,SC,184357
5017,EC,ST,214410
5017,EF,BC,168815
5017,EF,MBC,159409
5017,EF,OC,137490
5017,EF,SC,183007
5017,ME,BC,210989
5017,ME,MBC,184888
5017,ME,OC,153840
5017,ME,SC,222543
5017,ME,SCA,239262
5017,XC,BC,243846
5017,XC,MBC,233976
5017,XC,OC,175542
5017,XC,SC,224107
5017,XC,SCA,198996
5017,XM,BC,221212
5017,XM,OC,218578
5017,XM,SC,229033
5022,CE,BC,187068
5022,CE,MBC,145196
5022,CE,OC,126226
5022,CE,SC,177557
5022,CS,BC,91415
5022,CS,MBC,97931
5022,CS,OC,62823
5022,CS,SC,132516
5022,CS,SCA,116874
5022,CS,ST,150982
5022,EC,BC,108601
5022,EC,MBC,110890
5022,EC,OC,70972
5022,EC,SC,159590
5022,EC,SCA,224977
5022,EE,BC,137635
5022,EE,MBC,138944
5022,EE,OC,98964
5022,EE,SC,189573
5022,EE,SCA,173995
5022,EE,ST,197471
5022,ME,BC,151091
5022,ME,MBC,154662
5022,ME,OC,135860
5022,ME,SC,190623
5022,XC,BC,241847
5022,XC,MBC,188741
5022,XC,OC,143899
5022,XC,SC,189977
5022,XC,SCA,196369
5022,XM,BC,203999
5022,XM,MBC,238676
5022,XM,OC,197907
5022,XM,SC,236974
5502,AD,BC,223661
5502,AD,MBC,246384
5502,AD,OC,166882
5502,AG,BC,54640
5502,AG,OC,210116
5502,CE,BC,238966
5502,CE,MBC,199731
5502,CE,OC,201212
5502,CS,BC,245883
5502,CS,MBC,244491
5502,CS,OC,179655
5502,CS,SC,245057
5502,CS,SCA,235380
5502,EC,BC,245446
5502,EC,MBC,211172
5502,EC,OC,222579
5502,EE,BC,248302
5502,EE,OC,223917
5502,ME,BC,244779
5502,ME,OC,233387
5530,AD,BC,118702
5530,AD,MBC,161921
5530,AD,OC,82773
5530,AD,SC,191647
5530,AD,SCA,134544
5530,AD,ST,107401
5530,AM,BC,170412
5530,AM,MBC,179229
5530,AM,OC,124727
5530,AM,SC,253796
5530,AM,SCA,217562
5530,AU,OC,155560
5530,CB,BC,165536
5530,CB,MBC,223339
5530,CB,OC,153453
5530,CB,SC,239835
5530,CE,BC,221515
5530,CE,MBC,248173
5530,CE,OC,184107
5530,CE,SC,241593
5530,CS,BC,77540
5530,CS,MBC,159767
5530,CS,OC,63894
5530,CS,SC,177490
5530,CS,SCA,237297
5530,EC,BC,119435
5530,EC,MBC,135950
5530,EC,OC,88475
5530,EC,SC,199895
5530,EC,SCA,179151
5530,EE,BC,207542
5530,EE,MBC,212589
5530,EE,OC,162937
5530,EE,SC,233321
5530,EE,SCA,169153
5530,IT,BC,120985
5530,IT,MBC,143604
5530,IT,OC,91756
5530,IT,SC,226960
5530,IT,SCA,203879
5530,ME,BC,211833
5530,ME,MBC,201739
5530,ME,OC,139869
5530,ME,SC,205602
5530,SC,BC,143820
5530,SC,MBC,182704
5530,SC,OC,110701
5530,SC,SC,251029
5530,SC,SCA,228475
5532,CE,OC,236939
5532,CS,BC,225991
5532,CS,MBC,241153
5532,CS,OC,187816
5532,CS,SC,185987
5532,CS,SCA,190852
5532,CS,ST,183272
5532,EC,BC,171338
5532,EC,MBC,202080
5532,EC,OC,257549
5532,EE,BC,154429
5532,EE,MBC,140824
5532,EE,OC,244755
5532,ME,OC,245456
5533,AD,OC,230210
5533,CE,OC,140979
5533,CS,BC,174347
5533,CS,MBC,168384
5533,CS,OC,247191
5533,CS,SC,217696
5533,EC,OC,61797
5533,EE,OC,55848
5533,FT,OC,180180
5533,ME,OC,200958
5536,AG,BC,247099
5536,AG,MBC,188745
5536,AG,OC,181492
5536,AG,SC,240397
5536,AG,SCA,241146
5536,AM,BC,247053
5536,AM,MBC,208757
5536,AM,OC,113555
5536,AM,SC,158844
5536,AM,SCA,110250
5536,CS,BC,148051
5536,CS,MBC,235421
5536,CS,OC,124497
5536,CS,SC,175705
5536,CS,SCA,252161
5536,EC,BC,188169
5536,EC,MBC,252915
5536,EC,OC,146805
5536,EC,SC,242757
5536,EC,SCA,237134
5536,EE,BC,227858
5536,EE,MBC,236726
5536,EE,OC,162238
5536,EE,SC,245578
5536,EE,SCA,243086
5536,EV,BC,197299
5536,EV,OC,175939
5536,EV,SC,217555
5536,IT,BC,169352
5536,IT,MBC,225349
5536,IT,OC,137681
5536,IT,SC,183546
5536,IT,SCA,153778
5536,ME,BC,246772
5536,ME,MBC,208252
5536,ME,OC,227079
5536,ME,SC,236284
5536,ME,SCA,147733
5537,CS,OC,195212
5545,AD,BC,212668
5545,AD,MBC,208933
5545,AD,OC,191943
5545,AD,SC,198542
5545,AM,OC,225348
5545,CS,BC,235388
5545,CS,MBC,224338
5545,CS,OC,197930
5545,CS,SC,216501
5545,EC,OC,233220
5545,IT,OC,234738
5546,AM,OC,227948
5546,CF,OC,190138
5546,CS,OC,219100
5546,ME,OC,215635
5703,AD,BC,204013
5703,AD,MBC,234428
5703,AD,OC,174147
5703,AD,SC,223166
5703,AD,SCA,188343
5703,AD,ST,225612
5703,AG,BC,238753
5703,AG,MBC,233469
5703,AG,OC,219407
5703,AG,SC,238776
5703,AM,BC,232558
5703,AM,OC,211229
5703,AM,SC,231644
5703,CE,OC,226402
5703,CS,BC,215852
5703,CS,MBC,233730
5703,CS,OC,169762
5703,CS,SC,228005
5703,CS,SCA,203239
5703,EC,BC,237128
5703,EC,MBC,236476
5703,EC,OC,173777
5703,EC,SC,216879
5703,EC,SCA,205973
5703,EE,OC,244322
5703,IT,BC,247150
5703,IT,MBC,235956
5703,IT,OC,210614
5703,IT,SC,245119
5703,IT,SCA,243516
5703,ME,OC,237635
5703,ME,SC,239083
5832,AD,BC,191041
5832,AD,MBC,235031
5832,AD,OC,133140
5832,AD,SC,214206
5832,AD,SCA,227440
5832,AM,BC,178653
5832,AM,MBC,255444
5832,AM,OC,151867
5832,AM,SC,229097
5832,CE,BC,244224
5832,CE,MBC,189346
5832,CE,OC,169127
5832,CE,SC,242365
5832,CS,BC,170249
5832,CS,MBC,198243
5832,CS,OC,112677
5832,CS,SC,226299
5832,CS,SCA,211256
5832,EC,BC,209284
5832,EC,MBC,223472
5832,EC,OC,147983
5832,EC,SC,205997
5832,EC,SCA,156119
5832,EE,BC,234665
5832,EE,MBC,222654
5832,EE,OC,194612
5832,EE,SC,207728
5832,IT,BC,174929
5832,IT,MBC,240668
5832,IT,OC,135454
5832,IT,SC,223602
5832,ME,BC,230170
5832,ME,MBC,229881
5832,ME,OC,204165
5832,ME,SC,247466
5832,SC,BC,187124
5832,SC,MBC,227105
5832,SC,OC,155901
5832,SC,SC,214768
5842,AD,BC,132472
5842,AD,MBC,165598
5842,AD,OC,90874
5842,AD,SC,224372
5842,AD,SCA,153613
5842,AM,BC,132932
5842,AM,MBC,206445
5842,AM,OC,97637
5842,AM,SC,179198
5842,CE,BC,199053
5842,CE,MBC,227985
5842,CE,OC,140238
5842,CE,SC,181700
5842,CS,BC,77947
5842,CS,MBC,131618
5842,CS,OC,63232
5842,CS,SC,201381
5842,EC,BC,120533
5842,EC,MBC,223138
5842,EC,OC,79517
5842,EC,SC,259064
5842,EE,BC,138608
5842,EE,MBC,227407
5842,EE,OC,114357
5842,EE,SC,210887
5842,IT,BC,122614
5842,IT,MBC,180934
5842,IT,OC,86018
5842,IT,SC,242015
5842,ME,BC,191446
5842,ME,MBC,214844
5842,ME,OC,145961
5842,SC,BC,123735
5842,SC,MBC,135441
5842,SC,OC,89064
5842,SC,SC,231834
5851,AD,OC,232746
5851,CE,OC,238152
5851,CS,OC,235738
5851,CS,SCA,234292
5851,EC,OC,246310
5851,EE,OC,227976
5851,IT,OC,238790
5851,SC,OC,225360
5862,AE,OC,204497
5862,AE,SC,151108
5862,AG,BC,246481
5862,AG,MBC,156008
5862,AG,OC,232915
5862,AG,SC,248704
5862,AU,OC,237966
5862,BM,BC,244021
5862,BM,MBC,229214
5862,BM,OC,156672
5862,BM,SC,218285
5862,BM,SCA,211583
5862,BM,ST,221692
5862,CB,OC,240994
5862,CB,SC,174495
5862,CE,OC,124530
5862,CS,BC,231349
5862,CS,MBC,236682
5862,CS,OC,186039
5862,CS,SC,242059
5862,CS,SCA,135610
5862,ME,OC,246992
5862,SC,BC,234884
5862,SC,MBC,245951
5862,SC,OC,220959
5862,SC,SC,240379
5862,SC,SCA,192279
5865,AD,BC,168399
5865,AD,MBC,167443
5865,AD,OC,121329
5865,AD,SC,208162
5865,AD,SCA,105766
5865,CE,BC,245733
5865,CE,MBC,235967
5865,CE,OC,217837
5865,CS,BC,149631
5865,CS,MBC,132632
5865,CS,OC,87708
5865,CS,SC,177990
5865,CS,SCA,127748
5865,EC,BC,149338
5865,EC,MBC,171845
5865,EC,OC,118480
5865,EC,SC,156002
5865,EC,SCA,188088
5865,EE,BC,242143
5865,EE,MBC,233556
5865,EE,OC,179680
5865,EE,SC,215551
5865,IT,BC,164482
5865,IT,MBC,173607
5865,IT,OC,127979
5865,IT,SC,228051
5865,IT,SCA,196306
5865,ME,BC,244062
5865,ME,MBC,250812
5865,ME,OC,206121
5901,CE,BC,64921
5901,CE,MBC,39626
5901,CE,OC,28288
5901,CE,SC,65178
5901,CE,SCA,84400
5901,CE,ST,74700
5901,CS,BC,10497
5901,CS,MBC,8519
5901,CS,OC,6155
5901,CS,SC,31194
5901,CS,SCA,45089
5901,CS,ST,138436
5901,EC,BC,12355
5901,EC,MBC,12089
5901,EC,OC,9275
5901,EC,SC,35471
5901,EC,SCA,34493
5901,EC,ST,28191
5901,EE,BC,22345
5901,EE,MBC,21215
5901,EE,OC,16047
5901,EE,SC,61855
5901,EE,SCA,76971
5901,EE,ST,61147
5901,IT,BC,14505
5901,IT,MBC,13912
5901,IT,OC,10344
5901,IT,SC,37321
5901,IT,SCA,35120
5901,ME,BC,55539
5901,ME,MBC,55117
5901,ME,OC,28896
5901,ME,SC,88840
5901,ME,SCA,128551
5901,ME,ST,152057
5902,AD,BC,235304
5902,AD,MBC,246420
5902,AD,OC,220865
5902,AD,SC,232213
5902,AD,SCA,218722
5902,AG,OC,286175
5902,CE,OC,249325
5902,CS,BC,239742
5902,CS,MBC,241896
5902,CS,OC,193975
5902,CS,SC,241791
5902,CS,SCA,245191
5902,EC,BC,217092
5902,EC,MBC,209486
5902,EC,OC,246337
5902,EC,SC,188560
5902,EC,SCA,173833
5902,EE,MBC,194815
5902,EE,OC,235322
5902,EE,SC,182100
5902,IT,BC,236813
5902,IT,MBC,233484
5902,IT,OC,233861
5902,IT,SC,240016
5902,IT,SCA,260294
5902,ME,BC,149306
5902,ME,MBC,221626
5902,ME,OC,239744
5902,ME,SC,200440
5902,ME,SCA,173279
5904,AD,BC,122524
5904,AD,MBC,157392
5904,AD,OC,71616
5904,AD,SC,241004
5904,CI,BC,144695
5904,CI,MBC,239859
5904,CI,OC,125354
5904,CS,BC,74748
5904,CS,MBC,160651
5904,CS,OC,53133
5904,CS,SC,213099
5904,CS,SCA,166694
5904,EC,BC,109710
5904,EC,MBC,182224
5904,EC,OC,91404
5904,EC,SC,164421
5904,EC,SCA,191040
5904,EE,BC,239426
5904,EE,MBC,183386
5904,EE,OC,142213
5904,EE,SC,171014
5904,EE,SCA,119216
5904,IT,BC,121997
5904,IT,MBC,189436
5904,IT,OC,82769
5904,IT,SC,230518
5904,IT,SCA,161515
5904,ME,BC,208901
5904,ME,MBC,181727
5904,ME,OC,161244
5904,SC,BC,121715
5904,SC,MBC,162575
5904,SC,OC,101370
5904,SC,SC,243783
5907,AD,BC,140631
5907,AD,MBC,165567
5907,AD,OC,65700
5907,AD,SC,241378
5907,AD,SCA,149747
5907,AE,BC,203594
5907,AE,OC,193122
5907,AE,SC,154911
5907,AG,BC,246799
5907,AG,MBC,140160
5907,AG,OC,198719
5907,AG,SC,134345
5907,AM,BC,146998
5907,AM,MBC,89086
5907,AM,OC,86634
5907,AM,SC,200999
5907,CB,BC,224804
5907,CB,MBC,234584
5907,CB,OC,139869
5907,CB,SC,176332
5907,CB,SCA,171021
5907,CE,BC,240397
5907,CE,MBC,138905
5907,CE,OC,95306
5907,CE,SC,211598
5907,CH,BC,246957
5907,CH,MBC,184511
5907,CH,OC,157973
5907,CS,BC,178505
5907,CS,MBC,199906
5907,CS,OC,92704
5907,CS,SC,216324
5907,CS,SCA,124766
5907,EC,BC,219882
5907,EC,MBC,209740
5907,EC,OC,141862
5907,EC,SC,197942
5907,EC,SCA,172592
5907,EE,BC,238897
5907,EE,MBC,242818
5907,EE,OC,175488
5907,EE,SC,245227
5907,IT,BC,213085
5907,IT,MBC,240842
5907,IT,OC,126597
5907,IT,SC,234493
5907,ME,BC,242688
5907,ME,MBC,188356
5907,ME,OC,173455
5907,ME,SC,211217
5907,MR,BC,107417
5907,MR,MBC,101754
5907,MR,OC,34083
5907,MR,SC,100595
5907,SC,BC,235786
5907,SC,MBC,209352
5907,SC,OC,88990
5907,SC,SC,231298
5910,AD,BC,43041
5910,AD,MBC,69969
5910,AD,OC,28085
5910,AD,SC,201914
5910,AD,SCA,195772
5910,AM,BC,39817
5910,AM,MBC,70007
5910,AM,OC,37417
5910,AM,SC,215254
5910,AM,SCA,205156
5910,BM,BC,98630
5910,BM,MBC,134077
5910,BM,OC,71451
5910,BM,SC,222153
5910,BM,SCA,79281
5910,CB,BC,50757
5910,CB,MBC,80647
5910,CB,OC,42928
5910,CB,SC,210286
5910,CB,SCA,162412
5910,CE,BC,106601
5910,CE,MBC,134755
5910,CE,OC,66607
5910,CE,SC,167501
5910,CE,SCA,182155
5910,CS,BC,37004
5910,CS,MBC,70152
5910,CS,OC,29562
5910,CS,SC,165069
5910,CS,SCA,238930
5910,CS,ST,237343
5910,EC,BC,40636
5910,EC,MBC,64295
5910,EC,OC,33461
5910,EC,SC,149072
5910,EC,SCA,224594
5910,EE,BC,59157
5910,EE,MBC,90356
5910,EE,OC,51967
5910,EE,SC,192134
5910,EV,BC,72589
5910,EV,MBC,66354
5910,EV,OC,49016
5910,EV,SC,239789
5910,IT,BC,48985
5910,IT,MBC,71272
5910,IT,OC,38338
5910,IT,SC,180673
5910,IT,SCA,233142
5910,ME,BC,92121
5910,ME,MBC,132514
5910,ME,OC,73869
5910,ME,SC,224999
5910,ME,SCA,171092
5910,SC,BC,54423
5910,SC,MBC,73517
5910,SC,OC,39301
5910,SC,SC,168731
5911,AD,OC,243683
5911,BM,OC,217479
5911,CB,OC,236435
5911,CE,OC,188057
5911,CS,BC,188376
5911,CS,OC,216103
5911,CS,SC,197054
5911,EC,OC,244937
5911,EE,OC,226948
5911,ME,OC,198244
5911,SC,OC,227830
5912,AD,BC,216734
5912,AD,MBC,207487
5912,AD,OC,169882
5912,AD,SC,145015
5912,AM,BC,246355
5912,AM,MBC,221370
5912,AM,OC,202036
5912,CE,BC,259249
5912,CE,OC,213956
5912,CS,BC,234495
5912,CS,MBC,236938
5912,CS,OC,199190
5912,CS,SC,246780
5912,CS,SCA,185369
5912,EC,BC,235785
5912,EC,MBC,159331
5912,EC,OC,175269
5912,EC,SC,232114
5912,EE,BC,246553
5912,EE,MBC,253723
5912,EE,OC,245996
5912,IT,BC,243872
5912,IT,MBC,245620
5912,IT,OC,152451
5912,IT,SC,249543
5912,ME,BC,243209
5912,ME,MBC,168927
5912,ME,OC,238316
5912,SC,BC,236867
5912,SC,OC,236970
5912,SC,SC,236119
5913,AD,BC,215603
5913,AD,MBC,247986
5913,AD,OC,127871
5913,AD,SC,246814
5913,AD,SCA,146039
5913,CE,OC,239524
5913,CH,OC,218331
5913,CO,OC,235052
5913,CS,BC,241269
5913,CS,MBC,247199
5913,CS,OC,161027
5913,CS,SC,246937
5913,CS,SCA,195515
5913,EC,BC,239841
5913,EC,MBC,240981
5913,EC,OC,177397
5913,EC,SC,244851
5913,EC,SCA,203781
5913,EE,BC,250589
5913,EE,OC,240674
5913,EE,SC,153334
5913,FT,OC,213894
5913,IT,BC,248851
5913,IT,MBC,244188
5913,IT,OC,171137
5913,IT,SC,244427
5913,IT,SCA,185465
5913,ME,OC,245704
5913,PC,OC,228514
5913,PD,OC,136234
5913,TX,OC,237275
5914,AD,BC,208072
5914,AD,MBC,248504
5914,AD,OC,152630
5914,AD,SC,235942
5914,AD,SCA,108691
5914,AM,BC,237331
5914,AM,OC,202905
5914,AM,SC,222579
5914,CB,BC,219575
5914,CB,MBC,185811
5914,CB,OC,156028
5914,CB,SC,193135
5914,CB,SCA,238302
5914,CE,BC,247414
5914,CE,OC,237767
5914,CE,SC,249649
5914,CS,BC,226172
5914,CS,MBC,243108
5914,CS,OC,189732
5914,CS,SC,229394
5914,CS,SCA,154048
5914,EC,BC,247266
5914,EC,MBC,237086
5914,EC,OC,179113
5914,EC,SC,239037
5914,EE,BC,238588
5914,EE,MBC,225280
5914,EE,OC,184756
5914,EE,SC,187017
5914,EV,OC,216100
5914,ME,BC,222717
5914,ME,MBC,221690
5914,ME,OC,179640
5914,ME,SC,228484
5915,AD,BC,155639
5915,AD,MBC,209172
5915,AD,OC,122211
5915,AD,SC,197384
5915,CE,OC,246618
5915,CS,BC,216959
5915,CS,MBC,227025
5915,CS,OC,144246
5915,CS,SC,210397
5915,CS,SCA,200087
5915,EC,BC,225853
5915,EC,MBC,234793
5915,EC,OC,173179
5915,EC,SC,218564
5915,EC,SCA,238022
5915,EE,BC,247348
5915,EE,MBC,230133
5915,EE,OC,205263
5915,EE,SC,248404
5915,EE,SCA,237477
5915,IT,BC,215341
5915,IT,MBC,204164
5915,IT,OC,155929
5915,IT,SC,209490
5915,IT,SCA,190024
5915,ME,BC,197065
5915,ME,OC,245111
5915,ME,SC,197531
5919,AM,BC,215113
5919,AM,MBC,221312
5919,AM,OC,186854
5919,AM,SC,233166
5919,BM,BC,225549
5919,BM,OC,212760
5919,BM,SC,225094
5919,BT,BC,247676
5919,BT,MBC,237360
5919,BT,OC,189516
5919,BT,SC,241458
5919,CH,MBC,153640
5919,CH,OC,239301
5919,CS,BC,243171
5919,CS,MBC,241471
5919,CS,OC,184199
5919,CS,SC,248419
5919,CS,SCA,143858
5919,EC,BC,152836
5919,EC,MBC,140060
5919,EC,OC,243559
5919,EC,SC,138023
5919,EC,SCA,144729
5919,EE,BC,248316
5919,EE,MBC,223154
5919,EE,OC,225543
5919,EE,SC,234043
5919,EE,SCA,146823
5919,ME,OC,221554
5921,AD,BC,125903
5921,AD,MBC,237447
5921,AD,OC,67600
5921,AD,SC,188216
5921,BM,BC,242866
5921,BM,OC,145121
5921,BM,SC,182039
5921,CB,BC,201355
5921,CB,MBC,238216
5921,CB,OC,136196
5921,CE,BC,237025
5921,CE,OC,201537
5921,CE,SC,228643
5921,CS,BC,152177
5921,CS,MBC,237792
5921,CS,OC,71920
5921,CS,SC,232158
5921,CS,SCA,200563
5921,EC,BC,116680
5921,EC,MBC,169435
5921,EC,OC,50179
5921,EC,SC,170216
5921,EE,BC,256222
5921,EE,MBC,223944
5921,EE,OC,164282
5921,EE,SC,213190
5921,IT,BC,163492
5921,IT,MBC,231307
5921,IT,OC,108603
5921,IT,SC,228812
5921,ME,BC,239267
5921,ME,MBC,244829
5921,ME,OC,171599
5921,ME,SC,230918
5924,AD,OC,195074
5924,CE,OC,197236
5924,CS,OC,196531
5924,EC,OC,145669
5924,EE,OC,115749
5924,IT,OC,59068
5924,ME,OC,125860
5930,AD,BC,231859
5930,AD,MBC,204431
5930,AD,OC,197684
5930,AD,SC,236332
5930,BM,OC,208257
5930,CE,OC,247634
5930,CS,BC,246467
5930,CS,MBC,245692
5930,CS,OC,199104
5930,CS,SC,244392
5930,CS,SCA,247885
5930,EC,BC,248460
5930,EC,MBC,247657
5930,EC,OC,226421
5930,EC,SC,175700
5930,EC,SCA,233733
5930,EE,OC,242811
5930,IT,BC,256323
5930,IT,MBC,196385
5930,IT,OC,210615
5930,IT,SC,250333
5930,ME,OC,245604
5935,AM,BC,220572
5935,AM,MBC,219557
5935,AM,OC,160725
5935,AM,SC,232297
5935,AM,SCA,172250
5935,AU,BC,176737
5935,AU,OC,200823
5935,CE,BC,233952
5935,CE,MBC,215035
5935,CE,OC,186598
5935,CE,SC,228552
5935,CS,BC,204687
5935,CS,MBC,223131
5935,CS,OC,138441
5935,CS,SC,230980
5935,CS,SCA,218998
5935,EC,BC,224478
5935,EC,MBC,242123
5935,EC,OC,150370
5935,EC,SC,241775
5935,EC,SCA,128136
5935,EE,BC,237636
5935,EE,MBC,246269
5935,EE,OC,234881
5935,EE,SC,247887
5935,ME,BC,228395
5935,ME,OC,214159
5935,ME,SC,230820
5935,SC,BC,221772
5935,SC,MBC,177041
5935,SC,OC,160516
5935,SC,SC,238461
5935,SC,SCA,184314
5942,AD,BC,236988
5942,AD,MBC,237733
5942,AD,OC,225400
5942,AD,SC,232751
5942,CE,OC,243567
5942,CS,BC,243984
5942,CS,MBC,200632
5942,CS,OC,191128
5942,CS,SC,242675
5942,EC,OC,240558
5942,EE,OC,233171
5942,IT,BC,210576
5942,IT,MBC,246720
5942,IT,OC,254368
5942,IT,SC,159597
5942,ME,OC,236131
5986,AD,BC,45180
5986,AD,MBC,62516
5986,AD,OC,35126
5986,AD,SC,206705
5986,AD,SCA,185997
5986,CE,BC,102399
5986,CE,MBC,136015
5986,CE,OC,77618
5986,CE,SC,236695
5986,CE,SCA,174798
5986,CS,BC,25488
5986,CS,MBC,42563
5986,CS,OC,16654
5986,CS,SC,145987
5986,CS,SCA,142300
5986,EC,BC,39789
5986,EC,MBC,50406
5986,EC,OC,29081
5986,EC,SC,162919
5986,EC,SCA,222577
5986,EC,ST,134305
5986,EE,BC,62199
5986,EE,MBC,83270
5986,EE,OC,48179
5986,EE,SC,232930
5986,EV,BC,66867
5986,EV,MBC,110298
5986,EV,OC,52771
5986,EV,SC,186162
5986,IT,BC,57019
5986,IT,MBC,61002
5986,IT,OC,33241
5986,IT,SC,202370
5986,IT,SCA,188359
5986,ME,BC,98135
5986,ME,MBC,130912
5986,ME,OC,64474
5986,ME,SC,214952
5986,SC,BC,60534
5986,SC,MBC,57272
5986,SC,OC,41154
5986,SC,SC,229189
5988,AM,BC,239204
5988,AM,MBC,240268
5988,AM,OC,168574
5988,AM,SC,239425
5988,AM,SCA,232312
5988,CE,OC,192031
5988,CS,BC,238599
5988,CS,MBC,239418
5988,CS,OC,144684
5988,CS,SC,176333
5988,CS,SCA,173516
5988,EC,BC,233327
5988,EC,MBC,230037
5988,EC,OC,171188
5988,EC,SC,217692
5988,EC,SCA,198861
5988,EE,BC,244325
5988,EE,MBC,249927
5988,EE,OC,230834
5988,EE,SC,246360
5988,IT,BC,237437
5988,IT,MBC,246363
5988,IT,OC,183332
5988,IT,SC,246542
5988,IT,SCA,249180
5988,ME,BC,176185
5988,ME,OC,245251
5988,ME,SC,176157
5990,CE,OC,246874
5990,CS,BC,248222
5990,CS,MBC,219884
5990,CS,OC,198140
5990,CS,SC,248049
5990,CS,SCA,247340
5990,EC,BC,239156
5990,EC,OC,245018
5990,EC,SC,239200
5990,EE,OC,217602
5990,ME,OC,242588
