Timestamp,User Count,Type,Name,Requests/s,Failures/s,50%,66%,75%,80%,90%,95%,98%,99%,99.9%,99.99%,100%,Total Request Count,Total Failure Count,Total Median Response Time,Total Average Response Time,Total Min Response Time,Total Max Response Time,Total Average Content Size
1782917957,0,,Aggregated,0.000000,0.000000,N/A,N/A,N/A,N/A,N/A,N/A,N/A,N/A,N/A,N/A,N/A,0,0,0,0.0,0,0,0
1782917958,20,,Aggregated,0.000000,0.000000,N/A,N/A,N/A,N/A,N/A,N/A,N/A,N/A,N/A,N/A,N/A,0,0,0,0.0,0,0,0
1782917959,40,,Aggregated,0.000000,0.000000,1000,1000,1000,1100,1100,1100,1100,1100,1100,1100,1100,29,0,1000,945.3627620673144,463.3451999980025,1090.802500009886,11179.413793103447
1782917960,80,,Aggregated,0.000000,0.000000,1000,1000,1100,1100,1100,1700,2100,2100,2100,2100,2100,64,0,1000,988.5286265614468,305.6553999922471,2074.5859000016935,11833.078125
1782917961,100,,Aggregated,9.000000,0.000000,1000,1100,1100,1400,2000,2100,2300,2300,2900,2900,2900,125,0,1000,1091.9618199991528,305.6553999922471,2850.085300000501,16315.952
1782917962,120,,Aggregated,14.000000,0.000000,930,1000,1100,1300,1900,2000,2100,2300,2900,2900,2900,165,0,930,1025.6070824233273,299.6595000004163,2850.085300000501,17562.92121212121
1782917963,140,,Aggregated,18.500000,0.000000,950,1100,1200,1300,1900,2000,2300,2900,3000,3000,3000,197,0,950,1049.432027917831,299.6595000004163,2977.404300007038,15240.375634517766
1782917964,160,,Aggregated,25.600000,0.000000,1000,1100,1400,1600,2000,2100,2300,2600,3000,3000,3000,236,0,1000,1141.0085809315576,299.6595000004163,2977.404300007038,14170.57627118644
1782917965,180,,Aggregated,27.833333,0.000000,1000,1300,1600,1800,2100,2400,2800,3000,3600,3600,3600,272,0,1000,1225.2368069849742,299.6595000004163,3550.2816999942297,13924.29411764706
1782917966,200,,Aggregated,28.857143,0.000000,1100,1400,1800,1900,2100,2500,2800,3000,3600,3600,3600,313,0,1100,1287.9988463255097,299.6595000004163,3608.7988000072073,13061.325878594249
1782917967,200,,Aggregated,30.375000,0.000000,1000,1400,1800,1900,2300,2600,2800,3400,3800,3800,3800,460,0,1000,1253.2116954344256,269.45720000367146,3751.5411999920616,10513.53043478261
1782917968,200,,Aggregated,30.222222,0.000000,1000,1300,1800,1900,2200,2600,2800,3100,3800,3800,3800,516,0,1000,1175.0607050384724,269.45720000367146,3751.5411999920616,9756.389534883721
1782917969,200,,Aggregated,31.700000,0.000000,970,1300,1700,1800,2200,2600,2800,3100,3800,3800,3800,567,0,970,1108.4390738974619,269.45720000367146,3751.5411999920616,8883.738977072311
1782917970,200,,Aggregated,46.800000,0.000000,880,1200,1500,1800,2200,2500,2800,3000,3800,3800,3800,626,0,880,1044.4656236420055,269.45720000367146,3751.5411999920616,8051.670926517572
1782917971,200,,Aggregated,50.000000,0.000000,830,1100,1400,1700,2100,2400,2800,3000,3800,3800,3800,687,0,830,986.8813010187539,269.45720000367146,3751.5411999920616,7341.090247452693
1782917972,200,,Aggregated,53.000000,0.000000,780,1100,1300,1600,2100,2400,2800,3000,3800,3800,3800,747,0,780,943.8922088352466,269.45720000367146,3751.5411999920616,6756.360107095047
1782917973,200,,Aggregated,55.800000,0.000000,660,1000,1300,1600,2100,2300,2700,2900,3800,3800,3800,802,0,660,906.441702867823,268.5273000097368,3751.5411999920616,6296.715710723192
1782917974,200,,Aggregated,56.200000,0.000000,580,1000,1200,1500,2000,2300,2700,2900,3800,3800,3800,866,0,570,875.6949248267535,268.5273000097368,3751.5411999920616,5835.819861431871
1782917975,200,,Aggregated,58.400000,0.000000,420,930,1200,1400,2000,2300,2700,2900,3800,3800,3800,930,0,420,837.3649916128738,268.5273000097368,3751.5411999920616,5437.437634408602
1782917976,200,,Aggregated,60.300000,0.000000,360,890,1200,1300,2000,2300,2700,2900,3800,3800,3800,990,0,360,812.0702115150793,268.5273000097368,3751.5411999920616,5111.238383838384
1782917977,200,,Aggregated,62.700000,0.000000,340,860,1100,1300,1900,2300,2700,2800,3600,3800,3800,1034,0,340,796.3409828819466,268.5273000097368,3751.5411999920616,4896.2466150870405
1782917978,200,,Aggregated,66.000000,0.000000,330,840,1100,1300,1900,2200,2600,2800,3600,3800,3800,1101,0,330,776.6812811988661,268.5273000097368,3751.5411999920616,4601.921889191644
1782917980,200,,Aggregated,56.800000,0.000000,330,820,1100,1200,1900,2200,2600,2800,3600,3800,3800,1159,0,330,759.8437022432248,268.5273000097368,3751.5411999920616,4374.401207937877
1782917981,200,,Aggregated,58.300000,0.000000,330,790,1000,1200,1900,2200,2600,2800,3600,3800,3800,1215,0,330,741.551134979303,268.5273000097368,3751.5411999920616,4175.158847736626
1782917982,200,,Aggregated,58.600000,0.000000,320,740,1000,1200,1800,2200,2600,2800,3600,3800,3800,1275,0,320,724.8769635293066,268.5273000097368,3751.5411999920616,3981.2760784313728
1782917983,200,,Aggregated,58.600000,0.000000,320,680,1000,1200,1800,2200,2600,2800,3600,3800,3800,1331,0,320,712.9730386926707,268.5273000097368,3751.5411999920616,3816.021788129226
1782917984,200,,Aggregated,58.400000,0.000000,330,620,970,1200,1800,2200,2600,2800,3600,3800,3800,1398,0,320,701.5576695278615,268.5273000097368,3751.5411999920616,3635.730329041488
1782917985,200,,Aggregated,58.000000,0.000000,320,520,930,1100,1800,2200,2500,2800,3600,3800,3800,1455,0,320,689.926207010275,268.5273000097368,3751.5411999920616,3495.4810996563574
1782917986,200,,Aggregated,59.100000,0.000000,320,480,910,1100,1800,2200,2500,2700,3600,3800,3800,1518,0,320,679.1596447957055,268.5273000097368,3751.5411999920616,3352.760210803689
1782917987,200,,Aggregated,58.200000,0.000000,320,460,880,1100,1800,2100,2500,2700,3600,3800,3800,1573,0,320,669.6325253018961,268.5273000097368,3751.5411999920616,3237.4144945963126
1782917988,200,,Aggregated,58.500000,0.000000,310,440,850,1100,1700,2100,2500,2700,3600,3800,3800,1636,0,310,661.8980801955009,268.5273000097368,3751.5411999920616,3115.074572127139
1782917989,200,,Aggregated,57.900000,0.000000,300,420,830,1000,1700,2100,2500,2700,3600,3800,3800,1690,0,300,650.6411060353771,268.5273000097368,3751.5411999920616,3017.0455621301776
1782917990,200,,Aggregated,59.800000,0.000000,300,400,820,1000,1700,2100,2400,2700,3600,3800,3800,1757,0,300,640.4856163345218,268.5273000097368,3751.5411999920616,2903.9186112692087
1782917991,200,,Aggregated,58.700000,0.000000,300,400,820,1000,1700,2100,2400,2700,3600,3800,3800,1810,0,300,636.1416253589771,268.5273000097368,3751.5411999920616,2820.814917127072
1782917992,200,,Aggregated,59.400000,0.000000,300,390,810,1000,1600,2000,2400,2700,3600,3800,3800,1866,0,300,629.2563581992198,268.5273000097368,3751.5411999920616,2737.9040728831724
1782917993,200,,Aggregated,59.300000,0.000000,300,380,800,1000,1600,2000,2400,2700,3600,3800,3800,1925,0,300,622.3941606752028,268.5273000097368,3751.5411999920616,2655.6825974025974
1782917994,200,,Aggregated,58.900000,0.000000,300,360,780,990,1600,2000,2400,2700,3600,3800,3800,1988,0,300,615.2028575954648,268.5273000097368,3751.5411999920616,2573.257042253521
1782917995,200,,Aggregated,58.700000,0.000000,300,360,730,960,1600,2000,2400,2700,3600,3800,3800,2046,0,300,608.4875734602746,268.5273000097368,3751.5411999920616,2501.821603128055
1782917996,200,,Aggregated,58.300000,0.000000,300,350,690,930,1600,2000,2300,2700,3600,3800,3800,2101,0,300,603.6857310327366,267.9080000089016,3751.5411999920616,2437.7967634459783
1782917997,200,,Aggregated,58.500000,0.000000,300,340,660,920,1600,2000,2300,2700,3600,3800,3800,2158,0,300,597.9676558849692,267.9080000089016,3751.5411999920616,2374.877201112141
1782917998,200,,Aggregated,57.500000,0.000000,300,340,630,890,1500,2000,2300,2700,3600,3800,3800,2216,0,300,592.7548954420843,267.9080000089016,3751.5411999920616,2314.1159747292418
1782917999,200,,Aggregated,58.500000,0.000000,290,340,590,880,1500,1900,2300,2700,3600,3800,3800,2282,0,290,588.6815950480393,267.9080000089016,3751.5411999920616,2248.969325153374
1782918000,200,,Aggregated,57.400000,0.000000,290,330,530,860,1500,1900,2300,2600,3600,3800,3800,2341,0,290,583.4640652283596,267.9080000089016,3751.5411999920616,2193.684750106792
1782918001,200,,Aggregated,57.900000,0.000000,290,330,510,840,1400,1900,2300,2600,3600,3800,3800,2403,0,290,579.6036937992332,267.9080000089016,3751.5411999920616,2138.5493133583022
1782918002,200,,Aggregated,58.300000,0.000000,290,330,480,830,1400,1900,2300,2600,3600,3800,3800,2468,0,290,573.4161694082505,267.9080000089016,3751.5411999920616,2083.457050243112
1782918003,200,,Aggregated,58.800000,0.000000,290,330,470,830,1400,1900,2300,2600,3600,3800,3800,2522,0,290,569.7931961933549,267.9080000089016,3751.5411999920616,2040.0023790642347
1782918004,200,,Aggregated,59.300000,0.000000,290,330,460,820,1400,1900,2300,2600,3600,3800,3800,2585,0,290,565.6506144292707,267.9080000089016,3751.5411999920616,1991.6147001934237
1782918005,200,,Aggregated,59.500000,0.000000,290,330,450,810,1300,1900,2300,2600,3600,3800,3800,2638,0,290,562.2506861257338,267.9080000089016,3751.5411999920616,1952.7361637604245
1782918006,200,,Aggregated,59.600000,0.000000,290,330,440,800,1300,1900,2300,2600,3600,3800,3800,2700,0,290,557.9472764073093,267.9080000089016,3751.5411999920616,1909.108888888889
1782918007,200,,Aggregated,59.100000,0.000000,290,330,430,800,1300,1900,2300,2600,3600,3800,3800,2755,0,290,555.5470442830444,267.9080000089016,3751.5411999920616,1872.2032667876588
1782918008,200,,Aggregated,59.900000,0.000000,290,330,430,790,1300,1900,2200,2600,3600,3800,3800,2814,0,290,551.9994475479128,267.9080000089016,3751.5411999920616,1834.0234541577825
1782918009,200,,Aggregated,59.000000,0.000000,290,330,420,790,1300,1900,2200,2600,3600,3800,3800,2879,0,290,549.7491243486731,267.9080000089016,3751.5411999920616,1793.927058006252
1782918010,200,,Aggregated,59.400000,0.000000,290,330,410,770,1300,1800,2200,2600,3600,3800,3800,2932,0,290,546.4599921895805,267.9080000089016,3751.5411999920616,1762.43724420191
1782918011,200,,Aggregated,59.300000,0.000000,290,330,410,730,1300,1800,2200,2600,3600,3800,3800,2992,0,290,543.8006061831004,267.9080000089016,3751.5411999920616,1728.24064171123
1782918012,200,,Aggregated,58.200000,0.000000,290,330,400,710,1300,1800,2200,2500,3500,3800,3800,3051,0,290,541.4063421828306,267.9080000089016,3751.5411999920616,1695.9301868239922
1782918013,200,,Aggregated,58.200000,0.000000,290,330,400,680,1300,1800,2200,2500,3500,3800,3800,3109,0,290,539.3341099709975,267.9080000089016,3751.5411999920616,1665.3653908009005
1782918014,200,,Aggregated,58.500000,0.000000,290,330,400,640,1300,1800,2200,2500,3500,3800,3800,3163,0,290,536.5187764779747,267.9080000089016,3751.5411999920616,1637.7771103382865
1782918015,200,,Aggregated,58.300000,0.000000,290,330,400,630,1300,1800,2200,2500,3500,3800,3800,3217,0,290,534.4539752563796,267.9080000089016,3751.5411999920616,1611.2290954305254
1782918016,200,,Aggregated,57.500000,0.000000,290,330,390,630,1300,1800,2200,2500,3500,3800,3800,3270,0,290,533.3894462384657,267.9080000089016,3751.5411999920616,1586.1058103975536
1782918017,200,,Aggregated,57.800000,0.000000,290,330,390,590,1300,1800,2200,2500,3500,3800,3800,3336,0,290,530.381366906415,267.9080000089016,3751.5411999920616,1555.7982613908873
1782918018,200,,Aggregated,56.600000,0.000000,290,330,380,570,1300,1800,2200,2500,3500,3800,3800,3400,0,290,527.7999672352373,267.9080000089016,3751.5411999920616,1527.5382352941176
1782918019,200,,Aggregated,57.900000,0.000000,290,320,380,530,1300,1800,2200,2500,3500,3800,3800,3454,0,290,525.2983469889294,267.9080000089016,3751.5411999920616,1504.4658367110596
1782918020,200,,Aggregated,58.000000,0.000000,290,320,380,520,1200,1800,2200,2400,3500,3800,3800,3508,0,290,523.98869754838,267.9080000089016,3751.5411999920616,1482.1738882554162
1782918021,200,,Aggregated,58.300000,0.000000,290,320,360,510,1200,1800,2200,2400,3500,3800,3800,3577,0,290,521.1482345819528,267.9080000089016,3751.5411999920616,1454.6200726866089
1782918022,200,,Aggregated,56.500000,0.000000,290,320,360,500,1200,1800,2200,2400,3500,3800,3800,3627,0,290,519.2826217809925,267.9080000089016,3751.5411999920616,1435.2872897711607
1782918023,200,,Aggregated,58.000000,0.000000,290,320,360,490,1200,1800,2200,2400,3500,3800,3800,3687,0,290,518.0912114997556,267.9080000089016,3751.5411999920616,1412.9278546243559
1782918024,200,,Aggregated,57.000000,0.000000,290,320,360,490,1200,1800,2200,2400,3500,3800,3800,3748,0,290,517.0966294022461,267.9080000089016,3751.5411999920616,1390.8924759871932
1782918025,200,,Aggregated,57.400000,0.000000,290,320,360,480,1200,1800,2200,2400,3500,3800,3800,3804,0,290,515.3182292585824,267.9080000089016,3751.5411999920616,1371.206887486856
1782918026,200,,Aggregated,57.800000,0.000000,290,320,360,470,1200,1800,2200,2400,3500,3800,3800,3863,0,290,513.0608371730757,267.9080000089016,3751.5411999920616,1351.0440072482527
1782918027,200,,Aggregated,58.000000,0.000000,290,320,350,470,1200,1800,2200,2400,3500,3800,3800,3927,0,290,511.52644379922253,267.9080000089016,3751.5411999920616,1329.9457601222307
1782918028,200,,Aggregated,58.500000,0.000000,290,320,350,460,1200,1800,2200,2400,3500,3800,3800,3979,0,290,509.4970572755862,267.9080000089016,3751.5411999920616,1313.244533802463
1782918029,200,,Aggregated,58.100000,0.000000,290,320,350,460,1200,1800,2200,2400,3400,3800,3800,4037,0,290,508.4545398809972,267.9080000089016,3751.5411999920616,1295.2353232598464
1782918030,200,,Aggregated,57.300000,0.000000,290,320,350,450,1200,1800,2100,2400,3400,3800,3800,4109,0,290,506.03914721332586,267.9080000089016,3751.5411999920616,1273.4154295449014
1782918031,200,,Aggregated,57.900000,0.000000,290,320,350,450,1200,1800,2100,2400,3400,3800,3800,4157,0,290,504.8330003847703,267.9080000089016,3751.5411999920616,1259.3786384411835
1782918032,200,,Aggregated,60.200000,0.000000,290,320,350,450,1200,1800,2100,2300,3400,3800,3800,4211,0,290,504.4800834005078,267.9080000089016,3751.5411999920616,1243.950605556875
1782918033,200,,Aggregated,58.100000,0.000000,290,320,350,440,1200,1700,2100,2300,3400,3800,3800,4271,0,290,503.88401945668767,267.9080000089016,3751.5411999920616,1227.3657223132757
1782918034,200,,Aggregated,57.900000,0.000000,290,320,340,440,1200,1700,2100,2300,3400,3800,3800,4330,0,290,502.1304425633929,267.9080000089016,3751.5411999920616,1211.338337182448
1782918035,200,,Aggregated,57.500000,0.000000,290,320,340,440,1200,1700,2100,2300,3400,3800,3800,4396,0,290,500.5171760462986,267.9080000089016,3751.5411999920616,1193.9924931756143
1782918036,200,,Aggregated,57.400000,0.000000,290,320,340,430,1200,1700,2100,2300,3400,3800,3800,4446,0,290,499.23290688249654,267.9080000089016,3751.5411999920616,1181.1515969410707
1782918037,200,,Aggregated,57.800000,0.000000,290,320,340,430,1200,1700,2100,2300,3400,3800,3800,4512,0,290,496.93925088644,267.9080000089016,3751.5411999920616,1164.5846631205675
1782918038,200,,Aggregated,58.100000,0.000000,290,320,340,430,1200,1700,2100,2300,3400,3800,3800,4582,0,290,496.4051275424857,267.9080000089016,3751.5411999920616,1147.6935835879528
1782918039,200,,Aggregated,57.900000,0.000000,290,320,340,430,1200,1700,2100,2300,3400,3800,3800,4631,0,290,494.985302850288,267.9080000089016,3751.5411999920616,1136.1053768084646
1782918040,200,,Aggregated,59.500000,0.000000,290,320,340,430,1200,1700,2100,2300,3400,3800,3800,4692,0,290,494.2674340792054,267.9080000089016,3751.5411999920616,1122.1027280477408
1782918041,200,,Aggregated,58.100000,0.000000,290,320,340,420,1200,1700,2100,2300,3400,3800,3800,4749,0,290,493.62418153287393,267.9080000089016,3751.5411999920616,1109.3548115392714
1782918042,200,,Aggregated,58.700000,0.000000,290,320,340,420,1200,1700,2100,2300,3400,3800,3800,4807,0,290,492.0262828790574,267.9080000089016,3751.5411999920616,1096.5885167464114
1782918043,200,,Aggregated,58.900000,0.000000,290,320,340,420,1200,1700,2100,2300,3400,3800,3800,4862,0,290,491.26667856841624,267.9080000089016,3751.5411999920616,1084.8685726038668
1782918044,200,,Aggregated,59.100000,0.000000,290,320,340,420,1200,1700,2100,2300,3400,3800,3800,4932,0,290,490.5433348742352,267.9080000089016,3751.5411999920616,1070.308394160584
1782918045,200,,Aggregated,58.800000,0.000000,290,320,340,420,1200,1600,2000,2300,3400,3800,3800,4983,0,290,489.43846879385376,267.9080000089016,3751.5411999920616,1059.912502508529
1782918046,200,,Aggregated,58.400000,0.000000,290,320,340,420,1200,1600,2000,2300,3100,3800,3800,5043,0,290,488.47619286134557,267.9080000089016,3751.5411999920616,1047.9829466587348
1782918047,200,,Aggregated,59.300000,0.000000,290,320,340,420,1200,1600,2000,2300,3100,3800,3800,5103,0,290,487.9112629629213,267.9080000089016,3751.5411999920616,1036.3584166176759
1782918048,200,,Aggregated,58.800000,0.000000,290,320,340,420,1200,1600,2000,2300,3100,3800,3800,5154,0,290,487.8859292976025,267.9080000089016,3751.5411999920616,1026.6911136980987
1782918049,200,,Aggregated,58.700000,0.000000,290,320,340,410,1200,1600,2000,2300,3100,3800,3800,5221,0,290,486.7232648917597,267.9080000089016,3751.5411999920616,1014.232714039456
1782918050,200,,Aggregated,57.000000,0.000000,290,320,340,410,1200,1600,2000,2300,3100,3800,3800,5285,0,290,485.5303362156845,267.9080000089016,3751.5411999920616,1002.6104068117313
1782918051,200,,Aggregated,58.000000,0.000000,290,320,340,410,1200,1600,2000,2300,3100,3800,3800,5339,0,290,484.19499114063564,267.9080000089016,3751.5411999920616,992.993257164263
1782918052,200,,Aggregated,57.300000,0.000000,290,320,340,410,1200,1600,2000,2300,3100,3800,3800,5398,0,290,483.4499885327709,267.9080000089016,3751.5411999920616,982.7893664320119
1782918053,200,,Aggregated,57.700000,0.000000,290,320,340,400,1200,1600,2000,2300,3100,3800,3800,5454,0,290,482.6283991015617,267.9080000089016,3751.5411999920616,973.2491749174917
1782918054,200,,Aggregated,57.900000,0.000000,290,320,340,400,1200,1600,2000,2300,3100,3800,3800,5514,0,290,481.82825105185754,267.9080000089016,3751.5411999920616,963.30359085963
1782918055,200,,Aggregated,58.900000,0.000000,290,320,330,400,1200,1600,2000,2300,3100,3800,3800,5577,0,290,481.00052820511064,267.9080000089016,3751.5411999920616,953.062040523579
1782918056,200,,Aggregated,58.700000,0.000000,290,320,330,400,1200,1600,2000,2300,3100,3800,3800,5632,0,290,480.13865923293383,267.9080000089016,3751.5411999920616,944.3030894886364
1782918057,200,,Aggregated,58.000000,0.000000,290,320,330,400,1200,1600,2000,2300,3100,3800,3800,5696,0,290,479.5459443468968,267.9080000089016,3751.5411999920616,934.3713132022472
1782918058,200,,Aggregated,58.800000,0.000000,290,320,330,400,1200,1600,2000,2300,3100,3800,3800,5751,0,290,479.2308482003046,267.9080000089016,3751.5411999920616,926.0144322726483
1782918059,200,,Aggregated,58.100000,0.000000,290,320,330,390,1200,1600,2000,2300,3100,3800,3800,5817,0,290,477.7604519855421,267.9080000089016,3751.5411999920616,916.0794223826715
1782918060,200,,Aggregated,59.300000,0.000000,290,320,330,390,1200,1600,2000,2300,3100,3800,3800,5870,0,290,476.69919718909273,267.9080000089016,3751.5411999920616,908.2770017035775
1782918061,200,,Aggregated,58.800000,0.000000,290,320,330,390,1200,1600,2000,2300,3100,3800,3800,5931,0,290,476.4060676277164,267.9080000089016,3751.5411999920616,899.5638172314955
1782918062,200,,Aggregated,59.600000,0.000000,290,320,330,390,1200,1600,2000,2300,3100,3800,3800,5988,0,290,476.1365990146888,267.9080000089016,3751.5411999920616,891.5723112892451
1782918063,200,,Aggregated,58.700000,0.000000,290,320,330,390,1200,1600,2000,2200,3000,3800,3800,6040,0,290,475.4725417880767,267.9080000089016,3751.5411999920616,884.3640728476821
1782918064,200,,Aggregated,58.900000,0.000000,290,320,330,390,1200,1600,2000,2200,3000,3800,3800,6087,0,290,474.9604171348676,267.9080000089016,3751.5411999920616,877.9827501232133
1782918065,200,,Aggregated,58.600000,0.000000,290,320,330,390,1200,1600,1900,2200,3000,3800,3800,6161,0,290,473.8990867878391,267.9080000089016,3751.5411999920616,868.0962506086674
1782918066,200,,Aggregated,57.700000,0.000000,290,320,330,390,1200,1600,1900,2200,3000,3800,3800,6201,0,290,473.6381468633793,267.9080000089016,3751.5411999920616,862.8655055636187
1782918067,200,,Aggregated,56.400000,0.000000,290,320,330,380,1200,1600,1900,2200,3000,3800,3800,6264,0,290,473.03839557786586,267.9080000089016,3751.5411999920616,854.7563856960409
1782918068,200,,Aggregated,57.000000,0.000000,290,320,330,390,1200,1600,1900,2200,3000,3800,3800,6331,0,290,472.8697157320716,267.9080000089016,3751.5411999920616,846.341336281788
1782918069,200,,Aggregated,56.600000,0.000000,290,320,330,380,1200,1600,1900,2200,3000,3800,3800,6386,0,290,472.03942666766494,267.9080000089016,3751.5411999920616,839.516129032258
1782918070,200,,Aggregated,56.700000,0.000000,290,320,330,380,1200,1600,1900,2200,3000,3800,3800,6452,0,290,471.1126761314002,267.9080000089016,3751.5411999920616,831.4837259764414
1782918071,200,,Aggregated,57.800000,0.000000,290,320,330,380,1200,1600,1900,2200,3000,3800,3800,6505,0,290,470.6307804765253,267.9080000089016,3751.5411999920616,825.1883166794773
1782918072,200,,Aggregated,55.200000,0.000000,290,320,330,380,1200,1600,1900,2200,3000,3800,3800,6553,0,290,470.24372014341856,267.9080000089016,3751.5411999920616,819.566458110789
1782918073,200,,Aggregated,57.400000,0.000000,290,320,330,380,1200,1600,1900,2200,3000,3800,3800,6618,0,290,470.1606575249076,267.9080000089016,3751.5411999920616,812.1252644303415
1782918074,200,,Aggregated,56.200000,0.000000,290,320,330,370,1200,1600,1900,2200,3000,3800,3800,6685,0,290,468.6962462378218,267.9080000089016,3751.5411999920616,804.4545998504113
1782918075,200,,Aggregated,55.800000,0.000000,290,320,330,370,1200,1600,1900,2200,3000,3800,3800,6738,0,290,468.13063661321337,267.9080000089016,3751.5411999920616,798.5709409320273
1782918076,200,,Aggregated,57.900000,0.000000,290,320,330,370,1200,1600,1900,2200,3000,3800,3800,6802,0,290,467.56037616875255,267.9080000089016,3751.5411999920616,791.5695383710673
1782918077,200,,Aggregated,59.200000,0.000000,290,320,330,370,1200,1600,1900,2200,3000,3800,3800,6863,0,290,467.12084492202615,267.9080000089016,3751.5411999920616,785.0766428675506
1782918078,200,,Aggregated,57.900000,0.000000,290,320,330,370,1200,1600,1900,2200,3000,3800,3800,6922,0,290,466.7034841375132,267.9080000089016,3751.5411999920616,778.8917942791101
1782918079,200,,Aggregated,59.600000,0.000000,290,320,330,370,1200,1500,1900,2200,3000,3800,3800,6980,0,290,466.36238531516557,267.9080000089016,3751.5411999920616,772.880229226361
1782918080,200,,Aggregated,59.100000,0.000000,290,320,330,370,1200,1500,1900,2200,3000,3800,3800,7043,0,290,465.5888524492336,267.9080000089016,3751.5411999920616,766.4380235695016
1782918081,200,,Aggregated,58.000000,0.000000,290,320,330,370,1200,1500,1900,2200,3000,3800,3800,7100,0,290,465.1040521267597,267.9080000089016,3751.5411999920616,760.749014084507
1782918082,200,,Aggregated,59.900000,0.000000,290,320,330,370,1200,1500,1900,2200,3000,3800,3800,7153,0,290,464.65735940163734,267.9080000089016,3751.5411999920616,755.5305466237942
1782918083,200,,Aggregated,58.400000,0.000000,290,320,330,370,1200,1500,1900,2200,3000,3800,3800,7217,0,290,464.4772926285048,267.9080000089016,3751.5411999920616,749.3139808784814
1782918084,200,,Aggregated,59.600000,0.000000,290,320,330,380,1200,1500,1900,2200,3000,3800,3800,7275,0,290,464.60870208932914,267.9080000089016,3751.5411999920616,743.7828178694158
1782918085,200,,Aggregated,58.800000,0.000000,290,320,330,380,1200,1500,1900,2200,3000,3800,3800,7326,0,290,464.71634292927155,267.9080000089016,3751.5411999920616,739.0520065520066
1782918086,200,,Aggregated,59.800000,0.000000,290,320,340,380,1200,1500,1900,2200,3000,3800,3800,7380,0,290,464.4102647018684,267.9080000089016,3751.5411999920616,734.0560975609756
1782918087,200,,Aggregated,58.500000,0.000000,290,320,330,380,1200,1500,1900,2200,3000,3800,3800,7442,0,290,463.91553650896986,267.9080000089016,3751.5411999920616,728.4303950550927
1782918088,200,,Aggregated,58.100000,0.000000,290,320,330,380,1200,1400,1900,2200,3000,3800,3800,7498,0,290,463.30646548409635,267.9080000089016,3751.5411999920616,723.3578287543345
1782918089,200,,Aggregated,57.000000,0.000000,290,320,330,380,1200,1400,1900,2200,3000,3800,3800,7565,0,290,463.06022602772305,267.9080000089016,3751.5411999920616,717.4959682749504
1782918090,200,,Aggregated,57.300000,0.000000,290,320,330,380,1200,1400,1900,2200,3000,3800,3800,7608,0,290,462.8299396424565,267.9080000089016,3751.5411999920616,713.775105152471
1782918091,200,,Aggregated,57.600000,0.000000,290,320,340,380,1200,1400,1900,2200,3000,3800,3800,7672,0,290,462.56698794314144,267.9080000089016,3751.5411999920616,708.3076120959332
1782918092,200,,Aggregated,57.800000,0.000000,290,320,330,370,1200,1400,1900,2200,3000,3800,3800,7732,0,290,461.9517765648993,267.9080000089016,3751.5411999920616,703.2221934816348
1782918093,200,,Aggregated,56.200000,0.000000,290,320,330,370,1200,1400,1900,2200,3000,3800,3800,7788,0,290,461.32797899329694,267.9080000089016,3751.5411999920616,698.5513610683103
1782918094,200,,Aggregated,56.800000,0.000000,290,320,330,370,1200,1400,1900,2200,3000,3800,3800,7851,0,290,460.62069072725376,267.9080000089016,3751.5411999920616,693.3840275124188
1782918095,200,,Aggregated,58.000000,0.000000,290,320,330,370,1200,1400,1900,2200,3000,3800,3800,7915,0,290,460.07750424505235,267.9080000089016,3751.5411999920616,688.2337334175616
1782918096,200,,Aggregated,56.100000,0.000000,290,320,330,370,1200,1400,1900,2200,3000,3800,3800,7966,0,290,459.72601399694236,267.9080000089016,3751.5411999920616,684.1915641476274
1782918098,200,,Aggregated,58.600000,0.000000,290,320,330,370,1200,1400,1900,2200,2900,3800,3800,8038,0,290,459.69406805171633,267.9080000089016,3751.5411999920616,678.6035083354068
1782918099,200,,Aggregated,58.600000,0.000000,290,320,330,370,1200,1400,1900,2200,2900,3800,3800,8093,0,290,459.47898596314076,267.9080000089016,3751.5411999920616,674.3879896206598
1782918100,200,,Aggregated,58.300000,0.000000,290,320,330,370,1200,1400,1900,2200,2900,3800,3800,8144,0,290,458.868847937097,267.9080000089016,3751.5411999920616,670.4911591355599
1782918101,200,,Aggregated,59.300000,0.000000,290,320,330,370,1200,1400,1900,2200,2900,3800,3800,8196,0,290,458.5653863713636,267.9080000089016,3751.5411999920616,666.5667398731089
1782918102,200,,Aggregated,57.500000,0.000000,290,320,340,380,1200,1400,1900,2200,2900,3800,3800,8259,0,290,458.9741863784545,267.9080000089016,3751.5411999920616,661.929168180167
1782918103,200,,Aggregated,58.500000,0.000000,290,320,340,380,1200,1400,1900,2200,2900,3800,3800,8322,0,290,459.1005430184642,267.9080000089016,3751.5411999920616,657.3460706560923
1782918104,200,,Aggregated,58.200000,0.000000,290,320,340,380,1200,1400,1900,2200,2900,3800,3800,8381,0,290,458.46325486214164,267.9080000089016,3751.5411999920616,653.0632382770552
1782918105,200,,Aggregated,58.200000,0.000000,290,320,340,380,1200,1400,1900,2200,2900,3800,3800,8442,0,290,457.9473109333893,267.9080000089016,3751.5411999920616,648.7569296375267
1782918106,200,,Aggregated,59.100000,0.000000,290,320,340,380,1200,1400,1900,2200,2900,3800,3800,8504,0,290,457.4443387581981,267.9080000089016,3751.5411999920616,644.4267403574788
1782918107,200,,Aggregated,58.300000,0.000000,290,320,340,370,1200,1400,1900,2200,2900,3800,3800,8560,0,290,457.3386799181911,267.9080000089016,3751.5411999920616,640.6056074766356
1782918108,200,,Aggregated,58.200000,0.000000,290,320,340,370,1200,1400,1900,2200,2900,3800,3800,8613,0,290,456.88559988385657,267.9080000089016,3751.5411999920616,636.9969813073261
1782918109,200,,Aggregated,58.600000,0.000000,290,320,340,370,1200,1400,1900,2200,2900,3800,3800,8673,0,290,457.14062574652195,267.9080000089016,3751.5411999920616,633.0426611322495
1782918110,200,,Aggregated,57.000000,0.000000,290,320,340,370,1200,1300,1900,2200,2900,3800,3800,8728,0,290,456.66590490370675,267.9080000089016,3751.5411999920616,629.3784372135656
1782918111,200,,Aggregated,57.200000,0.000000,290,320,340,370,1200,1300,1900,2200,2900,3800,3800,8793,0,290,455.7810115773405,267.9080000089016,3751.5411999920616,625.0856363016036
1782918112,200,,Aggregated,57.300000,0.000000,290,320,340,370,1200,1300,1900,2200,2900,3800,3800,8847,0,290,456.1061792810639,267.9080000089016,3751.5411999920616,621.6976376172714
1782918113,200,,Aggregated,59.100000,0.000000,290,320,340,370,1200,1300,1900,2200,2900,3800,3800,8905,0,290,455.64214317794944,267.9080000089016,3751.5411999920616,618.0094329028635
1782918114,200,,Aggregated,57.700000,0.000000,290,320,340,370,1200,1300,1900,2200,2900,3800,3800,8963,0,290,455.00565027330595,267.9080000089016,3751.5411999920616,614.3271226151958
1782918115,200,,Aggregated,57.900000,0.000000,290,320,340,370,1200,1300,1900,2200,2900,3800,3800,9024,0,290,454.4310608598848,267.9080000089016,3751.5411999920616,610.5326906028369
1782918116,200,,Aggregated,57.500000,0.000000,290,320,340,370,1200,1300,1800,2200,2900,3800,3800,9086,0,290,454.3567576931143,267.9080000089016,3751.5411999920616,606.7948492185781
1782918117,200,,Aggregated,57.900000,0.000000,290,320,340,370,1200,1300,1800,2100,2900,3800,3800,9134,0,290,454.10967404200255,267.9080000089016,3751.5411999920616,603.8959929932122
1782918118,200,,Aggregated,57.700000,0.000000,290,320,340,370,1200,1300,1800,2100,2900,3800,3800,9200,0,290,453.745192043433,267.9080000089016,3751.5411999920616,599.9796739130435
1782918119,200,,Aggregated,57.500000,0.000000,290,320,340,370,1200,1300,1800,2100,2900,3800,3800,9268,0,290,453.10430718597564,267.9080000089016,3751.5411999920616,595.9599697885196
1782918120,200,,Aggregated,57.800000,0.000000,290,320,340,370,1200,1300,1800,2100,2900,3800,3800,9317,0,290,452.89164364062134,267.9080000089016,3751.5411999920616,593.1279381775249
1782918121,200,,Aggregated,58.700000,0.000000,290,320,340,360,1200,1300,1800,2100,2900,3800,3800,9376,0,290,452.5632800980846,267.9080000089016,3751.5411999920616,589.7430674061434
1782918122,200,,Aggregated,59.000000,0.000000,290,320,340,370,1200,1300,1800,2100,2900,3800,3800,9441,0,290,452.01857171906323,267.9080000089016,3751.5411999920616,586.018006567101
1782918123,200,,Aggregated,57.700000,0.000000,290,320,330,360,1200,1300,1800,2100,2900,3800,3800,9500,0,290,451.52818013680655,267.9080000089016,3751.5411999920616,582.708947368421
1782918124,200,,Aggregated,59.600000,0.000000,290,320,330,360,1200,1300,1800,2100,2900,3800,3800,9556,0,290,451.54898529716326,267.9080000089016,3751.5411999920616,579.6730849727919
1782918125,200,,Aggregated,58.900000,0.000000,290,320,330,360,1200,1300,1800,2100,2900,3800,3800,9615,0,290,450.86171875191445,267.9080000089016,3751.5411999920616,576.4169526781071
1782918126,200,,Aggregated,58.700000,0.000000,290,320,330,360,1200,1300,1800,2100,2900,3800,3800,9677,0,290,450.5512690502914,267.9080000089016,3751.5411999920616,573.0872171127415
1782918127,200,,Aggregated,58.700000,0.000000,290,320,330,360,1200,1300,1800,2100,2900,3800,3800,9738,0,290,450.13757726429293,267.9080000089016,3751.5411999920616,569.8421647155474
1782918128,200,,Aggregated,58.500000,0.000000,290,320,330,360,1200,1300,1800,2100,2900,3800,3800,9793,0,290,449.557367711601,267.9080000089016,3751.5411999920616,566.9192280200143
1782918129,200,,Aggregated,59.400000,0.000000,290,320,330,360,1200,1300,1800,2100,2900,3800,3800,9848,0,290,449.8201935925754,267.9080000089016,3751.5411999920616,564.1286555645817
1782918130,200,,Aggregated,59.100000,0.000000,290,320,330,360,1200,1300,1800,2100,2900,3800,3800,9908,0,290,449.5655983649315,267.9080000089016,3751.5411999920616,561.058841340331
1782918131,200,,Aggregated,57.900000,0.000000,290,320,330,360,1200,1300,1800,2100,2900,3800,3800,9971,0,290,449.22965149932656,267.9080000089016,3751.5411999920616,557.8716277203891
1782918132,200,,Aggregated,58.500000,0.000000,290,320,330,360,1200,1300,1800,2100,2900,3600,3800,10030,0,290,448.81216588233116,267.9080000089016,3751.5411999920616,554.9154536390828
1782918133,200,,Aggregated,58.800000,0.000000,290,320,330,360,1200,1300,1800,2100,2900,3600,3800,10089,0,290,448.7186398949141,267.9080000089016,3751.5411999920616,552.0180394489048
1782918134,200,,Aggregated,57.900000,0.000000,290,320,330,360,1200,1300,1800,2100,2900,3600,3800,10149,0,290,448.32248235291723,267.9080000089016,3751.5411999920616,549.0684796531679
1782918135,200,,Aggregated,58.800000,0.000000,290,320,330,360,1200,1300,1800,2100,2900,3600,3800,10208,0,290,448.1920712382303,267.9080000089016,3751.5411999920616,546.2259992163009
1782918136,200,,Aggregated,59.500000,0.000000,290,320,330,360,1200,1300,1800,2100,2900,3600,3800,10269,0,290,447.76471303923955,267.9080000089016,3751.5411999920616,543.3081117927744
1782918137,200,,Aggregated,58.300000,0.000000,290,320,330,360,1200,1300,1800,2100,2900,3600,3800,10337,0,290,447.3282245622404,267.9080000089016,3751.5411999920616,540.0652026700203
1782918138,200,,Aggregated,58.900000,0.000000,290,320,330,360,1200,1300,1800,2100,2900,3600,3800,10378,0,290,447.04267033145436,267.9080000089016,3751.5411999920616,538.1439583734824
1782918139,200,,Aggregated,59.400000,0.000000,290,320,330,360,1200,1300,1800,2100,2900,3600,3800,10445,0,290,446.93030508375756,267.9080000089016,3751.5411999920616,535.0744853997128
1782918140,200,,Aggregated,58.900000,0.000000,290,320,330,360,1200,1300,1800,2100,2900,3600,3800,10504,0,290,446.71384869571693,267.9080000089016,3751.5411999920616,532.3914699162224
1782918141,200,,Aggregated,59.700000,0.000000,290,320,330,360,1200,1300,1800,2100,2900,3600,3800,10574,0,290,446.0740410913337,267.9080000089016,3751.5411999920616,529.1990731984112
1782918142,200,,Aggregated,58.800000,0.000000,290,320,330,360,1200,1300,1800,2100,2900,3600,3800,10628,0,290,445.9566288388904,267.9080000089016,3751.5411999920616,526.80683101242
1782918143,200,,Aggregated,59.500000,0.000000,290,320,330,360,1200,1300,1800,2100,2900,3600,3800,10687,0,290,445.5230776831422,267.9080000089016,3751.5411999920616,524.1923832693927
1782918144,200,,Aggregated,60.000000,0.000000,290,320,330,360,1200,1300,1800,2000,2900,3600,3800,10744,0,290,445.25157182611133,267.9080000089016,3751.5411999920616,521.7064408041698
1782918145,200,,Aggregated,59.500000,0.000000,290,320,330,350,1200,1300,1800,2000,2900,3600,3800,10805,0,290,444.89755003236945,267.9080000089016,3751.5411999920616,519.0599722350763
1782918146,200,,Aggregated,58.500000,0.000000,290,320,330,350,1200,1300,1800,2000,2900,3600,3800,10861,0,290,444.5640729582641,267.9080000089016,3751.5411999920616,516.6606205690084
1782918147,200,,Aggregated,59.200000,0.000000,290,320,330,350,1200,1300,1800,2000,2900,3600,3800,10918,0,290,444.41381448982,267.9080000089016,3751.5411999920616,514.2766990291262
1782918148,200,,Aggregated,58.500000,0.000000,290,320,330,350,1200,1300,1800,2000,2900,3600,3800,10981,0,290,444.14488538382875,267.9080000089016,3751.5411999920616,511.6392860395228
1782918149,200,,Aggregated,57.400000,0.000000,290,320,330,350,1200,1300,1800,2000,2800,3600,3800,11036,0,290,443.8142929050189,267.9080000089016,3751.5411999920616,509.35737586081916
1782918150,200,,Aggregated,59.200000,0.000000,290,320,330,350,1200,1300,1800,2000,2800,3600,3800,11099,0,290,443.5520542571181,267.9080000089016,3751.5411999920616,506.7755653662492
1782918151,200,,Aggregated,58.400000,0.000000,290,320,330,350,1200,1300,1800,2000,2800,3600,3800,11158,0,290,443.0820660333117,267.9080000089016,3751.5411999920616,504.3660154149489
1782918152,200,,Aggregated,59.100000,0.000000,290,320,330,350,1200,1300,1800,2000,2800,3600,3800,11214,0,290,443.0135481005594,267.9080000089016,3751.5411999920616,502.1265382557517
1782918153,200,,Aggregated,58.100000,0.000000,290,320,330,350,1200,1300,1800,2000,2800,3600,3800,11274,0,290,443.0243799183665,267.9080000089016,3751.5411999920616,499.78011353556855
1782918154,200,,Aggregated,57.700000,0.000000,290,320,330,350,1200,1300,1800,2000,2800,3600,3800,11333,0,290,442.6871534986029,267.9080000089016,3751.5411999920616,497.45521927115504
1782918155,200,,Aggregated,57.600000,0.000000,290,320,330,350,1200,1300,1800,2000,2800,3600,3800,11386,0,290,442.32891571224275,267.9080000089016,3751.5411999920616,495.39214825223956
1782918156,200,,Aggregated,57.600000,0.000000,290,320,330,350,1200,1300,1800,2000,2800,3600,3800,11457,0,290,442.22045163651717,267.9080000089016,3751.5411999920616,492.6967792615868
1782918157,200,,Aggregated,58.500000,0.000000,290,320,330,350,1200,1300,1800,2000,2800,3600,3800,11515,0,290,441.99137219274706,267.9080000089016,3751.5411999920616,490.4946591402518
1782918158,200,,Aggregated,58.400000,0.000000,290,320,330,350,1200,1300,1800,2000,2800,3600,3800,11576,0,290,441.9312154543475,267.9080000089016,3751.5411999920616,488.2209744298549
1782918159,200,,Aggregated,59.200000,0.000000,290,320,330,350,1200,1300,1800,2000,2800,3600,3800,11632,0,290,441.4514658097973,267.9080000089016,3751.5411999920616,486.1183803301238
1782918160,200,,Aggregated,58.400000,0.000000,290,320,330,350,1200,1300,1800,2000,2800,3600,3800,11689,0,290,441.33658851907853,267.9080000089016,3751.5411999920616,484.0399520917102
1782918161,200,,Aggregated,59.000000,0.000000,290,320,330,350,1200,1300,1800,2000,2800,3600,3800,11743,0,290,440.8724252745932,267.9080000089016,3751.5411999920616,482.0309971898152
1782918162,200,,Aggregated,57.900000,0.000000,290,320,330,350,1200,1300,1800,2000,2800,3600,3800,11812,0,290,440.67495413135566,267.9080000089016,3751.5411999920616,479.5504571622079
1782918163,200,,Aggregated,58.700000,0.000000,290,320,330,350,1200,1300,1800,2000,2800,3600,3800,11869,0,290,440.57744318810364,267.9080000089016,3751.5411999920616,477.52489678995704
1782918164,200,,Aggregated,58.200000,0.000000,290,320,330,350,1200,1300,1800,2000,2800,3600,3800,11934,0,290,440.3621096279198,267.9080000089016,3751.5411999920616,475.2299312887548
1782918165,200,,Aggregated,59.400000,0.000000,290,320,330,350,1200,1300,1800,2000,2800,3600,3800,11989,0,290,440.24193629156713,267.9080000089016,3751.5411999920616,473.30753190424554
1782918166,200,,Aggregated,59.600000,0.000000,290,320,330,350,1200,1300,1800,2000,2800,3600,3800,12046,0,290,440.2796411256532,267.9080000089016,3751.5411999920616,471.36202888925783
1782918167,200,,Aggregated,59.300000,0.000000,290,320,330,350,1200,1300,1800,2000,2800,3600,3800,12110,0,290,440.11176303051747,267.9080000089016,3751.5411999920616,469.1791907514451
1782918168,200,,Aggregated,59.000000,0.000000,290,320,330,350,1200,1300,1800,2000,2800,3600,3800,12162,0,290,439.87916543328487,267.9080000089016,3751.5411999920616,467.40486762045714
1782918169,200,,Aggregated,59.100000,0.000000,290,320,330,350,1200,1300,1800,2000,2800,3600,3800,12214,0,290,439.6685927869363,267.9080000089016,3751.5411999920616,465.6565416734894
1782918170,200,,Aggregated,59.100000,0.000000,290,320,330,350,1200,1300,1800,2000,2800,3600,3800,12278,0,290,439.36966945753517,267.9080000089016,3751.5411999920616,463.50342075256555
1782918171,200,,Aggregated,58.000000,0.000000,290,320,330,350,1200,1300,1800,2000,2800,3600,3800,12341,0,290,439.6351951705361,267.9080000089016,3751.5411999920616,461.46633173972936
1782918172,200,,Aggregated,58.900000,0.000000,290,320,330,350,1200,1300,1800,2000,2800,3600,3800,12394,0,290,439.5125505566923,267.9080000089016,3751.5411999920616,459.7244634500565
1782918173,200,,Aggregated,58.700000,0.000000,290,320,330,350,1200,1300,1800,2000,2800,3600,3800,12455,0,290,439.2339100360969,267.9080000089016,3751.5411999920616,457.7318346045765
1782918174,200,,Aggregated,58.600000,0.000000,290,320,330,350,1200,1300,1800,2000,2800,3600,3800,12513,0,290,438.8920245664204,267.9080000089016,3751.5411999920616,455.8577479421402
1782918175,200,,Aggregated,57.600000,0.000000,290,320,330,350,1200,1300,1800,2000,2800,3600,3800,12572,0,290,438.60728205533314,267.9080000089016,3751.5411999920616,453.9684218899141
1782918176,200,,Aggregated,57.900000,0.000000,290,320,330,350,1200,1300,1800,2000,2800,3600,3800,12626,0,290,438.40526451763543,267.9080000089016,3751.5411999920616,452.2576429589735
1782918177,200,,Aggregated,57.400000,0.000000,290,320,330,350,1200,1300,1800,2000,2800,3600,3800,12692,0,290,438.34435739833486,267.9080000089016,3751.5411999920616,450.20690198550267
1782918178,200,,Aggregated,58.100000,0.000000,290,320,330,350,1200,1300,1800,2000,2800,3600,3800,12755,0,290,438.27460093294206,267.9080000089016,3751.5411999920616,448.27267738141904
1782918179,200,,Aggregated,58.600000,0.000000,290,320,330,350,1100,1300,1800,2000,2800,3600,3800,12811,0,290,438.1233125594917,267.9080000089016,3751.5411999920616,446.55741159940675
1782918180,200,,Aggregated,57.800000,0.000000,290,320,330,350,1100,1300,1800,2000,2800,3600,3800,12872,0,290,437.81005507299847,267.9080000089016,3751.5411999920616,444.7017557489124
1782918181,200,,Aggregated,58.400000,0.000000,290,320,330,350,1100,1300,1800,2000,2800,3600,3800,12932,0,290,437.5791427157133,267.9080000089016,3751.5411999920616,442.8845499536035
1782918182,200,,Aggregated,58.300000,0.000000,290,320,330,350,1100,1300,1800,2000,2800,3600,3800,12992,0,290,437.3922041640731,267.9080000089016,3751.5411999920616,441.0845905172414
1782918183,200,,Aggregated,58.500000,0.000000,290,320,330,350,1100,1300,1800,2000,2800,3600,3800,13058,0,290,437.1368305942467,267.9080000089016,3751.5411999920616,439.1388420891408
1782918184,200,,Aggregated,59.100000,0.000000,290,320,330,350,1100,1300,1800,2000,2800,3600,3800,13114,0,290,437.230661857538,267.9080000089016,3751.5411999920616,437.53050175385084
1782918185,200,,Aggregated,59.500000,0.000000,290,320,330,350,1100,1300,1800,2000,2800,3600,3800,13182,0,290,436.95341251705554,267.9080000089016,3751.5411999920616,435.5516613563951
1782918186,200,,Aggregated,60.200000,0.000000,290,320,330,350,1100,1300,1800,2000,2800,3600,3800,13231,0,290,436.9351720126787,267.9080000089016,3751.5411999920616,434.1604565036656
1782918187,200,,Aggregated,59.900000,0.000000,290,320,330,350,1100,1300,1800,2000,2800,3600,3800,13294,0,290,436.7932581615635,267.9080000089016,3751.5411999920616,432.3714457650068
1782918188,200,,Aggregated,60.500000,0.000000,290,320,330,350,1100,1300,1800,2000,2800,3600,3800,13336,0,290,436.73830545140106,267.9080000089016,3751.5411999920616,431.1974355128974
1782918189,200,,Aggregated,58.600000,0.000000,290,320,330,350,1100,1300,1800,2000,2800,3600,3800,13396,0,290,436.8534014332503,267.9080000089016,3751.5411999920616,429.5500149298298
1782918190,200,,Aggregated,59.200000,0.000000,290,320,330,350,1100,1300,1800,2000,2800,3600,3800,13458,0,290,436.67831050674914,267.9080000089016,3751.5411999920616,427.8329618071036
1782918191,200,,Aggregated,57.600000,0.000000,290,320,330,350,1100,1300,1800,2000,2800,3600,3800,13518,0,290,436.4523030847599,267.9080000089016,3751.5411999920616,426.1698476105933
1782918192,200,,Aggregated,58.700000,0.000000,290,320,330,350,1100,1300,1800,2000,2800,3600,3800,13574,0,290,436.32207627079515,267.9080000089016,3751.5411999920616,424.65153970826583
1782918193,200,,Aggregated,57.700000,0.000000,290,320,330,350,1100,1300,1800,2000,2800,3600,3800,13636,0,290,436.20876614840944,267.9080000089016,3751.5411999920616,422.98804634790264
1782918194,200,,Aggregated,58.200000,0.000000,290,320,330,350,1100,1300,1800,2000,2800,3600,3800,13694,0,290,436.17008806775124,267.9080000089016,3751.5411999920616,421.4496859938659
1782918195,200,,Aggregated,57.300000,0.000000,290,320,330,350,1100,1300,1800,2000,2800,3600,3800,13748,0,290,435.94464957082846,267.9080000089016,3751.5411999920616,420.0065464067501
1782918196,200,,Aggregated,57.000000,0.000000,290,320,330,350,1100,1300,1800,2000,2800,3600,3800,13814,0,290,435.575668589821,267.9080000089016,3751.5411999920616,418.2406978427682
1782918197,200,,Aggregated,57.200000,0.000000,290,310,330,350,1100,1300,1800,2000,2800,3600,3800,13866,0,290,435.49545666376383,267.9080000089016,3751.5411999920616,416.8937689311986
1782918198,200,,Aggregated,55.900000,0.000000,290,310,330,350,1100,1300,1800,2000,2800,3600,3800,13931,0,290,435.51836112983455,267.9080000089016,3751.5411999920616,415.2292010623789
1782918199,200,,Aggregated,57.300000,0.000000,290,320,330,350,1100,1300,1800,2000,2800,3600,3800,13981,0,290,435.55371494168656,267.9080000089016,3751.5411999920616,413.95765681996994
1782918200,200,,Aggregated,56.900000,0.000000,290,320,330,350,1100,1300,1800,1900,2800,3600,3800,14044,0,290,435.6512227071854,267.9080000089016,3751.5411999920616,412.3542438051837
1782918201,200,,Aggregated,59.100000,0.000000,290,320,330,350,1100,1300,1800,1900,2800,3600,3800,14106,0,290,435.4212867503006,267.9080000089016,3751.5411999920616,410.77364242166453
1782918202,200,,Aggregated,57.700000,0.000000,290,320,330,350,1100,1300,1800,1900,2800,3600,3800,14168,0,290,435.0987519339183,267.9080000089016,3751.5411999920616,409.1981931112366
1782918203,200,,Aggregated,58.300000,0.000000,290,310,330,350,1100,1300,1800,1900,2800,3600,3800,14214,0,290,434.968121070758,267.9080000089016,3751.5411999920616,408.0540312368088
1782918204,200,,Aggregated,58.000000,0.000000,290,310,330,350,1100,1300,1800,1900,2800,3600,3800,14276,0,290,434.96814525776284,267.9080000089016,3751.5411999920616,406.54595124684784
1782918205,200,,Aggregated,58.800000,0.000000,290,310,330,350,1100,1300,1800,1900,2800,3600,3800,14339,0,290,434.9633958434858,267.9080000089016,3751.5411999920616,405.0175047074412
1782918206,200,,Aggregated,57.000000,0.000000,290,320,330,350,1100,1300,1800,1900,2800,3600,3800,14400,0,290,434.9966320485922,267.9080000089016,3751.5411999920616,403.543125
1782918208,200,,Aggregated,57.600000,0.000000,290,310,330,350,1100,1300,1800,1900,2800,3600,3800,14459,0,290,434.8589225949028,267.9080000089016,3751.5411999920616,402.121930977246
1782918209,200,,Aggregated,59.000000,0.000000,290,310,330,350,1100,1300,1800,1900,2800,3600,3800,14515,0,290,434.63305802960474,267.9080000089016,3751.5411999920616,400.7777471581123
1782918210,200,,Aggregated,58.300000,0.000000,290,310,330,350,1100,1300,1800,1900,2800,3600,3800,14574,0,290,434.5732402771834,267.9080000089016,3751.5411999920616,399.3955674488816
1782918211,200,,Aggregated,58.200000,0.000000,290,310,330,350,1100,1300,1800,1900,2800,3600,3800,14634,0,290,434.30959841462726,267.9080000089016,3751.5411999920616,397.96733634003004
1782918212,200,,Aggregated,58.800000,0.000000,290,310,330,350,1100,1300,1800,1900,2800,3600,3800,14693,0,290,434.014394146855,267.9080000089016,3751.5411999920616,396.5744231947186
1782918213,200,,Aggregated,58.500000,0.000000,290,310,330,350,1100,1300,1800,1900,2800,3600,3800,14750,0,290,434.14410913896967,267.9080000089016,3751.5411999920616,395.29030508474574
1782918214,200,,Aggregated,58.400000,0.000000,290,310,330,350,1100,1300,1800,1900,2800,3600,3800,14801,0,290,434.02438906153503,267.9080000089016,3751.5411999920616,394.1161408012972
1782918215,200,,Aggregated,57.900000,0.000000,290,310,330,350,1100,1300,1800,1900,2800,3600,3800,14869,0,290,434.03659728292325,267.9080000089016,3751.5411999920616,392.5855807384491
1782918216,200,,Aggregated,58.400000,0.000000,290,310,330,350,1100,1300,1800,1900,2800,3600,3800,14924,0,290,433.9414356070566,267.9080000089016,3751.5411999920616,391.34528276601446
1782918217,200,,Aggregated,58.800000,0.000000,290,310,330,340,1100,1300,1800,1900,2800,3600,3800,14987,0,290,433.7770440314749,267.9080000089016,3751.5411999920616,389.9304063521719
1782918218,200,,Aggregated,57.600000,0.000000,290,310,330,340,1100,1300,1800,1900,2800,3600,3800,15043,0,290,433.88836196234536,267.9080000089016,3751.5411999920616,388.7114937180084
1782918219,200,,Aggregated,58.200000,0.000000,290,310,330,340,1100,1300,1800,1900,2800,3600,3800,15094,0,290,433.8186570093788,267.9080000089016,3751.5411999920616,387.5906320392209
1782918220,200,,Aggregated,57.500000,0.000000,290,310,330,340,1100,1300,1800,1900,2800,3600,3800,15152,0,290,433.67012558734865,267.9080000089016,3751.5411999920616,386.31942977824707
1782918221,200,,Aggregated,57.500000,0.000000,290,310,330,340,1100,1300,1800,1900,2800,3600,3800,15210,0,290,433.3918752728158,267.9080000089016,3751.5411999920616,385.0497041420118
1782918222,200,,Aggregated,57.600000,0.000000,290,310,330,340,1100,1300,1800,1900,2800,3600,3800,15274,0,290,433.4499563309895,267.9080000089016,3751.5411999920616,383.68056828597616
1782918223,200,,Aggregated,57.300000,0.000000,290,310,330,340,1100,1300,1800,1900,2800,3600,3800,15329,0,290,433.1436695544143,267.9080000089016,3751.5411999920616,382.4811794637615
1782918224,200,,Aggregated,57.500000,0.000000,290,310,330,340,1100,1300,1800,1900,2800,3600,3800,15390,0,290,433.13493293044763,267.9080000089016,3751.5411999920616,381.19896036387263
1782918225,200,,Aggregated,57.600000,0.000000,290,310,330,340,1100,1300,1800,1900,2800,3600,3800,15452,0,290,432.961977692182,267.9080000089016,3751.5411999920616,379.88952886357754
1782918226,200,,Aggregated,58.100000,0.000000,290,310,330,340,1100,1300,1800,1900,2800,3600,3800,15509,0,290,433.0186438067941,267.9080000089016,3751.5411999920616,378.7139725320782
1782918227,200,,Aggregated,57.600000,0.000000,290,310,330,340,1100,1300,1800,1900,2800,3600,3800,15567,0,290,432.84228473691246,267.9080000089016,3751.5411999920616,377.50986060255667
1782918228,200,,Aggregated,58.300000,0.000000,290,310,330,340,1100,1300,1800,1900,2800,3600,3800,15630,0,290,432.92366339728426,267.9080000089016,3751.5411999920616,376.24005118362123
1782918229,200,,Aggregated,57.300000,0.000000,290,310,330,340,1100,1300,1800,1900,2800,3600,3800,15689,0,290,432.76749555099497,267.9080000089016,3751.5411999920616,375.02536809229395
1782918230,200,,Aggregated,58.400000,0.000000,290,310,330,340,1100,1300,1800,1900,2800,3600,3800,15751,0,290,432.80539238140386,267.9080000089016,3751.5411999920616,373.77264935559646
1782918231,200,,Aggregated,59.000000,0.000000,290,310,330,340,1100,1300,1800,1900,2800,3600,3800,15803,0,290,432.52033615133047,267.9080000089016,3751.5411999920616,372.71378852116686
1782918232,200,,Aggregated,58.700000,0.000000,290,310,330,340,1100,1300,1800,1900,2800,3600,3800,15866,0,290,432.4951040148399,267.9080000089016,3751.5411999920616,371.46590192865244
1782918233,200,,Aggregated,58.000000,0.000000,290,310,330,340,1100,1300,1800,1900,2800,3600,3800,15921,0,290,432.1927300734522,267.9080000089016,3751.5411999920616,370.35330695308085
1782918234,200,,Aggregated,58.900000,0.000000,290,310,330,340,1100,1300,1800,1900,2800,3600,3800,15982,0,290,432.11525442995185,267.9080000089016,3751.5411999920616,369.1649981228882
1782918235,200,,Aggregated,58.600000,0.000000,290,310,330,340,1100,1300,1800,1900,2800,3600,3800,16040,0,290,432.17304963214207,267.9080000089016,3751.5411999920616,368.0536783042394
1782918236,200,,Aggregated,58.500000,0.000000,290,310,330,340,1100,1300,1800,1900,2800,3600,3800,16095,0,290,432.0834292885717,267.9080000089016,3751.5411999920616,366.9793103448276
1782918237,200,,Aggregated,58.800000,0.000000,290,310,330,340,1100,1300,1800,1900,2800,3600,3800,16155,0,290,431.74969533268796,267.9080000089016,3751.5411999920616,365.8055710306407
1782918238,200,,Aggregated,58.400000,0.000000,290,310,330,340,1100,1300,1800,1900,2800,3600,3800,16218,0,290,431.67577882597345,267.9080000089016,3751.5411999920616,364.61222098902454
1782918239,200,,Aggregated,58.800000,0.000000,290,310,330,340,1100,1300,1800,1900,2800,3600,3800,16271,0,290,431.5973897301707,267.9080000089016,3751.5411999920616,363.6086903079098
1782918240,200,,Aggregated,58.300000,0.000000,290,310,330,340,1100,1300,1800,1900,2800,3600,3800,16330,0,290,431.50641543781745,267.9080000089016,3751.5411999920616,362.5021432945499
1782918241,200,,Aggregated,58.100000,0.000000,290,310,330,340,1100,1300,1800,1900,2800,3600,3800,16382,0,290,431.3586571785838,267.9080000089016,3751.5411999920616,361.5239897448419
1782918242,200,,Aggregated,57.800000,0.000000,290,310,330,340,1100,1300,1800,1900,2800,3600,3800,16457,0,290,431.28886926533295,267.9080000089016,3751.5411999920616,360.125843106277
1782918243,200,,Aggregated,58.300000,0.000000,290,310,330,340,1100,1300,1800,1900,2800,3600,3800,16517,0,290,431.1191298903909,267.9080000089016,3751.5411999920616,359.01029242598537
1782918244,200,,Aggregated,57.700000,0.000000,290,310,330,340,1100,1300,1800,1900,2800,3600,3800,16564,0,290,430.93286057712453,267.9080000089016,3751.5411999920616,358.14157208403765
1782918245,200,,Aggregated,58.000000,0.000000,290,310,330,340,1100,1300,1800,1900,2800,3600,3800,16635,0,290,430.91454738199434,267.9080000089016,3751.5411999920616,356.8712353471596
1782918246,200,,Aggregated,58.800000,0.000000,290,310,330,340,1100,1300,1800,1900,2800,3600,3800,16685,0,290,430.8619908660215,267.9080000089016,3751.5411999920616,355.96577764459096
1782918247,200,,Aggregated,58.300000,0.000000,290,310,330,340,1100,1300,1800,1900,2800,3600,3800,16750,0,290,430.71330411340244,267.9080000089016,3751.5411999920616,354.7950447761194
1782918248,200,,Aggregated,58.700000,0.000000,290,310,330,340,1100,1300,1800,1900,2800,3600,3800,16810,0,290,430.6287158179376,267.9080000089016,3751.5411999920616,353.7258774538965
1782918249,200,,Aggregated,59.000000,0.000000,290,310,330,340,1100,1300,1800,1900,2800,3600,3800,16867,0,290,430.67767905967645,267.9080000089016,3751.5411999920616,352.7407956364499
1782918250,200,,Aggregated,57.900000,0.000000,290,310,330,340,1100,1300,1800,1900,2800,3600,3800,16920,0,290,430.58732722810424,267.9080000089016,3751.5411999920616,351.81282505910167
1782918251,200,,Aggregated,57.800000,0.000000,290,310,330,340,1100,1300,1800,1900,2800,3600,3800,16979,0,290,430.60196404379155,267.9080000089016,3751.5411999920616,350.7971611991283
1782918252,200,,Aggregated,57.800000,0.000000,290,310,330,340,1100,1300,1800,1900,2700,3600,3800,17041,0,290,430.451037855738,267.9080000089016,3751.5411999920616,349.727422099642
1782918253,200,,Aggregated,59.200000,0.000000,290,310,330,340,1100,1300,1800,1900,2700,3600,3800,17103,0,290,430.1861634040594,267.9080000089016,3751.5411999920616,348.6440975267497
1782918254,200,,Aggregated,58.100000,0.000000,290,310,330,340,1100,1300,1800,1900,2700,3600,3800,17162,0,290,430.0339775025991,267.9080000089016,3751.5411999920616,347.63582333061413
1782918255,200,,Aggregated,58.900000,0.000000,290,310,330,340,1100,1300,1800,1900,2700,3600,3800,17220,0,290,429.9428993031123,267.9080000089016,3751.5411999920616,346.658768873403
1782918256,200,,Aggregated,58.200000,0.000000,290,310,330,340,1100,1300,1800,1900,2700,3600,3800,17276,0,290,429.6506022053463,267.9080000089016,3751.5411999920616,345.6949525353091
1782918257,200,,Aggregated,57.600000,0.000000,290,310,330,340,1100,1300,1800,1900,2700,3600,3800,17329,0,290,429.7744885740438,267.9080000089016,3751.5411999920616,344.8390559178256
1782918258,200,,Aggregated,57.400000,0.000000,290,310,330,340,1100,1300,1800,1900,2700,3600,3800,17378,0,290,429.82251825869236,267.9080000089016,3751.5411999920616,344.0360801012775
1782918259,200,,Aggregated,56.900000,0.000000,290,310,330,340,1100,1300,1800,1900,2700,3600,3800,17453,0,290,429.70499215605287,267.9080000089016,3751.5411999920616,342.7927576920873
1782918260,200,,Aggregated,57.000000,0.000000,290,310,330,340,1100,1300,1800,1900,2700,3600,3800,17516,0,290,429.3767034368377,267.9080000089016,3751.5411999920616,341.7351564284083
1782918261,200,,Aggregated,57.200000,0.000000,290,310,330,340,1100,1300,1800,1900,2700,3600,3800,17570,0,290,429.3746667273587,267.9080000089016,3751.5411999920616,340.8577120091064
1782918262,200,,Aggregated,58.900000,0.000000,290,310,330,340,1100,1300,1800,1900,2700,3600,3800,17627,0,290,429.3675787655095,267.9080000089016,3751.5411999920616,339.94916888863673
1782918263,200,,Aggregated,57.300000,0.000000,290,310,330,340,1100,1300,1800,1900,2700,3600,3800,17682,0,290,429.1449814330774,267.9080000089016,3751.5411999920616,339.0447347585115
1782918264,200,,Aggregated,58.300000,0.000000,290,310,330,340,1100,1300,1800,1900,2700,3600,3800,17736,0,290,428.9526192433292,267.9080000089016,3751.5411999920616,338.1698240866035
1782918265,200,,Aggregated,57.000000,0.000000,290,310,330,340,1100,1300,1800,1900,2700,3600,3800,17804,0,290,429.0229035160471,267.9080000089016,3751.5411999920616,337.10525724556277
1782918266,200,,Aggregated,57.200000,0.000000,290,310,330,340,1100,1300,1800,1900,2700,3600,3800,17868,0,290,428.77716628608056,267.9080000089016,3751.5411999920616,336.079079919409
1782918267,200,,Aggregated,58.000000,0.000000,290,310,330,340,1100,1300,1800,1900,2700,3600,3800,17933,0,290,428.64458942171416,267.9080000089016,3751.5411999920616,335.05777059053145
1782918268,200,,Aggregated,58.600000,0.000000,290,310,330,340,1100,1300,1800,1900,2700,3600,3800,17986,0,290,428.4546617313263,267.9080000089016,3751.5411999920616,334.2161681307684
1782918269,200,,Aggregated,59.100000,0.000000,290,310,330,340,1100,1300,1800,1900,2700,3600,3800,18050,0,290,428.37193061493514,267.9080000089016,3751.5411999920616,333.2242105263158
1782918270,200,,Aggregated,60.300000,0.000000,290,310,330,340,1100,1300,1800,1900,2700,3600,3800,18096,0,290,428.36577547521995,267.9080000089016,3751.5411999920616,332.5253094606543
1782918271,200,,Aggregated,60.300000,0.000000,290,310,330,340,1100,1300,1800,1900,2700,3600,3800,18160,0,290,428.37198224666764,267.9080000089016,3751.5411999920616,331.5593061674009
1782918272,200,,Aggregated,59.000000,0.000000,290,310,330,340,1100,1300,1800,1900,2700,3600,3800,18213,0,290,428.31069882498514,267.9080000089016,3751.5411999920616,330.75896337780705
1782918273,200,,Aggregated,59.100000,0.000000,290,310,330,340,1100,1300,1800,1900,2700,3600,3800,18279,0,290,428.3360162426531,267.9080000089016,3751.5411999920616,329.78045844958694
1782918274,200,,Aggregated,58.100000,0.000000,290,310,330,340,1100,1300,1700,1900,2700,3600,3800,18344,0,290,428.203917253566,267.9080000089016,3751.5411999920616,328.81149149585696
1782918275,200,,Aggregated,58.900000,0.000000,290,310,330,340,1100,1300,1700,1900,2700,3600,3800,18411,0,290,428.0210398945964,267.9080000089016,3751.5411999920616,327.81174297974036
1782918276,200,,Aggregated,58.700000,0.000000,290,310,330,340,1100,1300,1700,1900,2700,3600,3800,18469,0,290,427.81087183385506,267.9080000089016,3751.5411999920616,326.9498077860198
1782918277,200,,Aggregated,60.000000,0.000000,290,310,330,340,1100,1300,1700,1900,2700,3600,3800,18532,0,290,427.7874690858802,267.9080000089016,3751.5411999920616,326.037340815886
1782918278,200,,Aggregated,59.500000,0.000000,290,310,330,340,1100,1300,1700,1900,2700,3600,3800,18585,0,290,427.7856163733935,267.9080000089016,3751.5411999920616,325.27527576002154
1782918279,200,,Aggregated,60.100000,0.000000,290,310,330,340,1100,1300,1700,1900,2700,3600,3800,18650,0,290,427.5110479463605,267.9080000089016,3751.5411999920616,324.3176943699732
1782918280,200,,Aggregated,59.500000,0.000000,290,310,330,340,1100,1300,1700,1900,2700,3600,3800,18709,0,290,427.4472271901047,267.9080000089016,3751.5411999920616,323.4825485060666
1782918281,200,,Aggregated,59.100000,0.000000,290,310,330,340,1100,1300,1700,1900,2700,3600,3800,18769,0,290,427.1700033512469,267.9080000089016,3751.5411999920616,322.61154030582344
1782918282,200,,Aggregated,58.700000,0.000000,290,310,330,340,1100,1300,1700,1900,2700,3600,3800,18826,0,290,427.2550407521297,267.9080000089016,3751.5411999920616,321.8163178582811
1782918283,200,,Aggregated,60.600000,0.000000,290,310,330,340,1100,1300,1700,1900,2700,3600,3800,18887,0,290,426.92296992638416,267.9080000089016,3751.5411999920616,320.93498173346745
1782918284,200,,Aggregated,60.800000,0.000000,290,310,330,340,1100,1300,1700,1900,2700,3600,3800,18936,0,290,427.1385672950751,267.9080000089016,3751.5411999920616,320.2789923954373
1782918285,200,,Aggregated,60.000000,0.000000,290,310,330,340,1100,1300,1700,1900,2700,3600,3800,18997,0,290,426.97592993628416,267.9080000089016,3751.5411999920616,319.4208559246197
1782918286,200,,Aggregated,60.100000,0.000000,290,310,330,340,1100,1300,1700,1900,2700,3600,3800,19063,0,290,426.92704570631946,267.9080000089016,3751.5411999920616,318.52216335309237
1782918287,200,,Aggregated,57.900000,0.000000,290,310,330,340,1100,1300,1700,1900,2700,3600,3800,19114,0,290,427.0610481479305,267.9080000089016,3751.5411999920616,317.8437271110181
1782918288,200,,Aggregated,58.100000,0.000000,290,310,330,340,1100,1300,1700,1900,2700,3600,3800,19178,0,290,426.9234705287078,267.9080000089016,3751.5411999920616,316.95833767859006
1782918289,200,,Aggregated,58.700000,0.000000,290,310,330,340,1100,1300,1700,1900,2700,3600,3800,19238,0,290,426.8799015801805,267.9080000089016,3751.5411999920616,316.1418026821915
1782918290,200,,Aggregated,57.900000,0.000000,290,310,330,340,1100,1300,1700,1900,2700,3600,3800,19288,0,290,426.683373190562,267.9080000089016,3751.5411999920616,315.45774574865203
1782918291,200,,Aggregated,58.500000,0.000000,290,310,330,340,1100,1300,1700,1900,2700,3600,3800,19357,0,290,426.847321310098,267.9080000089016,3751.5411999920616,314.55690447899985
1782918292,200,,Aggregated,58.700000,0.000000,290,310,330,340,1100,1300,1700,1900,2700,3600,3800,19411,0,290,426.8021031064655,267.9080000089016,3751.5411999920616,313.8385966719901
1782918293,200,,Aggregated,57.300000,0.000000,290,310,330,340,1100,1300,1700,1900,2700,3600,3800,19475,0,290,426.66386489856666,267.9080000089016,3751.5411999920616,312.9858793324775
1782918294,200,,Aggregated,57.800000,0.000000,290,310,330,340,1100,1300,1700,1900,2700,3600,3800,19526,0,290,426.59121053465407,267.9080000089016,3751.5411999920616,312.3110212024992
1782918295,200,,Aggregated,58.300000,0.000000,290,310,330,340,1100,1300,1700,1900,2700,3600,3800,19584,0,290,426.44660956901737,267.9080000089016,3751.5411999920616,311.5439644607843
1782918296,200,,Aggregated,59.200000,0.000000,290,310,330,340,1100,1300,1700,1900,2700,3600,3800,19639,0,290,426.4378853556524,267.9080000089016,3751.5411999920616,310.841132440552
1782918297,200,,Aggregated,59.100000,0.000000,290,310,330,340,1100,1300,1700,1900,2700,3600,3800,19696,0,290,426.3059645257786,267.9080000089016,3751.5411999920616,310.0964662875711
1782918298,200,,Aggregated,58.900000,0.000000,290,310,330,340,1100,1300,1700,1900,2700,3600,3800,19758,0,290,426.3082094645086,267.9080000089016,3751.5411999920616,309.3076728413807
1782918299,200,,Aggregated,56.400000,0.000000,290,310,330,340,1100,1300,1700,1900,2700,3600,3800,19820,0,290,426.20363698283177,267.9080000089016,3751.5411999920616,308.5118062563068
1782918300,200,,Aggregated,57.800000,0.000000,290,310,330,340,1100,1300,1700,1900,2700,3600,3800,19892,0,290,426.348331731337,267.9080000089016,3751.5411999920616,307.62593002211946
1782918301,200,,Aggregated,57.400000,0.000000,290,310,330,340,1100,1300,1700,1900,2700,3600,3800,19940,0,290,426.30963639918406,267.9080000089016,3751.5411999920616,307.0244734202608
1782918302,200,,Aggregated,58.100000,0.000000,290,310,330,340,1100,1300,1700,1900,2700,3600,3800,20002,0,290,426.2543036396175,267.9080000089016,3751.5411999920616,306.24897510248974
1782918303,200,,Aggregated,59.600000,0.000000,290,310,330,340,1100,1300,1700,1900,2700,3600,3800,20060,0,290,426.2404267696767,267.9080000089016,3751.5411999920616,305.5363409770688
1782918304,200,,Aggregated,58.500000,0.000000,290,310,330,340,1100,1300,1700,1900,2700,3600,3800,20114,0,290,426.1406366311886,267.9080000089016,3751.5411999920616,304.85482748334493
1782918305,200,,Aggregated,59.000000,0.000000,290,310,330,340,1100,1300,1700,1900,2700,3600,3800,20174,0,290,425.96316931692996,267.9080000089016,3751.5411999920616,304.0999801724993
1782918306,200,,Aggregated,57.800000,0.000000,290,310,330,340,1100,1300,1700,1900,2700,3600,3800,20241,0,290,426.0362064769384,267.9080000089016,3751.5411999920616,303.29064769527196
1782918307,200,,Aggregated,58.000000,0.000000,290,310,330,340,1100,1300,1700,1900,2700,3600,3800,20295,0,290,425.88097107167863,267.9080000089016,3751.5411999920616,302.6272480906627
1782918308,200,,Aggregated,58.400000,0.000000,290,310,330,340,1100,1300,1700,1900,2700,3600,3800,20349,0,290,426.0663379920245,267.9080000089016,3751.5411999920616,301.9916457811195
1782918309,200,,Aggregated,59.900000,0.000000,290,310,330,340,1100,1300,1700,1900,2700,3600,3800,20400,0,290,426.3679232156729,267.9080000089016,3751.5411999920616,301.3793137254902
1782918310,200,,Aggregated,59.200000,0.000000,290,310,330,340,1100,1300,1700,1900,2700,3600,3800,20462,0,290,426.4217997605183,267.9080000089016,3751.5411999920616,300.63825627993356
1782918312,200,,Aggregated,58.500000,0.000000,290,310,330,340,1100,1300,1700,1900,2700,3600,3800,20520,0,290,426.3907592543733,267.9080000089016,3751.5411999920616,299.95126705653024
1782918313,200,,Aggregated,56.400000,0.000000,290,310,330,340,1100,1300,1700,1900,2700,3600,3800,20577,0,290,426.22352397335703,267.9080000089016,3751.5411999920616,299.26267191524516
1782918314,200,,Aggregated,57.200000,0.000000,290,310,330,340,1000,1300,1700,1900,2700,3600,3800,20638,0,290,426.0439160480548,267.9080000089016,3751.5411999920616,298.52892722163
1782918315,200,,Aggregated,57.200000,0.000000,290,310,330,340,1000,1300,1700,1900,2700,3600,3800,20695,0,290,426.11756937423206,267.9080000089016,3751.5411999920616,297.8658129983088
1782918316,200,,Aggregated,57.300000,0.000000,290,310,330,340,1000,1300,1700,1900,2700,3600,3800,20759,0,290,426.06151143599294,267.9080000089016,3751.5411999920616,297.1158533648056
1782918317,200,,Aggregated,57.700000,0.000000,290,310,330,340,1000,1300,1700,1900,2700,3600,3800,20815,0,290,426.05966523179177,267.9080000089016,3751.5411999920616,296.47283209224116
1782918318,200,,Aggregated,57.200000,0.000000,290,310,330,340,1000,1300,1700,1900,2700,3600,3800,20869,0,290,426.1189936316881,267.9080000089016,3751.5411999920616,295.8512147203987
1782918319,200,,Aggregated,56.800000,0.000000,290,310,330,340,1000,1300,1700,1900,2700,3600,3800,20927,0,290,426.07808594637237,267.9080000089016,3751.5411999920616,295.18497634634684
1782918320,200,,Aggregated,56.900000,0.000000,290,310,330,340,1000,1300,1700,1900,2700,3600,3800,20985,0,290,425.94897238025635,267.9080000089016,3751.5411999920616,294.5107934238742
1782918321,200,,Aggregated,57.300000,0.000000,290,310,330,340,1000,1300,1700,1900,2700,3600,3800,21053,0,290,425.7979425354922,267.9080000089016,3751.5411999920616,293.72768726547287
1782918322,200,,Aggregated,57.900000,0.000000,290,310,330,340,1000,1300,1700,1900,2700,3600,3800,21109,0,290,425.91296149508105,267.9080000089016,3751.5411999920616,293.11426405798477
1782918323,200,,Aggregated,58.400000,0.000000,290,310,330,340,1000,1300,1700,1900,2700,3600,3800,21165,0,290,425.76512477674123,267.9080000089016,3751.5411999920616,292.4808410111032
1782918324,200,,Aggregated,58.000000,0.000000,290,310,330,340,1000,1300,1700,1900,2700,3600,3800,21228,0,290,425.7751323770354,267.9080000089016,3751.5411999920616,291.7864612775579
1782918325,200,,Aggregated,58.500000,0.000000,290,310,330,340,1000,1300,1700,1900,2700,3600,3800,21280,0,290,425.72544509866947,267.9080000089016,3751.5411999920616,291.2061560150376
1782918326,200,,Aggregated,58.100000,0.000000,290,310,330,340,1000,1300,1700,1900,2700,3600,3800,21336,0,290,425.6163537729557,267.9080000089016,3751.5411999920616,290.5828177727784
1782918327,200,,Aggregated,58.300000,0.000000,290,310,330,340,1000,1300,1700,1900,2700,3600,3800,21393,0,290,425.68876485297955,267.9080000089016,3751.5411999920616,289.96816715748145
1782918328,200,,Aggregated,57.200000,0.000000,290,310,330,340,1000,1300,1700,1900,2700,3600,3800,21452,0,290,425.51438654669977,267.9080000089016,3751.5411999920616,289.3056125303002
1782918329,200,,Aggregated,57.400000,0.000000,290,310,330,340,1000,1300,1700,1900,2700,3600,3800,21510,0,290,425.60035339841016,267.9080000089016,3751.5411999920616,288.68079962807997
1782918330,200,,Aggregated,58.000000,0.000000,290,310,330,340,1000,1300,1700,1900,2700,3600,3800,21573,0,290,425.6418748435456,267.9080000089016,3751.5411999920616,288.00899272238445
1782918331,200,,Aggregated,58.300000,0.000000,290,310,330,340,1000,1300,1700,1900,2700,3600,3800,21639,0,290,425.7413941124723,267.9080000089016,3751.5411999920616,287.29594713249224
1782918332,200,,Aggregated,57.800000,0.000000,290,310,330,340,1000,1300,1700,1900,2700,3600,3800,21700,0,290,425.7721049677358,267.9080000089016,3751.5411999920616,286.648202764977
1782918333,200,,Aggregated,58.100000,0.000000,290,310,330,340,1000,1300,1700,1900,2700,3600,3800,21746,0,290,425.621679908941,267.9080000089016,3751.5411999920616,286.14250896716635
1782918334,200,,Aggregated,58.800000,0.000000,290,310,330,340,1000,1300,1700,1900,2700,3600,3800,21804,0,290,425.6695990735552,267.9080000089016,3751.5411999920616,285.5403595670519
1782918335,200,,Aggregated,57.700000,0.000000,290,310,330,340,1000,1300,1700,1900,2700,3600,3800,21858,0,290,425.88164985816644,267.9080000089016,3751.5411999920616,284.99656876200936
1782918336,200,,Aggregated,57.500000,0.000000,290,310,330,340,1000,1300,1700,1900,2700,3600,3800,21924,0,290,425.7148718390753,267.9080000089016,3751.5411999920616,284.2905491698595
1782918337,200,,Aggregated,56.900000,0.000000,290,310,330,340,1000,1300,1700,1900,2700,3600,3800,21985,0,290,425.7791478235099,267.9080000089016,3751.5411999920616,283.6599044803275
1782918338,200,,Aggregated,59.100000,0.000000,290,310,330,340,1000,1300,1700,1900,2700,3600,3800,22040,0,290,425.815321025402,267.9080000089016,3751.5411999920616,283.0975499092559
1782918339,200,,Aggregated,58.600000,0.000000,290,310,330,340,1000,1300,1700,1900,2700,3600,3800,22102,0,290,425.8323953895533,267.9080000089016,3751.5411999920616,282.4626730612614
1782918340,200,,Aggregated,58.000000,0.000000,290,310,330,340,1000,1300,1700,1900,2700,3600,3800,22153,0,290,425.809894136232,267.9080000089016,3751.5411999920616,281.9435742337381
1782918341,200,,Aggregated,58.200000,0.000000,290,310,330,340,1000,1300,1700,1900,2700,3600,3800,22211,0,290,425.91273408670986,267.9080000089016,3751.5411999920616,281.3688712799964
1782918342,200,,Aggregated,58.200000,0.000000,290,310,330,340,1000,1300,1700,1900,2700,3600,3800,22272,0,290,425.703178089075,267.9080000089016,3751.5411999920616,280.7322647270115
1782918343,200,,Aggregated,56.700000,0.000000,290,310,330,340,1000,1300,1700,1900,2700,3600,3800,22337,0,290,425.72927858261676,267.9080000089016,3751.5411999920616,280.0731969378162
1782918344,200,,Aggregated,56.800000,0.000000,290,310,330,340,1000,1300,1700,1900,2700,3600,3800,22386,0,290,425.72769932546765,267.9080000089016,3751.5411999920616,279.5694630572679
1782918345,200,,Aggregated,58.300000,0.000000,290,310,330,340,1000,1300,1700,1900,2700,3600,3800,22455,0,290,425.90347800489513,267.9080000089016,3751.5411999920616,278.8868403473614
1782918346,200,,Aggregated,57.900000,0.000000,290,310,330,340,1000,1300,1700,1900,2700,3600,3800,22508,0,290,425.9878459125606,267.9080000089016,3751.5411999920616,278.373911498134
1782918347,200,,Aggregated,59.100000,0.000000,290,310,330,340,1000,1300,1700,1900,2700,3600,3800,22564,0,290,425.80797890444353,267.9080000089016,3751.5411999920616,277.81089345860664
1782918348,200,,Aggregated,57.600000,0.000000,290,310,330,340,1000,1300,1700,1900,2700,3600,3800,22624,0,290,425.7035164736508,267.9080000089016,3751.5411999920616,277.220297029703
1782918349,200,,Aggregated,57.500000,0.000000,290,310,330,340,1000,1300,1700,1900,2700,3600,3800,22679,0,290,425.7417395167283,267.9080000089016,3751.5411999920616,276.6895806693417
1782918350,200,,Aggregated,57.900000,0.000000,290,310,330,340,1000,1300,1700,1900,2700,3600,3800,22747,0,290,425.62009607859665,267.9080000089016,3751.5411999920616,276.01798039301883
1782918351,200,,Aggregated,57.000000,0.000000,290,310,330,340,1000,1300,1700,1900,2700,3600,3800,22801,0,290,425.69022906012384,267.9080000089016,3751.5411999920616,275.50296039647384
1782918352,200,,Aggregated,58.400000,0.000000,290,310,330,340,1000,1300,1700,1900,2700,3600,3800,22857,0,290,425.5495184538593,267.9080000089016,3751.5411999920616,274.95410596316225
1782918353,200,,Aggregated,58.800000,0.000000,290,310,330,340,1000,1300,1700,1900,2700,3600,3800,22917,0,290,425.5855766286995,267.9080000089016,3751.5411999920616,274.39472880394464
1782918354,200,,Aggregated,58.100000,0.000000,290,310,330,340,1000,1300,1700,1900,2700,3600,3800,22977,0,290,425.6837321060135,267.9080000089016,3751.5411999920616,273.83836009922965
1782918355,200,,Aggregated,57.200000,0.000000,290,310,330,340,1000,1300,1700,1900,2700,3600,3800,23036,0,290,425.5374808430232,267.9080000089016,3751.5411999920616,273.2730074665741
1782918356,200,,Aggregated,58.200000,0.000000,290,310,330,340,1000,1300,1700,1900,2700,3600,3800,23097,0,290,425.4538031519206,267.9080000089016,3751.5411999920616,272.70182274754296
1782918357,200,,Aggregated,56.500000,0.000000,290,310,330,340,1000,1300,1700,1900,2700,3600,3800,23157,0,290,425.32780145096297,267.9080000089016,3751.5411999920616,272.12743446905904
1782918358,200,,Aggregated,58.300000,0.000000,290,310,330,340,1000,1300,1700,1900,2700,3600,3800,23210,0,290,425.24117893149673,267.9080000089016,3751.5411999920616,271.62964239551917
1782918359,200,,Aggregated,57.800000,0.000000,290,310,330,340,1000,1300,1700,1900,2700,3600,3800,23262,0,290,425.1618858610648,267.9080000089016,3751.5411999920616,271.14947124065
1782918360,200,,Aggregated,58.600000,0.000000,290,310,330,340,1000,1300,1700,1900,2700,3600,3800,23321,0,290,425.25181353715755,267.9080000089016,3751.5411999920616,270.6191844260538
1782918361,200,,Aggregated,58.100000,0.000000,290,310,330,340,1000,1300,1700,1900,2700,3600,3800,23389,0,290,425.02006557356117,267.9080000089016,3751.5411999920616,269.97332079182524
1782918362,200,,Aggregated,57.400000,0.000000,290,310,330,340,1000,1300,1700,1900,2700,3600,3800,23448,0,290,424.9351504947131,267.9080000089016,3751.5411999920616,269.4276270897305
1782918363,200,,Aggregated,57.200000,0.000000,290,310,330,340,1000,1300,1700,1900,2700,3600,3800,23505,0,290,424.9431014932994,267.9080000089016,3751.5411999920616,268.9143586470964
1782918364,200,,Aggregated,58.400000,0.000000,290,310,330,340,1000,1300,1700,1900,2700,3600,3800,23560,0,290,424.8798447835318,267.9080000089016,3751.5411999920616,268.4174872665535
1782918365,200,,Aggregated,58.900000,0.000000,290,310,330,340,1000,1300,1700,1900,2700,3600,3800,23633,0,290,424.8000581390458,267.9080000089016,3751.5411999920616,267.76329708458513
1782918366,200,,Aggregated,58.300000,0.000000,290,310,330,340,990,1300,1700,1900,2700,3600,3800,23679,0,290,424.5985158832732,267.9080000089016,3751.5411999920616,267.33540267747793
1782918367,200,,Aggregated,60.300000,0.000000,290,310,330,340,990,1300,1700,1900,2700,3600,3800,23738,0,290,424.5027199932588,267.9080000089016,3751.5411999920616,266.8083663324627
1782918368,200,,Aggregated,58.200000,0.000000,290,310,330,340,990,1300,1700,1900,2700,3600,3800,23800,0,290,424.43468223529294,267.9080000089016,3751.5411999920616,266.2561344537815
1782918369,200,,Aggregated,58.800000,0.000000,290,310,330,340,990,1300,1700,1900,2700,3600,3800,23868,0,290,424.4584189081591,267.9080000089016,3751.5411999920616,265.6667504608681
1782918370,200,,Aggregated,58.300000,0.000000,290,310,330,340,990,1300,1700,1900,2700,3600,3800,23927,0,290,424.525121887404,267.9080000089016,3751.5411999920616,265.14807539599616
1782918371,200,,Aggregated,60.500000,0.000000,290,310,330,340,990,1300,1700,1900,2700,3600,3800,23991,0,290,424.71491162519226,267.9080000089016,3751.5411999920616,264.6017256471177
1782918372,200,,Aggregated,59.300000,0.000000,290,310,330,340,990,1300,1700,1900,2700,3600,3800,24043,0,290,424.68362980077404,267.9080000089016,3751.5411999920616,264.14178763049534
1782918373,200,,Aggregated,60.700000,0.000000,290,310,330,340,990,1300,1700,1900,2700,3600,3800,24107,0,290,424.6033843613885,267.9080000089016,3751.5411999920616,263.58518272700877
1782918374,200,,Aggregated,60.100000,0.000000,290,310,330,340,980,1300,1700,1900,2700,3600,3800,24167,0,290,424.4859651880655,267.9080000089016,3751.5411999920616,263.0572681756114
1782918375,200,,Aggregated,59.900000,0.000000,290,310,330,340,980,1300,1700,1900,2700,3600,3800,24224,0,290,424.496860324472,267.9080000089016,3751.5411999920616,262.57430647291943
1782918376,200,,Aggregated,60.700000,0.000000,290,310,330,340,970,1300,1700,1900,2700,3600,3800,24286,0,290,424.279273540312,267.9080000089016,3751.5411999920616,262.033723132669
1782918377,200,,Aggregated,59.300000,0.000000,290,310,330,340,960,1300,1700,1900,2700,3600,3800,24351,0,290,424.09532674222885,267.9080000089016,3751.5411999920616,261.4743542359657
1782918378,200,,Aggregated,60.200000,0.000000,290,310,330,340,960,1300,1700,1900,2700,3600,3800,24413,0,290,424.06781719985446,267.9080000089016,3751.5411999920616,260.9594478351698
1782918379,200,,Aggregated,60.900000,0.000000,290,310,330,340,960,1300,1700,1900,2700,3600,3800,24459,0,290,423.973574688256,267.9080000089016,3751.5411999920616,260.56821619853633
1782918380,200,,Aggregated,60.200000,0.000000,290,310,330,340,990,1300,1700,1900,2700,3600,3800,24527,0,290,425.0291397928873,267.9080000089016,3751.5411999920616,260.01520773025646
1782918381,200,,Aggregated,59.200000,0.000000,290,310,330,340,980,1300,1700,1900,2700,3600,3800,24581,0,290,424.8811658598154,267.9080000089016,3751.5411999920616,259.55738171758674
1782918382,200,,Aggregated,56.600000,0.000000,290,310,330,340,970,1300,1700,1900,2700,3600,3800,24645,0,290,424.66023220532014,267.9080000089016,3751.5411999920616,259.0147697301684
1782918383,200,,Aggregated,59.500000,0.000000,290,310,330,340,970,1300,1700,1900,2700,3600,3800,24706,0,290,424.5741651987422,267.9080000089016,3751.5411999920616,258.51084756739255
1782918384,200,,Aggregated,58.700000,0.000000,290,310,330,340,970,1300,1700,1900,2700,3600,3800,24759,0,290,424.5061093380215,267.9080000089016,3751.5411999920616,258.0783957348843
1782918385,200,,Aggregated,59.400000,0.000000,290,310,330,340,960,1300,1700,1900,2700,3600,3800,24820,0,290,424.3854900846138,267.9080000089016,3751.5411999920616,257.57437550362613
1782918386,200,,Aggregated,58.300000,0.000000,290,310,330,340,970,1300,1700,1900,2700,3600,3800,24879,0,290,424.4794676795733,267.9080000089016,3751.5411999920616,257.1097310985168
1782918387,200,,Aggregated,58.500000,0.000000,290,310,330,340,970,1300,1700,1900,2700,3600,3800,24931,0,290,424.5062863382995,267.9080000089016,3751.5411999920616,256.69668284465126
1782918388,200,,Aggregated,58.300000,0.000000,290,310,330,340,960,1300,1700,1900,2700,3600,3800,24996,0,290,424.34085463674865,267.9080000089016,3751.5411999920616,256.16054568731
1782918389,200,,Aggregated,58.200000,0.000000,290,310,330,340,950,1300,1700,1900,2700,3600,3800,25051,0,290,424.2643334158383,267.9080000089016,3751.5411999920616,255.71641850624727
1782918390,200,,Aggregated,58.600000,0.000000,290,310,330,340,950,1300,1700,1900,2700,3600,3800,25114,0,290,424.1452464362608,267.9080000089016,3751.5411999920616,255.2117543999363
1782918391,200,,Aggregated,58.400000,0.000000,290,310,330,340,940,1300,1700,1900,2700,3600,3800,25172,0,290,423.93045751629876,267.9080000089016,3751.5411999920616,254.73677101541395
1782918392,200,,Aggregated,62.000000,0.000000,290,310,330,340,940,1300,1700,1900,2700,3600,3800,25229,0,290,423.89713887987,267.9080000089016,3751.5411999920616,254.28697134250268
1782918393,200,,Aggregated,58.300000,0.000000,290,310,330,340,940,1300,1700,1900,2700,3600,3800,25284,0,290,423.9051866753807,267.9080000089016,3751.5411999920616,253.8656067077994
1782918394,200,,Aggregated,58.500000,0.000000,290,310,330,340,950,1300,1700,1900,2700,3600,3800,25350,0,290,423.9220324812761,267.9080000089016,3751.5411999920616,253.36047337278106
1782918395,200,,Aggregated,57.400000,0.000000,290,310,330,340,950,1300,1700,1900,2700,3600,3800,25410,0,290,423.85268749312775,267.9080000089016,3751.5411999920616,252.89244391971664
1782918396,200,,Aggregated,58.500000,0.000000,290,310,330,340,940,1300,1700,1900,2700,3600,3800,25465,0,290,423.73463942275464,267.9080000089016,3751.5411999920616,252.46251718044374
1782918397,200,,Aggregated,59.300000,0.000000,290,310,330,340,940,1300,1700,1900,2700,3600,3800,25526,0,290,423.68468441982395,267.9080000089016,3751.5411999920616,251.99525973517197
1782918398,200,,Aggregated,58.900000,0.000000,290,310,330,340,930,1300,1700,1900,2700,3600,3800,25579,0,290,423.56581025061195,267.9080000089016,3751.5411999920616,251.5755893506392
1782918399,200,,Aggregated,59.100000,0.000000,290,310,330,340,930,1200,1700,1900,2700,3600,3800,25640,0,290,423.36021572934595,267.9080000089016,3751.5411999920616,251.098127925117
1782918400,200,,Aggregated,58.300000,0.000000,290,310,330,340,930,1200,1700,1900,2700,3600,3800,25706,0,290,423.4055830117654,267.9080000089016,3751.5411999920616,250.6070956196997
1782918401,200,,Aggregated,59.200000,0.000000,290,310,330,340,930,1200,1700,1900,2700,3600,3800,25762,0,290,423.5813639896126,267.9080000089016,3751.5411999920616,250.18387547550657
1782918402,200,,Aggregated,58.000000,0.000000,290,310,330,340,930,1200,1700,1900,2700,3600,3800,25793,0,290,423.7314607451792,267.9080000089016,3751.5411999920616,249.94172837591594
1782918403,200,,Aggregated,56.600000,0.000000,290,310,330,340,930,1200,1700,1900,2700,3600,3800,25875,0,290,424.2172638879365,267.9080000089016,3751.5411999920616,249.33487922705314
1782918404,200,,Aggregated,57.400000,0.000000,290,310,330,340,930,1200,1700,1900,2700,3600,3800,25932,0,290,424.1553999845877,267.9080000089016,3751.5411999920616,248.9044038253895
1782918405,200,,Aggregated,58.500000,0.000000,290,310,330,340,920,1200,1700,1900,2700,3600,3800,25995,0,290,424.076818118882,267.9080000089016,3751.5411999920616,248.43350644354683
1782918406,200,,Aggregated,58.700000,0.000000,290,310,330,340,920,1200,1700,1900,2600,3600,3800,26054,0,290,423.9608776541174,267.9080000089016,3751.5411999920616,247.99620019958547
1782918407,200,,Aggregated,57.700000,0.000000,290,310,330,340,920,1200,1700,1900,2600,3600,3800,26121,0,290,423.9439979212296,267.9080000089016,3751.5411999920616,247.5128057884461
1782918408,200,,Aggregated,58.500000,0.000000,290,310,330,340,920,1200,1700,1900,2600,3600,3800,26173,0,290,423.91587751500947,267.9080000089016,3751.5411999920616,247.13364918045315
1782918409,200,,Aggregated,58.100000,0.000000,290,310,330,340,920,1200,1700,1900,2600,3600,3800,26205,0,290,423.756791791653,267.9080000089016,3751.5411999920616,246.88666285060103
1782918410,200,,Aggregated,58.100000,0.000000,290,310,330,340,920,1200,1700,1900,2600,3600,3800,26205,0,290,423.756791791653,267.9080000089016,3751.5411999920616,246.88666285060103
1782918411,200,,Aggregated,58.200000,0.000000,290,310,330,340,1000,1300,1700,1900,2700,3600,3800,26334,0,290,427.21772685502685,267.9080000089016,3751.5411999920616,245.96278575225944
1782918412,200,,Aggregated,54.600000,0.000000,290,310,330,340,1000,1300,1700,1900,2700,3600,3800,26373,0,290,427.179677954731,267.9080000089016,3751.5411999920616,245.67936905168165
1782918413,200,,Aggregated,50.500000,0.000000,290,310,330,340,1000,1300,1700,1900,2700,3600,3800,26438,0,290,427.09648133747635,267.9080000089016,3751.5411999920616,245.20871472879946
1782918414,200,,Aggregated,57.900000,0.000000,290,310,330,340,1000,1300,1700,1900,2700,3600,3800,26495,0,290,426.9967910813427,267.9080000089016,3751.5411999920616,244.8010568031704
1782918415,200,,Aggregated,56.300000,0.000000,290,310,330,340,1000,1300,1700,1900,2700,3600,3800,26555,0,290,427.0036891244653,267.9080000089016,3751.5411999920616,244.38181133496516
1782918416,200,,Aggregated,56.000000,0.000000,290,310,330,340,1000,1300,1700,1900,2700,3600,3800,26613,0,290,426.8864903130108,267.9080000089016,3751.5411999920616,243.96546800435877
1782918417,200,,Aggregated,55.000000,0.000000,290,310,330,340,1000,1300,1700,1900,2700,3600,3800,26664,0,290,426.72630218272514,267.9080000089016,3751.5411999920616,243.5937593759376
1782918418,200,,Aggregated,55.600000,0.000000,290,310,330,340,1000,1300,1700,1900,2700,3600,3800,26716,0,290,426.6972245470943,267.9080000089016,3751.5411999920616,243.23929480461146
1782918419,200,,Aggregated,54.700000,0.000000,290,310,330,340,1000,1300,1700,1900,2700,3600,3800,26777,0,290,426.7084766478737,267.80739999958314,3751.5411999920616,242.81977069873398
1782918420,200,,Aggregated,54.200000,0.000000,290,310,330,340,1000,1300,1700,1900,2700,3600,3800,26843,0,290,426.70446230302724,267.80739999958314,3751.5411999920616,242.3697425772082
1782918421,200,,Aggregated,53.600000,0.000000,290,310,330,340,1000,1300,1700,1900,2700,3600,3800,26894,0,290,426.5916947795111,267.80739999958314,3751.5411999920616,242.00896110656652
1782918422,200,,Aggregated,59.100000,0.000000,290,310,330,340,1000,1300,1700,1900,2700,3600,3800,26968,0,290,426.80264803842266,267.80739999958314,3751.5411999920616,241.49536487689113
1782918423,200,,Aggregated,64.900000,0.000000,290,310,330,340,1000,1300,1700,1900,2700,3600,3800,27013,0,290,426.8128559508481,267.80739999958314,3751.5411999920616,241.19535038685078
1782918424,200,,Aggregated,54.700000,0.000000,290,310,330,340,1000,1300,1700,1900,2700,3600,3800,27071,0,290,426.68982326845247,267.80739999958314,3751.5411999920616,240.78818662036866
1782918425,200,,Aggregated,57.800000,0.000000,290,310,330,340,1000,1300,1700,1900,2700,3600,3800,27130,0,290,426.6942759749445,267.80739999958314,3751.5411999920616,240.38945816439366
1782918426,200,,Aggregated,56.700000,0.000000,290,310,330,340,1000,1300,1700,1900,2700,3600,3800,27196,0,290,426.61266260480414,267.80739999958314,3751.5411999920616,239.93767465803793
1782918427,200,,Aggregated,58.100000,0.000000,290,310,330,340,1000,1300,1700,1900,2700,3600,3800,27251,0,290,426.54007829438285,267.80739999958314,3751.5411999920616,239.5665847124876
1782918428,200,,Aggregated,57.200000,0.000000,290,310,330,340,1000,1300,1700,1900,2700,3600,3800,27315,0,290,426.53537184331805,267.80739999958314,3751.5411999920616,239.14200988467874
1782918429,200,,Aggregated,58.800000,0.000000,290,310,330,340,1000,1300,1700,1900,2700,3600,3800,27374,0,290,426.5041509899973,267.79879999230616,3751.5411999920616,238.75038357565572
1782918430,200,,Aggregated,57.900000,0.000000,290,310,330,340,1000,1300,1700,1900,2700,3600,3800,27437,0,290,426.42181900354075,267.79879999230616,3751.5411999920616,238.32762328242885
1782918431,200,,Aggregated,60.000000,0.000000,290,310,330,340,990,1300,1700,1900,2700,3600,3800,27497,0,290,426.295868236539,267.79879999230616,3751.5411999920616,237.92322798850785
1782918432,200,,Aggregated,58.500000,0.000000,290,310,330,340,990,1300,1700,1900,2700,3600,3800,27550,0,290,426.1529498693335,267.79879999230616,3751.5411999920616,237.56065335753175
1782918433,200,,Aggregated,58.800000,0.000000,290,310,330,340,990,1300,1700,1900,2700,3600,3800,27619,0,290,426.14260869691606,267.79879999230616,3751.5411999920616,237.11039501792246
1782918434,200,,Aggregated,61.000000,0.000000,290,310,330,340,990,1300,1700,1900,2700,3600,3800,27682,0,290,425.97378301785255,267.79879999230616,3751.5411999920616,236.68163427498013
1782918435,200,,Aggregated,58.700000,0.000000,290,310,330,340,980,1300,1700,1900,2700,3600,3800,27733,0,290,425.8323912775457,267.79879999230616,3751.5411999920616,236.33757617279053
1782918436,200,,Aggregated,60.300000,0.000000,290,310,330,340,990,1300,1700,1900,2700,3600,3800,27805,0,290,425.82576874663454,267.0938999945065,3751.5411999920616,235.8770724689804
1782918437,200,,Aggregated,60.100000,0.000000,290,310,330,340,980,1300,1700,1900,2700,3600,3800,27859,0,290,425.664768853879,267.0938999945065,3751.5411999920616,235.51534513083743
1782918438,200,,Aggregated,59.300000,0.000000,290,310,330,340,970,1300,1700,1900,2700,3600,3800,27922,0,290,425.6610335291236,267.0938999945065,3751.5411999920616,235.11156077644867
1782918439,200,,Aggregated,60.000000,0.000000,290,310,330,340,970,1300,1700,1900,2700,3600,3800,27981,0,290,425.4670717486924,267.0938999945065,3751.5411999920616,234.71927379293092
1782918440,200,,Aggregated,60.900000,0.000000,290,310,330,340,970,1300,1700,1900,2700,3600,3800,28037,0,290,425.4350819702615,267.0938999945065,3751.5411999920616,234.36184327852482
1782918441,200,,Aggregated,60.100000,0.000000,290,310,330,340,960,1300,1700,1900,2700,3600,3800,28093,0,290,425.44169984338424,267.0938999945065,3751.5411999920616,234.0061225216246
1782918442,200,,Aggregated,60.800000,0.000000,290,310,330,340,960,1300,1700,1900,2700,3600,3800,28164,0,290,425.3791983241108,267.0938999945065,3751.5411999920616,233.56000568101123
1782918443,200,,Aggregated,59.500000,0.000000,290,310,330,340,960,1300,1700,1900,2700,3600,3800,28214,0,290,425.3078550152495,267.0938999945065,3751.5411999920616,233.2475012405189
1782918444,200,,Aggregated,59.600000,0.000000,290,310,330,340,970,1300,1700,1900,2700,3600,3800,28275,0,290,425.2994863412954,267.0938999945065,3751.5411999920616,232.87596816976128
1782918445,200,,Aggregated,60.700000,0.000000,290,310,330,340,960,1300,1700,1900,2700,3600,3800,28338,0,290,425.1738827016773,267.0938999945065,3751.5411999920616,232.4752276095702
1782918446,200,,Aggregated,59.500000,0.000000,290,310,330,340,960,1300,1700,1900,2700,3600,3800,28390,0,290,425.11404975696007,267.0938999945065,3751.5411999920616,232.14903134906658
1782918447,200,,Aggregated,59.500000,0.000000,290,310,330,340,960,1300,1700,1900,2700,3600,3800,28440,0,290,425.0034015857995,267.0938999945065,3751.5411999920616,231.83270042194093
1782918448,200,,Aggregated,60.700000,0.000000,290,310,330,340,960,1300,1700,1900,2700,3600,3800,28514,0,290,425.13676926071713,267.0938999945065,3751.5411999920616,231.38637160692994
1782918449,200,,Aggregated,58.300000,0.000000,290,310,330,340,960,1300,1700,1900,2700,3600,3800,28564,0,290,425.05453296807326,267.0938999945065,3751.5411999920616,231.07712505251365
1782918450,200,,Aggregated,57.600000,0.000000,290,310,330,340,960,1300,1700,1900,2700,3600,3800,28631,0,290,425.0868665677092,267.0938999945065,3751.5411999920616,230.6801369145332
1782918451,200,,Aggregated,58.900000,0.000000,290,310,330,340,960,1300,1700,1900,2700,3600,3800,28686,0,290,425.0704562678695,267.0938999945065,3751.5411999920616,230.34950847103116
1782918452,200,,Aggregated,57.500000,0.000000,290,310,330,340,960,1300,1700,1900,2700,3600,3800,28746,0,290,424.9016041223163,267.0938999945065,3751.5411999920616,229.97526612398246
1782918453,200,,Aggregated,59.000000,0.000000,290,310,330,340,960,1300,1700,1900,2700,3600,3800,28808,0,290,424.8400074562663,267.0938999945065,3751.5411999920616,229.59844487642323
1782918454,200,,Aggregated,58.800000,0.000000,290,310,330,340,960,1300,1700,1900,2700,3600,3800,28858,0,290,424.8614245651171,267.0938999945065,3751.5411999920616,229.30823341880935
1782918455,200,,Aggregated,58.000000,0.000000,290,310,330,340,950,1300,1700,1900,2700,3600,3800,28928,0,290,424.715932546327,267.0938999945065,3751.5411999920616,228.8746543141593
1782918456,200,,Aggregated,58.700000,0.000000,290,310,330,340,950,1300,1700,1900,2700,3600,3800,28986,0,290,424.6668104464289,267.0938999945065,3751.5411999920616,228.53191195749673
1782918457,200,,Aggregated,58.100000,0.000000,290,310,330,340,940,1300,1700,1900,2600,3600,3800,29045,0,290,424.5594899259852,267.0938999945065,3751.5411999920616,228.1715269409537
1782918458,200,,Aggregated,58.400000,0.000000,290,310,330,340,940,1300,1700,1900,2600,3600,3800,29103,0,290,424.4590065010533,267.0938999945065,3751.5411999920616,227.8233171837955
1782918459,200,,Aggregated,59.300000,0.000000,290,310,330,340,950,1300,1700,1900,2600,3600,3800,29163,0,290,424.53213508212957,267.0938999945065,3751.5411999920616,227.48492953399855
1782918460,200,,Aggregated,60.000000,0.000000,290,310,330,340,950,1300,1700,1900,2600,3600,3800,29225,0,290,424.5006293379028,267.0938999945065,3751.5411999920616,227.12290846877673
1782918462,200,,Aggregated,58.400000,0.000000,290,310,330,340,940,1300,1700,1900,2600,3600,3800,29269,0,290,424.4445539410378,267.0938999945065,3751.5411999920616,226.86173084150465
1782918463,200,,Aggregated,60.000000,0.000000,290,310,330,340,940,1300,1700,1900,2600,3600,3800,29328,0,290,424.42449206220084,267.0938999945065,3751.5411999920616,226.52090152755045
1782918464,200,,Aggregated,58.100000,0.000000,290,310,330,340,940,1300,1700,1900,2600,3600,3800,29384,0,290,424.449542261102,267.0938999945065,3751.5411999920616,226.19987067791996
1782918465,200,,Aggregated,57.900000,0.000000,290,310,330,340,950,1300,1700,1900,2700,3600,3800,29457,0,290,424.54204226500633,267.0938999945065,3751.5411999920616,225.79237532674748
1782918466,200,,Aggregated,57.200000,0.000000,290,310,330,340,940,1300,1700,1900,2700,3600,3800,29510,0,290,424.3747143002493,267.0938999945065,3751.5411999920616,225.4715689596747
1782918467,200,,Aggregated,59.200000,0.000000,290,310,330,340,940,1300,1700,1900,2700,3600,3800,29571,0,290,424.353097257461,267.0938999945065,3751.5411999920616,225.12397281120016
1782918468,200,,Aggregated,57.900000,0.000000,290,310,330,340,940,1300,1700,1900,2700,3600,3800,29632,0,290,424.2753567325979,267.0938999945065,3751.5411999920616,224.76943844492442
1782918469,200,,Aggregated,58.000000,0.000000,290,310,330,340,940,1300,1700,1900,2700,3600,3800,29686,0,290,424.30153061713594,267.0938999945065,3751.5411999920616,224.47123223068112
1782918470,200,,Aggregated,58.500000,0.000000,290,310,330,340,940,1300,1700,1900,2700,3600,3800,29748,0,290,424.222187175616,267.0938999945065,3751.5411999920616,224.10918381067634
1782918471,200,,Aggregated,57.900000,0.000000,290,310,330,340,930,1300,1700,1900,2700,3600,3800,29799,0,290,424.11207774087137,267.0938999945065,3751.5411999920616,223.81475888452633
1782918472,200,,Aggregated,58.000000,0.000000,290,310,330,340,930,1300,1700,1900,2700,3600,3800,29857,0,290,424.06265960412134,267.0938999945065,3751.5411999920616,223.4919784305188
1782918473,200,,Aggregated,57.200000,0.000000,290,310,330,340,940,1300,1700,1900,2700,3600,3800,29910,0,290,424.1956854864674,267.0938999945065,3751.5411999920616,223.2127047810097
1782918474,200,,Aggregated,58.200000,0.000000,290,310,330,340,940,1300,1700,1900,2700,3600,3800,29983,0,290,424.11353771471283,267.0938999945065,3751.5411999920616,222.80302171230363
1782918475,200,,Aggregated,58.000000,0.000000,290,310,330,340,930,1300,1700,1900,2600,3500,3800,30044,0,290,424.0374091133085,267.0938999945065,3751.5411999920616,222.46202236719478
1782918476,200,,Aggregated,59.300000,0.000000,290,310,330,340,930,1300,1700,1900,2600,3500,3800,30102,0,290,424.00934008704536,267.0938999945065,3751.5411999920616,222.14012357982858
1782918477,200,,Aggregated,58.600000,0.000000,290,310,330,340,930,1300,1700,1900,2600,3500,3800,30161,0,290,423.9398405291686,267.0938999945065,3751.5411999920616,221.8180100129306
1782918478,200,,Aggregated,58.800000,0.000000,290,310,330,340,930,1300,1700,1900,2600,3500,3800,30225,0,290,423.86405901076495,267.0938999945065,3751.5411999920616,221.4679569892473
1782918479,200,,Aggregated,58.700000,0.000000,290,310,330,340,930,1300,1700,1900,2600,3500,3800,30267,0,290,423.8408034658346,267.0938999945065,3751.5411999920616,221.24333432451184
1782918480,200,,Aggregated,58.600000,0.000000,290,310,330,340,940,1300,1700,1900,2600,3500,3800,30337,0,290,423.83950250850086,267.0938999945065,3751.5411999920616,220.8689718825197
1782918481,200,,Aggregated,57.500000,0.000000,290,310,330,340,930,1300,1700,1900,2600,3500,3800,30392,0,290,423.7584278889309,267.0938999945065,3751.5411999920616,220.56656356936037
1782918482,200,,Aggregated,58.400000,0.000000,290,310,330,340,940,1300,1700,1900,2600,3500,3800,30447,0,290,423.89283902848865,267.0938999945065,3751.5411999920616,220.27359017308765
1782918483,200,,Aggregated,58.600000,0.000000,290,310,330,340,930,1300,1700,1900,2600,3500,3800,30496,0,290,423.8711872868697,267.0938999945065,3751.5411999920616,219.99970487932845
1782918484,200,,Aggregated,59.300000,0.000000,290,310,330,340,920,1300,1700,1900,2600,3500,3800,30573,0,290,423.7143491315984,267.0938999945065,3751.5411999920616,219.57868053511268
1782918485,200,,Aggregated,57.900000,0.000000,290,310,330,340,920,1200,1700,1900,2600,3500,3800,30630,0,290,423.6502205648147,267.0938999945065,3751.5411999920616,219.27368592882794
1782918486,200,,Aggregated,59.000000,0.000000,290,310,330,340,930,1200,1700,1900,2600,3500,3800,30689,0,290,423.61192009515605,267.0938999945065,3751.5411999920616,218.96656782560527
1782918487,200,,Aggregated,58.400000,0.000000,290,310,330,340,920,1200,1700,1900,2600,3500,3800,30748,0,290,423.50950215299406,267.0938999945065,3751.5411999920616,218.65256276831013
1782918488,200,,Aggregated,58.400000,0.000000,290,310,330,340,930,1300,1700,1900,2600,3500,3800,30800,0,290,423.86115375000867,267.0938999945065,3751.5411999920616,218.38308441558442
1782918489,200,,Aggregated,58.900000,0.000000,290,310,330,340,930,1300,1700,1900,2600,3500,3800,30854,0,290,423.852453198947,267.0938999945065,3751.5411999920616,218.1032929279834
1782918490,200,,Aggregated,54.900000,0.000000,290,310,330,340,920,1200,1700,1900,2600,3500,3800,30929,0,290,423.64211457532707,267.0938999945065,3751.5411999920616,217.6951404830418
1782918491,200,,Aggregated,58.900000,0.000000,290,310,330,340,920,1200,1700,1900,2600,3500,3800,30988,0,290,423.5505198980353,267.0938999945065,3751.5411999920616,217.38611720666063
1782918492,200,,Aggregated,58.200000,0.000000,290,310,330,340,920,1200,1700,1900,2600,3500,3800,31048,0,290,423.5211898415477,267.0938999945065,3751.5411999920616,217.0804560680237
1782918493,200,,Aggregated,59.700000,0.000000,290,310,330,340,920,1200,1700,1900,2600,3500,3800,31097,0,290,423.4010315979164,267.0938999945065,3751.5411999920616,216.82085088593755
1782918494,200,,Aggregated,59.500000,0.000000,290,310,330,340,920,1200,1700,1900,2600,3500,3800,31164,0,290,423.26365335645,267.0938999945065,3751.5411999920616,216.46284174046977
1782918495,200,,Aggregated,60.400000,0.000000,290,310,330,340,920,1200,1700,1900,2600,3500,3800,31219,0,290,423.25005609085565,267.0938999945065,3751.5411999920616,216.18027483263398
1782918496,200,,Aggregated,58.200000,0.000000,290,310,330,340,910,1200,1700,1900,2600,3500,3800,31283,0,290,423.0882432151788,267.0938999945065,3751.5411999920616,215.84141546526868
1782918497,200,,Aggregated,58.900000,0.000000,290,310,330,340,900,1200,1700,1900,2600,3500,3800,31343,0,290,423.0025667772834,267.0938999945065,3751.5411999920616,215.53373959097726
1782918498,200,,Aggregated,59.000000,0.000000,290,310,330,340,900,1200,1700,1900,2600,3500,3800,31407,0,290,422.8153739930683,267.0938999945065,3751.5411999920616,215.18963925239595
1782918499,200,,Aggregated,59.200000,0.000000,290,310,330,340,900,1200,1700,1900,2600,3500,3800,31468,0,290,422.83681416678473,267.0938999945065,3751.5411999920616,214.8908097114529
1782918500,200,,Aggregated,63.200000,0.000000,290,310,330,340,900,1200,1700,1900,2600,3500,3800,31517,0,290,422.6878122568901,267.0938999945065,3751.5411999920616,214.6342926039915
1782918501,200,,Aggregated,60.900000,0.000000,290,310,330,340,900,1200,1700,1900,2600,3500,3800,31569,0,290,422.7126610725846,267.0938999945065,3751.5411999920616,214.37812410909436
1782918502,200,,Aggregated,59.900000,0.000000,290,310,330,340,900,1200,1700,1900,2600,3500,3800,31626,0,290,422.73541735598775,267.0938999945065,3751.5411999920616,214.10383861379879
1782918503,200,,Aggregated,57.500000,0.000000,290,310,330,340,900,1200,1700,1900,2600,3500,3800,31693,0,290,422.6389274603372,267.0938999945065,3751.5411999920616,213.76957056763322
1782918504,200,,Aggregated,57.800000,0.000000,290,310,330,340,900,1200,1700,1900,2600,3500,3800,31743,0,290,422.6344038748839,267.0938999945065,3751.5411999920616,213.5269823268122
1782918505,200,,Aggregated,58.200000,0.000000,290,310,330,340,900,1200,1700,1900,2600,3500,3800,31809,0,290,422.5231838819332,267.0938999945065,3751.5411999920616,213.19233550253074
1782918506,200,,Aggregated,57.800000,0.000000,290,310,330,340,900,1200,1700,1900,2600,3500,3800,31868,0,290,422.61413810092915,267.0938999945065,3751.5411999920616,212.9077758252793
1782918507,200,,Aggregated,57.700000,0.000000,290,310,330,340,890,1200,1700,1900,2600,3500,3800,31925,0,290,422.48301040878476,267.0938999945065,3751.5411999920616,212.61550509005482
1782918508,200,,Aggregated,58.000000,0.000000,290,310,330,340,900,1200,1700,1900,2600,3500,3800,31977,0,290,422.50377362168,267.0938999945065,3751.5411999920616,212.3736435563061
1782918509,200,,Aggregated,57.500000,0.000000,290,310,330,340,900,1200,1700,1900,2600,3500,3800,32048,0,290,422.5369597135715,267.0938999945065,3751.5411999920616,212.0334186220669
1782918510,200,,Aggregated,56.200000,0.000000,290,310,330,340,900,1200,1700,1900,2600,3500,3800,32107,0,290,422.46939018284525,267.0938999945065,3751.5411999920616,211.74927585884697
1782918511,200,,Aggregated,58.000000,0.000000,290,310,330,340,900,1200,1700,1900,2600,3500,3800,32166,0,290,422.47889141642275,267.0938999945065,3751.5411999920616,211.47382329167445
1782918512,200,,Aggregated,57.500000,0.000000,290,310,330,340,900,1200,1700,1900,2600,3500,3800,32228,0,290,422.45440450852374,267.0938999945065,3751.5411999920616,211.16476355963758
1782918513,200,,Aggregated,59.300000,0.000000,290,310,330,340,900,1200,1700,1900,2600,3500,3800,32282,0,290,422.36819081533775,267.0938999945065,3751.5411999920616,210.90167895421598
1782918514,200,,Aggregated,57.100000,0.000000,290,310,330,340,890,1200,1700,1900,2600,3500,3800,32346,0,290,422.1666062048068,267.0938999945065,3751.5411999920616,210.58065912323008
1782918515,200,,Aggregated,59.300000,0.000000,290,310,330,340,900,1200,1700,1900,2600,3500,3800,32399,0,290,422.23633131580186,267.0938999945065,3751.5411999920616,210.34377604247044
1782918516,200,,Aggregated,59.200000,0.000000,290,310,330,340,890,1200,1700,1900,2600,3500,3800,32451,0,290,422.13483704048195,267.0938999945065,3751.5411999920616,210.08995100305074
1782918517,200,,Aggregated,59.300000,0.000000,290,310,330,340,890,1200,1700,1900,2600,3500,3800,32522,0,290,421.9801440655765,267.0938999945065,3751.5411999920616,209.73685505196482
1782918518,200,,Aggregated,57.900000,0.000000,290,310,330,340,890,1200,1700,1900,2600,3500,3800,32568,0,290,421.98723427292475,267.0938999945065,3751.5411999920616,209.52671333824614
1782918519,200,,Aggregated,58.900000,0.000000,290,310,330,340,890,1200,1700,1900,2600,3500,3800,32635,0,290,421.9133665665914,267.0938999945065,3751.5411999920616,209.20753791941166
1782918520,200,,Aggregated,59.500000,0.000000,290,310,330,340,890,1200,1700,1900,2600,3500,3800,32711,0,290,421.9040149521769,267.0938999945065,3751.5411999920616,208.85955794686802
1782918521,200,,Aggregated,57.600000,0.000000,290,310,330,340,890,1200,1700,1900,2600,3500,3800,32762,0,290,421.7871900311521,267.0938999945065,3751.5411999920616,208.61556071057933
1782918522,200,,Aggregated,59.200000,0.000000,290,310,330,340,890,1200,1700,1900,2600,3500,3800,32816,0,290,421.75992614580036,267.0938999945065,3751.5411999920616,208.36107386640663
1782918523,200,,Aggregated,58.900000,0.000000,290,310,330,340,890,1200,1700,1900,2600,3500,3800,32869,0,290,422.1045320667069,267.0938999945065,3751.5411999920616,208.1273540418023
1782918524,200,,Aggregated,58.900000,0.000000,290,310,330,340,890,1200,1700,1900,2600,3500,3800,32898,0,290,422.1687994072754,267.0938999945065,3751.5411999920616,207.98349443735182
1782918525,200,,Aggregated,59.400000,0.000000,290,310,330,340,930,1200,1700,1900,2600,3500,3800,32990,0,290,423.5808602182651,267.0938999945065,3751.5411999920616,207.55850257653836
1782918526,200,,Aggregated,58.000000,0.000000,290,310,330,340,930,1200,1700,1900,2600,3500,3800,33038,0,290,423.8319877020594,267.0938999945065,3751.5411999920616,207.33709667655427
1782918527,200,,Aggregated,57.300000,0.000000,290,310,330,340,930,1200,1700,1900,2600,3500,3800,33094,0,290,423.7796845651964,267.0938999945065,3751.5411999920616,207.07330633951773
1782918528,200,,Aggregated,57.000000,0.000000,290,310,330,340,930,1200,1700,1900,2600,3500,3800,33156,0,290,423.7674406140857,267.0938999945065,3751.5411999920616,206.7921944746049
1782918529,200,,Aggregated,57.200000,0.000000,290,310,330,340,930,1200,1700,1900,2600,3500,3800,33211,0,290,423.7234506880422,267.0938999945065,3751.5411999920616,206.54641534431363
1782918530,200,,Aggregated,56.900000,0.000000,290,310,330,340,930,1200,1700,1900,2600,3500,3800,33279,0,290,423.7671817572816,267.0938999945065,3751.5411999920616,206.24934643468853
1782918531,200,,Aggregated,57.500000,0.000000,290,310,330,340,930,1200,1700,1900,2600,3500,3800,33328,0,290,423.6057565200621,267.0938999945065,3751.5411999920616,206.01566250600095
1782918532,200,,Aggregated,57.800000,0.000000,290,310,330,340,920,1200,1600,1900,2600,3500,3800,33397,0,290,423.4031146959489,267.0938999945065,3751.5411999920616,205.68976255352277
1782918533,200,,Aggregated,57.200000,0.000000,290,310,330,340,920,1200,1600,1900,2600,3500,3800,33460,0,290,423.3613279408434,267.0938999945065,3751.5411999920616,205.41276150627615
1782918534,200,,Aggregated,57.200000,0.000000,290,310,330,340,920,1200,1600,1900,2600,3500,3800,33518,0,290,423.26979750285466,267.0938999945065,3751.5411999920616,205.15335043857033
1782918535,200,,Aggregated,57.200000,0.000000,290,310,330,340,920,1200,1600,1900,2600,3500,3800,33574,0,290,423.27761637280776,267.0938999945065,3751.5411999920616,204.91535116459164
1782918536,200,,Aggregated,59.300000,0.000000,290,310,330,340,920,1200,1600,1900,2600,3500,3800,33631,0,290,423.282999152586,267.0938999945065,3751.5411999920616,204.66991763551485
1782918537,200,,Aggregated,59.300000,0.000000,290,310,330,340,930,1200,1600,1900,2600,3500,3800,33696,0,290,423.27490176580733,267.0938999945065,3751.5411999920616,204.3945868945869
1782918538,200,,Aggregated,60.200000,0.000000,290,310,330,340,920,1200,1600,1900,2600,3500,3800,33751,0,290,423.3091364878291,267.0938999945065,3751.5411999920616,204.14559568605375
1782918539,200,,Aggregated,58.900000,0.000000,290,310,330,340,920,1200,1600,1900,2600,3500,3800,33814,0,290,423.40184692436964,267.0938999945065,3751.5411999920616,203.8670964689182
1782918540,200,,Aggregated,59.100000,0.000000,290,310,330,340,920,1200,1600,1900,2600,3500,3800,33864,0,290,423.36882513290266,267.0938999945065,3751.5411999920616,203.65057287975432
1782918541,200,,Aggregated,58.300000,0.000000,290,310,330,340,930,1200,1600,1900,2600,3500,3800,33921,0,290,423.40556987118873,267.0938999945065,3751.5411999920616,203.41649715515462
1782918542,200,,Aggregated,58.700000,0.000000,290,310,330,340,930,1200,1600,1900,2600,3500,3800,33982,0,290,423.3435631157823,267.0938999945065,3751.5411999920616,203.15005002648462
1782918543,200,,Aggregated,58.500000,0.000000,290,310,330,340,920,1200,1600,1900,2600,3500,3800,34044,0,290,423.24675004995146,267.0938999945065,3751.5411999920616,202.87636587945013
1782918544,200,,Aggregated,58.300000,0.000000,290,310,330,340,920,1200,1600,1900,2600,3500,3800,34100,0,290,423.23280124048756,267.0938999945065,3751.5411999920616,202.63844574780057
1782918545,200,,Aggregated,57.500000,0.000000,290,310,330,340,930,1200,1600,1900,2600,3500,3800,34151,0,290,423.2676230769401,267.0938999945065,3751.5411999920616,202.42801089279962
1782918546,200,,Aggregated,58.400000,0.000000,290,310,330,340,920,1200,1600,1900,2600,3500,3800,34211,0,290,423.16685009501606,267.0938999945065,3751.5411999920616,202.16605770073951
1782918547,200,,Aggregated,57.000000,0.000000,290,310,330,340,920,1200,1600,1900,2600,3500,3800,34283,0,290,423.139356091959,267.0938999945065,3751.5411999920616,201.85704284922556
1782918548,200,,Aggregated,57.200000,0.000000,290,310,330,340,920,1200,1600,1900,2600,3500,3800,34332,0,290,423.0414150996334,267.0938999945065,3751.5411999920616,201.64380170103692
1782918549,200,,Aggregated,57.800000,0.000000,290,310,330,340,920,1200,1600,1900,2600,3500,3800,34383,0,290,423.0852975453168,267.0938999945065,3751.5411999920616,201.42910740773056
1782918550,200,,Aggregated,58.600000,0.000000,290,310,330,340,920,1200,1600,1900,2600,3500,3800,34437,0,290,423.43229966026666,267.0938999945065,3751.5411999920616,201.19441298603246
1782918551,200,,Aggregated,58.500000,0.000000,290,310,330,340,920,1200,1600,1900,2600,3500,3800,34512,0,290,423.45643481109636,267.0938999945065,3751.5411999920616,200.8761879925823
1782918552,200,,Aggregated,54.200000,0.000000,290,310,330,340,920,1200,1600,1900,2600,3500,3800,34571,0,290,423.40382590612177,267.0938999945065,3751.5411999920616,200.6313962569784
