[2026-07-01 20:29:17,850] Zeus/INFO/locust.main: Starting Locust 2.44.4
[2026-07-01 20:29:17,854] Zeus/INFO/locust.main: Run time limit set to 600 seconds
Type     Name                                                                          # reqs      # fails |    Avg     Min     Max    Med |   req/s  failures/s
--------|----------------------------------------------------------------------------|-------|-------------|-------|-------|-------|-------|--------|-----------
--------|----------------------------------------------------------------------------|-------|-------------|-------|-------|-------|-------|--------|-----------
         Aggregated                                                                         0     0(0.00%) |      0       0       0      0 |    0.00        0.00

[2026-07-01 20:29:17,858] Zeus/INFO/locust.runners: Ramping to 200 users at a rate of 20.00 per second
Type     Name                                                                          # reqs      # fails |    Avg     Min     Max    Med |   req/s  failures/s
--------|----------------------------------------------------------------------------|-------|-------------|-------|-------|-------|-------|--------|-----------
POST     /auth/login                                                                       21     0(0.00%) |   1022     774    1090   1000 |    0.00        0.00
POST     /predict/colleges [same marks cluster]                                             3     0(0.00%) |    809     678     876    870 |    0.00        0.00
POST     /predict/combo [200+ choices]                                                      3     0(0.00%) |    516     463     572    510 |    0.00        0.00
--------|----------------------------------------------------------------------------|-------|-------------|-------|-------|-------|-------|--------|-----------
         Aggregated                                                                        27     0(0.00%) |    942     463    1090   1000 |    0.00        0.00

Type     Name                                                                          # reqs      # fails |    Avg     Min     Max    Med |   req/s  failures/s
--------|----------------------------------------------------------------------------|-------|-------------|-------|-------|-------|-------|--------|-----------
POST     /auth/login                                                                       75     0(0.00%) |   1100     774    2336   1000 |    9.00        0.00
POST     /payment/create-order-marks [spam]                                                 2     0(0.00%) |   1574    1432    1717   1432 |    0.00        0.00
POST     /predict/colleges [during marks churn]                                             2     0(0.00%) |    970     809    1131    810 |    0.00        0.00
POST     /predict/colleges [near-identical marks]                                           6     0(0.00%) |   1604     995    2089   1500 |    0.00        0.00
POST     /predict/colleges [same marks cluster]                                            22     0(0.00%) |   1140     544    2850    890 |    0.00        0.00
POST     /predict/combo [200+ choices]                                                     18     0(0.00%) |    784     305    2046    510 |    0.00        0.00
--------|----------------------------------------------------------------------------|-------|-------------|-------|-------|-------|-------|--------|-----------
         Aggregated                                                                       125     0(0.00%) |   1091     305    2850   1000 |    9.00        0.00

Type     Name                                                                          # reqs      # fails |    Avg     Min     Max    Med |   req/s  failures/s
--------|----------------------------------------------------------------------------|-------|-------------|-------|-------|-------|-------|--------|-----------
POST     /auth/login                                                                      108     0(0.00%) |   1053     612    2336    990 |   13.00        0.00
POST     /auth/update-profile [rapid changes]                                               3     0(0.00%) |   1040     605    1768    750 |    0.00        0.00
POST     /payment/create-order-marks [spam]                                                 5     0(0.00%) |   1725    1432    2096   1700 |    0.00        0.00
POST     /predict/colleges [during marks churn]                                             2     0(0.00%) |    970     809    1131    810 |    0.50        0.00
POST     /predict/colleges [near-identical marks]                                          10     0(0.00%) |   1259     489    2089   1000 |    0.75        0.00
POST     /predict/colleges [same marks cluster]                                            35     0(0.00%) |   1144     537    2977    940 |    1.75        0.00
POST     /predict/combo [200+ choices]                                                     31     0(0.00%) |    697     299    2046    520 |    2.50        0.00
--------|----------------------------------------------------------------------------|-------|-------------|-------|-------|-------|-------|--------|-----------
         Aggregated                                                                       194     0(0.00%) |   1040     299    2977    930 |   18.50        0.00

Type     Name                                                                          # reqs      # fails |    Avg     Min     Max    Med |   req/s  failures/s
--------|----------------------------------------------------------------------------|-------|-------------|-------|-------|-------|-------|--------|-----------
POST     /auth/login                                                                      139     0(0.00%) |   1150     612    2562   1000 |   15.83        0.00
POST     /auth/update-profile [rapid changes]                                               5     0(0.00%) |    893     424    1768    750 |    0.50        0.00
POST     /payment/create-order-marks [spam]                                                 9     0(0.00%) |   1830    1432    2217   2000 |    0.50        0.00
POST     /predict/colleges [during marks churn]                                             3     0(0.00%) |   1095     809    1345   1100 |    0.33        0.00
POST     /predict/colleges [near-identical marks]                                          13     0(0.00%) |   1398     489    3014   1200 |    1.50        0.00
POST     /predict/colleges [same marks cluster]                                            64     0(0.00%) |   1504     537    3550   1300 |    4.50        0.00
POST     /predict/combo [200+ choices]                                                     38     0(0.00%) |    839     299    2624    530 |    4.67        0.00
--------|----------------------------------------------------------------------------|-------|-------------|-------|-------|-------|-------|--------|-----------
         Aggregated                                                                       271     0(0.00%) |   1219     299    3550   1000 |   27.83        0.00

[2026-07-01 20:29:26,903] Zeus/INFO/locust.runners: All users spawned: {"HeavySimUser": 67, "MarksUpdateAbuser": 22, "SameMarksCrowd": 111} (200 total users)
Type     Name                                                                          # reqs      # fails |    Avg     Min     Max    Med |   req/s  failures/s
--------|----------------------------------------------------------------------------|-------|-------------|-------|-------|-------|-------|--------|-----------
POST     /auth/login                                                                      194     0(0.00%) |   1224     590    2562   1000 |   16.12        0.00
POST     /auth/update-profile [rapid changes]                                              12     0(0.00%) |   1054     300    2231    750 |    0.50        0.00
POST     /payment/create-order-marks [spam]                                                15     0(0.00%) |   2099    1432    2948   2100 |    1.00        0.00
POST     /predict/colleges [during marks churn]                                             7     0(0.00%) |   1010     269    1663   1100 |    0.38        0.00
POST     /predict/colleges [near-identical marks]                                          30     0(0.00%) |   1204     278    3014   1000 |    1.50        0.00
POST     /predict/colleges [same marks cluster]                                           135     0(0.00%) |   1446     269    3751   1300 |    6.50        0.00
POST     /predict/combo [200+ choices]                                                     66     0(0.00%) |    838     279    2624    520 |    4.38        0.00
--------|----------------------------------------------------------------------------|-------|-------------|-------|-------|-------|-------|--------|-----------
         Aggregated                                                                       459     0(0.00%) |   1253     269    3751   1000 |   30.38        0.00

Type     Name                                                                          # reqs      # fails |    Avg     Min     Max    Med |   req/s  failures/s
--------|----------------------------------------------------------------------------|-------|-------------|-------|-------|-------|-------|--------|-----------
POST     /auth/login                                                                      200     0(0.00%) |   1235     590    2562   1000 |   15.40        0.00
POST     /auth/update-profile [rapid changes]                                              17     0(0.00%) |    924     294    2231    810 |    0.70        0.00
POST     /payment/create-order-marks [spam]                                                23     0(0.00%) |   1987    1178    3133   2000 |    1.40        0.00
POST     /predict/colleges [during marks churn]                                            12     0(0.00%) |    707     269    1663    290 |    0.30        0.00
POST     /predict/colleges [near-identical marks]                                          49     0(0.00%) |    849     274    3014    380 |    1.50        0.00
POST     /predict/colleges [same marks cluster]                                           176     0(0.00%) |   1177     269    3751    890 |    8.10        0.00
POST     /predict/combo [200+ choices]                                                     87     0(0.00%) |    709     274    2624    390 |    4.30        0.00
--------|----------------------------------------------------------------------------|-------|-------------|-------|-------|-------|-------|--------|-----------
         Aggregated                                                                       564     0(0.00%) |   1112     269    3751    970 |   31.70        0.00

Type     Name                                                                          # reqs      # fails |    Avg     Min     Max    Med |   req/s  failures/s
--------|----------------------------------------------------------------------------|-------|-------------|-------|-------|-------|-------|--------|-----------
POST     /auth/login                                                                      200     0(0.00%) |   1235     590    2562   1000 |   18.20        0.00
POST     /auth/update-profile [rapid changes]                                              23     0(0.00%) |    900     294    2231    810 |    1.50        0.00
POST     /payment/create-order-marks [spam]                                                29     0(0.00%) |   1918    1166    3133   2000 |    2.00        0.00
POST     /predict/colleges [during marks churn]                                            16     0(0.00%) |    635     269    1663    290 |    1.00        0.00
POST     /predict/colleges [near-identical marks]                                          69     0(0.00%) |    694     274    3014    290 |    3.70        0.00
POST     /predict/colleges [same marks cluster]                                           247     0(0.00%) |    926     269    3751    340 |   15.30        0.00
POST     /predict/combo [200+ choices]                                                    100     0(0.00%) |    657     274    2624    340 |    8.30        0.00
--------|----------------------------------------------------------------------------|-------|-------------|-------|-------|-------|-------|--------|-----------
         Aggregated                                                                       684     0(0.00%) |    988     269    3751    830 |   50.00        0.00

Type     Name                                                                          # reqs      # fails |    Avg     Min     Max    Med |   req/s  failures/s
--------|----------------------------------------------------------------------------|-------|-------------|-------|-------|-------|-------|--------|-----------
POST     /auth/login                                                                      200     0(0.00%) |   1235     590    2562   1000 |   14.80        0.00
POST     /auth/update-profile [rapid changes]                                              29     0(0.00%) |    793     287    2231    790 |    1.90        0.00
POST     /payment/create-order-marks [spam]                                                42     0(0.00%) |   1794    1115    3133   1600 |    2.80        0.00
POST     /predict/colleges [during marks churn]                                            17     0(0.00%) |    617     269    1663    290 |    1.40        0.00
POST     /predict/colleges [near-identical marks]                                          81     0(0.00%) |    634     274    3014    290 |    5.80        0.00
POST     /predict/colleges [same marks cluster]                                           312     0(0.00%) |    794     269    3751    320 |   20.80        0.00
POST     /predict/combo [200+ choices]                                                    115     0(0.00%) |    608     272    2624    320 |    8.30        0.00
--------|----------------------------------------------------------------------------|-------|-------------|-------|-------|-------|-------|--------|-----------
         Aggregated                                                                       796     0(0.00%) |    911     269    3751    680 |   55.80        0.00

Type     Name                                                                          # reqs      # fails |    Avg     Min     Max    Med |   req/s  failures/s
--------|----------------------------------------------------------------------------|-------|-------------|-------|-------|-------|-------|--------|-----------
POST     /auth/login                                                                      200     0(0.00%) |   1235     590    2562   1000 |   10.50        0.00
POST     /auth/update-profile [rapid changes]                                              38     0(0.00%) |    732     287    2231    780 |    2.60        0.00
POST     /payment/create-order-marks [spam]                                                51     0(0.00%) |   1762    1115    3133   1600 |    3.50        0.00
POST     /predict/colleges [during marks churn]                                            24     0(0.00%) |    522     269    1663    290 |    1.40        0.00
POST     /predict/colleges [near-identical marks]                                          93     0(0.00%) |    589     274    3014    290 |    6.70        0.00
POST     /predict/colleges [same marks cluster]                                           381     0(0.00%) |    703     268    3751    290 |   25.70        0.00
POST     /predict/combo [200+ choices]                                                    140     0(0.00%) |    555     271    2624    320 |    8.00        0.00
--------|----------------------------------------------------------------------------|-------|-------------|-------|-------|-------|-------|--------|-----------
         Aggregated                                                                       927     0(0.00%) |    839     268    3751    420 |   58.40        0.00

Type     Name                                                                          # reqs      # fails |    Avg     Min     Max    Med |   req/s  failures/s
--------|----------------------------------------------------------------------------|-------|-------------|-------|-------|-------|-------|--------|-----------
POST     /auth/login                                                                      200     0(0.00%) |   1235     590    2562   1000 |    7.10        0.00
POST     /auth/update-profile [rapid changes]                                              42     0(0.00%) |    705     287    2231    750 |    3.10        0.00
POST     /payment/create-order-marks [spam]                                                60     0(0.00%) |   1728    1115    3133   1600 |    4.20        0.00
POST     /predict/colleges [during marks churn]                                            28     0(0.00%) |    489     269    1663    290 |    1.60        0.00
POST     /predict/colleges [near-identical marks]                                         109     0(0.00%) |    546     274    3014    290 |    7.70        0.00
POST     /predict/colleges [same marks cluster]                                           435     0(0.00%) |    653     268    3751    290 |   29.60        0.00
POST     /predict/combo [200+ choices]                                                    157     0(0.00%) |    527     271    2624    310 |    9.40        0.00
--------|----------------------------------------------------------------------------|-------|-------------|-------|-------|-------|-------|--------|-----------
         Aggregated                                                                      1031     0(0.00%) |    796     268    3751    340 |   62.70        0.00

Type     Name                                                                          # reqs      # fails |    Avg     Min     Max    Med |   req/s  failures/s
--------|----------------------------------------------------------------------------|-------|-------------|-------|-------|-------|-------|--------|-----------
POST     /auth/login                                                                      200     0(0.00%) |   1235     590    2562   1000 |    4.60        0.00
POST     /auth/update-profile [rapid changes]                                              47     0(0.00%) |    688     287    2231    750 |    3.40        0.00
POST     /payment/create-order-marks [spam]                                                74     0(0.00%) |   1714    1115    3133   1600 |    4.20        0.00
POST     /predict/colleges [during marks churn]                                            32     0(0.00%) |    466     269    1663    290 |    2.30        0.00
POST     /predict/colleges [near-identical marks]                                         119     0(0.00%) |    526     274    3014    290 |    9.10        0.00
POST     /predict/colleges [same marks cluster]                                           511     0(0.00%) |    602     268    3751    290 |   33.50        0.00
POST     /predict/combo [200+ choices]                                                    170     0(0.00%) |    510     271    2624    300 |   10.20        0.00
--------|----------------------------------------------------------------------------|-------|-------------|-------|-------|-------|-------|--------|-----------
         Aggregated                                                                      1153     0(0.00%) |    762     268    3751    330 |   67.30        0.00

Type     Name                                                                          # reqs      # fails |    Avg     Min     Max    Med |   req/s  failures/s
--------|----------------------------------------------------------------------------|-------|-------------|-------|-------|-------|-------|--------|-----------
POST     /auth/login                                                                      200     0(0.00%) |   1235     590    2562   1000 |    0.00        0.00
POST     /auth/update-profile [rapid changes]                                              52     0(0.00%) |    661     287    2231    510 |    2.80        0.00
POST     /payment/create-order-marks [spam]                                                82     0(0.00%) |   1686    1115    3133   1600 |    4.90        0.00
POST     /predict/colleges [during marks churn]                                            38     0(0.00%) |    436     269    1663    280 |    2.10        0.00
POST     /predict/colleges [near-identical marks]                                         145     0(0.00%) |    486     274    3014    290 |    7.70        0.00
POST     /predict/colleges [same marks cluster]                                           564     0(0.00%) |    573     268    3751    290 |   32.80        0.00
POST     /predict/combo [200+ choices]                                                    187     0(0.00%) |    490     271    2624    300 |    8.00        0.00
--------|----------------------------------------------------------------------------|-------|-------------|-------|-------|-------|-------|--------|-----------
         Aggregated                                                                      1268     0(0.00%) |    727     268    3751    320 |   58.30        0.00

Type     Name                                                                          # reqs      # fails |    Avg     Min     Max    Med |   req/s  failures/s
--------|----------------------------------------------------------------------------|-------|-------------|-------|-------|-------|-------|--------|-----------
POST     /auth/login                                                                      200     0(0.00%) |   1235     590    2562   1000 |    0.00        0.00
POST     /auth/update-profile [rapid changes]                                              61     0(0.00%) |    629     287    2231    440 |    3.00        0.00
POST     /payment/create-order-marks [spam]                                                91     0(0.00%) |   1689    1115    3133   1600 |    4.90        0.00
POST     /predict/colleges [during marks churn]                                            43     0(0.00%) |    427     269    1663    290 |    2.00        0.00
POST     /predict/colleges [near-identical marks]                                         159     0(0.00%) |    473     274    3014    290 |    7.20        0.00
POST     /predict/colleges [same marks cluster]                                           633     0(0.00%) |    549     268    3751    290 |   32.20        0.00
POST     /predict/combo [200+ choices]                                                    203     0(0.00%) |    482     271    2624    300 |    8.80        0.00
--------|----------------------------------------------------------------------------|-------|-------------|-------|-------|-------|-------|--------|-----------
         Aggregated                                                                      1390     0(0.00%) |    703     268    3751    330 |   58.20        0.00

Type     Name                                                                          # reqs      # fails |    Avg     Min     Max    Med |   req/s  failures/s
--------|----------------------------------------------------------------------------|-------|-------------|-------|-------|-------|-------|--------|-----------
POST     /auth/login                                                                      200     0(0.00%) |   1235     590    2562   1000 |    0.00        0.00
POST     /auth/update-profile [rapid changes]                                              68     0(0.00%) |    610     287    2231    360 |    3.00        0.00
POST     /payment/create-order-marks [spam]                                                99     0(0.00%) |   1669    1115    3133   1600 |    4.80        0.00
POST     /predict/colleges [during marks churn]                                            46     0(0.00%) |    418     269    1663    280 |    2.40        0.00
POST     /predict/colleges [near-identical marks]                                         175     0(0.00%) |    457     274    3014    290 |    7.40        0.00
POST     /predict/colleges [same marks cluster]                                           703     0(0.00%) |    523     268    3751    290 |   31.90        0.00
POST     /predict/combo [200+ choices]                                                    220     0(0.00%) |    466     271    2624    300 |    8.50        0.00
--------|----------------------------------------------------------------------------|-------|-------------|-------|-------|-------|-------|--------|-----------
         Aggregated                                                                      1511     0(0.00%) |    677     268    3751    320 |   58.00        0.00

Type     Name                                                                          # reqs      # fails |    Avg     Min     Max    Med |   req/s  failures/s
--------|----------------------------------------------------------------------------|-------|-------------|-------|-------|-------|-------|--------|-----------
POST     /auth/login                                                                      200     0(0.00%) |   1235     590    2562   1000 |    0.00        0.00
POST     /auth/update-profile [rapid changes]                                              75     0(0.00%) |    601     287    2231    360 |    2.90        0.00
POST     /payment/create-order-marks [spam]                                               113     0(0.00%) |   1672    1115    3133   1600 |    4.60        0.00
POST     /predict/colleges [during marks churn]                                            47     0(0.00%) |    415     269    1663    280 |    2.50        0.00
POST     /predict/colleges [near-identical marks]                                         193     0(0.00%) |    443     273    3014    290 |    7.80        0.00
POST     /predict/colleges [same marks cluster]                                           763     0(0.00%) |    505     268    3751    290 |   31.90        0.00
POST     /predict/combo [200+ choices]                                                    237     0(0.00%) |    453     271    2624    300 |    8.50        0.00
--------|----------------------------------------------------------------------------|-------|-------------|-------|-------|-------|-------|--------|-----------
         Aggregated                                                                      1628     0(0.00%) |    663     268    3751    310 |   58.20        0.00

Type     Name                                                                          # reqs      # fails |    Avg     Min     Max    Med |   req/s  failures/s
--------|----------------------------------------------------------------------------|-------|-------------|-------|-------|-------|-------|--------|-----------
POST     /auth/login                                                                      200     0(0.00%) |   1235     590    2562   1000 |    0.00        0.00
POST     /auth/update-profile [rapid changes]                                              82     0(0.00%) |    588     287    2231    340 |    2.80        0.00
POST     /payment/create-order-marks [spam]                                               116     0(0.00%) |   1663    1115    3133   1600 |    5.00        0.00
POST     /predict/colleges [during marks churn]                                            51     0(0.00%) |    404     269    1663    280 |    2.00        0.00
POST     /predict/colleges [near-identical marks]                                         214     0(0.00%) |    429     273    3014    290 |    8.20        0.00
POST     /predict/colleges [same marks cluster]                                           828     0(0.00%) |    490     268    3751    290 |   31.70        0.00
POST     /predict/combo [200+ choices]                                                    257     0(0.00%) |    443     271    2624    290 |    8.20        0.00
--------|----------------------------------------------------------------------------|-------|-------------|-------|-------|-------|-------|--------|-----------
         Aggregated                                                                      1748     0(0.00%) |    641     268    3751    300 |   57.90        0.00

Type     Name                                                                          # reqs      # fails |    Avg     Min     Max    Med |   req/s  failures/s
--------|----------------------------------------------------------------------------|-------|-------------|-------|-------|-------|-------|--------|-----------
POST     /auth/login                                                                      200     0(0.00%) |   1235     590    2562   1000 |    0.00        0.00
POST     /auth/update-profile [rapid changes]                                              85     0(0.00%) |    580     287    2231    340 |    3.60        0.00
POST     /payment/create-order-marks [spam]                                               132     0(0.00%) |   1629    1115    3133   1600 |    4.60        0.00
POST     /predict/colleges [during marks churn]                                            53     0(0.00%) |    400     269    1663    280 |    1.80        0.00
POST     /predict/colleges [near-identical marks]                                         231     0(0.00%) |    418     272    3014    290 |    9.00        0.00
POST     /predict/colleges [same marks cluster]                                           886     0(0.00%) |    477     268    3751    290 |   31.40        0.00
POST     /predict/combo [200+ choices]                                                    273     0(0.00%) |    434     271    2624    290 |    8.30        0.00
--------|----------------------------------------------------------------------------|-------|-------------|-------|-------|-------|-------|--------|-----------
         Aggregated                                                                      1860     0(0.00%) |    629     268    3751    300 |   58.70        0.00

Type     Name                                                                          # reqs      # fails |    Avg     Min     Max    Med |   req/s  failures/s
--------|----------------------------------------------------------------------------|-------|-------------|-------|-------|-------|-------|--------|-----------
POST     /auth/login                                                                      200     0(0.00%) |   1235     590    2562   1000 |    0.00        0.00
POST     /auth/update-profile [rapid changes]                                              91     0(0.00%) |    568     287    2231    330 |    3.40        0.00
POST     /payment/create-order-marks [spam]                                               143     0(0.00%) |   1618    1115    3133   1600 |    5.00        0.00
POST     /predict/colleges [during marks churn]                                            55     0(0.00%) |    396     269    1663    280 |    1.70        0.00
POST     /predict/colleges [near-identical marks]                                         245     0(0.00%) |    411     272    3014    290 |    8.90        0.00
POST     /predict/colleges [same marks cluster]                                           953     0(0.00%) |    464     268    3751    290 |   32.10        0.00
POST     /predict/combo [200+ choices]                                                    291     0(0.00%) |    426     271    2624    290 |    8.30        0.00
--------|----------------------------------------------------------------------------|-------|-------------|-------|-------|-------|-------|--------|-----------
         Aggregated                                                                      1978     0(0.00%) |    616     268    3751    300 |   59.30        0.00

Type     Name                                                                          # reqs      # fails |    Avg     Min     Max    Med |   req/s  failures/s
--------|----------------------------------------------------------------------------|-------|-------------|-------|-------|-------|-------|--------|-----------
POST     /auth/login                                                                      200     0(0.00%) |   1235     590    2562   1000 |    0.00        0.00
POST     /auth/update-profile [rapid changes]                                             100     0(0.00%) |    554     287    2231    320 |    3.10        0.00
POST     /payment/create-order-marks [spam]                                               152     0(0.00%) |   1609    1115    3133   1600 |    5.20        0.00
POST     /predict/colleges [during marks churn]                                            57     0(0.00%) |    395     269    1663    280 |    1.30        0.00
POST     /predict/colleges [near-identical marks]                                         259     0(0.00%) |    405     272    3014    290 |    8.90        0.00
POST     /predict/colleges [same marks cluster]                                          1017     0(0.00%) |    454     268    3751    290 |   31.40        0.00
POST     /predict/combo [200+ choices]                                                    302     0(0.00%) |    421     271    2624    290 |    8.80        0.00
--------|----------------------------------------------------------------------------|-------|-------------|-------|-------|-------|-------|--------|-----------
         Aggregated                                                                      2087     0(0.00%) |    605     268    3751    300 |   58.70        0.00

Type     Name                                                                          # reqs      # fails |    Avg     Min     Max    Med |   req/s  failures/s
--------|----------------------------------------------------------------------------|-------|-------------|-------|-------|-------|-------|--------|-----------
POST     /auth/login                                                                      200     0(0.00%) |   1235     590    2562   1000 |    0.00        0.00
POST     /auth/update-profile [rapid changes]                                             104     0(0.00%) |    550     287    2231    320 |    3.20        0.00
POST     /payment/create-order-marks [spam]                                               161     0(0.00%) |   1602    1115    3133   1600 |    5.10        0.00
POST     /predict/colleges [during marks churn]                                            62     0(0.00%) |    386     269    1663    280 |    1.30        0.00
POST     /predict/colleges [near-identical marks]                                         273     0(0.00%) |    400     272    3014    290 |    8.50        0.00
POST     /predict/colleges [same marks cluster]                                          1084     0(0.00%) |    444     267    3751    290 |   32.20        0.00
POST     /predict/combo [200+ choices]                                                    323     0(0.00%) |    413     271    2624    290 |    8.20        0.00
--------|----------------------------------------------------------------------------|-------|-------------|-------|-------|-------|-------|--------|-----------
         Aggregated                                                                      2207     0(0.00%) |    593     267    3751    300 |   58.50        0.00

Type     Name                                                                          # reqs      # fails |    Avg     Min     Max    Med |   req/s  failures/s
--------|----------------------------------------------------------------------------|-------|-------------|-------|-------|-------|-------|--------|-----------
POST     /auth/login                                                                      200     0(0.00%) |   1235     590    2562   1000 |    0.00        0.00
POST     /auth/update-profile [rapid changes]                                             112     0(0.00%) |    532     287    2231    310 |    3.40        0.00
POST     /payment/create-order-marks [spam]                                               174     0(0.00%) |   1587    1115    3133   1500 |    5.10        0.00
POST     /predict/colleges [during marks churn]                                            66     0(0.00%) |    380     268    1663    280 |    1.50        0.00
POST     /predict/colleges [near-identical marks]                                         289     0(0.00%) |    394     272    3014    290 |    8.00        0.00
POST     /predict/colleges [same marks cluster]                                          1152     0(0.00%) |    435     267    3751    290 |   31.70        0.00
POST     /predict/combo [200+ choices]                                                    342     0(0.00%) |    407     270    2624    290 |    8.80        0.00
--------|----------------------------------------------------------------------------|-------|-------------|-------|-------|-------|-------|--------|-----------
         Aggregated                                                                      2335     0(0.00%) |    583     267    3751    290 |   58.50        0.00

Type     Name                                                                          # reqs      # fails |    Avg     Min     Max    Med |   req/s  failures/s
--------|----------------------------------------------------------------------------|-------|-------------|-------|-------|-------|-------|--------|-----------
POST     /auth/login                                                                      200     0(0.00%) |   1235     590    2562   1000 |    0.00        0.00
POST     /auth/update-profile [rapid changes]                                             121     0(0.00%) |    524     287    2231    310 |    3.10        0.00
POST     /payment/create-order-marks [spam]                                               182     0(0.00%) |   1585    1115    3133   1500 |    5.30        0.00
POST     /predict/colleges [during marks churn]                                            70     0(0.00%) |    375     268    1663    280 |    1.50        0.00
POST     /predict/colleges [near-identical marks]                                         303     0(0.00%) |    389     272    3014    290 |    7.60        0.00
POST     /predict/colleges [same marks cluster]                                          1218     0(0.00%) |    428     267    3751    290 |   32.10        0.00
POST     /predict/combo [200+ choices]                                                    362     0(0.00%) |    401     270    2624    290 |    8.30        0.00
--------|----------------------------------------------------------------------------|-------|-------------|-------|-------|-------|-------|--------|-----------
         Aggregated                                                                      2456     0(0.00%) |    574     267    3751    290 |   57.90        0.00

Type     Name                                                                          # reqs      # fails |    Avg     Min     Max    Med |   req/s  failures/s
--------|----------------------------------------------------------------------------|-------|-------------|-------|-------|-------|-------|--------|-----------
POST     /auth/login                                                                      200     0(0.00%) |   1235     590    2562   1000 |    0.00        0.00
POST     /auth/update-profile [rapid changes]                                             131     0(0.00%) |    519     287    2231    310 |    3.30        0.00
POST     /payment/create-order-marks [spam]                                               189     0(0.00%) |   1578    1115    3133   1500 |    5.40        0.00
POST     /predict/colleges [during marks churn]                                            74     0(0.00%) |    370     268    1663    280 |    1.60        0.00
POST     /predict/colleges [near-identical marks]                                         313     0(0.00%) |    386     272    3014    290 |    7.30        0.00
POST     /predict/colleges [same marks cluster]                                          1292     0(0.00%) |    421     267    3751    290 |   32.70        0.00
POST     /predict/combo [200+ choices]                                                    376     0(0.00%) |    398     270    2624    290 |    8.50        0.00
--------|----------------------------------------------------------------------------|-------|-------------|-------|-------|-------|-------|--------|-----------
         Aggregated                                                                      2575     0(0.00%) |    565     267    3751    290 |   58.80        0.00

Type     Name                                                                          # reqs      # fails |    Avg     Min     Max    Med |   req/s  failures/s
--------|----------------------------------------------------------------------------|-------|-------------|-------|-------|-------|-------|--------|-----------
POST     /auth/login                                                                      200     0(0.00%) |   1235     590    2562   1000 |    0.00        0.00
POST     /auth/update-profile [rapid changes]                                             138     0(0.00%) |    509     287    2231    310 |    3.60        0.00
POST     /payment/create-order-marks [spam]                                               199     0(0.00%) |   1575    1115    3133   1500 |    4.70        0.00
POST     /predict/colleges [during marks churn]                                            78     0(0.00%) |    366     268    1663    280 |    2.00        0.00
POST     /predict/colleges [near-identical marks]                                         329     0(0.00%) |    381     272    3014    290 |    6.90        0.00
POST     /predict/colleges [same marks cluster]                                          1356     0(0.00%) |    415     267    3751    290 |   33.30        0.00
POST     /predict/combo [200+ choices]                                                    391     0(0.00%) |    394     269    2624    290 |    9.00        0.00
--------|----------------------------------------------------------------------------|-------|-------------|-------|-------|-------|-------|--------|-----------
         Aggregated                                                                      2691     0(0.00%) |    558     267    3751    290 |   59.50        0.00

Type     Name                                                                          # reqs      # fails |    Avg     Min     Max    Med |   req/s  failures/s
--------|----------------------------------------------------------------------------|-------|-------------|-------|-------|-------|-------|--------|-----------
POST     /auth/login                                                                      200     0(0.00%) |   1235     590    2562   1000 |    0.00        0.00
POST     /auth/update-profile [rapid changes]                                             144     0(0.00%) |    504     287    2231    310 |    3.80        0.00
POST     /payment/create-order-marks [spam]                                               210     0(0.00%) |   1567    1115    3133   1500 |    4.80        0.00
POST     /predict/colleges [during marks churn]                                            82     0(0.00%) |    362     268    1663    280 |    1.90        0.00
POST     /predict/colleges [near-identical marks]                                         344     0(0.00%) |    377     272    3014    290 |    6.80        0.00
POST     /predict/colleges [same marks cluster]                                          1412     0(0.00%) |    410     267    3751    290 |   32.80        0.00
POST     /predict/combo [200+ choices]                                                    410     0(0.00%) |    389     269    2624    290 |    9.00        0.00
--------|----------------------------------------------------------------------------|-------|-------------|-------|-------|-------|-------|--------|-----------
         Aggregated                                                                      2802     0(0.00%) |    552     267    3751    290 |   59.10        0.00

Type     Name                                                                          # reqs      # fails |    Avg     Min     Max    Med |   req/s  failures/s
--------|----------------------------------------------------------------------------|-------|-------------|-------|-------|-------|-------|--------|-----------
POST     /auth/login                                                                      200     0(0.00%) |   1235     590    2562   1000 |    0.00        0.00
POST     /auth/update-profile [rapid changes]                                             152     0(0.00%) |    497     287    2231    310 |    4.00        0.00
POST     /payment/create-order-marks [spam]                                               220     0(0.00%) |   1569    1115    3133   1500 |    4.90        0.00
POST     /predict/colleges [during marks churn]                                            85     0(0.00%) |    360     268    1663    280 |    2.00        0.00
POST     /predict/colleges [near-identical marks]                                         360     0(0.00%) |    374     272    3014    290 |    7.10        0.00
POST     /predict/colleges [same marks cluster]                                          1476     0(0.00%) |    406     267    3751    290 |   32.70        0.00
POST     /predict/combo [200+ choices]                                                    428     0(0.00%) |    386     269    2624    290 |    8.70        0.00
--------|----------------------------------------------------------------------------|-------|-------------|-------|-------|-------|-------|--------|-----------
         Aggregated                                                                      2921     0(0.00%) |    547     267    3751    290 |   59.40        0.00

Type     Name                                                                          # reqs      # fails |    Avg     Min     Max    Med |   req/s  failures/s
--------|----------------------------------------------------------------------------|-------|-------------|-------|-------|-------|-------|--------|-----------
POST     /auth/login                                                                      200     0(0.00%) |   1235     590    2562   1000 |    0.00        0.00
POST     /auth/update-profile [rapid changes]                                             158     0(0.00%) |    491     287    2231    310 |    3.90        0.00
POST     /payment/create-order-marks [spam]                                               232     0(0.00%) |   1564    1115    3133   1500 |    4.60        0.00
POST     /predict/colleges [during marks churn]                                            86     0(0.00%) |    359     268    1663    280 |    1.90        0.00
POST     /predict/colleges [near-identical marks]                                         376     0(0.00%) |    370     272    3014    290 |    7.10        0.00
POST     /predict/colleges [same marks cluster]                                          1541     0(0.00%) |    401     267    3751    290 |   32.10        0.00
POST     /predict/combo [200+ choices]                                                    451     0(0.00%) |    382     269    2624    290 |    8.60        0.00
--------|----------------------------------------------------------------------------|-------|-------------|-------|-------|-------|-------|--------|-----------
         Aggregated                                                                      3044     0(0.00%) |    541     267    3751    290 |   58.20        0.00

Type     Name                                                                          # reqs      # fails |    Avg     Min     Max    Med |   req/s  failures/s
--------|----------------------------------------------------------------------------|-------|-------------|-------|-------|-------|-------|--------|-----------
POST     /auth/login                                                                      200     0(0.00%) |   1235     590    2562   1000 |    0.00        0.00
POST     /auth/update-profile [rapid changes]                                             168     0(0.00%) |    484     287    2231    310 |    3.70        0.00
POST     /payment/create-order-marks [spam]                                               239     0(0.00%) |   1562    1115    3133   1500 |    5.00        0.00
POST     /predict/colleges [during marks churn]                                            88     0(0.00%) |    358     268    1663    280 |    1.60        0.00
POST     /predict/colleges [near-identical marks]                                         397     0(0.00%) |    367     272    3014    290 |    7.30        0.00
POST     /predict/colleges [same marks cluster]                                          1599     0(0.00%) |    398     267    3751    290 |   32.00        0.00
POST     /predict/combo [200+ choices]                                                    463     0(0.00%) |    379     269    2624    290 |    8.90        0.00
--------|----------------------------------------------------------------------------|-------|-------------|-------|-------|-------|-------|--------|-----------
         Aggregated                                                                      3154     0(0.00%) |    536     267    3751    290 |   58.50        0.00

Type     Name                                                                          # reqs      # fails |    Avg     Min     Max    Med |   req/s  failures/s
--------|----------------------------------------------------------------------------|-------|-------------|-------|-------|-------|-------|--------|-----------
POST     /auth/login                                                                      200     0(0.00%) |   1235     590    2562   1000 |    0.00        0.00
POST     /auth/update-profile [rapid changes]                                             175     0(0.00%) |    481     287    2231    310 |    3.70        0.00
POST     /payment/create-order-marks [spam]                                               252     0(0.00%) |   1557    1115    3133   1500 |    5.00        0.00
POST     /predict/colleges [during marks churn]                                            90     0(0.00%) |    356     268    1663    280 |    1.40        0.00
POST     /predict/colleges [near-identical marks]                                         406     0(0.00%) |    366     272    3014    290 |    8.40        0.00
POST     /predict/colleges [same marks cluster]                                          1663     0(0.00%) |    395     267    3751    290 |   30.30        0.00
POST     /predict/combo [200+ choices]                                                    477     0(0.00%) |    377     269    2624    290 |    8.70        0.00
--------|----------------------------------------------------------------------------|-------|-------------|-------|-------|-------|-------|--------|-----------
         Aggregated                                                                      3263     0(0.00%) |    533     267    3751    290 |   57.50        0.00

Type     Name                                                                          # reqs      # fails |    Avg     Min     Max    Med |   req/s  failures/s
--------|----------------------------------------------------------------------------|-------|-------------|-------|-------|-------|-------|--------|-----------
POST     /auth/login                                                                      200     0(0.00%) |   1235     590    2562   1000 |    0.00        0.00
POST     /auth/update-profile [rapid changes]                                             182     0(0.00%) |    474     287    2231    310 |    3.70        0.00
POST     /payment/create-order-marks [spam]                                               262     0(0.00%) |   1552    1115    3133   1500 |    5.20        0.00
POST     /predict/colleges [during marks churn]                                            95     0(0.00%) |    353     268    1663    280 |    1.20        0.00
POST     /predict/colleges [near-identical marks]                                         424     0(0.00%) |    363     272    3014    290 |    7.60        0.00
POST     /predict/colleges [same marks cluster]                                          1729     0(0.00%) |    391     267    3751    290 |   30.40        0.00
POST     /predict/combo [200+ choices]                                                    493     0(0.00%) |    375     269    2624    290 |    8.50        0.00
--------|----------------------------------------------------------------------------|-------|-------------|-------|-------|-------|-------|--------|-----------
         Aggregated                                                                      3385     0(0.00%) |    528     267    3751    290 |   56.60        0.00

Type     Name                                                                          # reqs      # fails |    Avg     Min     Max    Med |   req/s  failures/s
--------|----------------------------------------------------------------------------|-------|-------------|-------|-------|-------|-------|--------|-----------
POST     /auth/login                                                                      200     0(0.00%) |   1235     590    2562   1000 |    0.00        0.00
POST     /auth/update-profile [rapid changes]                                             187     0(0.00%) |    478     287    2231    310 |    3.70        0.00
POST     /payment/create-order-marks [spam]                                               268     0(0.00%) |   1549    1115    3133   1500 |    5.10        0.00
POST     /predict/colleges [during marks churn]                                           102     0(0.00%) |    350     268    1663    280 |    1.10        0.00
POST     /predict/colleges [near-identical marks]                                         433     0(0.00%) |    362     272    3014    290 |    8.00        0.00
POST     /predict/colleges [same marks cluster]                                          1786     0(0.00%) |    388     267    3751    290 |   31.80        0.00
POST     /predict/combo [200+ choices]                                                    506     0(0.00%) |    373     269    2624    290 |    8.20        0.00
--------|----------------------------------------------------------------------------|-------|-------------|-------|-------|-------|-------|--------|-----------
         Aggregated                                                                      3482     0(0.00%) |    524     267    3751    290 |   57.90        0.00

Type     Name                                                                          # reqs      # fails |    Avg     Min     Max    Med |   req/s  failures/s
--------|----------------------------------------------------------------------------|-------|-------------|-------|-------|-------|-------|--------|-----------
POST     /auth/login                                                                      200     0(0.00%) |   1235     590    2562   1000 |    0.00        0.00
POST     /auth/update-profile [rapid changes]                                             195     0(0.00%) |    472     287    2231    310 |    3.60        0.00
POST     /payment/create-order-marks [spam]                                               277     0(0.00%) |   1545    1115    3133   1500 |    4.80        0.00
POST     /predict/colleges [during marks churn]                                           104     0(0.00%) |    349     268    1663    280 |    1.70        0.00
POST     /predict/colleges [near-identical marks]                                         451     0(0.00%) |    359     272    3014    290 |    7.30        0.00
POST     /predict/colleges [same marks cluster]                                          1858     0(0.00%) |    385     267    3751    290 |   31.30        0.00
POST     /predict/combo [200+ choices]                                                    532     0(0.00%) |    370     269    2624    290 |    7.80        0.00
--------|----------------------------------------------------------------------------|-------|-------------|-------|-------|-------|-------|--------|-----------
         Aggregated                                                                      3617     0(0.00%) |    519     267    3751    290 |   56.50        0.00

Type     Name                                                                          # reqs      # fails |    Avg     Min     Max    Med |   req/s  failures/s
--------|----------------------------------------------------------------------------|-------|-------------|-------|-------|-------|-------|--------|-----------
POST     /auth/login                                                                      200     0(0.00%) |   1235     590    2562   1000 |    0.00        0.00
POST     /auth/update-profile [rapid changes]                                             202     0(0.00%) |    469     287    2231    310 |    3.60        0.00
POST     /payment/create-order-marks [spam]                                               291     0(0.00%) |   1542    1115    3133   1500 |    4.50        0.00
POST     /predict/colleges [during marks churn]                                           104     0(0.00%) |    349     268    1663    280 |    1.80        0.00
POST     /predict/colleges [near-identical marks]                                         466     0(0.00%) |    357     272    3014    290 |    7.40        0.00
POST     /predict/colleges [same marks cluster]                                          1920     0(0.00%) |    382     267    3751    290 |   31.70        0.00
POST     /predict/combo [200+ choices]                                                    550     0(0.00%) |    368     269    2624    290 |    8.00        0.00
--------|----------------------------------------------------------------------------|-------|-------------|-------|-------|-------|-------|--------|-----------
         Aggregated                                                                      3733     0(0.00%) |    517     267    3751    290 |   57.00        0.00

Type     Name                                                                          # reqs      # fails |    Avg     Min     Max    Med |   req/s  failures/s
--------|----------------------------------------------------------------------------|-------|-------------|-------|-------|-------|-------|--------|-----------
POST     /auth/login                                                                      200     0(0.00%) |   1235     590    2562   1000 |    0.00        0.00
POST     /auth/update-profile [rapid changes]                                             209     0(0.00%) |    466     287    2231    310 |    3.20        0.00
POST     /payment/create-order-marks [spam]                                               300     0(0.00%) |   1537    1115    3133   1400 |    5.10        0.00
POST     /predict/colleges [during marks churn]                                           109     0(0.00%) |    347     268    1663    280 |    1.60        0.00
POST     /predict/colleges [near-identical marks]                                         482     0(0.00%) |    356     272    3014    290 |    6.90        0.00
POST     /predict/colleges [same marks cluster]                                          1987     0(0.00%) |    380     267    3751    290 |   32.30        0.00
POST     /predict/combo [200+ choices]                                                    561     0(0.00%) |    367     269    2624    290 |    8.70        0.00
--------|----------------------------------------------------------------------------|-------|-------------|-------|-------|-------|-------|--------|-----------
         Aggregated                                                                      3848     0(0.00%) |    513     267    3751    290 |   57.80        0.00

Type     Name                                                                          # reqs      # fails |    Avg     Min     Max    Med |   req/s  failures/s
--------|----------------------------------------------------------------------------|-------|-------------|-------|-------|-------|-------|--------|-----------
POST     /auth/login                                                                      200     0(0.00%) |   1235     590    2562   1000 |    0.00        0.00
POST     /auth/update-profile [rapid changes]                                             214     0(0.00%) |    465     287    2231    310 |    3.30        0.00
POST     /payment/create-order-marks [spam]                                               308     0(0.00%) |   1534    1115    3133   1400 |    4.80        0.00
POST     /predict/colleges [during marks churn]                                           116     0(0.00%) |    344     268    1663    280 |    1.90        0.00
POST     /predict/colleges [near-identical marks]                                         498     0(0.00%) |    354     272    3014    290 |    7.70        0.00
POST     /predict/colleges [same marks cluster]                                          2048     0(0.00%) |    377     267    3751    290 |   32.40        0.00
POST     /predict/combo [200+ choices]                                                    577     0(0.00%) |    365     269    2624    290 |    8.40        0.00
--------|----------------------------------------------------------------------------|-------|-------------|-------|-------|-------|-------|--------|-----------
         Aggregated                                                                      3961     0(0.00%) |    510     267    3751    290 |   58.50        0.00

Type     Name                                                                          # reqs      # fails |    Avg     Min     Max    Med |   req/s  failures/s
--------|----------------------------------------------------------------------------|-------|-------------|-------|-------|-------|-------|--------|-----------
POST     /auth/login                                                                      200     0(0.00%) |   1235     590    2562   1000 |    0.00        0.00
POST     /auth/update-profile [rapid changes]                                             222     0(0.00%) |    464     287    2231    310 |    3.20        0.00
POST     /payment/create-order-marks [spam]                                               319     0(0.00%) |   1530    1115    3133   1400 |    4.60        0.00
POST     /predict/colleges [during marks churn]                                           118     0(0.00%) |    343     268    1663    280 |    2.10        0.00
POST     /predict/colleges [near-identical marks]                                         517     0(0.00%) |    353     272    3014    290 |    7.30        0.00
POST     /predict/colleges [same marks cluster]                                          2113     0(0.00%) |    375     267    3751    290 |   31.70        0.00
POST     /predict/combo [200+ choices]                                                    605     0(0.00%) |    361     269    2624    290 |    8.40        0.00
--------|----------------------------------------------------------------------------|-------|-------------|-------|-------|-------|-------|--------|-----------
         Aggregated                                                                      4094     0(0.00%) |    506     267    3751    290 |   57.30        0.00

Type     Name                                                                          # reqs      # fails |    Avg     Min     Max    Med |   req/s  failures/s
--------|----------------------------------------------------------------------------|-------|-------------|-------|-------|-------|-------|--------|-----------
POST     /auth/login                                                                      200     0(0.00%) |   1235     590    2562   1000 |    0.00        0.00
POST     /auth/update-profile [rapid changes]                                             228     0(0.00%) |    469     287    2231    310 |    3.50        0.00
POST     /payment/create-order-marks [spam]                                               328     0(0.00%) |   1528    1115    3133   1400 |    5.00        0.00
POST     /predict/colleges [during marks churn]                                           123     0(0.00%) |    341     268    1663    290 |    1.60        0.00
POST     /predict/colleges [near-identical marks]                                         526     0(0.00%) |    352     272    3014    290 |    8.30        0.00
POST     /predict/colleges [same marks cluster]                                          2170     0(0.00%) |    373     267    3751    290 |   32.10        0.00
POST     /predict/combo [200+ choices]                                                    619     0(0.00%) |    360     269    2624    290 |    9.70        0.00
--------|----------------------------------------------------------------------------|-------|-------------|-------|-------|-------|-------|--------|-----------
         Aggregated                                                                      4194     0(0.00%) |    504     267    3751    290 |   60.20        0.00

Type     Name                                                                          # reqs      # fails |    Avg     Min     Max    Med |   req/s  failures/s
--------|----------------------------------------------------------------------------|-------|-------------|-------|-------|-------|-------|--------|-----------
POST     /auth/login                                                                      200     0(0.00%) |   1235     590    2562   1000 |    0.00        0.00
POST     /auth/update-profile [rapid changes]                                             232     0(0.00%) |    469     287    2231    310 |    3.40        0.00
POST     /payment/create-order-marks [spam]                                               339     0(0.00%) |   1525    1115    3133   1400 |    5.10        0.00
POST     /predict/colleges [during marks churn]                                           125     0(0.00%) |    340     268    1663    290 |    1.80        0.00
POST     /predict/colleges [near-identical marks]                                         544     0(0.00%) |    350     272    3014    290 |    7.60        0.00
POST     /predict/colleges [same marks cluster]                                          2239     0(0.00%) |    371     267    3751    290 |   31.20        0.00
POST     /predict/combo [200+ choices]                                                    634     0(0.00%) |    358     269    2624    290 |    8.80        0.00
--------|----------------------------------------------------------------------------|-------|-------------|-------|-------|-------|-------|--------|-----------
         Aggregated                                                                      4313     0(0.00%) |    502     267    3751    290 |   57.90        0.00

Type     Name                                                                          # reqs      # fails |    Avg     Min     Max    Med |   req/s  failures/s
--------|----------------------------------------------------------------------------|-------|-------------|-------|-------|-------|-------|--------|-----------
POST     /auth/login                                                                      200     0(0.00%) |   1235     590    2562   1000 |    0.00        0.00
POST     /auth/update-profile [rapid changes]                                             244     0(0.00%) |    463     287    2231    310 |    3.20        0.00
POST     /payment/create-order-marks [spam]                                               350     0(0.00%) |   1524    1115    3133   1400 |    4.90        0.00
POST     /predict/colleges [during marks churn]                                           128     0(0.00%) |    340     268    1663    290 |    2.10        0.00
POST     /predict/colleges [near-identical marks]                                         560     0(0.00%) |    348     272    3014    290 |    7.60        0.00
POST     /predict/colleges [same marks cluster]                                          2298     0(0.00%) |    369     267    3751    290 |   31.30        0.00
POST     /predict/combo [200+ choices]                                                    649     0(0.00%) |    357     269    2624    290 |    8.30        0.00
--------|----------------------------------------------------------------------------|-------|-------------|-------|-------|-------|-------|--------|-----------
         Aggregated                                                                      4429     0(0.00%) |    499     267    3751    290 |   57.40        0.00

Type     Name                                                                          # reqs      # fails |    Avg     Min     Max    Med |   req/s  failures/s
--------|----------------------------------------------------------------------------|-------|-------------|-------|-------|-------|-------|--------|-----------
POST     /auth/login                                                                      200     0(0.00%) |   1235     590    2562   1000 |    0.00        0.00
POST     /auth/update-profile [rapid changes]                                             253     0(0.00%) |    466     287    2231    310 |    3.50        0.00
POST     /payment/create-order-marks [spam]                                               360     0(0.00%) |   1519    1113    3133   1400 |    5.10        0.00
POST     /predict/colleges [during marks churn]                                           133     0(0.00%) |    338     268    1663    290 |    1.90        0.00
POST     /predict/colleges [near-identical marks]                                         580     0(0.00%) |    347     271    3014    290 |    7.70        0.00
POST     /predict/colleges [same marks cluster]                                          2367     0(0.00%) |    368     267    3751    290 |   31.10        0.00
POST     /predict/combo [200+ choices]                                                    671     0(0.00%) |    355     269    2624    290 |    8.80        0.00
--------|----------------------------------------------------------------------------|-------|-------------|-------|-------|-------|-------|--------|-----------
         Aggregated                                                                      4564     0(0.00%) |    497     267    3751    290 |   58.10        0.00

Type     Name                                                                          # reqs      # fails |    Avg     Min     Max    Med |   req/s  failures/s
--------|----------------------------------------------------------------------------|-------|-------------|-------|-------|-------|-------|--------|-----------
POST     /auth/login                                                                      200     0(0.00%) |   1235     590    2562   1000 |    0.00        0.00
POST     /auth/update-profile [rapid changes]                                             257     0(0.00%) |    467     287    2231    310 |    3.90        0.00
POST     /payment/create-order-marks [spam]                                               369     0(0.00%) |   1515    1113    3133   1300 |    5.10        0.00
POST     /predict/colleges [during marks churn]                                           137     0(0.00%) |    340     268    1663    290 |    1.70        0.00
POST     /predict/colleges [near-identical marks]                                         598     0(0.00%) |    345     271    3014    290 |    8.10        0.00
POST     /predict/colleges [same marks cluster]                                          2432     0(0.00%) |    366     267    3751    290 |   31.50        0.00
POST     /predict/combo [200+ choices]                                                    690     0(0.00%) |    353     269    2624    290 |    9.20        0.00
--------|----------------------------------------------------------------------------|-------|-------------|-------|-------|-------|-------|--------|-----------
         Aggregated                                                                      4683     0(0.00%) |    494     267    3751    290 |   59.50        0.00

Type     Name                                                                          # reqs      # fails |    Avg     Min     Max    Med |   req/s  failures/s
--------|----------------------------------------------------------------------------|-------|-------------|-------|-------|-------|-------|--------|-----------
POST     /auth/login                                                                      200     0(0.00%) |   1235     590    2562   1000 |    0.00        0.00
POST     /auth/update-profile [rapid changes]                                             262     0(0.00%) |    468     287    2231    310 |    3.50        0.00
POST     /payment/create-order-marks [spam]                                               380     0(0.00%) |   1509    1113    3133   1300 |    4.90        0.00
POST     /predict/colleges [during marks churn]                                           141     0(0.00%) |    339     268    1663    290 |    1.80        0.00
POST     /predict/colleges [near-identical marks]                                         611     0(0.00%) |    344     271    3014    290 |    7.90        0.00
POST     /predict/colleges [same marks cluster]                                          2493     0(0.00%) |    364     267    3751    290 |   31.90        0.00
POST     /predict/combo [200+ choices]                                                    704     0(0.00%) |    353     269    2624    290 |    8.70        0.00
--------|----------------------------------------------------------------------------|-------|-------------|-------|-------|-------|-------|--------|-----------
         Aggregated                                                                      4791     0(0.00%) |    492     267    3751    290 |   58.70        0.00

Type     Name                                                                          # reqs      # fails |    Avg     Min     Max    Med |   req/s  failures/s
--------|----------------------------------------------------------------------------|-------|-------------|-------|-------|-------|-------|--------|-----------
POST     /auth/login                                                                      200     0(0.00%) |   1235     590    2562   1000 |    0.00        0.00
POST     /auth/update-profile [rapid changes]                                             267     0(0.00%) |    466     287    2231    310 |    3.30        0.00
POST     /payment/create-order-marks [spam]                                               395     0(0.00%) |   1503    1113    3133   1300 |    5.10        0.00
POST     /predict/colleges [during marks churn]                                           144     0(0.00%) |    338     268    1663    290 |    1.80        0.00
POST     /predict/colleges [near-identical marks]                                         626     0(0.00%) |    343     271    3014    290 |    8.40        0.00
POST     /predict/colleges [same marks cluster]                                          2553     0(0.00%) |    363     267    3751    290 |   32.00        0.00
POST     /predict/combo [200+ choices]                                                    723     0(0.00%) |    351     269    2624    290 |    8.50        0.00
--------|----------------------------------------------------------------------------|-------|-------------|-------|-------|-------|-------|--------|-----------
         Aggregated                                                                      4908     0(0.00%) |    491     267    3751    290 |   59.10        0.00

Type     Name                                                                          # reqs      # fails |    Avg     Min     Max    Med |   req/s  failures/s
--------|----------------------------------------------------------------------------|-------|-------------|-------|-------|-------|-------|--------|-----------
POST     /auth/login                                                                      200     0(0.00%) |   1235     590    2562   1000 |    0.00        0.00
POST     /auth/update-profile [rapid changes]                                             269     0(0.00%) |    464     287    2231    310 |    3.50        0.00
POST     /payment/create-order-marks [spam]                                               403     0(0.00%) |   1499    1113    3133   1300 |    5.30        0.00
POST     /predict/colleges [during marks churn]                                           150     0(0.00%) |    336     268    1663    290 |    1.90        0.00
POST     /predict/colleges [near-identical marks]                                         642     0(0.00%) |    342     271    3014    290 |    8.40        0.00
POST     /predict/colleges [same marks cluster]                                          2617     0(0.00%) |    361     267    3751    290 |   30.90        0.00
POST     /predict/combo [200+ choices]                                                    744     0(0.00%) |    350     269    2624    290 |    8.40        0.00
--------|----------------------------------------------------------------------------|-------|-------------|-------|-------|-------|-------|--------|-----------
         Aggregated                                                                      5025     0(0.00%) |    488     267    3751    290 |   58.40        0.00

Type     Name                                                                          # reqs      # fails |    Avg     Min     Max    Med |   req/s  failures/s
--------|----------------------------------------------------------------------------|-------|-------------|-------|-------|-------|-------|--------|-----------
POST     /auth/login                                                                      200     0(0.00%) |   1235     590    2562   1000 |    0.00        0.00
POST     /auth/update-profile [rapid changes]                                             274     0(0.00%) |    462     287    2231    310 |    2.60        0.00
POST     /payment/create-order-marks [spam]                                               418     0(0.00%) |   1500    1113    3133   1300 |    5.20        0.00
POST     /predict/colleges [during marks churn]                                           154     0(0.00%) |    335     268    1663    290 |    2.20        0.00
POST     /predict/colleges [near-identical marks]                                         653     0(0.00%) |    343     271    3014    290 |    8.20        0.00
POST     /predict/colleges [same marks cluster]                                          2687     0(0.00%) |    360     267    3751    290 |   31.30        0.00
POST     /predict/combo [200+ choices]                                                    753     0(0.00%) |    350     269    2624    290 |    9.30        0.00
--------|----------------------------------------------------------------------------|-------|-------------|-------|-------|-------|-------|--------|-----------
         Aggregated                                                                      5139     0(0.00%) |    488     267    3751    290 |   58.80        0.00

Type     Name                                                                          # reqs      # fails |    Avg     Min     Max    Med |   req/s  failures/s
--------|----------------------------------------------------------------------------|-------|-------------|-------|-------|-------|-------|--------|-----------
POST     /auth/login                                                                      200     0(0.00%) |   1235     590    2562   1000 |    0.00        0.00
POST     /auth/update-profile [rapid changes]                                             280     0(0.00%) |    459     287    2231    310 |    2.00        0.00
POST     /payment/create-order-marks [spam]                                               428     0(0.00%) |   1496    1113    3133   1300 |    5.70        0.00
POST     /predict/colleges [during marks churn]                                           157     0(0.00%) |    335     268    1663    290 |    2.10        0.00
POST     /predict/colleges [near-identical marks]                                         672     0(0.00%) |    343     271    3014    290 |    7.40        0.00
POST     /predict/colleges [same marks cluster]                                          2747     0(0.00%) |    359     267    3751    290 |   31.70        0.00
POST     /predict/combo [200+ choices]                                                    775     0(0.00%) |    348     269    2624    290 |    8.10        0.00
--------|----------------------------------------------------------------------------|-------|-------------|-------|-------|-------|-------|--------|-----------
         Aggregated                                                                      5259     0(0.00%) |    486     267    3751    290 |   57.00        0.00

Type     Name                                                                          # reqs      # fails |    Avg     Min     Max    Med |   req/s  failures/s
--------|----------------------------------------------------------------------------|-------|-------------|-------|-------|-------|-------|--------|-----------
POST     /auth/login                                                                      200     0(0.00%) |   1235     590    2562   1000 |    0.00        0.00
POST     /auth/update-profile [rapid changes]                                             286     0(0.00%) |    460     287    2231    310 |    2.30        0.00
POST     /payment/create-order-marks [spam]                                               434     0(0.00%) |   1493    1113    3133   1300 |    5.80        0.00
POST     /predict/colleges [during marks churn]                                           161     0(0.00%) |    334     268    1663    290 |    2.10        0.00
POST     /predict/colleges [near-identical marks]                                         686     0(0.00%) |    342     271    3014    290 |    7.60        0.00
POST     /predict/colleges [same marks cluster]                                          2812     0(0.00%) |    357     267    3751    290 |   31.20        0.00
POST     /predict/combo [200+ choices]                                                    795     0(0.00%) |    347     269    2624    290 |    8.30        0.00
--------|----------------------------------------------------------------------------|-------|-------------|-------|-------|-------|-------|--------|-----------
         Aggregated                                                                      5374     0(0.00%) |    483     267    3751    290 |   57.30        0.00

Type     Name                                                                          # reqs      # fails |    Avg     Min     Max    Med |   req/s  failures/s
--------|----------------------------------------------------------------------------|-------|-------------|-------|-------|-------|-------|--------|-----------
POST     /auth/login                                                                      200     0(0.00%) |   1235     590    2562   1000 |    0.00        0.00
POST     /auth/update-profile [rapid changes]                                             294     0(0.00%) |    458     287    2231    310 |    2.40        0.00
POST     /payment/create-order-marks [spam]                                               449     0(0.00%) |   1488    1113    3133   1300 |    5.50        0.00
POST     /predict/colleges [during marks churn]                                           163     0(0.00%) |    333     268    1663    290 |    2.10        0.00
POST     /predict/colleges [near-identical marks]                                         704     0(0.00%) |    341     271    3014    290 |    7.60        0.00
POST     /predict/colleges [same marks cluster]                                          2870     0(0.00%) |    356     267    3751    290 |   31.40        0.00
POST     /predict/combo [200+ choices]                                                    812     0(0.00%) |    346     269    2624    290 |    8.90        0.00
--------|----------------------------------------------------------------------------|-------|-------------|-------|-------|-------|-------|--------|-----------
         Aggregated                                                                      5492     0(0.00%) |    482     267    3751    290 |   57.90        0.00

Type     Name                                                                          # reqs      # fails |    Avg     Min     Max    Med |   req/s  failures/s
--------|----------------------------------------------------------------------------|-------|-------------|-------|-------|-------|-------|--------|-----------
POST     /auth/login                                                                      200     0(0.00%) |   1235     590    2562   1000 |    0.00        0.00
POST     /auth/update-profile [rapid changes]                                             299     0(0.00%) |    456     287    2231    310 |    2.70        0.00
POST     /payment/create-order-marks [spam]                                               461     0(0.00%) |   1486    1113    3133   1300 |    5.30        0.00
POST     /predict/colleges [during marks churn]                                           167     0(0.00%) |    333     268    1663    290 |    1.90        0.00
POST     /predict/colleges [near-identical marks]                                         722     0(0.00%) |    340     271    3014    290 |    7.60        0.00
POST     /predict/colleges [same marks cluster]                                          2939     0(0.00%) |    354     267    3751    290 |   32.30        0.00
POST     /predict/combo [200+ choices]                                                    828     0(0.00%) |    345     269    2624    290 |    8.90        0.00
--------|----------------------------------------------------------------------------|-------|-------------|-------|-------|-------|-------|--------|-----------
         Aggregated                                                                      5616     0(0.00%) |    480     267    3751    290 |   58.70        0.00

Type     Name                                                                          # reqs      # fails |    Avg     Min     Max    Med |   req/s  failures/s
--------|----------------------------------------------------------------------------|-------|-------------|-------|-------|-------|-------|--------|-----------
POST     /auth/login                                                                      200     0(0.00%) |   1235     590    2562   1000 |    0.00        0.00
POST     /auth/update-profile [rapid changes]                                             301     0(0.00%) |    455     287    2231    310 |    2.90        0.00
POST     /payment/create-order-marks [spam]                                               474     0(0.00%) |   1483    1113    3133   1300 |    5.60        0.00
POST     /predict/colleges [during marks churn]                                           170     0(0.00%) |    332     268    1663    290 |    1.60        0.00
POST     /predict/colleges [near-identical marks]                                         739     0(0.00%) |    339     271    3014    290 |    7.80        0.00
POST     /predict/colleges [same marks cluster]                                          2997     0(0.00%) |    353     267    3751    290 |   32.40        0.00
POST     /predict/combo [200+ choices]                                                    845     0(0.00%) |    344     269    2624    290 |    8.50        0.00
--------|----------------------------------------------------------------------------|-------|-------------|-------|-------|-------|-------|--------|-----------
         Aggregated                                                                      5726     0(0.00%) |    479     267    3751    290 |   58.80        0.00

Type     Name                                                                          # reqs      # fails |    Avg     Min     Max    Med |   req/s  failures/s
--------|----------------------------------------------------------------------------|-------|-------------|-------|-------|-------|-------|--------|-----------
POST     /auth/login                                                                      200     0(0.00%) |   1235     590    2562   1000 |    0.00        0.00
POST     /auth/update-profile [rapid changes]                                             310     0(0.00%) |    451     287    2231    310 |    2.70        0.00
POST     /payment/create-order-marks [spam]                                               482     0(0.00%) |   1481    1113    3133   1300 |    5.70        0.00
POST     /predict/colleges [during marks churn]                                           173     0(0.00%) |    331     268    1663    290 |    1.60        0.00
POST     /predict/colleges [near-identical marks]                                         762     0(0.00%) |    338     271    3014    290 |    8.50        0.00
POST     /predict/colleges [same marks cluster]                                          3056     0(0.00%) |    352     267    3751    290 |   31.40        0.00
POST     /predict/combo [200+ choices]                                                    866     0(0.00%) |    343     269    2624    290 |    9.40        0.00
--------|----------------------------------------------------------------------------|-------|-------------|-------|-------|-------|-------|--------|-----------
         Aggregated                                                                      5849     0(0.00%) |    477     267    3751    290 |   59.30        0.00

Type     Name                                                                          # reqs      # fails |    Avg     Min     Max    Med |   req/s  failures/s
--------|----------------------------------------------------------------------------|-------|-------------|-------|-------|-------|-------|--------|-----------
POST     /auth/login                                                                      200     0(0.00%) |   1235     590    2562   1000 |    0.00        0.00
POST     /auth/update-profile [rapid changes]                                             313     0(0.00%) |    449     287    2231    310 |    2.90        0.00
POST     /payment/create-order-marks [spam]                                               496     0(0.00%) |   1478    1113    3133   1300 |    5.60        0.00
POST     /predict/colleges [during marks churn]                                           176     0(0.00%) |    331     268    1663    290 |    1.60        0.00
POST     /predict/colleges [near-identical marks]                                         774     0(0.00%) |    337     271    3014    290 |    9.10        0.00
POST     /predict/colleges [same marks cluster]                                          3124     0(0.00%) |    352     267    3751    290 |   31.50        0.00
POST     /predict/combo [200+ choices]                                                    883     0(0.00%) |    342     269    2624    290 |    8.90        0.00
--------|----------------------------------------------------------------------------|-------|-------------|-------|-------|-------|-------|--------|-----------
         Aggregated                                                                      5966     0(0.00%) |    476     267    3751    290 |   59.60        0.00

Type     Name                                                                          # reqs      # fails |    Avg     Min     Max    Med |   req/s  failures/s
--------|----------------------------------------------------------------------------|-------|-------------|-------|-------|-------|-------|--------|-----------
POST     /auth/login                                                                      200     0(0.00%) |   1235     590    2562   1000 |    0.00        0.00
POST     /auth/update-profile [rapid changes]                                             320     0(0.00%) |    448     287    2231    310 |    2.70        0.00
POST     /payment/create-order-marks [spam]                                               503     0(0.00%) |   1475    1113    3133   1300 |    5.90        0.00
POST     /predict/colleges [during marks churn]                                           181     0(0.00%) |    330     268    1663    290 |    1.50        0.00
POST     /predict/colleges [near-identical marks]                                         791     0(0.00%) |    336     271    3014    290 |    8.50        0.00
POST     /predict/colleges [same marks cluster]                                          3173     0(0.00%) |    351     267    3751    290 |   31.40        0.00
POST     /predict/combo [200+ choices]                                                    896     0(0.00%) |    341     269    2624    290 |    8.90        0.00
--------|----------------------------------------------------------------------------|-------|-------------|-------|-------|-------|-------|--------|-----------
         Aggregated                                                                      6064     0(0.00%) |    475     267    3751    290 |   58.90        0.00

Type     Name                                                                          # reqs      # fails |    Avg     Min     Max    Med |   req/s  failures/s
--------|----------------------------------------------------------------------------|-------|-------------|-------|-------|-------|-------|--------|-----------
POST     /auth/login                                                                      200     0(0.00%) |   1235     590    2562   1000 |    0.00        0.00
POST     /auth/update-profile [rapid changes]                                             327     0(0.00%) |    445     287    2231    310 |    2.50        0.00
POST     /payment/create-order-marks [spam]                                               513     0(0.00%) |   1475    1113    3133   1300 |    5.70        0.00
POST     /predict/colleges [during marks churn]                                           183     0(0.00%) |    330     268    1663    290 |    1.80        0.00
POST     /predict/colleges [near-identical marks]                                         807     0(0.00%) |    336     271    3014    290 |    8.50        0.00
POST     /predict/colleges [same marks cluster]                                          3236     0(0.00%) |    350     267    3751    290 |   30.50        0.00
POST     /predict/combo [200+ choices]                                                    911     0(0.00%) |    340     269    2624    290 |    8.70        0.00
--------|----------------------------------------------------------------------------|-------|-------------|-------|-------|-------|-------|--------|-----------
         Aggregated                                                                      6177     0(0.00%) |    473     267    3751    290 |   57.70        0.00

Type     Name                                                                          # reqs      # fails |    Avg     Min     Max    Med |   req/s  failures/s
--------|----------------------------------------------------------------------------|-------|-------------|-------|-------|-------|-------|--------|-----------
POST     /auth/login                                                                      200     0(0.00%) |   1235     590    2562   1000 |    0.00        0.00
POST     /auth/update-profile [rapid changes]                                             332     0(0.00%) |    445     287    2231    310 |    2.80        0.00
POST     /payment/create-order-marks [spam]                                               525     0(0.00%) |   1474    1113    3133   1300 |    5.50        0.00
POST     /predict/colleges [during marks churn]                                           184     0(0.00%) |    329     268    1663    290 |    1.70        0.00
POST     /predict/colleges [near-identical marks]                                         821     0(0.00%) |    335     271    3014    290 |    8.60        0.00
POST     /predict/colleges [same marks cluster]                                          3308     0(0.00%) |    349     267    3751    290 |   30.00        0.00
POST     /predict/combo [200+ choices]                                                    932     0(0.00%) |    340     269    2624    290 |    8.40        0.00
--------|----------------------------------------------------------------------------|-------|-------------|-------|-------|-------|-------|--------|-----------
         Aggregated                                                                      6302     0(0.00%) |    472     267    3751    290 |   57.00        0.00

Type     Name                                                                          # reqs      # fails |    Avg     Min     Max    Med |   req/s  failures/s
--------|----------------------------------------------------------------------------|-------|-------------|-------|-------|-------|-------|--------|-----------
POST     /auth/login                                                                      200     0(0.00%) |   1235     590    2562   1000 |    0.00        0.00
POST     /auth/update-profile [rapid changes]                                             337     0(0.00%) |    445     287    2231    310 |    3.20        0.00
POST     /payment/create-order-marks [spam]                                               536     0(0.00%) |   1472    1113    3133   1300 |    5.20        0.00
POST     /predict/colleges [during marks churn]                                           190     0(0.00%) |    328     268    1663    290 |    1.40        0.00
POST     /predict/colleges [near-identical marks]                                         835     0(0.00%) |    334     271    3014    290 |    8.00        0.00
POST     /predict/colleges [same marks cluster]                                          3364     0(0.00%) |    348     267    3751    290 |   30.30        0.00
POST     /predict/combo [200+ choices]                                                    950     0(0.00%) |    339     269    2624    290 |    8.60        0.00
--------|----------------------------------------------------------------------------|-------|-------------|-------|-------|-------|-------|--------|-----------
         Aggregated                                                                      6412     0(0.00%) |    471     267    3751    290 |   56.70        0.00

Type     Name                                                                          # reqs      # fails |    Avg     Min     Max    Med |   req/s  failures/s
--------|----------------------------------------------------------------------------|-------|-------------|-------|-------|-------|-------|--------|-----------
POST     /auth/login                                                                      200     0(0.00%) |   1235     590    2562   1000 |    0.00        0.00
POST     /auth/update-profile [rapid changes]                                             341     0(0.00%) |    443     287    2231    310 |    2.70        0.00
POST     /payment/create-order-marks [spam]                                               548     0(0.00%) |   1469    1113    3133   1300 |    5.40        0.00
POST     /predict/colleges [during marks churn]                                           194     0(0.00%) |    327     268    1663    290 |    1.60        0.00
POST     /predict/colleges [near-identical marks]                                         848     0(0.00%) |    334     271    3014    290 |    7.00        0.00
POST     /predict/colleges [same marks cluster]                                          3433     0(0.00%) |    347     267    3751    290 |   30.10        0.00
POST     /predict/combo [200+ choices]                                                    964     0(0.00%) |    339     269    2624    290 |    8.40        0.00
--------|----------------------------------------------------------------------------|-------|-------------|-------|-------|-------|-------|--------|-----------
         Aggregated                                                                      6528     0(0.00%) |    470     267    3751    290 |   55.20        0.00

Type     Name                                                                          # reqs      # fails |    Avg     Min     Max    Med |   req/s  failures/s
--------|----------------------------------------------------------------------------|-------|-------------|-------|-------|-------|-------|--------|-----------
POST     /auth/login                                                                      200     0(0.00%) |   1235     590    2562   1000 |    0.00        0.00
POST     /auth/update-profile [rapid changes]                                             346     0(0.00%) |    444     287    2231    310 |    2.80        0.00
POST     /payment/create-order-marks [spam]                                               559     0(0.00%) |   1465    1113    3133   1300 |    5.30        0.00
POST     /predict/colleges [during marks churn]                                           198     0(0.00%) |    327     268    1663    290 |    1.80        0.00
POST     /predict/colleges [near-identical marks]                                         860     0(0.00%) |    333     271    3014    290 |    7.60        0.00
POST     /predict/colleges [same marks cluster]                                          3502     0(0.00%) |    347     267    3751    290 |   30.80        0.00
POST     /predict/combo [200+ choices]                                                    983     0(0.00%) |    338     269    2624    290 |    7.90        0.00
--------|----------------------------------------------------------------------------|-------|-------------|-------|-------|-------|-------|--------|-----------
         Aggregated                                                                      6648     0(0.00%) |    469     267    3751    290 |   56.20        0.00

Type     Name                                                                          # reqs      # fails |    Avg     Min     Max    Med |   req/s  failures/s
--------|----------------------------------------------------------------------------|-------|-------------|-------|-------|-------|-------|--------|-----------
POST     /auth/login                                                                      200     0(0.00%) |   1235     590    2562   1000 |    0.00        0.00
POST     /auth/update-profile [rapid changes]                                             355     0(0.00%) |    445     287    2231    310 |    2.70        0.00
POST     /payment/create-order-marks [spam]                                               566     0(0.00%) |   1462    1113    3133   1300 |    5.70        0.00
POST     /predict/colleges [during marks churn]                                           203     0(0.00%) |    326     268    1663    290 |    1.70        0.00
POST     /predict/colleges [near-identical marks]                                         881     0(0.00%) |    333     271    3014    290 |    7.20        0.00
POST     /predict/colleges [same marks cluster]                                          3559     0(0.00%) |    346     267    3751    290 |   31.90        0.00
POST     /predict/combo [200+ choices]                                                   1007     0(0.00%) |    337     269    2624    290 |    8.70        0.00
--------|----------------------------------------------------------------------------|-------|-------------|-------|-------|-------|-------|--------|-----------
         Aggregated                                                                      6771     0(0.00%) |    467     267    3751    290 |   57.90        0.00

Type     Name                                                                          # reqs      # fails |    Avg     Min     Max    Med |   req/s  failures/s
--------|----------------------------------------------------------------------------|-------|-------------|-------|-------|-------|-------|--------|-----------
POST     /auth/login                                                                      200     0(0.00%) |   1235     590    2562   1000 |    0.00        0.00
POST     /auth/update-profile [rapid changes]                                             360     0(0.00%) |    444     287    2231    310 |    2.70        0.00
POST     /payment/create-order-marks [spam]                                               579     0(0.00%) |   1458    1113    3133   1300 |    5.20        0.00
POST     /predict/colleges [during marks churn]                                           204     0(0.00%) |    326     268    1663    290 |    2.00        0.00
POST     /predict/colleges [near-identical marks]                                         897     0(0.00%) |    332     271    3014    290 |    6.80        0.00
POST     /predict/colleges [same marks cluster]                                          3632     0(0.00%) |    345     267    3751    290 |   31.90        0.00
POST     /predict/combo [200+ choices]                                                   1015     0(0.00%) |    337     269    2624    290 |    9.30        0.00
--------|----------------------------------------------------------------------------|-------|-------------|-------|-------|-------|-------|--------|-----------
         Aggregated                                                                      6887     0(0.00%) |    466     267    3751    290 |   57.90        0.00

Type     Name                                                                          # reqs      # fails |    Avg     Min     Max    Med |   req/s  failures/s
--------|----------------------------------------------------------------------------|-------|-------------|-------|-------|-------|-------|--------|-----------
POST     /auth/login                                                                      200     0(0.00%) |   1235     590    2562   1000 |    0.00        0.00
POST     /auth/update-profile [rapid changes]                                             370     0(0.00%) |    442     287    2231    310 |    2.80        0.00
POST     /payment/create-order-marks [spam]                                               593     0(0.00%) |   1455    1113    3133   1300 |    5.40        0.00
POST     /predict/colleges [during marks churn]                                           209     0(0.00%) |    328     268    1663    290 |    2.00        0.00
POST     /predict/colleges [near-identical marks]                                         918     0(0.00%) |    332     271    3014    290 |    7.70        0.00
POST     /predict/colleges [same marks cluster]                                          3683     0(0.00%) |    345     267    3751    290 |   32.90        0.00
POST     /predict/combo [200+ choices]                                                   1035     0(0.00%) |    337     269    2624    290 |    8.30        0.00
--------|----------------------------------------------------------------------------|-------|-------------|-------|-------|-------|-------|--------|-----------
         Aggregated                                                                      7008     0(0.00%) |    466     267    3751    290 |   59.10        0.00

Type     Name                                                                          # reqs      # fails |    Avg     Min     Max    Med |   req/s  failures/s
--------|----------------------------------------------------------------------------|-------|-------------|-------|-------|-------|-------|--------|-----------
POST     /auth/login                                                                      200     0(0.00%) |   1235     590    2562   1000 |    0.00        0.00
POST     /auth/update-profile [rapid changes]                                             379     0(0.00%) |    439     287    2231    310 |    3.30        0.00
POST     /payment/create-order-marks [spam]                                               603     0(0.00%) |   1452    1113    3133   1300 |    5.60        0.00
POST     /predict/colleges [during marks churn]                                           210     0(0.00%) |    327     268    1663    290 |    1.90        0.00
POST     /predict/colleges [near-identical marks]                                         935     0(0.00%) |    331     271    3014    290 |    8.50        0.00
POST     /predict/colleges [same marks cluster]                                          3746     0(0.00%) |    344     267    3751    290 |   32.10        0.00
POST     /predict/combo [200+ choices]                                                   1054     0(0.00%) |    336     269    2624    290 |    8.50        0.00
--------|----------------------------------------------------------------------------|-------|-------------|-------|-------|-------|-------|--------|-----------
         Aggregated                                                                      7127     0(0.00%) |    464     267    3751    290 |   59.90        0.00

Type     Name                                                                          # reqs      # fails |    Avg     Min     Max    Med |   req/s  failures/s
--------|----------------------------------------------------------------------------|-------|-------------|-------|-------|-------|-------|--------|-----------
POST     /auth/login                                                                      200     0(0.00%) |   1235     590    2562   1000 |    0.00        0.00
POST     /auth/update-profile [rapid changes]                                             385     0(0.00%) |    441     287    2231    310 |    3.70        0.00
POST     /payment/create-order-marks [spam]                                               614     0(0.00%) |   1449    1113    3133   1300 |    5.50        0.00
POST     /predict/colleges [during marks churn]                                           211     0(0.00%) |    328     268    1663    290 |    1.60        0.00
POST     /predict/colleges [near-identical marks]                                         948     0(0.00%) |    331     271    3014    290 |    8.60        0.00
POST     /predict/colleges [same marks cluster]                                          3803     0(0.00%) |    344     267    3751    290 |   31.10        0.00
POST     /predict/combo [200+ choices]                                                   1074     0(0.00%) |    336     269    2624    290 |    9.10        0.00
--------|----------------------------------------------------------------------------|-------|-------------|-------|-------|-------|-------|--------|-----------
         Aggregated                                                                      7235     0(0.00%) |    464     267    3751    290 |   59.60        0.00

Type     Name                                                                          # reqs      # fails |    Avg     Min     Max    Med |   req/s  failures/s
--------|----------------------------------------------------------------------------|-------|-------------|-------|-------|-------|-------|--------|-----------
POST     /auth/login                                                                      200     0(0.00%) |   1235     590    2562   1000 |    0.00        0.00
POST     /auth/update-profile [rapid changes]                                             388     0(0.00%) |    441     287    2231    310 |    3.80        0.00
POST     /payment/create-order-marks [spam]                                               626     0(0.00%) |   1448    1113    3133   1300 |    5.20        0.00
POST     /predict/colleges [during marks churn]                                           216     0(0.00%) |    328     268    1663    290 |    1.30        0.00
POST     /predict/colleges [near-identical marks]                                         966     0(0.00%) |    332     271    3014    290 |    8.90        0.00
POST     /predict/colleges [same marks cluster]                                          3862     0(0.00%) |    344     267    3751    290 |   31.40        0.00
POST     /predict/combo [200+ choices]                                                   1089     0(0.00%) |    336     269    2624    290 |    9.20        0.00
--------|----------------------------------------------------------------------------|-------|-------------|-------|-------|-------|-------|--------|-----------
         Aggregated                                                                      7347     0(0.00%) |    464     267    3751    290 |   59.80        0.00

Type     Name                                                                          # reqs      # fails |    Avg     Min     Max    Med |   req/s  failures/s
--------|----------------------------------------------------------------------------|-------|-------------|-------|-------|-------|-------|--------|-----------
POST     /auth/login                                                                      200     0(0.00%) |   1235     590    2562   1000 |    0.00        0.00
POST     /auth/update-profile [rapid changes]                                             395     0(0.00%) |    442     287    2231    310 |    3.40        0.00
POST     /payment/create-order-marks [spam]                                               637     0(0.00%) |   1447    1113    3133   1300 |    5.80        0.00
POST     /predict/colleges [during marks churn]                                           220     0(0.00%) |    328     268    1663    290 |    1.30        0.00
POST     /predict/colleges [near-identical marks]                                         978     0(0.00%) |    331     271    3014    290 |    9.10        0.00
POST     /predict/colleges [same marks cluster]                                          3926     0(0.00%) |    344     267    3751    290 |   30.30        0.00
POST     /predict/combo [200+ choices]                                                   1104     0(0.00%) |    335     269    2624    290 |    8.20        0.00
--------|----------------------------------------------------------------------------|-------|-------------|-------|-------|-------|-------|--------|-----------
         Aggregated                                                                      7460     0(0.00%) |    464     267    3751    290 |   58.10        0.00

Type     Name                                                                          # reqs      # fails |    Avg     Min     Max    Med |   req/s  failures/s
--------|----------------------------------------------------------------------------|-------|-------------|-------|-------|-------|-------|--------|-----------
POST     /auth/login                                                                      200     0(0.00%) |   1235     590    2562   1000 |    0.00        0.00
POST     /auth/update-profile [rapid changes]                                             400     0(0.00%) |    441     287    2231    310 |    3.40        0.00
POST     /payment/create-order-marks [spam]                                               648     0(0.00%) |   1444    1113    3133   1300 |    5.70        0.00
POST     /predict/colleges [during marks churn]                                           224     0(0.00%) |    327     268    1663    290 |    1.60        0.00
POST     /predict/colleges [near-identical marks]                                         999     0(0.00%) |    331     271    3014    290 |    8.30        0.00
POST     /predict/colleges [same marks cluster]                                          3990     0(0.00%) |    343     267    3751    290 |   29.60        0.00
POST     /predict/combo [200+ choices]                                                   1123     0(0.00%) |    335     269    2624    290 |    8.70        0.00
--------|----------------------------------------------------------------------------|-------|-------------|-------|-------|-------|-------|--------|-----------
         Aggregated                                                                      7584     0(0.00%) |    462     267    3751    290 |   57.30        0.00

Type     Name                                                                          # reqs      # fails |    Avg     Min     Max    Med |   req/s  failures/s
--------|----------------------------------------------------------------------------|-------|-------------|-------|-------|-------|-------|--------|-----------
POST     /auth/login                                                                      200     0(0.00%) |   1235     590    2562   1000 |    0.00        0.00
POST     /auth/update-profile [rapid changes]                                             407     0(0.00%) |    438     287    2231    310 |    2.90        0.00
POST     /payment/create-order-marks [spam]                                               659     0(0.00%) |   1442    1113    3133   1300 |    5.70        0.00
POST     /predict/colleges [during marks churn]                                           226     0(0.00%) |    326     268    1663    290 |    1.50        0.00
POST     /predict/colleges [near-identical marks]                                        1013     0(0.00%) |    330     271    3014    290 |    7.80        0.00
POST     /predict/colleges [same marks cluster]                                          4057     0(0.00%) |    342     267    3751    290 |   31.00        0.00
POST     /predict/combo [200+ choices]                                                   1138     0(0.00%) |    335     269    2624    290 |    8.90        0.00
--------|----------------------------------------------------------------------------|-------|-------------|-------|-------|-------|-------|--------|-----------
         Aggregated                                                                      7700     0(0.00%) |    462     267    3751    290 |   57.80        0.00

Type     Name                                                                          # reqs      # fails |    Avg     Min     Max    Med |   req/s  failures/s
--------|----------------------------------------------------------------------------|-------|-------------|-------|-------|-------|-------|--------|-----------
POST     /auth/login                                                                      200     0(0.00%) |   1235     590    2562   1000 |    0.00        0.00
POST     /auth/update-profile [rapid changes]                                             418     0(0.00%) |    435     287    2231    310 |    2.80        0.00
POST     /payment/create-order-marks [spam]                                               667     0(0.00%) |   1442    1113    3133   1300 |    5.70        0.00
POST     /predict/colleges [during marks churn]                                           229     0(0.00%) |    326     268    1663    290 |    1.50        0.00
POST     /predict/colleges [near-identical marks]                                        1033     0(0.00%) |    330     271    3014    290 |    7.60        0.00
POST     /predict/colleges [same marks cluster]                                          4115     0(0.00%) |    342     267    3751    290 |   31.00        0.00
POST     /predict/combo [200+ choices]                                                   1154     0(0.00%) |    334     269    2624    290 |    8.20        0.00
--------|----------------------------------------------------------------------------|-------|-------------|-------|-------|-------|-------|--------|-----------
         Aggregated                                                                      7816     0(0.00%) |    460     267    3751    290 |   56.80        0.00

Type     Name                                                                          # reqs      # fails |    Avg     Min     Max    Med |   req/s  failures/s
--------|----------------------------------------------------------------------------|-------|-------------|-------|-------|-------|-------|--------|-----------
POST     /auth/login                                                                      200     0(0.00%) |   1235     590    2562   1000 |    0.00        0.00
POST     /auth/update-profile [rapid changes]                                             425     0(0.00%) |    433     287    2231    310 |    3.10        0.00
POST     /payment/create-order-marks [spam]                                               679     0(0.00%) |   1439    1113    3133   1300 |    5.50        0.00
POST     /predict/colleges [during marks churn]                                           230     0(0.00%) |    326     268    1663    290 |    1.70        0.00
POST     /predict/colleges [near-identical marks]                                        1050     0(0.00%) |    329     271    3014    290 |    7.90        0.00
POST     /predict/colleges [same marks cluster]                                          4175     0(0.00%) |    341     267    3751    290 |   30.10        0.00
POST     /predict/combo [200+ choices]                                                   1173     0(0.00%) |    333     269    2624    290 |    7.80        0.00
--------|----------------------------------------------------------------------------|-------|-------------|-------|-------|-------|-------|--------|-----------
         Aggregated                                                                      7932     0(0.00%) |    459     267    3751    290 |   56.10        0.00

Type     Name                                                                          # reqs      # fails |    Avg     Min     Max    Med |   req/s  failures/s
--------|----------------------------------------------------------------------------|-------|-------------|-------|-------|-------|-------|--------|-----------
POST     /auth/login                                                                      200     0(0.00%) |   1235     590    2562   1000 |    0.00        0.00
POST     /auth/update-profile [rapid changes]                                             429     0(0.00%) |    433     287    2231    310 |    3.60        0.00
POST     /payment/create-order-marks [spam]                                               691     0(0.00%) |   1436    1113    3133   1300 |    5.40        0.00
POST     /predict/colleges [during marks churn]                                           232     0(0.00%) |    326     268    1663    290 |    1.40        0.00
POST     /predict/colleges [near-identical marks]                                        1065     0(0.00%) |    329     271    3014    290 |    8.60        0.00
POST     /predict/colleges [same marks cluster]                                          4250     0(0.00%) |    341     267    3751    290 |   31.00        0.00
POST     /predict/combo [200+ choices]                                                   1192     0(0.00%) |    333     269    2624    290 |    8.60        0.00
--------|----------------------------------------------------------------------------|-------|-------------|-------|-------|-------|-------|--------|-----------
         Aggregated                                                                      8059     0(0.00%) |    459     267    3751    290 |   58.60        0.00

Type     Name                                                                          # reqs      # fails |    Avg     Min     Max    Med |   req/s  failures/s
--------|----------------------------------------------------------------------------|-------|-------------|-------|-------|-------|-------|--------|-----------
POST     /auth/login                                                                      200     0(0.00%) |   1235     590    2562   1000 |    0.00        0.00
POST     /auth/update-profile [rapid changes]                                             438     0(0.00%) |    435     287    2231    310 |    3.50        0.00
POST     /payment/create-order-marks [spam]                                               701     0(0.00%) |   1434    1113    3133   1300 |    5.50        0.00
POST     /predict/colleges [during marks churn]                                           235     0(0.00%) |    326     268    1663    290 |    1.20        0.00
POST     /predict/colleges [near-identical marks]                                        1079     0(0.00%) |    329     270    3014    290 |    8.40        0.00
POST     /predict/colleges [same marks cluster]                                          4307     0(0.00%) |    340     267    3751    290 |   31.60        0.00
POST     /predict/combo [200+ choices]                                                   1206     0(0.00%) |    333     269    2624    290 |    9.10        0.00
--------|----------------------------------------------------------------------------|-------|-------------|-------|-------|-------|-------|--------|-----------
         Aggregated                                                                      8166     0(0.00%) |    458     267    3751    290 |   59.30        0.00

Type     Name                                                                          # reqs      # fails |    Avg     Min     Max    Med |   req/s  failures/s
--------|----------------------------------------------------------------------------|-------|-------------|-------|-------|-------|-------|--------|-----------
POST     /auth/login                                                                      200     0(0.00%) |   1235     590    2562   1000 |    0.00        0.00
POST     /auth/update-profile [rapid changes]                                             443     0(0.00%) |    437     287    2231    310 |    3.70        0.00
POST     /payment/create-order-marks [spam]                                               713     0(0.00%) |   1432    1113    3133   1300 |    5.20        0.00
POST     /predict/colleges [during marks churn]                                           239     0(0.00%) |    326     268    1663    290 |    1.20        0.00
POST     /predict/colleges [near-identical marks]                                        1101     0(0.00%) |    331     270    3014    290 |    8.20        0.00
POST     /predict/colleges [same marks cluster]                                          4366     0(0.00%) |    341     267    3751    290 |   31.10        0.00
POST     /predict/combo [200+ choices]                                                   1222     0(0.00%) |    333     269    2624    290 |    8.10        0.00
--------|----------------------------------------------------------------------------|-------|-------------|-------|-------|-------|-------|--------|-----------
         Aggregated                                                                      8284     0(0.00%) |    459     267    3751    290 |   57.50        0.00

Type     Name                                                                          # reqs      # fails |    Avg     Min     Max    Med |   req/s  failures/s
--------|----------------------------------------------------------------------------|-------|-------------|-------|-------|-------|-------|--------|-----------
POST     /auth/login                                                                      200     0(0.00%) |   1235     590    2562   1000 |    0.00        0.00
POST     /auth/update-profile [rapid changes]                                             453     0(0.00%) |    435     287    2231    310 |    3.60        0.00
POST     /payment/create-order-marks [spam]                                               721     0(0.00%) |   1433    1113    3133   1300 |    5.20        0.00
POST     /predict/colleges [during marks churn]                                           243     0(0.00%) |    326     268    1663    290 |    1.20        0.00
POST     /predict/colleges [near-identical marks]                                        1117     0(0.00%) |    330     270    3014    290 |    8.90        0.00
POST     /predict/colleges [same marks cluster]                                          4422     0(0.00%) |    341     267    3751    290 |   31.00        0.00
POST     /predict/combo [200+ choices]                                                   1241     0(0.00%) |    333     269    2624    290 |    8.30        0.00
--------|----------------------------------------------------------------------------|-------|-------------|-------|-------|-------|-------|--------|-----------
         Aggregated                                                                      8397     0(0.00%) |    458     267    3751    290 |   58.20        0.00

Type     Name                                                                          # reqs      # fails |    Avg     Min     Max    Med |   req/s  failures/s
--------|----------------------------------------------------------------------------|-------|-------------|-------|-------|-------|-------|--------|-----------
POST     /auth/login                                                                      200     0(0.00%) |   1235     590    2562   1000 |    0.00        0.00
POST     /auth/update-profile [rapid changes]                                             456     0(0.00%) |    434     287    2231    310 |    3.80        0.00
POST     /payment/create-order-marks [spam]                                               731     0(0.00%) |   1431    1113    3133   1300 |    5.20        0.00
POST     /predict/colleges [during marks churn]                                           249     0(0.00%) |    326     268    1663    290 |    1.40        0.00
POST     /predict/colleges [near-identical marks]                                        1133     0(0.00%) |    330     270    3014    290 |    8.70        0.00
POST     /predict/colleges [same marks cluster]                                          4494     0(0.00%) |    340     267    3751    290 |   31.20        0.00
POST     /predict/combo [200+ choices]                                                   1266     0(0.00%) |    332     269    2624    290 |    8.80        0.00
--------|----------------------------------------------------------------------------|-------|-------------|-------|-------|-------|-------|--------|-----------
         Aggregated                                                                      8529     0(0.00%) |    457     267    3751    290 |   59.10        0.00

Type     Name                                                                          # reqs      # fails |    Avg     Min     Max    Med |   req/s  failures/s
--------|----------------------------------------------------------------------------|-------|-------------|-------|-------|-------|-------|--------|-----------
POST     /auth/login                                                                      200     0(0.00%) |   1235     590    2562   1000 |    0.00        0.00
POST     /auth/update-profile [rapid changes]                                             462     0(0.00%) |    434     287    2231    310 |    3.20        0.00
POST     /payment/create-order-marks [spam]                                               742     0(0.00%) |   1430    1113    3133   1300 |    5.10        0.00
POST     /predict/colleges [during marks churn]                                           253     0(0.00%) |    325     268    1663    290 |    1.60        0.00
POST     /predict/colleges [near-identical marks]                                        1148     0(0.00%) |    330     270    3014    290 |    8.10        0.00
POST     /predict/colleges [same marks cluster]                                          4556     0(0.00%) |    340     267    3751    290 |   31.50        0.00
POST     /predict/combo [200+ choices]                                                   1274     0(0.00%) |    332     269    2624    290 |    8.70        0.00
--------|----------------------------------------------------------------------------|-------|-------------|-------|-------|-------|-------|--------|-----------
         Aggregated                                                                      8635     0(0.00%) |    456     267    3751    290 |   58.20        0.00

Type     Name                                                                          # reqs      # fails |    Avg     Min     Max    Med |   req/s  failures/s
--------|----------------------------------------------------------------------------|-------|-------------|-------|-------|-------|-------|--------|-----------
POST     /auth/login                                                                      200     0(0.00%) |   1235     590    2562   1000 |    0.00        0.00
POST     /auth/update-profile [rapid changes]                                             470     0(0.00%) |    435     287    2231    320 |    3.10        0.00
POST     /payment/create-order-marks [spam]                                               753     0(0.00%) |   1428    1113    3133   1300 |    5.00        0.00
POST     /predict/colleges [during marks churn]                                           258     0(0.00%) |    325     268    1663    290 |    2.10        0.00
POST     /predict/colleges [near-identical marks]                                        1160     0(0.00%) |    330     270    3014    290 |    8.40        0.00
POST     /predict/colleges [same marks cluster]                                          4617     0(0.00%) |    339     267    3751    290 |   30.40        0.00
POST     /predict/combo [200+ choices]                                                   1291     0(0.00%) |    332     269    2624    290 |    8.00        0.00
--------|----------------------------------------------------------------------------|-------|-------------|-------|-------|-------|-------|--------|-----------
         Aggregated                                                                      8749     0(0.00%) |    456     267    3751    290 |   57.00        0.00

Type     Name                                                                          # reqs      # fails |    Avg     Min     Max    Med |   req/s  failures/s
--------|----------------------------------------------------------------------------|-------|-------------|-------|-------|-------|-------|--------|-----------
POST     /auth/login                                                                      200     0(0.00%) |   1235     590    2562   1000 |    0.00        0.00
POST     /auth/update-profile [rapid changes]                                             473     0(0.00%) |    434     287    2231    320 |    3.20        0.00
POST     /payment/create-order-marks [spam]                                               766     0(0.00%) |   1426    1113    3133   1300 |    5.20        0.00
POST     /predict/colleges [during marks churn]                                           261     0(0.00%) |    325     268    1663    290 |    2.20        0.00
POST     /predict/colleges [near-identical marks]                                        1175     0(0.00%) |    329     270    3014    290 |    7.70        0.00
POST     /predict/colleges [same marks cluster]                                          4676     0(0.00%) |    339     267    3751    290 |   30.60        0.00
POST     /predict/combo [200+ choices]                                                   1314     0(0.00%) |    331     269    2624    290 |    8.40        0.00
--------|----------------------------------------------------------------------------|-------|-------------|-------|-------|-------|-------|--------|-----------
         Aggregated                                                                      8865     0(0.00%) |    455     267    3751    290 |   57.30        0.00

Type     Name                                                                          # reqs      # fails |    Avg     Min     Max    Med |   req/s  failures/s
--------|----------------------------------------------------------------------------|-------|-------------|-------|-------|-------|-------|--------|-----------
POST     /auth/login                                                                      200     0(0.00%) |   1235     590    2562   1000 |    0.00        0.00
POST     /auth/update-profile [rapid changes]                                             486     0(0.00%) |    432     287    2231    320 |    3.00        0.00
POST     /payment/create-order-marks [spam]                                               773     0(0.00%) |   1425    1113    3133   1300 |    5.10        0.00
POST     /predict/colleges [during marks churn]                                           264     0(0.00%) |    324     268    1663    290 |    2.40        0.00
POST     /predict/colleges [near-identical marks]                                        1197     0(0.00%) |    329     270    3014    290 |    7.50        0.00
POST     /predict/colleges [same marks cluster]                                          4739     0(0.00%) |    338     267    3751    290 |   30.80        0.00
POST     /predict/combo [200+ choices]                                                   1329     0(0.00%) |    331     269    2624    290 |    8.90        0.00
--------|----------------------------------------------------------------------------|-------|-------------|-------|-------|-------|-------|--------|-----------
         Aggregated                                                                      8988     0(0.00%) |    454     267    3751    290 |   57.70        0.00

Type     Name                                                                          # reqs      # fails |    Avg     Min     Max    Med |   req/s  failures/s
--------|----------------------------------------------------------------------------|-------|-------------|-------|-------|-------|-------|--------|-----------
POST     /auth/login                                                                      200     0(0.00%) |   1235     590    2562   1000 |    0.00        0.00
POST     /auth/update-profile [rapid changes]                                             490     0(0.00%) |    431     287    2231    320 |    3.10        0.00
POST     /payment/create-order-marks [spam]                                               786     0(0.00%) |   1422    1113    3133   1300 |    5.50        0.00
POST     /predict/colleges [during marks churn]                                           266     0(0.00%) |    324     268    1663    290 |    2.00        0.00
POST     /predict/colleges [near-identical marks]                                        1211     0(0.00%) |    328     270    3014    290 |    7.80        0.00
POST     /predict/colleges [same marks cluster]                                          4809     0(0.00%) |    338     267    3751    290 |   30.50        0.00
POST     /predict/combo [200+ choices]                                                   1342     0(0.00%) |    331     269    2624    290 |    8.60        0.00
--------|----------------------------------------------------------------------------|-------|-------------|-------|-------|-------|-------|--------|-----------
         Aggregated                                                                      9104     0(0.00%) |    454     267    3751    290 |   57.50        0.00

Type     Name                                                                          # reqs      # fails |    Avg     Min     Max    Med |   req/s  failures/s
--------|----------------------------------------------------------------------------|-------|-------------|-------|-------|-------|-------|--------|-----------
POST     /auth/login                                                                      200     0(0.00%) |   1235     590    2562   1000 |    0.00        0.00
POST     /auth/update-profile [rapid changes]                                             495     0(0.00%) |    430     287    2231    320 |    3.50        0.00
POST     /payment/create-order-marks [spam]                                               797     0(0.00%) |   1422    1113    3133   1300 |    5.50        0.00
POST     /predict/colleges [during marks churn]                                           273     0(0.00%) |    323     268    1663    290 |    1.90        0.00
POST     /predict/colleges [near-identical marks]                                        1225     0(0.00%) |    328     270    3014    290 |    7.70        0.00
POST     /predict/colleges [same marks cluster]                                          4869     0(0.00%) |    337     267    3751    290 |   30.90        0.00
POST     /predict/combo [200+ choices]                                                   1357     0(0.00%) |    330     269    2624    290 |    8.20        0.00
--------|----------------------------------------------------------------------------|-------|-------------|-------|-------|-------|-------|--------|-----------
         Aggregated                                                                      9216     0(0.00%) |    453     267    3751    290 |   57.70        0.00

Type     Name                                                                          # reqs      # fails |    Avg     Min     Max    Med |   req/s  failures/s
--------|----------------------------------------------------------------------------|-------|-------------|-------|-------|-------|-------|--------|-----------
POST     /auth/login                                                                      200     0(0.00%) |   1235     590    2562   1000 |    0.00        0.00
POST     /auth/update-profile [rapid changes]                                             500     0(0.00%) |    430     287    2231    320 |    3.40        0.00
POST     /payment/create-order-marks [spam]                                               808     0(0.00%) |   1421    1113    3133   1300 |    5.70        0.00
POST     /predict/colleges [during marks churn]                                           276     0(0.00%) |    323     268    1663    290 |    1.90        0.00
POST     /predict/colleges [near-identical marks]                                        1244     0(0.00%) |    328     270    3014    290 |    7.60        0.00
POST     /predict/colleges [same marks cluster]                                          4929     0(0.00%) |    337     267    3751    290 |   31.10        0.00
POST     /predict/combo [200+ choices]                                                   1379     0(0.00%) |    330     269    2624    290 |    8.10        0.00
--------|----------------------------------------------------------------------------|-------|-------------|-------|-------|-------|-------|--------|-----------
         Aggregated                                                                      9336     0(0.00%) |    452     267    3751    290 |   57.80        0.00

Type     Name                                                                          # reqs      # fails |    Avg     Min     Max    Med |   req/s  failures/s
--------|----------------------------------------------------------------------------|-------|-------------|-------|-------|-------|-------|--------|-----------
POST     /auth/login                                                                      200     0(0.00%) |   1235     590    2562   1000 |    0.00        0.00
POST     /auth/update-profile [rapid changes]                                             511     0(0.00%) |    427     287    2231    310 |    3.20        0.00
POST     /payment/create-order-marks [spam]                                               813     0(0.00%) |   1422    1113    3133   1300 |    5.40        0.00
POST     /predict/colleges [during marks churn]                                           282     0(0.00%) |    323     268    1663    290 |    1.90        0.00
POST     /predict/colleges [near-identical marks]                                        1257     0(0.00%) |    328     270    3014    290 |    8.40        0.00
POST     /predict/colleges [same marks cluster]                                          5002     0(0.00%) |    337     267    3751    290 |   31.20        0.00
POST     /predict/combo [200+ choices]                                                   1395     0(0.00%) |    330     269    2624    290 |    8.90        0.00
--------|----------------------------------------------------------------------------|-------|-------------|-------|-------|-------|-------|--------|-----------
         Aggregated                                                                      9460     0(0.00%) |    451     267    3751    290 |   59.00        0.00

Type     Name                                                                          # reqs      # fails |    Avg     Min     Max    Med |   req/s  failures/s
--------|----------------------------------------------------------------------------|-------|-------------|-------|-------|-------|-------|--------|-----------
POST     /auth/login                                                                      200     0(0.00%) |   1235     590    2562   1000 |    0.00        0.00
POST     /auth/update-profile [rapid changes]                                             520     0(0.00%) |    426     287    2231    310 |    3.80        0.00
POST     /payment/create-order-marks [spam]                                               826     0(0.00%) |   1420    1109    3133   1300 |    5.10        0.00
POST     /predict/colleges [during marks churn]                                           285     0(0.00%) |    322     268    1663    290 |    2.10        0.00
POST     /predict/colleges [near-identical marks]                                        1271     0(0.00%) |    327     270    3014    290 |    8.10        0.00
POST     /predict/colleges [same marks cluster]                                          5064     0(0.00%) |    336     267    3751    290 |   32.20        0.00
POST     /predict/combo [200+ choices]                                                   1411     0(0.00%) |    329     269    2624    290 |    8.30        0.00
--------|----------------------------------------------------------------------------|-------|-------------|-------|-------|-------|-------|--------|-----------
         Aggregated                                                                      9577     0(0.00%) |    451     267    3751    290 |   59.60        0.00

Type     Name                                                                          # reqs      # fails |    Avg     Min     Max    Med |   req/s  failures/s
--------|----------------------------------------------------------------------------|-------|-------------|-------|-------|-------|-------|--------|-----------
POST     /auth/login                                                                      200     0(0.00%) |   1235     590    2562   1000 |    0.00        0.00
POST     /auth/update-profile [rapid changes]                                             527     0(0.00%) |    426     287    2231    310 |    3.10        0.00
POST     /payment/create-order-marks [spam]                                               834     0(0.00%) |   1418    1109    3133   1300 |    5.20        0.00
POST     /predict/colleges [during marks churn]                                           291     0(0.00%) |    322     268    1663    290 |    2.30        0.00
POST     /predict/colleges [near-identical marks]                                        1283     0(0.00%) |    327     270    3014    290 |    7.30        0.00
POST     /predict/colleges [same marks cluster]                                          5127     0(0.00%) |    336     267    3751    290 |   32.30        0.00
POST     /predict/combo [200+ choices]                                                   1430     0(0.00%) |    329     269    2624    290 |    8.50        0.00
--------|----------------------------------------------------------------------------|-------|-------------|-------|-------|-------|-------|--------|-----------
         Aggregated                                                                      9692     0(0.00%) |    450     267    3751    290 |   58.70        0.00

Type     Name                                                                          # reqs      # fails |    Avg     Min     Max    Med |   req/s  failures/s
--------|----------------------------------------------------------------------------|-------|-------------|-------|-------|-------|-------|--------|-----------
POST     /auth/login                                                                      200     0(0.00%) |   1235     590    2562   1000 |    0.00        0.00
POST     /auth/update-profile [rapid changes]                                             530     0(0.00%) |    426     287    2231    310 |    3.40        0.00
POST     /payment/create-order-marks [spam]                                               843     0(0.00%) |   1417    1109    3133   1300 |    4.90        0.00
POST     /predict/colleges [during marks churn]                                           295     0(0.00%) |    321     268    1663    290 |    2.40        0.00
POST     /predict/colleges [near-identical marks]                                        1295     0(0.00%) |    327     270    3014    290 |    7.30        0.00
POST     /predict/colleges [same marks cluster]                                          5201     0(0.00%) |    335     267    3751    290 |   32.50        0.00
POST     /predict/combo [200+ choices]                                                   1446     0(0.00%) |    329     269    2624    290 |    8.00        0.00
--------|----------------------------------------------------------------------------|-------|-------------|-------|-------|-------|-------|--------|-----------
         Aggregated                                                                      9810     0(0.00%) |    449     267    3751    290 |   58.50        0.00

Type     Name                                                                          # reqs      # fails |    Avg     Min     Max    Med |   req/s  failures/s
--------|----------------------------------------------------------------------------|-------|-------------|-------|-------|-------|-------|--------|-----------
POST     /auth/login                                                                      200     0(0.00%) |   1235     590    2562   1000 |    0.00        0.00
POST     /auth/update-profile [rapid changes]                                             536     0(0.00%) |    425     287    2231    310 |    3.50        0.00
POST     /payment/create-order-marks [spam]                                               857     0(0.00%) |   1415    1109    3133   1300 |    4.40        0.00
POST     /predict/colleges [during marks churn]                                           297     0(0.00%) |    321     268    1663    290 |    2.30        0.00
POST     /predict/colleges [near-identical marks]                                        1312     0(0.00%) |    327     270    3014    290 |    6.90        0.00
POST     /predict/colleges [same marks cluster]                                          5260     0(0.00%) |    335     267    3751    290 |   33.10        0.00
POST     /predict/combo [200+ choices]                                                   1463     0(0.00%) |    328     269    2624    290 |    8.90        0.00
--------|----------------------------------------------------------------------------|-------|-------------|-------|-------|-------|-------|--------|-----------
         Aggregated                                                                      9925     0(0.00%) |    449     267    3751    290 |   59.10        0.00

Type     Name                                                                          # reqs      # fails |    Avg     Min     Max    Med |   req/s  failures/s
--------|----------------------------------------------------------------------------|-------|-------------|-------|-------|-------|-------|--------|-----------
POST     /auth/login                                                                      200     0(0.00%) |   1235     590    2562   1000 |    0.00        0.00
POST     /auth/update-profile [rapid changes]                                             543     0(0.00%) |    424     287    2231    310 |    3.50        0.00
POST     /payment/create-order-marks [spam]                                               870     0(0.00%) |   1413    1109    3133   1300 |    4.90        0.00
POST     /predict/colleges [during marks churn]                                           299     0(0.00%) |    321     268    1663    290 |    1.90        0.00
POST     /predict/colleges [near-identical marks]                                        1329     0(0.00%) |    326     270    3014    290 |    6.80        0.00
POST     /predict/colleges [same marks cluster]                                          5330     0(0.00%) |    335     267    3751    290 |   33.00        0.00
POST     /predict/combo [200+ choices]                                                   1479     0(0.00%) |    328     269    2624    290 |    8.40        0.00
--------|----------------------------------------------------------------------------|-------|-------------|-------|-------|-------|-------|--------|-----------
         Aggregated                                                                     10050     0(0.00%) |    448     267    3751    290 |   58.50        0.00

Type     Name                                                                          # reqs      # fails |    Avg     Min     Max    Med |   req/s  failures/s
--------|----------------------------------------------------------------------------|-------|-------------|-------|-------|-------|-------|--------|-----------
POST     /auth/login                                                                      200     0(0.00%) |   1235     590    2562   1000 |    0.00        0.00
POST     /auth/update-profile [rapid changes]                                             549     0(0.00%) |    422     287    2231    310 |    3.20        0.00
POST     /payment/create-order-marks [spam]                                               880     0(0.00%) |   1413    1109    3133   1300 |    5.50        0.00
POST     /predict/colleges [during marks churn]                                           303     0(0.00%) |    321     268    1663    290 |    1.70        0.00
POST     /predict/colleges [near-identical marks]                                        1352     0(0.00%) |    326     270    3014    290 |    6.70        0.00
POST     /predict/colleges [same marks cluster]                                          5383     0(0.00%) |    334     267    3751    290 |   32.10        0.00
POST     /predict/combo [200+ choices]                                                   1497     0(0.00%) |    328     269    2624    290 |    8.70        0.00
--------|----------------------------------------------------------------------------|-------|-------------|-------|-------|-------|-------|--------|-----------
         Aggregated                                                                     10164     0(0.00%) |    448     267    3751    290 |   57.90        0.00

Type     Name                                                                          # reqs      # fails |    Avg     Min     Max    Med |   req/s  failures/s
--------|----------------------------------------------------------------------------|-------|-------------|-------|-------|-------|-------|--------|-----------
POST     /auth/login                                                                      200     0(0.00%) |   1235     590    2562   1000 |    0.00        0.00
POST     /auth/update-profile [rapid changes]                                             558     0(0.00%) |    422     287    2231    310 |    3.20        0.00
POST     /payment/create-order-marks [spam]                                               892     0(0.00%) |   1412    1109    3133   1300 |    5.40        0.00
POST     /predict/colleges [during marks churn]                                           305     0(0.00%) |    321     268    1663    290 |    1.70        0.00
POST     /predict/colleges [near-identical marks]                                        1366     0(0.00%) |    325     270    3014    290 |    8.00        0.00
POST     /predict/colleges [same marks cluster]                                          5451     0(0.00%) |    334     267    3751    290 |   32.60        0.00
POST     /predict/combo [200+ choices]                                                   1515     0(0.00%) |    327     269    2624    290 |    8.60        0.00
--------|----------------------------------------------------------------------------|-------|-------------|-------|-------|-------|-------|--------|-----------
         Aggregated                                                                     10287     0(0.00%) |    447     267    3751    290 |   59.50        0.00

Type     Name                                                                          # reqs      # fails |    Avg     Min     Max    Med |   req/s  failures/s
--------|----------------------------------------------------------------------------|-------|-------------|-------|-------|-------|-------|--------|-----------
POST     /auth/login                                                                      200     0(0.00%) |   1235     590    2562   1000 |    0.00        0.00
POST     /auth/update-profile [rapid changes]                                             565     0(0.00%) |    423     287    2231    310 |    3.20        0.00
POST     /payment/create-order-marks [spam]                                               899     0(0.00%) |   1411    1109    3133   1300 |    5.60        0.00
POST     /predict/colleges [during marks churn]                                           311     0(0.00%) |    321     268    1663    290 |    1.50        0.00
POST     /predict/colleges [near-identical marks]                                        1383     0(0.00%) |    325     270    3014    290 |    8.10        0.00
POST     /predict/colleges [same marks cluster]                                          5503     0(0.00%) |    334     267    3751    290 |   31.40        0.00
POST     /predict/combo [200+ choices]                                                   1531     0(0.00%) |    327     269    2624    290 |    9.10        0.00
--------|----------------------------------------------------------------------------|-------|-------------|-------|-------|-------|-------|--------|-----------
         Aggregated                                                                     10392     0(0.00%) |    447     267    3751    290 |   58.90        0.00

Type     Name                                                                          # reqs      # fails |    Avg     Min     Max    Med |   req/s  failures/s
--------|----------------------------------------------------------------------------|-------|-------------|-------|-------|-------|-------|--------|-----------
POST     /auth/login                                                                      200     0(0.00%) |   1235     590    2562   1000 |    0.00        0.00
POST     /auth/update-profile [rapid changes]                                             571     0(0.00%) |    423     287    2231    310 |    3.50        0.00
POST     /payment/create-order-marks [spam]                                               912     0(0.00%) |   1410    1109    3133   1300 |    5.50        0.00
POST     /predict/colleges [during marks churn]                                           316     0(0.00%) |    321     268    1663    290 |    1.50        0.00
POST     /predict/colleges [near-identical marks]                                        1405     0(0.00%) |    325     270    3014    290 |    8.80        0.00
POST     /predict/colleges [same marks cluster]                                          5571     0(0.00%) |    333     267    3751    290 |   31.20        0.00
POST     /predict/combo [200+ choices]                                                   1545     0(0.00%) |    327     269    2624    290 |    8.40        0.00
--------|----------------------------------------------------------------------------|-------|-------------|-------|-------|-------|-------|--------|-----------
         Aggregated                                                                     10520     0(0.00%) |    446     267    3751    290 |   58.90        0.00

Type     Name                                                                          # reqs      # fails |    Avg     Min     Max    Med |   req/s  failures/s
--------|----------------------------------------------------------------------------|-------|-------------|-------|-------|-------|-------|--------|-----------
POST     /auth/login                                                                      200     0(0.00%) |   1235     590    2562   1000 |    0.00        0.00
POST     /auth/update-profile [rapid changes]                                             582     0(0.00%) |    421     287    2231    310 |    3.60        0.00
POST     /payment/create-order-marks [spam]                                               921     0(0.00%) |   1409    1109    3133   1300 |    5.30        0.00
POST     /predict/colleges [during marks churn]                                           320     0(0.00%) |    320     268    1663    290 |    1.80        0.00
POST     /predict/colleges [near-identical marks]                                        1417     0(0.00%) |    325     270    3014    290 |    9.20        0.00
POST     /predict/colleges [same marks cluster]                                          5634     0(0.00%) |    333     267    3751    290 |   30.70        0.00
POST     /predict/combo [200+ choices]                                                   1566     0(0.00%) |    327     269    2624    290 |    8.20        0.00
--------|----------------------------------------------------------------------------|-------|-------------|-------|-------|-------|-------|--------|-----------
         Aggregated                                                                     10640     0(0.00%) |    445     267    3751    290 |   58.80        0.00

Type     Name                                                                          # reqs      # fails |    Avg     Min     Max    Med |   req/s  failures/s
--------|----------------------------------------------------------------------------|-------|-------------|-------|-------|-------|-------|--------|-----------
POST     /auth/login                                                                      200     0(0.00%) |   1235     590    2562   1000 |    0.00        0.00
POST     /auth/update-profile [rapid changes]                                             590     0(0.00%) |    421     287    2231    310 |    3.90        0.00
POST     /payment/create-order-marks [spam]                                               928     0(0.00%) |   1408    1109    3133   1300 |    4.90        0.00
POST     /predict/colleges [during marks churn]                                           323     0(0.00%) |    320     268    1663    290 |    2.00        0.00
POST     /predict/colleges [near-identical marks]                                        1431     0(0.00%) |    324     270    3014    290 |    9.50        0.00
POST     /predict/colleges [same marks cluster]                                          5702     0(0.00%) |    333     267    3751    290 |   31.10        0.00
POST     /predict/combo [200+ choices]                                                   1581     0(0.00%) |    326     269    2624    290 |    8.60        0.00
--------|----------------------------------------------------------------------------|-------|-------------|-------|-------|-------|-------|--------|-----------
         Aggregated                                                                     10755     0(0.00%) |    445     267    3751    290 |   60.00        0.00

Type     Name                                                                          # reqs      # fails |    Avg     Min     Max    Med |   req/s  failures/s
--------|----------------------------------------------------------------------------|-------|-------------|-------|-------|-------|-------|--------|-----------
POST     /auth/login                                                                      200     0(0.00%) |   1235     590    2562   1000 |    0.00        0.00
POST     /auth/update-profile [rapid changes]                                             596     0(0.00%) |    420     287    2231    310 |    4.20        0.00
POST     /payment/create-order-marks [spam]                                               938     0(0.00%) |   1407    1109    3133   1300 |    4.50        0.00
POST     /predict/colleges [during marks churn]                                           329     0(0.00%) |    320     268    1663    290 |    2.00        0.00
POST     /predict/colleges [near-identical marks]                                        1443     0(0.00%) |    324     270    3014    290 |    8.50        0.00
POST     /predict/colleges [same marks cluster]                                          5767     0(0.00%) |    332     267    3751    290 |   30.80        0.00
POST     /predict/combo [200+ choices]                                                   1599     0(0.00%) |    326     269    2624    290 |    8.50        0.00
--------|----------------------------------------------------------------------------|-------|-------------|-------|-------|-------|-------|--------|-----------
         Aggregated                                                                     10872     0(0.00%) |    444     267    3751    290 |   58.50        0.00

Type     Name                                                                          # reqs      # fails |    Avg     Min     Max    Med |   req/s  failures/s
--------|----------------------------------------------------------------------------|-------|-------------|-------|-------|-------|-------|--------|-----------
POST     /auth/login                                                                      200     0(0.00%) |   1235     590    2562   1000 |    0.00        0.00
POST     /auth/update-profile [rapid changes]                                             604     0(0.00%) |    419     287    2231    310 |    3.80        0.00
POST     /payment/create-order-marks [spam]                                               950     0(0.00%) |   1406    1109    3133   1300 |    4.60        0.00
POST     /predict/colleges [during marks churn]                                           333     0(0.00%) |    319     268    1663    290 |    2.30        0.00
POST     /predict/colleges [near-identical marks]                                        1462     0(0.00%) |    324     270    3014    290 |    7.90        0.00
POST     /predict/colleges [same marks cluster]                                          5823     0(0.00%) |    332     267    3751    290 |   31.50        0.00
POST     /predict/combo [200+ choices]                                                   1621     0(0.00%) |    326     269    2624    290 |    8.40        0.00
--------|----------------------------------------------------------------------------|-------|-------------|-------|-------|-------|-------|--------|-----------
         Aggregated                                                                     10993     0(0.00%) |    444     267    3751    290 |   58.50        0.00

Type     Name                                                                          # reqs      # fails |    Avg     Min     Max    Med |   req/s  failures/s
--------|----------------------------------------------------------------------------|-------|-------------|-------|-------|-------|-------|--------|-----------
POST     /auth/login                                                                      200     0(0.00%) |   1235     590    2562   1000 |    0.00        0.00
POST     /auth/update-profile [rapid changes]                                             619     0(0.00%) |    418     287    2231    310 |    3.60        0.00
POST     /payment/create-order-marks [spam]                                               958     0(0.00%) |   1405    1109    3133   1300 |    5.10        0.00
POST     /predict/colleges [during marks churn]                                           333     0(0.00%) |    319     268    1663    290 |    2.10        0.00
POST     /predict/colleges [near-identical marks]                                        1483     0(0.00%) |    323     270    3014    290 |    7.70        0.00
POST     /predict/colleges [same marks cluster]                                          5882     0(0.00%) |    332     267    3751    290 |   31.50        0.00
POST     /predict/combo [200+ choices]                                                   1634     0(0.00%) |    325     269    2624    290 |    9.20        0.00
--------|----------------------------------------------------------------------------|-------|-------------|-------|-------|-------|-------|--------|-----------
         Aggregated                                                                     11109     0(0.00%) |    443     267    3751    290 |   59.20        0.00

Type     Name                                                                          # reqs      # fails |    Avg     Min     Max    Med |   req/s  failures/s
--------|----------------------------------------------------------------------------|-------|-------------|-------|-------|-------|-------|--------|-----------
POST     /auth/login                                                                      200     0(0.00%) |   1235     590    2562   1000 |    0.00        0.00
POST     /auth/update-profile [rapid changes]                                             626     0(0.00%) |    417     287    2231    310 |    4.40        0.00
POST     /payment/create-order-marks [spam]                                               966     0(0.00%) |   1404    1109    3133   1300 |    4.70        0.00
POST     /predict/colleges [during marks churn]                                           336     0(0.00%) |    319     268    1663    290 |    2.00        0.00
POST     /predict/colleges [near-identical marks]                                        1497     0(0.00%) |    323     270    3014    290 |    7.70        0.00
POST     /predict/colleges [same marks cluster]                                          5948     0(0.00%) |    332     267    3751    290 |   31.20        0.00
POST     /predict/combo [200+ choices]                                                   1649     0(0.00%) |    325     269    2624    290 |    9.10        0.00
--------|----------------------------------------------------------------------------|-------|-------------|-------|-------|-------|-------|--------|-----------
         Aggregated                                                                     11222     0(0.00%) |    443     267    3751    290 |   59.10        0.00

Type     Name                                                                          # reqs      # fails |    Avg     Min     Max    Med |   req/s  failures/s
--------|----------------------------------------------------------------------------|-------|-------------|-------|-------|-------|-------|--------|-----------
POST     /auth/login                                                                      200     0(0.00%) |   1235     590    2562   1000 |    0.00        0.00
POST     /auth/update-profile [rapid changes]                                             633     0(0.00%) |    416     287    2231    310 |    4.20        0.00
POST     /payment/create-order-marks [spam]                                               978     0(0.00%) |   1404    1109    3133   1300 |    4.80        0.00
POST     /predict/colleges [during marks churn]                                           340     0(0.00%) |    319     268    1663    290 |    1.70        0.00
POST     /predict/colleges [near-identical marks]                                        1507     0(0.00%) |    323     270    3014    290 |    7.80        0.00
POST     /predict/colleges [same marks cluster]                                          6017     0(0.00%) |    331     267    3751    290 |   30.80        0.00
POST     /predict/combo [200+ choices]                                                   1667     0(0.00%) |    325     269    2624    290 |    8.40        0.00
--------|----------------------------------------------------------------------------|-------|-------------|-------|-------|-------|-------|--------|-----------
         Aggregated                                                                     11342     0(0.00%) |    442     267    3751    290 |   57.70        0.00

Type     Name                                                                          # reqs      # fails |    Avg     Min     Max    Med |   req/s  failures/s
--------|----------------------------------------------------------------------------|-------|-------------|-------|-------|-------|-------|--------|-----------
POST     /auth/login                                                                      200     0(0.00%) |   1235     590    2562   1000 |    0.00        0.00
POST     /auth/update-profile [rapid changes]                                             639     0(0.00%) |    415     287    2231    310 |    4.30        0.00
POST     /payment/create-order-marks [spam]                                               991     0(0.00%) |   1402    1109    3133   1200 |    5.00        0.00
POST     /predict/colleges [during marks churn]                                           341     0(0.00%) |    319     268    1663    290 |    1.40        0.00
POST     /predict/colleges [near-identical marks]                                        1522     0(0.00%) |    323     270    3014    290 |    7.40        0.00
POST     /predict/colleges [same marks cluster]                                          6083     0(0.00%) |    331     267    3751    290 |   31.50        0.00
POST     /predict/combo [200+ choices]                                                   1689     0(0.00%) |    325     269    2624    290 |    8.00        0.00
--------|----------------------------------------------------------------------------|-------|-------------|-------|-------|-------|-------|--------|-----------
         Aggregated                                                                     11465     0(0.00%) |    442     267    3751    290 |   57.60        0.00

Type     Name                                                                          # reqs      # fails |    Avg     Min     Max    Med |   req/s  failures/s
--------|----------------------------------------------------------------------------|-------|-------------|-------|-------|-------|-------|--------|-----------
POST     /auth/login                                                                      200     0(0.00%) |   1235     590    2562   1000 |    0.00        0.00
POST     /auth/update-profile [rapid changes]                                             645     0(0.00%) |    414     287    2231    310 |    4.20        0.00
POST     /payment/create-order-marks [spam]                                              1002     0(0.00%) |   1400    1109    3133   1200 |    5.30        0.00
POST     /predict/colleges [during marks churn]                                           346     0(0.00%) |    319     268    1663    290 |    1.40        0.00
POST     /predict/colleges [near-identical marks]                                        1537     0(0.00%) |    323     270    3014    290 |    7.20        0.00
POST     /predict/colleges [same marks cluster]                                          6146     0(0.00%) |    331     267    3751    290 |   31.50        0.00
POST     /predict/combo [200+ choices]                                                   1710     0(0.00%) |    325     269    2624    290 |    8.80        0.00
--------|----------------------------------------------------------------------------|-------|-------------|-------|-------|-------|-------|--------|-----------
         Aggregated                                                                     11586     0(0.00%) |    441     267    3751    290 |   58.40        0.00

Type     Name                                                                          # reqs      # fails |    Avg     Min     Max    Med |   req/s  failures/s
--------|----------------------------------------------------------------------------|-------|-------------|-------|-------|-------|-------|--------|-----------
POST     /auth/login                                                                      200     0(0.00%) |   1235     590    2562   1000 |    0.00        0.00
POST     /auth/update-profile [rapid changes]                                             655     0(0.00%) |    414     287    2231    310 |    4.30        0.00
POST     /payment/create-order-marks [spam]                                              1012     0(0.00%) |   1399    1109    3133   1200 |    5.10        0.00
POST     /predict/colleges [during marks churn]                                           350     0(0.00%) |    319     268    1663    290 |    1.30        0.00
POST     /predict/colleges [near-identical marks]                                        1556     0(0.00%) |    322     270    3014    290 |    7.70        0.00
POST     /predict/colleges [same marks cluster]                                          6206     0(0.00%) |    331     267    3751    290 |   31.60        0.00
POST     /predict/combo [200+ choices]                                                   1719     0(0.00%) |    325     269    2624    290 |    8.40        0.00
--------|----------------------------------------------------------------------------|-------|-------------|-------|-------|-------|-------|--------|-----------
         Aggregated                                                                     11698     0(0.00%) |    441     267    3751    290 |   58.40        0.00

Type     Name                                                                          # reqs      # fails |    Avg     Min     Max    Med |   req/s  failures/s
--------|----------------------------------------------------------------------------|-------|-------------|-------|-------|-------|-------|--------|-----------
POST     /auth/login                                                                      200     0(0.00%) |   1235     590    2562   1000 |    0.00        0.00
POST     /auth/update-profile [rapid changes]                                             661     0(0.00%) |    414     287    2231    310 |    3.60        0.00
POST     /payment/create-order-marks [spam]                                              1021     0(0.00%) |   1398    1109    3133   1200 |    5.30        0.00
POST     /predict/colleges [during marks churn]                                           353     0(0.00%) |    319     268    1663    290 |    1.40        0.00
POST     /predict/colleges [near-identical marks]                                        1572     0(0.00%) |    322     270    3014    290 |    7.30        0.00
POST     /predict/colleges [same marks cluster]                                          6274     0(0.00%) |    330     267    3751    290 |   31.90        0.00
POST     /predict/combo [200+ choices]                                                   1740     0(0.00%) |    324     269    2624    290 |    8.40        0.00
--------|----------------------------------------------------------------------------|-------|-------------|-------|-------|-------|-------|--------|-----------
         Aggregated                                                                     11821     0(0.00%) |    440     267    3751    290 |   57.90        0.00

Type     Name                                                                          # reqs      # fails |    Avg     Min     Max    Med |   req/s  failures/s
--------|----------------------------------------------------------------------------|-------|-------------|-------|-------|-------|-------|--------|-----------
POST     /auth/login                                                                      200     0(0.00%) |   1235     590    2562   1000 |    0.00        0.00
POST     /auth/update-profile [rapid changes]                                             671     0(0.00%) |    415     287    2231    310 |    3.80        0.00
POST     /payment/create-order-marks [spam]                                              1032     0(0.00%) |   1397    1109    3133   1200 |    5.40        0.00
POST     /predict/colleges [during marks churn]                                           354     0(0.00%) |    319     268    1663    290 |    1.70        0.00
POST     /predict/colleges [near-identical marks]                                        1583     0(0.00%) |    322     270    3014    290 |    7.00        0.00
POST     /predict/colleges [same marks cluster]                                          6344     0(0.00%) |    330     267    3751    290 |   31.90        0.00
POST     /predict/combo [200+ choices]                                                   1757     0(0.00%) |    324     269    2624    290 |    8.40        0.00
--------|----------------------------------------------------------------------------|-------|-------------|-------|-------|-------|-------|--------|-----------
         Aggregated                                                                     11941     0(0.00%) |    440     267    3751    290 |   58.20        0.00

Type     Name                                                                          # reqs      # fails |    Avg     Min     Max    Med |   req/s  failures/s
--------|----------------------------------------------------------------------------|-------|-------------|-------|-------|-------|-------|--------|-----------
POST     /auth/login                                                                      200     0(0.00%) |   1235     590    2562   1000 |    0.00        0.00
POST     /auth/update-profile [rapid changes]                                             674     0(0.00%) |    415     287    2231    310 |    3.40        0.00
POST     /payment/create-order-marks [spam]                                              1045     0(0.00%) |   1396    1109    3133   1200 |    5.50        0.00
POST     /predict/colleges [during marks churn]                                           356     0(0.00%) |    319     268    1663    290 |    1.70        0.00
POST     /predict/colleges [near-identical marks]                                        1592     0(0.00%) |    322     270    3014    290 |    7.30        0.00
POST     /predict/colleges [same marks cluster]                                          6410     0(0.00%) |    330     267    3751    290 |   32.50        0.00
POST     /predict/combo [200+ choices]                                                   1775     0(0.00%) |    324     269    2624    290 |    9.20        0.00
--------|----------------------------------------------------------------------------|-------|-------------|-------|-------|-------|-------|--------|-----------
         Aggregated                                                                     12052     0(0.00%) |    440     267    3751    290 |   59.60        0.00

Type     Name                                                                          # reqs      # fails |    Avg     Min     Max    Med |   req/s  failures/s
--------|----------------------------------------------------------------------------|-------|-------------|-------|-------|-------|-------|--------|-----------
POST     /auth/login                                                                      200     0(0.00%) |   1235     590    2562   1000 |    0.00        0.00
POST     /auth/update-profile [rapid changes]                                             685     0(0.00%) |    414     287    2231    310 |    3.50        0.00
POST     /payment/create-order-marks [spam]                                              1056     0(0.00%) |   1395    1109    3133   1200 |    5.20        0.00
POST     /predict/colleges [during marks churn]                                           358     0(0.00%) |    319     268    1663    290 |    1.50        0.00
POST     /predict/colleges [near-identical marks]                                        1604     0(0.00%) |    322     270    3014    290 |    7.80        0.00
POST     /predict/colleges [same marks cluster]                                          6472     0(0.00%) |    329     267    3751    290 |   32.60        0.00
POST     /predict/combo [200+ choices]                                                   1790     0(0.00%) |    324     269    2624    290 |    8.40        0.00
--------|----------------------------------------------------------------------------|-------|-------------|-------|-------|-------|-------|--------|-----------
         Aggregated                                                                     12165     0(0.00%) |    439     267    3751    290 |   59.00        0.00

Type     Name                                                                          # reqs      # fails |    Avg     Min     Max    Med |   req/s  failures/s
--------|----------------------------------------------------------------------------|-------|-------------|-------|-------|-------|-------|--------|-----------
POST     /auth/login                                                                      200     0(0.00%) |   1235     590    2562   1000 |    0.00        0.00
POST     /auth/update-profile [rapid changes]                                             691     0(0.00%) |    414     287    2231    310 |    3.50        0.00
POST     /payment/create-order-marks [spam]                                              1066     0(0.00%) |   1394    1109    3133   1200 |    5.50        0.00
POST     /predict/colleges [during marks churn]                                           361     0(0.00%) |    318     268    1663    290 |    1.40        0.00
POST     /predict/colleges [near-identical marks]                                        1621     0(0.00%) |    321     270    3014    290 |    6.70        0.00
POST     /predict/colleges [same marks cluster]                                          6537     0(0.00%) |    329     267    3751    290 |   33.20        0.00
POST     /predict/combo [200+ choices]                                                   1810     0(0.00%) |    324     269    2624    290 |    8.80        0.00
--------|----------------------------------------------------------------------------|-------|-------------|-------|-------|-------|-------|--------|-----------
         Aggregated                                                                     12286     0(0.00%) |    439     267    3751    290 |   59.10        0.00

Type     Name                                                                          # reqs      # fails |    Avg     Min     Max    Med |   req/s  failures/s
--------|----------------------------------------------------------------------------|-------|-------------|-------|-------|-------|-------|--------|-----------
POST     /auth/login                                                                      200     0(0.00%) |   1235     590    2562   1000 |    0.00        0.00
POST     /auth/update-profile [rapid changes]                                             698     0(0.00%) |    413     287    2231    310 |    3.90        0.00
POST     /payment/create-order-marks [spam]                                              1081     0(0.00%) |   1393    1109    3133   1200 |    5.30        0.00
POST     /predict/colleges [during marks churn]                                           364     0(0.00%) |    318     268    1663    290 |    1.30        0.00
POST     /predict/colleges [near-identical marks]                                        1637     0(0.00%) |    321     270    3014    290 |    6.80        0.00
POST     /predict/colleges [same marks cluster]                                          6596     0(0.00%) |    329     267    3751    290 |   33.20        0.00
POST     /predict/combo [200+ choices]                                                   1826     0(0.00%) |    324     269    2624    290 |    8.40        0.00
--------|----------------------------------------------------------------------------|-------|-------------|-------|-------|-------|-------|--------|-----------
         Aggregated                                                                     12402     0(0.00%) |    439     267    3751    290 |   58.90        0.00

Type     Name                                                                          # reqs      # fails |    Avg     Min     Max    Med |   req/s  failures/s
--------|----------------------------------------------------------------------------|-------|-------------|-------|-------|-------|-------|--------|-----------
POST     /auth/login                                                                      200     0(0.00%) |   1235     590    2562   1000 |    0.00        0.00
POST     /auth/update-profile [rapid changes]                                             704     0(0.00%) |    413     287    2231    310 |    3.30        0.00
POST     /payment/create-order-marks [spam]                                              1088     0(0.00%) |   1393    1109    3133   1200 |    5.90        0.00
POST     /predict/colleges [during marks churn]                                           370     0(0.00%) |    318     268    1663    290 |    0.90        0.00
POST     /predict/colleges [near-identical marks]                                        1648     0(0.00%) |    321     270    3014    290 |    6.70        0.00
POST     /predict/colleges [same marks cluster]                                          6664     0(0.00%) |    329     267    3751    290 |   33.00        0.00
POST     /predict/combo [200+ choices]                                                   1846     0(0.00%) |    324     269    2624    290 |    8.80        0.00
--------|----------------------------------------------------------------------------|-------|-------------|-------|-------|-------|-------|--------|-----------
         Aggregated                                                                     12520     0(0.00%) |    438     267    3751    290 |   58.60        0.00

Type     Name                                                                          # reqs      # fails |    Avg     Min     Max    Med |   req/s  failures/s
--------|----------------------------------------------------------------------------|-------|-------------|-------|-------|-------|-------|--------|-----------
POST     /auth/login                                                                      200     0(0.00%) |   1235     590    2562   1000 |    0.00        0.00
POST     /auth/update-profile [rapid changes]                                             711     0(0.00%) |    413     287    2231    310 |    3.70        0.00
POST     /payment/create-order-marks [spam]                                              1095     0(0.00%) |   1393    1109    3133   1200 |    5.50        0.00
POST     /predict/colleges [during marks churn]                                           374     0(0.00%) |    318     268    1663    290 |    1.30        0.00
POST     /predict/colleges [near-identical marks]                                        1658     0(0.00%) |    321     270    3014    290 |    6.60        0.00
POST     /predict/colleges [same marks cluster]                                          6738     0(0.00%) |    329     267    3751    290 |   32.30        0.00
POST     /predict/combo [200+ choices]                                                   1863     0(0.00%) |    323     269    2624    290 |    8.50        0.00
--------|----------------------------------------------------------------------------|-------|-------------|-------|-------|-------|-------|--------|-----------
         Aggregated                                                                     12639     0(0.00%) |    438     267    3751    290 |   57.90        0.00

Type     Name                                                                          # reqs      # fails |    Avg     Min     Max    Med |   req/s  failures/s
--------|----------------------------------------------------------------------------|-------|-------------|-------|-------|-------|-------|--------|-----------
POST     /auth/login                                                                      200     0(0.00%) |   1235     590    2562   1000 |    0.00        0.00
POST     /auth/update-profile [rapid changes]                                             717     0(0.00%) |    412     287    2231    310 |    3.70        0.00
POST     /payment/create-order-marks [spam]                                              1109     0(0.00%) |   1393    1109    3133   1200 |    5.50        0.00
POST     /predict/colleges [during marks churn]                                           375     0(0.00%) |    318     268    1663    290 |    1.80        0.00
POST     /predict/colleges [near-identical marks]                                        1671     0(0.00%) |    321     270    3014    290 |    6.10        0.00
POST     /predict/colleges [same marks cluster]                                          6805     0(0.00%) |    328     267    3751    290 |   32.30        0.00
POST     /predict/combo [200+ choices]                                                   1879     0(0.00%) |    323     269    2624    290 |    8.70        0.00
--------|----------------------------------------------------------------------------|-------|-------------|-------|-------|-------|-------|--------|-----------
         Aggregated                                                                     12756     0(0.00%) |    438     267    3751    290 |   58.10        0.00

Type     Name                                                                          # reqs      # fails |    Avg     Min     Max    Med |   req/s  failures/s
--------|----------------------------------------------------------------------------|-------|-------------|-------|-------|-------|-------|--------|-----------
POST     /auth/login                                                                      200     0(0.00%) |   1235     590    2562   1000 |    0.00        0.00
POST     /auth/update-profile [rapid changes]                                             723     0(0.00%) |    411     287    2231    310 |    3.90        0.00
POST     /payment/create-order-marks [spam]                                              1120     0(0.00%) |   1392    1109    3133   1200 |    5.10        0.00
POST     /predict/colleges [during marks churn]                                           381     0(0.00%) |    318     268    1663    290 |    1.60        0.00
POST     /predict/colleges [near-identical marks]                                        1688     0(0.00%) |    321     270    3014    290 |    6.40        0.00
POST     /predict/colleges [same marks cluster]                                          6868     0(0.00%) |    328     267    3751    290 |   32.40        0.00
POST     /predict/combo [200+ choices]                                                   1897     0(0.00%) |    323     269    2624    290 |    8.40        0.00
--------|----------------------------------------------------------------------------|-------|-------------|-------|-------|-------|-------|--------|-----------
         Aggregated                                                                     12877     0(0.00%) |    437     267    3751    290 |   57.80        0.00

Type     Name                                                                          # reqs      # fails |    Avg     Min     Max    Med |   req/s  failures/s
--------|----------------------------------------------------------------------------|-------|-------------|-------|-------|-------|-------|--------|-----------
POST     /auth/login                                                                      200     0(0.00%) |   1235     590    2562   1000 |    0.00        0.00
POST     /auth/update-profile [rapid changes]                                             730     0(0.00%) |    412     287    2231    310 |    3.20        0.00
POST     /payment/create-order-marks [spam]                                              1129     0(0.00%) |   1392    1109    3133   1200 |    5.40        0.00
POST     /predict/colleges [during marks churn]                                           389     0(0.00%) |    318     268    1663    290 |    1.90        0.00
POST     /predict/colleges [near-identical marks]                                        1705     0(0.00%) |    321     270    3014    290 |    6.40        0.00
POST     /predict/colleges [same marks cluster]                                          6935     0(0.00%) |    328     267    3751    290 |   32.50        0.00
POST     /predict/combo [200+ choices]                                                   1912     0(0.00%) |    323     269    2624    290 |    8.90        0.00
--------|----------------------------------------------------------------------------|-------|-------------|-------|-------|-------|-------|--------|-----------
         Aggregated                                                                     13000     0(0.00%) |    437     267    3751    290 |   58.30        0.00

Type     Name                                                                          # reqs      # fails |    Avg     Min     Max    Med |   req/s  failures/s
--------|----------------------------------------------------------------------------|-------|-------------|-------|-------|-------|-------|--------|-----------
POST     /auth/login                                                                      200     0(0.00%) |   1235     590    2562   1000 |    0.00        0.00
POST     /auth/update-profile [rapid changes]                                             735     0(0.00%) |    411     287    2231    310 |    3.50        0.00
POST     /payment/create-order-marks [spam]                                              1142     0(0.00%) |   1392    1109    3133   1200 |    4.90        0.00
POST     /predict/colleges [during marks churn]                                           393     0(0.00%) |    318     268    1663    290 |    2.30        0.00
POST     /predict/colleges [near-identical marks]                                        1722     0(0.00%) |    320     270    3014    290 |    6.60        0.00
POST     /predict/colleges [same marks cluster]                                          6990     0(0.00%) |    328     267    3751    290 |   32.90        0.00
POST     /predict/combo [200+ choices]                                                   1937     0(0.00%) |    322     269    2624    290 |    8.90        0.00
--------|----------------------------------------------------------------------------|-------|-------------|-------|-------|-------|-------|--------|-----------
         Aggregated                                                                     13119     0(0.00%) |    437     267    3751    290 |   59.10        0.00

Type     Name                                                                          # reqs      # fails |    Avg     Min     Max    Med |   req/s  failures/s
--------|----------------------------------------------------------------------------|-------|-------------|-------|-------|-------|-------|--------|-----------
POST     /auth/login                                                                      200     0(0.00%) |   1235     590    2562   1000 |    0.00        0.00
POST     /auth/update-profile [rapid changes]                                             742     0(0.00%) |    411     287    2231    310 |    3.10        0.00
POST     /payment/create-order-marks [spam]                                              1154     0(0.00%) |   1391    1109    3133   1200 |    5.10        0.00
POST     /predict/colleges [during marks churn]                                           396     0(0.00%) |    318     268    1663    290 |    2.40        0.00
POST     /predict/colleges [near-identical marks]                                        1739     0(0.00%) |    320     270    3014    290 |    7.10        0.00
POST     /predict/colleges [same marks cluster]                                          7054     0(0.00%) |    327     267    3751    290 |   33.50        0.00
POST     /predict/combo [200+ choices]                                                   1951     0(0.00%) |    322     269    2624    290 |    9.00        0.00
--------|----------------------------------------------------------------------------|-------|-------------|-------|-------|-------|-------|--------|-----------
         Aggregated                                                                     13236     0(0.00%) |    437     267    3751    290 |   60.20        0.00

Type     Name                                                                          # reqs      # fails |    Avg     Min     Max    Med |   req/s  failures/s
--------|----------------------------------------------------------------------------|-------|-------------|-------|-------|-------|-------|--------|-----------
POST     /auth/login                                                                      200     0(0.00%) |   1235     590    2562   1000 |    0.00        0.00
POST     /auth/update-profile [rapid changes]                                             745     0(0.00%) |    410     287    2231    310 |    3.00        0.00
POST     /payment/create-order-marks [spam]                                              1164     0(0.00%) |   1391    1109    3133   1200 |    5.20        0.00
POST     /predict/colleges [during marks churn]                                           399     0(0.00%) |    318     268    1663    290 |    2.20        0.00
POST     /predict/colleges [near-identical marks]                                        1750     0(0.00%) |    320     270    3014    290 |    8.30        0.00
POST     /predict/colleges [same marks cluster]                                          7119     0(0.00%) |    327     267    3751    290 |   32.60        0.00
POST     /predict/combo [200+ choices]                                                   1961     0(0.00%) |    322     269    2624    290 |    9.20        0.00
--------|----------------------------------------------------------------------------|-------|-------------|-------|-------|-------|-------|--------|-----------
         Aggregated                                                                     13338     0(0.00%) |    436     267    3751    290 |   60.50        0.00

Type     Name                                                                          # reqs      # fails |    Avg     Min     Max    Med |   req/s  failures/s
--------|----------------------------------------------------------------------------|-------|-------------|-------|-------|-------|-------|--------|-----------
POST     /auth/login                                                                      200     0(0.00%) |   1235     590    2562   1000 |    0.00        0.00
POST     /auth/update-profile [rapid changes]                                             749     0(0.00%) |    410     287    2231    310 |    2.70        0.00
POST     /payment/create-order-marks [spam]                                              1178     0(0.00%) |   1390    1109    3133   1200 |    5.60        0.00
POST     /predict/colleges [during marks churn]                                           402     0(0.00%) |    318     268    1663    290 |    2.40        0.00
POST     /predict/colleges [near-identical marks]                                        1762     0(0.00%) |    320     270    3014    290 |    8.20        0.00
POST     /predict/colleges [same marks cluster]                                          7187     0(0.00%) |    327     267    3751    290 |   31.90        0.00
POST     /predict/combo [200+ choices]                                                   1981     0(0.00%) |    322     269    2624    290 |    8.40        0.00
--------|----------------------------------------------------------------------------|-------|-------------|-------|-------|-------|-------|--------|-----------
         Aggregated                                                                     13459     0(0.00%) |    436     267    3751    290 |   59.20        0.00

Type     Name                                                                          # reqs      # fails |    Avg     Min     Max    Med |   req/s  failures/s
--------|----------------------------------------------------------------------------|-------|-------------|-------|-------|-------|-------|--------|-----------
POST     /auth/login                                                                      200     0(0.00%) |   1235     590    2562   1000 |    0.00        0.00
POST     /auth/update-profile [rapid changes]                                             752     0(0.00%) |    409     287    2231    310 |    2.60        0.00
POST     /payment/create-order-marks [spam]                                              1188     0(0.00%) |   1390    1109    3133   1200 |    5.80        0.00
POST     /predict/colleges [during marks churn]                                           408     0(0.00%) |    317     268    1663    290 |    2.20        0.00
POST     /predict/colleges [near-identical marks]                                        1781     0(0.00%) |    320     270    3014    290 |    7.80        0.00
POST     /predict/colleges [same marks cluster]                                          7245     0(0.00%) |    327     267    3751    290 |   31.80        0.00
POST     /predict/combo [200+ choices]                                                   2002     0(0.00%) |    322     269    2624    290 |    8.50        0.00
--------|----------------------------------------------------------------------------|-------|-------------|-------|-------|-------|-------|--------|-----------
         Aggregated                                                                     13576     0(0.00%) |    436     267    3751    290 |   58.70        0.00

Type     Name                                                                          # reqs      # fails |    Avg     Min     Max    Med |   req/s  failures/s
--------|----------------------------------------------------------------------------|-------|-------------|-------|-------|-------|-------|--------|-----------
POST     /auth/login                                                                      200     0(0.00%) |   1235     590    2562   1000 |    0.00        0.00
POST     /auth/update-profile [rapid changes]                                             757     0(0.00%) |    410     287    2231    310 |    2.30        0.00
POST     /payment/create-order-marks [spam]                                              1203     0(0.00%) |   1389    1109    3133   1200 |    5.80        0.00
POST     /predict/colleges [during marks churn]                                           411     0(0.00%) |    317     268    1663    290 |    1.90        0.00
POST     /predict/colleges [near-identical marks]                                        1789     0(0.00%) |    320     270    3014    290 |    7.70        0.00
POST     /predict/colleges [same marks cluster]                                          7317     0(0.00%) |    326     267    3751    290 |   31.70        0.00
POST     /predict/combo [200+ choices]                                                   2019     0(0.00%) |    321     269    2624    290 |    8.80        0.00
--------|----------------------------------------------------------------------------|-------|-------------|-------|-------|-------|-------|--------|-----------
         Aggregated                                                                     13696     0(0.00%) |    436     267    3751    290 |   58.20        0.00

Type     Name                                                                          # reqs      # fails |    Avg     Min     Max    Med |   req/s  failures/s
--------|----------------------------------------------------------------------------|-------|-------------|-------|-------|-------|-------|--------|-----------
POST     /auth/login                                                                      200     0(0.00%) |   1235     590    2562   1000 |    0.00        0.00
POST     /auth/update-profile [rapid changes]                                             765     0(0.00%) |    409     287    2231    310 |    2.20        0.00
POST     /payment/create-order-marks [spam]                                              1209     0(0.00%) |   1389    1109    3133   1200 |    6.20        0.00
POST     /predict/colleges [during marks churn]                                           415     0(0.00%) |    317     268    1663    290 |    2.00        0.00
POST     /predict/colleges [near-identical marks]                                        1809     0(0.00%) |    320     270    3014    290 |    7.40        0.00
POST     /predict/colleges [same marks cluster]                                          7383     0(0.00%) |    326     267    3751    290 |   31.00        0.00
POST     /predict/combo [200+ choices]                                                   2033     0(0.00%) |    321     269    2624    290 |    8.20        0.00
--------|----------------------------------------------------------------------------|-------|-------------|-------|-------|-------|-------|--------|-----------
         Aggregated                                                                     13814     0(0.00%) |    435     267    3751    290 |   57.00        0.00

Type     Name                                                                          # reqs      # fails |    Avg     Min     Max    Med |   req/s  failures/s
--------|----------------------------------------------------------------------------|-------|-------------|-------|-------|-------|-------|--------|-----------
POST     /auth/login                                                                      200     0(0.00%) |   1235     590    2562   1000 |    0.00        0.00
POST     /auth/update-profile [rapid changes]                                             768     0(0.00%) |    408     287    2231    310 |    2.20        0.00
POST     /payment/create-order-marks [spam]                                              1223     0(0.00%) |   1389    1109    3133   1200 |    6.00        0.00
POST     /predict/colleges [during marks churn]                                           421     0(0.00%) |    317     268    1663    290 |    1.80        0.00
POST     /predict/colleges [near-identical marks]                                        1825     0(0.00%) |    319     270    3014    290 |    6.30        0.00
POST     /predict/colleges [same marks cluster]                                          7439     0(0.00%) |    326     267    3751    290 |   31.70        0.00
POST     /predict/combo [200+ choices]                                                   2052     0(0.00%) |    321     269    2624    290 |    7.90        0.00
--------|----------------------------------------------------------------------------|-------|-------------|-------|-------|-------|-------|--------|-----------
         Aggregated                                                                     13928     0(0.00%) |    435     267    3751    290 |   55.90        0.00

Type     Name                                                                          # reqs      # fails |    Avg     Min     Max    Med |   req/s  failures/s
--------|----------------------------------------------------------------------------|-------|-------------|-------|-------|-------|-------|--------|-----------
POST     /auth/login                                                                      200     0(0.00%) |   1235     590    2562   1000 |    0.00        0.00
POST     /auth/update-profile [rapid changes]                                             776     0(0.00%) |    408     287    2231    310 |    2.40        0.00
POST     /payment/create-order-marks [spam]                                              1235     0(0.00%) |   1389    1109    3133   1200 |    5.70        0.00
POST     /predict/colleges [during marks churn]                                           422     0(0.00%) |    317     268    1663    290 |    1.90        0.00
POST     /predict/colleges [near-identical marks]                                        1839     0(0.00%) |    320     270    3014    290 |    7.10        0.00
POST     /predict/colleges [same marks cluster]                                          7502     0(0.00%) |    326     267    3751    290 |   31.20        0.00
POST     /predict/combo [200+ choices]                                                   2068     0(0.00%) |    321     269    2624    290 |    8.60        0.00
--------|----------------------------------------------------------------------------|-------|-------------|-------|-------|-------|-------|--------|-----------
         Aggregated                                                                     14042     0(0.00%) |    435     267    3751    290 |   56.90        0.00

Type     Name                                                                          # reqs      # fails |    Avg     Min     Max    Med |   req/s  failures/s
--------|----------------------------------------------------------------------------|-------|-------------|-------|-------|-------|-------|--------|-----------
POST     /auth/login                                                                      200     0(0.00%) |   1235     590    2562   1000 |    0.00        0.00
POST     /auth/update-profile [rapid changes]                                             788     0(0.00%) |    408     287    2231    310 |    2.30        0.00
POST     /payment/create-order-marks [spam]                                              1242     0(0.00%) |   1389    1109    3133   1200 |    5.60        0.00
POST     /predict/colleges [during marks churn]                                           425     0(0.00%) |    316     268    1663    290 |    2.00        0.00
POST     /predict/colleges [near-identical marks]                                        1855     0(0.00%) |    320     270    3014    290 |    7.20        0.00
POST     /predict/colleges [same marks cluster]                                          7574     0(0.00%) |    326     267    3751    290 |   31.80        0.00
POST     /predict/combo [200+ choices]                                                   2084     0(0.00%) |    321     269    2624    290 |    8.80        0.00
--------|----------------------------------------------------------------------------|-------|-------------|-------|-------|-------|-------|--------|-----------
         Aggregated                                                                     14168     0(0.00%) |    435     267    3751    290 |   57.70        0.00

Type     Name                                                                          # reqs      # fails |    Avg     Min     Max    Med |   req/s  failures/s
--------|----------------------------------------------------------------------------|-------|-------------|-------|-------|-------|-------|--------|-----------
POST     /auth/login                                                                      200     0(0.00%) |   1235     590    2562   1000 |    0.00        0.00
POST     /auth/update-profile [rapid changes]                                             791     0(0.00%) |    408     287    2231    310 |    3.10        0.00
POST     /payment/create-order-marks [spam]                                              1254     0(0.00%) |   1388    1109    3133   1200 |    5.50        0.00
POST     /predict/colleges [during marks churn]                                           427     0(0.00%) |    316     268    1663    290 |    2.00        0.00
POST     /predict/colleges [near-identical marks]                                        1873     0(0.00%) |    319     270    3014    290 |    7.10        0.00
POST     /predict/colleges [same marks cluster]                                          7628     0(0.00%) |    326     267    3751    290 |   32.10        0.00
POST     /predict/combo [200+ choices]                                                   2103     0(0.00%) |    321     269    2624    290 |    8.20        0.00
--------|----------------------------------------------------------------------------|-------|-------------|-------|-------|-------|-------|--------|-----------
         Aggregated                                                                     14276     0(0.00%) |    434     267    3751    290 |   58.00        0.00

Type     Name                                                                          # reqs      # fails |    Avg     Min     Max    Med |   req/s  failures/s
--------|----------------------------------------------------------------------------|-------|-------------|-------|-------|-------|-------|--------|-----------
POST     /auth/login                                                                      200     0(0.00%) |   1235     590    2562   1000 |    0.00        0.00
POST     /auth/update-profile [rapid changes]                                             795     0(0.00%) |    408     287    2231    310 |    3.30        0.00
POST     /payment/create-order-marks [spam]                                              1266     0(0.00%) |   1388    1109    3133   1200 |    4.90        0.00
POST     /predict/colleges [during marks churn]                                           433     0(0.00%) |    317     268    1663    290 |    1.60        0.00
POST     /predict/colleges [near-identical marks]                                        1890     0(0.00%) |    320     270    3014    290 |    7.60        0.00
POST     /predict/colleges [same marks cluster]                                          7691     0(0.00%) |    325     267    3751    290 |   31.20        0.00
POST     /predict/combo [200+ choices]                                                   2120     0(0.00%) |    321     269    2624    290 |    8.40        0.00
--------|----------------------------------------------------------------------------|-------|-------------|-------|-------|-------|-------|--------|-----------
         Aggregated                                                                     14395     0(0.00%) |    434     267    3751    290 |   57.00        0.00

Type     Name                                                                          # reqs      # fails |    Avg     Min     Max    Med |   req/s  failures/s
--------|----------------------------------------------------------------------------|-------|-------------|-------|-------|-------|-------|--------|-----------
POST     /auth/login                                                                      200     0(0.00%) |   1235     590    2562   1000 |    0.00        0.00
POST     /auth/update-profile [rapid changes]                                             802     0(0.00%) |    408     287    2231    310 |    3.20        0.00
POST     /payment/create-order-marks [spam]                                              1276     0(0.00%) |   1388    1109    3133   1200 |    5.50        0.00
POST     /predict/colleges [during marks churn]                                           436     0(0.00%) |    316     268    1663    290 |    1.70        0.00
POST     /predict/colleges [near-identical marks]                                        1907     0(0.00%) |    320     270    3014    290 |    8.30        0.00
POST     /predict/colleges [same marks cluster]                                          7755     0(0.00%) |    325     267    3751    290 |   31.20        0.00
POST     /predict/combo [200+ choices]                                                   2138     0(0.00%) |    321     269    2624    290 |    9.10        0.00
--------|----------------------------------------------------------------------------|-------|-------------|-------|-------|-------|-------|--------|-----------
         Aggregated                                                                     14514     0(0.00%) |    434     267    3751    290 |   59.00        0.00

Type     Name                                                                          # reqs      # fails |    Avg     Min     Max    Med |   req/s  failures/s
--------|----------------------------------------------------------------------------|-------|-------------|-------|-------|-------|-------|--------|-----------
POST     /auth/login                                                                      200     0(0.00%) |   1235     590    2562   1000 |    0.00        0.00
POST     /auth/update-profile [rapid changes]                                             812     0(0.00%) |    407     287    2231    310 |    3.20        0.00
POST     /payment/create-order-marks [spam]                                              1286     0(0.00%) |   1388    1109    3133   1200 |    5.50        0.00
POST     /predict/colleges [during marks churn]                                           439     0(0.00%) |    316     268    1663    290 |    1.80        0.00
POST     /predict/colleges [near-identical marks]                                        1922     0(0.00%) |    319     270    3014    290 |    8.30        0.00
POST     /predict/colleges [same marks cluster]                                          7816     0(0.00%) |    325     267    3751    290 |   31.10        0.00
POST     /predict/combo [200+ choices]                                                   2156     0(0.00%) |    321     269    2624    290 |    8.90        0.00
--------|----------------------------------------------------------------------------|-------|-------------|-------|-------|-------|-------|--------|-----------
         Aggregated                                                                     14631     0(0.00%) |    434     267    3751    290 |   58.80        0.00

Type     Name                                                                          # reqs      # fails |    Avg     Min     Max    Med |   req/s  failures/s
--------|----------------------------------------------------------------------------|-------|-------------|-------|-------|-------|-------|--------|-----------
POST     /auth/login                                                                      200     0(0.00%) |   1235     590    2562   1000 |    0.00        0.00
POST     /auth/update-profile [rapid changes]                                             820     0(0.00%) |    406     287    2231    310 |    3.90        0.00
POST     /payment/create-order-marks [spam]                                              1297     0(0.00%) |   1387    1109    3133   1200 |    5.40        0.00
POST     /predict/colleges [during marks churn]                                           440     0(0.00%) |    316     268    1663    290 |    1.60        0.00
POST     /predict/colleges [near-identical marks]                                        1934     0(0.00%) |    319     270    3014    290 |    8.40        0.00
POST     /predict/colleges [same marks cluster]                                          7886     0(0.00%) |    325     267    3751    290 |   30.70        0.00
POST     /predict/combo [200+ choices]                                                   2170     0(0.00%) |    321     269    2624    290 |    8.80        0.00
--------|----------------------------------------------------------------------------|-------|-------------|-------|-------|-------|-------|--------|-----------
         Aggregated                                                                     14747     0(0.00%) |    434     267    3751    290 |   58.80        0.00

Type     Name                                                                          # reqs      # fails |    Avg     Min     Max    Med |   req/s  failures/s
--------|----------------------------------------------------------------------------|-------|-------------|-------|-------|-------|-------|--------|-----------
POST     /auth/login                                                                      200     0(0.00%) |   1235     590    2562   1000 |    0.00        0.00
POST     /auth/update-profile [rapid changes]                                             825     0(0.00%) |    406     287    2231    310 |    3.50        0.00
POST     /payment/create-order-marks [spam]                                              1310     0(0.00%) |   1387    1109    3133   1200 |    5.00        0.00
POST     /predict/colleges [during marks churn]                                           443     0(0.00%) |    317     268    1663    290 |    1.60        0.00
POST     /predict/colleges [near-identical marks]                                        1947     0(0.00%) |    319     270    3014    290 |    8.20        0.00
POST     /predict/colleges [same marks cluster]                                          7949     0(0.00%) |    325     267    3751    290 |   31.30        0.00
POST     /predict/combo [200+ choices]                                                   2191     0(0.00%) |    320     269    2624    290 |    8.80        0.00
--------|----------------------------------------------------------------------------|-------|-------------|-------|-------|-------|-------|--------|-----------
         Aggregated                                                                     14865     0(0.00%) |    434     267    3751    290 |   58.40        0.00

Type     Name                                                                          # reqs      # fails |    Avg     Min     Max    Med |   req/s  failures/s
--------|----------------------------------------------------------------------------|-------|-------------|-------|-------|-------|-------|--------|-----------
POST     /auth/login                                                                      200     0(0.00%) |   1235     590    2562   1000 |    0.00        0.00
POST     /auth/update-profile [rapid changes]                                             829     0(0.00%) |    406     287    2231    310 |    3.30        0.00
POST     /payment/create-order-marks [spam]                                              1319     0(0.00%) |   1388    1109    3133   1200 |    5.60        0.00
POST     /predict/colleges [during marks churn]                                           446     0(0.00%) |    317     268    1663    290 |    1.50        0.00
POST     /predict/colleges [near-identical marks]                                        1956     0(0.00%) |    319     270    3014    290 |    7.80        0.00
POST     /predict/colleges [same marks cluster]                                          8025     0(0.00%) |    325     267    3751    290 |   31.30        0.00
POST     /predict/combo [200+ choices]                                                   2207     0(0.00%) |    320     269    2624    290 |    8.90        0.00
--------|----------------------------------------------------------------------------|-------|-------------|-------|-------|-------|-------|--------|-----------
         Aggregated                                                                     14982     0(0.00%) |    433     267    3751    290 |   58.40        0.00

Type     Name                                                                          # reqs      # fails |    Avg     Min     Max    Med |   req/s  failures/s
--------|----------------------------------------------------------------------------|-------|-------------|-------|-------|-------|-------|--------|-----------
POST     /auth/login                                                                      200     0(0.00%) |   1235     590    2562   1000 |    0.00        0.00
POST     /auth/update-profile [rapid changes]                                             833     0(0.00%) |    405     287    2231    310 |    3.40        0.00
POST     /payment/create-order-marks [spam]                                              1333     0(0.00%) |   1388    1109    3133   1200 |    5.20        0.00
POST     /predict/colleges [during marks churn]                                           450     0(0.00%) |    317     268    1663    290 |    1.30        0.00
POST     /predict/colleges [near-identical marks]                                        1969     0(0.00%) |    319     270    3014    290 |    6.60        0.00
POST     /predict/colleges [same marks cluster]                                          8087     0(0.00%) |    324     267    3751    290 |   33.10        0.00
POST     /predict/combo [200+ choices]                                                   2219     0(0.00%) |    320     269    2624    290 |    8.60        0.00
--------|----------------------------------------------------------------------------|-------|-------------|-------|-------|-------|-------|--------|-----------
         Aggregated                                                                     15091     0(0.00%) |    433     267    3751    290 |   58.20        0.00

Type     Name                                                                          # reqs      # fails |    Avg     Min     Max    Med |   req/s  failures/s
--------|----------------------------------------------------------------------------|-------|-------------|-------|-------|-------|-------|--------|-----------
POST     /auth/login                                                                      200     0(0.00%) |   1235     590    2562   1000 |    0.00        0.00
POST     /auth/update-profile [rapid changes]                                             840     0(0.00%) |    405     287    2231    310 |    3.10        0.00
POST     /payment/create-order-marks [spam]                                              1342     0(0.00%) |   1388    1109    3133   1200 |    5.70        0.00
POST     /predict/colleges [during marks churn]                                           453     0(0.00%) |    316     268    1663    290 |    1.40        0.00
POST     /predict/colleges [near-identical marks]                                        1983     0(0.00%) |    319     270    3014    290 |    6.20        0.00
POST     /predict/colleges [same marks cluster]                                          8152     0(0.00%) |    324     267    3751    290 |   33.10        0.00
POST     /predict/combo [200+ choices]                                                   2239     0(0.00%) |    320     269    2624    290 |    8.00        0.00
--------|----------------------------------------------------------------------------|-------|-------------|-------|-------|-------|-------|--------|-----------
         Aggregated                                                                     15209     0(0.00%) |    433     267    3751    290 |   57.50        0.00

Type     Name                                                                          # reqs      # fails |    Avg     Min     Max    Med |   req/s  failures/s
--------|----------------------------------------------------------------------------|-------|-------------|-------|-------|-------|-------|--------|-----------
POST     /auth/login                                                                      200     0(0.00%) |   1235     590    2562   1000 |    0.00        0.00
POST     /auth/update-profile [rapid changes]                                             847     0(0.00%) |    406     287    2231    310 |    2.80        0.00
POST     /payment/create-order-marks [spam]                                              1351     0(0.00%) |   1388    1109    3133   1200 |    5.50        0.00
POST     /predict/colleges [during marks churn]                                           458     0(0.00%) |    316     268    1663    290 |    1.40        0.00
POST     /predict/colleges [near-identical marks]                                        1994     0(0.00%) |    319     270    3014    290 |    6.10        0.00
POST     /predict/colleges [same marks cluster]                                          8219     0(0.00%) |    324     267    3751    290 |   33.40        0.00
POST     /predict/combo [200+ choices]                                                   2257     0(0.00%) |    320     269    2624    290 |    8.10        0.00
--------|----------------------------------------------------------------------------|-------|-------------|-------|-------|-------|-------|--------|-----------
         Aggregated                                                                     15326     0(0.00%) |    433     267    3751    290 |   57.30        0.00

Type     Name                                                                          # reqs      # fails |    Avg     Min     Max    Med |   req/s  failures/s
--------|----------------------------------------------------------------------------|-------|-------------|-------|-------|-------|-------|--------|-----------
POST     /auth/login                                                                      200     0(0.00%) |   1235     590    2562   1000 |    0.00        0.00
POST     /auth/update-profile [rapid changes]                                             853     0(0.00%) |    405     287    2231    310 |    2.60        0.00
POST     /payment/create-order-marks [spam]                                              1362     0(0.00%) |   1388    1109    3133   1200 |    5.40        0.00
POST     /predict/colleges [during marks churn]                                           462     0(0.00%) |    316     268    1663    290 |    1.80        0.00
POST     /predict/colleges [near-identical marks]                                        2010     0(0.00%) |    319     270    3014    290 |    6.00        0.00
POST     /predict/colleges [same marks cluster]                                          8283     0(0.00%) |    324     267    3751    290 |   33.10        0.00
POST     /predict/combo [200+ choices]                                                   2276     0(0.00%) |    320     269    2624    290 |    8.70        0.00
--------|----------------------------------------------------------------------------|-------|-------------|-------|-------|-------|-------|--------|-----------
         Aggregated                                                                     15446     0(0.00%) |    432     267    3751    290 |   57.60        0.00

Type     Name                                                                          # reqs      # fails |    Avg     Min     Max    Med |   req/s  failures/s
--------|----------------------------------------------------------------------------|-------|-------------|-------|-------|-------|-------|--------|-----------
POST     /auth/login                                                                      200     0(0.00%) |   1235     590    2562   1000 |    0.00        0.00
POST     /auth/update-profile [rapid changes]                                             857     0(0.00%) |    405     287    2231    310 |    2.70        0.00
POST     /payment/create-order-marks [spam]                                              1374     0(0.00%) |   1389    1109    3133   1200 |    5.10        0.00
POST     /predict/colleges [during marks churn]                                           465     0(0.00%) |    316     268    1663    290 |    1.90        0.00
POST     /predict/colleges [near-identical marks]                                        2019     0(0.00%) |    318     270    3014    290 |    6.30        0.00
POST     /predict/colleges [same marks cluster]                                          8353     0(0.00%) |    324     267    3751    290 |   33.10        0.00
POST     /predict/combo [200+ choices]                                                   2291     0(0.00%) |    319     269    2624    290 |    8.50        0.00
--------|----------------------------------------------------------------------------|-------|-------------|-------|-------|-------|-------|--------|-----------
         Aggregated                                                                     15559     0(0.00%) |    432     267    3751    290 |   57.60        0.00

Type     Name                                                                          # reqs      # fails |    Avg     Min     Max    Med |   req/s  failures/s
--------|----------------------------------------------------------------------------|-------|-------------|-------|-------|-------|-------|--------|-----------
POST     /auth/login                                                                      200     0(0.00%) |   1235     590    2562   1000 |    0.00        0.00
POST     /auth/update-profile [rapid changes]                                             862     0(0.00%) |    406     287    2231    310 |    2.70        0.00
POST     /payment/create-order-marks [spam]                                              1387     0(0.00%) |   1388    1109    3133   1200 |    5.50        0.00
POST     /predict/colleges [during marks churn]                                           468     0(0.00%) |    316     268    1663    290 |    1.90        0.00
POST     /predict/colleges [near-identical marks]                                        2037     0(0.00%) |    318     270    3014    290 |    6.30        0.00
POST     /predict/colleges [same marks cluster]                                          8419     0(0.00%) |    323     267    3751    290 |   32.60        0.00
POST     /predict/combo [200+ choices]                                                   2308     0(0.00%) |    319     269    2624    290 |    8.30        0.00
--------|----------------------------------------------------------------------------|-------|-------------|-------|-------|-------|-------|--------|-----------
         Aggregated                                                                     15681     0(0.00%) |    432     267    3751    290 |   57.30        0.00

Type     Name                                                                          # reqs      # fails |    Avg     Min     Max    Med |   req/s  failures/s
--------|----------------------------------------------------------------------------|-------|-------------|-------|-------|-------|-------|--------|-----------
POST     /auth/login                                                                      200     0(0.00%) |   1235     590    2562   1000 |    0.00        0.00
POST     /auth/update-profile [rapid changes]                                             870     0(0.00%) |    406     287    2231    310 |    2.90        0.00
POST     /payment/create-order-marks [spam]                                              1397     0(0.00%) |   1387    1109    3133   1200 |    5.40        0.00
POST     /predict/colleges [during marks churn]                                           471     0(0.00%) |    316     268    1663    290 |    1.80        0.00
POST     /predict/colleges [near-identical marks]                                        2057     0(0.00%) |    318     270    3014    290 |    6.80        0.00
POST     /predict/colleges [same marks cluster]                                          8475     0(0.00%) |    324     267    3751    290 |   33.20        0.00
POST     /predict/combo [200+ choices]                                                   2323     0(0.00%) |    319     269    2624    290 |    8.90        0.00
--------|----------------------------------------------------------------------------|-------|-------------|-------|-------|-------|-------|--------|-----------
         Aggregated                                                                     15793     0(0.00%) |    432     267    3751    290 |   59.00        0.00

Type     Name                                                                          # reqs      # fails |    Avg     Min     Max    Med |   req/s  failures/s
--------|----------------------------------------------------------------------------|-------|-------------|-------|-------|-------|-------|--------|-----------
POST     /auth/login                                                                      200     0(0.00%) |   1235     590    2562   1000 |    0.00        0.00
POST     /auth/update-profile [rapid changes]                                             879     0(0.00%) |    406     287    2231    310 |    2.90        0.00
POST     /payment/create-order-marks [spam]                                              1406     0(0.00%) |   1387    1109    3133   1200 |    5.60        0.00
POST     /predict/colleges [during marks churn]                                           474     0(0.00%) |    316     268    1663    290 |    1.80        0.00
POST     /predict/colleges [near-identical marks]                                        2070     0(0.00%) |    318     270    3014    290 |    7.20        0.00
POST     /predict/colleges [same marks cluster]                                          8543     0(0.00%) |    323     267    3751    290 |   32.10        0.00
POST     /predict/combo [200+ choices]                                                   2342     0(0.00%) |    319     269    2624    290 |    8.40        0.00
--------|----------------------------------------------------------------------------|-------|-------------|-------|-------|-------|-------|--------|-----------
         Aggregated                                                                     15914     0(0.00%) |    432     267    3751    290 |   58.00        0.00

Type     Name                                                                          # reqs      # fails |    Avg     Min     Max    Med |   req/s  failures/s
--------|----------------------------------------------------------------------------|-------|-------------|-------|-------|-------|-------|--------|-----------
POST     /auth/login                                                                      200     0(0.00%) |   1235     590    2562   1000 |    0.00        0.00
POST     /auth/update-profile [rapid changes]                                             886     0(0.00%) |    405     287    2231    310 |    3.20        0.00
POST     /payment/create-order-marks [spam]                                              1419     0(0.00%) |   1387    1109    3133   1200 |    5.50        0.00
POST     /predict/colleges [during marks churn]                                           476     0(0.00%) |    316     268    1663    290 |    1.60        0.00
POST     /predict/colleges [near-identical marks]                                        2088     0(0.00%) |    318     270    3014    290 |    7.60        0.00
POST     /predict/colleges [same marks cluster]                                          8602     0(0.00%) |    323     267    3751    290 |   32.20        0.00
POST     /predict/combo [200+ choices]                                                   2361     0(0.00%) |    319     269    2624    290 |    8.50        0.00
--------|----------------------------------------------------------------------------|-------|-------------|-------|-------|-------|-------|--------|-----------
         Aggregated                                                                     16032     0(0.00%) |    432     267    3751    290 |   58.60        0.00

Type     Name                                                                          # reqs      # fails |    Avg     Min     Max    Med |   req/s  failures/s
--------|----------------------------------------------------------------------------|-------|-------------|-------|-------|-------|-------|--------|-----------
POST     /auth/login                                                                      200     0(0.00%) |   1235     590    2562   1000 |    0.00        0.00
POST     /auth/update-profile [rapid changes]                                             899     0(0.00%) |    405     287    2231    310 |    3.40        0.00
POST     /payment/create-order-marks [spam]                                              1427     0(0.00%) |   1386    1109    3133   1200 |    5.70        0.00
POST     /predict/colleges [during marks churn]                                           478     0(0.00%) |    316     268    1663    290 |    1.40        0.00
POST     /predict/colleges [near-identical marks]                                        2100     0(0.00%) |    318     270    3014    290 |    7.80        0.00
POST     /predict/colleges [same marks cluster]                                          8668     0(0.00%) |    323     267    3751    290 |   32.10        0.00
POST     /predict/combo [200+ choices]                                                   2376     0(0.00%) |    319     269    2624    290 |    8.40        0.00
--------|----------------------------------------------------------------------------|-------|-------------|-------|-------|-------|-------|--------|-----------
         Aggregated                                                                     16148     0(0.00%) |    431     267    3751    290 |   58.80        0.00

Type     Name                                                                          # reqs      # fails |    Avg     Min     Max    Med |   req/s  failures/s
--------|----------------------------------------------------------------------------|-------|-------------|-------|-------|-------|-------|--------|-----------
POST     /auth/login                                                                      200     0(0.00%) |   1235     590    2562   1000 |    0.00        0.00
POST     /auth/update-profile [rapid changes]                                             904     0(0.00%) |    404     287    2231    310 |    4.30        0.00
POST     /payment/create-order-marks [spam]                                              1440     0(0.00%) |   1386    1109    3133   1200 |    5.30        0.00
POST     /predict/colleges [during marks churn]                                           480     0(0.00%) |    316     268    1663    290 |    1.30        0.00
POST     /predict/colleges [near-identical marks]                                        2112     0(0.00%) |    318     270    3014    290 |    8.10        0.00
POST     /predict/colleges [same marks cluster]                                          8735     0(0.00%) |    323     267    3751    290 |   31.20        0.00
POST     /predict/combo [200+ choices]                                                   2393     0(0.00%) |    319     269    2624    290 |    8.60        0.00
--------|----------------------------------------------------------------------------|-------|-------------|-------|-------|-------|-------|--------|-----------
         Aggregated                                                                     16264     0(0.00%) |    431     267    3751    290 |   58.80        0.00

Type     Name                                                                          # reqs      # fails |    Avg     Min     Max    Med |   req/s  failures/s
--------|----------------------------------------------------------------------------|-------|-------------|-------|-------|-------|-------|--------|-----------
POST     /auth/login                                                                      200     0(0.00%) |   1235     590    2562   1000 |    0.00        0.00
POST     /auth/update-profile [rapid changes]                                             912     0(0.00%) |    404     287    2231    310 |    4.20        0.00
POST     /payment/create-order-marks [spam]                                              1450     0(0.00%) |   1386    1109    3133   1200 |    5.30        0.00
POST     /predict/colleges [during marks churn]                                           485     0(0.00%) |    315     268    1663    290 |    1.20        0.00
POST     /predict/colleges [near-identical marks]                                        2125     0(0.00%) |    317     270    3014    290 |    7.50        0.00
POST     /predict/colleges [same marks cluster]                                          8796     0(0.00%) |    323     267    3751    290 |   31.50        0.00
POST     /predict/combo [200+ choices]                                                   2408     0(0.00%) |    318     269    2624    290 |    8.40        0.00
--------|----------------------------------------------------------------------------|-------|-------------|-------|-------|-------|-------|--------|-----------
         Aggregated                                                                     16376     0(0.00%) |    431     267    3751    290 |   58.10        0.00

Type     Name                                                                          # reqs      # fails |    Avg     Min     Max    Med |   req/s  failures/s
--------|----------------------------------------------------------------------------|-------|-------------|-------|-------|-------|-------|--------|-----------
POST     /auth/login                                                                      200     0(0.00%) |   1235     590    2562   1000 |    0.00        0.00
POST     /auth/update-profile [rapid changes]                                             920     0(0.00%) |    403     287    2231    310 |    4.30        0.00
POST     /payment/create-order-marks [spam]                                              1459     0(0.00%) |   1385    1109    3133   1200 |    5.30        0.00
POST     /predict/colleges [during marks churn]                                           490     0(0.00%) |    315     268    1663    290 |    1.40        0.00
POST     /predict/colleges [near-identical marks]                                        2145     0(0.00%) |    317     270    3014    290 |    7.00        0.00
POST     /predict/colleges [same marks cluster]                                          8865     0(0.00%) |    323     267    3751    290 |   32.00        0.00
POST     /predict/combo [200+ choices]                                                   2424     0(0.00%) |    318     269    2624    290 |    8.30        0.00
--------|----------------------------------------------------------------------------|-------|-------------|-------|-------|-------|-------|--------|-----------
         Aggregated                                                                     16503     0(0.00%) |    431     267    3751    290 |   58.30        0.00

Type     Name                                                                          # reqs      # fails |    Avg     Min     Max    Med |   req/s  failures/s
--------|----------------------------------------------------------------------------|-------|-------------|-------|-------|-------|-------|--------|-----------
POST     /auth/login                                                                      200     0(0.00%) |   1235     590    2562   1000 |    0.00        0.00
POST     /auth/update-profile [rapid changes]                                             924     0(0.00%) |    403     287    2231    310 |    3.90        0.00
POST     /payment/create-order-marks [spam]                                              1470     0(0.00%) |   1385    1109    3133   1200 |    5.20        0.00
POST     /predict/colleges [during marks churn]                                           494     0(0.00%) |    315     268    1663    290 |    1.60        0.00
POST     /predict/colleges [near-identical marks]                                        2164     0(0.00%) |    317     270    3014    290 |    7.20        0.00
POST     /predict/colleges [same marks cluster]                                          8923     0(0.00%) |    322     267    3751    290 |   32.00        0.00
POST     /predict/combo [200+ choices]                                                   2446     0(0.00%) |    318     269    2624    290 |    8.10        0.00
--------|----------------------------------------------------------------------------|-------|-------------|-------|-------|-------|-------|--------|-----------
         Aggregated                                                                     16621     0(0.00%) |    430     267    3751    290 |   58.00        0.00

Type     Name                                                                          # reqs      # fails |    Avg     Min     Max    Med |   req/s  failures/s
--------|----------------------------------------------------------------------------|-------|-------------|-------|-------|-------|-------|--------|-----------
POST     /auth/login                                                                      200     0(0.00%) |   1235     590    2562   1000 |    0.00        0.00
POST     /auth/update-profile [rapid changes]                                             933     0(0.00%) |    403     287    2231    310 |    3.80        0.00
POST     /payment/create-order-marks [spam]                                              1480     0(0.00%) |   1385    1109    3133   1200 |    5.10        0.00
POST     /predict/colleges [during marks churn]                                           497     0(0.00%) |    315     268    1663    290 |    1.80        0.00
POST     /predict/colleges [near-identical marks]                                        2184     0(0.00%) |    317     270    3014    290 |    7.50        0.00
POST     /predict/colleges [same marks cluster]                                          8982     0(0.00%) |    322     267    3751    290 |   31.70        0.00
POST     /predict/combo [200+ choices]                                                   2460     0(0.00%) |    318     269    2624    290 |    8.40        0.00
--------|----------------------------------------------------------------------------|-------|-------------|-------|-------|-------|-------|--------|-----------
         Aggregated                                                                     16736     0(0.00%) |    430     267    3751    290 |   58.30        0.00

Type     Name                                                                          # reqs      # fails |    Avg     Min     Max    Med |   req/s  failures/s
--------|----------------------------------------------------------------------------|-------|-------------|-------|-------|-------|-------|--------|-----------
POST     /auth/login                                                                      200     0(0.00%) |   1235     590    2562   1000 |    0.00        0.00
POST     /auth/update-profile [rapid changes]                                             934     0(0.00%) |    403     287    2231    310 |    3.30        0.00
POST     /payment/create-order-marks [spam]                                              1491     0(0.00%) |   1384    1109    3133   1200 |    5.20        0.00
POST     /predict/colleges [during marks churn]                                           501     0(0.00%) |    315     268    1663    290 |    1.90        0.00
POST     /predict/colleges [near-identical marks]                                        2202     0(0.00%) |    317     270    3014    290 |    8.40        0.00
POST     /predict/colleges [same marks cluster]                                          9041     0(0.00%) |    322     267    3751    290 |   31.80        0.00
POST     /predict/combo [200+ choices]                                                   2479     0(0.00%) |    318     269    2624    290 |    8.40        0.00
--------|----------------------------------------------------------------------------|-------|-------------|-------|-------|-------|-------|--------|-----------
         Aggregated                                                                     16848     0(0.00%) |    430     267    3751    290 |   59.00        0.00

Type     Name                                                                          # reqs      # fails |    Avg     Min     Max    Med |   req/s  failures/s
--------|----------------------------------------------------------------------------|-------|-------------|-------|-------|-------|-------|--------|-----------
POST     /auth/login                                                                      200     0(0.00%) |   1235     590    2562   1000 |    0.00        0.00
POST     /auth/update-profile [rapid changes]                                             939     0(0.00%) |    403     287    2231    310 |    3.00        0.00
POST     /payment/create-order-marks [spam]                                              1506     0(0.00%) |   1385    1109    3133   1200 |    5.00        0.00
POST     /predict/colleges [during marks churn]                                           504     0(0.00%) |    315     268    1663    290 |    2.10        0.00
POST     /predict/colleges [near-identical marks]                                        2219     0(0.00%) |    317     270    3014    290 |    8.90        0.00
POST     /predict/colleges [same marks cluster]                                          9107     0(0.00%) |    322     267    3751    290 |   30.20        0.00
POST     /predict/combo [200+ choices]                                                   2494     0(0.00%) |    318     269    2624    290 |    8.60        0.00
--------|----------------------------------------------------------------------------|-------|-------------|-------|-------|-------|-------|--------|-----------
         Aggregated                                                                     16969     0(0.00%) |    430     267    3751    290 |   57.80        0.00

Type     Name                                                                          # reqs      # fails |    Avg     Min     Max    Med |   req/s  failures/s
--------|----------------------------------------------------------------------------|-------|-------------|-------|-------|-------|-------|--------|-----------
POST     /auth/login                                                                      200     0(0.00%) |   1235     590    2562   1000 |    0.00        0.00
POST     /auth/update-profile [rapid changes]                                             944     0(0.00%) |    402     287    2231    310 |    2.60        0.00
POST     /payment/create-order-marks [spam]                                              1515     0(0.00%) |   1384    1109    3133   1200 |    5.50        0.00
POST     /predict/colleges [during marks churn]                                           509     0(0.00%) |    315     268    1663    290 |    1.90        0.00
POST     /predict/colleges [near-identical marks]                                        2234     0(0.00%) |    317     270    3014    290 |    9.40        0.00
POST     /predict/colleges [same marks cluster]                                          9173     0(0.00%) |    322     267    3751    290 |   30.90        0.00
POST     /predict/combo [200+ choices]                                                   2515     0(0.00%) |    318     269    2624    290 |    8.90        0.00
--------|----------------------------------------------------------------------------|-------|-------------|-------|-------|-------|-------|--------|-----------
         Aggregated                                                                     17090     0(0.00%) |    430     267    3751    290 |   59.20        0.00

Type     Name                                                                          # reqs      # fails |    Avg     Min     Max    Med |   req/s  failures/s
--------|----------------------------------------------------------------------------|-------|-------------|-------|-------|-------|-------|--------|-----------
POST     /auth/login                                                                      200     0(0.00%) |   1235     590    2562   1000 |    0.00        0.00
POST     /auth/update-profile [rapid changes]                                             947     0(0.00%) |    402     287    2231    310 |    2.60        0.00
POST     /payment/create-order-marks [spam]                                              1525     0(0.00%) |   1384    1109    3133   1200 |    5.70        0.00
POST     /predict/colleges [during marks churn]                                           517     0(0.00%) |    314     268    1663    290 |    1.80        0.00
POST     /predict/colleges [near-identical marks]                                        2244     0(0.00%) |    317     270    3014    290 |    9.10        0.00
POST     /predict/colleges [same marks cluster]                                          9239     0(0.00%) |    322     267    3751    290 |   30.80        0.00
POST     /predict/combo [200+ choices]                                                   2528     0(0.00%) |    318     269    2624    290 |    8.90        0.00
--------|----------------------------------------------------------------------------|-------|-------------|-------|-------|-------|-------|--------|-----------
         Aggregated                                                                     17200     0(0.00%) |    430     267    3751    290 |   58.90        0.00

Type     Name                                                                          # reqs      # fails |    Avg     Min     Max    Med |   req/s  failures/s
--------|----------------------------------------------------------------------------|-------|-------------|-------|-------|-------|-------|--------|-----------
POST     /auth/login                                                                      200     0(0.00%) |   1235     590    2562   1000 |    0.00        0.00
POST     /auth/update-profile [rapid changes]                                             955     0(0.00%) |    402     287    2231    310 |    2.30        0.00
POST     /payment/create-order-marks [spam]                                              1536     0(0.00%) |   1383    1109    3133   1200 |    5.30        0.00
POST     /predict/colleges [during marks churn]                                           518     0(0.00%) |    314     268    1663    290 |    2.20        0.00
POST     /predict/colleges [near-identical marks]                                        2258     0(0.00%) |    316     270    3014    290 |    8.10        0.00
POST     /predict/colleges [same marks cluster]                                          9300     0(0.00%) |    322     267    3751    290 |   31.50        0.00
POST     /predict/combo [200+ choices]                                                   2545     0(0.00%) |    317     269    2624    290 |    8.20        0.00
--------|----------------------------------------------------------------------------|-------|-------------|-------|-------|-------|-------|--------|-----------
         Aggregated                                                                     17312     0(0.00%) |    429     267    3751    290 |   57.60        0.00

Type     Name                                                                          # reqs      # fails |    Avg     Min     Max    Med |   req/s  failures/s
--------|----------------------------------------------------------------------------|-------|-------------|-------|-------|-------|-------|--------|-----------
POST     /auth/login                                                                      200     0(0.00%) |   1235     590    2562   1000 |    0.00        0.00
POST     /auth/update-profile [rapid changes]                                             960     0(0.00%) |    402     287    2231    310 |    2.30        0.00
POST     /payment/create-order-marks [spam]                                              1547     0(0.00%) |   1383    1109    3133   1200 |    5.50        0.00
POST     /predict/colleges [during marks churn]                                           523     0(0.00%) |    314     268    1663    290 |    2.10        0.00
POST     /predict/colleges [near-identical marks]                                        2269     0(0.00%) |    316     270    3014    290 |    7.40        0.00
POST     /predict/colleges [same marks cluster]                                          9361     0(0.00%) |    322     267    3751    290 |   31.20        0.00
POST     /predict/combo [200+ choices]                                                   2568     0(0.00%) |    317     269    2624    290 |    8.40        0.00
--------|----------------------------------------------------------------------------|-------|-------------|-------|-------|-------|-------|--------|-----------
         Aggregated                                                                     17428     0(0.00%) |    429     267    3751    290 |   56.90        0.00

Type     Name                                                                          # reqs      # fails |    Avg     Min     Max    Med |   req/s  failures/s
--------|----------------------------------------------------------------------------|-------|-------------|-------|-------|-------|-------|--------|-----------
POST     /auth/login                                                                      200     0(0.00%) |   1235     590    2562   1000 |    0.00        0.00
POST     /auth/update-profile [rapid changes]                                             968     0(0.00%) |    402     287    2231    310 |    2.40        0.00
POST     /payment/create-order-marks [spam]                                              1552     0(0.00%) |   1383    1109    3133   1200 |    5.50        0.00
POST     /predict/colleges [during marks churn]                                           525     0(0.00%) |    314     268    1663    290 |    2.20        0.00
POST     /predict/colleges [near-identical marks]                                        2289     0(0.00%) |    316     270    3014    290 |    6.70        0.00
POST     /predict/colleges [same marks cluster]                                          9429     0(0.00%) |    322     267    3751    290 |   31.60        0.00
POST     /predict/combo [200+ choices]                                                   2585     0(0.00%) |    317     269    2624    290 |    8.80        0.00
--------|----------------------------------------------------------------------------|-------|-------------|-------|-------|-------|-------|--------|-----------
         Aggregated                                                                     17548     0(0.00%) |    429     267    3751    290 |   57.20        0.00

Type     Name                                                                          # reqs      # fails |    Avg     Min     Max    Med |   req/s  failures/s
--------|----------------------------------------------------------------------------|-------|-------------|-------|-------|-------|-------|--------|-----------
POST     /auth/login                                                                      200     0(0.00%) |   1235     590    2562   1000 |    0.00        0.00
POST     /auth/update-profile [rapid changes]                                             979     0(0.00%) |    402     287    2231    310 |    2.90        0.00
POST     /payment/create-order-marks [spam]                                              1564     0(0.00%) |   1383    1109    3133   1200 |    4.70        0.00
POST     /predict/colleges [during marks churn]                                           529     0(0.00%) |    314     268    1663    290 |    2.10        0.00
POST     /predict/colleges [near-identical marks]                                        2304     0(0.00%) |    316     270    3014    290 |    6.70        0.00
POST     /predict/colleges [same marks cluster]                                          9488     0(0.00%) |    321     267    3751    290 |   32.00        0.00
POST     /predict/combo [200+ choices]                                                   2597     0(0.00%) |    317     269    2624    290 |    8.90        0.00
--------|----------------------------------------------------------------------------|-------|-------------|-------|-------|-------|-------|--------|-----------
         Aggregated                                                                     17661     0(0.00%) |    429     267    3751    290 |   57.30        0.00

Type     Name                                                                          # reqs      # fails |    Avg     Min     Max    Med |   req/s  failures/s
--------|----------------------------------------------------------------------------|-------|-------------|-------|-------|-------|-------|--------|-----------
POST     /auth/login                                                                      200     0(0.00%) |   1235     590    2562   1000 |    0.00        0.00
POST     /auth/update-profile [rapid changes]                                             988     0(0.00%) |    401     287    2231    310 |    3.50        0.00
POST     /payment/create-order-marks [spam]                                              1569     0(0.00%) |   1384    1109    3133   1200 |    4.90        0.00
POST     /predict/colleges [during marks churn]                                           530     0(0.00%) |    314     268    1663    290 |    2.00        0.00
POST     /predict/colleges [near-identical marks]                                        2320     0(0.00%) |    316     270    3014    290 |    7.00        0.00
POST     /predict/colleges [same marks cluster]                                          9552     0(0.00%) |    321     267    3751    290 |   31.40        0.00
POST     /predict/combo [200+ choices]                                                   2617     0(0.00%) |    317     269    2624    290 |    8.20        0.00
--------|----------------------------------------------------------------------------|-------|-------------|-------|-------|-------|-------|--------|-----------
         Aggregated                                                                     17776     0(0.00%) |    428     267    3751    290 |   57.00        0.00

Type     Name                                                                          # reqs      # fails |    Avg     Min     Max    Med |   req/s  failures/s
--------|----------------------------------------------------------------------------|-------|-------------|-------|-------|-------|-------|--------|-----------
POST     /auth/login                                                                      200     0(0.00%) |   1235     590    2562   1000 |    0.00        0.00
POST     /auth/update-profile [rapid changes]                                             996     0(0.00%) |    401     287    2231    310 |    4.00        0.00
POST     /payment/create-order-marks [spam]                                              1580     0(0.00%) |   1385    1109    3133   1200 |    4.70        0.00
POST     /predict/colleges [during marks churn]                                           536     0(0.00%) |    314     268    1663    290 |    1.30        0.00
POST     /predict/colleges [near-identical marks]                                        2336     0(0.00%) |    316     270    3014    290 |    7.50        0.00
POST     /predict/colleges [same marks cluster]                                          9624     0(0.00%) |    321     267    3751    290 |   31.40        0.00
POST     /predict/combo [200+ choices]                                                   2635     0(0.00%) |    317     269    2624    290 |    9.10        0.00
--------|----------------------------------------------------------------------------|-------|-------------|-------|-------|-------|-------|--------|-----------
         Aggregated                                                                     17907     0(0.00%) |    428     267    3751    290 |   58.00        0.00

Type     Name                                                                          # reqs      # fails |    Avg     Min     Max    Med |   req/s  failures/s
--------|----------------------------------------------------------------------------|-------|-------------|-------|-------|-------|-------|--------|-----------
POST     /auth/login                                                                      200     0(0.00%) |   1235     590    2562   1000 |    0.00        0.00
POST     /auth/update-profile [rapid changes]                                            1006     0(0.00%) |    400     287    2231    310 |    4.10        0.00
POST     /payment/create-order-marks [spam]                                              1590     0(0.00%) |   1385    1109    3133   1200 |    4.50        0.00
POST     /predict/colleges [during marks churn]                                           537     0(0.00%) |    314     268    1663    290 |    1.70        0.00
POST     /predict/colleges [near-identical marks]                                        2356     0(0.00%) |    316     270    3014    290 |    7.60        0.00
POST     /predict/colleges [same marks cluster]                                          9687     0(0.00%) |    321     267    3751    290 |   32.40        0.00
POST     /predict/combo [200+ choices]                                                   2652     0(0.00%) |    317     269    2624    290 |    8.80        0.00
--------|----------------------------------------------------------------------------|-------|-------------|-------|-------|-------|-------|--------|-----------
         Aggregated                                                                     18028     0(0.00%) |    428     267    3751    290 |   59.10        0.00

Type     Name                                                                          # reqs      # fails |    Avg     Min     Max    Med |   req/s  failures/s
--------|----------------------------------------------------------------------------|-------|-------------|-------|-------|-------|-------|--------|-----------
POST     /auth/login                                                                      200     0(0.00%) |   1235     590    2562   1000 |    0.00        0.00
POST     /auth/update-profile [rapid changes]                                            1010     0(0.00%) |    401     287    2231    310 |    4.70        0.00
POST     /payment/create-order-marks [spam]                                              1603     0(0.00%) |   1385    1109    3133   1200 |    4.30        0.00
POST     /predict/colleges [during marks churn]                                           541     0(0.00%) |    314     268    1663    290 |    1.40        0.00
POST     /predict/colleges [near-identical marks]                                        2370     0(0.00%) |    316     270    3014    290 |    8.50        0.00
POST     /predict/colleges [same marks cluster]                                          9747     0(0.00%) |    321     267    3751    290 |   33.00        0.00
POST     /predict/combo [200+ choices]                                                   2669     0(0.00%) |    316     269    2624    290 |    8.40        0.00
--------|----------------------------------------------------------------------------|-------|-------------|-------|-------|-------|-------|--------|-----------
         Aggregated                                                                     18140     0(0.00%) |    428     267    3751    290 |   60.30        0.00

Type     Name                                                                          # reqs      # fails |    Avg     Min     Max    Med |   req/s  failures/s
--------|----------------------------------------------------------------------------|-------|-------------|-------|-------|-------|-------|--------|-----------
POST     /auth/login                                                                      200     0(0.00%) |   1235     590    2562   1000 |    0.00        0.00
POST     /auth/update-profile [rapid changes]                                            1017     0(0.00%) |    401     287    2231    310 |    4.30        0.00
POST     /payment/create-order-marks [spam]                                              1615     0(0.00%) |   1385    1109    3133   1200 |    4.90        0.00
POST     /predict/colleges [during marks churn]                                           545     0(0.00%) |    313     268    1663    290 |    1.60        0.00
POST     /predict/colleges [near-identical marks]                                        2386     0(0.00%) |    316     270    3014    290 |    8.30        0.00
POST     /predict/colleges [same marks cluster]                                          9809     0(0.00%) |    321     267    3751    290 |   31.50        0.00
POST     /predict/combo [200+ choices]                                                   2686     0(0.00%) |    316     269    2624    290 |    8.50        0.00
--------|----------------------------------------------------------------------------|-------|-------------|-------|-------|-------|-------|--------|-----------
         Aggregated                                                                     18258     0(0.00%) |    428     267    3751    290 |   59.10        0.00

Type     Name                                                                          # reqs      # fails |    Avg     Min     Max    Med |   req/s  failures/s
--------|----------------------------------------------------------------------------|-------|-------------|-------|-------|-------|-------|--------|-----------
POST     /auth/login                                                                      200     0(0.00%) |   1235     590    2562   1000 |    0.00        0.00
POST     /auth/update-profile [rapid changes]                                            1021     0(0.00%) |    400     287    2231    310 |    3.50        0.00
POST     /payment/create-order-marks [spam]                                              1624     0(0.00%) |   1385    1109    3133   1200 |    4.90        0.00
POST     /predict/colleges [during marks churn]                                           551     0(0.00%) |    313     268    1663    290 |    1.70        0.00
POST     /predict/colleges [near-identical marks]                                        2405     0(0.00%) |    315     270    3014    290 |    8.10        0.00
POST     /predict/colleges [same marks cluster]                                          9872     0(0.00%) |    321     267    3751    290 |   31.90        0.00
POST     /predict/combo [200+ choices]                                                   2710     0(0.00%) |    316     269    2624    290 |    8.80        0.00
--------|----------------------------------------------------------------------------|-------|-------------|-------|-------|-------|-------|--------|-----------
         Aggregated                                                                     18383     0(0.00%) |    428     267    3751    290 |   58.90        0.00

Type     Name                                                                          # reqs      # fails |    Avg     Min     Max    Med |   req/s  failures/s
--------|----------------------------------------------------------------------------|-------|-------------|-------|-------|-------|-------|--------|-----------
POST     /auth/login                                                                      200     0(0.00%) |   1235     590    2562   1000 |    0.00        0.00
POST     /auth/update-profile [rapid changes]                                            1027     0(0.00%) |    400     287    2231    310 |    3.30        0.00
POST     /payment/create-order-marks [spam]                                              1637     0(0.00%) |   1384    1109    3133   1200 |    5.40        0.00
POST     /predict/colleges [during marks churn]                                           554     0(0.00%) |    313     268    1663    290 |    2.10        0.00
POST     /predict/colleges [near-identical marks]                                        2428     0(0.00%) |    315     270    3014    290 |    8.60        0.00
POST     /predict/colleges [same marks cluster]                                          9936     0(0.00%) |    321     267    3751    290 |   31.80        0.00
POST     /predict/combo [200+ choices]                                                   2725     0(0.00%) |    316     269    2624    290 |    8.80        0.00
--------|----------------------------------------------------------------------------|-------|-------------|-------|-------|-------|-------|--------|-----------
         Aggregated                                                                     18507     0(0.00%) |    427     267    3751    290 |   60.00        0.00

Type     Name                                                                          # reqs      # fails |    Avg     Min     Max    Med |   req/s  failures/s
--------|----------------------------------------------------------------------------|-------|-------------|-------|-------|-------|-------|--------|-----------
POST     /auth/login                                                                      200     0(0.00%) |   1235     590    2562   1000 |    0.00        0.00
POST     /auth/update-profile [rapid changes]                                            1037     0(0.00%) |    401     287    2231    310 |    3.10        0.00
POST     /payment/create-order-marks [spam]                                              1645     0(0.00%) |   1384    1109    3133   1200 |    5.60        0.00
POST     /predict/colleges [during marks churn]                                           559     0(0.00%) |    313     268    1663    290 |    1.90        0.00
POST     /predict/colleges [near-identical marks]                                        2437     0(0.00%) |    315     270    3014    290 |    9.10        0.00
POST     /predict/colleges [same marks cluster]                                         10006     0(0.00%) |    320     267    3751    290 |   31.10        0.00
POST     /predict/combo [200+ choices]                                                   2738     0(0.00%) |    316     269    2624    290 |    9.30        0.00
--------|----------------------------------------------------------------------------|-------|-------------|-------|-------|-------|-------|--------|-----------
         Aggregated                                                                     18622     0(0.00%) |    427     267    3751    290 |   60.10        0.00

Type     Name                                                                          # reqs      # fails |    Avg     Min     Max    Med |   req/s  failures/s
--------|----------------------------------------------------------------------------|-------|-------------|-------|-------|-------|-------|--------|-----------
POST     /auth/login                                                                      200     0(0.00%) |   1235     590    2562   1000 |    0.00        0.00
POST     /auth/update-profile [rapid changes]                                            1042     0(0.00%) |    400     287    2231    310 |    3.00        0.00
POST     /payment/create-order-marks [spam]                                              1656     0(0.00%) |   1383    1109    3133   1200 |    5.60        0.00
POST     /predict/colleges [during marks churn]                                           561     0(0.00%) |    313     268    1663    290 |    2.10        0.00
POST     /predict/colleges [near-identical marks]                                        2450     0(0.00%) |    315     270    3014    290 |    8.30        0.00
POST     /predict/colleges [same marks cluster]                                         10073     0(0.00%) |    320     267    3751    290 |   31.70        0.00
POST     /predict/combo [200+ choices]                                                   2759     0(0.00%) |    316     269    2624    290 |    8.40        0.00
--------|----------------------------------------------------------------------------|-------|-------------|-------|-------|-------|-------|--------|-----------
         Aggregated                                                                     18741     0(0.00%) |    427     267    3751    290 |   59.10        0.00

Type     Name                                                                          # reqs      # fails |    Avg     Min     Max    Med |   req/s  failures/s
--------|----------------------------------------------------------------------------|-------|-------------|-------|-------|-------|-------|--------|-----------
POST     /auth/login                                                                      200     0(0.00%) |   1235     590    2562   1000 |    0.00        0.00
POST     /auth/update-profile [rapid changes]                                            1050     0(0.00%) |    400     287    2231    310 |    3.20        0.00
POST     /payment/create-order-marks [spam]                                              1666     0(0.00%) |   1384    1109    3133   1200 |    5.30        0.00
POST     /predict/colleges [during marks churn]                                           563     0(0.00%) |    313     268    1663    290 |    1.90        0.00
POST     /predict/colleges [near-identical marks]                                        2461     0(0.00%) |    315     270    3014    290 |    8.00        0.00
POST     /predict/colleges [same marks cluster]                                         10139     0(0.00%) |    320     267    3751    290 |   33.30        0.00
POST     /predict/combo [200+ choices]                                                   2776     0(0.00%) |    316     269    2624    290 |    8.90        0.00
--------|----------------------------------------------------------------------------|-------|-------------|-------|-------|-------|-------|--------|-----------
         Aggregated                                                                     18855     0(0.00%) |    427     267    3751    290 |   60.60        0.00

Type     Name                                                                          # reqs      # fails |    Avg     Min     Max    Med |   req/s  failures/s
--------|----------------------------------------------------------------------------|-------|-------------|-------|-------|-------|-------|--------|-----------
POST     /auth/login                                                                      200     0(0.00%) |   1235     590    2562   1000 |    0.00        0.00
POST     /auth/update-profile [rapid changes]                                            1056     0(0.00%) |    399     287    2231    310 |    3.50        0.00
POST     /payment/create-order-marks [spam]                                              1678     0(0.00%) |   1384    1109    3133   1200 |    5.20        0.00
POST     /predict/colleges [during marks churn]                                           565     0(0.00%) |    313     268    1663    290 |    1.70        0.00
POST     /predict/colleges [near-identical marks]                                        2473     0(0.00%) |    315     270    3014    290 |    7.70        0.00
POST     /predict/colleges [same marks cluster]                                         10203     0(0.00%) |    320     267    3751    290 |   32.80        0.00
POST     /predict/combo [200+ choices]                                                   2787     0(0.00%) |    316     269    2624    290 |    9.10        0.00
--------|----------------------------------------------------------------------------|-------|-------------|-------|-------|-------|-------|--------|-----------
         Aggregated                                                                     18962     0(0.00%) |    427     267    3751    290 |   60.00        0.00

Type     Name                                                                          # reqs      # fails |    Avg     Min     Max    Med |   req/s  failures/s
--------|----------------------------------------------------------------------------|-------|-------------|-------|-------|-------|-------|--------|-----------
POST     /auth/login                                                                      200     0(0.00%) |   1235     590    2562   1000 |    0.00        0.00
POST     /auth/update-profile [rapid changes]                                            1059     0(0.00%) |    399     287    2231    310 |    3.60        0.00
POST     /payment/create-order-marks [spam]                                              1690     0(0.00%) |   1384    1109    3133   1200 |    5.30        0.00
POST     /predict/colleges [during marks churn]                                           570     0(0.00%) |    313     268    1663    290 |    1.50        0.00
POST     /predict/colleges [near-identical marks]                                        2488     0(0.00%) |    315     270    3014    290 |    6.80        0.00
POST     /predict/colleges [same marks cluster]                                         10273     0(0.00%) |    320     267    3751    290 |   32.70        0.00
POST     /predict/combo [200+ choices]                                                   2809     0(0.00%) |    315     269    2624    290 |    8.00        0.00
--------|----------------------------------------------------------------------------|-------|-------------|-------|-------|-------|-------|--------|-----------
         Aggregated                                                                     19089     0(0.00%) |    426     267    3751    290 |   57.90        0.00

Type     Name                                                                          # reqs      # fails |    Avg     Min     Max    Med |   req/s  failures/s
--------|----------------------------------------------------------------------------|-------|-------------|-------|-------|-------|-------|--------|-----------
POST     /auth/login                                                                      200     0(0.00%) |   1235     590    2562   1000 |    0.00        0.00
POST     /auth/update-profile [rapid changes]                                            1067     0(0.00%) |    399     287    2231    310 |    3.20        0.00
POST     /payment/create-order-marks [spam]                                              1703     0(0.00%) |   1385    1109    3133   1200 |    5.40        0.00
POST     /predict/colleges [during marks churn]                                           572     0(0.00%) |    312     268    1663    290 |    1.60        0.00
POST     /predict/colleges [near-identical marks]                                        2503     0(0.00%) |    315     270    3014    290 |    6.20        0.00
POST     /predict/colleges [same marks cluster]                                         10340     0(0.00%) |    320     267    3751    290 |   34.20        0.00
POST     /predict/combo [200+ choices]                                                   2828     0(0.00%) |    315     269    2624    290 |    8.10        0.00
--------|----------------------------------------------------------------------------|-------|-------------|-------|-------|-------|-------|--------|-----------
         Aggregated                                                                     19213     0(0.00%) |    426     267    3751    290 |   58.70        0.00

Type     Name                                                                          # reqs      # fails |    Avg     Min     Max    Med |   req/s  failures/s
--------|----------------------------------------------------------------------------|-------|-------------|-------|-------|-------|-------|--------|-----------
POST     /auth/login                                                                      200     0(0.00%) |   1235     590    2562   1000 |    0.00        0.00
POST     /auth/update-profile [rapid changes]                                            1073     0(0.00%) |    399     287    2231    310 |    3.00        0.00
POST     /payment/create-order-marks [spam]                                              1710     0(0.00%) |   1385    1109    3133   1200 |    5.70        0.00
POST     /predict/colleges [during marks churn]                                           574     0(0.00%) |    312     268    1663    290 |    1.40        0.00
POST     /predict/colleges [near-identical marks]                                        2514     0(0.00%) |    315     270    3014    290 |    6.20        0.00
POST     /predict/colleges [same marks cluster]                                         10409     0(0.00%) |    319     267    3751    290 |   33.20        0.00
POST     /predict/combo [200+ choices]                                                   2845     0(0.00%) |    315     269    2624    290 |    9.00        0.00
--------|----------------------------------------------------------------------------|-------|-------------|-------|-------|-------|-------|--------|-----------
         Aggregated                                                                     19325     0(0.00%) |    426     267    3751    290 |   58.50        0.00

Type     Name                                                                          # reqs      # fails |    Avg     Min     Max    Med |   req/s  failures/s
--------|----------------------------------------------------------------------------|-------|-------------|-------|-------|-------|-------|--------|-----------
POST     /auth/login                                                                      200     0(0.00%) |   1235     590    2562   1000 |    0.00        0.00
POST     /auth/update-profile [rapid changes]                                            1078     0(0.00%) |    399     287    2231    310 |    3.00        0.00
POST     /payment/create-order-marks [spam]                                              1724     0(0.00%) |   1385    1109    3133   1200 |    5.40        0.00
POST     /predict/colleges [during marks churn]                                           575     0(0.00%) |    312     268    1663    290 |    1.40        0.00
POST     /predict/colleges [near-identical marks]                                        2530     0(0.00%) |    314     270    3014    290 |    6.40        0.00
POST     /predict/colleges [same marks cluster]                                         10473     0(0.00%) |    319     267    3751    290 |   32.60        0.00
POST     /predict/combo [200+ choices]                                                   2857     0(0.00%) |    315     269    2624    290 |    8.50        0.00
--------|----------------------------------------------------------------------------|-------|-------------|-------|-------|-------|-------|--------|-----------
         Aggregated                                                                     19437     0(0.00%) |    426     267    3751    290 |   57.30        0.00

Type     Name                                                                          # reqs      # fails |    Avg     Min     Max    Med |   req/s  failures/s
--------|----------------------------------------------------------------------------|-------|-------------|-------|-------|-------|-------|--------|-----------
POST     /auth/login                                                                      200     0(0.00%) |   1235     590    2562   1000 |    0.00        0.00
POST     /auth/update-profile [rapid changes]                                            1085     0(0.00%) |    400     287    2231    310 |    2.60        0.00
POST     /payment/create-order-marks [spam]                                              1733     0(0.00%) |   1385    1109    3133   1200 |    5.70        0.00
POST     /predict/colleges [during marks churn]                                           576     0(0.00%) |    312     268    1663    290 |    1.20        0.00
POST     /predict/colleges [near-identical marks]                                        2547     0(0.00%) |    314     270    3014    290 |    6.60        0.00
POST     /predict/colleges [same marks cluster]                                         10537     0(0.00%) |    319     267    3751    290 |   34.00        0.00
POST     /predict/combo [200+ choices]                                                   2876     0(0.00%) |    315     269    2624    290 |    8.20        0.00
--------|----------------------------------------------------------------------------|-------|-------------|-------|-------|-------|-------|--------|-----------
         Aggregated                                                                     19554     0(0.00%) |    426     267    3751    290 |   58.30        0.00

Type     Name                                                                          # reqs      # fails |    Avg     Min     Max    Med |   req/s  failures/s
--------|----------------------------------------------------------------------------|-------|-------------|-------|-------|-------|-------|--------|-----------
POST     /auth/login                                                                      200     0(0.00%) |   1235     590    2562   1000 |    0.00        0.00
POST     /auth/update-profile [rapid changes]                                            1092     0(0.00%) |    400     287    2231    310 |    2.80        0.00
POST     /payment/create-order-marks [spam]                                              1745     0(0.00%) |   1384    1109    3133   1200 |    5.70        0.00
POST     /predict/colleges [during marks churn]                                           578     0(0.00%) |    312     268    1663    290 |    1.10        0.00
POST     /predict/colleges [near-identical marks]                                        2564     0(0.00%) |    314     270    3014    290 |    6.90        0.00
POST     /predict/colleges [same marks cluster]                                         10593     0(0.00%) |    319     267    3751    290 |   33.70        0.00
POST     /predict/combo [200+ choices]                                                   2891     0(0.00%) |    315     269    2624    290 |    8.90        0.00
--------|----------------------------------------------------------------------------|-------|-------------|-------|-------|-------|-------|--------|-----------
         Aggregated                                                                     19663     0(0.00%) |    426     267    3751    290 |   59.10        0.00

Type     Name                                                                          # reqs      # fails |    Avg     Min     Max    Med |   req/s  failures/s
--------|----------------------------------------------------------------------------|-------|-------------|-------|-------|-------|-------|--------|-----------
POST     /auth/login                                                                      200     0(0.00%) |   1235     590    2562   1000 |    0.00        0.00
POST     /auth/update-profile [rapid changes]                                            1099     0(0.00%) |    399     287    2231    310 |    3.20        0.00
POST     /payment/create-order-marks [spam]                                              1755     0(0.00%) |   1384    1109    3133   1200 |    5.40        0.00
POST     /predict/colleges [during marks churn]                                           581     0(0.00%) |    312     268    1663    290 |    0.80        0.00
POST     /predict/colleges [near-identical marks]                                        2586     0(0.00%) |    314     270    3014    290 |    7.40        0.00
POST     /predict/colleges [same marks cluster]                                         10657     0(0.00%) |    319     267    3751    290 |   31.30        0.00
POST     /predict/combo [200+ choices]                                                   2908     0(0.00%) |    315     269    2624    290 |    8.30        0.00
--------|----------------------------------------------------------------------------|-------|-------------|-------|-------|-------|-------|--------|-----------
         Aggregated                                                                     19786     0(0.00%) |    426     267    3751    290 |   56.40        0.00

Type     Name                                                                          # reqs      # fails |    Avg     Min     Max    Med |   req/s  failures/s
--------|----------------------------------------------------------------------------|-------|-------------|-------|-------|-------|-------|--------|-----------
POST     /auth/login                                                                      200     0(0.00%) |   1235     590    2562   1000 |    0.00        0.00
POST     /auth/update-profile [rapid changes]                                            1101     0(0.00%) |    400     287    2231    310 |    3.40        0.00
POST     /payment/create-order-marks [spam]                                              1772     0(0.00%) |   1384    1109    3133   1200 |    5.40        0.00
POST     /predict/colleges [during marks churn]                                           584     0(0.00%) |    312     268    1663    290 |    0.90        0.00
POST     /predict/colleges [near-identical marks]                                        2602     0(0.00%) |    314     270    3014    290 |    8.00        0.00
POST     /predict/colleges [same marks cluster]                                         10725     0(0.00%) |    319     267    3751    290 |   31.60        0.00
POST     /predict/combo [200+ choices]                                                   2930     0(0.00%) |    315     269    2624    290 |    8.10        0.00
--------|----------------------------------------------------------------------------|-------|-------------|-------|-------|-------|-------|--------|-----------
         Aggregated                                                                     19914     0(0.00%) |    426     267    3751    290 |   57.40        0.00

Type     Name                                                                          # reqs      # fails |    Avg     Min     Max    Med |   req/s  failures/s
--------|----------------------------------------------------------------------------|-------|-------------|-------|-------|-------|-------|--------|-----------
POST     /auth/login                                                                      200     0(0.00%) |   1235     590    2562   1000 |    0.00        0.00
POST     /auth/update-profile [rapid changes]                                            1104     0(0.00%) |    400     287    2231    310 |    2.90        0.00
POST     /payment/create-order-marks [spam]                                              1784     0(0.00%) |   1383    1109    3133   1200 |    6.10        0.00
POST     /predict/colleges [during marks churn]                                           588     0(0.00%) |    312     268    1663    290 |    0.90        0.00
POST     /predict/colleges [near-identical marks]                                        2616     0(0.00%) |    314     270    3014    290 |    8.70        0.00
POST     /predict/colleges [same marks cluster]                                         10785     0(0.00%) |    319     267    3751    290 |   32.30        0.00
POST     /predict/combo [200+ choices]                                                   2949     0(0.00%) |    315     269    2624    290 |    8.70        0.00
--------|----------------------------------------------------------------------------|-------|-------------|-------|-------|-------|-------|--------|-----------
         Aggregated                                                                     20026     0(0.00%) |    426     267    3751    290 |   59.60        0.00

Type     Name                                                                          # reqs      # fails |    Avg     Min     Max    Med |   req/s  failures/s
--------|----------------------------------------------------------------------------|-------|-------------|-------|-------|-------|-------|--------|-----------
POST     /auth/login                                                                      200     0(0.00%) |   1235     590    2562   1000 |    0.00        0.00
POST     /auth/update-profile [rapid changes]                                            1112     0(0.00%) |    401     287    2231    310 |    2.90        0.00
POST     /payment/create-order-marks [spam]                                              1791     0(0.00%) |   1384    1109    3133   1200 |    5.80        0.00
POST     /predict/colleges [during marks churn]                                           591     0(0.00%) |    312     268    1663    290 |    1.30        0.00
POST     /predict/colleges [near-identical marks]                                        2636     0(0.00%) |    314     270    3014    290 |    8.90        0.00
POST     /predict/colleges [same marks cluster]                                         10841     0(0.00%) |    319     267    3751    290 |   31.20        0.00
POST     /predict/combo [200+ choices]                                                   2963     0(0.00%) |    315     269    2624    290 |    8.90        0.00
--------|----------------------------------------------------------------------------|-------|-------------|-------|-------|-------|-------|--------|-----------
         Aggregated                                                                     20134     0(0.00%) |    426     267    3751    290 |   59.00        0.00

Type     Name                                                                          # reqs      # fails |    Avg     Min     Max    Med |   req/s  failures/s
--------|----------------------------------------------------------------------------|-------|-------------|-------|-------|-------|-------|--------|-----------
POST     /auth/login                                                                      200     0(0.00%) |   1235     590    2562   1000 |    0.00        0.00
POST     /auth/update-profile [rapid changes]                                            1118     0(0.00%) |    401     287    2231    310 |    2.60        0.00
POST     /payment/create-order-marks [spam]                                              1802     0(0.00%) |   1384    1109    3133   1200 |    5.70        0.00
POST     /predict/colleges [during marks churn]                                           593     0(0.00%) |    312     268    1663    290 |    1.50        0.00
POST     /predict/colleges [near-identical marks]                                        2652     0(0.00%) |    314     270    3014    290 |    9.20        0.00
POST     /predict/colleges [same marks cluster]                                         10911     0(0.00%) |    319     267    3751    290 |   30.40        0.00
POST     /predict/combo [200+ choices]                                                   2987     0(0.00%) |    314     269    2624    290 |    8.60        0.00
--------|----------------------------------------------------------------------------|-------|-------------|-------|-------|-------|-------|--------|-----------
         Aggregated                                                                     20263     0(0.00%) |    425     267    3751    290 |   58.00        0.00

Type     Name                                                                          # reqs      # fails |    Avg     Min     Max    Med |   req/s  failures/s
--------|----------------------------------------------------------------------------|-------|-------------|-------|-------|-------|-------|--------|-----------
POST     /auth/login                                                                      200     0(0.00%) |   1235     590    2562   1000 |    0.00        0.00
POST     /auth/update-profile [rapid changes]                                            1123     0(0.00%) |    401     287    2231    310 |    2.50        0.00
POST     /payment/create-order-marks [spam]                                              1816     0(0.00%) |   1385    1109    3133   1200 |    5.80        0.00
POST     /predict/colleges [during marks churn]                                           594     0(0.00%) |    312     268    1663    290 |    1.50        0.00
POST     /predict/colleges [near-identical marks]                                        2672     0(0.00%) |    314     270    3014    290 |    8.90        0.00
POST     /predict/colleges [same marks cluster]                                         10971     0(0.00%) |    319     267    3751    290 |   31.80        0.00
POST     /predict/combo [200+ choices]                                                   2999     0(0.00%) |    314     269    2624    290 |    9.40        0.00
--------|----------------------------------------------------------------------------|-------|-------------|-------|-------|-------|-------|--------|-----------
         Aggregated                                                                     20375     0(0.00%) |    426     267    3751    290 |   59.90        0.00

Type     Name                                                                          # reqs      # fails |    Avg     Min     Max    Med |   req/s  failures/s
--------|----------------------------------------------------------------------------|-------|-------------|-------|-------|-------|-------|--------|-----------
POST     /auth/login                                                                      200     0(0.00%) |   1235     590    2562   1000 |    0.00        0.00
POST     /auth/update-profile [rapid changes]                                            1127     0(0.00%) |    401     287    2231    310 |    2.40        0.00
POST     /payment/create-order-marks [spam]                                              1828     0(0.00%) |   1385    1109    3133   1200 |    5.80        0.00
POST     /predict/colleges [during marks churn]                                           597     0(0.00%) |    312     268    1663    290 |    1.20        0.00
POST     /predict/colleges [near-identical marks]                                        2694     0(0.00%) |    314     270    3014    290 |    9.10        0.00
POST     /predict/colleges [same marks cluster]                                         11036     0(0.00%) |    319     267    3751    290 |   31.00        0.00
POST     /predict/combo [200+ choices]                                                   3016     0(0.00%) |    315     269    2624    290 |    9.00        0.00
--------|----------------------------------------------------------------------------|-------|-------------|-------|-------|-------|-------|--------|-----------
         Aggregated                                                                     20498     0(0.00%) |    426     267    3751    290 |   58.50        0.00

Type     Name                                                                          # reqs      # fails |    Avg     Min     Max    Med |   req/s  failures/s
--------|----------------------------------------------------------------------------|-------|-------------|-------|-------|-------|-------|--------|-----------
POST     /auth/login                                                                      200     0(0.00%) |   1235     590    2562   1000 |    0.00        0.00
POST     /auth/update-profile [rapid changes]                                            1134     0(0.00%) |    401     287    2231    310 |    2.50        0.00
POST     /payment/create-order-marks [spam]                                              1834     0(0.00%) |   1386    1109    3133   1200 |    5.50        0.00
POST     /predict/colleges [during marks churn]                                           606     0(0.00%) |    312     268    1663    290 |    1.40        0.00
POST     /predict/colleges [near-identical marks]                                        2702     0(0.00%) |    314     270    3014    290 |    8.60        0.00
POST     /predict/colleges [same marks cluster]                                         11103     0(0.00%) |    319     267    3751    290 |   30.10        0.00
POST     /predict/combo [200+ choices]                                                   3034     0(0.00%) |    314     269    2624    290 |    8.30        0.00
--------|----------------------------------------------------------------------------|-------|-------------|-------|-------|-------|-------|--------|-----------
         Aggregated                                                                     20613     0(0.00%) |    426     267    3751    290 |   56.40        0.00

Type     Name                                                                          # reqs      # fails |    Avg     Min     Max    Med |   req/s  failures/s
--------|----------------------------------------------------------------------------|-------|-------------|-------|-------|-------|-------|--------|-----------
POST     /auth/login                                                                      200     0(0.00%) |   1235     590    2562   1000 |    0.00        0.00
POST     /auth/update-profile [rapid changes]                                            1139     0(0.00%) |    401     287    2231    310 |    2.90        0.00
POST     /payment/create-order-marks [spam]                                              1845     0(0.00%) |   1386    1109    3133   1200 |    5.20        0.00
POST     /predict/colleges [during marks churn]                                           610     0(0.00%) |    312     268    1663    290 |    1.80        0.00
POST     /predict/colleges [near-identical marks]                                        2721     0(0.00%) |    314     270    3014    290 |    8.20        0.00
POST     /predict/colleges [same marks cluster]                                         11167     0(0.00%) |    319     267    3751    290 |   30.20        0.00
POST     /predict/combo [200+ choices]                                                   3058     0(0.00%) |    314     269    2624    290 |    8.20        0.00
--------|----------------------------------------------------------------------------|-------|-------------|-------|-------|-------|-------|--------|-----------
         Aggregated                                                                     20740     0(0.00%) |    426     267    3751    290 |   56.50        0.00

Type     Name                                                                          # reqs      # fails |    Avg     Min     Max    Med |   req/s  failures/s
--------|----------------------------------------------------------------------------|-------|-------------|-------|-------|-------|-------|--------|-----------
POST     /auth/login                                                                      200     0(0.00%) |   1235     590    2562   1000 |    0.00        0.00
POST     /auth/update-profile [rapid changes]                                            1143     0(0.00%) |    401     287    2231    310 |    2.90        0.00
POST     /payment/create-order-marks [spam]                                              1856     0(0.00%) |   1386    1109    3133   1200 |    5.20        0.00
POST     /predict/colleges [during marks churn]                                           616     0(0.00%) |    312     268    1663    290 |    1.60        0.00
POST     /predict/colleges [near-identical marks]                                        2735     0(0.00%) |    314     270    3014    290 |    8.00        0.00
POST     /predict/colleges [same marks cluster]                                         11227     0(0.00%) |    319     267    3751    290 |   30.90        0.00
POST     /predict/combo [200+ choices]                                                   3069     0(0.00%) |    314     269    2624    290 |    9.10        0.00
--------|----------------------------------------------------------------------------|-------|-------------|-------|-------|-------|-------|--------|-----------
         Aggregated                                                                     20846     0(0.00%) |    426     267    3751    290 |   57.70        0.00

Type     Name                                                                          # reqs      # fails |    Avg     Min     Max    Med |   req/s  failures/s
--------|----------------------------------------------------------------------------|-------|-------------|-------|-------|-------|-------|--------|-----------
POST     /auth/login                                                                      200     0(0.00%) |   1235     590    2562   1000 |    0.00        0.00
POST     /auth/update-profile [rapid changes]                                            1152     0(0.00%) |    401     287    2231    310 |    2.50        0.00
POST     /payment/create-order-marks [spam]                                              1864     0(0.00%) |   1387    1109    3133   1200 |    5.10        0.00
POST     /predict/colleges [during marks churn]                                           620     0(0.00%) |    312     268    1663    290 |    2.10        0.00
POST     /predict/colleges [near-identical marks]                                        2750     0(0.00%) |    314     270    3014    290 |    7.90        0.00
POST     /predict/colleges [same marks cluster]                                         11290     0(0.00%) |    319     267    3751    290 |   30.80        0.00
POST     /predict/combo [200+ choices]                                                   3083     0(0.00%) |    314     269    2624    290 |    8.40        0.00
--------|----------------------------------------------------------------------------|-------|-------------|-------|-------|-------|-------|--------|-----------
         Aggregated                                                                     20959     0(0.00%) |    425     267    3751    290 |   56.80        0.00

Type     Name                                                                          # reqs      # fails |    Avg     Min     Max    Med |   req/s  failures/s
--------|----------------------------------------------------------------------------|-------|-------------|-------|-------|-------|-------|--------|-----------
POST     /auth/login                                                                      200     0(0.00%) |   1235     590    2562   1000 |    0.00        0.00
POST     /auth/update-profile [rapid changes]                                            1159     0(0.00%) |    401     287    2231    310 |    2.60        0.00
POST     /payment/create-order-marks [spam]                                              1875     0(0.00%) |   1387    1109    3133   1200 |    5.00        0.00
POST     /predict/colleges [during marks churn]                                           622     0(0.00%) |    312     268    1663    290 |    2.60        0.00
POST     /predict/colleges [near-identical marks]                                        2762     0(0.00%) |    314     270    3014    290 |    7.50        0.00
POST     /predict/colleges [same marks cluster]                                         11358     0(0.00%) |    319     267    3751    290 |   31.10        0.00
POST     /predict/combo [200+ choices]                                                   3108     0(0.00%) |    314     269    2624    290 |    8.50        0.00
--------|----------------------------------------------------------------------------|-------|-------------|-------|-------|-------|-------|--------|-----------
         Aggregated                                                                     21084     0(0.00%) |    425     267    3751    290 |   57.30        0.00

Type     Name                                                                          # reqs      # fails |    Avg     Min     Max    Med |   req/s  failures/s
--------|----------------------------------------------------------------------------|-------|-------------|-------|-------|-------|-------|--------|-----------
POST     /auth/login                                                                      200     0(0.00%) |   1235     590    2562   1000 |    0.00        0.00
POST     /auth/update-profile [rapid changes]                                            1164     0(0.00%) |    401     287    2231    310 |    3.10        0.00
POST     /payment/create-order-marks [spam]                                              1885     0(0.00%) |   1387    1109    3133   1200 |    4.60        0.00
POST     /predict/colleges [during marks churn]                                           625     0(0.00%) |    312     268    1663    290 |    2.40        0.00
POST     /predict/colleges [near-identical marks]                                        2777     0(0.00%) |    314     270    3014    290 |    7.00        0.00
POST     /predict/colleges [same marks cluster]                                         11422     0(0.00%) |    319     267    3751    290 |   32.50        0.00
POST     /predict/combo [200+ choices]                                                   3125     0(0.00%) |    314     269    2624    290 |    8.80        0.00
--------|----------------------------------------------------------------------------|-------|-------------|-------|-------|-------|-------|--------|-----------
         Aggregated                                                                     21198     0(0.00%) |    425     267    3751    290 |   58.40        0.00

Type     Name                                                                          # reqs      # fails |    Avg     Min     Max    Med |   req/s  failures/s
--------|----------------------------------------------------------------------------|-------|-------------|-------|-------|-------|-------|--------|-----------
POST     /auth/login                                                                      200     0(0.00%) |   1235     590    2562   1000 |    0.00        0.00
POST     /auth/update-profile [rapid changes]                                            1172     0(0.00%) |    401     287    2231    310 |    2.90        0.00
POST     /payment/create-order-marks [spam]                                              1897     0(0.00%) |   1387    1109    3133   1200 |    4.90        0.00
POST     /predict/colleges [during marks churn]                                           628     0(0.00%) |    312     268    1663    290 |    1.80        0.00
POST     /predict/colleges [near-identical marks]                                        2789     0(0.00%) |    314     270    3014    290 |    7.50        0.00
POST     /predict/colleges [same marks cluster]                                         11482     0(0.00%) |    318     267    3751    290 |   31.90        0.00
POST     /predict/combo [200+ choices]                                                   3143     0(0.00%) |    314     269    2624    290 |    9.50        0.00
--------|----------------------------------------------------------------------------|-------|-------------|-------|-------|-------|-------|--------|-----------
         Aggregated                                                                     21311     0(0.00%) |    425     267    3751    290 |   58.50        0.00

Type     Name                                                                          # reqs      # fails |    Avg     Min     Max    Med |   req/s  failures/s
--------|----------------------------------------------------------------------------|-------|-------------|-------|-------|-------|-------|--------|-----------
POST     /auth/login                                                                      200     0(0.00%) |   1235     590    2562   1000 |    0.00        0.00
POST     /auth/update-profile [rapid changes]                                            1181     0(0.00%) |    401     287    2231    310 |    3.20        0.00
POST     /payment/create-order-marks [spam]                                              1905     0(0.00%) |   1388    1109    3133   1200 |    5.10        0.00
POST     /predict/colleges [during marks churn]                                           630     0(0.00%) |    311     268    1663    290 |    1.90        0.00
POST     /predict/colleges [near-identical marks]                                        2802     0(0.00%) |    314     270    3014    290 |    7.20        0.00
POST     /predict/colleges [same marks cluster]                                         11549     0(0.00%) |    318     267    3751    290 |   32.30        0.00
POST     /predict/combo [200+ choices]                                                   3157     0(0.00%) |    314     269    2624    290 |    8.60        0.00
--------|----------------------------------------------------------------------------|-------|-------------|-------|-------|-------|-------|--------|-----------
         Aggregated                                                                     21424     0(0.00%) |    425     267    3751    290 |   58.30        0.00

Type     Name                                                                          # reqs      # fails |    Avg     Min     Max    Med |   req/s  failures/s
--------|----------------------------------------------------------------------------|-------|-------------|-------|-------|-------|-------|--------|-----------
POST     /auth/login                                                                      200     0(0.00%) |   1235     590    2562   1000 |    0.00        0.00
POST     /auth/update-profile [rapid changes]                                            1186     0(0.00%) |    401     287    2231    310 |    3.70        0.00
POST     /payment/create-order-marks [spam]                                              1915     0(0.00%) |   1389    1109    3133   1200 |    5.20        0.00
POST     /predict/colleges [during marks churn]                                           635     0(0.00%) |    311     268    1663    290 |    1.60        0.00
POST     /predict/colleges [near-identical marks]                                        2813     0(0.00%) |    314     270    3014    290 |    6.70        0.00
POST     /predict/colleges [same marks cluster]                                         11622     0(0.00%) |    318     267    3751    290 |   32.00        0.00
POST     /predict/combo [200+ choices]                                                   3176     0(0.00%) |    314     269    2624    290 |    8.20        0.00
--------|----------------------------------------------------------------------------|-------|-------------|-------|-------|-------|-------|--------|-----------
         Aggregated                                                                     21547     0(0.00%) |    425     267    3751    290 |   57.40        0.00

Type     Name                                                                          # reqs      # fails |    Avg     Min     Max    Med |   req/s  failures/s
--------|----------------------------------------------------------------------------|-------|-------------|-------|-------|-------|-------|--------|-----------
POST     /auth/login                                                                      200     0(0.00%) |   1235     590    2562   1000 |    0.00        0.00
POST     /auth/update-profile [rapid changes]                                            1195     0(0.00%) |    402     287    2231    310 |    3.60        0.00
POST     /payment/create-order-marks [spam]                                              1926     0(0.00%) |   1389    1109    3133   1200 |    4.90        0.00
POST     /predict/colleges [during marks churn]                                           640     0(0.00%) |    312     268    1663    290 |    1.60        0.00
POST     /predict/colleges [near-identical marks]                                        2838     0(0.00%) |    314     270    3014    290 |    6.50        0.00
POST     /predict/colleges [same marks cluster]                                         11679     0(0.00%) |    318     267    3751    290 |   32.90        0.00
POST     /predict/combo [200+ choices]                                                   3194     0(0.00%) |    314     269    2624    290 |    8.80        0.00
--------|----------------------------------------------------------------------------|-------|-------------|-------|-------|-------|-------|--------|-----------
         Aggregated                                                                     21672     0(0.00%) |    425     267    3751    290 |   58.30        0.00

Type     Name                                                                          # reqs      # fails |    Avg     Min     Max    Med |   req/s  failures/s
--------|----------------------------------------------------------------------------|-------|-------------|-------|-------|-------|-------|--------|-----------
POST     /auth/login                                                                      200     0(0.00%) |   1235     590    2562   1000 |    0.00        0.00
POST     /auth/update-profile [rapid changes]                                            1201     0(0.00%) |    403     287    2231    310 |    3.30        0.00
POST     /payment/create-order-marks [spam]                                              1932     0(0.00%) |   1390    1109    3133   1200 |    5.40        0.00
POST     /predict/colleges [during marks churn]                                           642     0(0.00%) |    311     268    1663    290 |    1.80        0.00
POST     /predict/colleges [near-identical marks]                                        2848     0(0.00%) |    314     270    3014    290 |    7.70        0.00
POST     /predict/colleges [same marks cluster]                                         11747     0(0.00%) |    318     267    3751    290 |   31.30        0.00
POST     /predict/combo [200+ choices]                                                   3207     0(0.00%) |    314     269    2624    290 |    8.60        0.00
--------|----------------------------------------------------------------------------|-------|-------------|-------|-------|-------|-------|--------|-----------
         Aggregated                                                                     21777     0(0.00%) |    425     267    3751    290 |   58.10        0.00

Type     Name                                                                          # reqs      # fails |    Avg     Min     Max    Med |   req/s  failures/s
--------|----------------------------------------------------------------------------|-------|-------------|-------|-------|-------|-------|--------|-----------
POST     /auth/login                                                                      200     0(0.00%) |   1235     590    2562   1000 |    0.00        0.00
POST     /auth/update-profile [rapid changes]                                            1205     0(0.00%) |    403     287    2231    310 |    3.60        0.00
POST     /payment/create-order-marks [spam]                                              1949     0(0.00%) |   1390    1109    3133   1200 |    5.00        0.00
POST     /predict/colleges [during marks churn]                                           642     0(0.00%) |    311     268    1663    290 |    1.80        0.00
POST     /predict/colleges [near-identical marks]                                        2867     0(0.00%) |    314     270    3014    290 |    7.00        0.00
POST     /predict/colleges [same marks cluster]                                         11811     0(0.00%) |    318     267    3751    290 |   32.20        0.00
POST     /predict/combo [200+ choices]                                                   3223     0(0.00%) |    314     269    2624    290 |    8.10        0.00
--------|----------------------------------------------------------------------------|-------|-------------|-------|-------|-------|-------|--------|-----------
         Aggregated                                                                     21897     0(0.00%) |    425     267    3751    290 |   57.70        0.00

Type     Name                                                                          # reqs      # fails |    Avg     Min     Max    Med |   req/s  failures/s
--------|----------------------------------------------------------------------------|-------|-------------|-------|-------|-------|-------|--------|-----------
POST     /auth/login                                                                      200     0(0.00%) |   1235     590    2562   1000 |    0.00        0.00
POST     /auth/update-profile [rapid changes]                                            1212     0(0.00%) |    403     287    2231    310 |    3.20        0.00
POST     /payment/create-order-marks [spam]                                              1959     0(0.00%) |   1391    1109    3133   1200 |    5.20        0.00
POST     /predict/colleges [during marks churn]                                           645     0(0.00%) |    312     268    1663    290 |    1.60        0.00
POST     /predict/colleges [near-identical marks]                                        2884     0(0.00%) |    314     270    3014    290 |    7.20        0.00
POST     /predict/colleges [same marks cluster]                                         11871     0(0.00%) |    318     267    3751    290 |   31.60        0.00
POST     /predict/combo [200+ choices]                                                   3244     0(0.00%) |    314     269    2624    290 |    8.10        0.00
--------|----------------------------------------------------------------------------|-------|-------------|-------|-------|-------|-------|--------|-----------
         Aggregated                                                                     22015     0(0.00%) |    425     267    3751    290 |   56.90        0.00

Type     Name                                                                          # reqs      # fails |    Avg     Min     Max    Med |   req/s  failures/s
--------|----------------------------------------------------------------------------|-------|-------------|-------|-------|-------|-------|--------|-----------
POST     /auth/login                                                                      200     0(0.00%) |   1235     590    2562   1000 |    0.00        0.00
POST     /auth/update-profile [rapid changes]                                            1217     0(0.00%) |    404     287    2231    310 |    3.20        0.00
POST     /payment/create-order-marks [spam]                                              1970     0(0.00%) |   1391    1109    3133   1200 |    5.10        0.00
POST     /predict/colleges [during marks churn]                                           648     0(0.00%) |    311     268    1663    290 |    1.50        0.00
POST     /predict/colleges [near-identical marks]                                        2900     0(0.00%) |    314     270    3014    290 |    8.10        0.00
POST     /predict/colleges [same marks cluster]                                         11934     0(0.00%) |    318     267    3751    290 |   32.00        0.00
POST     /predict/combo [200+ choices]                                                   3260     0(0.00%) |    314     269    2624    290 |    8.70        0.00
--------|----------------------------------------------------------------------------|-------|-------------|-------|-------|-------|-------|--------|-----------
         Aggregated                                                                     22129     0(0.00%) |    425     267    3751    290 |   58.60        0.00

Type     Name                                                                          # reqs      # fails |    Avg     Min     Max    Med |   req/s  failures/s
--------|----------------------------------------------------------------------------|-------|-------------|-------|-------|-------|-------|--------|-----------
POST     /auth/login                                                                      200     0(0.00%) |   1235     590    2562   1000 |    0.00        0.00
POST     /auth/update-profile [rapid changes]                                            1223     0(0.00%) |    404     287    2231    310 |    3.20        0.00
POST     /payment/create-order-marks [spam]                                              1982     0(0.00%) |   1391    1109    3133   1200 |    5.50        0.00
POST     /predict/colleges [during marks churn]                                           650     0(0.00%) |    311     268    1663    290 |    1.10        0.00
POST     /predict/colleges [near-identical marks]                                        2915     0(0.00%) |    314     270    3014    290 |    8.30        0.00
POST     /predict/colleges [same marks cluster]                                         11995     0(0.00%) |    318     267    3751    290 |   31.60        0.00
POST     /predict/combo [200+ choices]                                                   3278     0(0.00%) |    314     269    2624    290 |    8.50        0.00
--------|----------------------------------------------------------------------------|-------|-------------|-------|-------|-------|-------|--------|-----------
         Aggregated                                                                     22243     0(0.00%) |    425     267    3751    290 |   58.20        0.00

Type     Name                                                                          # reqs      # fails |    Avg     Min     Max    Med |   req/s  failures/s
--------|----------------------------------------------------------------------------|-------|-------------|-------|-------|-------|-------|--------|-----------
POST     /auth/login                                                                      200     0(0.00%) |   1235     590    2562   1000 |    0.00        0.00
POST     /auth/update-profile [rapid changes]                                            1232     0(0.00%) |    405     287    2231    310 |    3.10        0.00
POST     /payment/create-order-marks [spam]                                              1989     0(0.00%) |   1392    1109    3133   1200 |    5.50        0.00
POST     /predict/colleges [during marks churn]                                           653     0(0.00%) |    311     268    1663    290 |    1.00        0.00
POST     /predict/colleges [near-identical marks]                                        2925     0(0.00%) |    314     270    3014    290 |    7.60        0.00
POST     /predict/colleges [same marks cluster]                                         12065     0(0.00%) |    318     267    3751    290 |   31.20        0.00
POST     /predict/combo [200+ choices]                                                   3295     0(0.00%) |    314     269    2624    290 |    8.30        0.00
--------|----------------------------------------------------------------------------|-------|-------------|-------|-------|-------|-------|--------|-----------
         Aggregated                                                                     22359     0(0.00%) |    425     267    3751    290 |   56.70        0.00

Type     Name                                                                          # reqs      # fails |    Avg     Min     Max    Med |   req/s  failures/s
--------|----------------------------------------------------------------------------|-------|-------------|-------|-------|-------|-------|--------|-----------
POST     /auth/login                                                                      200     0(0.00%) |   1235     590    2562   1000 |    0.00        0.00
POST     /auth/update-profile [rapid changes]                                            1238     0(0.00%) |    405     287    2231    310 |    3.20        0.00
POST     /payment/create-order-marks [spam]                                              2002     0(0.00%) |   1392    1109    3133   1200 |    5.60        0.00
POST     /predict/colleges [during marks churn]                                           655     0(0.00%) |    311     268    1663    290 |    1.20        0.00
POST     /predict/colleges [near-identical marks]                                        2946     0(0.00%) |    314     270    3014    290 |    8.10        0.00
POST     /predict/colleges [same marks cluster]                                         12131     0(0.00%) |    318     267    3751    290 |   31.50        0.00
POST     /predict/combo [200+ choices]                                                   3312     0(0.00%) |    314     269    2624    290 |    8.70        0.00
--------|----------------------------------------------------------------------------|-------|-------------|-------|-------|-------|-------|--------|-----------
         Aggregated                                                                     22484     0(0.00%) |    425     267    3751    290 |   58.30        0.00

Type     Name                                                                          # reqs      # fails |    Avg     Min     Max    Med |   req/s  failures/s
--------|----------------------------------------------------------------------------|-------|-------------|-------|-------|-------|-------|--------|-----------
POST     /auth/login                                                                      200     0(0.00%) |   1235     590    2562   1000 |    0.00        0.00
POST     /auth/update-profile [rapid changes]                                            1245     0(0.00%) |    405     287    2231    310 |    3.30        0.00
POST     /payment/create-order-marks [spam]                                              2009     0(0.00%) |   1392    1109    3133   1200 |    5.00        0.00
POST     /predict/colleges [during marks churn]                                           661     0(0.00%) |    311     268    1663    290 |    1.20        0.00
POST     /predict/colleges [near-identical marks]                                        2959     0(0.00%) |    314     270    3014    290 |    7.90        0.00
POST     /predict/colleges [same marks cluster]                                         12190     0(0.00%) |    318     267    3751    290 |   33.00        0.00
POST     /predict/combo [200+ choices]                                                   3330     0(0.00%) |    314     269    2624    290 |    8.70        0.00
--------|----------------------------------------------------------------------------|-------|-------------|-------|-------|-------|-------|--------|-----------
         Aggregated                                                                     22594     0(0.00%) |    425     267    3751    290 |   59.10        0.00

Type     Name                                                                          # reqs      # fails |    Avg     Min     Max    Med |   req/s  failures/s
--------|----------------------------------------------------------------------------|-------|-------------|-------|-------|-------|-------|--------|-----------
POST     /auth/login                                                                      200     0(0.00%) |   1235     590    2562   1000 |    0.00        0.00
POST     /auth/update-profile [rapid changes]                                            1251     0(0.00%) |    405     287    2231    310 |    3.20        0.00
POST     /payment/create-order-marks [spam]                                              2020     0(0.00%) |   1393    1109    3133   1200 |    5.20        0.00
POST     /predict/colleges [during marks churn]                                           664     0(0.00%) |    311     268    1663    290 |    1.50        0.00
POST     /predict/colleges [near-identical marks]                                        2975     0(0.00%) |    314     270    3014    290 |    8.00        0.00
POST     /predict/colleges [same marks cluster]                                         12259     0(0.00%) |    318     267    3751    290 |   31.30        0.00
POST     /predict/combo [200+ choices]                                                   3348     0(0.00%) |    314     269    2624    290 |    8.30        0.00
--------|----------------------------------------------------------------------------|-------|-------------|-------|-------|-------|-------|--------|-----------
         Aggregated                                                                     22717     0(0.00%) |    425     267    3751    290 |   57.50        0.00

Type     Name                                                                          # reqs      # fails |    Avg     Min     Max    Med |   req/s  failures/s
--------|----------------------------------------------------------------------------|-------|-------------|-------|-------|-------|-------|--------|-----------
POST     /auth/login                                                                      200     0(0.00%) |   1235     590    2562   1000 |    0.00        0.00
POST     /auth/update-profile [rapid changes]                                            1260     0(0.00%) |    406     287    2231    310 |    3.10        0.00
POST     /payment/create-order-marks [spam]                                              2030     0(0.00%) |   1393    1109    3133   1200 |    5.10        0.00
POST     /predict/colleges [during marks churn]                                           666     0(0.00%) |    311     268    1663    290 |    1.70        0.00
POST     /predict/colleges [near-identical marks]                                        2993     0(0.00%) |    314     270    3014    290 |    7.60        0.00
POST     /predict/colleges [same marks cluster]                                         12317     0(0.00%) |    318     267    3751    290 |   31.00        0.00
POST     /predict/combo [200+ choices]                                                   3361     0(0.00%) |    314     269    2624    290 |    8.50        0.00
--------|----------------------------------------------------------------------------|-------|-------------|-------|-------|-------|-------|--------|-----------
         Aggregated                                                                     22827     0(0.00%) |    425     267    3751    290 |   57.00        0.00

Type     Name                                                                          # reqs      # fails |    Avg     Min     Max    Med |   req/s  failures/s
--------|----------------------------------------------------------------------------|-------|-------------|-------|-------|-------|-------|--------|-----------
POST     /auth/login                                                                      200     0(0.00%) |   1235     590    2562   1000 |    0.00        0.00
POST     /auth/update-profile [rapid changes]                                            1265     0(0.00%) |    406     287    2231    310 |    3.60        0.00
POST     /payment/create-order-marks [spam]                                              2045     0(0.00%) |   1393    1109    3133   1200 |    4.90        0.00
POST     /predict/colleges [during marks churn]                                           668     0(0.00%) |    311     268    1663    290 |    1.60        0.00
POST     /predict/colleges [near-identical marks]                                        3010     0(0.00%) |    314     270    3014    290 |    7.70        0.00
POST     /predict/colleges [same marks cluster]                                         12382     0(0.00%) |    318     267    3751    290 |   32.30        0.00
POST     /predict/combo [200+ choices]                                                   3379     0(0.00%) |    314     269    2624    290 |    8.70        0.00
--------|----------------------------------------------------------------------------|-------|-------------|-------|-------|-------|-------|--------|-----------
         Aggregated                                                                     22949     0(0.00%) |    425     267    3751    290 |   58.80        0.00

Type     Name                                                                          # reqs      # fails |    Avg     Min     Max    Med |   req/s  failures/s
--------|----------------------------------------------------------------------------|-------|-------------|-------|-------|-------|-------|--------|-----------
POST     /auth/login                                                                      200     0(0.00%) |   1235     590    2562   1000 |    0.00        0.00
POST     /auth/update-profile [rapid changes]                                            1275     0(0.00%) |    406     287    2231    310 |    3.40        0.00
POST     /payment/create-order-marks [spam]                                              2052     0(0.00%) |   1392    1109    3133   1200 |    4.90        0.00
POST     /predict/colleges [during marks churn]                                           670     0(0.00%) |    311     268    1663    290 |    1.40        0.00
POST     /predict/colleges [near-identical marks]                                        3021     0(0.00%) |    314     270    3014    290 |    8.10        0.00
POST     /predict/colleges [same marks cluster]                                         12446     0(0.00%) |    318     267    3751    290 |   31.00        0.00
POST     /predict/combo [200+ choices]                                                   3405     0(0.00%) |    314     269    2624    290 |    8.40        0.00
--------|----------------------------------------------------------------------------|-------|-------------|-------|-------|-------|-------|--------|-----------
         Aggregated                                                                     23069     0(0.00%) |    425     267    3751    290 |   57.20        0.00

Type     Name                                                                          # reqs      # fails |    Avg     Min     Max    Med |   req/s  failures/s
--------|----------------------------------------------------------------------------|-------|-------------|-------|-------|-------|-------|--------|-----------
POST     /auth/login                                                                      200     0(0.00%) |   1235     590    2562   1000 |    0.00        0.00
POST     /auth/update-profile [rapid changes]                                            1281     0(0.00%) |    406     287    2231    310 |    3.40        0.00
POST     /payment/create-order-marks [spam]                                              2063     0(0.00%) |   1392    1109    3133   1200 |    5.20        0.00
POST     /predict/colleges [during marks churn]                                           674     0(0.00%) |    311     268    1663    290 |    1.50        0.00
POST     /predict/colleges [near-identical marks]                                        3041     0(0.00%) |    314     270    3014    290 |    7.60        0.00
POST     /predict/colleges [same marks cluster]                                         12508     0(0.00%) |    318     267    3751    290 |   30.20        0.00
POST     /predict/combo [200+ choices]                                                   3417     0(0.00%) |    314     269    2624    290 |    8.60        0.00
--------|----------------------------------------------------------------------------|-------|-------------|-------|-------|-------|-------|--------|-----------
         Aggregated                                                                     23184     0(0.00%) |    425     267    3751    290 |   56.50        0.00

Type     Name                                                                          # reqs      # fails |    Avg     Min     Max    Med |   req/s  failures/s
--------|----------------------------------------------------------------------------|-------|-------------|-------|-------|-------|-------|--------|-----------
POST     /auth/login                                                                      200     0(0.00%) |   1235     590    2562   1000 |    0.00        0.00
POST     /auth/update-profile [rapid changes]                                            1287     0(0.00%) |    406     287    2231    310 |    3.40        0.00
POST     /payment/create-order-marks [spam]                                              2075     0(0.00%) |   1392    1109    3133   1200 |    5.20        0.00
POST     /predict/colleges [during marks churn]                                           677     0(0.00%) |    311     268    1663    290 |    1.20        0.00
POST     /predict/colleges [near-identical marks]                                        3053     0(0.00%) |    314     270    3014    290 |    7.60        0.00
POST     /predict/colleges [same marks cluster]                                         12567     0(0.00%) |    318     267    3751    290 |   31.30        0.00
POST     /predict/combo [200+ choices]                                                   3431     0(0.00%) |    314     269    2624    290 |    9.10        0.00
--------|----------------------------------------------------------------------------|-------|-------------|-------|-------|-------|-------|--------|-----------
         Aggregated                                                                     23290     0(0.00%) |    425     267    3751    290 |   57.80        0.00

Type     Name                                                                          # reqs      # fails |    Avg     Min     Max    Med |   req/s  failures/s
--------|----------------------------------------------------------------------------|-------|-------------|-------|-------|-------|-------|--------|-----------
POST     /auth/login                                                                      200     0(0.00%) |   1235     590    2562   1000 |    0.00        0.00
POST     /auth/update-profile [rapid changes]                                            1297     0(0.00%) |    406     287    2231    310 |    3.60        0.00
POST     /payment/create-order-marks [spam]                                              2082     0(0.00%) |   1392    1109    3133   1200 |    4.90        0.00
POST     /predict/colleges [during marks churn]                                           680     0(0.00%) |    311     268    1663    290 |    1.40        0.00
POST     /predict/colleges [near-identical marks]                                        3068     0(0.00%) |    314     270    3014    290 |    7.90        0.00
POST     /predict/colleges [same marks cluster]                                         12635     0(0.00%) |    318     267    3751    290 |   32.00        0.00
POST     /predict/combo [200+ choices]                                                   3452     0(0.00%) |    314     269    2624    290 |    8.30        0.00
--------|----------------------------------------------------------------------------|-------|-------------|-------|-------|-------|-------|--------|-----------
         Aggregated                                                                     23414     0(0.00%) |    425     267    3751    290 |   58.10        0.00

Type     Name                                                                          # reqs      # fails |    Avg     Min     Max    Med |   req/s  failures/s
--------|----------------------------------------------------------------------------|-------|-------------|-------|-------|-------|-------|--------|-----------
POST     /auth/login                                                                      200     0(0.00%) |   1235     590    2562   1000 |    0.00        0.00
POST     /auth/update-profile [rapid changes]                                            1305     0(0.00%) |    406     287    2231    310 |    3.40        0.00
POST     /payment/create-order-marks [spam]                                              2091     0(0.00%) |   1393    1109    3133   1200 |    5.00        0.00
POST     /predict/colleges [during marks churn]                                           682     0(0.00%) |    311     268    1663    290 |    1.40        0.00
POST     /predict/colleges [near-identical marks]                                        3080     0(0.00%) |    314     270    3014    290 |    7.90        0.00
POST     /predict/colleges [same marks cluster]                                         12703     0(0.00%) |    317     267    3751    290 |   31.10        0.00
POST     /predict/combo [200+ choices]                                                   3470     0(0.00%) |    313     269    2624    290 |    8.40        0.00
--------|----------------------------------------------------------------------------|-------|-------------|-------|-------|-------|-------|--------|-----------
         Aggregated                                                                     23531     0(0.00%) |    424     267    3751    290 |   57.20        0.00

Type     Name                                                                          # reqs      # fails |    Avg     Min     Max    Med |   req/s  failures/s
--------|----------------------------------------------------------------------------|-------|-------------|-------|-------|-------|-------|--------|-----------
POST     /auth/login                                                                      200     0(0.00%) |   1235     590    2562   1000 |    0.00        0.00
POST     /auth/update-profile [rapid changes]                                            1316     0(0.00%) |    405     287    2231    310 |    4.00        0.00
POST     /payment/create-order-marks [spam]                                              2102     0(0.00%) |   1392    1109    3133   1200 |    5.20        0.00
POST     /predict/colleges [during marks churn]                                           685     0(0.00%) |    311     268    1663    290 |    1.30        0.00
POST     /predict/colleges [near-identical marks]                                        3092     0(0.00%) |    314     270    3014    290 |    7.20        0.00
POST     /predict/colleges [same marks cluster]                                         12775     0(0.00%) |    317     267    3751    290 |   32.10        0.00
POST     /predict/combo [200+ choices]                                                   3486     0(0.00%) |    313     269    2624    290 |    9.10        0.00
--------|----------------------------------------------------------------------------|-------|-------------|-------|-------|-------|-------|--------|-----------
         Aggregated                                                                     23656     0(0.00%) |    424     267    3751    290 |   58.90        0.00

Type     Name                                                                          # reqs      # fails |    Avg     Min     Max    Med |   req/s  failures/s
--------|----------------------------------------------------------------------------|-------|-------------|-------|-------|-------|-------|--------|-----------
POST     /auth/login                                                                      200     0(0.00%) |   1235     590    2562   1000 |    0.00        0.00
POST     /auth/update-profile [rapid changes]                                            1324     0(0.00%) |    404     287    2231    310 |    4.00        0.00
POST     /payment/create-order-marks [spam]                                              2111     0(0.00%) |   1392    1109    3133   1200 |    5.20        0.00
POST     /predict/colleges [during marks churn]                                           688     0(0.00%) |    311     268    1663    290 |    1.40        0.00
POST     /predict/colleges [near-identical marks]                                        3108     0(0.00%) |    313     270    3014    290 |    7.60        0.00
POST     /predict/colleges [same marks cluster]                                         12836     0(0.00%) |    317     267    3751    290 |   33.40        0.00
POST     /predict/combo [200+ choices]                                                   3501     0(0.00%) |    313     269    2624    290 |    8.70        0.00
--------|----------------------------------------------------------------------------|-------|-------------|-------|-------|-------|-------|--------|-----------
         Aggregated                                                                     23768     0(0.00%) |    424     267    3751    290 |   60.30        0.00

Type     Name                                                                          # reqs      # fails |    Avg     Min     Max    Med |   req/s  failures/s
--------|----------------------------------------------------------------------------|-------|-------------|-------|-------|-------|-------|--------|-----------
POST     /auth/login                                                                      200     0(0.00%) |   1235     590    2562   1000 |    0.00        0.00
POST     /auth/update-profile [rapid changes]                                            1329     0(0.00%) |    404     287    2231    310 |    4.20        0.00
POST     /payment/create-order-marks [spam]                                              2122     0(0.00%) |   1392    1109    3133   1200 |    4.70        0.00
POST     /predict/colleges [during marks churn]                                           692     0(0.00%) |    311     268    1663    290 |    1.50        0.00
POST     /predict/colleges [near-identical marks]                                        3124     0(0.00%) |    313     270    3014    290 |    6.80        0.00
POST     /predict/colleges [same marks cluster]                                         12906     0(0.00%) |    317     267    3751    290 |   33.40        0.00
POST     /predict/combo [200+ choices]                                                   3520     0(0.00%) |    313     269    2624    290 |    8.20        0.00
--------|----------------------------------------------------------------------------|-------|-------------|-------|-------|-------|-------|--------|-----------
         Aggregated                                                                     23893     0(0.00%) |    424     267    3751    290 |   58.80        0.00

Type     Name                                                                          # reqs      # fails |    Avg     Min     Max    Med |   req/s  failures/s
--------|----------------------------------------------------------------------------|-------|-------------|-------|-------|-------|-------|--------|-----------
POST     /auth/login                                                                      200     0(0.00%) |   1235     590    2562   1000 |    0.00        0.00
POST     /auth/update-profile [rapid changes]                                            1332     0(0.00%) |    404     287    2231    310 |    4.20        0.00
POST     /payment/create-order-marks [spam]                                              2136     0(0.00%) |   1392    1109    3133   1200 |    5.10        0.00
POST     /predict/colleges [during marks churn]                                           699     0(0.00%) |    311     268    1663    290 |    1.30        0.00
POST     /predict/colleges [near-identical marks]                                        3143     0(0.00%) |    314     270    3014    290 |    6.90        0.00
POST     /predict/colleges [same marks cluster]                                         12972     0(0.00%) |    317     267    3751    290 |   33.60        0.00
POST     /predict/combo [200+ choices]                                                   3539     0(0.00%) |    314     269    2624    290 |    9.40        0.00
--------|----------------------------------------------------------------------------|-------|-------------|-------|-------|-------|-------|--------|-----------
         Aggregated                                                                     24021     0(0.00%) |    424     267    3751    290 |   60.50        0.00

Type     Name                                                                          # reqs      # fails |    Avg     Min     Max    Med |   req/s  failures/s
--------|----------------------------------------------------------------------------|-------|-------------|-------|-------|-------|-------|--------|-----------
POST     /auth/login                                                                      200     0(0.00%) |   1235     590    2562   1000 |    0.00        0.00
POST     /auth/update-profile [rapid changes]                                            1342     0(0.00%) |    405     287    2231    310 |    4.10        0.00
POST     /payment/create-order-marks [spam]                                              2142     0(0.00%) |   1392    1109    3133   1200 |    5.10        0.00
POST     /predict/colleges [during marks churn]                                           704     0(0.00%) |    311     268    1663    290 |    1.60        0.00
POST     /predict/colleges [near-identical marks]                                        3161     0(0.00%) |    314     270    3014    290 |    6.90        0.00
POST     /predict/colleges [same marks cluster]                                         13025     0(0.00%) |    317     267    3751    290 |   34.00        0.00
POST     /predict/combo [200+ choices]                                                   3552     0(0.00%) |    314     269    2624    290 |    9.00        0.00
--------|----------------------------------------------------------------------------|-------|-------------|-------|-------|-------|-------|--------|-----------
         Aggregated                                                                     24126     0(0.00%) |    424     267    3751    290 |   60.70        0.00

Type     Name                                                                          # reqs      # fails |    Avg     Min     Max    Med |   req/s  failures/s
--------|----------------------------------------------------------------------------|-------|-------------|-------|-------|-------|-------|--------|-----------
POST     /auth/login                                                                      200     0(0.00%) |   1235     590    2562   1000 |    0.00        0.00
POST     /auth/update-profile [rapid changes]                                            1351     0(0.00%) |    404     284    2231    310 |    3.50        0.00
POST     /payment/create-order-marks [spam]                                              2150     0(0.00%) |   1392    1109    3133   1200 |    5.20        0.00
POST     /predict/colleges [during marks churn]                                           708     0(0.00%) |    312     268    1663    290 |    2.10        0.00
POST     /predict/colleges [near-identical marks]                                        3177     0(0.00%) |    314     270    3014    290 |    7.60        0.00
POST     /predict/colleges [same marks cluster]                                         13097     0(0.00%) |    317     267    3751    290 |   33.20        0.00
POST     /predict/combo [200+ choices]                                                   3569     0(0.00%) |    314     269    2624    290 |    8.30        0.00
--------|----------------------------------------------------------------------------|-------|-------------|-------|-------|-------|-------|--------|-----------
         Aggregated                                                                     24252     0(0.00%) |    424     267    3751    290 |   59.90        0.00

Type     Name                                                                          # reqs      # fails |    Avg     Min     Max    Med |   req/s  failures/s
--------|----------------------------------------------------------------------------|-------|-------------|-------|-------|-------|-------|--------|-----------
POST     /auth/login                                                                      200     0(0.00%) |   1235     590    2562   1000 |    0.00        0.00
POST     /auth/update-profile [rapid changes]                                            1359     0(0.00%) |    404     284    2231    310 |    3.80        0.00
POST     /payment/create-order-marks [spam]                                              2161     0(0.00%) |   1392    1109    3133   1200 |    4.80        0.00
POST     /predict/colleges [during marks churn]                                           713     0(0.00%) |    311     268    1663    290 |    2.30        0.00
POST     /predict/colleges [near-identical marks]                                        3193     0(0.00%) |    314     270    3014    290 |    7.80        0.00
POST     /predict/colleges [same marks cluster]                                         13163     0(0.00%) |    317     267    3751    290 |   32.30        0.00
POST     /predict/combo [200+ choices]                                                   3584     0(0.00%) |    314     269    2624    290 |    8.30        0.00
--------|----------------------------------------------------------------------------|-------|-------------|-------|-------|-------|-------|--------|-----------
         Aggregated                                                                     24373     0(0.00%) |    424     267    3751    290 |   59.30        0.00

Type     Name                                                                          # reqs      # fails |    Avg     Min     Max    Med |   req/s  failures/s
--------|----------------------------------------------------------------------------|-------|-------------|-------|-------|-------|-------|--------|-----------
POST     /auth/login                                                                      200     0(0.00%) |   1235     590    2562   1000 |    0.00        0.00
POST     /auth/update-profile [rapid changes]                                            1364     0(0.00%) |    403     284    2231    310 |    3.70        0.00
POST     /payment/create-order-marks [spam]                                              2167     0(0.00%) |   1392    1109    3133   1200 |    5.00        0.00
POST     /predict/colleges [during marks churn]                                           717     0(0.00%) |    311     268    1663    290 |    2.50        0.00
POST     /predict/colleges [near-identical marks]                                        3212     0(0.00%) |    313     270    3014    290 |    8.40        0.00
POST     /predict/colleges [same marks cluster]                                         13199     0(0.00%) |    317     267    3751    290 |   32.40        0.00
POST     /predict/combo [200+ choices]                                                   3600     0(0.00%) |    314     269    2624    290 |    8.90        0.00
--------|----------------------------------------------------------------------------|-------|-------------|-------|-------|-------|-------|--------|-----------
         Aggregated                                                                     24459     0(0.00%) |    423     267    3751    290 |   60.90        0.00

Type     Name                                                                          # reqs      # fails |    Avg     Min     Max    Med |   req/s  failures/s
--------|----------------------------------------------------------------------------|-------|-------------|-------|-------|-------|-------|--------|-----------
POST     /auth/login                                                                      200     0(0.00%) |   1235     590    2562   1000 |    0.00        0.00
POST     /auth/update-profile [rapid changes]                                            1378     0(0.00%) |    404     284    2231    310 |    3.80        0.00
POST     /payment/create-order-marks [spam]                                              2179     0(0.00%) |   1392    1109    3133   1200 |    4.80        0.00
POST     /predict/colleges [during marks churn]                                           718     0(0.00%) |    311     268    1663    290 |    2.50        0.00
POST     /predict/colleges [near-identical marks]                                        3234     0(0.00%) |    314     270    3014    290 |    9.00        0.00
POST     /predict/colleges [same marks cluster]                                         13273     0(0.00%) |    318     267    3751    290 |   31.10        0.00
POST     /predict/combo [200+ choices]                                                   3625     0(0.00%) |    315     269    2624    290 |    8.00        0.00
--------|----------------------------------------------------------------------------|-------|-------------|-------|-------|-------|-------|--------|-----------
         Aggregated                                                                     24607     0(0.00%) |    424     267    3751    290 |   59.20        0.00

Type     Name                                                                          # reqs      # fails |    Avg     Min     Max    Med |   req/s  failures/s
--------|----------------------------------------------------------------------------|-------|-------------|-------|-------|-------|-------|--------|-----------
POST     /auth/login                                                                      200     0(0.00%) |   1235     590    2562   1000 |    0.00        0.00
POST     /auth/update-profile [rapid changes]                                            1387     0(0.00%) |    403     284    2231    310 |    4.00        0.00
POST     /payment/create-order-marks [spam]                                              2189     0(0.00%) |   1392    1109    3133   1200 |    4.90        0.00
POST     /predict/colleges [during marks churn]                                           722     0(0.00%) |    311     268    1663    290 |    2.20        0.00
POST     /predict/colleges [near-identical marks]                                        3252     0(0.00%) |    314     270    3014    290 |    9.10        0.00
POST     /predict/colleges [same marks cluster]                                         13332     0(0.00%) |    318     267    3751    290 |   30.60        0.00
POST     /predict/combo [200+ choices]                                                   3643     0(0.00%) |    314     269    2624    290 |    8.70        0.00
--------|----------------------------------------------------------------------------|-------|-------------|-------|-------|-------|-------|--------|-----------
         Aggregated                                                                     24725     0(0.00%) |    424     267    3751    290 |   59.50        0.00

Type     Name                                                                          # reqs      # fails |    Avg     Min     Max    Med |   req/s  failures/s
--------|----------------------------------------------------------------------------|-------|-------------|-------|-------|-------|-------|--------|-----------
POST     /auth/login                                                                      200     0(0.00%) |   1235     590    2562   1000 |    0.00        0.00
POST     /auth/update-profile [rapid changes]                                            1392     0(0.00%) |    403     284    2231    310 |    4.20        0.00
POST     /payment/create-order-marks [spam]                                              2200     0(0.00%) |   1392    1101    3133   1200 |    4.60        0.00
POST     /predict/colleges [during marks churn]                                           725     0(0.00%) |    311     268    1663    290 |    2.00        0.00
POST     /predict/colleges [near-identical marks]                                        3275     0(0.00%) |    314     270    3014    290 |    8.80        0.00
POST     /predict/colleges [same marks cluster]                                         13393     0(0.00%) |    318     267    3751    290 |   31.00        0.00
POST     /predict/combo [200+ choices]                                                   3657     0(0.00%) |    314     269    2624    290 |    8.80        0.00
--------|----------------------------------------------------------------------------|-------|-------------|-------|-------|-------|-------|--------|-----------
         Aggregated                                                                     24842     0(0.00%) |    424     267    3751    290 |   59.40        0.00

Type     Name                                                                          # reqs      # fails |    Avg     Min     Max    Med |   req/s  failures/s
--------|----------------------------------------------------------------------------|-------|-------------|-------|-------|-------|-------|--------|-----------
POST     /auth/login                                                                      200     0(0.00%) |   1235     590    2562   1000 |    0.00        0.00
POST     /auth/update-profile [rapid changes]                                            1397     0(0.00%) |    403     284    2231    310 |    4.10        0.00
POST     /payment/create-order-marks [spam]                                              2210     0(0.00%) |   1391    1101    3133   1200 |    4.70        0.00
POST     /predict/colleges [during marks churn]                                           731     0(0.00%) |    311     268    1663    290 |    1.80        0.00
POST     /predict/colleges [near-identical marks]                                        3287     0(0.00%) |    314     270    3014    290 |    9.60        0.00
POST     /predict/colleges [same marks cluster]                                         13456     0(0.00%) |    318     267    3751    290 |   29.40        0.00
POST     /predict/combo [200+ choices]                                                   3673     0(0.00%) |    314     269    2624    290 |    8.90        0.00
--------|----------------------------------------------------------------------------|-------|-------------|-------|-------|-------|-------|--------|-----------
         Aggregated                                                                     24954     0(0.00%) |    424     267    3751    290 |   58.50        0.00

Type     Name                                                                          # reqs      # fails |    Avg     Min     Max    Med |   req/s  failures/s
--------|----------------------------------------------------------------------------|-------|-------------|-------|-------|-------|-------|--------|-----------
POST     /auth/login                                                                      200     0(0.00%) |   1235     590    2562   1000 |    0.00        0.00
POST     /auth/update-profile [rapid changes]                                            1404     0(0.00%) |    403     284    2231    310 |    3.90        0.00
POST     /payment/create-order-marks [spam]                                              2219     0(0.00%) |   1391    1101    3133   1200 |    5.20        0.00
POST     /predict/colleges [during marks churn]                                           738     0(0.00%) |    311     268    1663    290 |    1.50        0.00
POST     /predict/colleges [near-identical marks]                                        3304     0(0.00%) |    314     270    3014    290 |    9.80        0.00
POST     /predict/colleges [same marks cluster]                                         13523     0(0.00%) |    318     267    3751    290 |   28.90        0.00
POST     /predict/combo [200+ choices]                                                   3689     0(0.00%) |    314     269    2624    290 |    8.90        0.00
--------|----------------------------------------------------------------------------|-------|-------------|-------|-------|-------|-------|--------|-----------
         Aggregated                                                                     25077     0(0.00%) |    424     267    3751    290 |   58.20        0.00

Type     Name                                                                          # reqs      # fails |    Avg     Min     Max    Med |   req/s  failures/s
--------|----------------------------------------------------------------------------|-------|-------------|-------|-------|-------|-------|--------|-----------
POST     /auth/login                                                                      200     0(0.00%) |   1235     590    2562   1000 |    0.00        0.00
POST     /auth/update-profile [rapid changes]                                            1415     0(0.00%) |    403     284    2231    310 |    3.70        0.00
POST     /payment/create-order-marks [spam]                                              2225     0(0.00%) |   1391    1101    3133   1200 |    4.80        0.00
POST     /predict/colleges [during marks churn]                                           740     0(0.00%) |    311     268    1663    290 |    1.90        0.00
POST     /predict/colleges [near-identical marks]                                        3314     0(0.00%) |    314     270    3014    290 |    9.00        0.00
POST     /predict/colleges [same marks cluster]                                         13591     0(0.00%) |    318     267    3751    290 |   30.30        0.00
POST     /predict/combo [200+ choices]                                                   3709     0(0.00%) |    314     269    2624    290 |    8.70        0.00
--------|----------------------------------------------------------------------------|-------|-------------|-------|-------|-------|-------|--------|-----------
         Aggregated                                                                     25194     0(0.00%) |    423     267    3751    290 |   58.40        0.00

Type     Name                                                                          # reqs      # fails |    Avg     Min     Max    Med |   req/s  failures/s
--------|----------------------------------------------------------------------------|-------|-------------|-------|-------|-------|-------|--------|-----------
POST     /auth/login                                                                      200     0(0.00%) |   1235     590    2562   1000 |    0.00        0.00
POST     /auth/update-profile [rapid changes]                                            1421     0(0.00%) |    402     284    2231    310 |    3.80        0.00
POST     /payment/create-order-marks [spam]                                              2239     0(0.00%) |   1391    1101    3133   1200 |    4.40        0.00
POST     /predict/colleges [during marks churn]                                           744     0(0.00%) |    311     268    1663    290 |    2.30        0.00
POST     /predict/colleges [near-identical marks]                                        3328     0(0.00%) |    314     270    3014    290 |    8.30        0.00
POST     /predict/colleges [same marks cluster]                                         13652     0(0.00%) |    318     267    3751    290 |   31.40        0.00
POST     /predict/combo [200+ choices]                                                   3728     0(0.00%) |    314     269    2624    290 |    8.10        0.00
--------|----------------------------------------------------------------------------|-------|-------------|-------|-------|-------|-------|--------|-----------
         Aggregated                                                                     25312     0(0.00%) |    423     267    3751    290 |   58.30        0.00

Type     Name                                                                          # reqs      # fails |    Avg     Min     Max    Med |   req/s  failures/s
--------|----------------------------------------------------------------------------|-------|-------------|-------|-------|-------|-------|--------|-----------
POST     /auth/login                                                                      200     0(0.00%) |   1235     590    2562   1000 |    0.00        0.00
POST     /auth/update-profile [rapid changes]                                            1426     0(0.00%) |    402     284    2231    310 |    3.80        0.00
POST     /payment/create-order-marks [spam]                                              2250     0(0.00%) |   1391    1101    3133   1200 |    4.70        0.00
POST     /predict/colleges [during marks churn]                                           748     0(0.00%) |    311     268    1663    290 |    2.20        0.00
POST     /predict/colleges [near-identical marks]                                        3346     0(0.00%) |    314     270    3014    290 |    8.00        0.00
POST     /predict/colleges [same marks cluster]                                         13717     0(0.00%) |    318     267    3751    290 |   30.60        0.00
POST     /predict/combo [200+ choices]                                                   3744     0(0.00%) |    314     269    2624    290 |    8.10        0.00
--------|----------------------------------------------------------------------------|-------|-------------|-------|-------|-------|-------|--------|-----------
         Aggregated                                                                     25431     0(0.00%) |    423     267    3751    290 |   57.40        0.00

Type     Name                                                                          # reqs      # fails |    Avg     Min     Max    Med |   req/s  failures/s
--------|----------------------------------------------------------------------------|-------|-------------|-------|-------|-------|-------|--------|-----------
POST     /auth/login                                                                      200     0(0.00%) |   1235     590    2562   1000 |    0.00        0.00
POST     /auth/update-profile [rapid changes]                                            1436     0(0.00%) |    402     284    2231    310 |    3.30        0.00
POST     /payment/create-order-marks [spam]                                              2261     0(0.00%) |   1390    1101    3133   1200 |    5.10        0.00
POST     /predict/colleges [during marks churn]                                           752     0(0.00%) |    311     268    1663    290 |    2.00        0.00
POST     /predict/colleges [near-identical marks]                                        3357     0(0.00%) |    314     270    3014    290 |    7.40        0.00
POST     /predict/colleges [same marks cluster]                                         13783     0(0.00%) |    318     267    3751    290 |   32.70        0.00
POST     /predict/combo [200+ choices]                                                   3756     0(0.00%) |    314     269    2624    290 |    8.80        0.00
--------|----------------------------------------------------------------------------|-------|-------------|-------|-------|-------|-------|--------|-----------
         Aggregated                                                                     25545     0(0.00%) |    423     267    3751    290 |   59.30        0.00

Type     Name                                                                          # reqs      # fails |    Avg     Min     Max    Med |   req/s  failures/s
--------|----------------------------------------------------------------------------|-------|-------------|-------|-------|-------|-------|--------|-----------
POST     /auth/login                                                                      200     0(0.00%) |   1235     590    2562   1000 |    0.00        0.00
POST     /auth/update-profile [rapid changes]                                            1444     0(0.00%) |    402     284    2231    310 |    3.90        0.00
POST     /payment/create-order-marks [spam]                                              2268     0(0.00%) |   1390    1101    3133   1200 |    5.00        0.00
POST     /predict/colleges [during marks churn]                                           756     0(0.00%) |    311     268    1663    290 |    2.00        0.00
POST     /predict/colleges [near-identical marks]                                        3377     0(0.00%) |    314     270    3014    290 |    7.00        0.00
POST     /predict/colleges [same marks cluster]                                         13838     0(0.00%) |    318     267    3751    290 |   32.10        0.00
POST     /predict/combo [200+ choices]                                                   3777     0(0.00%) |    314     269    2624    290 |    8.30        0.00
--------|----------------------------------------------------------------------------|-------|-------------|-------|-------|-------|-------|--------|-----------
         Aggregated                                                                     25660     0(0.00%) |    423     267    3751    290 |   58.30        0.00

Type     Name                                                                          # reqs      # fails |    Avg     Min     Max    Med |   req/s  failures/s
--------|----------------------------------------------------------------------------|-------|-------------|-------|-------|-------|-------|--------|-----------
POST     /auth/login                                                                      200     0(0.00%) |   1235     590    2562   1000 |    0.00        0.00
POST     /auth/update-profile [rapid changes]                                            1447     0(0.00%) |    403     284    2231    310 |    4.00        0.00
POST     /payment/create-order-marks [spam]                                              2277     0(0.00%) |   1390    1101    3133   1200 |    4.90        0.00
POST     /predict/colleges [during marks churn]                                           762     0(0.00%) |    311     268    1663    290 |    2.10        0.00
POST     /predict/colleges [near-identical marks]                                        3392     0(0.00%) |    314     270    3014    290 |    7.30        0.00
POST     /predict/colleges [same marks cluster]                                         13901     0(0.00%) |    318     267    3751    290 |   32.20        0.00
POST     /predict/combo [200+ choices]                                                   3789     0(0.00%) |    314     269    2624    290 |    8.70        0.00
--------|----------------------------------------------------------------------------|-------|-------------|-------|-------|-------|-------|--------|-----------
         Aggregated                                                                     25768     0(0.00%) |    423     267    3751    290 |   59.20        0.00

Type     Name                                                                          # reqs      # fails |    Avg     Min     Max    Med |   req/s  failures/s
--------|----------------------------------------------------------------------------|-------|-------------|-------|-------|-------|-------|--------|-----------
POST     /auth/login                                                                      200     0(0.00%) |   1235     590    2562   1000 |    0.00        0.00
POST     /auth/update-profile [rapid changes]                                            1456     0(0.00%) |    404     284    2231    310 |    3.50        0.00
POST     /payment/create-order-marks [spam]                                              2289     0(0.00%) |   1391    1101    3133   1200 |    5.00        0.00
POST     /predict/colleges [during marks churn]                                           764     0(0.00%) |    311     268    1663    290 |    1.90        0.00
POST     /predict/colleges [near-identical marks]                                        3413     0(0.00%) |    315     270    3014    290 |    7.50        0.00
POST     /predict/colleges [same marks cluster]                                         13971     0(0.00%) |    318     267    3751    290 |   30.30        0.00
POST     /predict/combo [200+ choices]                                                   3806     0(0.00%) |    314     269    2624    290 |    8.40        0.00
--------|----------------------------------------------------------------------------|-------|-------------|-------|-------|-------|-------|--------|-----------
         Aggregated                                                                     25899     0(0.00%) |    424     267    3751    290 |   56.60        0.00

Type     Name                                                                          # reqs      # fails |    Avg     Min     Max    Med |   req/s  failures/s
--------|----------------------------------------------------------------------------|-------|-------------|-------|-------|-------|-------|--------|-----------
POST     /auth/login                                                                      200     0(0.00%) |   1235     590    2562   1000 |    0.00        0.00
POST     /auth/update-profile [rapid changes]                                            1464     0(0.00%) |    403     284    2231    310 |    3.30        0.00
POST     /payment/create-order-marks [spam]                                              2297     0(0.00%) |   1391    1101    3133   1200 |    4.90        0.00
POST     /predict/colleges [during marks churn]                                           770     0(0.00%) |    311     268    1663    290 |    2.00        0.00
POST     /predict/colleges [near-identical marks]                                        3424     0(0.00%) |    315     270    3014    290 |    8.30        0.00
POST     /predict/colleges [same marks cluster]                                         14031     0(0.00%) |    318     267    3751    290 |   31.80        0.00
POST     /predict/combo [200+ choices]                                                   3830     0(0.00%) |    314     269    2624    290 |    8.20        0.00
--------|----------------------------------------------------------------------------|-------|-------------|-------|-------|-------|-------|--------|-----------
         Aggregated                                                                     26016     0(0.00%) |    424     267    3751    290 |   58.50        0.00

Type     Name                                                                          # reqs      # fails |    Avg     Min     Max    Med |   req/s  failures/s
--------|----------------------------------------------------------------------------|-------|-------------|-------|-------|-------|-------|--------|-----------
POST     /auth/login                                                                      200     0(0.00%) |   1235     590    2562   1000 |    0.00        0.00
POST     /auth/update-profile [rapid changes]                                            1472     0(0.00%) |    403     284    2231    310 |    3.80        0.00
POST     /payment/create-order-marks [spam]                                              2313     0(0.00%) |   1391    1101    3133   1200 |    4.70        0.00
POST     /predict/colleges [during marks churn]                                           771     0(0.00%) |    311     268    1663    290 |    2.20        0.00
POST     /predict/colleges [near-identical marks]                                        3440     0(0.00%) |    314     270    3014    290 |    7.80        0.00
POST     /predict/colleges [same marks cluster]                                         14098     0(0.00%) |    318     267    3751    290 |   31.40        0.00
POST     /predict/combo [200+ choices]                                                   3847     0(0.00%) |    314     269    2624    290 |    8.60        0.00
--------|----------------------------------------------------------------------------|-------|-------------|-------|-------|-------|-------|--------|-----------
         Aggregated                                                                     26141     0(0.00%) |    424     267    3751    290 |   58.50        0.00

Type     Name                                                                          # reqs      # fails |    Avg     Min     Max    Med |   req/s  failures/s
--------|----------------------------------------------------------------------------|-------|-------------|-------|-------|-------|-------|--------|-----------
POST     /auth/login                                                                      200     0(0.00%) |   1235     590    2562   1000 |    0.00        0.00
POST     /auth/update-profile [rapid changes]                                            1476     0(0.00%) |    403     284    2231    310 |    3.60        0.00
POST     /payment/create-order-marks [spam]                                              2314     0(0.00%) |   1390    1101    3133   1200 |    4.50        0.00
POST     /predict/colleges [during marks churn]                                           773     0(0.00%) |    311     268    1663    290 |    1.90        0.00
POST     /predict/colleges [near-identical marks]                                        3451     0(0.00%) |    314     270    3014    290 |    7.80        0.00
POST     /predict/colleges [same marks cluster]                                         14139     0(0.00%) |    318     267    3751    290 |   31.40        0.00
POST     /predict/combo [200+ choices]                                                   3852     0(0.00%) |    314     269    2624    290 |    8.90        0.00
--------|----------------------------------------------------------------------------|-------|-------------|-------|-------|-------|-------|--------|-----------
         Aggregated                                                                     26205     0(0.00%) |    423     267    3751    290 |   58.10        0.00

Type     Name                                                                          # reqs      # fails |    Avg     Min     Max    Med |   req/s  failures/s
--------|----------------------------------------------------------------------------|-------|-------------|-------|-------|-------|-------|--------|-----------
POST     /auth/login                                                                      200     0(0.00%) |   1235     590    2562   1000 |    0.00        0.00
POST     /auth/update-profile [rapid changes]                                            1480     0(0.00%) |    406     284    2576    310 |    3.40        0.00
POST     /payment/create-order-marks [spam]                                              2330     0(0.00%) |   1395    1101    3133   1200 |    5.10        0.00
POST     /predict/colleges [during marks churn]                                           775     0(0.00%) |    314     268    1763    290 |    1.80        0.00
POST     /predict/colleges [near-identical marks]                                        3473     0(0.00%) |    318     270    3014    290 |    7.90        0.00
POST     /predict/colleges [same marks cluster]                                         14211     0(0.00%) |    321     267    3751    290 |   31.80        0.00
POST     /predict/combo [200+ choices]                                                   3878     0(0.00%) |    318     269    2624    290 |    8.20        0.00
--------|----------------------------------------------------------------------------|-------|-------------|-------|-------|-------|-------|--------|-----------
         Aggregated                                                                     26347     0(0.00%) |    427     267    3751    290 |   58.20        0.00

Type     Name                                                                          # reqs      # fails |    Avg     Min     Max    Med |   req/s  failures/s
--------|----------------------------------------------------------------------------|-------|-------------|-------|-------|-------|-------|--------|-----------
POST     /auth/login                                                                      200     0(0.00%) |   1235     590    2562   1000 |    0.00        0.00
POST     /auth/update-profile [rapid changes]                                            1490     0(0.00%) |    407     284    2576    310 |    3.30        0.00
POST     /payment/create-order-marks [spam]                                              2339     0(0.00%) |   1394    1101    3133   1200 |    5.30        0.00
POST     /predict/colleges [during marks churn]                                           776     0(0.00%) |    314     268    1763    290 |    1.30        0.00
POST     /predict/colleges [near-identical marks]                                        3492     0(0.00%) |    318     270    3014    290 |    8.10        0.00
POST     /predict/colleges [same marks cluster]                                         14265     0(0.00%) |    321     267    3751    290 |   31.00        0.00
POST     /predict/combo [200+ choices]                                                   3900     0(0.00%) |    318     269    2624    290 |    8.90        0.00
--------|----------------------------------------------------------------------------|-------|-------------|-------|-------|-------|-------|--------|-----------
         Aggregated                                                                     26462     0(0.00%) |    427     267    3751    290 |   57.90        0.00

Type     Name                                                                          # reqs      # fails |    Avg     Min     Max    Med |   req/s  failures/s
--------|----------------------------------------------------------------------------|-------|-------------|-------|-------|-------|-------|--------|-----------
POST     /auth/login                                                                      200     0(0.00%) |   1235     590    2562   1000 |    0.00        0.00
POST     /auth/update-profile [rapid changes]                                            1497     0(0.00%) |    407     284    2576    310 |    3.40        0.00
POST     /payment/create-order-marks [spam]                                              2350     0(0.00%) |   1394    1101    3133   1200 |    5.00        0.00
POST     /predict/colleges [during marks churn]                                           780     0(0.00%) |    314     268    1763    290 |    1.20        0.00
POST     /predict/colleges [near-identical marks]                                        3503     0(0.00%) |    318     270    3014    290 |    7.70        0.00
POST     /predict/colleges [same marks cluster]                                         14333     0(0.00%) |    321     267    3751    290 |   29.40        0.00
POST     /predict/combo [200+ choices]                                                   3914     0(0.00%) |    318     269    2624    290 |    9.30        0.00
--------|----------------------------------------------------------------------------|-------|-------------|-------|-------|-------|-------|--------|-----------
         Aggregated                                                                     26577     0(0.00%) |    426     267    3751    290 |   56.00        0.00

Type     Name                                                                          # reqs      # fails |    Avg     Min     Max    Med |   req/s  failures/s
--------|----------------------------------------------------------------------------|-------|-------------|-------|-------|-------|-------|--------|-----------
POST     /auth/login                                                                      200     0(0.00%) |   1235     590    2562   1000 |    0.00        0.00
POST     /auth/update-profile [rapid changes]                                            1504     0(0.00%) |    406     284    2576    310 |    3.30        0.00
POST     /payment/create-order-marks [spam]                                              2357     0(0.00%) |   1394    1101    3133   1200 |    5.20        0.00
POST     /predict/colleges [during marks churn]                                           784     0(0.00%) |    314     268    1763    290 |    0.90        0.00
POST     /predict/colleges [near-identical marks]                                        3525     0(0.00%) |    318     270    3014    290 |    7.80        0.00
POST     /predict/colleges [same marks cluster]                                         14391     0(0.00%) |    321     267    3751    290 |   30.00        0.00
POST     /predict/combo [200+ choices]                                                   3927     0(0.00%) |    318     268    2624    290 |    8.40        0.00
--------|----------------------------------------------------------------------------|-------|-------------|-------|-------|-------|-------|--------|-----------
         Aggregated                                                                     26688     0(0.00%) |    426     267    3751    290 |   55.60        0.00

Type     Name                                                                          # reqs      # fails |    Avg     Min     Max    Med |   req/s  failures/s
--------|----------------------------------------------------------------------------|-------|-------------|-------|-------|-------|-------|--------|-----------
POST     /auth/login                                                                      200     0(0.00%) |   1235     590    2562   1000 |    0.00        0.00
POST     /auth/update-profile [rapid changes]                                            1509     0(0.00%) |    406     284    2576    310 |    3.20        0.00
POST     /payment/create-order-marks [spam]                                              2373     0(0.00%) |   1394    1101    3133   1200 |    4.40        0.00
POST     /predict/colleges [during marks churn]                                           785     0(0.00%) |    314     268    1763    290 |    1.30        0.00
POST     /predict/colleges [near-identical marks]                                        3539     0(0.00%) |    318     270    3014    290 |    8.30        0.00
POST     /predict/colleges [same marks cluster]                                         14450     0(0.00%) |    320     267    3751    290 |   29.30        0.00
POST     /predict/combo [200+ choices]                                                   3947     0(0.00%) |    318     268    2624    290 |    7.70        0.00
--------|----------------------------------------------------------------------------|-------|-------------|-------|-------|-------|-------|--------|-----------
         Aggregated                                                                     26803     0(0.00%) |    426     267    3751    290 |   54.20        0.00

Type     Name                                                                          # reqs      # fails |    Avg     Min     Max    Med |   req/s  failures/s
--------|----------------------------------------------------------------------------|-------|-------------|-------|-------|-------|-------|--------|-----------
POST     /auth/login                                                                      200     0(0.00%) |   1235     590    2562   1000 |    0.00        0.00
POST     /auth/update-profile [rapid changes]                                            1514     0(0.00%) |    406     284    2576    310 |    3.10        0.00
POST     /payment/create-order-marks [spam]                                              2379     0(0.00%) |   1394    1101    3133   1200 |    4.70        0.00
POST     /predict/colleges [during marks churn]                                           788     0(0.00%) |    313     268    1763    290 |    1.10        0.00
POST     /predict/colleges [near-identical marks]                                        3551     0(0.00%) |    318     270    3014    290 |    8.40        0.00
POST     /predict/colleges [same marks cluster]                                         14498     0(0.00%) |    320     267    3751    290 |   28.20        0.00
POST     /predict/combo [200+ choices]                                                   3964     0(0.00%) |    318     268    2624    290 |    8.10        0.00
--------|----------------------------------------------------------------------------|-------|-------------|-------|-------|-------|-------|--------|-----------
         Aggregated                                                                     26894     0(0.00%) |    426     267    3751    290 |   53.60        0.00

Type     Name                                                                          # reqs      # fails |    Avg     Min     Max    Med |   req/s  failures/s
--------|----------------------------------------------------------------------------|-------|-------------|-------|-------|-------|-------|--------|-----------
POST     /auth/login                                                                      200     0(0.00%) |   1235     590    2562   1000 |    0.00        0.00
POST     /auth/update-profile [rapid changes]                                            1520     0(0.00%) |    406     284    2576    310 |    3.40        0.00
POST     /payment/create-order-marks [spam]                                              2391     0(0.00%) |   1395    1101    3133   1200 |    4.90        0.00
POST     /predict/colleges [during marks churn]                                           797     0(0.00%) |    314     268    1763    290 |    1.30        0.00
POST     /predict/colleges [near-identical marks]                                        3577     0(0.00%) |    319     270    3014    290 |    7.80        0.00
POST     /predict/colleges [same marks cluster]                                         14566     0(0.00%) |    320     267    3751    290 |   28.70        0.00
POST     /predict/combo [200+ choices]                                                   3982     0(0.00%) |    318     268    2624    290 |    8.60        0.00
--------|----------------------------------------------------------------------------|-------|-------------|-------|-------|-------|-------|--------|-----------
         Aggregated                                                                     27033     0(0.00%) |    426     267    3751    290 |   54.70        0.00

Type     Name                                                                          # reqs      # fails |    Avg     Min     Max    Med |   req/s  failures/s
--------|----------------------------------------------------------------------------|-------|-------------|-------|-------|-------|-------|--------|-----------
POST     /auth/login                                                                      200     0(0.00%) |   1235     590    2562   1000 |    0.00        0.00
POST     /auth/update-profile [rapid changes]                                            1528     0(0.00%) |    406     284    2576    310 |    3.00        0.00
POST     /payment/create-order-marks [spam]                                              2401     0(0.00%) |   1395    1101    3133   1200 |    5.20        0.00
POST     /predict/colleges [during marks churn]                                           802     0(0.00%) |    314     268    1763    290 |    2.10        0.00
POST     /predict/colleges [near-identical marks]                                        3595     0(0.00%) |    318     270    3014    290 |    8.60        0.00
POST     /predict/colleges [same marks cluster]                                         14631     0(0.00%) |    320     267    3751    290 |   29.60        0.00
POST     /predict/combo [200+ choices]                                                   3993     0(0.00%) |    318     268    2624    290 |    8.20        0.00
--------|----------------------------------------------------------------------------|-------|-------------|-------|-------|-------|-------|--------|-----------
         Aggregated                                                                     27150     0(0.00%) |    426     267    3751    290 |   56.70        0.00

Type     Name                                                                          # reqs      # fails |    Avg     Min     Max    Med |   req/s  failures/s
--------|----------------------------------------------------------------------------|-------|-------------|-------|-------|-------|-------|--------|-----------
POST     /auth/login                                                                      200     0(0.00%) |   1235     590    2562   1000 |    0.00        0.00
POST     /auth/update-profile [rapid changes]                                            1533     0(0.00%) |    406     284    2576    310 |    3.10        0.00
POST     /payment/create-order-marks [spam]                                              2411     0(0.00%) |   1395    1101    3133   1200 |    5.10        0.00
POST     /predict/colleges [during marks churn]                                           803     0(0.00%) |    314     268    1763    290 |    2.30        0.00
POST     /predict/colleges [near-identical marks]                                        3613     0(0.00%) |    318     270    3014    290 |    9.30        0.00
POST     /predict/colleges [same marks cluster]                                         14688     0(0.00%) |    320     267    3751    290 |   29.50        0.00
POST     /predict/combo [200+ choices]                                                   4017     0(0.00%) |    318     268    2624    290 |    7.90        0.00
--------|----------------------------------------------------------------------------|-------|-------------|-------|-------|-------|-------|--------|-----------
         Aggregated                                                                     27265     0(0.00%) |    426     267    3751    290 |   57.20        0.00

Type     Name                                                                          # reqs      # fails |    Avg     Min     Max    Med |   req/s  failures/s
--------|----------------------------------------------------------------------------|-------|-------------|-------|-------|-------|-------|--------|-----------
POST     /auth/login                                                                      200     0(0.00%) |   1235     590    2562   1000 |    0.00        0.00
POST     /auth/update-profile [rapid changes]                                            1539     0(0.00%) |    406     284    2576    310 |    2.90        0.00
POST     /payment/create-order-marks [spam]                                              2425     0(0.00%) |   1395    1101    3133   1200 |    5.40        0.00
POST     /predict/colleges [during marks churn]                                           805     0(0.00%) |    314     268    1763    290 |    1.90        0.00
POST     /predict/colleges [near-identical marks]                                        3629     0(0.00%) |    318     270    3014    290 |    8.90        0.00
POST     /predict/colleges [same marks cluster]                                         14750     0(0.00%) |    320     267    3751    290 |   29.60        0.00
POST     /predict/combo [200+ choices]                                                   4035     0(0.00%) |    318     268    2624    290 |    9.20        0.00
--------|----------------------------------------------------------------------------|-------|-------------|-------|-------|-------|-------|--------|-----------
         Aggregated                                                                     27383     0(0.00%) |    426     267    3751    290 |   57.90        0.00

Type     Name                                                                          # reqs      # fails |    Avg     Min     Max    Med |   req/s  failures/s
--------|----------------------------------------------------------------------------|-------|-------------|-------|-------|-------|-------|--------|-----------
POST     /auth/login                                                                      200     0(0.00%) |   1235     590    2562   1000 |    0.00        0.00
POST     /auth/update-profile [rapid changes]                                            1548     0(0.00%) |    406     284    2576    310 |    3.10        0.00
POST     /payment/create-order-marks [spam]                                              2432     0(0.00%) |   1394    1101    3133   1200 |    5.10        0.00
POST     /predict/colleges [during marks churn]                                           811     0(0.00%) |    314     268    1763    290 |    2.10        0.00
POST     /predict/colleges [near-identical marks]                                        3646     0(0.00%) |    318     270    3014    290 |    8.90        0.00
POST     /predict/colleges [same marks cluster]                                         14821     0(0.00%) |    320     267    3751    290 |   30.30        0.00
POST     /predict/combo [200+ choices]                                                   4051     0(0.00%) |    318     268    2624    290 |    9.00        0.00
--------|----------------------------------------------------------------------------|-------|-------------|-------|-------|-------|-------|--------|-----------
         Aggregated                                                                     27509     0(0.00%) |    426     267    3751    290 |   58.50        0.00

Type     Name                                                                          # reqs      # fails |    Avg     Min     Max    Med |   req/s  failures/s
--------|----------------------------------------------------------------------------|-------|-------------|-------|-------|-------|-------|--------|-----------
POST     /auth/login                                                                      200     0(0.00%) |   1235     590    2562   1000 |    0.00        0.00
POST     /auth/update-profile [rapid changes]                                            1559     0(0.00%) |    406     284    2576    310 |    3.40        0.00
POST     /payment/create-order-marks [spam]                                              2441     0(0.00%) |   1395    1101    3133   1200 |    5.30        0.00
POST     /predict/colleges [during marks churn]                                           815     0(0.00%) |    313     268    1763    290 |    2.30        0.00
POST     /predict/colleges [near-identical marks]                                        3661     0(0.00%) |    318     270    3014    290 |    9.50        0.00
POST     /predict/colleges [same marks cluster]                                         14886     0(0.00%) |    320     267    3751    290 |   31.80        0.00
POST     /predict/combo [200+ choices]                                                   4071     0(0.00%) |    318     268    2624    290 |    8.70        0.00
--------|----------------------------------------------------------------------------|-------|-------------|-------|-------|-------|-------|--------|-----------
         Aggregated                                                                     27633     0(0.00%) |    426     267    3751    290 |   61.00        0.00

Type     Name                                                                          # reqs      # fails |    Avg     Min     Max    Med |   req/s  failures/s
--------|----------------------------------------------------------------------------|-------|-------------|-------|-------|-------|-------|--------|-----------
POST     /auth/login                                                                      200     0(0.00%) |   1235     590    2562   1000 |    0.00        0.00
POST     /auth/update-profile [rapid changes]                                            1572     0(0.00%) |    405     284    2576    310 |    3.80        0.00
POST     /payment/create-order-marks [spam]                                              2445     0(0.00%) |   1395    1101    3133   1200 |    5.00        0.00
POST     /predict/colleges [during marks churn]                                           818     0(0.00%) |    313     268    1763    290 |    1.70        0.00
POST     /predict/colleges [near-identical marks]                                        3676     0(0.00%) |    318     270    3014    290 |    8.40        0.00
POST     /predict/colleges [same marks cluster]                                         14944     0(0.00%) |    320     267    3751    290 |   32.50        0.00
POST     /predict/combo [200+ choices]                                                   4086     0(0.00%) |    318     268    2624    290 |    8.90        0.00
--------|----------------------------------------------------------------------------|-------|-------------|-------|-------|-------|-------|--------|-----------
         Aggregated                                                                     27741     0(0.00%) |    425     267    3751    290 |   60.30        0.00

Type     Name                                                                          # reqs      # fails |    Avg     Min     Max    Med |   req/s  failures/s
--------|----------------------------------------------------------------------------|-------|-------------|-------|-------|-------|-------|--------|-----------
POST     /auth/login                                                                      200     0(0.00%) |   1235     590    2562   1000 |    0.00        0.00
POST     /auth/update-profile [rapid changes]                                            1584     0(0.00%) |    404     284    2576    310 |    4.40        0.00
POST     /payment/create-order-marks [spam]                                              2455     0(0.00%) |   1395    1101    3133   1200 |    4.50        0.00
POST     /predict/colleges [during marks churn]                                           823     0(0.00%) |    313     268    1763    290 |    1.60        0.00
POST     /predict/colleges [near-identical marks]                                        3691     0(0.00%) |    318     270    3014    290 |    8.00        0.00
POST     /predict/colleges [same marks cluster]                                         15016     0(0.00%) |    320     267    3751    290 |   31.60        0.00
POST     /predict/combo [200+ choices]                                                   4104     0(0.00%) |    317     268    2624    290 |    9.20        0.00
--------|----------------------------------------------------------------------------|-------|-------------|-------|-------|-------|-------|--------|-----------
         Aggregated                                                                     27873     0(0.00%) |    425     267    3751    290 |   59.30        0.00

Type     Name                                                                          # reqs      # fails |    Avg     Min     Max    Med |   req/s  failures/s
--------|----------------------------------------------------------------------------|-------|-------------|-------|-------|-------|-------|--------|-----------
POST     /auth/login                                                                      200     0(0.00%) |   1235     590    2562   1000 |    0.00        0.00
POST     /auth/update-profile [rapid changes]                                            1595     0(0.00%) |    404     284    2576    310 |    5.10        0.00
POST     /payment/create-order-marks [spam]                                              2465     0(0.00%) |   1395    1101    3133   1200 |    4.40        0.00
POST     /predict/colleges [during marks churn]                                           827     0(0.00%) |    313     268    1763    290 |    2.00        0.00
POST     /predict/colleges [near-identical marks]                                        3708     0(0.00%) |    318     270    3014    290 |    7.90        0.00
POST     /predict/colleges [same marks cluster]                                         15080     0(0.00%) |    320     267    3751    290 |   32.70        0.00
POST     /predict/combo [200+ choices]                                                   4119     0(0.00%) |    317     268    2624    290 |    8.80        0.00
--------|----------------------------------------------------------------------------|-------|-------------|-------|-------|-------|-------|--------|-----------
         Aggregated                                                                     27994     0(0.00%) |    425     267    3751    290 |   60.90        0.00

Type     Name                                                                          # reqs      # fails |    Avg     Min     Max    Med |   req/s  failures/s
--------|----------------------------------------------------------------------------|-------|-------------|-------|-------|-------|-------|--------|-----------
POST     /auth/login                                                                      200     0(0.00%) |   1235     590    2562   1000 |    0.00        0.00
POST     /auth/update-profile [rapid changes]                                            1601     0(0.00%) |    404     284    2576    310 |    5.50        0.00
POST     /payment/create-order-marks [spam]                                              2474     0(0.00%) |   1395    1101    3133   1200 |    4.10        0.00
POST     /predict/colleges [during marks churn]                                           832     0(0.00%) |    313     268    1763    290 |    2.20        0.00
POST     /predict/colleges [near-identical marks]                                        3728     0(0.00%) |    318     270    3014    290 |    8.00        0.00
POST     /predict/colleges [same marks cluster]                                         15138     0(0.00%) |    320     267    3751    290 |   32.60        0.00
POST     /predict/combo [200+ choices]                                                   4141     0(0.00%) |    317     268    2624    290 |    8.40        0.00
--------|----------------------------------------------------------------------------|-------|-------------|-------|-------|-------|-------|--------|-----------
         Aggregated                                                                     28114     0(0.00%) |    425     267    3751    290 |   60.80        0.00

Type     Name                                                                          # reqs      # fails |    Avg     Min     Max    Med |   req/s  failures/s
--------|----------------------------------------------------------------------------|-------|-------------|-------|-------|-------|-------|--------|-----------
POST     /auth/login                                                                      200     0(0.00%) |   1235     590    2562   1000 |    0.00        0.00
POST     /auth/update-profile [rapid changes]                                            1607     0(0.00%) |    404     284    2576    310 |    5.30        0.00
POST     /payment/create-order-marks [spam]                                              2486     0(0.00%) |   1395    1101    3133   1200 |    4.10        0.00
POST     /predict/colleges [during marks churn]                                           837     0(0.00%) |    313     268    1763    290 |    2.10        0.00
POST     /predict/colleges [near-identical marks]                                        3744     0(0.00%) |    317     270    3014    290 |    7.80        0.00
POST     /predict/colleges [same marks cluster]                                         15201     0(0.00%) |    320     267    3751    290 |   31.50        0.00
POST     /predict/combo [200+ choices]                                                   4155     0(0.00%) |    317     268    2624    290 |    8.80        0.00
--------|----------------------------------------------------------------------------|-------|-------------|-------|-------|-------|-------|--------|-----------
         Aggregated                                                                     28230     0(0.00%) |    425     267    3751    290 |   59.60        0.00

Type     Name                                                                          # reqs      # fails |    Avg     Min     Max    Med |   req/s  failures/s
--------|----------------------------------------------------------------------------|-------|-------------|-------|-------|-------|-------|--------|-----------
POST     /auth/login                                                                      200     0(0.00%) |   1235     590    2562   1000 |    0.00        0.00
POST     /auth/update-profile [rapid changes]                                            1614     0(0.00%) |    404     284    2576    310 |    4.80        0.00
POST     /payment/create-order-marks [spam]                                              2499     0(0.00%) |   1394    1101    3133   1200 |    4.50        0.00
POST     /predict/colleges [during marks churn]                                           837     0(0.00%) |    313     268    1763    290 |    2.30        0.00
POST     /predict/colleges [near-identical marks]                                        3758     0(0.00%) |    317     270    3014    290 |    8.40        0.00
POST     /predict/colleges [same marks cluster]                                         15274     0(0.00%) |    320     267    3751    290 |   31.10        0.00
POST     /predict/combo [200+ choices]                                                   4171     0(0.00%) |    317     268    2624    290 |    8.40        0.00
--------|----------------------------------------------------------------------------|-------|-------------|-------|-------|-------|-------|--------|-----------
         Aggregated                                                                     28353     0(0.00%) |    425     267    3751    290 |   59.50        0.00

Type     Name                                                                          # reqs      # fails |    Avg     Min     Max    Med |   req/s  failures/s
--------|----------------------------------------------------------------------------|-------|-------------|-------|-------|-------|-------|--------|-----------
POST     /auth/login                                                                      200     0(0.00%) |   1235     590    2562   1000 |    0.00        0.00
POST     /auth/update-profile [rapid changes]                                            1621     0(0.00%) |    404     284    2576    310 |    4.20        0.00
POST     /payment/create-order-marks [spam]                                              2506     0(0.00%) |   1394    1101    3133   1200 |    5.20        0.00
POST     /predict/colleges [during marks churn]                                           842     0(0.00%) |    313     268    1763    290 |    1.90        0.00
POST     /predict/colleges [near-identical marks]                                        3767     0(0.00%) |    317     270    3014    290 |    8.30        0.00
POST     /predict/colleges [same marks cluster]                                         15335     0(0.00%) |    319     267    3751    290 |   32.60        0.00
POST     /predict/combo [200+ choices]                                                   4190     0(0.00%) |    317     268    2624    290 |    8.50        0.00
--------|----------------------------------------------------------------------------|-------|-------------|-------|-------|-------|-------|--------|-----------
         Aggregated                                                                     28461     0(0.00%) |    424     267    3751    290 |   60.70        0.00

Type     Name                                                                          # reqs      # fails |    Avg     Min     Max    Med |   req/s  failures/s
--------|----------------------------------------------------------------------------|-------|-------------|-------|-------|-------|-------|--------|-----------
POST     /auth/login                                                                      200     0(0.00%) |   1235     590    2562   1000 |    0.00        0.00
POST     /auth/update-profile [rapid changes]                                            1629     0(0.00%) |    403     284    2576    310 |    3.70        0.00
POST     /payment/create-order-marks [spam]                                              2518     0(0.00%) |   1394    1101    3133   1200 |    4.90        0.00
POST     /predict/colleges [during marks churn]                                           843     0(0.00%) |    313     268    1763    290 |    1.90        0.00
POST     /predict/colleges [near-identical marks]                                        3786     0(0.00%) |    317     270    3014    290 |    7.60        0.00
POST     /predict/colleges [same marks cluster]                                         15398     0(0.00%) |    319     267    3751    290 |   31.30        0.00
POST     /predict/combo [200+ choices]                                                   4208     0(0.00%) |    317     268    2624    290 |    8.20        0.00
--------|----------------------------------------------------------------------------|-------|-------------|-------|-------|-------|-------|--------|-----------
         Aggregated                                                                     28582     0(0.00%) |    425     267    3751    290 |   57.60        0.00

Type     Name                                                                          # reqs      # fails |    Avg     Min     Max    Med |   req/s  failures/s
--------|----------------------------------------------------------------------------|-------|-------------|-------|-------|-------|-------|--------|-----------
POST     /auth/login                                                                      200     0(0.00%) |   1235     590    2562   1000 |    0.00        0.00
POST     /auth/update-profile [rapid changes]                                            1635     0(0.00%) |    403     284    2576    310 |    3.30        0.00
POST     /payment/create-order-marks [spam]                                              2533     0(0.00%) |   1393    1101    3133   1200 |    5.20        0.00
POST     /predict/colleges [during marks churn]                                           844     0(0.00%) |    313     268    1763    290 |    1.60        0.00
POST     /predict/colleges [near-identical marks]                                        3806     0(0.00%) |    317     270    3014    290 |    7.20        0.00
POST     /predict/colleges [same marks cluster]                                         15455     0(0.00%) |    319     267    3751    290 |   31.40        0.00
POST     /predict/combo [200+ choices]                                                   4225     0(0.00%) |    317     268    2624    290 |    8.80        0.00
--------|----------------------------------------------------------------------------|-------|-------------|-------|-------|-------|-------|--------|-----------
         Aggregated                                                                     28698     0(0.00%) |    425     267    3751    290 |   57.50        0.00

Type     Name                                                                          # reqs      # fails |    Avg     Min     Max    Med |   req/s  failures/s
--------|----------------------------------------------------------------------------|-------|-------------|-------|-------|-------|-------|--------|-----------
POST     /auth/login                                                                      200     0(0.00%) |   1235     590    2562   1000 |    0.00        0.00
POST     /auth/update-profile [rapid changes]                                            1641     0(0.00%) |    403     284    2576    310 |    3.40        0.00
POST     /payment/create-order-marks [spam]                                              2543     0(0.00%) |   1393    1101    3133   1200 |    5.90        0.00
POST     /predict/colleges [during marks churn]                                           849     0(0.00%) |    313     268    1763    290 |    1.20        0.00
POST     /predict/colleges [near-identical marks]                                        3818     0(0.00%) |    317     270    3014    290 |    8.00        0.00
POST     /predict/colleges [same marks cluster]                                         15532     0(0.00%) |    319     267    3751    290 |   31.80        0.00
POST     /predict/combo [200+ choices]                                                   4241     0(0.00%) |    317     268    2624    290 |    8.50        0.00
--------|----------------------------------------------------------------------------|-------|-------------|-------|-------|-------|-------|--------|-----------
         Aggregated                                                                     28824     0(0.00%) |    424     267    3751    290 |   58.80        0.00

Type     Name                                                                          # reqs      # fails |    Avg     Min     Max    Med |   req/s  failures/s
--------|----------------------------------------------------------------------------|-------|-------------|-------|-------|-------|-------|--------|-----------
POST     /auth/login                                                                      200     0(0.00%) |   1235     590    2562   1000 |    0.00        0.00
POST     /auth/update-profile [rapid changes]                                            1648     0(0.00%) |    403     284    2576    310 |    3.40        0.00
POST     /payment/create-order-marks [spam]                                              2550     0(0.00%) |   1394    1101    3133   1200 |    5.40        0.00
POST     /predict/colleges [during marks churn]                                           853     0(0.00%) |    313     268    1763    290 |    1.00        0.00
POST     /predict/colleges [near-identical marks]                                        3831     0(0.00%) |    317     270    3014    290 |    7.40        0.00
POST     /predict/colleges [same marks cluster]                                         15599     0(0.00%) |    319     267    3751    290 |   32.90        0.00
POST     /predict/combo [200+ choices]                                                   4257     0(0.00%) |    317     268    2624    290 |    8.60        0.00
--------|----------------------------------------------------------------------------|-------|-------------|-------|-------|-------|-------|--------|-----------
         Aggregated                                                                     28938     0(0.00%) |    424     267    3751    290 |   58.70        0.00

Type     Name                                                                          # reqs      # fails |    Avg     Min     Max    Med |   req/s  failures/s
--------|----------------------------------------------------------------------------|-------|-------------|-------|-------|-------|-------|--------|-----------
POST     /auth/login                                                                      200     0(0.00%) |   1235     590    2562   1000 |    0.00        0.00
POST     /auth/update-profile [rapid changes]                                            1655     0(0.00%) |    403     284    2576    310 |    3.30        0.00
POST     /payment/create-order-marks [spam]                                              2559     0(0.00%) |   1393    1101    3133   1200 |    5.30        0.00
POST     /predict/colleges [during marks churn]                                           860     0(0.00%) |    313     268    1763    290 |    1.50        0.00
POST     /predict/colleges [near-identical marks]                                        3847     0(0.00%) |    317     270    3014    290 |    7.10        0.00
POST     /predict/colleges [same marks cluster]                                         15655     0(0.00%) |    319     267    3751    290 |   32.70        0.00
POST     /predict/combo [200+ choices]                                                   4277     0(0.00%) |    317     268    2624    290 |    8.50        0.00
--------|----------------------------------------------------------------------------|-------|-------------|-------|-------|-------|-------|--------|-----------
         Aggregated                                                                     29053     0(0.00%) |    424     267    3751    290 |   58.40        0.00

Type     Name                                                                          # reqs      # fails |    Avg     Min     Max    Med |   req/s  failures/s
--------|----------------------------------------------------------------------------|-------|-------------|-------|-------|-------|-------|--------|-----------
POST     /auth/login                                                                      200     0(0.00%) |   1235     590    2562   1000 |    0.00        0.00
POST     /auth/update-profile [rapid changes]                                            1660     0(0.00%) |    402     284    2576    310 |    3.40        0.00
POST     /payment/create-order-marks [spam]                                              2573     0(0.00%) |   1393    1101    3133   1200 |    5.50        0.00
POST     /predict/colleges [during marks churn]                                           864     0(0.00%) |    313     268    1763    290 |    1.70        0.00
POST     /predict/colleges [near-identical marks]                                        3864     0(0.00%) |    317     270    3014    290 |    8.00        0.00
POST     /predict/colleges [same marks cluster]                                         15720     0(0.00%) |    319     267    3751    290 |   32.60        0.00
POST     /predict/combo [200+ choices]                                                   4294     0(0.00%) |    317     268    2624    290 |    8.80        0.00
--------|----------------------------------------------------------------------------|-------|-------------|-------|-------|-------|-------|--------|-----------
         Aggregated                                                                     29175     0(0.00%) |    424     267    3751    290 |   60.00        0.00

Type     Name                                                                          # reqs      # fails |    Avg     Min     Max    Med |   req/s  failures/s
--------|----------------------------------------------------------------------------|-------|-------------|-------|-------|-------|-------|--------|-----------
POST     /auth/login                                                                      200     0(0.00%) |   1235     590    2562   1000 |    0.00        0.00
POST     /auth/update-profile [rapid changes]                                            1662     0(0.00%) |    402     284    2576    310 |    3.20        0.00
POST     /payment/create-order-marks [spam]                                              2581     0(0.00%) |   1393    1101    3133   1200 |    5.50        0.00
POST     /predict/colleges [during marks churn]                                           868     0(0.00%) |    313     268    1763    290 |    2.10        0.00
POST     /predict/colleges [near-identical marks]                                        3880     0(0.00%) |    317     270    3014    290 |    8.10        0.00
POST     /predict/colleges [same marks cluster]                                         15777     0(0.00%) |    319     267    3751    290 |   32.50        0.00
POST     /predict/combo [200+ choices]                                                   4314     0(0.00%) |    317     268    2624    290 |    8.60        0.00
--------|----------------------------------------------------------------------------|-------|-------------|-------|-------|-------|-------|--------|-----------
         Aggregated                                                                     29282     0(0.00%) |    424     267    3751    290 |   60.00        0.00

Type     Name                                                                          # reqs      # fails |    Avg     Min     Max    Med |   req/s  failures/s
--------|----------------------------------------------------------------------------|-------|-------------|-------|-------|-------|-------|--------|-----------
POST     /auth/login                                                                      200     0(0.00%) |   1235     590    2562   1000 |    0.00        0.00
POST     /auth/update-profile [rapid changes]                                            1668     0(0.00%) |    402     284    2576    310 |    2.60        0.00
POST     /payment/create-order-marks [spam]                                              2593     0(0.00%) |   1393    1101    3133   1200 |    4.90        0.00
POST     /predict/colleges [during marks churn]                                           871     0(0.00%) |    312     268    1763    290 |    2.40        0.00
POST     /predict/colleges [near-identical marks]                                        3900     0(0.00%) |    317     270    3014    290 |    7.30        0.00
POST     /predict/colleges [same marks cluster]                                         15845     0(0.00%) |    319     267    3751    290 |   32.10        0.00
POST     /predict/combo [200+ choices]                                                   4323     0(0.00%) |    317     268    2624    290 |    8.80        0.00
--------|----------------------------------------------------------------------------|-------|-------------|-------|-------|-------|-------|--------|-----------
         Aggregated                                                                     29400     0(0.00%) |    424     267    3751    290 |   58.10        0.00

Type     Name                                                                          # reqs      # fails |    Avg     Min     Max    Med |   req/s  failures/s
--------|----------------------------------------------------------------------------|-------|-------------|-------|-------|-------|-------|--------|-----------
POST     /auth/login                                                                      200     0(0.00%) |   1235     590    2562   1000 |    0.00        0.00
POST     /auth/update-profile [rapid changes]                                            1674     0(0.00%) |    403     284    2576    310 |    2.60        0.00
POST     /payment/create-order-marks [spam]                                              2604     0(0.00%) |   1393    1101    3133   1200 |    5.30        0.00
POST     /predict/colleges [during marks churn]                                           874     0(0.00%) |    312     268    1763    290 |    2.40        0.00
POST     /predict/colleges [near-identical marks]                                        3916     0(0.00%) |    317     270    3014    290 |    7.90        0.00
POST     /predict/colleges [same marks cluster]                                         15907     0(0.00%) |    319     267    3751    290 |   30.70        0.00
POST     /predict/combo [200+ choices]                                                   4341     0(0.00%) |    317     268    2624    290 |    8.30        0.00
--------|----------------------------------------------------------------------------|-------|-------------|-------|-------|-------|-------|--------|-----------
         Aggregated                                                                     29516     0(0.00%) |    424     267    3751    290 |   57.20        0.00

Type     Name                                                                          # reqs      # fails |    Avg     Min     Max    Med |   req/s  failures/s
--------|----------------------------------------------------------------------------|-------|-------------|-------|-------|-------|-------|--------|-----------
POST     /auth/login                                                                      200     0(0.00%) |   1235     590    2562   1000 |    0.00        0.00
POST     /auth/update-profile [rapid changes]                                            1683     0(0.00%) |    403     284    2576    310 |    2.60        0.00
POST     /payment/create-order-marks [spam]                                              2616     0(0.00%) |   1393    1101    3133   1200 |    5.40        0.00
POST     /predict/colleges [during marks churn]                                           876     0(0.00%) |    312     268    1763    290 |    2.20        0.00
POST     /predict/colleges [near-identical marks]                                        3931     0(0.00%) |    317     270    3014    290 |    8.70        0.00
POST     /predict/colleges [same marks cluster]                                         15970     0(0.00%) |    319     267    3751    290 |   30.60        0.00
POST     /predict/combo [200+ choices]                                                   4366     0(0.00%) |    317     268    2624    290 |    8.40        0.00
--------|----------------------------------------------------------------------------|-------|-------------|-------|-------|-------|-------|--------|-----------
         Aggregated                                                                     29642     0(0.00%) |    424     267    3751    290 |   57.90        0.00

Type     Name                                                                          # reqs      # fails |    Avg     Min     Max    Med |   req/s  failures/s
--------|----------------------------------------------------------------------------|-------|-------------|-------|-------|-------|-------|--------|-----------
POST     /auth/login                                                                      200     0(0.00%) |   1235     590    2562   1000 |    0.00        0.00
POST     /auth/update-profile [rapid changes]                                            1691     0(0.00%) |    404     284    2576    310 |    2.70        0.00
POST     /payment/create-order-marks [spam]                                              2625     0(0.00%) |   1393    1101    3133   1200 |    5.50        0.00
POST     /predict/colleges [during marks churn]                                           882     0(0.00%) |    312     268    1763    290 |    1.70        0.00
POST     /predict/colleges [near-identical marks]                                        3945     0(0.00%) |    317     270    3014    290 |    8.40        0.00
POST     /predict/colleges [same marks cluster]                                         16030     0(0.00%) |    319     267    3751    290 |   31.20        0.00
POST     /predict/combo [200+ choices]                                                   4383     0(0.00%) |    317     268    2624    290 |    9.00        0.00
--------|----------------------------------------------------------------------------|-------|-------------|-------|-------|-------|-------|--------|-----------
         Aggregated                                                                     29756     0(0.00%) |    424     267    3751    290 |   58.50        0.00

Type     Name                                                                          # reqs      # fails |    Avg     Min     Max    Med |   req/s  failures/s
--------|----------------------------------------------------------------------------|-------|-------------|-------|-------|-------|-------|--------|-----------
POST     /auth/login                                                                      200     0(0.00%) |   1235     590    2562   1000 |    0.00        0.00
POST     /auth/update-profile [rapid changes]                                            1697     0(0.00%) |    404     284    2576    310 |    3.20        0.00
POST     /payment/create-order-marks [spam]                                              2636     0(0.00%) |   1392    1101    3133   1200 |    5.20        0.00
POST     /predict/colleges [during marks churn]                                           883     0(0.00%) |    312     268    1763    290 |    1.70        0.00
POST     /predict/colleges [near-identical marks]                                        3965     0(0.00%) |    317     270    3014    290 |    8.10        0.00
POST     /predict/colleges [same marks cluster]                                         16090     0(0.00%) |    319     267    3751    290 |   31.00        0.00
POST     /predict/combo [200+ choices]                                                   4397     0(0.00%) |    316     268    2624    290 |    8.80        0.00
--------|----------------------------------------------------------------------------|-------|-------------|-------|-------|-------|-------|--------|-----------
         Aggregated                                                                     29868     0(0.00%) |    424     267    3751    290 |   58.00        0.00

Type     Name                                                                          # reqs      # fails |    Avg     Min     Max    Med |   req/s  failures/s
--------|----------------------------------------------------------------------------|-------|-------------|-------|-------|-------|-------|--------|-----------
POST     /auth/login                                                                      200     0(0.00%) |   1235     590    2562   1000 |    0.00        0.00
POST     /auth/update-profile [rapid changes]                                            1705     0(0.00%) |    404     284    2576    310 |    3.50        0.00
POST     /payment/create-order-marks [spam]                                              2649     0(0.00%) |   1393    1101    3133   1200 |    5.10        0.00
POST     /predict/colleges [during marks churn]                                           885     0(0.00%) |    312     268    1763    290 |    1.50        0.00
POST     /predict/colleges [near-identical marks]                                        3984     0(0.00%) |    317     270    3014    290 |    8.70        0.00
POST     /predict/colleges [same marks cluster]                                         16158     0(0.00%) |    319     267    3751    290 |   31.00        0.00
POST     /predict/combo [200+ choices]                                                   4412     0(0.00%) |    316     268    2624    290 |    8.40        0.00
--------|----------------------------------------------------------------------------|-------|-------------|-------|-------|-------|-------|--------|-----------
         Aggregated                                                                     29993     0(0.00%) |    424     267    3751    290 |   58.20        0.00

Type     Name                                                                          # reqs      # fails |    Avg     Min     Max    Med |   req/s  failures/s
--------|----------------------------------------------------------------------------|-------|-------------|-------|-------|-------|-------|--------|-----------
POST     /auth/login                                                                      200     0(0.00%) |   1235     590    2562   1000 |    0.00        0.00
POST     /auth/update-profile [rapid changes]                                            1716     0(0.00%) |    403     284    2576    310 |    3.70        0.00
POST     /payment/create-order-marks [spam]                                              2658     0(0.00%) |   1392    1101    3133   1200 |    5.50        0.00
POST     /predict/colleges [during marks churn]                                           887     0(0.00%) |    312     268    1763    290 |    1.40        0.00
POST     /predict/colleges [near-identical marks]                                        3995     0(0.00%) |    317     270    3014    290 |    8.30        0.00
POST     /predict/colleges [same marks cluster]                                         16223     0(0.00%) |    318     267    3751    290 |   31.70        0.00
POST     /predict/combo [200+ choices]                                                   4432     0(0.00%) |    316     268    2624    290 |    8.70        0.00
--------|----------------------------------------------------------------------------|-------|-------------|-------|-------|-------|-------|--------|-----------
         Aggregated                                                                     30111     0(0.00%) |    423     267    3751    290 |   59.30        0.00

Type     Name                                                                          # reqs      # fails |    Avg     Min     Max    Med |   req/s  failures/s
--------|----------------------------------------------------------------------------|-------|-------------|-------|-------|-------|-------|--------|-----------
POST     /auth/login                                                                      200     0(0.00%) |   1235     590    2562   1000 |    0.00        0.00
POST     /auth/update-profile [rapid changes]                                            1718     0(0.00%) |    403     284    2576    310 |    4.20        0.00
POST     /payment/create-order-marks [spam]                                              2671     0(0.00%) |   1392    1101    3133   1200 |    5.40        0.00
POST     /predict/colleges [during marks churn]                                           892     0(0.00%) |    312     268    1763    290 |    1.30        0.00
POST     /predict/colleges [near-identical marks]                                        4006     0(0.00%) |    317     270    3014    290 |    7.80        0.00
POST     /predict/colleges [same marks cluster]                                         16289     0(0.00%) |    318     267    3751    290 |   31.10        0.00
POST     /predict/combo [200+ choices]                                                   4452     0(0.00%) |    316     268    2624    290 |    9.00        0.00
--------|----------------------------------------------------------------------------|-------|-------------|-------|-------|-------|-------|--------|-----------
         Aggregated                                                                     30228     0(0.00%) |    423     267    3751    290 |   58.80        0.00

Type     Name                                                                          # reqs      # fails |    Avg     Min     Max    Med |   req/s  failures/s
--------|----------------------------------------------------------------------------|-------|-------------|-------|-------|-------|-------|--------|-----------
POST     /auth/login                                                                      200     0(0.00%) |   1235     590    2562   1000 |    0.00        0.00
POST     /auth/update-profile [rapid changes]                                            1721     0(0.00%) |    403     284    2576    310 |    3.60        0.00
POST     /payment/create-order-marks [spam]                                              2684     0(0.00%) |   1392    1101    3133   1200 |    5.60        0.00
POST     /predict/colleges [during marks churn]                                           896     0(0.00%) |    312     268    1763    290 |    1.60        0.00
POST     /predict/colleges [near-identical marks]                                        4022     0(0.00%) |    317     270    3014    290 |    7.50        0.00
POST     /predict/colleges [same marks cluster]                                         16352     0(0.00%) |    318     267    3751    290 |   31.90        0.00
POST     /predict/combo [200+ choices]                                                   4468     0(0.00%) |    316     268    2624    290 |    8.40        0.00
--------|----------------------------------------------------------------------------|-------|-------------|-------|-------|-------|-------|--------|-----------
         Aggregated                                                                     30343     0(0.00%) |    423     267    3751    290 |   58.60        0.00

Type     Name                                                                          # reqs      # fails |    Avg     Min     Max    Med |   req/s  failures/s
--------|----------------------------------------------------------------------------|-------|-------------|-------|-------|-------|-------|--------|-----------
POST     /auth/login                                                                      200     0(0.00%) |   1235     590    2562   1000 |    0.00        0.00
POST     /auth/update-profile [rapid changes]                                            1728     0(0.00%) |    403     284    2576    310 |    3.00        0.00
POST     /payment/create-order-marks [spam]                                              2693     0(0.00%) |   1392    1101    3133   1200 |    5.80        0.00
POST     /predict/colleges [during marks churn]                                           900     0(0.00%) |    312     268    1763    290 |    1.50        0.00
POST     /predict/colleges [near-identical marks]                                        4036     0(0.00%) |    317     270    3014    290 |    7.90        0.00
POST     /predict/colleges [same marks cluster]                                         16412     0(0.00%) |    318     267    3751    290 |   31.80        0.00
POST     /predict/combo [200+ choices]                                                   4481     0(0.00%) |    316     268    2624    290 |    8.40        0.00
--------|----------------------------------------------------------------------------|-------|-------------|-------|-------|-------|-------|--------|-----------
         Aggregated                                                                     30450     0(0.00%) |    423     267    3751    290 |   58.40        0.00

Type     Name                                                                          # reqs      # fails |    Avg     Min     Max    Med |   req/s  failures/s
--------|----------------------------------------------------------------------------|-------|-------------|-------|-------|-------|-------|--------|-----------
POST     /auth/login                                                                      200     0(0.00%) |   1235     590    2562   1000 |    0.00        0.00
POST     /auth/update-profile [rapid changes]                                            1738     0(0.00%) |    403     284    2576    310 |    3.10        0.00
POST     /payment/create-order-marks [spam]                                              2700     0(0.00%) |   1392    1101    3133   1200 |    6.00        0.00
POST     /predict/colleges [during marks churn]                                           901     0(0.00%) |    312     268    1763    290 |    1.70        0.00
POST     /predict/colleges [near-identical marks]                                        4053     0(0.00%) |    317     270    3014    290 |    7.00        0.00
POST     /predict/colleges [same marks cluster]                                         16484     0(0.00%) |    318     267    3751    290 |   33.00        0.00
POST     /predict/combo [200+ choices]                                                   4504     0(0.00%) |    316     268    2624    290 |    8.50        0.00
--------|----------------------------------------------------------------------------|-------|-------------|-------|-------|-------|-------|--------|-----------
         Aggregated                                                                     30580     0(0.00%) |    423     267    3751    290 |   59.30        0.00

Type     Name                                                                          # reqs      # fails |    Avg     Min     Max    Med |   req/s  failures/s
--------|----------------------------------------------------------------------------|-------|-------------|-------|-------|-------|-------|--------|-----------
POST     /auth/login                                                                      200     0(0.00%) |   1235     590    2562   1000 |    0.00        0.00
POST     /auth/update-profile [rapid changes]                                            1743     0(0.00%) |    403     284    2576    310 |    3.50        0.00
POST     /payment/create-order-marks [spam]                                              2712     0(0.00%) |   1391    1101    3133   1200 |    5.10        0.00
POST     /predict/colleges [during marks churn]                                           902     0(0.00%) |    312     268    1763    290 |    1.60        0.00
POST     /predict/colleges [near-identical marks]                                        4071     0(0.00%) |    317     270    3014    290 |    7.10        0.00
POST     /predict/colleges [same marks cluster]                                         16545     0(0.00%) |    318     267    3751    290 |   32.80        0.00
POST     /predict/combo [200+ choices]                                                   4521     0(0.00%) |    316     268    2624    290 |    8.90        0.00
--------|----------------------------------------------------------------------------|-------|-------------|-------|-------|-------|-------|--------|-----------
         Aggregated                                                                     30694     0(0.00%) |    423     267    3751    290 |   59.00        0.00

Type     Name                                                                          # reqs      # fails |    Avg     Min     Max    Med |   req/s  failures/s
--------|----------------------------------------------------------------------------|-------|-------------|-------|-------|-------|-------|--------|-----------
POST     /auth/login                                                                      200     0(0.00%) |   1235     590    2562   1000 |    0.00        0.00
POST     /auth/update-profile [rapid changes]                                            1750     0(0.00%) |    403     284    2576    310 |    2.70        0.00
POST     /payment/create-order-marks [spam]                                              2723     0(0.00%) |   1391    1101    3133   1200 |    5.20        0.00
POST     /predict/colleges [during marks churn]                                           905     0(0.00%) |    312     268    1763    290 |    1.50        0.00
POST     /predict/colleges [near-identical marks]                                        4084     0(0.00%) |    317     270    3014    290 |    7.50        0.00
POST     /predict/colleges [same marks cluster]                                         16608     0(0.00%) |    319     267    3751    290 |   32.40        0.00
POST     /predict/combo [200+ choices]                                                   4533     0(0.00%) |    316     268    2624    290 |    9.10        0.00
--------|----------------------------------------------------------------------------|-------|-------------|-------|-------|-------|-------|--------|-----------
         Aggregated                                                                     30803     0(0.00%) |    423     267    3751    290 |   58.40        0.00

Type     Name                                                                          # reqs      # fails |    Avg     Min     Max    Med |   req/s  failures/s
--------|----------------------------------------------------------------------------|-------|-------------|-------|-------|-------|-------|--------|-----------
POST     /auth/login                                                                      200     0(0.00%) |   1235     590    2562   1000 |    0.00        0.00
POST     /auth/update-profile [rapid changes]                                            1759     0(0.00%) |    403     284    2576    310 |    3.10        0.00
POST     /payment/create-order-marks [spam]                                              2733     0(0.00%) |   1391    1101    3133   1200 |    5.00        0.00
POST     /predict/colleges [during marks churn]                                           912     0(0.00%) |    312     268    1763    290 |    1.30        0.00
POST     /predict/colleges [near-identical marks]                                        4101     0(0.00%) |    317     270    3014    290 |    7.60        0.00
POST     /predict/colleges [same marks cluster]                                         16676     0(0.00%) |    318     267    3751    290 |   29.70        0.00
POST     /predict/combo [200+ choices]                                                   4555     0(0.00%) |    316     268    2624    290 |    8.20        0.00
--------|----------------------------------------------------------------------------|-------|-------------|-------|-------|-------|-------|--------|-----------
         Aggregated                                                                     30936     0(0.00%) |    423     267    3751    290 |   54.90        0.00

Type     Name                                                                          # reqs      # fails |    Avg     Min     Max    Med |   req/s  failures/s
--------|----------------------------------------------------------------------------|-------|-------------|-------|-------|-------|-------|--------|-----------
POST     /auth/login                                                                      200     0(0.00%) |   1235     590    2562   1000 |    0.00        0.00
POST     /auth/update-profile [rapid changes]                                            1765     0(0.00%) |    403     284    2576    310 |    3.60        0.00
POST     /payment/create-order-marks [spam]                                              2744     0(0.00%) |   1390    1101    3133   1200 |    4.90        0.00
POST     /predict/colleges [during marks churn]                                           917     0(0.00%) |    312     268    1763    290 |    1.60        0.00
POST     /predict/colleges [near-identical marks]                                        4117     0(0.00%) |    317     269    3014    290 |    7.70        0.00
POST     /predict/colleges [same marks cluster]                                         16735     0(0.00%) |    318     267    3751    290 |   32.10        0.00
POST     /predict/combo [200+ choices]                                                   4575     0(0.00%) |    316     268    2624    290 |    8.30        0.00
--------|----------------------------------------------------------------------------|-------|-------------|-------|-------|-------|-------|--------|-----------
         Aggregated                                                                     31053     0(0.00%) |    423     267    3751    290 |   58.20        0.00

Type     Name                                                                          # reqs      # fails |    Avg     Min     Max    Med |   req/s  failures/s
--------|----------------------------------------------------------------------------|-------|-------------|-------|-------|-------|-------|--------|-----------
POST     /auth/login                                                                      200     0(0.00%) |   1235     590    2562   1000 |    0.00        0.00
POST     /auth/update-profile [rapid changes]                                            1776     0(0.00%) |    402     284    2576    310 |    3.70        0.00
POST     /payment/create-order-marks [spam]                                              2750     0(0.00%) |   1390    1101    3133   1200 |    5.10        0.00
POST     /predict/colleges [during marks churn]                                           921     0(0.00%) |    312     268    1763    290 |    1.60        0.00
POST     /predict/colleges [near-identical marks]                                        4131     0(0.00%) |    316     269    3014    290 |    7.90        0.00
POST     /predict/colleges [same marks cluster]                                         16800     0(0.00%) |    318     267    3751    290 |   32.00        0.00
POST     /predict/combo [200+ choices]                                                   4591     0(0.00%) |    316     268    2624    290 |    9.20        0.00
--------|----------------------------------------------------------------------------|-------|-------------|-------|-------|-------|-------|--------|-----------
         Aggregated                                                                     31169     0(0.00%) |    423     267    3751    290 |   59.50        0.00

Type     Name                                                                          # reqs      # fails |    Avg     Min     Max    Med |   req/s  failures/s
--------|----------------------------------------------------------------------------|-------|-------------|-------|-------|-------|-------|--------|-----------
POST     /auth/login                                                                      200     0(0.00%) |   1235     590    2562   1000 |    0.00        0.00
POST     /auth/update-profile [rapid changes]                                            1786     0(0.00%) |    402     284    2576    310 |    3.80        0.00
POST     /payment/create-order-marks [spam]                                              2758     0(0.00%) |   1390    1101    3133   1200 |    5.00        0.00
POST     /predict/colleges [during marks churn]                                           925     0(0.00%) |    312     268    1763    290 |    1.70        0.00
POST     /predict/colleges [near-identical marks]                                        4151     0(0.00%) |    316     269    3014    290 |    7.80        0.00
POST     /predict/colleges [same marks cluster]                                         16861     0(0.00%) |    318     267    3751    290 |   31.00        0.00
POST     /predict/combo [200+ choices]                                                   4607     0(0.00%) |    316     268    2624    290 |    8.90        0.00
--------|----------------------------------------------------------------------------|-------|-------------|-------|-------|-------|-------|--------|-----------
         Aggregated                                                                     31288     0(0.00%) |    423     267    3751    290 |   58.20        0.00

Type     Name                                                                          # reqs      # fails |    Avg     Min     Max    Med |   req/s  failures/s
--------|----------------------------------------------------------------------------|-------|-------------|-------|-------|-------|-------|--------|-----------
POST     /auth/login                                                                      200     0(0.00%) |   1235     590    2562   1000 |    0.00        0.00
POST     /auth/update-profile [rapid changes]                                            1798     0(0.00%) |    402     284    2576    310 |    4.10        0.00
POST     /payment/create-order-marks [spam]                                              2765     0(0.00%) |   1390    1101    3133   1200 |    4.60        0.00
POST     /predict/colleges [during marks churn]                                           928     0(0.00%) |    312     268    1763    290 |    2.30        0.00
POST     /predict/colleges [near-identical marks]                                        4164     0(0.00%) |    316     269    3014    290 |    7.80        0.00
POST     /predict/colleges [same marks cluster]                                         16931     0(0.00%) |    318     267    3751    290 |   31.80        0.00
POST     /predict/combo [200+ choices]                                                   4627     0(0.00%) |    316     268    2624    290 |    8.40        0.00
--------|----------------------------------------------------------------------------|-------|-------------|-------|-------|-------|-------|--------|-----------
         Aggregated                                                                     31413     0(0.00%) |    422     267    3751    290 |   59.00        0.00

Type     Name                                                                          # reqs      # fails |    Avg     Min     Max    Med |   req/s  failures/s
--------|----------------------------------------------------------------------------|-------|-------------|-------|-------|-------|-------|--------|-----------
POST     /auth/login                                                                      200     0(0.00%) |   1235     590    2562   1000 |    0.00        0.00
POST     /auth/update-profile [rapid changes]                                            1804     0(0.00%) |    401     284    2576    310 |    4.80        0.00
POST     /payment/create-order-marks [spam]                                              2775     0(0.00%) |   1390    1101    3133   1200 |    4.40        0.00
POST     /predict/colleges [during marks churn]                                           932     0(0.00%) |    312     268    1763    290 |    2.20        0.00
POST     /predict/colleges [near-identical marks]                                        4184     0(0.00%) |    316     269    3014    290 |    8.20        0.00
POST     /predict/colleges [same marks cluster]                                         16983     0(0.00%) |    318     267    3751    290 |   34.20        0.00
POST     /predict/combo [200+ choices]                                                   4642     0(0.00%) |    316     268    2624    290 |    9.40        0.00
--------|----------------------------------------------------------------------------|-------|-------------|-------|-------|-------|-------|--------|-----------
         Aggregated                                                                     31520     0(0.00%) |    422     267    3751    290 |   63.20        0.00

Type     Name                                                                          # reqs      # fails |    Avg     Min     Max    Med |   req/s  failures/s
--------|----------------------------------------------------------------------------|-------|-------------|-------|-------|-------|-------|--------|-----------
POST     /auth/login                                                                      200     0(0.00%) |   1235     590    2562   1000 |    0.00        0.00
POST     /auth/update-profile [rapid changes]                                            1809     0(0.00%) |    402     284    2576    310 |    4.60        0.00
POST     /payment/create-order-marks [spam]                                              2789     0(0.00%) |   1389    1101    3133   1200 |    4.20        0.00
POST     /predict/colleges [during marks churn]                                           935     0(0.00%) |    312     268    1763    290 |    2.00        0.00
POST     /predict/colleges [near-identical marks]                                        4198     0(0.00%) |    316     269    3014    290 |    8.40        0.00
POST     /predict/colleges [same marks cluster]                                         17046     0(0.00%) |    318     267    3751    290 |   31.30        0.00
POST     /predict/combo [200+ choices]                                                   4654     0(0.00%) |    316     268    2624    290 |    9.40        0.00
--------|----------------------------------------------------------------------------|-------|-------------|-------|-------|-------|-------|--------|-----------
         Aggregated                                                                     31631     0(0.00%) |    422     267    3751    290 |   59.90        0.00

Type     Name                                                                          # reqs      # fails |    Avg     Min     Max    Med |   req/s  failures/s
--------|----------------------------------------------------------------------------|-------|-------------|-------|-------|-------|-------|--------|-----------
POST     /auth/login                                                                      200     0(0.00%) |   1235     590    2562   1000 |    0.00        0.00
POST     /auth/update-profile [rapid changes]                                            1809     0(0.00%) |    402     284    2576    310 |    4.40        0.00
POST     /payment/create-order-marks [spam]                                              2800     0(0.00%) |   1389    1101    3133   1200 |    4.30        0.00
POST     /predict/colleges [during marks churn]                                           941     0(0.00%) |    312     268    1763    290 |    1.80        0.00
POST     /predict/colleges [near-identical marks]                                        4210     0(0.00%) |    316     269    3014    290 |    8.00        0.00
POST     /predict/colleges [same marks cluster]                                         17112     0(0.00%) |    318     267    3751    290 |   31.30        0.00
POST     /predict/combo [200+ choices]                                                   4674     0(0.00%) |    315     268    2624    290 |    8.00        0.00
--------|----------------------------------------------------------------------------|-------|-------------|-------|-------|-------|-------|--------|-----------
         Aggregated                                                                     31746     0(0.00%) |    422     267    3751    290 |   57.80        0.00

Type     Name                                                                          # reqs      # fails |    Avg     Min     Max    Med |   req/s  failures/s
--------|----------------------------------------------------------------------------|-------|-------------|-------|-------|-------|-------|--------|-----------
POST     /auth/login                                                                      200     0(0.00%) |   1235     590    2562   1000 |    0.00        0.00
POST     /auth/update-profile [rapid changes]                                            1819     0(0.00%) |    402     284    2576    310 |    3.30        0.00
POST     /payment/create-order-marks [spam]                                              2812     0(0.00%) |   1389    1101    3133   1200 |    4.80        0.00
POST     /predict/colleges [during marks churn]                                           943     0(0.00%) |    312     268    1763    290 |    2.30        0.00
POST     /predict/colleges [near-identical marks]                                        4227     0(0.00%) |    316     269    3014    290 |    7.80        0.00
POST     /predict/colleges [same marks cluster]                                         17181     0(0.00%) |    318     267    3751    290 |   31.40        0.00
POST     /predict/combo [200+ choices]                                                   4690     0(0.00%) |    315     268    2624    290 |    8.20        0.00
--------|----------------------------------------------------------------------------|-------|-------------|-------|-------|-------|-------|--------|-----------
         Aggregated                                                                     31872     0(0.00%) |    422     267    3751    290 |   57.80        0.00

Type     Name                                                                          # reqs      # fails |    Avg     Min     Max    Med |   req/s  failures/s
--------|----------------------------------------------------------------------------|-------|-------------|-------|-------|-------|-------|--------|-----------
POST     /auth/login                                                                      200     0(0.00%) |   1235     590    2562   1000 |    0.00        0.00
POST     /auth/update-profile [rapid changes]                                            1823     0(0.00%) |    402     284    2576    310 |    3.50        0.00
POST     /payment/create-order-marks [spam]                                              2821     0(0.00%) |   1389    1101    3133   1200 |    5.30        0.00
POST     /predict/colleges [during marks churn]                                           945     0(0.00%) |    312     268    1763    290 |    1.80        0.00
POST     /predict/colleges [near-identical marks]                                        4242     0(0.00%) |    316     269    3014    290 |    7.60        0.00
POST     /predict/colleges [same marks cluster]                                         17236     0(0.00%) |    318     267    3751    290 |   31.40        0.00
POST     /predict/combo [200+ choices]                                                   4710     0(0.00%) |    315     268    2624    290 |    8.40        0.00
--------|----------------------------------------------------------------------------|-------|-------------|-------|-------|-------|-------|--------|-----------
         Aggregated                                                                     31977     0(0.00%) |    422     267    3751    290 |   58.00        0.00

Type     Name                                                                          # reqs      # fails |    Avg     Min     Max    Med |   req/s  failures/s
--------|----------------------------------------------------------------------------|-------|-------------|-------|-------|-------|-------|--------|-----------
POST     /auth/login                                                                      200     0(0.00%) |   1235     590    2562   1000 |    0.00        0.00
POST     /auth/update-profile [rapid changes]                                            1828     0(0.00%) |    402     284    2576    310 |    2.60        0.00
POST     /payment/create-order-marks [spam]                                              2835     0(0.00%) |   1389    1101    3133   1200 |    5.50        0.00
POST     /predict/colleges [during marks churn]                                           947     0(0.00%) |    312     268    1763    290 |    1.80        0.00
POST     /predict/colleges [near-identical marks]                                        4263     0(0.00%) |    316     269    3014    290 |    7.50        0.00
POST     /predict/colleges [same marks cluster]                                         17310     0(0.00%) |    318     267    3751    290 |   30.40        0.00
POST     /predict/combo [200+ choices]                                                   4724     0(0.00%) |    315     268    2624    290 |    8.40        0.00
--------|----------------------------------------------------------------------------|-------|-------------|-------|-------|-------|-------|--------|-----------
         Aggregated                                                                     32107     0(0.00%) |    422     267    3751    290 |   56.20        0.00

Type     Name                                                                          # reqs      # fails |    Avg     Min     Max    Med |   req/s  failures/s
--------|----------------------------------------------------------------------------|-------|-------------|-------|-------|-------|-------|--------|-----------
POST     /auth/login                                                                      200     0(0.00%) |   1235     590    2562   1000 |    0.00        0.00
POST     /auth/update-profile [rapid changes]                                            1835     0(0.00%) |    402     284    2576    310 |    2.40        0.00
POST     /payment/create-order-marks [spam]                                              2846     0(0.00%) |   1388    1101    3133   1200 |    6.00        0.00
POST     /predict/colleges [during marks churn]                                           955     0(0.00%) |    312     268    1763    290 |    1.50        0.00
POST     /predict/colleges [near-identical marks]                                        4275     0(0.00%) |    316     269    3014    290 |    7.70        0.00
POST     /predict/colleges [same marks cluster]                                         17372     0(0.00%) |    318     267    3751    290 |   31.90        0.00
POST     /predict/combo [200+ choices]                                                   4745     0(0.00%) |    315     268    2624    290 |    8.00        0.00
--------|----------------------------------------------------------------------------|-------|-------------|-------|-------|-------|-------|--------|-----------
         Aggregated                                                                     32228     0(0.00%) |    422     267    3751    290 |   57.50        0.00

Type     Name                                                                          # reqs      # fails |    Avg     Min     Max    Med |   req/s  failures/s
--------|----------------------------------------------------------------------------|-------|-------------|-------|-------|-------|-------|--------|-----------
POST     /auth/login                                                                      200     0(0.00%) |   1235     590    2562   1000 |    0.00        0.00
POST     /auth/update-profile [rapid changes]                                            1847     0(0.00%) |    402     284    2576    310 |    2.40        0.00
POST     /payment/create-order-marks [spam]                                              2852     0(0.00%) |   1388    1101    3133   1200 |    5.80        0.00
POST     /predict/colleges [during marks churn]                                           957     0(0.00%) |    312     268    1763    290 |    1.70        0.00
POST     /predict/colleges [near-identical marks]                                        4289     0(0.00%) |    316     269    3014    290 |    7.80        0.00
POST     /predict/colleges [same marks cluster]                                         17440     0(0.00%) |    318     267    3751    290 |   30.60        0.00
POST     /predict/combo [200+ choices]                                                   4761     0(0.00%) |    315     268    2624    290 |    8.80        0.00
--------|----------------------------------------------------------------------------|-------|-------------|-------|-------|-------|-------|--------|-----------
         Aggregated                                                                     32346     0(0.00%) |    422     267    3751    290 |   57.10        0.00

Type     Name                                                                          # reqs      # fails |    Avg     Min     Max    Med |   req/s  failures/s
--------|----------------------------------------------------------------------------|-------|-------------|-------|-------|-------|-------|--------|-----------
POST     /auth/login                                                                      200     0(0.00%) |   1235     590    2562   1000 |    0.00        0.00
POST     /auth/update-profile [rapid changes]                                            1854     0(0.00%) |    402     284    2576    310 |    3.60        0.00
POST     /payment/create-order-marks [spam]                                              2864     0(0.00%) |   1387    1101    3133   1200 |    5.40        0.00
POST     /predict/colleges [during marks churn]                                           962     0(0.00%) |    312     268    1763    290 |    1.60        0.00
POST     /predict/colleges [near-identical marks]                                        4298     0(0.00%) |    316     269    3014    290 |    7.80        0.00
POST     /predict/colleges [same marks cluster]                                         17494     0(0.00%) |    318     267    3751    290 |   32.00        0.00
POST     /predict/combo [200+ choices]                                                   4778     0(0.00%) |    315     268    2624    290 |    8.80        0.00
--------|----------------------------------------------------------------------------|-------|-------------|-------|-------|-------|-------|--------|-----------
         Aggregated                                                                     32450     0(0.00%) |    422     267    3751    290 |   59.20        0.00

Type     Name                                                                          # reqs      # fails |    Avg     Min     Max    Med |   req/s  failures/s
--------|----------------------------------------------------------------------------|-------|-------------|-------|-------|-------|-------|--------|-----------
POST     /auth/login                                                                      200     0(0.00%) |   1235     590    2562   1000 |    0.00        0.00
POST     /auth/update-profile [rapid changes]                                            1860     0(0.00%) |    402     284    2576    310 |    3.60        0.00
POST     /payment/create-order-marks [spam]                                              2872     0(0.00%) |   1387    1101    3133   1200 |    5.30        0.00
POST     /predict/colleges [during marks churn]                                           966     0(0.00%) |    312     268    1763    290 |    1.80        0.00
POST     /predict/colleges [near-identical marks]                                        4318     0(0.00%) |    316     269    3014    290 |    7.20        0.00
POST     /predict/colleges [same marks cluster]                                         17553     0(0.00%) |    317     267    3751    290 |   31.30        0.00
POST     /predict/combo [200+ choices]                                                   4798     0(0.00%) |    315     268    2624    290 |    8.70        0.00
--------|----------------------------------------------------------------------------|-------|-------------|-------|-------|-------|-------|--------|-----------
         Aggregated                                                                     32567     0(0.00%) |    421     267    3751    290 |   57.90        0.00

Type     Name                                                                          # reqs      # fails |    Avg     Min     Max    Med |   req/s  failures/s
--------|----------------------------------------------------------------------------|-------|-------------|-------|-------|-------|-------|--------|-----------
POST     /auth/login                                                                      200     0(0.00%) |   1235     590    2562   1000 |    0.00        0.00
POST     /auth/update-profile [rapid changes]                                            1867     0(0.00%) |    401     284    2576    310 |    3.70        0.00
POST     /payment/create-order-marks [spam]                                              2886     0(0.00%) |   1387    1101    3133   1200 |    5.20        0.00
POST     /predict/colleges [during marks churn]                                           970     0(0.00%) |    312     268    1763    290 |    2.10        0.00
POST     /predict/colleges [near-identical marks]                                        4338     0(0.00%) |    316     269    3014    290 |    7.40        0.00
POST     /predict/colleges [same marks cluster]                                         17630     0(0.00%) |    317     267    3751    290 |   32.20        0.00
POST     /predict/combo [200+ choices]                                                   4816     0(0.00%) |    315     268    2624    290 |    8.90        0.00
--------|----------------------------------------------------------------------------|-------|-------------|-------|-------|-------|-------|--------|-----------
         Aggregated                                                                     32707     0(0.00%) |    421     267    3751    290 |   59.50        0.00

Type     Name                                                                          # reqs      # fails |    Avg     Min     Max    Med |   req/s  failures/s
--------|----------------------------------------------------------------------------|-------|-------------|-------|-------|-------|-------|--------|-----------
POST     /auth/login                                                                      200     0(0.00%) |   1235     590    2562   1000 |    0.00        0.00
POST     /auth/update-profile [rapid changes]                                            1876     0(0.00%) |    401     284    2576    310 |    4.00        0.00
POST     /payment/create-order-marks [spam]                                              2893     0(0.00%) |   1387    1101    3133   1200 |    5.00        0.00
POST     /predict/colleges [during marks churn]                                           973     0(0.00%) |    312     268    1763    290 |    2.30        0.00
POST     /predict/colleges [near-identical marks]                                        4349     0(0.00%) |    316     269    3014    290 |    7.50        0.00
POST     /predict/colleges [same marks cluster]                                         17694     0(0.00%) |    317     267    3751    290 |   31.60        0.00
POST     /predict/combo [200+ choices]                                                   4828     0(0.00%) |    315     268    2624    290 |    8.80        0.00
--------|----------------------------------------------------------------------------|-------|-------------|-------|-------|-------|-------|--------|-----------
         Aggregated                                                                     32813     0(0.00%) |    421     267    3751    290 |   59.20        0.00

Type     Name                                                                          # reqs      # fails |    Avg     Min     Max    Med |   req/s  failures/s
--------|----------------------------------------------------------------------------|-------|-------------|-------|-------|-------|-------|--------|-----------
POST     /auth/login                                                                      200     0(0.00%) |   1235     590    2562   1000 |    0.00        0.00
POST     /auth/update-profile [rapid changes]                                            1881     0(0.00%) |    402     284    2576    310 |    4.10        0.00
POST     /payment/create-order-marks [spam]                                              2901     0(0.00%) |   1387    1101    3133   1200 |    4.70        0.00
POST     /predict/colleges [during marks churn]                                           976     0(0.00%) |    312     268    1763    290 |    2.40        0.00
POST     /predict/colleges [near-identical marks]                                        4357     0(0.00%) |    316     269    3014    290 |    7.50        0.00
POST     /predict/colleges [same marks cluster]                                         17741     0(0.00%) |    318     267    3751    290 |   31.60        0.00
POST     /predict/combo [200+ choices]                                                   4842     0(0.00%) |    315     268    2624    290 |    8.60        0.00
--------|----------------------------------------------------------------------------|-------|-------------|-------|-------|-------|-------|--------|-----------
         Aggregated                                                                     32898     0(0.00%) |    422     267    3751    290 |   58.90        0.00

Type     Name                                                                          # reqs      # fails |    Avg     Min     Max    Med |   req/s  failures/s
--------|----------------------------------------------------------------------------|-------|-------------|-------|-------|-------|-------|--------|-----------
POST     /auth/login                                                                      200     0(0.00%) |   1235     590    2562   1000 |    0.00        0.00
POST     /auth/update-profile [rapid changes]                                            1888     0(0.00%) |    403     284    2576    310 |    3.60        0.00
POST     /payment/create-order-marks [spam]                                              2913     0(0.00%) |   1388    1101    3133   1200 |    5.00        0.00
POST     /predict/colleges [during marks churn]                                           981     0(0.00%) |    313     268    1763    290 |    1.90        0.00
POST     /predict/colleges [near-identical marks]                                        4379     0(0.00%) |    318     269    3014    290 |    7.20        0.00
POST     /predict/colleges [same marks cluster]                                         17812     0(0.00%) |    320     267    3751    290 |   31.90        0.00
POST     /predict/combo [200+ choices]                                                   4864     0(0.00%) |    317     268    2624    290 |    8.40        0.00
--------|----------------------------------------------------------------------------|-------|-------------|-------|-------|-------|-------|--------|-----------
         Aggregated                                                                     33037     0(0.00%) |    423     267    3751    290 |   58.00        0.00

Type     Name                                                                          # reqs      # fails |    Avg     Min     Max    Med |   req/s  failures/s
--------|----------------------------------------------------------------------------|-------|-------------|-------|-------|-------|-------|--------|-----------
POST     /auth/login                                                                      200     0(0.00%) |   1235     590    2562   1000 |    0.00        0.00
POST     /auth/update-profile [rapid changes]                                            1896     0(0.00%) |    403     284    2576    310 |    3.20        0.00
POST     /payment/create-order-marks [spam]                                              2921     0(0.00%) |   1388    1101    3133   1200 |    4.80        0.00
POST     /predict/colleges [during marks churn]                                           984     0(0.00%) |    313     268    1763    290 |    1.80        0.00
POST     /predict/colleges [near-identical marks]                                        4398     0(0.00%) |    318     269    3014    290 |    7.60        0.00
POST     /predict/colleges [same marks cluster]                                         17871     0(0.00%) |    320     267    3751    290 |   31.40        0.00
POST     /predict/combo [200+ choices]                                                   4880     0(0.00%) |    317     268    2624    290 |    8.20        0.00
--------|----------------------------------------------------------------------------|-------|-------------|-------|-------|-------|-------|--------|-----------
         Aggregated                                                                     33150     0(0.00%) |    423     267    3751    290 |   57.00        0.00

Type     Name                                                                          # reqs      # fails |    Avg     Min     Max    Med |   req/s  failures/s
--------|----------------------------------------------------------------------------|-------|-------------|-------|-------|-------|-------|--------|-----------
POST     /auth/login                                                                      200     0(0.00%) |   1235     590    2562   1000 |    0.00        0.00
POST     /auth/update-profile [rapid changes]                                            1902     0(0.00%) |    403     284    2576    310 |    3.30        0.00
POST     /payment/create-order-marks [spam]                                              2937     0(0.00%) |   1387    1101    3133   1200 |    4.90        0.00
POST     /predict/colleges [during marks churn]                                           987     0(0.00%) |    313     268    1763    290 |    1.80        0.00
POST     /predict/colleges [near-identical marks]                                        4417     0(0.00%) |    318     269    3014    290 |    7.60        0.00
POST     /predict/colleges [same marks cluster]                                         17937     0(0.00%) |    320     267    3751    290 |   31.30        0.00
POST     /predict/combo [200+ choices]                                                   4898     0(0.00%) |    317     268    2624    290 |    8.00        0.00
--------|----------------------------------------------------------------------------|-------|-------------|-------|-------|-------|-------|--------|-----------
         Aggregated                                                                     33278     0(0.00%) |    423     267    3751    290 |   56.90        0.00

Type     Name                                                                          # reqs      # fails |    Avg     Min     Max    Med |   req/s  failures/s
--------|----------------------------------------------------------------------------|-------|-------------|-------|-------|-------|-------|--------|-----------
POST     /auth/login                                                                      200     0(0.00%) |   1235     590    2562   1000 |    0.00        0.00
POST     /auth/update-profile [rapid changes]                                            1917     0(0.00%) |    402     284    2576    310 |    3.30        0.00
POST     /payment/create-order-marks [spam]                                              2940     0(0.00%) |   1387    1101    3133   1200 |    5.20        0.00
POST     /predict/colleges [during marks churn]                                           991     0(0.00%) |    313     268    1763    290 |    1.60        0.00
POST     /predict/colleges [near-identical marks]                                        4427     0(0.00%) |    318     269    3014    290 |    7.90        0.00
POST     /predict/colleges [same marks cluster]                                         17999     0(0.00%) |    319     267    3751    290 |   31.20        0.00
POST     /predict/combo [200+ choices]                                                   4919     0(0.00%) |    317     268    2624    290 |    8.60        0.00
--------|----------------------------------------------------------------------------|-------|-------------|-------|-------|-------|-------|--------|-----------
         Aggregated                                                                     33393     0(0.00%) |    423     267    3751    290 |   57.80        0.00

Type     Name                                                                          # reqs      # fails |    Avg     Min     Max    Med |   req/s  failures/s
--------|----------------------------------------------------------------------------|-------|-------------|-------|-------|-------|-------|--------|-----------
POST     /auth/login                                                                      200     0(0.00%) |   1235     590    2562   1000 |    0.00        0.00
POST     /auth/update-profile [rapid changes]                                            1923     0(0.00%) |    402     284    2576    310 |    3.90        0.00
POST     /payment/create-order-marks [spam]                                              2952     0(0.00%) |   1386    1101    3133   1200 |    4.70        0.00
POST     /predict/colleges [during marks churn]                                           993     0(0.00%) |    313     268    1763    290 |    1.70        0.00
POST     /predict/colleges [near-identical marks]                                        4440     0(0.00%) |    318     269    3014    290 |    7.70        0.00
POST     /predict/colleges [same marks cluster]                                         18070     0(0.00%) |    319     267    3751    290 |   30.50        0.00
POST     /predict/combo [200+ choices]                                                   4934     0(0.00%) |    317     268    2624    290 |    8.70        0.00
--------|----------------------------------------------------------------------------|-------|-------------|-------|-------|-------|-------|--------|-----------
         Aggregated                                                                     33512     0(0.00%) |    423     267    3751    290 |   57.20        0.00

Type     Name                                                                          # reqs      # fails |    Avg     Min     Max    Med |   req/s  failures/s
--------|----------------------------------------------------------------------------|-------|-------------|-------|-------|-------|-------|--------|-----------
POST     /auth/login                                                                      200     0(0.00%) |   1235     590    2562   1000 |    0.00        0.00
POST     /auth/update-profile [rapid changes]                                            1926     0(0.00%) |    402     284    2576    310 |    4.00        0.00
POST     /payment/create-order-marks [spam]                                              2965     0(0.00%) |   1386    1101    3133   1200 |    5.00        0.00
POST     /predict/colleges [during marks churn]                                           996     0(0.00%) |    313     268    1763    290 |    1.70        0.00
POST     /predict/colleges [near-identical marks]                                        4453     0(0.00%) |    318     269    3014    290 |    7.90        0.00
POST     /predict/colleges [same marks cluster]                                         18130     0(0.00%) |    319     267    3751    290 |   31.50        0.00
POST     /predict/combo [200+ choices]                                                   4951     0(0.00%) |    317     268    2624    290 |    9.20        0.00
--------|----------------------------------------------------------------------------|-------|-------------|-------|-------|-------|-------|--------|-----------
         Aggregated                                                                     33621     0(0.00%) |    423     267    3751    290 |   59.30        0.00

Type     Name                                                                          # reqs      # fails |    Avg     Min     Max    Med |   req/s  failures/s
--------|----------------------------------------------------------------------------|-------|-------------|-------|-------|-------|-------|--------|-----------
POST     /auth/login                                                                      200     0(0.00%) |   1235     590    2562   1000 |    0.00        0.00
POST     /auth/update-profile [rapid changes]                                            1932     0(0.00%) |    402     284    2576    310 |    4.00        0.00
POST     /payment/create-order-marks [spam]                                              2979     0(0.00%) |   1385    1101    3133   1200 |    5.10        0.00
POST     /predict/colleges [during marks churn]                                           999     0(0.00%) |    313     268    1763    290 |    1.60        0.00
POST     /predict/colleges [near-identical marks]                                        4472     0(0.00%) |    318     269    3014    290 |    8.00        0.00
POST     /predict/colleges [same marks cluster]                                         18190     0(0.00%) |    319     267    3751    290 |   32.30        0.00
POST     /predict/combo [200+ choices]                                                   4969     0(0.00%) |    317     268    2624    290 |    9.20        0.00
--------|----------------------------------------------------------------------------|-------|-------------|-------|-------|-------|-------|--------|-----------
         Aggregated                                                                     33741     0(0.00%) |    423     267    3751    290 |   60.20        0.00

Type     Name                                                                          # reqs      # fails |    Avg     Min     Max    Med |   req/s  failures/s
--------|----------------------------------------------------------------------------|-------|-------------|-------|-------|-------|-------|--------|-----------
POST     /auth/login                                                                      200     0(0.00%) |   1235     590    2562   1000 |    0.00        0.00
POST     /auth/update-profile [rapid changes]                                            1937     0(0.00%) |    402     284    2576    310 |    3.70        0.00
POST     /payment/create-order-marks [spam]                                              2988     0(0.00%) |   1385    1101    3133   1200 |    5.70        0.00
POST     /predict/colleges [during marks churn]                                          1003     0(0.00%) |    313     268    1763    290 |    1.40        0.00
POST     /predict/colleges [near-identical marks]                                        4494     0(0.00%) |    318     269    3014    290 |    7.70        0.00
POST     /predict/colleges [same marks cluster]                                         18249     0(0.00%) |    319     267    3751    290 |   31.90        0.00
POST     /predict/combo [200+ choices]                                                   4989     0(0.00%) |    317     268    2624    290 |    8.70        0.00
--------|----------------------------------------------------------------------------|-------|-------------|-------|-------|-------|-------|--------|-----------
         Aggregated                                                                     33860     0(0.00%) |    423     267    3751    290 |   59.10        0.00

Type     Name                                                                          # reqs      # fails |    Avg     Min     Max    Med |   req/s  failures/s
--------|----------------------------------------------------------------------------|-------|-------------|-------|-------|-------|-------|--------|-----------
POST     /auth/login                                                                      200     0(0.00%) |   1235     590    2562   1000 |    0.00        0.00
POST     /auth/update-profile [rapid changes]                                            1941     0(0.00%) |    402     284    2576    310 |    3.60        0.00
POST     /payment/create-order-marks [spam]                                              3000     0(0.00%) |   1384    1101    3133   1200 |    5.20        0.00
POST     /predict/colleges [during marks churn]                                          1007     0(0.00%) |    313     268    1763    290 |    1.70        0.00
POST     /predict/colleges [near-identical marks]                                        4511     0(0.00%) |    318     269    3014    290 |    7.50        0.00
POST     /predict/colleges [same marks cluster]                                         18306     0(0.00%) |    319     267    3751    290 |   31.70        0.00
POST     /predict/combo [200+ choices]                                                   5004     0(0.00%) |    317     268    2624    290 |    9.00        0.00
--------|----------------------------------------------------------------------------|-------|-------------|-------|-------|-------|-------|--------|-----------
         Aggregated                                                                     33969     0(0.00%) |    423     267    3751    290 |   58.70        0.00

Type     Name                                                                          # reqs      # fails |    Avg     Min     Max    Med |   req/s  failures/s
--------|----------------------------------------------------------------------------|-------|-------------|-------|-------|-------|-------|--------|-----------
POST     /auth/login                                                                      200     0(0.00%) |   1235     590    2562   1000 |    0.00        0.00
POST     /auth/update-profile [rapid changes]                                            1949     0(0.00%) |    402     284    2576    310 |    2.60        0.00
POST     /payment/create-order-marks [spam]                                              3011     0(0.00%) |   1384    1101    3133   1200 |    6.00        0.00
POST     /predict/colleges [during marks churn]                                          1010     0(0.00%) |    313     268    1763    290 |    1.60        0.00
POST     /predict/colleges [near-identical marks]                                        4526     0(0.00%) |    318     269    3014    290 |    8.30        0.00
POST     /predict/colleges [same marks cluster]                                         18367     0(0.00%) |    319     267    3751    290 |   31.00        0.00
POST     /predict/combo [200+ choices]                                                   5027     0(0.00%) |    317     268    2624    290 |    8.80        0.00
--------|----------------------------------------------------------------------------|-------|-------------|-------|-------|-------|-------|--------|-----------
         Aggregated                                                                     34090     0(0.00%) |    423     267    3751    290 |   58.30        0.00

Type     Name                                                                          # reqs      # fails |    Avg     Min     Max    Med |   req/s  failures/s
--------|----------------------------------------------------------------------------|-------|-------------|-------|-------|-------|-------|--------|-----------
POST     /auth/login                                                                      200     0(0.00%) |   1235     590    2562   1000 |    0.00        0.00
POST     /auth/update-profile [rapid changes]                                            1955     0(0.00%) |    402     284    2576    310 |    2.60        0.00
POST     /payment/create-order-marks [spam]                                              3024     0(0.00%) |   1384    1101    3133   1200 |    5.90        0.00
POST     /predict/colleges [during marks churn]                                          1011     0(0.00%) |    313     268    1763    290 |    1.70        0.00
POST     /predict/colleges [near-identical marks]                                        4534     0(0.00%) |    318     269    3014    290 |    9.00        0.00
POST     /predict/colleges [same marks cluster]                                         18431     0(0.00%) |    319     267    3751    290 |   30.50        0.00
POST     /predict/combo [200+ choices]                                                   5040     0(0.00%) |    317     268    2624    290 |    8.70        0.00
--------|----------------------------------------------------------------------------|-------|-------------|-------|-------|-------|-------|--------|-----------
         Aggregated                                                                     34195     0(0.00%) |    423     267    3751    290 |   58.40        0.00

Type     Name                                                                          # reqs      # fails |    Avg     Min     Max    Med |   req/s  failures/s
--------|----------------------------------------------------------------------------|-------|-------------|-------|-------|-------|-------|--------|-----------
POST     /auth/login                                                                      200     0(0.00%) |   1235     590    2562   1000 |    0.00        0.00
POST     /auth/update-profile [rapid changes]                                            1967     0(0.00%) |    401     284    2576    310 |    2.80        0.00
POST     /payment/create-order-marks [spam]                                              3032     0(0.00%) |   1384    1101    3133   1200 |    6.10        0.00
POST     /predict/colleges [during marks churn]                                          1013     0(0.00%) |    313     268    1763    290 |    1.50        0.00
POST     /predict/colleges [near-identical marks]                                        4552     0(0.00%) |    318     269    3014    290 |    8.20        0.00
POST     /predict/colleges [same marks cluster]                                         18501     0(0.00%) |    319     267    3751    290 |   29.80        0.00
POST     /predict/combo [200+ choices]                                                   5059     0(0.00%) |    317     268    2624    290 |    8.80        0.00
--------|----------------------------------------------------------------------------|-------|-------------|-------|-------|-------|-------|--------|-----------
         Aggregated                                                                     34324     0(0.00%) |    423     267    3751    290 |   57.20        0.00

Type     Name                                                                          # reqs      # fails |    Avg     Min     Max    Med |   req/s  failures/s
--------|----------------------------------------------------------------------------|-------|-------------|-------|-------|-------|-------|--------|-----------
POST     /auth/login                                                                      200     0(0.00%) |   1235     590    2562   1000 |    0.00        0.00
POST     /auth/update-profile [rapid changes]                                            1973     0(0.00%) |    402     284    2576    310 |    3.60        0.00
POST     /payment/create-order-marks [spam]                                              3041     0(0.00%) |   1384    1101    3133   1200 |    5.50        0.00
POST     /predict/colleges [during marks churn]                                          1019     0(0.00%) |    314     268    1763    290 |    1.30        0.00
POST     /predict/colleges [near-identical marks]                                        4571     0(0.00%) |    318     269    3014    290 |    8.20        0.00
POST     /predict/colleges [same marks cluster]                                         18559     0(0.00%) |    320     267    3751    290 |   30.80        0.00
POST     /predict/combo [200+ choices]                                                   5074     0(0.00%) |    318     268    2624    290 |    9.20        0.00
--------|----------------------------------------------------------------------------|-------|-------------|-------|-------|-------|-------|--------|-----------
         Aggregated                                                                     34437     0(0.00%) |    423     267    3751    290 |   58.60        0.00

Type     Name                                                                          # reqs      # fails |    Avg     Min     Max    Med |   req/s  failures/s
--------|----------------------------------------------------------------------------|-------|-------------|-------|-------|-------|-------|--------|-----------
POST     /auth/login                                                                      200     0(0.00%) |   1235     590    2562   1000 |    0.00        0.00
POST     /auth/update-profile [rapid changes]                                            1978     0(0.00%) |    402     284    2576    310 |    3.50        0.00
POST     /payment/create-order-marks [spam]                                              3051     0(0.00%) |   1384    1101    3133   1200 |    5.10        0.00
POST     /predict/colleges [during marks churn]                                          1024     0(0.00%) |    314     268    1763    290 |    1.40        0.00
POST     /predict/colleges [near-identical marks]                                        4584     0(0.00%) |    318     269    3014    290 |    7.50        0.00
POST     /predict/colleges [same marks cluster]                                         18631     0(0.00%) |    320     267    3751    290 |   28.60        0.00
POST     /predict/combo [200+ choices]                                                   5091     0(0.00%) |    318     268    2624    290 |    8.10        0.00
--------|----------------------------------------------------------------------------|-------|-------------|-------|-------|-------|-------|--------|-----------
         Aggregated                                                                     34559     0(0.00%) |    423     267    3751    290 |   54.20        0.00

Type     Name                                                                          # reqs      # fails |    Avg     Min     Max    Med |   req/s  failures/s
--------|----------------------------------------------------------------------------|-------|-------------|-------|-------|-------|-------|--------|-----------
POST     /auth/login                                                                      200     0(0.00%) |   1235     590    2562   1000 |    0.00        0.00
POST     /auth/update-profile [rapid changes]                                            1984     0(0.00%) |    402     284    2576    310 |    3.70        0.00
POST     /payment/create-order-marks [spam]                                              3065     0(0.00%) |   1384    1101    3133   1200 |    4.90        0.00
POST     /predict/colleges [during marks churn]                                          1027     0(0.00%) |    314     268    1763    290 |    1.60        0.00
POST     /predict/colleges [near-identical marks]                                        4607     0(0.00%) |    318     269    3014    290 |    7.30        0.00
POST     /predict/colleges [same marks cluster]                                         18688     0(0.00%) |    319     267    3751    290 |   32.40        0.00
POST     /predict/combo [200+ choices]                                                   5111     0(0.00%) |    317     268    2624    290 |    8.50        0.00
--------|----------------------------------------------------------------------------|-------|-------------|-------|-------|-------|-------|--------|-----------
         Aggregated                                                                     34682     0(0.00%) |    423     267    3751    290 |   58.40        0.00

Type     Name                                                                          # reqs      # fails |    Avg     Min     Max    Med |   req/s  failures/s
--------|----------------------------------------------------------------------------|-------|-------------|-------|-------|-------|-------|--------|-----------
POST     /auth/login                                                                      200     0(0.00%) |   1235     590    2562   1000 |    0.00        0.00
POST     /auth/update-profile [rapid changes]                                            1992     0(0.00%) |    402     284    2576    310 |    3.40        0.00
POST     /payment/create-order-marks [spam]                                              3073     0(0.00%) |   1384    1101    3133   1200 |    5.00        0.00
POST     /predict/colleges [during marks churn]                                          1033     0(0.00%) |    314     268    1763    290 |    1.70        0.00
POST     /predict/colleges [near-identical marks]                                        4618     0(0.00%) |    318     269    3014    290 |    7.20        0.00
POST     /predict/colleges [same marks cluster]                                         18748     0(0.00%) |    319     267    3751    290 |   30.30        0.00
POST     /predict/combo [200+ choices]                                                   5131     0(0.00%) |    317     268    2624    290 |    8.80        0.00
--------|----------------------------------------------------------------------------|-------|-------------|-------|-------|-------|-------|--------|-----------
         Aggregated                                                                     34795     0(0.00%) |    423     267    3751    290 |   56.40        0.00

[2026-07-01 20:39:16,866] Zeus/INFO/locust.main: --run-time limit reached, shutting down
[2026-07-01 20:39:17,279] Zeus/INFO/locust.main: Shutting down (exit code 0)
Type     Name                                                                          # reqs      # fails |    Avg     Min     Max    Med |   req/s  failures/s
--------|----------------------------------------------------------------------------|-------|-------------|-------|-------|-------|-------|--------|-----------
POST     /auth/login                                                                      200     0(0.00%) |   1235     590    2562   1000 |    0.33        0.00
POST     /auth/update-profile [rapid changes]                                            1993     0(0.00%) |    402     284    2576    310 |    3.33        0.00
POST     /payment/create-order-marks [spam]                                              3076     0(0.00%) |   1384    1101    3133   1200 |    5.13        0.00
POST     /predict/colleges [during marks churn]                                          1034     0(0.00%) |    314     268    1763    290 |    1.73        0.00
POST     /predict/colleges [near-identical marks]                                        4625     0(0.00%) |    318     269    3014    290 |    7.72        0.00
POST     /predict/colleges [same marks cluster]                                         18772     0(0.00%) |    320     267    3751    290 |   31.32        0.00
POST     /predict/combo [200+ choices]                                                   5136     0(0.00%) |    317     268    2624    290 |    8.57        0.00
--------|----------------------------------------------------------------------------|-------|-------------|-------|-------|-------|-------|--------|-----------
         Aggregated                                                                     34836     0(0.00%) |    423     267    3751    290 |   58.12        0.00

Response time percentiles (approximated)
Type     Name                                                                                  50%    66%    75%    80%    90%    95%    98%    99%  99.9% 99.99%   100% # reqs
--------|--------------------------------------------------------------------------------|--------|------|------|------|------|------|------|------|------|------|------|------
POST     /auth/login                                                                          1000   1300   1700   1800   1900   2200   2400   2500   2600   2600   2600    200
POST     /auth/update-profile [rapid changes]                                                  310    330    350    370    800    830    920   1100   2200   2600   2600   1993
POST     /payment/create-order-marks [spam]                                                   1200   1300   1600   1600   1800   1900   2200   2400   2900   3100   3100   3076
POST     /predict/colleges [during marks churn]                                                290    300    320    330    350    410    510    700   1700   1800   1800   1034
POST     /predict/colleges [near-identical marks]                                              290    300    320    330    350    420    550    760   2200   3000   3000   4625
POST     /predict/colleges [same marks cluster]                                                290    300    320    330    350    420    570    820   2600   3600   3800  18772
POST     /predict/combo [200+ choices]                                                         290    300    310    320    340    420    590    850   2000   2600   2600   5136
--------|--------------------------------------------------------------------------------|--------|------|------|------|------|------|------|------|------|------|------|------
         Aggregated                                                                            290    310    330    340    910   1200   1600   1900   2600   3500   3800  34836

