Timestamp,User Count,Type,Name,Requests/s,Failures/s,50%,66%,75%,80%,90%,95%,98%,99%,99.9%,99.99%,100%,Total Request Count,Total Failure Count,Total Median Response Time,Total Average Response Time,Total Min Response Time,Total Max Response Time,Total Average Content Size
1781969496,0,,Aggregated,0.000000,0.000000,N/A,N/A,N/A,N/A,N/A,N/A,N/A,N/A,N/A,N/A,N/A,0,0,0,0.0,0,0,0
1781969497,10000,,Aggregated,0.000000,0.000000,N/A,N/A,N/A,N/A,N/A,N/A,N/A,N/A,N/A,N/A,N/A,0,0,0,0.0,0,0,0
1781969498,10000,,Aggregated,0.000000,0.000000,N/A,N/A,N/A,N/A,N/A,N/A,N/A,N/A,N/A,N/A,N/A,0,0,0,0.0,0,0,0
1781969499,10000,,Aggregated,0.000000,0.000000,N/A,N/A,N/A,N/A,N/A,N/A,N/A,N/A,N/A,N/A,N/A,0,0,0,0.0,0,0,0
1781969500,10000,,Aggregated,0.000000,0.000000,N/A,N/A,N/A,N/A,N/A,N/A,N/A,N/A,N/A,N/A,N/A,0,0,0,0.0,0,0,0
1781969501,10000,,Aggregated,0.000000,0.000000,N/A,N/A,N/A,N/A,N/A,N/A,N/A,N/A,N/A,N/A,N/A,0,0,0,0.0,0,0,0
1781969502,10000,,Aggregated,0.000000,0.000000,N/A,N/A,N/A,N/A,N/A,N/A,N/A,N/A,N/A,N/A,N/A,0,0,0,0.0,0,0,0
1781969504,10000,,Aggregated,0.000000,0.000000,N/A,N/A,N/A,N/A,N/A,N/A,N/A,N/A,N/A,N/A,N/A,0,0,0,0.0,0,0,0
1781969505,10000,,Aggregated,0.000000,0.000000,N/A,N/A,N/A,N/A,N/A,N/A,N/A,N/A,N/A,N/A,N/A,0,0,0,0.0,0,0,0
1781969506,10000,,Aggregated,0.000000,0.000000,N/A,N/A,N/A,N/A,N/A,N/A,N/A,N/A,N/A,N/A,N/A,0,0,0,0.0,0,0,0
1781969507,10000,,Aggregated,0.000000,0.000000,N/A,N/A,N/A,N/A,N/A,N/A,N/A,N/A,N/A,N/A,N/A,0,0,0,0.0,0,0,0
1781969508,10000,,Aggregated,0.000000,0.000000,N/A,N/A,N/A,N/A,N/A,N/A,N/A,N/A,N/A,N/A,N/A,0,0,0,0.0,0,0,0
1781969509,10000,,Aggregated,0.000000,0.000000,N/A,N/A,N/A,N/A,N/A,N/A,N/A,N/A,N/A,N/A,N/A,0,0,0,0.0,0,0,0
1781969510,10000,,Aggregated,0.000000,0.000000,N/A,N/A,N/A,N/A,N/A,N/A,N/A,N/A,N/A,N/A,N/A,0,0,0,0.0,0,0,0
1781969511,10000,,Aggregated,0.000000,0.000000,N/A,N/A,N/A,N/A,N/A,N/A,N/A,N/A,N/A,N/A,N/A,0,0,0,0.0,0,0,0
1781969512,10000,,Aggregated,0.000000,0.000000,N/A,N/A,N/A,N/A,N/A,N/A,N/A,N/A,N/A,N/A,N/A,0,0,0,0.0,0,0,0
1781969513,10000,,Aggregated,0.000000,0.000000,N/A,N/A,N/A,N/A,N/A,N/A,N/A,N/A,N/A,N/A,N/A,0,0,0,0.0,0,0,0
1781969514,10000,,Aggregated,0.000000,0.000000,N/A,N/A,N/A,N/A,N/A,N/A,N/A,N/A,N/A,N/A,N/A,0,0,0,0.0,0,0,0
1781969515,10000,,Aggregated,0.000000,0.000000,N/A,N/A,N/A,N/A,N/A,N/A,N/A,N/A,N/A,N/A,N/A,0,0,0,0.0,0,0,0
1781969516,10000,,Aggregated,0.000000,0.000000,N/A,N/A,N/A,N/A,N/A,N/A,N/A,N/A,N/A,N/A,N/A,0,0,0,0.0,0,0,0
1781969517,10000,,Aggregated,0.000000,0.000000,N/A,N/A,N/A,N/A,N/A,N/A,N/A,N/A,N/A,N/A,N/A,0,0,0,0.0,0,0,0
1781969518,10000,,Aggregated,0.000000,0.000000,N/A,N/A,N/A,N/A,N/A,N/A,N/A,N/A,N/A,N/A,N/A,0,0,0,0.0,0,0,0
1781969519,10000,,Aggregated,0.000000,0.000000,N/A,N/A,N/A,N/A,N/A,N/A,N/A,N/A,N/A,N/A,N/A,0,0,0,0.0,0,0,0
1781969520,10000,,Aggregated,0.000000,0.000000,N/A,N/A,N/A,N/A,N/A,N/A,N/A,N/A,N/A,N/A,N/A,0,0,0,0.0,0,0,0
1781969521,10000,,Aggregated,0.000000,0.000000,N/A,N/A,N/A,N/A,N/A,N/A,N/A,N/A,N/A,N/A,N/A,0,0,0,0.0,0,0,0
1781969522,10000,,Aggregated,0.000000,0.000000,N/A,N/A,N/A,N/A,N/A,N/A,N/A,N/A,N/A,N/A,N/A,0,0,0,0.0,0,0,0
1781969523,10000,,Aggregated,0.000000,0.000000,N/A,N/A,N/A,N/A,N/A,N/A,N/A,N/A,N/A,N/A,N/A,0,0,0,0.0,0,0,0
1781969524,10000,,Aggregated,0.000000,0.000000,N/A,N/A,N/A,N/A,N/A,N/A,N/A,N/A,N/A,N/A,N/A,0,0,0,0.0,0,0,0
1781969525,10000,,Aggregated,0.000000,0.000000,N/A,N/A,N/A,N/A,N/A,N/A,N/A,N/A,N/A,N/A,N/A,0,0,0,0.0,0,0,0
1781969526,10000,,Aggregated,0.000000,0.000000,N/A,N/A,N/A,N/A,N/A,N/A,N/A,N/A,N/A,N/A,N/A,0,0,0,0.0,0,0,0
1781969527,10000,,Aggregated,0.000000,0.000000,N/A,N/A,N/A,N/A,N/A,N/A,N/A,N/A,N/A,N/A,N/A,0,0,0,0.0,0,0,0
1781969528,10000,,Aggregated,0.000000,0.000000,N/A,N/A,N/A,N/A,N/A,N/A,N/A,N/A,N/A,N/A,N/A,0,0,0,0.0,0,0,0
1781969529,10000,,Aggregated,0.000000,0.000000,N/A,N/A,N/A,N/A,N/A,N/A,N/A,N/A,N/A,N/A,N/A,0,0,0,0.0,0,0,0
1781969530,10000,POST,/auth/login [setup],0.000000,0.000000,0,0,0,0,0,0,0,0,0,0,0,249,249,32907.3109000019,32756.411167068178,32409.004599998298,32907.3109000019,0.0
1781969530,10000,,Aggregated,0.000000,0.000000,0,0,0,0,0,0,0,0,0,0,0,249,249,32907.3109000019,32756.411167068178,32409.004599998298,32907.3109000019,0.0
1781969531,10000,POST,/auth/login [setup],0.000000,0.000000,0,0,0,0,0,0,0,0,0,0,0,269,269,32919.691299997794,32768.16592713751,32409.004599998298,32919.691299997794,0.0
1781969531,10000,,Aggregated,0.000000,0.000000,0,0,0,0,0,0,0,0,0,0,0,269,269,32919.691299997794,32768.16592713751,32409.004599998298,32919.691299997794,0.0
1781969532,10000,POST,/auth/login [setup],0.000000,0.000000,33000,33000,33000,33000,33000,33000,33000,33000,33000,33000,33000,269,269,32919.691299997794,32768.16592713751,32409.004599998298,32919.691299997794,0.0
1781969532,10000,,Aggregated,0.000000,0.000000,0,0,0,0,0,0,0,0,0,0,0,269,269,32919.691299997794,32768.16592713751,32409.004599998298,32919.691299997794,0.0
1781969533,10000,POST,/auth/login [setup],0.000000,0.000000,33000,33000,33000,33000,33000,33000,33000,33000,33000,33000,33000,269,269,32919.691299997794,32768.16592713751,32409.004599998298,32919.691299997794,0.0
1781969533,10000,,Aggregated,0.000000,0.000000,0,0,0,0,0,0,0,0,0,0,0,269,269,32919.691299997794,32768.16592713751,32409.004599998298,32919.691299997794,0.0
1781969534,10000,POST,/auth/login [setup],0.000000,0.000000,33000,33000,33000,33000,33000,33000,33000,33000,33000,33000,33000,269,269,32919.691299997794,32768.16592713751,32409.004599998298,32919.691299997794,0.0
1781969534,10000,,Aggregated,0.000000,0.000000,0,0,0,0,0,0,0,0,0,0,0,269,269,32919.691299997794,32768.16592713751,32409.004599998298,32919.691299997794,0.0
1781969535,10000,POST,/auth/login [setup],0.000000,0.000000,33000,33000,33000,33000,33000,33000,33000,33000,33000,33000,33000,269,269,32919.691299997794,32768.16592713751,32409.004599998298,32919.691299997794,0.0
1781969535,10000,,Aggregated,0.000000,0.000000,0,0,0,0,0,0,0,0,0,0,0,269,269,32919.691299997794,32768.16592713751,32409.004599998298,32919.691299997794,0.0
1781969536,10000,POST,/auth/login [setup],0.000000,0.000000,33000,33000,33000,33000,33000,33000,33000,33000,33000,33000,33000,269,269,32919.691299997794,32768.16592713751,32409.004599998298,32919.691299997794,0.0
1781969536,10000,,Aggregated,0.000000,0.000000,0,0,0,0,0,0,0,0,0,0,0,269,269,32919.691299997794,32768.16592713751,32409.004599998298,32919.691299997794,0.0
1781969537,10000,POST,/auth/login [setup],0.000000,0.000000,33000,33000,33000,33000,33000,33000,33000,33000,33000,33000,33000,269,269,32919.691299997794,32768.16592713751,32409.004599998298,32919.691299997794,0.0
1781969537,10000,,Aggregated,0.000000,0.000000,0,0,0,0,0,0,0,0,0,0,0,269,269,32919.691299997794,32768.16592713751,32409.004599998298,32919.691299997794,0.0
1781969539,10000,POST,/auth/login [setup],0.000000,0.000000,33000,33000,33000,33000,33000,33000,33000,33000,33000,33000,33000,269,269,32919.691299997794,32768.16592713751,32409.004599998298,32919.691299997794,0.0
1781969539,10000,,Aggregated,0.000000,0.000000,0,0,0,0,0,0,0,0,0,0,0,269,269,32919.691299997794,32768.16592713751,32409.004599998298,32919.691299997794,0.0
1781969540,10000,POST,/auth/login [setup],0.000000,0.000000,33000,33000,33000,33000,33000,33000,33000,33000,33000,33000,33000,269,269,32919.691299997794,32768.16592713751,32409.004599998298,32919.691299997794,0.0
1781969540,10000,,Aggregated,0.000000,0.000000,0,0,0,0,0,0,0,0,0,0,0,269,269,32919.691299997794,32768.16592713751,32409.004599998298,32919.691299997794,0.0
1781969541,10000,POST,/auth/login [setup],0.000000,0.000000,33000,33000,33000,33000,33000,33000,33000,33000,33000,33000,33000,269,269,32919.691299997794,32768.16592713751,32409.004599998298,32919.691299997794,0.0
1781969541,10000,,Aggregated,0.000000,0.000000,0,0,0,0,0,0,0,0,0,0,0,269,269,32919.691299997794,32768.16592713751,32409.004599998298,32919.691299997794,0.0
1781969542,10000,POST,/auth/login [setup],26.900000,26.900000,33000,44000,44000,44000,44000,44000,44000,44000,44000,44000,44000,520,520,33000,38203.20198230759,32409.004599998298,44080.329399999755,0.0
1781969542,10000,,Aggregated,26.900000,26.900000,44000,44000,44000,44000,44000,44000,44000,44000,44000,44000,44000,520,520,33000,38203.20198230759,32409.004599998298,44080.329399999755,0.0
1781969543,10000,POST,/auth/login [setup],0.000000,0.000000,44000,44000,44000,45000,45000,45000,45000,45000,45000,45000,45000,2214,2214,44000,42939.766168563634,32409.004599998298,44736.82459999691,0.0
1781969543,10000,,Aggregated,0.000000,0.000000,44000,44000,45000,45000,45000,45000,45000,45000,45000,45000,45000,2214,2214,44000,42939.766168563634,32409.004599998298,44736.82459999691,0.0
1781969544,10000,POST,/auth/login [setup],8.300000,8.300000,44000,45000,45000,45000,45000,45000,46000,46000,46000,46000,46000,3058,3058,44000,43540.75432207324,32409.004599998298,45584.623299997475,0.0
1781969544,10000,,Aggregated,8.300000,8.300000,45000,45000,45000,45000,45000,45000,46000,46000,46000,46000,46000,3058,3058,44000,43540.75432207324,32409.004599998298,45584.623299997475,0.0
1781969545,10000,POST,/auth/login [setup],164.000000,164.000000,45000,45000,46000,46000,46000,46000,46000,47000,47000,47000,47000,4047,4047,45000,44174.858442821846,32409.004599998298,46569.03749999765,0.0
1781969545,10000,,Aggregated,164.000000,164.000000,45000,45000,46000,46000,46000,46000,47000,47000,47000,47000,47000,4047,4047,45000,44174.858442821846,32409.004599998298,46569.03749999765,0.0
1781969546,10000,POST,/auth/login [setup],262.100000,262.100000,45000,46000,46000,47000,47000,47000,48000,48000,48000,48000,48000,4978,4978,45000,44730.472560104565,32409.004599998298,47641.79190000141,0.0
1781969546,10000,,Aggregated,262.100000,262.100000,45000,46000,46000,47000,47000,47000,48000,48000,48000,48000,48000,4978,4978,45000,44730.472560104565,32409.004599998298,47641.79190000141,0.0
1781969548,10000,POST,/auth/login [setup],409.600000,409.600000,46000,47000,47000,47000,48000,48000,49000,49000,49000,49000,49000,5965,5965,46000,45305.74654658855,32409.004599998298,48616.155699994124,0.0
1781969548,10000,,Aggregated,409.600000,409.600000,46000,47000,47000,47000,48000,48000,49000,49000,49000,49000,49000,5965,5965,46000,45305.74654658855,32409.004599998298,48616.155699994124,0.0
1781969549,10000,POST,/auth/login [setup],475.600000,475.600000,46000,47000,48000,48000,49000,49000,49000,49000,50000,50000,50000,6722,6722,46000,45736.887932296966,32409.004599998298,49563.84249999974,0.0
1781969549,10000,,Aggregated,475.600000,475.600000,46000,47000,48000,48000,49000,49000,49000,49000,50000,50000,50000,6722,6722,46000,45736.887932296966,32409.004599998298,49563.84249999974,0.0
1781969550,10000,POST,/auth/login [setup],475.600000,475.600000,46000,47000,48000,48000,49000,49000,49000,49000,50000,50000,50000,6722,6722,46000,45736.887932296966,32409.004599998298,49563.84249999974,0.0
1781969550,10000,,Aggregated,475.600000,475.600000,46000,47000,48000,48000,49000,49000,49000,49000,50000,50000,50000,6722,6722,46000,45736.887932296966,32409.004599998298,49563.84249999974,0.0
1781969551,10000,POST,/auth/login [setup],625.700000,625.700000,46000,47000,48000,48000,49000,49000,49000,49000,50000,53000,53000,6723,6723,46000,45738.01858453075,32409.004599998298,53338.26290000434,0.0
1781969551,10000,,Aggregated,625.700000,625.700000,46000,47000,48000,48000,49000,49000,49000,49000,50000,53000,53000,6723,6723,46000,45738.01858453075,32409.004599998298,53338.26290000434,0.0
1781969552,10000,POST,/auth/login [setup],645.300000,645.300000,47000,48000,48000,48000,49000,49000,49000,50000,53000,54000,54000,6730,6730,46000,45745.7977015305,32409.004599998298,53922.58299999958,0.0
1781969552,10000,,Aggregated,645.300000,645.300000,47000,48000,48000,48000,49000,49000,49000,50000,53000,54000,54000,6730,6730,46000,45745.7977015305,32409.004599998298,53922.58299999958,0.0
1781969553,10000,POST,/auth/login [setup],645.300000,645.300000,47000,48000,48000,49000,49000,49000,50000,50000,54000,54000,54000,6744,6744,46000,45763.46246174382,32409.004599998298,54333.4318000052,0.0
1781969553,10000,,Aggregated,645.300000,645.300000,47000,48000,48000,49000,49000,49000,50000,50000,54000,54000,54000,6744,6744,46000,45763.46246174382,32409.004599998298,54333.4318000052,0.0
1781969555,10000,POST,/auth/login [setup],645.300000,645.300000,48000,49000,49000,49000,49000,49000,50000,50000,54000,54000,54000,6744,6744,46000,45763.46246174382,32409.004599998298,54333.4318000052,0.0
1781969555,10000,,Aggregated,645.300000,645.300000,48000,49000,49000,49000,49000,49000,50000,50000,54000,54000,54000,6744,6744,46000,45763.46246174382,32409.004599998298,54333.4318000052,0.0
1781969556,10000,POST,/auth/login [setup],645.300000,645.300000,49000,49000,49000,49000,49000,49000,50000,54000,54000,54000,54000,6744,6744,46000,45763.46246174382,32409.004599998298,54333.4318000052,0.0
1781969556,10000,,Aggregated,645.300000,645.300000,49000,49000,49000,49000,49000,49000,50000,54000,54000,54000,54000,6744,6744,46000,45763.46246174382,32409.004599998298,54333.4318000052,0.0
1781969557,10000,POST,/auth/login [setup],645.300000,645.300000,49000,49000,49000,49000,49000,50000,54000,54000,54000,54000,54000,6744,6744,46000,45763.46246174382,32409.004599998298,54333.4318000052,0.0
1781969557,10000,,Aggregated,645.300000,645.300000,49000,49000,49000,49000,49000,50000,54000,54000,54000,54000,54000,6744,6744,46000,45763.46246174382,32409.004599998298,54333.4318000052,0.0
1781969558,10000,POST,/auth/login [setup],645.300000,645.300000,49000,50000,50000,50000,52000,54000,54000,54000,54000,54000,54000,6744,6744,46000,45763.46246174382,32409.004599998298,54333.4318000052,0.0
1781969558,10000,,Aggregated,645.300000,645.300000,49000,50000,50000,50000,52000,54000,54000,54000,54000,54000,54000,6744,6744,46000,45763.46246174382,32409.004599998298,54333.4318000052,0.0
1781969559,10000,POST,/auth/login [setup],645.300000,645.300000,49000,50000,50000,50000,52000,54000,54000,54000,54000,54000,54000,6744,6744,46000,45763.46246174382,32409.004599998298,54333.4318000052,0.0
1781969559,10000,,Aggregated,645.300000,645.300000,49000,50000,50000,50000,52000,54000,54000,54000,54000,54000,54000,6744,6744,46000,45763.46246174382,32409.004599998298,54333.4318000052,0.0
1781969560,10000,POST,/auth/login [setup],645.300000,645.300000,54000,54000,54000,54000,54000,54000,54000,54000,54000,54000,54000,6744,6744,46000,45763.46246174382,32409.004599998298,54333.4318000052,0.0
1781969560,10000,,Aggregated,645.300000,645.300000,54000,54000,54000,54000,54000,54000,54000,54000,54000,54000,54000,6744,6744,46000,45763.46246174382,32409.004599998298,54333.4318000052,0.0
1781969561,10000,POST,/auth/login [setup],645.300000,645.300000,54000,54000,54000,54000,54000,54000,54000,54000,54000,54000,54000,6744,6744,46000,45763.46246174382,32409.004599998298,54333.4318000052,0.0
1781969561,10000,,Aggregated,645.300000,645.300000,54000,54000,54000,54000,54000,54000,54000,54000,54000,54000,54000,6744,6744,46000,45763.46246174382,32409.004599998298,54333.4318000052,0.0
1781969563,10000,POST,/auth/login [setup],2.200000,2.200000,54000,54000,54000,54000,54000,54000,54000,54000,54000,54000,54000,6744,6744,46000,45763.46246174382,32409.004599998298,54333.4318000052,0.0
1781969563,10000,GET,/auth/me,0.000000,0.000000,0,0,0,0,0,0,0,0,0,0,0,86,86,32000,31262.35217441821,21059.673900002963,32101.190200002748,0.0
1781969563,10000,POST,/auth/update-profile,0.000000,0.000000,0,0,0,0,0,0,0,0,0,0,0,33,33,32000,31794.5097303029,31608.95349999919,32085.598199999367,0.0
1781969563,10000,POST,/payment/create-order,0.000000,0.000000,0,0,0,0,0,0,0,0,0,0,0,60,60,31933.67180000496,31017.254931666805,21058.0403999993,31933.67180000496,0.0
1781969563,10000,POST,/predict/colleges [premium],0.000000,0.000000,0,0,0,0,0,0,0,0,0,0,0,102,102,32000,31337.920020588223,21060.692899998685,32112.13950000092,0.0
1781969563,10000,,Aggregated,2.200000,2.200000,32000,32000,32000,32000,32000,32000,54000,54000,54000,54000,54000,7025,7025,46000,45184.92172072616,21058.0403999993,54333.4318000052,0.0
1781969564,10000,POST,/auth/login [setup],2.200000,2.200000,54000,54000,54000,54000,54000,54000,54000,54000,54000,54000,54000,6744,6744,46000,45763.46246174382,32409.004599998298,54333.4318000052,0.0
1781969564,10000,GET,/auth/me,0.000000,0.000000,15000,15000,15000,21000,21000,21000,21000,21000,22000,22000,22000,204,204,21000,22388.289720097855,10552.397300001758,32101.190200002748,0.0
1781969564,10000,POST,/auth/update-profile,0.000000,0.000000,15000,15000,15000,15000,15000,21000,21000,21000,21000,21000,21000,124,124,15000,19570.60040645152,14505.69550000364,32085.598199999367,0.0
1781969564,10000,POST,/payment/create-order,0.000000,0.000000,21000,21000,21000,21000,21000,21000,21000,21000,21000,21000,21000,78,78,31933.67180000496,28752.756152564332,21058.0403999993,31933.67180000496,0.0
1781969564,10000,POST,/predict/colleges [auth],0.000000,0.000000,0,0,0,0,0,0,0,0,0,0,0,188,188,14917.820000002393,14704.620681915058,14507.690099999309,14917.820000002393,0.0
1781969564,10000,POST,/predict/colleges [premium],0.000000,0.000000,21000,21000,21000,21000,21000,21000,21000,21000,21000,21000,21000,145,145,32000,28181.228913103245,10380.525799999305,32112.13950000092,0.0
1781969564,10000,POST,/predict/rank [auth],0.000000,0.000000,0,0,0,0,0,0,0,0,0,0,0,33,33,14887.963100001798,14711.759506060458,14510.410999995656,14887.963100001798,0.0
1781969564,10000,,Aggregated,2.200000,2.200000,15000,32000,32000,32000,32000,32000,32000,54000,54000,54000,54000,7516,7516,46000,43267.922607703746,10380.525799999305,54333.4318000052,0.0
1781969565,10000,POST,/auth/login [setup],1.400000,1.400000,54000,54000,54000,54000,54000,54000,54000,54000,54000,54000,54000,6744,6744,46000,45763.46246174382,32409.004599998298,54333.4318000052,0.0
1781969565,10000,GET,/auth/me,8.200000,8.200000,15000,15000,15000,21000,21000,21000,22000,22000,22000,22000,22000,215,215,21000,21545.839114418428,1.3051999994786456,32101.190200002748,0.0
1781969565,10000,POST,/auth/update-profile,3.300000,3.300000,15000,15000,15000,15000,15000,21000,21000,21000,21000,21000,21000,134,134,15000,18430.696014178924,1.197000005049631,32085.598199999367,0.0
1781969565,10000,POST,/payment/create-order,5.600000,5.600000,21000,21000,21000,21000,22000,22000,22000,22000,22000,22000,22000,85,85,31933.67180000496,28171.975036470812,21058.0403999993,31933.67180000496,0.0
1781969565,10000,POST,/predict/colleges [auth],0.000000,0.000000,4,5,5,6,6,7,9,9,9,9,9,211,211,14917.820000002393,13102.182815165992,1.2465000036172569,14917.820000002393,0.0
1781969565,10000,POST,/predict/colleges [premium],9.800000,9.800000,21000,21000,21000,21000,21000,22000,22000,22000,22000,22000,22000,154,154,32000,27798.636973376524,10380.525799999305,32112.13950000092,0.0
1781969565,10000,POST,/predict/rank [auth],0.000000,0.000000,15000,15000,15000,15000,15000,15000,15000,15000,15000,15000,15000,34,34,14887.963100001798,14279.203449999733,4.853599995840341,14887.963100001798,0.0
1781969565,10000,,Aggregated,28.300000,28.300000,15000,22000,32000,32000,32000,32000,32000,54000,54000,54000,54000,7577,7577,46000,42979.61211307922,1.197000005049631,54333.4318000052,0.0
1781969566,10000,POST,/auth/login [setup],0.000000,0.000000,54000,54000,54000,54000,54000,54000,54000,54000,54000,54000,54000,6744,6744,46000,45763.46246174382,32409.004599998298,54333.4318000052,0.0
1781969566,10000,GET,/auth/me,20.400000,20.400000,15000,15000,15000,15000,21000,21000,21000,22000,22000,22000,22000,256,256,15000,18095.68328164061,0.8694000061950646,32101.190200002748,0.0
1781969566,10000,POST,/auth/update-profile,12.400000,12.400000,15000,15000,15000,15000,15000,21000,21000,21000,21000,21000,21000,148,148,15000,16687.634573648476,1.197000005049631,32085.598199999367,0.0
1781969566,10000,POST,/payment/create-order,7.800000,7.800000,21000,21000,21000,21000,22000,22000,22000,22000,22000,22000,22000,91,91,31933.67180000496,26314.682043956265,1.5763000046717934,31933.67180000496,0.0
1781969566,10000,POST,/predict/colleges [auth],18.800000,18.800000,3,4,5,5,6,8,10,14,14,14,14,259,259,14917.820000002393,10674.647706563737,1.2465000036172569,14917.820000002393,0.0
1781969566,10000,POST,/predict/colleges [premium],14.500000,14.500000,21000,21000,21000,21000,21000,22000,22000,22000,22000,22000,22000,171,171,32000,25164.7510754385,1.1632000023382716,32112.13950000092,0.0
1781969566,10000,POST,/predict/rank [auth],3.300000,3.300000,15000,15000,15000,15000,15000,15000,15000,15000,15000,15000,15000,40,40,14887.963100001798,12138.05063999971,2.2236000004340895,14887.963100001798,0.0
1781969566,10000,,Aggregated,77.200000,77.200000,15000,21000,32000,32000,32000,32000,32000,54000,54000,54000,54000,7709,7709,45000,42246.61045018827,0.8694000061950646,54333.4318000052,0.0
1781969567,10000,POST,/auth/login [setup],0.000000,0.000000,54000,54000,54000,54000,54000,54000,54000,54000,54000,54000,54000,6744,6744,46000,45763.46246174382,32409.004599998298,54333.4318000052,0.0
1781969567,10000,GET,/auth/me,21.000000,21.000000,15000,15000,15000,15000,21000,21000,23000,23000,23000,23000,23000,298,298,15000,15937.838422147523,0.8694000061950646,32101.190200002748,0.0
1781969567,10000,POST,/auth/update-profile,13.000000,13.000000,15000,15000,15000,15000,15000,21000,21000,21000,21000,21000,21000,170,170,15000,14528.674774705849,1.197000005049631,32085.598199999367,0.0
1781969567,10000,POST,/payment/create-order,8.100000,8.100000,21000,21000,21000,21000,22000,22000,25000,25000,25000,25000,25000,104,104,31933.67180000496,23267.243122115495,1.5381000048364513,31933.67180000496,0.0
1781969567,10000,POST,/predict/colleges [auth],20.600000,20.600000,3,4,5,5,7,9,12,14,120,120,120,312,312,14917.820000002393,8862.34801378202,1.0660999978426844,14917.820000002393,0.0
1781969567,10000,POST,/predict/colleges [premium],15.000000,15.000000,21000,21000,21000,21000,21000,22000,23000,23000,23000,23000,23000,204,204,22000,21552.785553431444,1.1632000023382716,32112.13950000092,0.0
1781969567,10000,POST,/predict/rank [auth],3.300000,3.300000,15000,15000,15000,15000,15000,15000,15000,15000,15000,15000,15000,45,45,14887.963100001798,10789.673184444513,1.2602999995579012,14887.963100001798,0.0
1781969567,10000,,Aggregated,81.000000,81.000000,15000,21000,22000,32000,32000,32000,32000,32000,32000,32000,32000,7877,7877,45000,41375.56059600117,0.8694000061950646,54333.4318000052,0.0
1781969568,10000,POST,/auth/login [setup],0.000000,0.000000,54000,54000,54000,54000,54000,54000,54000,54000,54000,54000,54000,6744,6744,46000,45763.46246174382,32409.004599998298,54333.4318000052,0.0
1781969568,10000,GET,/auth/me,24.500000,24.500000,8,15000,15000,15000,21000,21000,22000,23000,23000,23000,23000,361,361,15000,13157.09040166194,0.8694000061950646,32101.190200002748,0.0
1781969568,10000,POST,/auth/update-profile,14.300000,14.300000,15000,15000,15000,15000,15000,15000,21000,21000,21000,21000,21000,202,202,15000,12227.71219207915,1.197000005049631,32085.598199999367,0.0
1781969568,10000,POST,/payment/create-order,8.900000,8.900000,5,21000,21000,21000,21000,22000,22000,25000,25000,25000,25000,129,129,21000,18759.369425581404,1.3495999955921434,31933.67180000496,0.0
1781969568,10000,POST,/predict/colleges [auth],24.800000,24.800000,3,4,4,5,8,9,10,14,120,120,120,365,365,14917.820000002393,7575.977583835576,0.8420000012847595,14917.820000002393,0.0
1781969568,10000,POST,/predict/colleges [premium],16.500000,16.500000,9,21000,21000,21000,21000,22000,23000,23000,24000,24000,24000,234,234,21000,18891.34219401721,1.0278000045218505,32112.13950000092,0.0
1781969568,10000,POST,/predict/rank [auth],4.000000,4.000000,15000,15000,15000,15000,15000,15000,15000,15000,15000,15000,15000,56,56,14887.963100001798,8670.837778571435,1.2602999995579012,14887.963100001798,0.0
1781969568,10000,,Aggregated,93.000000,93.000000,15000,15000,21000,25000,32000,32000,32000,32000,32000,32000,32000,8091,8091,45000,40284.24543354362,0.8420000012847595,54333.4318000052,0.0
1781969569,10000,POST,/auth/login [setup],0.000000,0.000000,54000,54000,54000,54000,54000,54000,54000,54000,54000,54000,54000,6744,6744,46000,45763.46246174382,32409.004599998298,54333.4318000052,0.0
1781969569,10000,GET,/auth/me,28.400000,28.400000,5,15000,15000,15000,21000,21000,22000,23000,23000,23000,23000,426,426,10,11150.091343896644,0.7002000056672841,32101.190200002748,0.0
1781969569,10000,POST,/auth/update-profile,16.400000,16.400000,8,15000,15000,15000,15000,15000,21000,21000,21000,21000,21000,236,236,15000,10466.567912711856,0.7727999982307665,32085.598199999367,0.0
1781969569,10000,POST,/payment/create-order,9.800000,9.800000,4,21000,21000,21000,21000,22000,22000,25000,25000,25000,25000,142,142,21000,17042.23565422539,1.2308000004850328,31933.67180000496,0.0
1781969569,10000,POST,/predict/colleges [auth],29.700000,29.700000,3,4,5,5,7,8,10,12,120,120,120,435,435,6,6357.424408505768,0.7470999989891425,14917.820000002393,0.0
1781969569,10000,POST,/predict/colleges [premium],18.800000,18.800000,5,10000,21000,21000,21000,22000,23000,23000,24000,24000,24000,277,277,21000,15959.623271841267,0.6806000019423664,32112.13950000092,0.0
1781969569,10000,POST,/predict/rank [auth],4.300000,4.300000,9,15000,15000,15000,15000,15000,15000,15000,15000,15000,15000,68,68,6,7141.300141176436,1.2602999995579012,14887.963100001798,0.0
1781969569,10000,,Aggregated,107.400000,107.400000,15000,15000,21000,21000,32000,32000,32000,32000,32000,32000,32000,8328,8328,45000,39137.9371900098,0.6806000019423664,54333.4318000052,0.0
1781969570,10000,POST,/auth/login [setup],0.000000,0.000000,54000,54000,54000,54000,54000,54000,54000,54000,54000,54000,54000,6744,6744,46000,45763.46246174382,32409.004599998298,54333.4318000052,0.0
1781969570,10000,GET,/auth/me,33.500000,33.500000,7,15000,15000,21000,29000,29000,29000,29000,29000,29000,29000,547,547,15000,11995.596729433162,0.7002000056672841,32101.190200002748,0.0
1781969570,10000,POST,/auth/update-profile,18.600000,18.600000,9,15000,15000,15000,15000,29000,29000,29000,29000,29000,29000,294,294,26,9944.729093877528,0.7727999982307665,32085.598199999367,0.0
1781969570,10000,POST,/payment/create-order,12.100000,12.100000,25,21000,29000,29000,29000,29000,29000,29000,29000,29000,29000,213,213,21000,17357.665963380343,1.2308000004850328,31933.67180000496,0.0
1781969570,10000,POST,/predict/colleges [auth],34.700000,34.700000,3,4,5,6,8,19,100,110,120,120,120,494,494,6,5600.232428947372,0.7470999989891425,14917.820000002393,0.0
1781969570,10000,POST,/predict/colleges [premium],22.500000,22.500000,21000,22000,29000,29000,29000,29000,29000,29000,29000,29000,29000,407,407,22000,17840.498866830512,0.6806000019423664,32112.13950000092,0.0
1781969570,10000,POST,/predict/rank [auth],5.000000,5.000000,6,15000,15000,15000,15000,15000,15000,15000,15000,15000,15000,74,74,6,6562.996800000071,0.9197000035783276,14887.963100001798,0.0
1781969570,10000,,Aggregated,126.400000,126.400000,15000,15000,22000,29000,32000,32000,32000,32000,32000,32000,32000,8773,8773,45000,37880.38015259339,0.6806000019423664,54333.4318000052,0.0
1781969571,10000,POST,/auth/login [setup],0.000000,0.000000,0,0,0,0,0,0,0,0,0,0,0,6744,6744,46000,45763.46246174382,32409.004599998298,54333.4318000052,0.0
1781969571,10000,GET,/auth/me,38.900000,38.900000,15000,29000,29000,29000,29000,29000,29000,29000,29000,29000,29000,807,807,24000,17411.277003593525,0.7002000056672841,32101.190200002748,0.0
1781969571,10000,POST,/auth/update-profile,21.400000,21.400000,15000,15000,29000,29000,29000,29000,29000,29000,29000,29000,29000,378,378,15000,14134.45098783058,0.7727999982307665,32085.598199999367,0.0
1781969571,10000,POST,/payment/create-order,13.200000,13.200000,29000,29000,29000,29000,29000,29000,29000,29000,29000,29000,29000,396,396,29000,22648.994548989845,1.2308000004850328,31933.67180000496,0.0
1781969571,10000,POST,/predict/colleges [auth],40.300000,40.300000,3,4,5,6,8,19,100,110,120,120,120,494,494,6,5600.232428947372,0.7470999989891425,14917.820000002393,0.0
1781969571,10000,POST,/predict/colleges [premium],25.700000,25.700000,29000,29000,29000,29000,29000,29000,29000,29000,29000,29000,29000,746,746,29000,22816.224273190393,0.6806000019423664,32112.13950000092,0.0
1781969571,10000,POST,/predict/rank [auth],6.100000,6.100000,6,15000,15000,15000,15000,15000,15000,15000,15000,15000,15000,74,74,6,6562.996800000071,0.9197000035783276,14887.963100001798,0.0
1781969571,10000,,Aggregated,145.600000,145.600000,21000,29000,29000,29000,29000,32000,32000,32000,32000,32000,32000,9639,9639,45000,37064.487559871464,0.6806000019423664,54333.4318000052,0.0
1781969572,10000,POST,/auth/login [setup],0.000000,0.000000,0,0,0,0,0,0,0,0,0,0,0,6744,6744,46000,45763.46246174382,32409.004599998298,54333.4318000052,0.0
1781969572,10000,GET,/auth/me,45.100000,45.100000,29000,29000,29000,29000,29000,29000,29000,29000,29000,29000,29000,1116,1116,29000,20693.083527598545,0.7002000056672841,32101.190200002748,0.0
1781969572,10000,POST,/auth/update-profile,25.900000,25.900000,15000,29000,29000,29000,29000,29000,29000,29000,29000,29000,29000,486,486,21000,17502.9215763374,0.7727999982307665,32085.598199999367,0.0
1781969572,10000,POST,/payment/create-order,15.300000,15.300000,29000,29000,29000,29000,29000,29000,29000,29000,29000,29000,29000,608,608,29000,24963.77266085515,1.2308000004850328,31933.67180000496,0.0
1781969572,10000,POST,/predict/colleges [auth],46.600000,46.600000,3,4,5,6,8,19,100,110,120,120,120,494,494,6,5600.232428947372,0.7470999989891425,14917.820000002393,0.0
1781969572,10000,POST,/predict/colleges [premium],29.800000,29.800000,29000,29000,29000,29000,29000,29000,29000,29000,29000,29000,29000,1188,1188,29000,25218.129597979838,0.6806000019423664,32112.13950000092,0.0
1781969572,10000,POST,/predict/rank [auth],7.200000,7.200000,6,15000,15000,15000,15000,15000,15000,15000,15000,15000,15000,74,74,6,6562.996800000071,0.9197000035783276,14887.963100001798,0.0
1781969572,10000,,Aggregated,169.900000,169.900000,29000,29000,29000,29000,29000,29000,29000,29000,29000,29000,29000,10710,10710,44000,36285.52570197965,0.6806000019423664,54333.4318000052,0.0
1781969574,10000,POST,/auth/login [setup],0.000000,0.000000,0,0,0,0,0,0,0,0,0,0,0,6744,6744,46000,45763.46246174382,32409.004599998298,54333.4318000052,0.0
1781969574,10000,GET,/auth/me,81.100000,81.100000,29000,29000,29000,29000,29000,30000,30000,30000,30000,30000,30000,1287,1287,29000,21854.29955773118,0.7002000056672841,32101.190200002748,0.0
1781969574,10000,POST,/auth/update-profile,37.800000,37.800000,29000,29000,29000,29000,29000,30000,30000,30000,30000,30000,30000,552,552,29000,18933.581543478205,0.7727999982307665,32085.598199999367,0.0
1781969574,10000,POST,/payment/create-order,39.600000,39.600000,29000,29000,29000,29000,29000,30000,30000,30000,30000,30000,30000,744,744,29000,25787.354124193465,1.2308000004850328,31933.67180000496,0.0
1781969574,10000,POST,/predict/colleges [auth],49.400000,49.400000,3,4,5,6,9,24,100,110,21000,21000,21000,495,495,6,5631.567068888881,0.7470999989891425,21110.879199994088,0.0
1781969574,10000,POST,/predict/colleges [premium],74.800000,74.800000,29000,29000,29000,29000,29000,30000,30000,30000,30000,30000,30000,1464,1464,29000,26003.429049590148,0.6806000019423664,32112.13950000092,0.0
1781969574,10000,POST,/predict/rank [auth],7.400000,7.400000,3,4,5,5,6,9,26,26,26,26,26,74,74,6,6562.996800000071,0.9197000035783276,14887.963100001798,0.0
1781969574,10000,,Aggregated,290.200000,290.100000,29000,29000,29000,29000,29000,30000,30000,30000,30000,30000,30000,11360,11360,44000,35892.140003882196,0.6806000019423664,54333.4318000052,0.0
1781969575,10000,POST,/auth/login [setup],0.000000,0.000000,0,0,0,0,0,0,0,0,0,0,0,6744,6744,46000,45763.46246174382,32409.004599998298,54333.4318000052,0.0
1781969575,10000,GET,/auth/me,103.400000,103.400000,29000,29000,29000,29000,30000,30000,30000,30000,30000,30000,30000,1460,1460,29000,22754.66890075348,0.7002000056672841,32101.190200002748,0.0
1781969575,10000,POST,/auth/update-profile,45.300000,45.300000,29000,29000,29000,29000,30000,30000,30000,30000,30000,30000,30000,626,626,29000,20182.025656549482,0.7727999982307665,32085.598199999367,0.0
1781969575,10000,POST,/payment/create-order,55.200000,55.200000,29000,29000,29000,30000,30000,30000,30000,30000,30000,30000,30000,864,864,29000,26307.679220138816,1.2308000004850328,31933.67180000496,0.0
1781969575,10000,POST,/predict/colleges [auth],49.400000,49.400000,3,4,5,6,10,26,120,21000,21000,21000,21000,498,498,6,5724.610669678724,0.7470999989891425,21110.879199994088,0.0
1781969575,10000,POST,/predict/colleges [premium],109.000000,109.000000,29000,29000,29000,30000,30000,30000,30000,30000,30000,30000,30000,1720,1720,29000,26525.802310639516,0.6806000019423664,32112.13950000092,0.0
1781969575,10000,POST,/predict/rank [auth],7.400000,7.400000,3,3,4,5,6,19,26,26,26,26,26,74,74,6,6562.996800000071,0.9197000035783276,14887.963100001798,0.0
1781969575,10000,,Aggregated,369.700000,369.700000,29000,29000,29000,30000,30000,30000,30000,30000,30000,30000,30000,11986,11986,44000,35556.08945397149,0.6806000019423664,54333.4318000052,0.0
1781969576,10000,POST,/auth/login [setup],0.000000,0.000000,0,0,0,0,0,0,0,0,0,0,0,6744,6744,46000,45763.46246174382,32409.004599998298,54333.4318000052,0.0
1781969576,10000,GET,/auth/me,105.700000,105.700000,29000,29000,30000,30000,30000,30000,30000,30000,30000,30000,30000,1681,1681,29000,23707.728754669897,0.7002000056672841,32101.190200002748,0.0
1781969576,10000,POST,/auth/update-profile,41.700000,41.700000,29000,29000,30000,30000,30000,30000,30000,30000,30000,30000,30000,697,697,29000,21183.55297718797,0.7727999982307665,32085.598199999367,0.0
1781969576,10000,POST,/payment/create-order,64.000000,64.000000,29000,30000,30000,30000,30000,30000,30000,30000,30000,30000,30000,1019,1019,29000,26871.287973895927,1.2308000004850328,31933.67180000496,0.0
1781969576,10000,POST,/predict/colleges [auth],30.700000,30.700000,3,4,5,6,15,26,110,21000,21000,21000,21000,498,498,6,5724.610669678724,0.7470999989891425,21110.879199994088,0.0
1781969576,10000,POST,/predict/colleges [premium],127.100000,127.100000,29000,30000,30000,30000,30000,30000,30000,30000,30000,30000,30000,2043,2043,29000,27076.496120606913,0.6806000019423664,32112.13950000092,0.0
1781969576,10000,POST,/predict/rank [auth],4.100000,4.100000,3,3,5,5,6,19,26,26,26,26,26,74,74,6,6562.996800000071,0.9197000035783276,14887.963100001798,0.0
1781969576,10000,,Aggregated,373.300000,373.300000,29000,29000,30000,30000,30000,30000,30000,30000,30000,30000,30000,12756,12756,44000,35221.23402322062,0.6806000019423664,54333.4318000052,0.0
1781969577,10000,POST,/auth/login [setup],0.000000,0.000000,0,0,0,0,0,0,0,0,0,0,0,6744,6744,46000,45763.46246174382,32409.004599998298,54333.4318000052,0.0
1781969577,10000,GET,/auth/me,124.900000,124.900000,29000,30000,30000,30000,30000,30000,30000,30000,30000,30000,30000,2033,2033,29000,23038.80083138221,0.7002000056672841,32101.190200002748,0.0
1781969577,10000,POST,/auth/update-profile,49.400000,49.400000,29000,30000,30000,30000,30000,30000,30000,30000,30000,30000,30000,895,895,29000,21600.098401340732,0.7727999982307665,32085.598199999367,0.0
1781969577,10000,POST,/payment/create-order,78.200000,78.200000,29000,30000,30000,30000,30000,30000,30000,30000,30000,30000,30000,1117,1117,29000,25077.053002238103,1.2308000004850328,31933.67180000496,0.0
1781969577,10000,POST,/predict/colleges [auth],29.200000,29.200000,30000,30000,30000,30000,30000,30000,30000,30000,30000,30000,30000,979,979,15000,16884.592031869302,0.7470999989891425,30178.178599999228,0.0
1781969577,10000,POST,/predict/colleges [premium],156.500000,156.500000,29000,30000,30000,30000,30000,30000,30000,30000,30000,30000,30000,2226,2226,29000,25348.049858176077,0.6806000019423664,32112.13950000092,0.0
1781969577,10000,POST,/predict/rank [auth],4.100000,4.100000,30000,30000,30000,30000,30000,30000,30000,30000,30000,30000,30000,163,163,30000,18458.450326380367,0.9197000035783276,30169.78129999916,0.0
1781969577,10000,,Aggregated,442.300000,442.300000,29000,30000,30000,30000,30000,30000,30000,30000,30000,30000,30000,14157,14157,30000,33818.84094028406,0.6806000019423664,54333.4318000052,0.0
1781969578,10000,POST,/auth/login [setup],0.000000,0.000000,0,0,0,0,0,0,0,0,0,0,0,6744,6744,46000,45763.46246174382,32409.004599998298,54333.4318000052,0.0
1781969578,10000,GET,/auth/me,136.400000,136.400000,29000,30000,30000,30000,30000,30000,30000,30000,30000,30000,30000,2359,2359,29000,22264.41176324714,0.7002000056672841,32101.190200002748,0.0
1781969578,10000,POST,/auth/update-profile,53.900000,53.900000,30000,30000,30000,30000,30000,30000,30000,30000,30000,30000,30000,1061,1061,29000,21486.937300376947,0.7727999982307665,32085.598199999367,0.0
1781969578,10000,POST,/payment/create-order,88.600000,88.600000,29000,29000,30000,30000,30000,30000,30000,30000,30000,30000,30000,1181,1181,29000,23739.542095850953,1.2308000004850328,31933.67180000496,0.0
1781969578,10000,POST,/predict/colleges [auth],25.000000,25.000000,30000,30000,30000,30000,30000,30000,30000,30000,30000,30000,30000,1419,1419,30000,19809.735567935164,0.7470999989891425,30178.178599999228,0.0
1781969578,10000,POST,/predict/colleges [premium],179.100000,179.100000,29000,30000,30000,30000,30000,30000,30000,30000,30000,30000,30000,2364,2364,29000,23905.39853087987,0.6806000019423664,32112.13950000092,0.0
1781969578,10000,POST,/predict/rank [auth],3.400000,3.400000,30000,30000,30000,30000,30000,30000,30000,30000,30000,30000,30000,232,232,30000,21518.01538318962,0.9197000035783276,30169.78129999916,0.0
1781969578,10000,,Aggregated,486.400000,486.400000,29000,30000,30000,30000,30000,30000,30000,30000,30000,30000,30000,15360,15360,30000,32656.193642526126,0.6806000019423664,54333.4318000052,0.0
1781969579,10000,POST,/auth/login [setup],0.000000,0.000000,0,0,0,0,0,0,0,0,0,0,0,6744,6744,46000,45763.46246174382,32409.004599998298,54333.4318000052,0.0
1781969579,10000,GET,/auth/me,154.900000,154.900000,29000,30000,30000,30000,30000,30000,30000,30000,30000,30000,30000,2554,2554,29000,20682.38275677366,0.7002000056672841,32101.190200002748,0.0
1781969579,10000,POST,/auth/update-profile,63.900000,63.900000,29000,30000,30000,30000,30000,30000,30000,30000,30000,30000,30000,1167,1167,29000,19659.029664867146,0.7727999982307665,32085.598199999367,0.0
1781969579,10000,POST,/payment/create-order,97.400000,97.400000,29000,29000,30000,30000,30000,30000,30000,30000,30000,30000,30000,1290,1290,29000,21810.948024186055,1.2308000004850328,31933.67180000496,0.0
1781969579,10000,POST,/predict/colleges [auth],42.200000,42.200000,30000,30000,30000,30000,30000,30000,30000,30000,30000,30000,30000,1566,1566,30000,18143.65211526178,0.7470999989891425,30178.178599999228,0.0
1781969579,10000,POST,/predict/colleges [premium],195.500000,195.500000,29000,29000,30000,30000,30000,30000,30000,30000,30000,30000,30000,2543,2543,29000,22280.474645930026,0.6806000019423664,32112.13950000092,0.0
1781969579,10000,POST,/predict/rank [auth],6.600000,6.600000,30000,30000,30000,30000,30000,30000,30000,30000,30000,30000,30000,259,259,30000,19619.629707335884,0.9197000035783276,30169.78129999916,0.0
1781969579,10000,,Aggregated,560.500000,560.500000,29000,30000,30000,30000,30000,30000,30000,30000,30000,30000,30000,16123,16123,30000,31178.037418855147,0.6806000019423664,54333.4318000052,0.0
1781969581,10000,POST,/auth/login [setup],0.000000,0.000000,0,0,0,0,0,0,0,0,0,0,0,6744,6744,46000,45763.46246174382,32409.004599998298,54333.4318000052,0.0
1781969581,10000,GET,/auth/me,154.900000,154.900000,30000,30000,30000,30000,30000,30000,30000,30000,30000,30000,30000,2554,2554,29000,20682.38275677366,0.7002000056672841,32101.190200002748,0.0
1781969581,10000,POST,/auth/update-profile,63.900000,63.900000,30000,30000,30000,30000,30000,30000,30000,30000,30000,30000,30000,1167,1167,29000,19659.029664867146,0.7727999982307665,32085.598199999367,0.0
1781969581,10000,POST,/payment/create-order,97.400000,97.400000,29000,30000,30000,30000,30000,30000,30000,30000,30000,30000,30000,1290,1290,29000,21810.948024186055,1.2308000004850328,31933.67180000496,0.0
1781969581,10000,POST,/predict/colleges [auth],42.200000,42.200000,30000,30000,30000,30000,30000,30000,30000,30000,30000,30000,30000,1566,1566,30000,18143.65211526178,0.7470999989891425,30178.178599999228,0.0
1781969581,10000,POST,/predict/colleges [premium],195.500000,195.500000,29000,30000,30000,30000,30000,30000,30000,30000,30000,30000,30000,2543,2543,29000,22280.474645930026,0.6806000019423664,32112.13950000092,0.0
1781969581,10000,POST,/predict/rank [auth],6.600000,6.600000,30000,30000,30000,30000,30000,30000,30000,30000,30000,30000,30000,259,259,30000,19619.629707335884,0.9197000035783276,30169.78129999916,0.0
1781969581,10000,,Aggregated,560.500000,560.500000,30000,30000,30000,30000,30000,30000,30000,30000,30000,30000,30000,16123,16123,30000,31178.037418855147,0.6806000019423664,54333.4318000052,0.0
1781969582,10000,POST,/auth/login [setup],0.000000,0.000000,0,0,0,0,0,0,0,0,0,0,0,6744,6744,46000,45763.46246174382,32409.004599998298,54333.4318000052,0.0
1781969582,10000,GET,/auth/me,154.900000,154.900000,30000,30000,30000,30000,30000,30000,30000,30000,30000,30000,30000,2554,2554,29000,20682.38275677366,0.7002000056672841,32101.190200002748,0.0
1781969582,10000,POST,/auth/update-profile,63.900000,63.900000,30000,30000,30000,30000,30000,30000,30000,30000,30000,30000,30000,1167,1167,29000,19659.029664867146,0.7727999982307665,32085.598199999367,0.0
1781969582,10000,POST,/payment/create-order,97.400000,97.400000,30000,30000,30000,30000,30000,30000,30000,30000,30000,30000,30000,1290,1290,29000,21810.948024186055,1.2308000004850328,31933.67180000496,0.0
1781969582,10000,POST,/predict/colleges [auth],42.200000,42.200000,30000,30000,30000,30000,30000,30000,30000,30000,30000,30000,30000,1566,1566,30000,18143.65211526178,0.7470999989891425,30178.178599999228,0.0
1781969582,10000,POST,/predict/colleges [premium],195.500000,195.500000,30000,30000,30000,30000,30000,30000,30000,30000,30000,30000,30000,2543,2543,29000,22280.474645930026,0.6806000019423664,32112.13950000092,0.0
1781969582,10000,POST,/predict/rank [auth],6.600000,6.600000,30000,30000,30000,30000,30000,30000,30000,30000,30000,30000,30000,259,259,30000,19619.629707335884,0.9197000035783276,30169.78129999916,0.0
1781969582,10000,,Aggregated,560.500000,560.500000,30000,30000,30000,30000,30000,30000,30000,30000,30000,30000,30000,16123,16123,30000,31178.037418855147,0.6806000019423664,54333.4318000052,0.0
1781969583,10000,POST,/auth/login [setup],0.000000,0.000000,0,0,0,0,0,0,0,0,0,0,0,6744,6744,46000,45763.46246174382,32409.004599998298,54333.4318000052,0.0
1781969583,10000,GET,/auth/me,154.900000,154.900000,30000,30000,30000,30000,30000,30000,30000,30000,30000,30000,30000,2554,2554,29000,20682.38275677366,0.7002000056672841,32101.190200002748,0.0
1781969583,10000,POST,/auth/update-profile,63.900000,63.900000,30000,30000,30000,30000,30000,30000,30000,30000,30000,30000,30000,1167,1167,29000,19659.029664867146,0.7727999982307665,32085.598199999367,0.0
1781969583,10000,POST,/payment/create-order,97.400000,97.400000,30000,30000,30000,30000,30000,30000,30000,30000,30000,30000,30000,1290,1290,29000,21810.948024186055,1.2308000004850328,31933.67180000496,0.0
1781969583,10000,POST,/predict/colleges [auth],42.200000,42.200000,30000,30000,30000,30000,30000,30000,30000,30000,30000,30000,30000,1566,1566,30000,18143.65211526178,0.7470999989891425,30178.178599999228,0.0
1781969583,10000,POST,/predict/colleges [premium],195.500000,195.500000,30000,30000,30000,30000,30000,30000,30000,30000,30000,30000,30000,2543,2543,29000,22280.474645930026,0.6806000019423664,32112.13950000092,0.0
1781969583,10000,POST,/predict/rank [auth],6.600000,6.600000,30000,30000,30000,30000,30000,30000,30000,30000,30000,30000,30000,259,259,30000,19619.629707335884,0.9197000035783276,30169.78129999916,0.0
1781969583,10000,,Aggregated,560.500000,560.500000,30000,30000,30000,30000,30000,30000,30000,30000,30000,30000,30000,16123,16123,30000,31178.037418855147,0.6806000019423664,54333.4318000052,0.0
1781969584,10000,POST,/auth/login [setup],0.000000,0.000000,0,0,0,0,0,0,0,0,0,0,0,6744,6744,46000,45763.46246174382,32409.004599998298,54333.4318000052,0.0
1781969584,10000,GET,/auth/me,174.300000,174.300000,30000,30000,30000,30000,30000,30000,30000,30000,36000,36000,36000,2556,2556,29000,20694.347647456936,0.7002000056672841,35976.71270000137,0.0
1781969584,10000,POST,/auth/update-profile,78.900000,78.900000,30000,30000,30000,30000,30000,30000,30000,30000,30000,30000,30000,1167,1167,29000,19659.029664867146,0.7727999982307665,32085.598199999367,0.0
1781969584,10000,POST,/payment/create-order,89.400000,89.400000,50,30000,30000,30000,30000,30000,30000,30000,30000,30000,30000,1290,1290,29000,21810.948024186055,1.2308000004850328,31933.67180000496,0.0
1781969584,10000,POST,/predict/colleges [auth],107.200000,107.200000,30000,30000,30000,30000,30000,30000,30000,30000,36000,36000,36000,1571,1571,30000,18200.40974837679,0.7470999989891425,35980.103099995176,0.0
1781969584,10000,POST,/predict/colleges [premium],179.500000,179.500000,230,30000,30000,30000,30000,30000,30000,30000,30000,30000,30000,2543,2543,29000,22280.474645930026,0.6806000019423664,32112.13950000092,0.0
1781969584,10000,POST,/predict/rank [auth],18.500000,18.500000,30000,30000,30000,30000,30000,30000,30000,36000,36000,36000,36000,262,262,30000,19806.974547328195,0.9197000035783276,35990.9228999968,0.0
1781969584,10000,,Aggregated,647.700000,647.800000,30000,30000,30000,30000,30000,30000,30000,30000,36000,36000,36000,16133,16133,30000,31181.01233928604,0.6806000019423664,54333.4318000052,0.0
1781969585,10000,POST,/auth/login [setup],0.000000,0.000000,0,0,0,0,0,0,0,0,0,0,0,6744,6744,46000,45763.46246174382,32409.004599998298,54333.4318000052,0.0
1781969585,10000,GET,/auth/me,174.300000,174.300000,30000,30000,30000,30000,30000,30000,30000,30000,36000,36000,36000,2556,2556,29000,20694.347647456936,0.7002000056672841,35976.71270000137,0.0
1781969585,10000,POST,/auth/update-profile,78.900000,78.900000,30000,30000,30000,30000,30000,30000,30000,30000,30000,30000,30000,1167,1167,29000,19659.029664867146,0.7727999982307665,32085.598199999367,0.0
1781969585,10000,POST,/payment/create-order,89.400000,89.400000,30,44,7300,30000,30000,30000,30000,30000,30000,30000,30000,1290,1290,29000,21810.948024186055,1.2308000004850328,31933.67180000496,0.0
1781969585,10000,POST,/predict/colleges [auth],107.200000,107.200000,30000,30000,30000,30000,30000,30000,30000,30000,36000,36000,36000,1571,1571,30000,18200.40974837679,0.7470999989891425,35980.103099995176,0.0
1781969585,10000,POST,/predict/colleges [premium],179.500000,179.500000,32,56,7300,30000,30000,30000,30000,30000,30000,30000,30000,2543,2543,29000,22280.474645930026,0.6806000019423664,32112.13950000092,0.0
1781969585,10000,POST,/predict/rank [auth],18.500000,18.500000,30000,30000,30000,30000,30000,30000,30000,36000,36000,36000,36000,262,262,30000,19806.974547328195,0.9197000035783276,35990.9228999968,0.0
1781969585,10000,,Aggregated,647.700000,647.800000,30000,30000,30000,30000,30000,30000,30000,30000,36000,36000,36000,16133,16133,30000,31181.01233928604,0.6806000019423664,54333.4318000052,0.0
1781969587,10000,POST,/auth/login [setup],0.000000,0.000000,0,0,0,0,0,0,0,0,0,0,0,6744,6744,46000,45763.46246174382,32409.004599998298,54333.4318000052,0.0
1781969587,10000,GET,/auth/me,174.300000,174.300000,34,7400,30000,30000,30000,30000,30000,30000,36000,36000,36000,2556,2556,29000,20694.347647456936,0.7002000056672841,35976.71270000137,0.0
1781969587,10000,POST,/auth/update-profile,78.900000,78.900000,34,7500,30000,30000,30000,30000,30000,30000,30000,30000,30000,1167,1167,29000,19659.029664867146,0.7727999982307665,32085.598199999367,0.0
1781969587,10000,POST,/payment/create-order,89.400000,89.400000,17,24,34,42,310,7400,7600,7700,7700,7700,7700,1290,1290,29000,21810.948024186055,1.2308000004850328,31933.67180000496,0.0
1781969587,10000,POST,/predict/colleges [auth],107.200000,107.200000,30000,30000,30000,30000,30000,30000,30000,36000,36000,36000,36000,1571,1571,30000,18200.40974837679,0.7470999989891425,35980.103099995176,0.0
1781969587,10000,POST,/predict/colleges [premium],179.500000,179.500000,17,25,35,47,310,7400,7500,7700,7700,7700,7700,2543,2543,29000,22280.474645930026,0.6806000019423664,32112.13950000092,0.0
1781969587,10000,POST,/predict/rank [auth],18.500000,18.500000,30000,30000,30000,30000,30000,30000,36000,36000,36000,36000,36000,262,262,30000,19806.974547328195,0.9197000035783276,35990.9228999968,0.0
1781969587,10000,,Aggregated,647.700000,647.800000,33,7400,30000,30000,30000,30000,30000,30000,36000,36000,36000,16133,16133,30000,31181.01233928604,0.6806000019423664,54333.4318000052,0.0
1781969588,10000,POST,/auth/login [setup],0.000000,0.000000,0,0,0,0,0,0,0,0,0,0,0,6744,6744,46000,45763.46246174382,32409.004599998298,54333.4318000052,0.0
1781969588,10000,GET,/auth/me,94.700000,94.700000,12000,13000,13000,13000,14000,15000,15000,15000,36000,36000,36000,3024,3024,29000,19443.40152020501,0.7002000056672841,35976.71270000137,0.0
1781969588,10000,POST,/auth/update-profile,48.500000,48.500000,12000,12000,13000,13000,14000,15000,15000,15000,15000,15000,15000,1341,1341,29000,18755.382907307965,0.7727999982307665,32085.598199999367,0.0
1781969588,10000,POST,/payment/create-order,31.500000,31.500000,12000,12000,13000,13000,14000,14000,15000,15000,15000,15000,15000,1575,1575,29000,20103.86933288889,1.2308000004850328,31933.67180000496,0.0
1781969588,10000,POST,/predict/colleges [auth],107.300000,107.300000,7700,13000,14000,14000,15000,15000,15000,36000,36000,36000,36000,1692,1692,15000,17884.389506087413,0.7470999989891425,35980.103099995176,0.0
1781969588,10000,POST,/predict/colleges [premium],58.700000,58.700000,12000,12000,13000,13000,14000,14000,15000,15000,15000,15000,15000,3045,3045,29000,20650.00778965522,0.6806000019423664,32112.13950000092,0.0
1781969588,10000,POST,/predict/rank [auth],18.800000,18.800000,7400,13000,14000,14000,15000,36000,36000,36000,36000,36000,36000,277,277,30000,19469.86071371835,0.9197000035783276,35990.9228999968,0.0
1781969588,10000,,Aggregated,359.500000,359.500000,12000,12000,13000,13000,14000,15000,15000,15000,36000,36000,36000,17698,17698,30000,29538.53610004529,0.6806000019423664,54333.4318000052,0.0
1781969589,10000,POST,/auth/login [setup],0.000000,0.000000,0,0,0,0,0,0,0,0,0,0,0,6744,6744,46000,45763.46246174382,32409.004599998298,54333.4318000052,0.0
1781969589,10000,GET,/auth/me,72.300000,72.300000,9600,11000,12000,12000,13000,14000,15000,15000,36000,36000,36000,3621,3621,15000,17724.929491604504,0.7002000056672841,35976.71270000137,0.0
1781969589,10000,POST,/auth/update-profile,36.400000,36.400000,9600,11000,12000,12000,13000,14000,15000,15000,15000,15000,15000,1566,1566,15000,17363.433057726677,0.7727999982307665,32085.598199999367,0.0
1781969589,10000,POST,/payment/create-order,21.800000,21.800000,10000,12000,12000,12000,13000,14000,14000,15000,15000,15000,15000,1902,1902,21000,18252.506697318626,1.2308000004850328,31933.67180000496,0.0
1781969589,10000,POST,/predict/colleges [auth],85.200000,85.200000,8600,8900,10000,12000,14000,15000,15000,15000,36000,36000,36000,2023,2023,15000,16323.823426149265,0.7470999989891425,35980.103099995176,0.0
1781969589,10000,POST,/predict/colleges [premium],40.000000,40.000000,10000,12000,12000,12000,13000,14000,15000,15000,15000,15000,15000,3618,3618,29000,18859.41782042568,0.6806000019423664,32112.13950000092,0.0
1781969589,10000,POST,/predict/rank [auth],15.300000,15.300000,8600,8900,10000,11000,14000,15000,36000,36000,36000,36000,36000,328,328,15000,17785.257050609776,0.9197000035783276,35990.9228999968,0.0
1781969589,10000,,Aggregated,271.000000,271.000000,9600,11000,12000,12000,13000,14000,15000,15000,36000,36000,36000,19802,19802,30000,27361.286598111357,0.6806000019423664,54333.4318000052,0.0
1781969590,10000,POST,/auth/login [setup],0.000000,0.000000,0,0,0,0,0,0,0,0,0,0,0,6744,6744,46000,45763.46246174382,32409.004599998298,54333.4318000052,0.0
1781969590,10000,GET,/auth/me,72.700000,72.700000,8700,10000,12000,12000,13000,14000,15000,15000,36000,36000,36000,3994,3994,13000,16787.444207636443,0.7002000056672841,35976.71270000137,0.0
1781969590,10000,POST,/auth/update-profile,33.700000,33.700000,8600,9600,11000,12000,13000,14000,15000,15000,15000,15000,15000,1757,1757,13000,16296.125036767184,0.7727999982307665,32085.598199999367,0.0
1781969590,10000,POST,/payment/create-order,32.100000,32.100000,9400,10000,12000,12000,13000,13000,14000,15000,15000,15000,15000,2051,2051,13000,17542.584247684066,1.2308000004850328,31933.67180000496,0.0
1781969590,10000,POST,/predict/colleges [auth],56.100000,56.100000,8500,8600,8700,9000,13000,14000,15000,15000,36000,36000,36000,2374,2374,9600,14940.2985287279,0.7470999989891425,35980.103099995176,0.0
1781969590,10000,POST,/predict/colleges [premium],55.500000,55.500000,9600,11000,12000,12000,13000,14000,14000,15000,15000,15000,15000,3882,3882,15000,18153.954586836702,0.6806000019423664,32112.13950000092,0.0
1781969590,10000,POST,/predict/rank [auth],8.300000,8.300000,8500,8600,8700,9600,13000,15000,36000,36000,36000,36000,36000,383,383,14000,16230.737709138477,0.9197000035783276,35990.9228999968,0.0
1781969590,10000,,Aggregated,258.400000,258.400000,8700,10000,11000,12000,13000,14000,15000,15000,36000,36000,36000,21185,21185,29000,26077.33150553699,0.6806000019423664,54333.4318000052,0.0
1781969591,10000,POST,/auth/login [setup],0.000000,0.000000,0,0,0,0,0,0,0,0,0,0,0,6744,6744,46000,45763.46246174382,32409.004599998298,54333.4318000052,0.0
1781969591,10000,GET,/auth/me,107.000000,107.000000,8600,9800,11000,12000,13000,14000,15000,15000,36000,36000,36000,4352,4352,12000,15774.476358777576,0.7002000056672841,35976.71270000137,0.0
1781969591,10000,POST,/auth/update-profile,43.600000,43.600000,8500,8800,10000,11000,13000,14000,15000,15000,15000,15000,15000,1915,1915,12000,15306.470385639637,0.7727999982307665,32085.598199999367,0.0
1781969591,10000,POST,/payment/create-order,66.000000,66.000000,8700,10000,11000,12000,13000,13000,14000,15000,15000,15000,15000,2189,2189,12000,16713.04682069441,1.2308000004850328,31933.67180000496,0.0
1781969591,10000,POST,/predict/colleges [auth],46.800000,46.800000,8500,8600,8700,8900,13000,14000,15000,15000,36000,36000,36000,2674,2674,8700,13731.302129319402,0.7470999989891425,35980.103099995176,0.0
1781969591,10000,POST,/predict/colleges [premium],113.900000,113.900000,8700,10000,11000,12000,13000,13000,14000,15000,15000,15000,15000,4117,4117,13000,17346.18651544818,0.6806000019423664,32112.13950000092,0.0
1781969591,10000,POST,/predict/rank [auth],7.600000,7.600000,8500,8600,8700,8900,12000,14000,15000,36000,36000,36000,36000,428,428,8900,15026.210553037536,0.9197000035783276,35990.9228999968,0.0
1781969591,10000,,Aggregated,384.900000,384.900000,8600,9600,11000,12000,13000,14000,15000,15000,36000,36000,36000,22419,22419,29000,24877.962091484984,0.6806000019423664,54333.4318000052,0.0
1781969593,10000,POST,/auth/login [setup],0.000000,0.000000,0,0,0,0,0,0,0,0,0,0,0,6744,6744,46000,45763.46246174382,32409.004599998298,54333.4318000052,0.0
1781969593,10000,GET,/auth/me,116.000000,116.000000,8600,9600,11000,12000,13000,14000,15000,15000,36000,36000,36000,4397,4397,12000,15615.776481419147,0.7002000056672841,35976.71270000137,0.0
1781969593,10000,POST,/auth/update-profile,44.700000,44.600000,8600,9000,10000,12000,13000,14000,15000,15000,15000,15000,15000,1935,1935,11000,15154.11369906971,0.7727999982307665,32085.598199999367,0.0
1781969593,10000,POST,/payment/create-order,64.700000,64.700000,8900,10000,12000,12000,13000,13000,14000,15000,15000,15000,15000,2204,2204,12000,16599.963088838504,1.2308000004850328,31933.67180000496,0.0
1781969593,10000,POST,/predict/colleges [auth],55.400000,55.400000,8500,8600,8700,8900,12000,14000,15000,15000,36000,36000,36000,2720,2720,8700,13503.785143933877,0.7470999989891425,35980.103099995176,0.0
1781969593,10000,POST,/predict/colleges [premium],114.200000,114.200000,8900,10000,12000,12000,13000,13000,14000,15000,15000,15000,15000,4167,4167,13000,17141.032798272172,0.6806000019423664,32112.13950000092,0.0
1781969593,10000,POST,/predict/rank [auth],8.500000,8.500000,8500,8600,8700,8900,12000,14000,15000,36000,36000,36000,36000,439,439,8800,14650.691740774673,0.9197000035783276,35990.9228999968,0.0
1781969593,10000,,Aggregated,403.500000,403.400000,8600,9600,11000,12000,13000,14000,15000,15000,36000,36000,36000,22606,22606,29000,24674.401558099715,0.6806000019423664,54333.4318000052,0.0
1781969594,10000,POST,/auth/login [setup],0.000000,0.000000,0,0,0,0,0,0,0,0,0,0,0,6744,6744,46000,45763.46246174382,32409.004599998298,54333.4318000052,0.0
1781969594,10000,GET,/auth/me,116.000000,116.000000,8600,9600,11000,12000,13000,14000,15000,15000,36000,36000,36000,4397,4397,12000,15615.776481419147,0.7002000056672841,35976.71270000137,0.0
1781969594,10000,POST,/auth/update-profile,44.700000,44.600000,8600,9000,10000,12000,13000,14000,15000,15000,15000,15000,15000,1935,1935,11000,15154.11369906971,0.7727999982307665,32085.598199999367,0.0
1781969594,10000,POST,/payment/create-order,64.700000,64.700000,8900,10000,12000,12000,13000,13000,14000,15000,15000,15000,15000,2204,2204,12000,16599.963088838504,1.2308000004850328,31933.67180000496,0.0
1781969594,10000,POST,/predict/colleges [auth],55.400000,55.400000,8500,8600,8700,8900,12000,14000,15000,15000,36000,36000,36000,2720,2720,8700,13503.785143933877,0.7470999989891425,35980.103099995176,0.0
1781969594,10000,POST,/predict/colleges [premium],114.200000,114.200000,8900,10000,12000,12000,13000,13000,14000,15000,15000,15000,15000,4167,4167,13000,17141.032798272172,0.6806000019423664,32112.13950000092,0.0
1781969594,10000,POST,/predict/rank [auth],8.500000,8.500000,8500,8600,8700,8900,12000,14000,15000,36000,36000,36000,36000,439,439,8800,14650.691740774673,0.9197000035783276,35990.9228999968,0.0
1781969594,10000,,Aggregated,403.500000,403.400000,8600,9600,11000,12000,13000,14000,15000,15000,36000,36000,36000,22606,22606,29000,24674.401558099715,0.6806000019423664,54333.4318000052,0.0
1781969595,10000,POST,/auth/login [setup],0.000000,0.000000,0,0,0,0,0,0,0,0,0,0,0,6744,6744,46000,45763.46246174382,32409.004599998298,54333.4318000052,0.0
1781969595,10000,GET,/auth/me,116.000000,116.000000,8600,9600,11000,12000,13000,14000,15000,15000,15000,15000,15000,4397,4397,12000,15615.776481419147,0.7002000056672841,35976.71270000137,0.0
1781969595,10000,POST,/auth/update-profile,44.700000,44.600000,8600,9000,10000,12000,13000,14000,15000,15000,15000,15000,15000,1935,1935,11000,15154.11369906971,0.7727999982307665,32085.598199999367,0.0
1781969595,10000,POST,/payment/create-order,64.700000,64.700000,8900,10000,12000,12000,13000,13000,14000,15000,15000,15000,15000,2204,2204,12000,16599.963088838504,1.2308000004850328,31933.67180000496,0.0
1781969595,10000,POST,/predict/colleges [auth],55.400000,55.400000,8500,8600,8700,8900,12000,14000,15000,15000,15000,15000,15000,2720,2720,8700,13503.785143933877,0.7470999989891425,35980.103099995176,0.0
1781969595,10000,POST,/predict/colleges [premium],114.200000,114.200000,8900,10000,12000,12000,13000,13000,14000,15000,15000,15000,15000,4167,4167,13000,17141.032798272172,0.6806000019423664,32112.13950000092,0.0
1781969595,10000,POST,/predict/rank [auth],8.500000,8.500000,8500,8600,8700,8800,10000,13000,15000,15000,15000,15000,15000,439,439,8800,14650.691740774673,0.9197000035783276,35990.9228999968,0.0
1781969595,10000,,Aggregated,403.500000,403.400000,8600,9600,11000,12000,13000,14000,15000,15000,15000,15000,15000,22606,22606,29000,24674.401558099715,0.6806000019423664,54333.4318000052,0.0
1781969596,10000,POST,/auth/login [setup],0.000000,0.000000,0,0,0,0,0,0,0,0,0,0,0,6744,6744,46000,45763.46246174382,32409.004599998298,54333.4318000052,0.0
1781969596,10000,GET,/auth/me,116.000000,116.000000,8600,9600,11000,12000,13000,14000,15000,15000,15000,15000,15000,4397,4397,12000,15615.776481419147,0.7002000056672841,35976.71270000137,0.0
1781969596,10000,POST,/auth/update-profile,44.700000,44.600000,8600,9000,10000,12000,13000,14000,15000,15000,15000,15000,15000,1935,1935,11000,15154.11369906971,0.7727999982307665,32085.598199999367,0.0
1781969596,10000,POST,/payment/create-order,64.700000,64.700000,8900,10000,12000,12000,13000,13000,14000,15000,15000,15000,15000,2204,2204,12000,16599.963088838504,1.2308000004850328,31933.67180000496,0.0
1781969596,10000,POST,/predict/colleges [auth],55.400000,55.400000,8500,8600,8700,8900,12000,14000,15000,15000,15000,15000,15000,2720,2720,8700,13503.785143933877,0.7470999989891425,35980.103099995176,0.0
1781969596,10000,POST,/predict/colleges [premium],114.200000,114.200000,8900,10000,12000,12000,13000,13000,14000,15000,15000,15000,15000,4167,4167,13000,17141.032798272172,0.6806000019423664,32112.13950000092,0.0
1781969596,10000,POST,/predict/rank [auth],8.500000,8.500000,8500,8600,8700,8800,10000,13000,15000,15000,15000,15000,15000,439,439,8800,14650.691740774673,0.9197000035783276,35990.9228999968,0.0
1781969596,10000,,Aggregated,403.500000,403.400000,8600,9600,11000,12000,13000,14000,15000,15000,15000,15000,15000,22606,22606,29000,24674.401558099715,0.6806000019423664,54333.4318000052,0.0
1781969598,10000,POST,/auth/login [setup],0.000000,0.000000,0,0,0,0,0,0,0,0,0,0,0,6744,6744,46000,45763.46246174382,32409.004599998298,54333.4318000052,0.0
1781969598,10000,GET,/auth/me,116.000000,116.000000,8500,8500,8500,8600,8600,8700,8800,8800,9200,9200,9200,4397,4397,12000,15615.776481419147,0.7002000056672841,35976.71270000137,0.0
1781969598,10000,POST,/auth/update-profile,44.700000,44.600000,8400,8500,8500,8600,8600,8700,8800,8800,9500,9500,9500,1935,1935,11000,15154.11369906971,0.7727999982307665,32085.598199999367,0.0
1781969598,10000,POST,/payment/create-order,64.700000,64.700000,8500,8500,8600,8600,8700,8800,8800,8800,8900,8900,8900,2204,2204,12000,16599.963088838504,1.2308000004850328,31933.67180000496,0.0
1781969598,10000,POST,/predict/colleges [auth],55.400000,55.400000,8400,8500,8500,8600,8600,8700,8800,8900,9200,9200,9200,2720,2720,8700,13503.785143933877,0.7470999989891425,35980.103099995176,0.0
1781969598,10000,POST,/predict/colleges [premium],114.200000,114.200000,8500,8500,8500,8600,8600,8700,8800,8800,9300,9300,9300,4167,4167,13000,17141.032798272172,0.6806000019423664,32112.13950000092,0.0
1781969598,10000,POST,/predict/rank [auth],8.500000,8.500000,8400,8500,8500,8500,8600,8700,8800,8800,8800,8800,8800,439,439,8800,14650.691740774673,0.9197000035783276,35990.9228999968,0.0
1781969598,10000,,Aggregated,403.500000,403.400000,8400,8500,8500,8600,8600,8700,8800,8800,9200,9500,9500,22606,22606,29000,24674.401558099715,0.6806000019423664,54333.4318000052,0.0
1781969599,10000,POST,/auth/login [setup],0.000000,0.000000,0,0,0,0,0,0,0,0,0,0,0,6744,6744,46000,45763.46246174382,32409.004599998298,54333.4318000052,0.0
1781969599,10000,GET,/auth/me,184.100000,184.100000,8500,8600,14000,15000,15000,16000,16000,16000,16000,16000,16000,4664,4664,12000,15532.468197641536,0.7002000056672841,35976.71270000137,0.0
1781969599,10000,POST,/auth/update-profile,76.800000,76.800000,8500,8600,14000,15000,15000,15000,16000,16000,16000,16000,16000,2056,2056,12000,15085.3077059338,0.7727999982307665,32085.598199999367,0.0
1781969599,10000,POST,/payment/create-order,91.400000,91.400000,8500,8800,15000,15000,15000,16000,16000,16000,16000,16000,16000,2348,2348,13000,16426.554914395245,1.2308000004850328,31933.67180000496,0.0
1781969599,10000,POST,/predict/colleges [auth],114.900000,114.900000,8400,8500,8700,14000,15000,16000,16000,16000,16000,16000,16000,2876,2876,8700,13581.249586439553,0.7470999989891425,35980.103099995176,0.0
1781969599,10000,POST,/predict/colleges [premium],162.400000,162.400000,8500,8700,14000,15000,15000,16000,16000,16000,16000,16000,16000,4413,4413,14000,16942.720311375473,0.6806000019423664,32112.13950000092,0.0
1781969599,10000,POST,/predict/rank [auth],17.700000,17.700000,8500,8600,8800,15000,15000,15000,16000,16000,16000,16000,16000,472,472,10000,14639.299455296858,0.9197000035783276,35990.9228999968,0.0
1781969599,10000,,Aggregated,647.300000,647.300000,8500,8600,14000,15000,15000,16000,16000,16000,16000,16000,16000,23573,23573,29000,24239.376150078646,0.6806000019423664,54333.4318000052,0.0
1781969600,10000,POST,/auth/login [setup],0.000000,0.000000,0,0,0,0,0,0,0,0,0,0,0,6744,6744,46000,45763.46246174382,32409.004599998298,54333.4318000052,0.0
1781969600,10000,GET,/auth/me,155.700000,155.700000,7300,8700,14000,14000,15000,15000,16000,16000,16000,16000,16000,5122,5122,12000,14850.915444064873,0.7002000056672841,35976.71270000137,0.0
1781969600,10000,POST,/auth/update-profile,65.800000,65.800000,7300,8700,14000,14000,15000,15000,16000,16000,16000,16000,16000,2280,2280,11000,14412.449397412238,0.7727999982307665,32085.598199999367,0.0
1781969600,10000,POST,/payment/create-order,76.100000,76.100000,8500,13000,14000,15000,15000,16000,16000,16000,16000,16000,16000,2537,2537,12000,15851.12091371699,1.2308000004850328,31933.67180000496,0.0
1781969600,10000,POST,/predict/colleges [auth],103.300000,103.300000,7300,8600,8700,12000,15000,15000,16000,16000,16000,16000,16000,3165,3165,8600,12979.00852486576,0.7470999989891425,35980.103099995176,0.0
1781969600,10000,POST,/predict/colleges [premium],137.400000,137.400000,8400,13000,14000,14000,15000,15000,16000,16000,16000,16000,16000,4817,4817,13000,16268.586197841012,0.6806000019423664,32112.13950000092,0.0
1781969600,10000,POST,/predict/rank [auth],16.500000,16.500000,7400,8600,9800,15000,15000,15000,16000,16000,16000,16000,16000,509,509,8800,14080.701370334227,0.9197000035783276,35990.9228999968,0.0
1781969600,10000,,Aggregated,554.800000,554.800000,7300,8700,14000,14000,15000,15000,16000,16000,16000,16000,16000,25174,25174,29000,23213.683833495015,0.6806000019423664,54333.4318000052,0.0
1781969602,10000,POST,/auth/login [setup],0.000000,0.000000,0,0,0,0,0,0,0,0,0,0,0,6744,6744,46000,45763.46246174382,32409.004599998298,54333.4318000052,0.0
1781969602,10000,GET,/auth/me,126.000000,126.000000,7300,14000,15000,15000,15000,16000,16000,16000,16000,16000,16000,5182,5182,11000,14747.518993072232,0.7002000056672841,35976.71270000137,0.0
1781969602,10000,POST,/auth/update-profile,57.900000,58.000000,7300,13000,14000,15000,15000,15000,16000,16000,16000,16000,16000,2318,2318,10000,14282.44008226914,0.7727999982307665,32085.598199999367,0.0
1781969602,10000,POST,/payment/create-order,54.600000,54.600000,7400,14000,15000,15000,15000,16000,16000,16000,16000,16000,16000,2565,2565,12000,15752.745749902533,1.2308000004850328,31933.67180000496,0.0
1781969602,10000,POST,/predict/colleges [auth],92.500000,92.500000,7300,7400,14000,15000,15000,16000,16000,16000,16000,16000,16000,3225,3225,8600,12847.659356992288,0.7470999989891425,35980.103099995176,0.0
1781969602,10000,POST,/predict/colleges [premium],103.100000,103.100000,7900,14000,14000,15000,15000,16000,16000,16000,16000,16000,16000,4867,4867,13000,16177.688019663077,0.6806000019423664,32112.13950000092,0.0
1781969602,10000,POST,/predict/rank [auth],15.300000,15.300000,7400,14000,15000,15000,15000,16000,16000,16000,16000,16000,16000,515,515,8700,13988.243890485666,0.9197000035783276,35990.9228999968,0.0
1781969602,10000,,Aggregated,449.400000,449.500000,7300,14000,14000,15000,15000,16000,16000,16000,16000,16000,16000,25416,25416,29000,23053.878574319424,0.6806000019423664,54333.4318000052,0.0
1781969603,10000,POST,/auth/login [setup],0.000000,0.000000,0,0,0,0,0,0,0,0,0,0,0,6744,6744,46000,45763.46246174382,32409.004599998298,54333.4318000052,0.0
1781969603,10000,GET,/auth/me,118.300000,118.300000,8600,8700,13000,14000,15000,15000,16000,16000,16000,16000,16000,5626,5626,9600,14083.037233434083,0.7002000056672841,35976.71270000137,0.0
1781969603,10000,POST,/auth/update-profile,55.800000,55.800000,8600,8700,13000,14000,15000,15000,16000,16000,16000,16000,16000,2521,2521,8800,13633.28055029746,0.7727999982307665,32085.598199999367,0.0
1781969603,10000,POST,/payment/create-order,51.200000,51.200000,8700,8800,14000,14000,15000,16000,16000,16000,16000,16000,16000,2755,2755,12000,15158.085414373878,1.2308000004850328,31933.67180000496,0.0
1781969603,10000,POST,/predict/colleges [auth],84.600000,84.600000,7300,8700,8700,8800,15000,15000,16000,16000,16000,16000,16000,3540,3540,8600,12223.64474361587,0.7470999989891425,35980.103099995176,0.0
1781969603,10000,POST,/predict/colleges [premium],98.200000,98.200000,8700,8800,13000,14000,15000,15000,16000,16000,16000,16000,16000,5277,5277,12000,15434.955379893925,0.6806000019423664,32112.13950000092,0.0
1781969603,10000,POST,/predict/rank [auth],13.100000,13.100000,7400,8700,8800,14000,15000,15000,16000,16000,16000,16000,16000,569,569,8700,13210.838246573117,0.9197000035783276,35990.9228999968,0.0
1781969603,10000,,Aggregated,421.200000,421.200000,8600,8700,13000,14000,15000,15000,16000,16000,16000,16000,16000,27032,27032,15000,22056.411393740873,0.6806000019423664,54333.4318000052,0.0
1781969604,10000,POST,/auth/login [setup],0.000000,0.000000,0,0,0,0,0,0,0,0,0,0,0,6744,6744,46000,45763.46246174382,32409.004599998298,54333.4318000052,0.0
1781969604,10000,GET,/auth/me,118.300000,118.300000,8600,8700,9200,14000,15000,15000,16000,16000,16000,16000,16000,5697,5697,9600,13954.942941302472,0.7002000056672841,35976.71270000137,0.0
1781969604,10000,POST,/auth/update-profile,55.800000,55.800000,8600,8700,9000,14000,15000,15000,16000,16000,16000,16000,16000,2560,2560,8800,13499.253456718716,0.7727999982307665,32085.598199999367,0.0
1781969604,10000,POST,/payment/create-order,51.200000,51.200000,8700,8800,14000,14000,15000,16000,16000,16000,16000,16000,16000,2787,2787,11000,15042.090403588085,1.2308000004850328,31933.67180000496,0.0
1781969604,10000,POST,/predict/colleges [auth],84.600000,84.600000,7300,8700,8700,8900,15000,15000,16000,16000,16000,16000,16000,3588,3588,8600,12115.211175334513,0.7470999989891425,35980.103099995176,0.0
1781969604,10000,POST,/predict/colleges [premium],98.200000,98.200000,8700,8800,13000,14000,15000,15000,16000,16000,16000,16000,16000,5339,5339,12000,15309.600697752428,0.6806000019423664,32112.13950000092,0.0
1781969604,10000,POST,/predict/rank [auth],13.100000,13.100000,7400,8700,8800,14000,15000,15000,16000,16000,16000,16000,16000,575,575,8700,13119.697374782803,0.9197000035783276,35990.9228999968,0.0
1781969604,10000,,Aggregated,421.200000,421.200000,8600,8700,12000,14000,15000,15000,16000,16000,16000,16000,16000,27290,27290,15000,21889.39748609393,0.6806000019423664,54333.4318000052,0.0
1781969605,10000,POST,/auth/login [setup],0.000000,0.000000,0,0,0,0,0,0,0,0,0,0,0,6744,6744,46000,45763.46246174382,32409.004599998298,54333.4318000052,0.0
1781969605,10000,GET,/auth/me,118.300000,118.300000,8600,8700,13000,14000,15000,15000,16000,16000,16000,16000,16000,5697,5697,9600,13954.942941302472,0.7002000056672841,35976.71270000137,0.0
1781969605,10000,POST,/auth/update-profile,55.800000,55.800000,8600,8700,12000,14000,15000,15000,16000,16000,16000,16000,16000,2560,2560,8800,13499.253456718716,0.7727999982307665,32085.598199999367,0.0
1781969605,10000,POST,/payment/create-order,51.200000,51.200000,8700,8900,14000,14000,15000,16000,16000,16000,16000,16000,16000,2787,2787,11000,15042.090403588085,1.2308000004850328,31933.67180000496,0.0
1781969605,10000,POST,/predict/colleges [auth],84.600000,84.600000,7400,8700,8800,9000,15000,15000,16000,16000,16000,16000,16000,3588,3588,8600,12115.211175334513,0.7470999989891425,35980.103099995176,0.0
1781969605,10000,POST,/predict/colleges [premium],98.200000,98.200000,8700,8800,13000,14000,15000,15000,16000,16000,16000,16000,16000,5339,5339,12000,15309.600697752428,0.6806000019423664,32112.13950000092,0.0
1781969605,10000,POST,/predict/rank [auth],13.100000,13.100000,8600,8700,8900,14000,15000,15000,16000,16000,16000,16000,16000,575,575,8700,13119.697374782803,0.9197000035783276,35990.9228999968,0.0
1781969605,10000,,Aggregated,421.200000,421.200000,8700,8700,13000,14000,15000,15000,16000,16000,16000,16000,16000,27290,27290,15000,21889.39748609393,0.6806000019423664,54333.4318000052,0.0
1781969606,10000,POST,/auth/login [setup],0.000000,0.000000,0,0,0,0,0,0,0,0,0,0,0,6744,6744,46000,45763.46246174382,32409.004599998298,54333.4318000052,0.0
1781969606,10000,GET,/auth/me,118.300000,118.300000,8600,8700,13000,14000,15000,15000,16000,16000,16000,16000,16000,5697,5697,9600,13954.942941302472,0.7002000056672841,35976.71270000137,0.0
1781969606,10000,POST,/auth/update-profile,55.800000,55.800000,8600,8700,12000,14000,15000,15000,16000,16000,16000,16000,16000,2560,2560,8800,13499.253456718716,0.7727999982307665,32085.598199999367,0.0
1781969606,10000,POST,/payment/create-order,51.200000,51.200000,8700,8900,14000,14000,15000,16000,16000,16000,16000,16000,16000,2787,2787,11000,15042.090403588085,1.2308000004850328,31933.67180000496,0.0
1781969606,10000,POST,/predict/colleges [auth],84.600000,84.600000,7400,8700,8800,9000,15000,15000,16000,16000,16000,16000,16000,3588,3588,8600,12115.211175334513,0.7470999989891425,35980.103099995176,0.0
1781969606,10000,POST,/predict/colleges [premium],98.200000,98.200000,8700,8800,13000,14000,15000,15000,16000,16000,16000,16000,16000,5339,5339,12000,15309.600697752428,0.6806000019423664,32112.13950000092,0.0
1781969606,10000,POST,/predict/rank [auth],13.100000,13.100000,8600,8700,8900,14000,15000,15000,16000,16000,16000,16000,16000,575,575,8700,13119.697374782803,0.9197000035783276,35990.9228999968,0.0
1781969606,10000,,Aggregated,421.200000,421.200000,8700,8700,13000,14000,15000,15000,16000,16000,16000,16000,16000,27290,27290,15000,21889.39748609393,0.6806000019423664,54333.4318000052,0.0
1781969607,10000,POST,/auth/login [setup],0.000000,0.000000,0,0,0,0,0,0,0,0,0,0,0,6744,6744,46000,45763.46246174382,32409.004599998298,54333.4318000052,0.0
1781969607,10000,GET,/auth/me,118.300000,118.300000,8600,8700,13000,14000,15000,15000,16000,16000,16000,16000,16000,5697,5697,9600,13954.942941302472,0.7002000056672841,35976.71270000137,0.0
1781969607,10000,POST,/auth/update-profile,55.800000,55.800000,8600,8700,12000,14000,15000,15000,16000,16000,16000,16000,16000,2560,2560,8800,13499.253456718716,0.7727999982307665,32085.598199999367,0.0
1781969607,10000,POST,/payment/create-order,51.200000,51.200000,8700,8900,14000,14000,15000,16000,16000,16000,16000,16000,16000,2787,2787,11000,15042.090403588085,1.2308000004850328,31933.67180000496,0.0
1781969607,10000,POST,/predict/colleges [auth],84.600000,84.600000,7400,8700,8800,9000,15000,15000,16000,16000,16000,16000,16000,3588,3588,8600,12115.211175334513,0.7470999989891425,35980.103099995176,0.0
1781969607,10000,POST,/predict/colleges [premium],98.200000,98.200000,8700,8800,13000,14000,15000,15000,16000,16000,16000,16000,16000,5339,5339,12000,15309.600697752428,0.6806000019423664,32112.13950000092,0.0
1781969607,10000,POST,/predict/rank [auth],13.100000,13.100000,8600,8700,8900,14000,15000,15000,16000,16000,16000,16000,16000,575,575,8700,13119.697374782803,0.9197000035783276,35990.9228999968,0.0
1781969607,10000,,Aggregated,421.200000,421.200000,8700,8700,13000,14000,15000,15000,16000,16000,16000,16000,16000,27290,27290,15000,21889.39748609393,0.6806000019423664,54333.4318000052,0.0
1781969609,10000,POST,/auth/login [setup],0.000000,0.000000,0,0,0,0,0,0,0,0,0,0,0,6744,6744,46000,45763.46246174382,32409.004599998298,54333.4318000052,0.0
1781969609,10000,GET,/auth/me,118.300000,118.300000,7400,8700,8700,8700,8800,8800,9000,9000,9000,9000,9000,5697,5697,9600,13954.942941302472,0.7002000056672841,35976.71270000137,0.0
1781969609,10000,POST,/auth/update-profile,55.800000,55.800000,7400,8700,8700,8700,8800,8900,9000,9000,9000,9000,9000,2560,2560,8800,13499.253456718716,0.7727999982307665,32085.598199999367,0.0
1781969609,10000,POST,/payment/create-order,51.200000,51.200000,8600,8700,8700,8700,8800,8900,9000,9000,9000,9000,9000,2787,2787,11000,15042.090403588085,1.2308000004850328,31933.67180000496,0.0
1781969609,10000,POST,/predict/colleges [auth],84.600000,84.600000,7300,8700,8700,8700,8800,8800,9000,9000,9000,9000,9000,3588,3588,8600,12115.211175334513,0.7470999989891425,35980.103099995176,0.0
1781969609,10000,POST,/predict/colleges [premium],98.200000,98.200000,8600,8700,8700,8700,8800,8800,9000,9000,9000,9000,9000,5339,5339,12000,15309.600697752428,0.6806000019423664,32112.13950000092,0.0
1781969609,10000,POST,/predict/rank [auth],13.100000,13.100000,8600,8700,8700,8700,8800,8800,8900,8900,8900,8900,8900,575,575,8700,13119.697374782803,0.9197000035783276,35990.9228999968,0.0
1781969609,10000,,Aggregated,421.200000,421.200000,7400,8700,8700,8700,8800,8800,9000,9000,9000,9000,9000,27290,27290,15000,21889.39748609393,0.6806000019423664,54333.4318000052,0.0
1781969610,10000,POST,/auth/login [setup],0.000000,0.000000,0,0,0,0,0,0,0,0,0,0,0,6744,6744,46000,45763.46246174382,32409.004599998298,54333.4318000052,0.0
1781969610,10000,GET,/auth/me,130.000000,130.000000,8700,8700,8800,8900,15000,15000,15000,15000,15000,15000,15000,5864,5864,9600,13944.44269827766,0.7002000056672841,35976.71270000137,0.0
1781969610,10000,POST,/auth/update-profile,62.500000,62.500000,8600,8700,8700,8800,15000,15000,15000,15000,15000,15000,15000,2621,2621,8900,13506.087997176623,0.7727999982307665,32085.598199999367,0.0
1781969610,10000,POST,/payment/create-order,58.300000,58.300000,8700,8700,8800,9000,15000,15000,15000,15000,15000,15000,15000,2862,2862,12000,15001.148176275321,1.2308000004850328,31933.67180000496,0.0
1781969610,10000,POST,/predict/colleges [auth],86.800000,86.800000,8500,8700,8700,8800,15000,15000,15000,15000,15000,15000,15000,3668,3668,8600,12175.976357142927,0.7470999989891425,35980.103099995176,0.0
1781969610,10000,POST,/predict/colleges [premium],117.200000,117.200000,8700,8700,8800,8800,15000,15000,15000,15000,15000,15000,15000,5461,5461,12000,15264.204756656307,0.6806000019423664,32112.13950000092,0.0
1781969610,10000,POST,/predict/rank [auth],13.600000,13.600000,8600,8700,8700,8700,8900,15000,15000,15000,15000,15000,15000,581,581,8700,13138.413512736844,0.9197000035783276,35990.9228999968,0.0
1781969610,10000,,Aggregated,468.400000,468.400000,8700,8700,8800,8800,15000,15000,15000,15000,15000,15000,15000,27801,27801,15000,21739.666459868477,0.6806000019423664,54333.4318000052,0.0
1781969611,10000,POST,/auth/login [setup],0.000000,0.000000,0,0,0,0,0,0,0,0,0,0,0,6744,6744,46000,45763.46246174382,32409.004599998298,54333.4318000052,0.0
1781969611,10000,GET,/auth/me,112.100000,112.100000,14000,15000,15000,15000,15000,15000,15000,15000,15000,15000,15000,6422,6422,12000,13924.662181610112,0.7002000056672841,35976.71270000137,0.0
1781969611,10000,POST,/auth/update-profile,54.900000,54.900000,14000,15000,15000,15000,15000,15000,15000,15000,15000,15000,15000,2849,2849,10000,13533.805542716711,0.7727999982307665,32085.598199999367,0.0
1781969611,10000,POST,/payment/create-order,48.300000,48.300000,14000,15000,15000,15000,15000,15000,15000,15000,15000,15000,15000,3139,3139,13000,14895.279902516739,1.2308000004850328,31933.67180000496,0.0
1781969611,10000,POST,/predict/colleges [auth],74.800000,74.800000,8800,15000,15000,15000,15000,15000,15000,15000,15000,15000,15000,3888,3888,8700,12301.409631070033,0.7470999989891425,35980.103099995176,0.0
1781969611,10000,POST,/predict/colleges [premium],102.200000,102.200000,14000,15000,15000,15000,15000,15000,15000,15000,15000,15000,15000,6027,6027,13000,15122.429112211721,0.6806000019423664,32112.13950000092,0.0
1781969611,10000,POST,/predict/rank [auth],11.200000,11.200000,8700,14000,15000,15000,15000,15000,15000,15000,15000,15000,15000,609,609,8700,13166.234696387752,0.9197000035783276,35990.9228999968,0.0
1781969611,10000,,Aggregated,403.500000,403.500000,14000,15000,15000,15000,15000,15000,15000,15000,15000,15000,15000,29678,29678,15000,21239.843143490285,0.6806000019423664,54333.4318000052,0.0
1781969612,10000,POST,/auth/login [setup],0.000000,0.000000,0,0,0,0,0,0,0,0,0,0,0,6744,6744,46000,45763.46246174382,32409.004599998298,54333.4318000052,0.0
1781969612,10000,GET,/auth/me,87.100000,87.100000,14000,15000,15000,15000,15000,15000,15000,15000,15000,15000,15000,6881,6881,11000,13651.446260906867,0.7002000056672841,35976.71270000137,0.0
1781969612,10000,POST,/auth/update-profile,41.800000,41.800000,14000,15000,15000,15000,15000,15000,15000,15000,15000,15000,15000,3055,3055,9900,13239.870519934502,0.7727999982307665,32085.598199999367,0.0
1781969612,10000,POST,/payment/create-order,36.800000,36.800000,14000,15000,15000,15000,15000,15000,15000,15000,15000,15000,15000,3314,3314,13000,14679.103003409782,1.2308000004850328,31933.67180000496,0.0
1781969612,10000,POST,/predict/colleges [auth],61.200000,61.200000,9900,14000,15000,15000,15000,15000,15000,15000,15000,15000,15000,4270,4270,8700,11956.47635522258,0.7470999989891425,35980.103099995176,0.0
1781969612,10000,POST,/predict/colleges [premium],72.300000,72.300000,14000,15000,15000,15000,15000,15000,15000,15000,15000,15000,15000,6379,6379,13000,14879.827166624871,0.6806000019423664,32112.13950000092,0.0
1781969612,10000,POST,/predict/rank [auth],8.400000,8.400000,9800,14000,15000,15000,15000,15000,15000,15000,15000,15000,15000,657,657,8700,12842.11309528179,0.9197000035783276,35990.9228999968,0.0
1781969612,10000,,Aggregated,307.600000,307.600000,14000,15000,15000,15000,15000,15000,15000,15000,15000,15000,15000,31300,31300,15000,20641.168824003318,0.6806000019423664,54333.4318000052,0.0
1781969613,10000,POST,/auth/login [setup],0.000000,0.000000,0,0,0,0,0,0,0,0,0,0,0,6744,6744,46000,45763.46246174382,32409.004599998298,54333.4318000052,0.0
1781969613,10000,GET,/auth/me,109.800000,109.800000,9800,14000,15000,15000,15000,15000,15000,15000,15000,15000,15000,7214,7214,9900,13302.368454671485,0.7002000056672841,35976.71270000137,0.0
1781969613,10000,POST,/auth/update-profile,48.200000,48.200000,9000,14000,15000,15000,15000,15000,15000,15000,15000,15000,15000,3221,3221,8900,12835.267951381553,0.7727999982307665,32085.598199999367,0.0
1781969613,10000,POST,/payment/create-order,50.000000,50.000000,14000,15000,15000,15000,15000,15000,15000,15000,15000,15000,15000,3435,3435,12000,14424.609746812237,1.2308000004850328,31933.67180000496,0.0
1781969613,10000,POST,/predict/colleges [auth],60.300000,60.300000,8600,9900,14000,15000,15000,15000,15000,15000,15000,15000,15000,4554,4554,8600,11526.614597694439,0.7470999989891425,35980.103099995176,0.0
1781969613,10000,POST,/predict/colleges [premium],104.600000,104.600000,14000,15000,15000,15000,15000,15000,15000,15000,15000,15000,15000,6636,6636,12000,14565.563404912584,0.6806000019423664,32112.13950000092,0.0
1781969613,10000,POST,/predict/rank [auth],8.800000,8.800000,8400,9800,11000,14000,15000,15000,15000,15000,15000,15000,15000,706,706,8700,12279.753443201267,0.9197000035783276,35990.9228999968,0.0
1781969613,10000,,Aggregated,381.700000,381.700000,9800,14000,15000,15000,15000,15000,15000,15000,15000,15000,15000,32510,32510,15000,20095.41055027701,0.6806000019423664,54333.4318000052,0.0
1781969615,10000,POST,/auth/login [setup],0.000000,0.000000,0,0,0,0,0,0,0,0,0,0,0,6744,6744,46000,45763.46246174382,32409.004599998298,54333.4318000052,0.0
1781969615,10000,GET,/auth/me,142.200000,142.200000,9000,14000,15000,15000,15000,15000,15000,15000,15000,15000,15000,7263,7263,9800,13227.208505397233,0.7002000056672841,35976.71270000137,0.0
1781969615,10000,POST,/auth/update-profile,60.100000,60.100000,8900,14000,15000,15000,15000,15000,15000,15000,15000,15000,15000,3245,3245,8900,12749.18662298921,0.7727999982307665,32085.598199999367,0.0
1781969615,10000,POST,/payment/create-order,65.500000,65.500000,14000,15000,15000,15000,15000,15000,15000,15000,15000,15000,15000,3457,3457,12000,14343.520938154468,1.2308000004850328,31933.67180000496,0.0
1781969615,10000,POST,/predict/colleges [auth],76.800000,76.800000,8600,9900,14000,15000,15000,15000,15000,15000,15000,15000,15000,4603,4603,8600,11412.079380382462,0.7470999989891425,35980.103099995176,0.0
1781969615,10000,POST,/predict/colleges [premium],132.800000,132.800000,13000,15000,15000,15000,15000,15000,15000,15000,15000,15000,15000,6680,6680,12000,14476.68442992514,0.6806000019423664,32112.13950000092,0.0
1781969615,10000,POST,/predict/rank [auth],11.000000,11.000000,8300,8900,10000,14000,15000,15000,15000,15000,15000,15000,15000,713,713,8700,12159.615399298853,0.9197000035783276,35990.9228999968,0.0
1781969615,10000,,Aggregated,488.400000,488.400000,9000,14000,15000,15000,15000,15000,15000,15000,15000,15000,15000,32705,32705,14000,19983.443750221828,0.6806000019423664,54333.4318000052,0.0
1781969617,10000,POST,/auth/login [setup],0.000000,0.000000,0,0,0,0,0,0,0,0,0,0,0,6744,6744,46000,45763.46246174382,32409.004599998298,54333.4318000052,0.0
1781969617,10000,GET,/auth/me,142.200000,142.200000,13000,15000,15000,15000,15000,15000,15000,15000,15000,15000,15000,7263,7263,9800,13227.208505397233,0.7002000056672841,35976.71270000137,0.0
1781969617,10000,POST,/auth/update-profile,60.100000,60.100000,9900,14000,15000,15000,15000,15000,15000,15000,15000,15000,15000,3245,3245,8900,12749.18662298921,0.7727999982307665,32085.598199999367,0.0
1781969617,10000,POST,/payment/create-order,65.500000,65.500000,14000,15000,15000,15000,15000,15000,15000,15000,15000,15000,15000,3457,3457,12000,14343.520938154468,1.2308000004850328,31933.67180000496,0.0
1781969617,10000,POST,/predict/colleges [auth],76.800000,76.800000,8500,10000,14000,15000,15000,15000,15000,15000,15000,15000,15000,4603,4603,8600,11412.079380382462,0.7470999989891425,35980.103099995176,0.0
1781969617,10000,POST,/predict/colleges [premium],132.800000,132.800000,14000,15000,15000,15000,15000,15000,15000,15000,15000,15000,15000,6680,6680,12000,14476.68442992514,0.6806000019423664,32112.13950000092,0.0
1781969617,10000,POST,/predict/rank [auth],11.000000,11.000000,8300,9900,14000,15000,15000,15000,15000,15000,15000,15000,15000,713,713,8700,12159.615399298853,0.9197000035783276,35990.9228999968,0.0
1781969617,10000,,Aggregated,488.400000,488.400000,11000,15000,15000,15000,15000,15000,15000,15000,15000,15000,15000,32705,32705,14000,19983.443750221828,0.6806000019423664,54333.4318000052,0.0
1781969618,6912,POST,/auth/login [setup],0.000000,0.000000,0,0,0,0,0,0,0,0,0,0,0,6744,6744,46000,45763.46246174382,32409.004599998298,54333.4318000052,0.0
1781969618,6912,GET,/auth/me,156.600000,156.600000,13000,15000,15000,15000,15000,15000,15000,15000,15000,15000,15000,7264,7264,9800,13225.839087651446,0.7002000056672841,35976.71270000137,0.0
1781969618,6912,POST,/auth/update-profile,68.500000,68.500000,9900,14000,15000,15000,15000,15000,15000,15000,15000,15000,15000,3246,3246,8900,12746.27011808379,0.7727999982307665,32085.598199999367,0.0
1781969618,6912,POST,/payment/create-order,67.000000,67.000000,14000,15000,15000,15000,15000,15000,15000,15000,15000,15000,15000,3458,3458,12000,14340.322477790629,1.2308000004850328,31933.67180000496,0.0
1781969618,6912,POST,/predict/colleges [auth],101.500000,101.500000,8500,10000,14000,15000,15000,15000,15000,15000,15000,15000,15000,4607,4607,8600,11405.020872237998,0.7470999989891425,35980.103099995176,0.0
1781969618,6912,POST,/predict/colleges [premium],134.100000,134.100000,14000,15000,15000,15000,15000,15000,15000,15000,15000,15000,15000,6681,6681,12000,14475.009138931286,0.6806000019423664,32112.13950000092,0.0
1781969618,6912,POST,/predict/rank [auth],13.800000,13.800000,8300,9900,14000,15000,15000,15000,15000,15000,15000,15000,15000,715,715,8600,12134.782412447674,0.9197000035783276,35990.9228999968,0.0
1781969618,6912,,Aggregated,541.500000,541.500000,10000,15000,15000,15000,15000,15000,15000,15000,15000,15000,15000,32715,32715,14000,19978.338699272652,0.6806000019423664,54333.4318000052,0.0
1781969619,6912,POST,/auth/login [setup],0.000000,0.000000,0,0,0,0,0,0,0,0,0,0,0,6744,6744,46000,45763.46246174382,32409.004599998298,54333.4318000052,0.0
1781969619,6912,GET,/auth/me,156.600000,156.600000,9900,14000,15000,15000,15000,15000,15000,15000,15000,15000,15000,7264,7264,9800,13225.839087651446,0.7002000056672841,35976.71270000137,0.0
1781969619,6912,POST,/auth/update-profile,68.500000,68.500000,8800,14000,15000,15000,15000,15000,15000,15000,15000,15000,15000,3246,3246,8900,12746.27011808379,0.7727999982307665,32085.598199999367,0.0
1781969619,6912,POST,/payment/create-order,67.000000,67.000000,14000,15000,15000,15000,15000,15000,15000,15000,15000,15000,15000,3458,3458,12000,14340.322477790629,1.2308000004850328,31933.67180000496,0.0
1781969619,6912,POST,/predict/colleges [auth],101.500000,101.500000,8400,9900,14000,14000,15000,15000,15000,15000,15000,15000,15000,4607,4607,8600,11405.020872237998,0.7470999989891425,35980.103099995176,0.0
1781969619,6912,POST,/predict/colleges [premium],134.100000,134.100000,14000,15000,15000,15000,15000,15000,15000,15000,15000,15000,15000,6681,6681,12000,14475.009138931286,0.6806000019423664,32112.13950000092,0.0
1781969619,6912,POST,/predict/rank [auth],13.800000,13.800000,8300,9800,10000,14000,15000,15000,15000,15000,15000,15000,15000,715,715,8600,12134.782412447674,0.9197000035783276,35990.9228999968,0.0
1781969619,6912,,Aggregated,541.500000,541.500000,9800,14000,15000,15000,15000,15000,15000,15000,15000,15000,15000,32715,32715,14000,19978.338699272652,0.6806000019423664,54333.4318000052,0.0
1781969621,6912,POST,/auth/login [setup],0.000000,0.000000,0,0,0,0,0,0,0,0,0,0,0,6744,6744,46000,45763.46246174382,32409.004599998298,54333.4318000052,0.0
1781969621,6912,GET,/auth/me,156.600000,156.600000,8100,8200,8300,8400,8700,9800,9800,9900,10000,10000,10000,7264,7264,9800,13225.839087651446,0.7002000056672841,35976.71270000137,0.0
1781969621,6912,POST,/auth/update-profile,68.500000,68.500000,8000,8200,8400,8500,8700,9800,9900,10000,10000,10000,10000,3246,3246,8900,12746.27011808379,0.7727999982307665,32085.598199999367,0.0
1781969621,6912,POST,/payment/create-order,67.000000,67.000000,8100,8300,8400,8400,8700,8700,9800,9800,9900,9900,9900,3458,3458,12000,14340.322477790629,1.2308000004850328,31933.67180000496,0.0
1781969621,6912,POST,/predict/colleges [auth],101.500000,101.500000,8100,8300,8400,8500,9800,9900,10000,10000,10000,10000,10000,4607,4607,8600,11405.020872237998,0.7470999989891425,35980.103099995176,0.0
1781969621,6912,POST,/predict/colleges [premium],134.100000,134.100000,8100,8200,8300,8400,8700,8700,9800,9800,9900,9900,9900,6681,6681,12000,14475.009138931286,0.6806000019423664,32112.13950000092,0.0
1781969621,6912,POST,/predict/rank [auth],13.800000,13.800000,8000,8200,8300,8400,8700,9800,10000,10000,10000,10000,10000,715,715,8600,12134.782412447674,0.9197000035783276,35990.9228999968,0.0
1781969621,6912,,Aggregated,541.500000,541.500000,8100,8200,8300,8400,8700,9800,9900,10000,10000,10000,10000,32715,32715,14000,19978.338699272652,0.6806000019423664,54333.4318000052,0.0
1781969622,6912,POST,/auth/login [setup],0.000000,0.000000,0,0,0,0,0,0,0,0,0,0,0,6744,6744,46000,45763.46246174382,32409.004599998298,54333.4318000052,0.0
1781969622,6912,GET,/auth/me,156.600000,156.600000,7800,8000,8100,8100,8200,8300,8600,8700,8800,8800,8800,7264,7264,9800,13225.839087651446,0.7002000056672841,35976.71270000137,0.0
1781969622,6912,POST,/auth/update-profile,68.500000,68.500000,7800,7900,8000,8100,8200,8200,8300,8800,8800,8800,8800,3246,3246,8900,12746.27011808379,0.7727999982307665,32085.598199999367,0.0
1781969622,6912,POST,/payment/create-order,67.000000,67.000000,7900,8000,8100,8100,8200,8300,8700,8700,8800,8800,8800,3458,3458,12000,14340.322477790629,1.2308000004850328,31933.67180000496,0.0
1781969622,6912,POST,/predict/colleges [auth],101.500000,101.500000,7800,7900,8000,8100,8200,8200,8300,8400,8700,8700,8700,4607,4607,8600,11405.020872237998,0.7470999989891425,35980.103099995176,0.0
1781969622,6912,POST,/predict/colleges [premium],134.100000,134.100000,7800,8000,8100,8100,8200,8300,8300,8700,8800,8800,8800,6681,6681,12000,14475.009138931286,0.6806000019423664,32112.13950000092,0.0
1781969622,6912,POST,/predict/rank [auth],13.800000,13.800000,7700,7900,8000,8100,8100,8200,8200,8200,8200,8200,8200,715,715,8600,12134.782412447674,0.9197000035783276,35990.9228999968,0.0
1781969622,6912,,Aggregated,541.500000,541.500000,7800,7900,8000,8100,8200,8200,8400,8700,8800,8800,8800,32715,32715,14000,19978.338699272652,0.6806000019423664,54333.4318000052,0.0
1781969623,6912,POST,/auth/login [setup],0.000000,0.000000,0,0,0,0,0,0,0,0,0,0,0,6744,6744,46000,45763.46246174382,32409.004599998298,54333.4318000052,0.0
1781969623,6912,GET,/auth/me,156.600000,156.600000,68,92,3300,8400,8700,8700,8800,8800,8800,8800,8800,7264,7264,9800,13225.839087651446,0.7002000056672841,35976.71270000137,0.0
1781969623,6912,POST,/auth/update-profile,68.500000,68.500000,64,200,390,530,8700,8800,8800,8800,8800,8800,8800,3246,3246,8900,12746.27011808379,0.7727999982307665,32085.598199999367,0.0
1781969623,6912,POST,/payment/create-order,67.000000,67.000000,83,390,390,3300,8700,8700,8800,8800,8800,8800,8800,3458,3458,12000,14340.322477790629,1.2308000004850328,31933.67180000496,0.0
1781969623,6912,POST,/predict/colleges [auth],101.500000,101.500000,37,67,88,400,3300,8400,8700,8700,8700,8700,8700,4607,4607,8600,11405.020872237998,0.7470999989891425,35980.103099995176,0.0
1781969623,6912,POST,/predict/colleges [premium],134.100000,134.100000,35,89,200,390,8700,8700,8800,8800,8800,8800,8800,6681,6681,12000,14475.009138931286,0.6806000019423664,32112.13950000092,0.0
1781969623,6912,POST,/predict/rank [auth],13.800000,13.800000,47,65,86,3300,3300,3300,3300,3300,3300,3300,3300,715,715,8600,12134.782412447674,0.9197000035783276,35990.9228999968,0.0
1781969623,6912,,Aggregated,541.500000,541.500000,48,89,390,530,8600,8700,8800,8800,8800,8800,8800,32715,32715,14000,19978.338699272652,0.6806000019423664,54333.4318000052,0.0
1781969624,6912,POST,/auth/login [setup],0.000000,0.000000,0,0,0,0,0,0,0,0,0,0,0,6744,6744,46000,45763.46246174382,32409.004599998298,54333.4318000052,0.0
1781969624,6912,GET,/auth/me,156.600000,156.600000,68,92,3300,8400,8700,8700,8800,8800,8800,8800,8800,7264,7264,9800,13225.839087651446,0.7002000056672841,35976.71270000137,0.0
1781969624,6912,POST,/auth/update-profile,68.500000,68.500000,64,200,390,530,8700,8800,8800,8800,8800,8800,8800,3246,3246,8900,12746.27011808379,0.7727999982307665,32085.598199999367,0.0
1781969624,6912,POST,/payment/create-order,67.000000,67.000000,83,390,390,3300,8700,8700,8800,8800,8800,8800,8800,3458,3458,12000,14340.322477790629,1.2308000004850328,31933.67180000496,0.0
1781969624,6912,POST,/predict/colleges [auth],101.500000,101.500000,37,67,88,400,3300,8400,8700,8700,8700,8700,8700,4607,4607,8600,11405.020872237998,0.7470999989891425,35980.103099995176,0.0
1781969624,6912,POST,/predict/colleges [premium],134.100000,134.100000,35,89,200,390,8700,8700,8800,8800,8800,8800,8800,6681,6681,12000,14475.009138931286,0.6806000019423664,32112.13950000092,0.0
1781969624,6912,POST,/predict/rank [auth],13.800000,13.800000,47,65,86,3300,3300,3300,3300,3300,3300,3300,3300,715,715,8600,12134.782412447674,0.9197000035783276,35990.9228999968,0.0
1781969624,6912,,Aggregated,541.500000,541.500000,48,89,390,530,8600,8700,8800,8800,8800,8800,8800,32715,32715,14000,19978.338699272652,0.6806000019423664,54333.4318000052,0.0
1781969626,6912,POST,/auth/login [setup],0.000000,0.000000,0,0,0,0,0,0,0,0,0,0,0,6744,6744,46000,45763.46246174382,32409.004599998298,54333.4318000052,0.0
1781969626,6912,GET,/auth/me,156.600000,156.600000,3300,3300,3300,3300,3300,3300,3300,3300,3300,3300,3300,7264,7264,9800,13225.839087651446,0.7002000056672841,35976.71270000137,0.0
1781969626,6912,POST,/auth/update-profile,68.500000,68.500000,3300,3300,3300,3300,3300,3300,3300,3300,3300,3300,3300,3246,3246,8900,12746.27011808379,0.7727999982307665,32085.598199999367,0.0
1781969626,6912,POST,/payment/create-order,67.000000,67.000000,3300,3300,3300,3300,3300,3300,3300,3300,3300,3300,3300,3458,3458,12000,14340.322477790629,1.2308000004850328,31933.67180000496,0.0
1781969626,6912,POST,/predict/colleges [auth],101.500000,101.500000,3300,3300,3300,3300,3300,3300,3300,3300,3300,3300,3300,4607,4607,8600,11405.020872237998,0.7470999989891425,35980.103099995176,0.0
1781969626,6912,POST,/predict/colleges [premium],134.100000,134.100000,3300,3300,3300,3300,3300,3300,3300,3300,3300,3300,3300,6681,6681,12000,14475.009138931286,0.6806000019423664,32112.13950000092,0.0
1781969626,6912,POST,/predict/rank [auth],13.800000,13.800000,3300,3300,3300,3300,3300,3300,3300,3300,3300,3300,3300,715,715,8600,12134.782412447674,0.9197000035783276,35990.9228999968,0.0
1781969626,6912,,Aggregated,541.500000,541.500000,3300,3300,3300,3300,3300,3300,3300,3300,3300,3300,3300,32715,32715,14000,19978.338699272652,0.6806000019423664,54333.4318000052,0.0
1781969627,6912,POST,/auth/login [setup],0.000000,0.000000,0,0,0,0,0,0,0,0,0,0,0,6744,6744,46000,45763.46246174382,32409.004599998298,54333.4318000052,0.0
1781969627,6912,GET,/auth/me,156.600000,156.600000,3300,3300,3300,3300,3300,3300,3300,3300,3300,3300,3300,7264,7264,9800,13225.839087651446,0.7002000056672841,35976.71270000137,0.0
1781969627,6912,POST,/auth/update-profile,68.500000,68.500000,3300,3300,3300,3300,3300,3300,3300,3300,3300,3300,3300,3246,3246,8900,12746.27011808379,0.7727999982307665,32085.598199999367,0.0
1781969627,6912,POST,/payment/create-order,67.000000,67.000000,3300,3300,3300,3300,3300,3300,3300,3300,3300,3300,3300,3458,3458,12000,14340.322477790629,1.2308000004850328,31933.67180000496,0.0
1781969627,6912,POST,/predict/colleges [auth],101.500000,101.500000,3300,3300,3300,3300,3300,3300,3300,3300,3300,3300,3300,4607,4607,8600,11405.020872237998,0.7470999989891425,35980.103099995176,0.0
1781969627,6912,POST,/predict/colleges [premium],134.100000,134.100000,3300,3300,3300,3300,3300,3300,3300,3300,3300,3300,3300,6681,6681,12000,14475.009138931286,0.6806000019423664,32112.13950000092,0.0
1781969627,6912,POST,/predict/rank [auth],13.800000,13.800000,3300,3300,3300,3300,3300,3300,3300,3300,3300,3300,3300,715,715,8600,12134.782412447674,0.9197000035783276,35990.9228999968,0.0
1781969627,6912,,Aggregated,541.500000,541.500000,3300,3300,3300,3300,3300,3300,3300,3300,3300,3300,3300,32715,32715,14000,19978.338699272652,0.6806000019423664,54333.4318000052,0.0
1781969629,6911,POST,/auth/login [setup],0.000000,0.000000,0,0,0,0,0,0,0,0,0,0,0,6744,6744,46000,45763.46246174382,32409.004599998298,54333.4318000052,0.0
1781969629,6911,GET,/auth/me,0.100000,0.100000,3300,3300,3300,3300,3300,3300,3300,3300,3300,3300,3300,7264,7264,9800,13225.839087651446,0.7002000056672841,35976.71270000137,0.0
1781969629,6911,POST,/auth/update-profile,0.100000,0.100000,3300,3300,3300,3300,3300,3300,3300,3300,3300,3300,3300,3246,3246,8900,12746.27011808379,0.7727999982307665,32085.598199999367,0.0
1781969629,6911,POST,/payment/create-order,0.100000,0.100000,3300,3300,3300,3300,3300,3300,3300,3300,3300,3300,3300,3458,3458,12000,14340.322477790629,1.2308000004850328,31933.67180000496,0.0
1781969629,6911,POST,/predict/colleges [auth],0.400000,0.400000,3300,3300,3300,3300,3300,3300,3300,3300,3300,3300,3300,4607,4607,8600,11405.020872237998,0.7470999989891425,35980.103099995176,0.0
1781969629,6911,POST,/predict/colleges [premium],0.100000,0.100000,20000,20000,20000,20000,20000,20000,20000,20000,20000,20000,20000,6682,6682,12000,14475.86941228673,0.6806000019423664,32112.13950000092,0.0
1781969629,6911,POST,/predict/rank [auth],0.200000,0.200000,3300,3300,3300,3300,3300,3300,3300,3300,3300,3300,3300,715,715,8600,12134.782412447674,0.9197000035783276,35990.9228999968,0.0
1781969629,6911,,Aggregated,1.000000,1.000000,3300,3300,3300,3300,3300,20000,20000,20000,20000,20000,20000,32716,32716,14000,19978.346188482847,0.6806000019423664,54333.4318000052,0.0
1781969630,6911,POST,/auth/login [setup],0.000000,0.000000,0,0,0,0,0,0,0,0,0,0,0,6744,6744,46000,45763.46246174382,32409.004599998298,54333.4318000052,0.0
1781969630,6911,GET,/auth/me,0.100000,0.100000,3300,3300,3300,3300,3300,3300,3300,3300,3300,3300,3300,7264,7264,9800,13225.839087651446,0.7002000056672841,35976.71270000137,0.0
1781969630,6911,POST,/auth/update-profile,0.100000,0.100000,3300,3300,3300,3300,3300,3300,3300,3300,3300,3300,3300,3246,3246,8900,12746.27011808379,0.7727999982307665,32085.598199999367,0.0
1781969630,6911,POST,/payment/create-order,0.100000,0.100000,3300,3300,3300,3300,3300,3300,3300,3300,3300,3300,3300,3458,3458,12000,14340.322477790629,1.2308000004850328,31933.67180000496,0.0
1781969630,6911,POST,/predict/colleges [auth],0.400000,0.400000,3300,3300,3300,3300,3300,3300,3300,3300,3300,3300,3300,4607,4607,8600,11405.020872237998,0.7470999989891425,35980.103099995176,0.0
1781969630,6911,POST,/predict/colleges [premium],0.100000,0.100000,20000,20000,20000,20000,20000,20000,20000,20000,20000,20000,20000,6682,6682,12000,14475.86941228673,0.6806000019423664,32112.13950000092,0.0
1781969630,6911,POST,/predict/rank [auth],0.200000,0.200000,3300,3300,3300,3300,3300,3300,3300,3300,3300,3300,3300,715,715,8600,12134.782412447674,0.9197000035783276,35990.9228999968,0.0
1781969630,6911,,Aggregated,1.000000,1.000000,3300,3300,3300,3300,3300,20000,20000,20000,20000,20000,20000,32716,32716,14000,19978.346188482847,0.6806000019423664,54333.4318000052,0.0
1781969631,6911,POST,/auth/login [setup],0.000000,0.000000,0,0,0,0,0,0,0,0,0,0,0,6744,6744,46000,45763.46246174382,32409.004599998298,54333.4318000052,0.0
1781969631,6911,GET,/auth/me,0.100000,0.100000,3300,3300,3300,3300,3300,3300,3300,3300,3300,3300,3300,7264,7264,9800,13225.839087651446,0.7002000056672841,35976.71270000137,0.0
1781969631,6911,POST,/auth/update-profile,0.100000,0.100000,3300,3300,3300,3300,3300,3300,3300,3300,3300,3300,3300,3246,3246,8900,12746.27011808379,0.7727999982307665,32085.598199999367,0.0
1781969631,6911,POST,/payment/create-order,0.100000,0.100000,3300,3300,3300,3300,3300,3300,3300,3300,3300,3300,3300,3458,3458,12000,14340.322477790629,1.2308000004850328,31933.67180000496,0.0
1781969631,6911,POST,/predict/colleges [auth],0.400000,0.400000,3300,3300,3300,3300,3300,3300,3300,3300,3300,3300,3300,4607,4607,8600,11405.020872237998,0.7470999989891425,35980.103099995176,0.0
1781969631,6911,POST,/predict/colleges [premium],0.100000,0.100000,20000,20000,20000,20000,20000,20000,20000,20000,20000,20000,20000,6682,6682,12000,14475.86941228673,0.6806000019423664,32112.13950000092,0.0
1781969631,6911,POST,/predict/rank [auth],0.200000,0.200000,3300,3300,3300,3300,3300,3300,3300,3300,3300,3300,3300,715,715,8600,12134.782412447674,0.9197000035783276,35990.9228999968,0.0
1781969631,6911,,Aggregated,1.000000,1.000000,3300,3300,3300,3300,3300,20000,20000,20000,20000,20000,20000,32716,32716,14000,19978.346188482847,0.6806000019423664,54333.4318000052,0.0
1781969633,6911,POST,/auth/login [setup],0.000000,0.000000,0,0,0,0,0,0,0,0,0,0,0,6744,6744,46000,45763.46246174382,32409.004599998298,54333.4318000052,0.0
1781969633,6911,GET,/auth/me,0.100000,0.100000,3300,3300,3300,3300,3300,3300,3300,3300,3300,3300,3300,7264,7264,9800,13225.839087651446,0.7002000056672841,35976.71270000137,0.0
1781969633,6911,POST,/auth/update-profile,0.100000,0.100000,3300,3300,3300,3300,3300,3300,3300,3300,3300,3300,3300,3246,3246,8900,12746.27011808379,0.7727999982307665,32085.598199999367,0.0
1781969633,6911,POST,/payment/create-order,0.100000,0.100000,3300,3300,3300,3300,3300,3300,3300,3300,3300,3300,3300,3458,3458,12000,14340.322477790629,1.2308000004850328,31933.67180000496,0.0
1781969633,6911,POST,/predict/colleges [auth],0.400000,0.400000,3300,3300,3300,3300,3300,3300,3300,3300,3300,3300,3300,4607,4607,8600,11405.020872237998,0.7470999989891425,35980.103099995176,0.0
1781969633,6911,POST,/predict/colleges [premium],0.100000,0.100000,20000,20000,20000,20000,20000,20000,20000,20000,20000,20000,20000,6682,6682,12000,14475.86941228673,0.6806000019423664,32112.13950000092,0.0
1781969633,6911,POST,/predict/rank [auth],0.200000,0.200000,3300,3300,3300,3300,3300,3300,3300,3300,3300,3300,3300,715,715,8600,12134.782412447674,0.9197000035783276,35990.9228999968,0.0
1781969633,6911,,Aggregated,1.000000,1.000000,20000,20000,20000,20000,20000,20000,20000,20000,20000,20000,20000,32716,32716,14000,19978.346188482847,0.6806000019423664,54333.4318000052,0.0
1781969634,6911,POST,/auth/login [setup],0.000000,0.000000,0,0,0,0,0,0,0,0,0,0,0,6744,6744,46000,45763.46246174382,32409.004599998298,54333.4318000052,0.0
1781969634,6911,GET,/auth/me,0.100000,0.100000,3300,3300,3300,3300,3300,3300,3300,3300,3300,3300,3300,7264,7264,9800,13225.839087651446,0.7002000056672841,35976.71270000137,0.0
1781969634,6911,POST,/auth/update-profile,0.100000,0.100000,3300,3300,3300,3300,3300,3300,3300,3300,3300,3300,3300,3246,3246,8900,12746.27011808379,0.7727999982307665,32085.598199999367,0.0
1781969634,6911,POST,/payment/create-order,0.100000,0.100000,3300,3300,3300,3300,3300,3300,3300,3300,3300,3300,3300,3458,3458,12000,14340.322477790629,1.2308000004850328,31933.67180000496,0.0
1781969634,6911,POST,/predict/colleges [auth],0.400000,0.400000,3300,3300,3300,3300,3300,3300,3300,3300,3300,3300,3300,4607,4607,8600,11405.020872237998,0.7470999989891425,35980.103099995176,0.0
1781969634,6911,POST,/predict/colleges [premium],0.100000,0.100000,20000,20000,20000,20000,20000,20000,20000,20000,20000,20000,20000,6682,6682,12000,14475.86941228673,0.6806000019423664,32112.13950000092,0.0
1781969634,6911,POST,/predict/rank [auth],0.200000,0.200000,3300,3300,3300,3300,3300,3300,3300,3300,3300,3300,3300,715,715,8600,12134.782412447674,0.9197000035783276,35990.9228999968,0.0
1781969634,6911,,Aggregated,1.000000,1.000000,20000,20000,20000,20000,20000,20000,20000,20000,20000,20000,20000,32716,32716,14000,19978.346188482847,0.6806000019423664,54333.4318000052,0.0
1781969635,6911,POST,/auth/login [setup],0.000000,0.000000,0,0,0,0,0,0,0,0,0,0,0,6744,6744,46000,45763.46246174382,32409.004599998298,54333.4318000052,0.0
1781969635,6911,GET,/auth/me,0.100000,0.100000,3300,3300,3300,3300,3300,3300,3300,3300,3300,3300,3300,7264,7264,9800,13225.839087651446,0.7002000056672841,35976.71270000137,0.0
1781969635,6911,POST,/auth/update-profile,0.100000,0.100000,3300,3300,3300,3300,3300,3300,3300,3300,3300,3300,3300,3246,3246,8900,12746.27011808379,0.7727999982307665,32085.598199999367,0.0
1781969635,6911,POST,/payment/create-order,0.100000,0.100000,3300,3300,3300,3300,3300,3300,3300,3300,3300,3300,3300,3458,3458,12000,14340.322477790629,1.2308000004850328,31933.67180000496,0.0
1781969635,6911,POST,/predict/colleges [auth],0.400000,0.400000,3300,3300,3300,3300,3300,3300,3300,3300,3300,3300,3300,4607,4607,8600,11405.020872237998,0.7470999989891425,35980.103099995176,0.0
1781969635,6911,POST,/predict/colleges [premium],0.100000,0.100000,20000,20000,20000,20000,20000,20000,20000,20000,20000,20000,20000,6682,6682,12000,14475.86941228673,0.6806000019423664,32112.13950000092,0.0
1781969635,6911,POST,/predict/rank [auth],0.200000,0.200000,3300,3300,3300,3300,3300,3300,3300,3300,3300,3300,3300,715,715,8600,12134.782412447674,0.9197000035783276,35990.9228999968,0.0
1781969635,6911,,Aggregated,1.000000,1.000000,20000,20000,20000,20000,20000,20000,20000,20000,20000,20000,20000,32716,32716,14000,19978.346188482847,0.6806000019423664,54333.4318000052,0.0
1781969636,6911,POST,/auth/login [setup],0.000000,0.000000,0,0,0,0,0,0,0,0,0,0,0,6744,6744,46000,45763.46246174382,32409.004599998298,54333.4318000052,0.0
1781969636,6911,GET,/auth/me,0.100000,0.100000,0,0,0,0,0,0,0,0,0,0,0,7264,7264,9800,13225.839087651446,0.7002000056672841,35976.71270000137,0.0
1781969636,6911,POST,/auth/update-profile,0.100000,0.100000,0,0,0,0,0,0,0,0,0,0,0,3246,3246,8900,12746.27011808379,0.7727999982307665,32085.598199999367,0.0
1781969636,6911,POST,/payment/create-order,0.100000,0.100000,0,0,0,0,0,0,0,0,0,0,0,3458,3458,12000,14340.322477790629,1.2308000004850328,31933.67180000496,0.0
1781969636,6911,POST,/predict/colleges [auth],0.400000,0.400000,0,0,0,0,0,0,0,0,0,0,0,4607,4607,8600,11405.020872237998,0.7470999989891425,35980.103099995176,0.0
1781969636,6911,POST,/predict/colleges [premium],0.100000,0.100000,20000,20000,20000,20000,20000,20000,20000,20000,20000,20000,20000,6682,6682,12000,14475.86941228673,0.6806000019423664,32112.13950000092,0.0
1781969636,6911,POST,/predict/rank [auth],0.200000,0.200000,0,0,0,0,0,0,0,0,0,0,0,715,715,8600,12134.782412447674,0.9197000035783276,35990.9228999968,0.0
1781969636,6911,,Aggregated,1.000000,1.000000,20000,20000,20000,20000,20000,20000,20000,20000,20000,20000,20000,32716,32716,14000,19978.346188482847,0.6806000019423664,54333.4318000052,0.0
1781969637,6911,POST,/auth/login [setup],0.000000,0.000000,0,0,0,0,0,0,0,0,0,0,0,6744,6744,46000,45763.46246174382,32409.004599998298,54333.4318000052,0.0
1781969637,6911,GET,/auth/me,0.100000,0.100000,0,0,0,0,0,0,0,0,0,0,0,7264,7264,9800,13225.839087651446,0.7002000056672841,35976.71270000137,0.0
1781969637,6911,POST,/auth/update-profile,0.100000,0.100000,0,0,0,0,0,0,0,0,0,0,0,3246,3246,8900,12746.27011808379,0.7727999982307665,32085.598199999367,0.0
1781969637,6911,POST,/payment/create-order,0.100000,0.100000,0,0,0,0,0,0,0,0,0,0,0,3458,3458,12000,14340.322477790629,1.2308000004850328,31933.67180000496,0.0
1781969637,6911,POST,/predict/colleges [auth],0.400000,0.400000,0,0,0,0,0,0,0,0,0,0,0,4607,4607,8600,11405.020872237998,0.7470999989891425,35980.103099995176,0.0
1781969637,6911,POST,/predict/colleges [premium],0.100000,0.100000,20000,20000,20000,20000,20000,20000,20000,20000,20000,20000,20000,6682,6682,12000,14475.86941228673,0.6806000019423664,32112.13950000092,0.0
1781969637,6911,POST,/predict/rank [auth],0.200000,0.200000,0,0,0,0,0,0,0,0,0,0,0,715,715,8600,12134.782412447674,0.9197000035783276,35990.9228999968,0.0
1781969637,6911,,Aggregated,1.000000,1.000000,20000,20000,20000,20000,20000,20000,20000,20000,20000,20000,20000,32716,32716,14000,19978.346188482847,0.6806000019423664,54333.4318000052,0.0
1781969639,6911,POST,/auth/login [setup],0.000000,0.000000,0,0,0,0,0,0,0,0,0,0,0,6744,6744,46000,45763.46246174382,32409.004599998298,54333.4318000052,0.0
1781969639,6911,GET,/auth/me,0.100000,0.100000,0,0,0,0,0,0,0,0,0,0,0,7264,7264,9800,13225.839087651446,0.7002000056672841,35976.71270000137,0.0
1781969639,6911,POST,/auth/update-profile,0.100000,0.100000,0,0,0,0,0,0,0,0,0,0,0,3246,3246,8900,12746.27011808379,0.7727999982307665,32085.598199999367,0.0
1781969639,6911,POST,/payment/create-order,0.100000,0.100000,0,0,0,0,0,0,0,0,0,0,0,3458,3458,12000,14340.322477790629,1.2308000004850328,31933.67180000496,0.0
1781969639,6911,POST,/predict/colleges [auth],0.400000,0.400000,0,0,0,0,0,0,0,0,0,0,0,4607,4607,8600,11405.020872237998,0.7470999989891425,35980.103099995176,0.0
1781969639,6911,POST,/predict/colleges [premium],0.100000,0.100000,20000,20000,20000,20000,20000,20000,20000,20000,20000,20000,20000,6682,6682,12000,14475.86941228673,0.6806000019423664,32112.13950000092,0.0
1781969639,6911,POST,/predict/rank [auth],0.200000,0.200000,0,0,0,0,0,0,0,0,0,0,0,715,715,8600,12134.782412447674,0.9197000035783276,35990.9228999968,0.0
1781969639,6911,,Aggregated,1.000000,1.000000,20000,20000,20000,20000,20000,20000,20000,20000,20000,20000,20000,32716,32716,14000,19978.346188482847,0.6806000019423664,54333.4318000052,0.0
1781969640,6911,POST,/auth/login [setup],0.000000,0.000000,0,0,0,0,0,0,0,0,0,0,0,6744,6744,46000,45763.46246174382,32409.004599998298,54333.4318000052,0.0
1781969640,6911,GET,/auth/me,0.100000,0.100000,0,0,0,0,0,0,0,0,0,0,0,7264,7264,9800,13225.839087651446,0.7002000056672841,35976.71270000137,0.0
1781969640,6911,POST,/auth/update-profile,0.100000,0.100000,0,0,0,0,0,0,0,0,0,0,0,3246,3246,8900,12746.27011808379,0.7727999982307665,32085.598199999367,0.0
1781969640,6911,POST,/payment/create-order,0.100000,0.100000,0,0,0,0,0,0,0,0,0,0,0,3458,3458,12000,14340.322477790629,1.2308000004850328,31933.67180000496,0.0
1781969640,6911,POST,/predict/colleges [auth],0.400000,0.400000,0,0,0,0,0,0,0,0,0,0,0,4607,4607,8600,11405.020872237998,0.7470999989891425,35980.103099995176,0.0
1781969640,6911,POST,/predict/colleges [premium],0.100000,0.100000,20000,20000,20000,20000,20000,20000,20000,20000,20000,20000,20000,6682,6682,12000,14475.86941228673,0.6806000019423664,32112.13950000092,0.0
1781969640,6911,POST,/predict/rank [auth],0.200000,0.200000,0,0,0,0,0,0,0,0,0,0,0,715,715,8600,12134.782412447674,0.9197000035783276,35990.9228999968,0.0
1781969640,6911,,Aggregated,1.000000,1.000000,20000,20000,20000,20000,20000,20000,20000,20000,20000,20000,20000,32716,32716,14000,19978.346188482847,0.6806000019423664,54333.4318000052,0.0
1781969641,6911,POST,/auth/login [setup],0.000000,0.000000,0,0,0,0,0,0,0,0,0,0,0,6744,6744,46000,45763.46246174382,32409.004599998298,54333.4318000052,0.0
1781969641,6911,GET,/auth/me,0.100000,0.100000,0,0,0,0,0,0,0,0,0,0,0,7264,7264,9800,13225.839087651446,0.7002000056672841,35976.71270000137,0.0
1781969641,6911,POST,/auth/update-profile,0.100000,0.100000,0,0,0,0,0,0,0,0,0,0,0,3246,3246,8900,12746.27011808379,0.7727999982307665,32085.598199999367,0.0
1781969641,6911,POST,/payment/create-order,0.100000,0.100000,0,0,0,0,0,0,0,0,0,0,0,3458,3458,12000,14340.322477790629,1.2308000004850328,31933.67180000496,0.0
1781969641,6911,POST,/predict/colleges [auth],0.400000,0.400000,0,0,0,0,0,0,0,0,0,0,0,4607,4607,8600,11405.020872237998,0.7470999989891425,35980.103099995176,0.0
1781969641,6911,POST,/predict/colleges [premium],0.100000,0.100000,20000,20000,20000,20000,20000,20000,20000,20000,20000,20000,20000,6682,6682,12000,14475.86941228673,0.6806000019423664,32112.13950000092,0.0
1781969641,6911,POST,/predict/rank [auth],0.200000,0.200000,0,0,0,0,0,0,0,0,0,0,0,715,715,8600,12134.782412447674,0.9197000035783276,35990.9228999968,0.0
1781969641,6911,,Aggregated,1.000000,1.000000,20000,20000,20000,20000,20000,20000,20000,20000,20000,20000,20000,32716,32716,14000,19978.346188482847,0.6806000019423664,54333.4318000052,0.0
1781969642,6911,POST,/auth/login [setup],0.000000,0.000000,0,0,0,0,0,0,0,0,0,0,0,6744,6744,46000,45763.46246174382,32409.004599998298,54333.4318000052,0.0
1781969642,6911,GET,/auth/me,0.100000,0.100000,0,0,0,0,0,0,0,0,0,0,0,7264,7264,9800,13225.839087651446,0.7002000056672841,35976.71270000137,0.0
1781969642,6911,POST,/auth/update-profile,0.100000,0.100000,0,0,0,0,0,0,0,0,0,0,0,3246,3246,8900,12746.27011808379,0.7727999982307665,32085.598199999367,0.0
1781969642,6911,POST,/payment/create-order,0.100000,0.100000,0,0,0,0,0,0,0,0,0,0,0,3458,3458,12000,14340.322477790629,1.2308000004850328,31933.67180000496,0.0
1781969642,6911,POST,/predict/colleges [auth],0.400000,0.400000,0,0,0,0,0,0,0,0,0,0,0,4607,4607,8600,11405.020872237998,0.7470999989891425,35980.103099995176,0.0
1781969642,6911,POST,/predict/colleges [premium],0.100000,0.100000,20000,20000,20000,20000,20000,20000,20000,20000,20000,20000,20000,6682,6682,12000,14475.86941228673,0.6806000019423664,32112.13950000092,0.0
1781969642,6911,POST,/predict/rank [auth],0.200000,0.200000,0,0,0,0,0,0,0,0,0,0,0,715,715,8600,12134.782412447674,0.9197000035783276,35990.9228999968,0.0
1781969642,6911,,Aggregated,1.000000,1.000000,20000,20000,20000,20000,20000,20000,20000,20000,20000,20000,20000,32716,32716,14000,19978.346188482847,0.6806000019423664,54333.4318000052,0.0
1781969643,6911,POST,/auth/login [setup],0.000000,0.000000,0,0,0,0,0,0,0,0,0,0,0,6744,6744,46000,45763.46246174382,32409.004599998298,54333.4318000052,0.0
1781969643,6911,GET,/auth/me,0.100000,0.100000,0,0,0,0,0,0,0,0,0,0,0,7264,7264,9800,13225.839087651446,0.7002000056672841,35976.71270000137,0.0
1781969643,6911,POST,/auth/update-profile,0.100000,0.100000,0,0,0,0,0,0,0,0,0,0,0,3246,3246,8900,12746.27011808379,0.7727999982307665,32085.598199999367,0.0
1781969643,6911,POST,/payment/create-order,0.100000,0.100000,0,0,0,0,0,0,0,0,0,0,0,3458,3458,12000,14340.322477790629,1.2308000004850328,31933.67180000496,0.0
1781969643,6911,POST,/predict/colleges [auth],0.400000,0.400000,0,0,0,0,0,0,0,0,0,0,0,4607,4607,8600,11405.020872237998,0.7470999989891425,35980.103099995176,0.0
1781969643,6911,POST,/predict/colleges [premium],0.100000,0.100000,20000,20000,20000,20000,20000,20000,20000,20000,20000,20000,20000,6682,6682,12000,14475.86941228673,0.6806000019423664,32112.13950000092,0.0
1781969643,6911,POST,/predict/rank [auth],0.200000,0.200000,0,0,0,0,0,0,0,0,0,0,0,715,715,8600,12134.782412447674,0.9197000035783276,35990.9228999968,0.0
1781969643,6911,,Aggregated,1.000000,1.000000,20000,20000,20000,20000,20000,20000,20000,20000,20000,20000,20000,32716,32716,14000,19978.346188482847,0.6806000019423664,54333.4318000052,0.0
1781969644,6911,POST,/auth/login [setup],0.000000,0.000000,0,0,0,0,0,0,0,0,0,0,0,6744,6744,46000,45763.46246174382,32409.004599998298,54333.4318000052,0.0
1781969644,6911,GET,/auth/me,0.100000,0.100000,0,0,0,0,0,0,0,0,0,0,0,7264,7264,9800,13225.839087651446,0.7002000056672841,35976.71270000137,0.0
1781969644,6911,POST,/auth/update-profile,0.100000,0.100000,0,0,0,0,0,0,0,0,0,0,0,3246,3246,8900,12746.27011808379,0.7727999982307665,32085.598199999367,0.0
1781969644,6911,POST,/payment/create-order,0.100000,0.100000,0,0,0,0,0,0,0,0,0,0,0,3458,3458,12000,14340.322477790629,1.2308000004850328,31933.67180000496,0.0
1781969644,6911,POST,/predict/colleges [auth],0.400000,0.400000,0,0,0,0,0,0,0,0,0,0,0,4607,4607,8600,11405.020872237998,0.7470999989891425,35980.103099995176,0.0
1781969644,6911,POST,/predict/colleges [premium],0.100000,0.100000,20000,20000,20000,20000,20000,20000,20000,20000,20000,20000,20000,6682,6682,12000,14475.86941228673,0.6806000019423664,32112.13950000092,0.0
1781969644,6911,POST,/predict/rank [auth],0.200000,0.200000,0,0,0,0,0,0,0,0,0,0,0,715,715,8600,12134.782412447674,0.9197000035783276,35990.9228999968,0.0
1781969644,6911,,Aggregated,1.000000,1.000000,20000,20000,20000,20000,20000,20000,20000,20000,20000,20000,20000,32716,32716,14000,19978.346188482847,0.6806000019423664,54333.4318000052,0.0
