[2026-07-01 21:04:38,555] Zeus/INFO/locust.main: Starting Locust 2.44.4
[2026-07-01 21:04:38,558] Zeus/INFO/locust.main: Run time limit set to 180 seconds
Type     Name                                                                          # reqs      # fails |    Avg     Min     Max    Med |   req/s  failures/s
--------|----------------------------------------------------------------------------|-------|-------------|-------|-------|-------|-------|--------|-----------
--------|----------------------------------------------------------------------------|-------|-------------|-------|-------|-------|-------|--------|-----------
         Aggregated                                                                         0     0(0.00%) |      0       0       0      0 |    0.00        0.00

[2026-07-01 21:04:38,560] Zeus/INFO/locust.runners: Ramping to 30 users at a rate of 10.00 per second
Type     Name                                                                          # reqs      # fails |    Avg     Min     Max    Med |   req/s  failures/s
--------|----------------------------------------------------------------------------|-------|-------------|-------|-------|-------|-------|--------|-----------
POST     /auth/login                                                                       20     0(0.00%) |    758     722     776    760 |    0.00        0.00
POST     /auth/update-profile [rapid changes]                                               4     0(0.00%) |    302     284     333    290 |    0.00        0.00
POST     /payment/create-order-marks [spam]                                                 7     0(0.00%) |    327     295     375    310 |    0.00        0.00
--------|----------------------------------------------------------------------------|-------|-------------|-------|-------|-------|-------|--------|-----------
         Aggregated                                                                        31     0(0.00%) |    602     284     776    760 |    0.00        0.00

[2026-07-01 21:04:40,573] Zeus/INFO/locust.runners: All users spawned: {"MarksUpdateAbuser": 30} (30 total users)
Type     Name                                                                          # reqs      # fails |    Avg     Min     Max    Med |   req/s  failures/s
--------|----------------------------------------------------------------------------|-------|-------------|-------|-------|-------|-------|--------|-----------
POST     /auth/login                                                                       30     0(0.00%) |    880     722    1896    760 |    5.00        0.00
POST     /auth/update-profile [rapid changes]                                              16     0(0.00%) |    336     283     492    320 |    2.00        0.00
POST     /payment/create-order-marks [spam]                                                28    3(10.71%) |    379     280     814    370 |    3.00        0.00
POST     /predict/colleges [during marks churn]                                             3     0(0.00%) |    915     870     981    900 |    0.00        0.00
--------|----------------------------------------------------------------------------|-------|-------------|-------|-------|-------|-------|--------|-----------
         Aggregated                                                                        77     3(3.90%) |    586     280    1896    460 |   10.00        0.00

Type     Name                                                                          # reqs      # fails |    Avg     Min     Max    Med |   req/s  failures/s
--------|----------------------------------------------------------------------------|-------|-------------|-------|-------|-------|-------|--------|-----------
POST     /auth/login                                                                       30     0(0.00%) |    880     722    1896    760 |    7.25        0.00
POST     /auth/update-profile [rapid changes]                                              30     0(0.00%) |    349     283     496    330 |    3.25        0.00
POST     /payment/create-order-marks [spam]                                                42   10(23.81%) |    385     278     814    360 |    6.00        0.50
POST     /predict/colleges [during marks churn]                                             8     0(0.00%) |   1258     763    1948    900 |    0.75        0.00
--------|----------------------------------------------------------------------------|-------|-------------|-------|-------|-------|-------|--------|-----------
         Aggregated                                                                       110    10(9.09%) |    573     278    1948    380 |   17.25        0.50

Type     Name                                                                          # reqs      # fails |    Avg     Min     Max    Med |   req/s  failures/s
--------|----------------------------------------------------------------------------|-------|-------------|-------|-------|-------|-------|--------|-----------
POST     /auth/login                                                                       30     0(0.00%) |    880     722    1896    760 |    5.00        0.00
POST     /auth/update-profile [rapid changes]                                              47     0(0.00%) |    336     283     496    320 |    4.33        0.00
POST     /payment/create-order-marks [spam]                                                64   31(48.44%) |    356     271     814    320 |    6.67        1.50
POST     /predict/colleges [during marks churn]                                            14     0(0.00%) |   1083     763    1948    870 |    1.17        0.00
--------|----------------------------------------------------------------------------|-------|-------------|-------|-------|-------|-------|--------|-----------
         Aggregated                                                                       155   31(20.00%) |    517     271    1948    360 |   17.17        1.50

Type     Name                                                                          # reqs      # fails |    Avg     Min     Max    Med |   req/s  failures/s
--------|----------------------------------------------------------------------------|-------|-------------|-------|-------|-------|-------|--------|-----------
POST     /auth/login                                                                       30     0(0.00%) |    880     722    1896    760 |    3.75        0.00
POST     /auth/update-profile [rapid changes]                                              60     0(0.00%) |    334     283     496    310 |    5.12        0.00
POST     /payment/create-order-marks [spam]                                                78   45(57.69%) |    349     271     814    320 |    6.75        2.62
POST     /predict/colleges [during marks churn]                                            19     0(0.00%) |   1074     727    1948    870 |    1.62        0.00
--------|----------------------------------------------------------------------------|-------|-------------|-------|-------|-------|-------|--------|-----------
         Aggregated                                                                       187   45(24.06%) |    503     271    1948    350 |   17.25        2.62

Type     Name                                                                          # reqs      # fails |    Avg     Min     Max    Med |   req/s  failures/s
--------|----------------------------------------------------------------------------|-------|-------------|-------|-------|-------|-------|--------|-----------
POST     /auth/login                                                                       30     0(0.00%) |    880     722    1896    760 |    3.00        0.00
POST     /auth/update-profile [rapid changes]                                              76     0(0.00%) |    333     283     496    310 |    5.90        0.00
POST     /payment/create-order-marks [spam]                                                95   62(65.26%) |    343     271     814    320 |    7.30        4.00
POST     /predict/colleges [during marks churn]                                            24     0(0.00%) |   1019     727    1948    850 |    1.40        0.00
--------|----------------------------------------------------------------------------|-------|-------------|-------|-------|-------|-------|--------|-----------
         Aggregated                                                                       225   62(27.56%) |    483     271    1948    340 |   17.60        4.00

Type     Name                                                                          # reqs      # fails |    Avg     Min     Max    Med |   req/s  failures/s
--------|----------------------------------------------------------------------------|-------|-------------|-------|-------|-------|-------|--------|-----------
POST     /auth/login                                                                       30     0(0.00%) |    880     722    1896    760 |    2.00        0.00
POST     /auth/update-profile [rapid changes]                                              94     0(0.00%) |    331     282     496    310 |    6.60        0.00
POST     /payment/create-order-marks [spam]                                               111   78(70.27%) |    336     268     814    310 |    8.30        5.60
POST     /predict/colleges [during marks churn]                                            26     0(0.00%) |   1001     727    1948    850 |    2.30        0.00
--------|----------------------------------------------------------------------------|-------|-------------|-------|-------|-------|-------|--------|-----------
         Aggregated                                                                       261   78(29.89%) |    463     268    1948    330 |   19.20        5.60

Type     Name                                                                          # reqs      # fails |    Avg     Min     Max    Med |   req/s  failures/s
--------|----------------------------------------------------------------------------|-------|-------------|-------|-------|-------|-------|--------|-----------
POST     /auth/login                                                                       30     0(0.00%) |    880     722    1896    760 |    0.10        0.00
POST     /auth/update-profile [rapid changes]                                             107     0(0.00%) |    330     282     496    310 |    7.60        0.00
POST     /payment/create-order-marks [spam]                                               130   97(74.62%) |    331     268     814    300 |    8.20        7.10
POST     /predict/colleges [during marks churn]                                            32     0(0.00%) |    978     727    1948    840 |    2.30        0.00
--------|----------------------------------------------------------------------------|-------|-------------|-------|-------|-------|-------|--------|-----------
         Aggregated                                                                       299   97(32.44%) |    455     268    1948    330 |   18.20        7.10

Type     Name                                                                          # reqs      # fails |    Avg     Min     Max    Med |   req/s  failures/s
--------|----------------------------------------------------------------------------|-------|-------------|-------|-------|-------|-------|--------|-----------
POST     /auth/login                                                                       30     0(0.00%) |    880     722    1896    760 |    0.00        0.00
POST     /auth/update-profile [rapid changes]                                             123     0(0.00%) |    327     282     496    300 |    7.70        0.00
POST     /payment/create-order-marks [spam]                                               141  108(76.60%) |    329     268     814    290 |    8.60        8.40
POST     /predict/colleges [during marks churn]                                            38     0(0.00%) |    990     713    1948    840 |    2.10        0.00
--------|----------------------------------------------------------------------------|-------|-------------|-------|-------|-------|-------|--------|-----------
         Aggregated                                                                       332  108(32.53%) |    454     268    1948    330 |   18.40        8.40

Type     Name                                                                          # reqs      # fails |    Avg     Min     Max    Med |   req/s  failures/s
--------|----------------------------------------------------------------------------|-------|-------------|-------|-------|-------|-------|--------|-----------
POST     /auth/login                                                                       30     0(0.00%) |    880     722    1896    760 |    0.00        0.00
POST     /auth/update-profile [rapid changes]                                             133     0(0.00%) |    325     282     496    300 |    7.50        0.00
POST     /payment/create-order-marks [spam]                                               169  136(80.47%) |    322     265     814    290 |    8.40        8.40
POST     /predict/colleges [during marks churn]                                            40     0(0.00%) |    979     713    1948    830 |    2.50        0.00
--------|----------------------------------------------------------------------------|-------|-------------|-------|-------|-------|-------|--------|-----------
         Aggregated                                                                       372  136(36.56%) |    439     265    1948    310 |   18.40        8.40

Type     Name                                                                          # reqs      # fails |    Avg     Min     Max    Med |   req/s  failures/s
--------|----------------------------------------------------------------------------|-------|-------------|-------|-------|-------|-------|--------|-----------
POST     /auth/login                                                                       30     0(0.00%) |    880     722    1896    760 |    0.00        0.00
POST     /auth/update-profile [rapid changes]                                             147     0(0.00%) |    326     282     503    300 |    7.10        0.00
POST     /payment/create-order-marks [spam]                                               186  153(82.26%) |    324     265     814    290 |    9.00        9.00
POST     /predict/colleges [during marks churn]                                            45     0(0.00%) |    974     713    1948    830 |    2.50        0.00
--------|----------------------------------------------------------------------------|-------|-------------|-------|-------|-------|-------|--------|-----------
         Aggregated                                                                       408  153(37.50%) |    437     265    1948    310 |   18.60        9.00

Type     Name                                                                          # reqs      # fails |    Avg     Min     Max    Med |   req/s  failures/s
--------|----------------------------------------------------------------------------|-------|-------------|-------|-------|-------|-------|--------|-----------
POST     /auth/login                                                                       30     0(0.00%) |    880     722    1896    760 |    0.00        0.00
POST     /auth/update-profile [rapid changes]                                             158     0(0.00%) |    335     282     742    310 |    7.30        0.00
POST     /payment/create-order-marks [spam]                                               198  165(83.33%) |    331     265     814    290 |    9.30        9.30
POST     /predict/colleges [during marks churn]                                            51     0(0.00%) |    979     713    1948    850 |    2.00        0.00
--------|----------------------------------------------------------------------------|-------|-------------|-------|-------|-------|-------|--------|-----------
         Aggregated                                                                       437  165(37.76%) |    446     265    1948    330 |   18.60        9.30

Type     Name                                                                          # reqs      # fails |    Avg     Min     Max    Med |   req/s  failures/s
--------|----------------------------------------------------------------------------|-------|-------------|-------|-------|-------|-------|--------|-----------
POST     /auth/login                                                                       30     0(0.00%) |    880     722    1896    760 |    0.00        0.00
POST     /auth/update-profile [rapid changes]                                             176     0(0.00%) |    363     282     992    320 |    6.80        0.00
POST     /payment/create-order-marks [spam]                                               214  181(84.58%) |    351     265     891    300 |    8.70        8.70
POST     /predict/colleges [during marks churn]                                            55     0(0.00%) |    983     713    1948    870 |    2.10        0.00
--------|----------------------------------------------------------------------------|-------|-------------|-------|-------|-------|-------|--------|-----------
         Aggregated                                                                       475  181(38.11%) |    462     265    1948    340 |   17.60        8.70

Type     Name                                                                          # reqs      # fails |    Avg     Min     Max    Med |   req/s  failures/s
--------|----------------------------------------------------------------------------|-------|-------------|-------|-------|-------|-------|--------|-----------
POST     /auth/login                                                                       30     0(0.00%) |    880     722    1896    760 |    0.00        0.00
POST     /auth/update-profile [rapid changes]                                             186     0(0.00%) |    361     282     992    310 |    6.50        0.00
POST     /payment/create-order-marks [spam]                                               232  199(85.78%) |    350     265     891    300 |    8.00        8.00
POST     /predict/colleges [during marks churn]                                            60     0(0.00%) |    974     713    1948    870 |    2.50        0.00
--------|----------------------------------------------------------------------------|-------|-------------|-------|-------|-------|-------|--------|-----------
         Aggregated                                                                       508  199(39.17%) |    459     265    1948    340 |   17.00        8.00

Type     Name                                                                          # reqs      # fails |    Avg     Min     Max    Med |   req/s  failures/s
--------|----------------------------------------------------------------------------|-------|-------------|-------|-------|-------|-------|--------|-----------
POST     /auth/login                                                                       30     0(0.00%) |    880     722    1896    760 |    0.00        0.00
POST     /auth/update-profile [rapid changes]                                             196     0(0.00%) |    363     282     992    320 |    6.70        0.00
POST     /payment/create-order-marks [spam]                                               244  211(86.48%) |    353     265     891    300 |    8.90        8.90
POST     /predict/colleges [during marks churn]                                            67     0(0.00%) |   1000     713    1948    870 |    2.10        0.00
--------|----------------------------------------------------------------------------|-------|-------------|-------|-------|-------|-------|--------|-----------
         Aggregated                                                                       537  211(39.29%) |    467     265    1948    340 |   17.70        8.90

Type     Name                                                                          # reqs      # fails |    Avg     Min     Max    Med |   req/s  failures/s
--------|----------------------------------------------------------------------------|-------|-------------|-------|-------|-------|-------|--------|-----------
POST     /auth/login                                                                       30     0(0.00%) |    880     722    1896    760 |    0.00        0.00
POST     /auth/update-profile [rapid changes]                                             206     0(0.00%) |    367     282     992    320 |    6.20        0.00
POST     /payment/create-order-marks [spam]                                               262  229(87.40%) |    354     265     891    310 |    7.70        7.70
POST     /predict/colleges [during marks churn]                                            74     0(0.00%) |   1032     713    2155    880 |    2.60        0.00
--------|----------------------------------------------------------------------------|-------|-------------|-------|-------|-------|-------|--------|-----------
         Aggregated                                                                       572  229(40.03%) |    474     265    2155    340 |   16.50        7.70

Type     Name                                                                          # reqs      # fails |    Avg     Min     Max    Med |   req/s  failures/s
--------|----------------------------------------------------------------------------|-------|-------------|-------|-------|-------|-------|--------|-----------
POST     /auth/login                                                                       30     0(0.00%) |    880     722    1896    760 |    0.00        0.00
POST     /auth/update-profile [rapid changes]                                             215     0(0.00%) |    366     282     992    330 |    6.10        0.00
POST     /payment/create-order-marks [spam]                                               282  249(88.30%) |    354     265     891    320 |    7.40        7.40
POST     /predict/colleges [during marks churn]                                            79     0(0.00%) |   1025     713    2155    890 |    3.10        0.00
--------|----------------------------------------------------------------------------|-------|-------------|-------|-------|-------|-------|--------|-----------
         Aggregated                                                                       606  249(41.09%) |    472     265    2155    350 |   16.60        7.40

Type     Name                                                                          # reqs      # fails |    Avg     Min     Max    Med |   req/s  failures/s
--------|----------------------------------------------------------------------------|-------|-------------|-------|-------|-------|-------|--------|-----------
POST     /auth/login                                                                       30     0(0.00%) |    880     722    1896    760 |    0.00        0.00
POST     /auth/update-profile [rapid changes]                                             231     0(0.00%) |    364     282     992    320 |    5.70        0.00
POST     /payment/create-order-marks [spam]                                               297  264(88.89%) |    352     265     891    310 |    8.50        8.50
POST     /predict/colleges [during marks churn]                                            86     0(0.00%) |   1036     713    2155    900 |    3.20        0.00
--------|----------------------------------------------------------------------------|-------|-------------|-------|-------|-------|-------|--------|-----------
         Aggregated                                                                       644  264(40.99%) |    472     265    2155    350 |   17.40        8.50

Type     Name                                                                          # reqs      # fails |    Avg     Min     Max    Med |   req/s  failures/s
--------|----------------------------------------------------------------------------|-------|-------------|-------|-------|-------|-------|--------|-----------
POST     /auth/login                                                                       30     0(0.00%) |    880     722    1896    760 |    0.00        0.00
POST     /auth/update-profile [rapid changes]                                             245     0(0.00%) |    363     282     992    320 |    5.70        0.00
POST     /payment/create-order-marks [spam]                                               313  280(89.46%) |    351     265     891    310 |    8.60        8.60
POST     /predict/colleges [during marks churn]                                            90     0(0.00%) |   1029     713    2155    900 |    3.30        0.00
--------|----------------------------------------------------------------------------|-------|-------------|-------|-------|-------|-------|--------|-----------
         Aggregated                                                                       678  280(41.30%) |    468     265    2155    340 |   17.60        8.60

Type     Name                                                                          # reqs      # fails |    Avg     Min     Max    Med |   req/s  failures/s
--------|----------------------------------------------------------------------------|-------|-------------|-------|-------|-------|-------|--------|-----------
POST     /auth/login                                                                       30     0(0.00%) |    880     722    1896    760 |    0.00        0.00
POST     /auth/update-profile [rapid changes]                                             256     0(0.00%) |    365     282     992    330 |    5.80        0.00
POST     /payment/create-order-marks [spam]                                               332  299(90.06%) |    351     265     891    320 |    7.90        7.90
POST     /predict/colleges [during marks churn]                                            94     0(0.00%) |   1028     712    2155    910 |    3.00        0.00
--------|----------------------------------------------------------------------------|-------|-------------|-------|-------|-------|-------|--------|-----------
         Aggregated                                                                       712  299(41.99%) |    468     265    2155    350 |   16.70        7.90

Type     Name                                                                          # reqs      # fails |    Avg     Min     Max    Med |   req/s  failures/s
--------|----------------------------------------------------------------------------|-------|-------------|-------|-------|-------|-------|--------|-----------
POST     /auth/login                                                                       30     0(0.00%) |    880     722    1896    760 |    0.00        0.00
POST     /auth/update-profile [rapid changes]                                             265     0(0.00%) |    363     282     992    320 |    5.80        0.00
POST     /payment/create-order-marks [spam]                                               356  323(90.73%) |    347     265     891    310 |    8.50        8.50
POST     /predict/colleges [during marks churn]                                           103     0(0.00%) |    984     272    2155    890 |    2.80        0.00
--------|----------------------------------------------------------------------------|-------|-------------|-------|-------|-------|-------|--------|-----------
         Aggregated                                                                       754  323(42.84%) |    461     265    2155    340 |   17.10        8.50

Type     Name                                                                          # reqs      # fails |    Avg     Min     Max    Med |   req/s  failures/s
--------|----------------------------------------------------------------------------|-------|-------------|-------|-------|-------|-------|--------|-----------
POST     /auth/login                                                                       30     0(0.00%) |    880     722    1896    760 |    0.00        0.00
POST     /auth/update-profile [rapid changes]                                             280     0(0.00%) |    361     282     992    320 |    5.40        0.00
POST     /payment/create-order-marks [spam]                                               374  341(91.18%) |    345     265     891    300 |    9.20        9.20
POST     /predict/colleges [during marks churn]                                           106     0(0.00%) |    968     268    2155    880 |    2.60        0.00
--------|----------------------------------------------------------------------------|-------|-------------|-------|-------|-------|-------|--------|-----------
         Aggregated                                                                       790  341(43.16%) |    455     265    2155    340 |   17.20        9.20

Type     Name                                                                          # reqs      # fails |    Avg     Min     Max    Med |   req/s  failures/s
--------|----------------------------------------------------------------------------|-------|-------------|-------|-------|-------|-------|--------|-----------
POST     /auth/login                                                                       30     0(0.00%) |    880     722    1896    760 |    0.00        0.00
POST     /auth/update-profile [rapid changes]                                             294     0(0.00%) |    358     282     992    310 |    6.20        0.00
POST     /payment/create-order-marks [spam]                                               392  359(91.58%) |    342     265     891    300 |    9.10        9.10
POST     /predict/colleges [during marks churn]                                           114     0(0.00%) |    925     268    2155    860 |    2.50        0.00
--------|----------------------------------------------------------------------------|-------|-------------|-------|-------|-------|-------|--------|-----------
         Aggregated                                                                       830  359(43.25%) |    447     265    2155    330 |   17.80        9.10

Type     Name                                                                          # reqs      # fails |    Avg     Min     Max    Med |   req/s  failures/s
--------|----------------------------------------------------------------------------|-------|-------------|-------|-------|-------|-------|--------|-----------
POST     /auth/login                                                                       30     0(0.00%) |    880     722    1896    760 |    0.00        0.00
POST     /auth/update-profile [rapid changes]                                             309     0(0.00%) |    355     281     992    310 |    6.40        0.00
POST     /payment/create-order-marks [spam]                                               413  380(92.01%) |    340     265     891    300 |    9.00        9.00
POST     /predict/colleges [during marks churn]                                           117     0(0.00%) |    912     268    2155    850 |    2.40        0.00
--------|----------------------------------------------------------------------------|-------|-------------|-------|-------|-------|-------|--------|-----------
         Aggregated                                                                       869  380(43.73%) |    441     265    2155    320 |   17.80        9.00

Type     Name                                                                          # reqs      # fails |    Avg     Min     Max    Med |   req/s  failures/s
--------|----------------------------------------------------------------------------|-------|-------------|-------|-------|-------|-------|--------|-----------
POST     /auth/login                                                                       30     0(0.00%) |    880     722    1896    760 |    0.00        0.00
POST     /auth/update-profile [rapid changes]                                             319     0(0.00%) |    353     281     992    310 |    6.20        0.00
POST     /payment/create-order-marks [spam]                                               429  396(92.31%) |    338     265     891    290 |    9.60        9.60
POST     /predict/colleges [during marks churn]                                           123     0(0.00%) |    889     268    2155    840 |    2.70        0.00
--------|----------------------------------------------------------------------------|-------|-------------|-------|-------|-------|-------|--------|-----------
         Aggregated                                                                       901  396(43.95%) |    437     265    2155    320 |   18.50        9.60

Type     Name                                                                          # reqs      # fails |    Avg     Min     Max    Med |   req/s  failures/s
--------|----------------------------------------------------------------------------|-------|-------------|-------|-------|-------|-------|--------|-----------
POST     /auth/login                                                                       30     0(0.00%) |    880     722    1896    760 |    0.00        0.00
POST     /auth/update-profile [rapid changes]                                             330     0(0.00%) |    352     281     992    310 |    6.60        0.00
POST     /payment/create-order-marks [spam]                                               449  416(92.65%) |    336     265     891    290 |    9.80        9.80
POST     /predict/colleges [during marks churn]                                           132     0(0.00%) |    867     268    2155    820 |    2.80        0.00
--------|----------------------------------------------------------------------------|-------|-------------|-------|-------|-------|-------|--------|-----------
         Aggregated                                                                       941  416(44.21%) |    433     265    2155    320 |   19.20        9.80

Type     Name                                                                          # reqs      # fails |    Avg     Min     Max    Med |   req/s  failures/s
--------|----------------------------------------------------------------------------|-------|-------------|-------|-------|-------|-------|--------|-----------
POST     /auth/login                                                                       30     0(0.00%) |    880     722    1896    760 |    0.00        0.00
POST     /auth/update-profile [rapid changes]                                             344     0(0.00%) |    351     281     992    310 |    6.90        0.00
POST     /payment/create-order-marks [spam]                                               471  438(92.99%) |    334     265     891    290 |    9.40        9.40
POST     /predict/colleges [during marks churn]                                           139     0(0.00%) |    838     268    2155    810 |    3.00        0.00
--------|----------------------------------------------------------------------------|-------|-------------|-------|-------|-------|-------|--------|-----------
         Aggregated                                                                       984  438(44.51%) |    428     265    2155    310 |   19.30        9.40

Type     Name                                                                          # reqs      # fails |    Avg     Min     Max    Med |   req/s  failures/s
--------|----------------------------------------------------------------------------|-------|-------------|-------|-------|-------|-------|--------|-----------
POST     /auth/login                                                                       30     0(0.00%) |    880     722    1896    760 |    0.00        0.00
POST     /auth/update-profile [rapid changes]                                             354     0(0.00%) |    349     281     992    310 |    6.30        0.00
POST     /payment/create-order-marks [spam]                                               495  462(93.33%) |    332     265     891    290 |    9.50        9.50
POST     /predict/colleges [during marks churn]                                           144     0(0.00%) |    818     268    2155    800 |    3.30        0.00
--------|----------------------------------------------------------------------------|-------|-------------|-------|-------|-------|-------|--------|-----------
         Aggregated                                                                      1023  462(45.16%) |    422     265    2155    310 |   19.10        9.50

Type     Name                                                                          # reqs      # fails |    Avg     Min     Max    Med |   req/s  failures/s
--------|----------------------------------------------------------------------------|-------|-------------|-------|-------|-------|-------|--------|-----------
POST     /auth/login                                                                       30     0(0.00%) |    880     722    1896    760 |    0.00        0.00
POST     /auth/update-profile [rapid changes]                                             365     0(0.00%) |    348     281     992    310 |    5.70        0.00
POST     /payment/create-order-marks [spam]                                               517  484(93.62%) |    330     265     891    290 |   10.40       10.40
POST     /predict/colleges [during marks churn]                                           148     0(0.00%) |    819     268    2155    800 |    3.30        0.00
--------|----------------------------------------------------------------------------|-------|-------------|-------|-------|-------|-------|--------|-----------
         Aggregated                                                                      1060  484(45.66%) |    420     265    2155    310 |   19.40       10.40

Type     Name                                                                          # reqs      # fails |    Avg     Min     Max    Med |   req/s  failures/s
--------|----------------------------------------------------------------------------|-------|-------------|-------|-------|-------|-------|--------|-----------
POST     /auth/login                                                                       30     0(0.00%) |    880     722    1896    760 |    0.00        0.00
POST     /auth/update-profile [rapid changes]                                             380     0(0.00%) |    348     281     992    310 |    5.70        0.00
POST     /payment/create-order-marks [spam]                                               527  494(93.74%) |    331     265     891    290 |   10.70       10.70
POST     /predict/colleges [during marks churn]                                           157     0(0.00%) |    795     268    2155    790 |    2.90        0.00
--------|----------------------------------------------------------------------------|-------|-------------|-------|-------|-------|-------|--------|-----------
         Aggregated                                                                      1094  494(45.16%) |    419     265    2155    310 |   19.30       10.70

Type     Name                                                                          # reqs      # fails |    Avg     Min     Max    Med |   req/s  failures/s
--------|----------------------------------------------------------------------------|-------|-------------|-------|-------|-------|-------|--------|-----------
POST     /auth/login                                                                       30     0(0.00%) |    880     722    1896    760 |    0.00        0.00
POST     /auth/update-profile [rapid changes]                                             395     0(0.00%) |    348     281     992    310 |    5.70        0.00
POST     /payment/create-order-marks [spam]                                               543  510(93.92%) |    330     265     891    290 |    9.80        9.80
POST     /predict/colleges [during marks churn]                                           165     0(0.00%) |    782     268    2155    780 |    3.30        0.00
--------|----------------------------------------------------------------------------|-------|-------------|-------|-------|-------|-------|--------|-----------
         Aggregated                                                                      1133  510(45.01%) |    417     265    2155    310 |   18.80        9.80

Type     Name                                                                          # reqs      # fails |    Avg     Min     Max    Med |   req/s  failures/s
--------|----------------------------------------------------------------------------|-------|-------------|-------|-------|-------|-------|--------|-----------
POST     /auth/login                                                                       30     0(0.00%) |    880     722    1896    760 |    0.00        0.00
POST     /auth/update-profile [rapid changes]                                             404     0(0.00%) |    347     281     992    300 |    6.00        0.00
POST     /payment/create-order-marks [spam]                                               568  535(94.19%) |    328     265     891    290 |    9.40        9.40
POST     /predict/colleges [during marks churn]                                           169     0(0.00%) |    771     265    2155    770 |    3.20        0.00
--------|----------------------------------------------------------------------------|-------|-------------|-------|-------|-------|-------|--------|-----------
         Aggregated                                                                      1171  535(45.69%) |    412     265    2155    300 |   18.60        9.40

Type     Name                                                                          # reqs      # fails |    Avg     Min     Max    Med |   req/s  failures/s
--------|----------------------------------------------------------------------------|-------|-------------|-------|-------|-------|-------|--------|-----------
POST     /auth/login                                                                       30     0(0.00%) |    880     722    1896    760 |    0.00        0.00
POST     /auth/update-profile [rapid changes]                                             416     0(0.00%) |    345     281     992    300 |    6.10        0.00
POST     /payment/create-order-marks [spam]                                               590  557(94.41%) |    327     265     891    290 |    9.50        9.50
POST     /predict/colleges [during marks churn]                                           173     0(0.00%) |    762     265    2155    770 |    2.90        0.00
--------|----------------------------------------------------------------------------|-------|-------------|-------|-------|-------|-------|--------|-----------
         Aggregated                                                                      1209  557(46.07%) |    409     265    2155    300 |   18.50        9.50

Type     Name                                                                          # reqs      # fails |    Avg     Min     Max    Med |   req/s  failures/s
--------|----------------------------------------------------------------------------|-------|-------------|-------|-------|-------|-------|--------|-----------
POST     /auth/login                                                                       30     0(0.00%) |    880     722    1896    760 |    0.00        0.00
POST     /auth/update-profile [rapid changes]                                             423     0(0.00%) |    345     281     992    300 |    6.30        0.00
POST     /payment/create-order-marks [spam]                                               616  583(94.64%) |    325     265     891    290 |    9.30        9.30
POST     /predict/colleges [during marks churn]                                           180     0(0.00%) |    748     265    2155    760 |    2.80        0.00
--------|----------------------------------------------------------------------------|-------|-------------|-------|-------|-------|-------|--------|-----------
         Aggregated                                                                      1249  583(46.68%) |    406     265    2155    300 |   18.40        9.30

Type     Name                                                                          # reqs      # fails |    Avg     Min     Max    Med |   req/s  failures/s
--------|----------------------------------------------------------------------------|-------|-------------|-------|-------|-------|-------|--------|-----------
POST     /auth/login                                                                       30     0(0.00%) |    880     722    1896    760 |    0.00        0.00
POST     /auth/update-profile [rapid changes]                                             432     0(0.00%) |    344     281     992    300 |    6.00        0.00
POST     /payment/create-order-marks [spam]                                               637  604(94.82%) |    325     265     891    290 |    9.50        9.50
POST     /predict/colleges [during marks churn]                                           186     0(0.00%) |    743     265    2155    760 |    3.40        0.00
--------|----------------------------------------------------------------------------|-------|-------------|-------|-------|-------|-------|--------|-----------
         Aggregated                                                                      1285  604(47.00%) |    405     265    2155    300 |   18.90        9.50

Type     Name                                                                          # reqs      # fails |    Avg     Min     Max    Med |   req/s  failures/s
--------|----------------------------------------------------------------------------|-------|-------------|-------|-------|-------|-------|--------|-----------
POST     /auth/login                                                                       30     0(0.00%) |    880     722    1896    760 |    0.00        0.00
POST     /auth/update-profile [rapid changes]                                             445     0(0.00%) |    343     281     992    300 |    5.70        0.00
POST     /payment/create-order-marks [spam]                                               667  634(95.05%) |    323     265     891    290 |   10.80       10.80
POST     /predict/colleges [during marks churn]                                           189     0(0.00%) |    736     265    2155    760 |    2.90        0.00
--------|----------------------------------------------------------------------------|-------|-------------|-------|-------|-------|-------|--------|-----------
         Aggregated                                                                      1331  634(47.63%) |    401     265    2155    300 |   19.40       10.80

Type     Name                                                                          # reqs      # fails |    Avg     Min     Max    Med |   req/s  failures/s
--------|----------------------------------------------------------------------------|-------|-------------|-------|-------|-------|-------|--------|-----------
POST     /auth/login                                                                       30     0(0.00%) |    880     722    1896    760 |    0.00        0.00
POST     /auth/update-profile [rapid changes]                                             462     0(0.00%) |    341     281     992    300 |    5.40        0.00
POST     /payment/create-order-marks [spam]                                               687  654(95.20%) |    322     265     891    290 |   11.60       11.60
POST     /predict/colleges [during marks churn]                                           193     0(0.00%) |    726     265    2155    760 |    2.60        0.00
--------|----------------------------------------------------------------------------|-------|-------------|-------|-------|-------|-------|--------|-----------
         Aggregated                                                                      1372  654(47.67%) |    398     265    2155    300 |   19.60       11.60

Type     Name                                                                          # reqs      # fails |    Avg     Min     Max    Med |   req/s  failures/s
--------|----------------------------------------------------------------------------|-------|-------------|-------|-------|-------|-------|--------|-----------
POST     /auth/login                                                                       30     0(0.00%) |    880     722    1896    760 |    0.00        0.00
POST     /auth/update-profile [rapid changes]                                             474     0(0.00%) |    340     281     992    300 |    5.40        0.00
POST     /payment/create-order-marks [spam]                                               705  672(95.32%) |    321     265     891    290 |   12.00       12.00
POST     /predict/colleges [during marks churn]                                           200     0(0.00%) |    714     265    2155    750 |    2.60        0.00
--------|----------------------------------------------------------------------------|-------|-------------|-------|-------|-------|-------|--------|-----------
         Aggregated                                                                      1409  672(47.69%) |    395     265    2155    300 |   20.00       12.00

Type     Name                                                                          # reqs      # fails |    Avg     Min     Max    Med |   req/s  failures/s
--------|----------------------------------------------------------------------------|-------|-------------|-------|-------|-------|-------|--------|-----------
POST     /auth/login                                                                       30     0(0.00%) |    880     722    1896    760 |    0.00        0.00
POST     /auth/update-profile [rapid changes]                                             487     0(0.00%) |    339     281     992    300 |    6.20        0.00
POST     /payment/create-order-marks [spam]                                               730  697(95.48%) |    320     265     891    290 |   12.10       12.10
POST     /predict/colleges [during marks churn]                                           204     0(0.00%) |    705     265    2155    740 |    2.60        0.00
--------|----------------------------------------------------------------------------|-------|-------------|-------|-------|-------|-------|--------|-----------
         Aggregated                                                                      1451  697(48.04%) |    392     265    2155    300 |   20.90       12.10

Type     Name                                                                          # reqs      # fails |    Avg     Min     Max    Med |   req/s  failures/s
--------|----------------------------------------------------------------------------|-------|-------------|-------|-------|-------|-------|--------|-----------
POST     /auth/login                                                                       30     0(0.00%) |    880     722    1896    760 |    0.00        0.00
POST     /auth/update-profile [rapid changes]                                             503     0(0.00%) |    338     281     992    300 |    6.00        0.00
POST     /payment/create-order-marks [spam]                                               746  713(95.58%) |    319     265     891    280 |   11.70       11.70
POST     /predict/colleges [during marks churn]                                           207     0(0.00%) |    699     265    2155    740 |    2.30        0.00
--------|----------------------------------------------------------------------------|-------|-------------|-------|-------|-------|-------|--------|-----------
         Aggregated                                                                      1486  713(47.98%) |    390     265    2155    300 |   20.00       11.70

Type     Name                                                                          # reqs      # fails |    Avg     Min     Max    Med |   req/s  failures/s
--------|----------------------------------------------------------------------------|-------|-------------|-------|-------|-------|-------|--------|-----------
POST     /auth/login                                                                       30     0(0.00%) |    880     722    1896    760 |    0.00        0.00
POST     /auth/update-profile [rapid changes]                                             514     0(0.00%) |    337     277     992    300 |    6.20        0.00
POST     /payment/create-order-marks [spam]                                               763  730(95.67%) |    318     265     891    280 |   11.30       11.30
POST     /predict/colleges [during marks churn]                                           219     0(0.00%) |    676     265    2155    730 |    2.30        0.00
--------|----------------------------------------------------------------------------|-------|-------------|-------|-------|-------|-------|--------|-----------
         Aggregated                                                                      1526  730(47.84%) |    387     265    2155    300 |   19.80       11.30

Type     Name                                                                          # reqs      # fails |    Avg     Min     Max    Med |   req/s  failures/s
--------|----------------------------------------------------------------------------|-------|-------------|-------|-------|-------|-------|--------|-----------
POST     /auth/login                                                                       30     0(0.00%) |    880     722    1896    760 |    0.00        0.00
POST     /auth/update-profile [rapid changes]                                             523     0(0.00%) |    336     277     992    300 |    7.20        0.00
POST     /payment/create-order-marks [spam]                                               788  755(95.81%) |    317     265     891    280 |   10.10       10.10
POST     /predict/colleges [during marks churn]                                           223     0(0.00%) |    669     265    2155    730 |    2.50        0.00
--------|----------------------------------------------------------------------------|-------|-------------|-------|-------|-------|-------|--------|-----------
         Aggregated                                                                      1564  755(48.27%) |    385     265    2155    300 |   19.80       10.10

Type     Name                                                                          # reqs      # fails |    Avg     Min     Max    Med |   req/s  failures/s
--------|----------------------------------------------------------------------------|-------|-------------|-------|-------|-------|-------|--------|-----------
POST     /auth/login                                                                       30     0(0.00%) |    880     722    1896    760 |    0.00        0.00
POST     /auth/update-profile [rapid changes]                                             538     0(0.00%) |    336     277     992    300 |    6.30        0.00
POST     /payment/create-order-marks [spam]                                               809  776(95.92%) |    318     265     891    280 |    9.70        9.70
POST     /predict/colleges [during marks churn]                                           228     0(0.00%) |    661     265    2155    710 |    3.00        0.00
--------|----------------------------------------------------------------------------|-------|-------------|-------|-------|-------|-------|--------|-----------
         Aggregated                                                                      1605  776(48.35%) |    383     265    2155    300 |   19.00        9.70

Type     Name                                                                          # reqs      # fails |    Avg     Min     Max    Med |   req/s  failures/s
--------|----------------------------------------------------------------------------|-------|-------------|-------|-------|-------|-------|--------|-----------
POST     /auth/login                                                                       30     0(0.00%) |    880     722    1896    760 |    0.00        0.00
POST     /auth/update-profile [rapid changes]                                             554     0(0.00%) |    337     277     992    300 |    6.00        0.00
POST     /payment/create-order-marks [spam]                                               829  796(96.02%) |    319     265     891    280 |   10.10       10.10
POST     /predict/colleges [during marks churn]                                           230     0(0.00%) |    659     265    2155    710 |    2.90        0.00
--------|----------------------------------------------------------------------------|-------|-------------|-------|-------|-------|-------|--------|-----------
         Aggregated                                                                      1643  796(48.45%) |    383     265    2155    300 |   19.00       10.10

Type     Name                                                                          # reqs      # fails |    Avg     Min     Max    Med |   req/s  failures/s
--------|----------------------------------------------------------------------------|-------|-------------|-------|-------|-------|-------|--------|-----------
POST     /auth/login                                                                       30     0(0.00%) |    880     722    1896    760 |    0.00        0.00
POST     /auth/update-profile [rapid changes]                                             566     0(0.00%) |    336     277     992    300 |    6.70        0.00
POST     /payment/create-order-marks [spam]                                               845  812(96.09%) |    319     265     891    290 |    9.90        9.90
POST     /predict/colleges [during marks churn]                                           240     0(0.00%) |    644     265    2155    520 |    2.80        0.00
--------|----------------------------------------------------------------------------|-------|-------------|-------|-------|-------|-------|--------|-----------
         Aggregated                                                                      1681  812(48.30%) |    381     265    2155    300 |   19.40        9.90

Type     Name                                                                          # reqs      # fails |    Avg     Min     Max    Med |   req/s  failures/s
--------|----------------------------------------------------------------------------|-------|-------------|-------|-------|-------|-------|--------|-----------
POST     /auth/login                                                                       30     0(0.00%) |    880     722    1896    760 |    0.00        0.00
POST     /auth/update-profile [rapid changes]                                             581     0(0.00%) |    335     277     992    300 |    6.70        0.00
POST     /payment/create-order-marks [spam]                                               863  830(96.18%) |    318     265     891    280 |    9.50        9.50
POST     /predict/colleges [during marks churn]                                           248     0(0.00%) |    633     265    2155    410 |    3.20        0.00
--------|----------------------------------------------------------------------------|-------|-------------|-------|-------|-------|-------|--------|-----------
         Aggregated                                                                      1722  830(48.20%) |    379     265    2155    300 |   19.40        9.50

Type     Name                                                                          # reqs      # fails |    Avg     Min     Max    Med |   req/s  failures/s
--------|----------------------------------------------------------------------------|-------|-------------|-------|-------|-------|-------|--------|-----------
POST     /auth/login                                                                       30     0(0.00%) |    880     722    1896    760 |    0.00        0.00
POST     /auth/update-profile [rapid changes]                                             593     0(0.00%) |    335     277     992    300 |    5.90        0.00
POST     /payment/create-order-marks [spam]                                               882  849(96.26%) |    317     265     891    280 |   10.10       10.10
POST     /predict/colleges [during marks churn]                                           252     0(0.00%) |    627     265    2155    410 |    3.10        0.00
--------|----------------------------------------------------------------------------|-------|-------------|-------|-------|-------|-------|--------|-----------
         Aggregated                                                                      1757  849(48.32%) |    377     265    2155    290 |   19.10       10.10

Type     Name                                                                          # reqs      # fails |    Avg     Min     Max    Med |   req/s  failures/s
--------|----------------------------------------------------------------------------|-------|-------------|-------|-------|-------|-------|--------|-----------
POST     /auth/login                                                                       30     0(0.00%) |    880     722    1896    760 |    0.00        0.00
POST     /auth/update-profile [rapid changes]                                             609     0(0.00%) |    334     277     992    300 |    7.40        0.00
POST     /payment/create-order-marks [spam]                                               896  863(96.32%) |    317     265     891    280 |    9.50        9.50
POST     /predict/colleges [during marks churn]                                           261     0(0.00%) |    615     265    2155    340 |    2.80        0.00
--------|----------------------------------------------------------------------------|-------|-------------|-------|-------|-------|-------|--------|-----------
         Aggregated                                                                      1796  863(48.05%) |    375     265    2155    290 |   19.70        9.50

Type     Name                                                                          # reqs      # fails |    Avg     Min     Max    Med |   req/s  failures/s
--------|----------------------------------------------------------------------------|-------|-------------|-------|-------|-------|-------|--------|-----------
POST     /auth/login                                                                       30     0(0.00%) |    880     722    1896    760 |    0.00        0.00
POST     /auth/update-profile [rapid changes]                                             618     0(0.00%) |    333     277     992    300 |    6.90        0.00
POST     /payment/create-order-marks [spam]                                               916  883(96.40%) |    316     265     891    280 |    8.80        8.80
POST     /predict/colleges [during marks churn]                                           271     0(0.00%) |    603     265    2155    330 |    3.20        0.00
--------|----------------------------------------------------------------------------|-------|-------------|-------|-------|-------|-------|--------|-----------
         Aggregated                                                                      1835  883(48.12%) |    373     265    2155    290 |   18.90        8.80

Type     Name                                                                          # reqs      # fails |    Avg     Min     Max    Med |   req/s  failures/s
--------|----------------------------------------------------------------------------|-------|-------------|-------|-------|-------|-------|--------|-----------
POST     /auth/login                                                                       30     0(0.00%) |    880     722    1896    760 |    0.00        0.00
POST     /auth/update-profile [rapid changes]                                             629     0(0.00%) |    333     275     992    300 |    6.40        0.00
POST     /payment/create-order-marks [spam]                                               937  904(96.48%) |    315     265     891    280 |    8.50        8.50
POST     /predict/colleges [during marks churn]                                           275     0(0.00%) |    599     265    2155    320 |    3.60        0.00
--------|----------------------------------------------------------------------------|-------|-------------|-------|-------|-------|-------|--------|-----------
         Aggregated                                                                      1871  904(48.32%) |    372     265    2155    290 |   18.50        8.50

Type     Name                                                                          # reqs      # fails |    Avg     Min     Max    Med |   req/s  failures/s
--------|----------------------------------------------------------------------------|-------|-------------|-------|-------|-------|-------|--------|-----------
POST     /auth/login                                                                       30     0(0.00%) |    880     722    1896    760 |    0.00        0.00
POST     /auth/update-profile [rapid changes]                                             642     0(0.00%) |    332     275     992    300 |    6.40        0.00
POST     /payment/create-order-marks [spam]                                               960  927(96.56%) |    315     265     891    280 |    9.00        9.00
POST     /predict/colleges [during marks churn]                                           279     0(0.00%) |    594     265    2155    310 |    3.50        0.00
--------|----------------------------------------------------------------------------|-------|-------------|-------|-------|-------|-------|--------|-----------
         Aggregated                                                                      1911  927(48.51%) |    370     265    2155    290 |   18.90        9.00

Type     Name                                                                          # reqs      # fails |    Avg     Min     Max    Med |   req/s  failures/s
--------|----------------------------------------------------------------------------|-------|-------------|-------|-------|-------|-------|--------|-----------
POST     /auth/login                                                                       30     0(0.00%) |    880     722    1896    760 |    0.00        0.00
POST     /auth/update-profile [rapid changes]                                             651     0(0.00%) |    331     275     992    300 |    6.60        0.00
POST     /payment/create-order-marks [spam]                                               978  945(96.63%) |    314     265     891    280 |    9.50        9.50
POST     /predict/colleges [during marks churn]                                           288     0(0.00%) |    585     265    2155    300 |    3.20        0.00
--------|----------------------------------------------------------------------------|-------|-------------|-------|-------|-------|-------|--------|-----------
         Aggregated                                                                      1947  945(48.54%) |    369     265    2155    290 |   19.30        9.50

Type     Name                                                                          # reqs      # fails |    Avg     Min     Max    Med |   req/s  failures/s
--------|----------------------------------------------------------------------------|-------|-------------|-------|-------|-------|-------|--------|-----------
POST     /auth/login                                                                       30     0(0.00%) |    880     722    1896    760 |    0.00        0.00
POST     /auth/update-profile [rapid changes]                                             662     0(0.00%) |    331     275     992    300 |    5.80        0.00
POST     /payment/create-order-marks [spam]                                               995  962(96.68%) |    313     265     891    280 |    9.80        9.80
POST     /predict/colleges [during marks churn]                                           298     0(0.00%) |    576     265    2155    300 |    3.60        0.00
--------|----------------------------------------------------------------------------|-------|-------------|-------|-------|-------|-------|--------|-----------
         Aggregated                                                                      1985  962(48.46%) |    367     265    2155    290 |   19.20        9.80

Type     Name                                                                          # reqs      # fails |    Avg     Min     Max    Med |   req/s  failures/s
--------|----------------------------------------------------------------------------|-------|-------------|-------|-------|-------|-------|--------|-----------
POST     /auth/login                                                                       30     0(0.00%) |    880     722    1896    760 |    0.00        0.00
POST     /auth/update-profile [rapid changes]                                             675     0(0.00%) |    330     275     992    300 |    5.90        0.00
POST     /payment/create-order-marks [spam]                                              1019  986(96.76%) |    313     265     891    280 |    9.40        9.40
POST     /predict/colleges [during marks churn]                                           305     0(0.00%) |    569     265    2155    300 |    3.60        0.00
--------|----------------------------------------------------------------------------|-------|-------------|-------|-------|-------|-------|--------|-----------
         Aggregated                                                                      2029  986(48.60%) |    366     265    2155    290 |   18.90        9.40

Type     Name                                                                          # reqs      # fails |    Avg     Min     Max    Med |   req/s  failures/s
--------|----------------------------------------------------------------------------|-------|-------------|-------|-------|-------|-------|--------|-----------
POST     /auth/login                                                                       30     0(0.00%) |    880     722    1896    760 |    0.00        0.00
POST     /auth/update-profile [rapid changes]                                             686     0(0.00%) |    330     275     992    300 |    6.10        0.00
POST     /payment/create-order-marks [spam]                                              1034 1001(96.81%) |    313     265     891    280 |    9.70        9.70
POST     /predict/colleges [during marks churn]                                           314     0(0.00%) |    560     265    2155    300 |    3.40        0.00
--------|----------------------------------------------------------------------------|-------|-------------|-------|-------|-------|-------|--------|-----------
         Aggregated                                                                      2064 1001(48.50%) |    364     265    2155    290 |   19.20        9.70

Type     Name                                                                          # reqs      # fails |    Avg     Min     Max    Med |   req/s  failures/s
--------|----------------------------------------------------------------------------|-------|-------------|-------|-------|-------|-------|--------|-----------
POST     /auth/login                                                                       30     0(0.00%) |    880     722    1896    760 |    0.00        0.00
POST     /auth/update-profile [rapid changes]                                             695     0(0.00%) |    330     275     992    300 |    5.70        0.00
POST     /payment/create-order-marks [spam]                                              1057 1024(96.88%) |    313     265     891    280 |    9.80        9.80
POST     /predict/colleges [during marks churn]                                           318     0(0.00%) |    558     265    2155    300 |    3.60        0.00
--------|----------------------------------------------------------------------------|-------|-------------|-------|-------|-------|-------|--------|-----------
         Aggregated                                                                      2100 1024(48.76%) |    364     265    2155    290 |   19.10        9.80

Type     Name                                                                          # reqs      # fails |    Avg     Min     Max    Med |   req/s  failures/s
--------|----------------------------------------------------------------------------|-------|-------------|-------|-------|-------|-------|--------|-----------
POST     /auth/login                                                                       30     0(0.00%) |    880     722    1896    760 |    0.00        0.00
POST     /auth/update-profile [rapid changes]                                             703     0(0.00%) |    330     275     992    300 |    5.20        0.00
POST     /payment/create-order-marks [spam]                                              1084 1051(96.96%) |    313     265     891    280 |    9.60        9.60
POST     /predict/colleges [during marks churn]                                           322     0(0.00%) |    555     265    2155    300 |    4.10        0.00
--------|----------------------------------------------------------------------------|-------|-------------|-------|-------|-------|-------|--------|-----------
         Aggregated                                                                      2139 1051(49.14%) |    363     265    2155    290 |   18.90        9.60

Type     Name                                                                          # reqs      # fails |    Avg     Min     Max    Med |   req/s  failures/s
--------|----------------------------------------------------------------------------|-------|-------------|-------|-------|-------|-------|--------|-----------
POST     /auth/login                                                                       30     0(0.00%) |    880     722    1896    760 |    0.00        0.00
POST     /auth/update-profile [rapid changes]                                             717     0(0.00%) |    329     275     992    300 |    5.20        0.00
POST     /payment/create-order-marks [spam]                                              1108 1075(97.02%) |    312     265     891    280 |   10.20       10.20
POST     /predict/colleges [during marks churn]                                           324     0(0.00%) |    553     265    2155    290 |    3.30        0.00
--------|----------------------------------------------------------------------------|-------|-------------|-------|-------|-------|-------|--------|-----------
         Aggregated                                                                      2179 1075(49.33%) |    362     265    2155    290 |   18.70       10.20

Type     Name                                                                          # reqs      # fails |    Avg     Min     Max    Med |   req/s  failures/s
--------|----------------------------------------------------------------------------|-------|-------------|-------|-------|-------|-------|--------|-----------
POST     /auth/login                                                                       30     0(0.00%) |    880     722    1896    760 |    0.00        0.00
POST     /auth/update-profile [rapid changes]                                             729     0(0.00%) |    329     275     992    300 |    5.00        0.00
POST     /payment/create-order-marks [spam]                                              1127 1094(97.07%) |    312     265     891    280 |   11.40       11.40
POST     /predict/colleges [during marks churn]                                           332     0(0.00%) |    547     265    2155    290 |    2.80        0.00
--------|----------------------------------------------------------------------------|-------|-------------|-------|-------|-------|-------|--------|-----------
         Aggregated                                                                      2218 1094(49.32%) |    360     265    2155    290 |   19.20       11.40

Type     Name                                                                          # reqs      # fails |    Avg     Min     Max    Med |   req/s  failures/s
--------|----------------------------------------------------------------------------|-------|-------------|-------|-------|-------|-------|--------|-----------
POST     /auth/login                                                                       30     0(0.00%) |    880     722    1896    760 |    0.00        0.00
POST     /auth/update-profile [rapid changes]                                             739     0(0.00%) |    328     275     992    300 |    5.40        0.00
POST     /payment/create-order-marks [spam]                                              1149 1116(97.13%) |    311     265     891    280 |   11.20       11.20
POST     /predict/colleges [during marks churn]                                           338     0(0.00%) |    542     265    2155    290 |    2.70        0.00
--------|----------------------------------------------------------------------------|-------|-------------|-------|-------|-------|-------|--------|-----------
         Aggregated                                                                      2256 1116(49.47%) |    359     265    2155    290 |   19.30       11.20

Type     Name                                                                          # reqs      # fails |    Avg     Min     Max    Med |   req/s  failures/s
--------|----------------------------------------------------------------------------|-------|-------------|-------|-------|-------|-------|--------|-----------
POST     /auth/login                                                                       30     0(0.00%) |    880     722    1896    760 |    0.00        0.00
POST     /auth/update-profile [rapid changes]                                             754     0(0.00%) |    328     275     992    300 |    5.40        0.00
POST     /payment/create-order-marks [spam]                                              1163 1130(97.16%) |    311     265     891    280 |   11.20       11.20
POST     /predict/colleges [during marks churn]                                           348     0(0.00%) |    535     265    2155    290 |    2.50        0.00
--------|----------------------------------------------------------------------------|-------|-------------|-------|-------|-------|-------|--------|-----------
         Aggregated                                                                      2295 1130(49.24%) |    358     265    2155    290 |   19.10       11.20

Type     Name                                                                          # reqs      # fails |    Avg     Min     Max    Med |   req/s  failures/s
--------|----------------------------------------------------------------------------|-------|-------------|-------|-------|-------|-------|--------|-----------
POST     /auth/login                                                                       30     0(0.00%) |    880     722    1896    760 |    0.00        0.00
POST     /auth/update-profile [rapid changes]                                             764     0(0.00%) |    328     275     992    300 |    5.50        0.00
POST     /payment/create-order-marks [spam]                                              1184 1151(97.21%) |    311     265     891    280 |   11.10       11.10
POST     /predict/colleges [during marks churn]                                           353     0(0.00%) |    531     265    2155    290 |    2.40        0.00
--------|----------------------------------------------------------------------------|-------|-------------|-------|-------|-------|-------|--------|-----------
         Aggregated                                                                      2331 1151(49.38%) |    357     265    2155    290 |   19.00       11.10

Type     Name                                                                          # reqs      # fails |    Avg     Min     Max    Med |   req/s  failures/s
--------|----------------------------------------------------------------------------|-------|-------------|-------|-------|-------|-------|--------|-----------
POST     /auth/login                                                                       30     0(0.00%) |    880     722    1896    760 |    0.00        0.00
POST     /auth/update-profile [rapid changes]                                             775     0(0.00%) |    327     275     992    300 |    5.80        0.00
POST     /payment/create-order-marks [spam]                                              1201 1168(97.25%) |    310     265     891    280 |   10.60       10.60
POST     /predict/colleges [during marks churn]                                           362     0(0.00%) |    525     265    2155    290 |    3.00        0.00
--------|----------------------------------------------------------------------------|-------|-------------|-------|-------|-------|-------|--------|-----------
         Aggregated                                                                      2368 1168(49.32%) |    356     265    2155    290 |   19.40       10.60

Type     Name                                                                          # reqs      # fails |    Avg     Min     Max    Med |   req/s  failures/s
--------|----------------------------------------------------------------------------|-------|-------------|-------|-------|-------|-------|--------|-----------
POST     /auth/login                                                                       30     0(0.00%) |    880     722    1896    760 |    0.00        0.00
POST     /auth/update-profile [rapid changes]                                             784     0(0.00%) |    327     275     992    300 |    5.90        0.00
POST     /payment/create-order-marks [spam]                                              1224 1191(97.30%) |    310     265     891    280 |    9.70        9.70
POST     /predict/colleges [during marks churn]                                           369     0(0.00%) |    521     265    2155    290 |    3.50        0.00
--------|----------------------------------------------------------------------------|-------|-------------|-------|-------|-------|-------|--------|-----------
         Aggregated                                                                      2407 1191(49.48%) |    355     265    2155    290 |   19.10        9.70

Type     Name                                                                          # reqs      # fails |    Avg     Min     Max    Med |   req/s  failures/s
--------|----------------------------------------------------------------------------|-------|-------------|-------|-------|-------|-------|--------|-----------
POST     /auth/login                                                                       30     0(0.00%) |    880     722    1896    760 |    0.00        0.00
POST     /auth/update-profile [rapid changes]                                             794     0(0.00%) |    327     275     992    300 |    5.30        0.00
POST     /payment/create-order-marks [spam]                                              1250 1217(97.36%) |    310     265     891    280 |    9.80        9.80
POST     /predict/colleges [during marks churn]                                           375     0(0.00%) |    517     265    2155    290 |    3.90        0.00
--------|----------------------------------------------------------------------------|-------|-------------|-------|-------|-------|-------|--------|-----------
         Aggregated                                                                      2449 1217(49.69%) |    354     265    2155    290 |   19.00        9.80

Type     Name                                                                          # reqs      # fails |    Avg     Min     Max    Med |   req/s  failures/s
--------|----------------------------------------------------------------------------|-------|-------------|-------|-------|-------|-------|--------|-----------
POST     /auth/login                                                                       30     0(0.00%) |    880     722    1896    760 |    0.00        0.00
POST     /auth/update-profile [rapid changes]                                             805     0(0.00%) |    327     275     992    300 |    5.40        0.00
POST     /payment/create-order-marks [spam]                                              1270 1237(97.40%) |    310     265     891    280 |    9.90        9.90
POST     /predict/colleges [during marks churn]                                           381     0(0.00%) |    514     265    2155    290 |    3.50        0.00
--------|----------------------------------------------------------------------------|-------|-------------|-------|-------|-------|-------|--------|-----------
         Aggregated                                                                      2486 1237(49.76%) |    354     265    2155    290 |   18.80        9.90

Type     Name                                                                          # reqs      # fails |    Avg     Min     Max    Med |   req/s  failures/s
--------|----------------------------------------------------------------------------|-------|-------------|-------|-------|-------|-------|--------|-----------
POST     /auth/login                                                                       30     0(0.00%) |    880     722    1896    760 |    0.00        0.00
POST     /auth/update-profile [rapid changes]                                             817     0(0.00%) |    327     275     992    300 |    5.10        0.00
POST     /payment/create-order-marks [spam]                                              1288 1255(97.44%) |    310     265     891    280 |   10.70       10.70
POST     /predict/colleges [during marks churn]                                           388     0(0.00%) |    510     265    2155    290 |    3.30        0.00
--------|----------------------------------------------------------------------------|-------|-------------|-------|-------|-------|-------|--------|-----------
         Aggregated                                                                      2523 1255(49.74%) |    353     265    2155    290 |   19.10       10.70

Type     Name                                                                          # reqs      # fails |    Avg     Min     Max    Med |   req/s  failures/s
--------|----------------------------------------------------------------------------|-------|-------------|-------|-------|-------|-------|--------|-----------
POST     /auth/login                                                                       30     0(0.00%) |    880     722    1896    760 |    0.00        0.00
POST     /auth/update-profile [rapid changes]                                             825     0(0.00%) |    327     275     992    300 |    5.30        0.00
POST     /payment/create-order-marks [spam]                                              1317 1284(97.49%) |    309     264     891    280 |   10.30       10.30
POST     /predict/colleges [during marks churn]                                           392     0(0.00%) |    508     265    2155    290 |    3.50        0.00
--------|----------------------------------------------------------------------------|-------|-------------|-------|-------|-------|-------|--------|-----------
         Aggregated                                                                      2564 1284(50.08%) |    352     264    2155    290 |   19.10       10.30

Type     Name                                                                          # reqs      # fails |    Avg     Min     Max    Med |   req/s  failures/s
--------|----------------------------------------------------------------------------|-------|-------------|-------|-------|-------|-------|--------|-----------
POST     /auth/login                                                                       30     0(0.00%) |    880     722    1896    760 |    0.00        0.00
POST     /auth/update-profile [rapid changes]                                             840     0(0.00%) |    326     275     992    300 |    5.20        0.00
POST     /payment/create-order-marks [spam]                                              1332 1299(97.52%) |    309     264     891    280 |   10.90       10.90
POST     /predict/colleges [during marks churn]                                           397     0(0.00%) |    505     265    2155    290 |    3.40        0.00
--------|----------------------------------------------------------------------------|-------|-------------|-------|-------|-------|-------|--------|-----------
         Aggregated                                                                      2599 1299(49.98%) |    351     264    2155    290 |   19.50       10.90

Type     Name                                                                          # reqs      # fails |    Avg     Min     Max    Med |   req/s  failures/s
--------|----------------------------------------------------------------------------|-------|-------------|-------|-------|-------|-------|--------|-----------
POST     /auth/login                                                                       30     0(0.00%) |    880     722    1896    760 |    0.00        0.00
POST     /auth/update-profile [rapid changes]                                             859     0(0.00%) |    327     275     992    300 |    5.60        0.00
POST     /payment/create-order-marks [spam]                                              1350 1317(97.56%) |    309     264     891    280 |   11.10       11.10
POST     /predict/colleges [during marks churn]                                           402     0(0.00%) |    502     265    2155    290 |    2.90        0.00
--------|----------------------------------------------------------------------------|-------|-------------|-------|-------|-------|-------|--------|-----------
         Aggregated                                                                      2641 1317(49.87%) |    350     264    2155    290 |   19.60       11.10

Type     Name                                                                          # reqs      # fails |    Avg     Min     Max    Med |   req/s  failures/s
--------|----------------------------------------------------------------------------|-------|-------------|-------|-------|-------|-------|--------|-----------
POST     /auth/login                                                                       30     0(0.00%) |    880     722    1896    760 |    0.00        0.00
POST     /auth/update-profile [rapid changes]                                             867     0(0.00%) |    326     275     992    300 |    6.50        0.00
POST     /payment/create-order-marks [spam]                                              1376 1343(97.60%) |    308     264     891    280 |   10.00       10.00
POST     /predict/colleges [during marks churn]                                           407     0(0.00%) |    500     265    2155    290 |    2.70        0.00
--------|----------------------------------------------------------------------------|-------|-------------|-------|-------|-------|-------|--------|-----------
         Aggregated                                                                      2680 1343(50.11%) |    350     264    2155    290 |   19.20       10.00

Type     Name                                                                          # reqs      # fails |    Avg     Min     Max    Med |   req/s  failures/s
--------|----------------------------------------------------------------------------|-------|-------------|-------|-------|-------|-------|--------|-----------
POST     /auth/login                                                                       30     0(0.00%) |    880     722    1896    760 |    0.00        0.00
POST     /auth/update-profile [rapid changes]                                             880     0(0.00%) |    326     275     992    300 |    6.20        0.00
POST     /payment/create-order-marks [spam]                                              1396 1363(97.64%) |    308     264     891    280 |   10.60       10.60
POST     /predict/colleges [during marks churn]                                           414     0(0.00%) |    496     265    2155    290 |    2.50        0.00
--------|----------------------------------------------------------------------------|-------|-------------|-------|-------|-------|-------|--------|-----------
         Aggregated                                                                      2720 1363(50.11%) |    349     264    2155    290 |   19.30       10.60

Type     Name                                                                          # reqs      # fails |    Avg     Min     Max    Med |   req/s  failures/s
--------|----------------------------------------------------------------------------|-------|-------------|-------|-------|-------|-------|--------|-----------
POST     /auth/login                                                                       30     0(0.00%) |    880     722    1896    760 |    0.00        0.00
POST     /auth/update-profile [rapid changes]                                             890     0(0.00%) |    325     275     992    300 |    6.30        0.00
POST     /payment/create-order-marks [spam]                                              1417 1384(97.67%) |    308     264     891    280 |   10.70       10.70
POST     /predict/colleges [during marks churn]                                           422     0(0.00%) |    492     265    2155    290 |    2.60        0.00
--------|----------------------------------------------------------------------------|-------|-------------|-------|-------|-------|-------|--------|-----------
         Aggregated                                                                      2759 1384(50.16%) |    348     264    2155    290 |   19.60       10.70

Type     Name                                                                          # reqs      # fails |    Avg     Min     Max    Med |   req/s  failures/s
--------|----------------------------------------------------------------------------|-------|-------------|-------|-------|-------|-------|--------|-----------
POST     /auth/login                                                                       30     0(0.00%) |    880     722    1896    760 |    0.00        0.00
POST     /auth/update-profile [rapid changes]                                             900     0(0.00%) |    325     275     992    300 |    6.50        0.00
POST     /payment/create-order-marks [spam]                                              1433 1400(97.70%) |    307     264     891    280 |    9.90        9.90
POST     /predict/colleges [during marks churn]                                           429     0(0.00%) |    489     265    2155    290 |    3.10        0.00
--------|----------------------------------------------------------------------------|-------|-------------|-------|-------|-------|-------|--------|-----------
         Aggregated                                                                      2792 1400(50.14%) |    347     264    2155    290 |   19.50        9.90

Type     Name                                                                          # reqs      # fails |    Avg     Min     Max    Med |   req/s  failures/s
--------|----------------------------------------------------------------------------|-------|-------------|-------|-------|-------|-------|--------|-----------
POST     /auth/login                                                                       30     0(0.00%) |    880     722    1896    760 |    0.00        0.00
POST     /auth/update-profile [rapid changes]                                             920     0(0.00%) |    325     275     992    300 |    5.90        0.00
POST     /payment/create-order-marks [spam]                                              1447 1414(97.72%) |    307     264     891    280 |   10.00       10.00
POST     /predict/colleges [during marks churn]                                           436     0(0.00%) |    485     265    2155    290 |    3.10        0.00
--------|----------------------------------------------------------------------------|-------|-------------|-------|-------|-------|-------|--------|-----------
         Aggregated                                                                      2833 1414(49.91%) |    346     264    2155    290 |   19.00       10.00

Type     Name                                                                          # reqs      # fails |    Avg     Min     Max    Med |   req/s  failures/s
--------|----------------------------------------------------------------------------|-------|-------------|-------|-------|-------|-------|--------|-----------
POST     /auth/login                                                                       30     0(0.00%) |    880     722    1896    760 |    0.00        0.00
POST     /auth/update-profile [rapid changes]                                             930     0(0.00%) |    325     275     992    300 |    5.90        0.00
POST     /payment/create-order-marks [spam]                                              1468 1435(97.75%) |    307     264     891    280 |    9.70        9.70
POST     /predict/colleges [during marks churn]                                           441     0(0.00%) |    484     265    2155    290 |    3.40        0.00
--------|----------------------------------------------------------------------------|-------|-------------|-------|-------|-------|-------|--------|-----------
         Aggregated                                                                      2869 1435(50.02%) |    346     264    2155    290 |   19.00        9.70

Type     Name                                                                          # reqs      # fails |    Avg     Min     Max    Med |   req/s  failures/s
--------|----------------------------------------------------------------------------|-------|-------------|-------|-------|-------|-------|--------|-----------
POST     /auth/login                                                                       30     0(0.00%) |    880     722    1896    760 |    0.00        0.00
POST     /auth/update-profile [rapid changes]                                             940     0(0.00%) |    325     275     992    300 |    6.10        0.00
POST     /payment/create-order-marks [spam]                                              1487 1454(97.78%) |    308     264     891    280 |    9.10        9.10
POST     /predict/colleges [during marks churn]                                           452     0(0.00%) |    480     265    2155    290 |    3.40        0.00
--------|----------------------------------------------------------------------------|-------|-------------|-------|-------|-------|-------|--------|-----------
         Aggregated                                                                      2909 1454(49.98%) |    346     264    2155    290 |   18.60        9.10

Type     Name                                                                          # reqs      # fails |    Avg     Min     Max    Med |   req/s  failures/s
--------|----------------------------------------------------------------------------|-------|-------------|-------|-------|-------|-------|--------|-----------
POST     /auth/login                                                                       30     0(0.00%) |    880     722    1896    760 |    0.00        0.00
POST     /auth/update-profile [rapid changes]                                             946     0(0.00%) |    325     275     992    300 |    5.70        0.00
POST     /payment/create-order-marks [spam]                                              1514 1481(97.82%) |    308     264     891    280 |    9.20        9.20
POST     /predict/colleges [during marks churn]                                           456     0(0.00%) |    478     265    2155    290 |    3.80        0.00
--------|----------------------------------------------------------------------------|-------|-------------|-------|-------|-------|-------|--------|-----------
         Aggregated                                                                      2946 1481(50.27%) |    345     264    2155    290 |   18.70        9.20

Type     Name                                                                          # reqs      # fails |    Avg     Min     Max    Med |   req/s  failures/s
--------|----------------------------------------------------------------------------|-------|-------------|-------|-------|-------|-------|--------|-----------
POST     /auth/login                                                                       30     0(0.00%) |    880     722    1896    760 |    0.00        0.00
POST     /auth/update-profile [rapid changes]                                             957     0(0.00%) |    327     275     992    300 |    5.80        0.00
POST     /payment/create-order-marks [spam]                                              1533 1500(97.85%) |    311     264    1157    280 |    9.10        9.10
POST     /predict/colleges [during marks churn]                                           462     0(0.00%) |    479     265    2155    290 |    3.70        0.00
--------|----------------------------------------------------------------------------|-------|-------------|-------|-------|-------|-------|--------|-----------
         Aggregated                                                                      2982 1500(50.30%) |    348     264    2155    290 |   18.60        9.10

Type     Name                                                                          # reqs      # fails |    Avg     Min     Max    Med |   req/s  failures/s
--------|----------------------------------------------------------------------------|-------|-------------|-------|-------|-------|-------|--------|-----------
POST     /auth/login                                                                       30     0(0.00%) |    880     722    1896    760 |    0.00        0.00
POST     /auth/update-profile [rapid changes]                                             964     0(0.00%) |    327     275     992    300 |    5.60        0.00
POST     /payment/create-order-marks [spam]                                              1538 1505(97.85%) |    312     264    1157    280 |    9.60        9.60
POST     /predict/colleges [during marks churn]                                           465     0(0.00%) |    478     265    2155    290 |    3.40        0.00
--------|----------------------------------------------------------------------------|-------|-------------|-------|-------|-------|-------|--------|-----------
         Aggregated                                                                      2997 1505(50.22%) |    348     264    2155    290 |   18.60        9.60

Type     Name                                                                          # reqs      # fails |    Avg     Min     Max    Med |   req/s  failures/s
--------|----------------------------------------------------------------------------|-------|-------------|-------|-------|-------|-------|--------|-----------
POST     /auth/login                                                                       30     0(0.00%) |    880     722    1896    760 |    0.00        0.00
POST     /auth/update-profile [rapid changes]                                             976     0(0.00%) |    338     275    1866    300 |    4.60        0.00
POST     /payment/create-order-marks [spam]                                              1554 1521(97.88%) |    320     264    1746    280 |    9.10        9.10
POST     /predict/colleges [during marks churn]                                           472     0(0.00%) |    488     265    2155    290 |    2.90        0.00
--------|----------------------------------------------------------------------------|-------|-------------|-------|-------|-------|-------|--------|-----------
         Aggregated                                                                      3032 1521(50.16%) |    357     264    2155    290 |   16.60        9.10

Type     Name                                                                          # reqs      # fails |    Avg     Min     Max    Med |   req/s  failures/s
--------|----------------------------------------------------------------------------|-------|-------------|-------|-------|-------|-------|--------|-----------
POST     /auth/login                                                                       30     0(0.00%) |    880     722    1896    760 |    0.00        0.00
POST     /auth/update-profile [rapid changes]                                             992     0(0.00%) |    341     275    1866    300 |    4.80        0.00
POST     /payment/create-order-marks [spam]                                              1578 1545(97.91%) |    321     264    1746    280 |    8.60        8.60
POST     /predict/colleges [during marks churn]                                           480     0(0.00%) |    487     265    2155    290 |    3.20        0.00
--------|----------------------------------------------------------------------------|-------|-------------|-------|-------|-------|-------|--------|-----------
         Aggregated                                                                      3080 1545(50.16%) |    359     264    2155    290 |   16.60        8.60

Type     Name                                                                          # reqs      # fails |    Avg     Min     Max    Med |   req/s  failures/s
--------|----------------------------------------------------------------------------|-------|-------------|-------|-------|-------|-------|--------|-----------
POST     /auth/login                                                                       30     0(0.00%) |    880     722    1896    760 |    0.00        0.00
POST     /auth/update-profile [rapid changes]                                            1006     0(0.00%) |    341     275    1866    300 |    4.80        0.00
POST     /payment/create-order-marks [spam]                                              1592 1559(97.93%) |    321     264    1746    280 |    8.60        8.60
POST     /predict/colleges [during marks churn]                                           484     0(0.00%) |    486     265    2155    290 |    2.60        0.00
--------|----------------------------------------------------------------------------|-------|-------------|-------|-------|-------|-------|--------|-----------
         Aggregated                                                                      3112 1559(50.10%) |    358     264    2155    290 |   16.00        8.60

Type     Name                                                                          # reqs      # fails |    Avg     Min     Max    Med |   req/s  failures/s
--------|----------------------------------------------------------------------------|-------|-------------|-------|-------|-------|-------|--------|-----------
POST     /auth/login                                                                       30     0(0.00%) |    880     722    1896    760 |    0.00        0.00
POST     /auth/update-profile [rapid changes]                                            1023     0(0.00%) |    341     275    1866    300 |    5.80        0.00
POST     /payment/create-order-marks [spam]                                              1609 1576(97.95%) |    321     264    1746    280 |    7.80        7.80
POST     /predict/colleges [during marks churn]                                           486     0(0.00%) |    485     265    2155    290 |    2.80        0.00
--------|----------------------------------------------------------------------------|-------|-------------|-------|-------|-------|-------|--------|-----------
         Aggregated                                                                      3148 1576(50.06%) |    358     264    2155    290 |   16.40        7.80

Type     Name                                                                          # reqs      # fails |    Avg     Min     Max    Med |   req/s  failures/s
--------|----------------------------------------------------------------------------|-------|-------------|-------|-------|-------|-------|--------|-----------
POST     /auth/login                                                                       30     0(0.00%) |    880     722    1896    760 |    0.00        0.00
POST     /auth/update-profile [rapid changes]                                            1038     0(0.00%) |    345     275    1866    300 |    6.60        0.00
POST     /payment/create-order-marks [spam]                                              1629 1596(97.97%) |    324     264    1746    280 |    7.50        7.50
POST     /predict/colleges [during marks churn]                                           489     0(0.00%) |    484     265    2155    290 |    2.40        0.00
--------|----------------------------------------------------------------------------|-------|-------------|-------|-------|-------|-------|--------|-----------
         Aggregated                                                                      3186 1596(50.09%) |    360     264    2155    290 |   16.50        7.50

Type     Name                                                                          # reqs      # fails |    Avg     Min     Max    Med |   req/s  failures/s
--------|----------------------------------------------------------------------------|-------|-------------|-------|-------|-------|-------|--------|-----------
POST     /auth/login                                                                       30     0(0.00%) |    880     722    1896    760 |    0.00        0.00
POST     /auth/update-profile [rapid changes]                                            1057     0(0.00%) |    344     275    1866    300 |    7.30        0.00
POST     /payment/create-order-marks [spam]                                              1650 1617(98.00%) |    324     264    1746    280 |    8.90        8.90
POST     /predict/colleges [during marks churn]                                           492     0(0.00%) |    483     265    2155    290 |    2.40        0.00
--------|----------------------------------------------------------------------------|-------|-------------|-------|-------|-------|-------|--------|-----------
         Aggregated                                                                      3229 1617(50.08%) |    360     264    2155    290 |   18.60        8.90

Type     Name                                                                          # reqs      # fails |    Avg     Min     Max    Med |   req/s  failures/s
--------|----------------------------------------------------------------------------|-------|-------------|-------|-------|-------|-------|--------|-----------
POST     /auth/login                                                                       30     0(0.00%) |    880     722    1896    760 |    0.00        0.00
POST     /auth/update-profile [rapid changes]                                            1075     0(0.00%) |    343     275    1866    300 |    8.00        0.00
POST     /payment/create-order-marks [spam]                                              1668 1635(98.02%) |    323     264    1746    280 |    9.60        9.60
POST     /predict/colleges [during marks churn]                                           495     0(0.00%) |    482     265    2155    290 |    1.90        0.00
--------|----------------------------------------------------------------------------|-------|-------------|-------|-------|-------|-------|--------|-----------
         Aggregated                                                                      3268 1635(50.03%) |    359     264    2155    290 |   19.50        9.60

Type     Name                                                                          # reqs      # fails |    Avg     Min     Max    Med |   req/s  failures/s
--------|----------------------------------------------------------------------------|-------|-------------|-------|-------|-------|-------|--------|-----------
POST     /auth/login                                                                       30     0(0.00%) |    880     722    1896    760 |    0.00        0.00
POST     /auth/update-profile [rapid changes]                                            1086     0(0.00%) |    343     275    1866    300 |    8.90        0.00
POST     /payment/create-order-marks [spam]                                              1688 1655(98.05%) |    323     264    1746    280 |    9.30        9.30
POST     /predict/colleges [during marks churn]                                           501     0(0.00%) |    479     265    2155    290 |    1.70        0.00
--------|----------------------------------------------------------------------------|-------|-------------|-------|-------|-------|-------|--------|-----------
         Aggregated                                                                      3305 1655(50.08%) |    358     264    2155    290 |   19.90        9.30

Type     Name                                                                          # reqs      # fails |    Avg     Min     Max    Med |   req/s  failures/s
--------|----------------------------------------------------------------------------|-------|-------------|-------|-------|-------|-------|--------|-----------
POST     /auth/login                                                                       30     0(0.00%) |    880     722    1896    760 |    0.00        0.00
POST     /auth/update-profile [rapid changes]                                            1098     0(0.00%) |    342     275    1866    300 |    8.10        0.00
POST     /payment/create-order-marks [spam]                                              1710 1677(98.07%) |    323     264    1746    280 |    9.40        9.40
POST     /predict/colleges [during marks churn]                                           505     0(0.00%) |    479     265    2155    290 |    1.60        0.00
--------|----------------------------------------------------------------------------|-------|-------------|-------|-------|-------|-------|--------|-----------
         Aggregated                                                                      3343 1677(50.16%) |    358     264    2155    290 |   19.10        9.40

[2026-07-01 21:07:37,721] Zeus/INFO/locust.main: --run-time limit reached, shutting down
[2026-07-01 21:07:38,132] Zeus/INFO/locust.main: Shutting down (exit code 1)
Type     Name                                                                          # reqs      # fails |    Avg     Min     Max    Med |   req/s  failures/s
--------|----------------------------------------------------------------------------|-------|-------------|-------|-------|-------|-------|--------|-----------
POST     /auth/login                                                                       30     0(0.00%) |    880     722    1896    760 |    0.17        0.00
POST     /auth/update-profile [rapid changes]                                            1101     0(0.00%) |    343     275    1866    300 |    6.13        0.00
POST     /payment/create-order-marks [spam]                                              1719 1686(98.08%) |    323     264    1746    280 |    9.57        9.39
POST     /predict/colleges [during marks churn]                                           509     0(0.00%) |    477     265    2155    290 |    2.83        0.00
--------|----------------------------------------------------------------------------|-------|-------------|-------|-------|-------|-------|--------|-----------
         Aggregated                                                                      3359 1686(50.19%) |    358     264    2155    290 |   18.71        9.39

Response time percentiles (approximated)
Type     Name                                                                                  50%    66%    75%    80%    90%    95%    98%    99%  99.9% 99.99%   100% # reqs
--------|--------------------------------------------------------------------------------|--------|------|------|------|------|------|------|------|------|------|------|------
POST     /auth/login                                                                           770    780    850   1000   1400   1400   1900   1900   1900   1900   1900     30
POST     /auth/update-profile [rapid changes]                                                  300    310    330    350    430    520    750    990   1700   1900   1900   1101
POST     /payment/create-order-marks [spam]                                                    280    290    310    330    400    500    670    940   1700   1700   1700   1719
POST     /predict/colleges [during marks churn]                                                290    330    700    760    980   1200   1500   1800   2200   2200   2200    509
--------|--------------------------------------------------------------------------------|--------|------|------|------|------|------|------|------|------|------|------|------
         Aggregated                                                                            290    300    330    350    480    760   1000   1300   1900   2200   2200   3359

Error report
# occurrences      Error                                                                                               
------------------|---------------------------------------------------------------------------------------------------------------------------------------------
1686               POST /payment/create-order-marks [spam]: HTTPError('429 Client Error: Too Many Requests for url: /payment/create-order-marks [spam]')
------------------|---------------------------------------------------------------------------------------------------------------------------------------------

