Timestamp,User Count,Type,Name,Requests/s,Failures/s,50%,66%,75%,80%,90%,95%,98%,99%,99.9%,99.99%,100%,Total Request Count,Total Failure Count,Total Median Response Time,Total Average Response Time,Total Min Response Time,Total Max Response Time,Total Average Content Size
1781968973,0,,Aggregated,0.000000,0.000000,N/A,N/A,N/A,N/A,N/A,N/A,N/A,N/A,N/A,N/A,N/A,0,0,0,0.0,0,0,0
1781968974,50,GET,/predict/colleges-list,0.000000,0.000000,0,0,0,0,0,0,0,0,0,0,0,2,0,452.07429999572923,464.26549999887357,452.07429999572923,476.4567000020179,102062.0
1781968974,50,,Aggregated,0.000000,0.000000,0,0,0,0,0,0,0,0,0,0,0,2,0,452.07429999572923,464.26549999887357,452.07429999572923,476.4567000020179,102062.0
1781968975,100,POST,/auth/login [setup],0.000000,0.000000,0,0,0,0,0,0,0,0,0,0,0,3,0,1130.2634000021499,1192.3084999992473,1130.2634000021499,1314.9307999992743,174.66666666666666
1781968975,100,GET,/predict/colleges-list,0.000000,0.000000,0,0,0,0,0,0,0,0,0,0,0,2,0,452.07429999572923,464.26549999887357,452.07429999572923,476.4567000020179,102062.0
1781968975,100,,Aggregated,0.000000,0.000000,1100,1100,1100,1300,1300,1300,1300,1300,1300,1300,1300,5,0,1100,901.0912999990978,452.07429999572923,1314.9307999992743,40929.6
1781968976,150,POST,/auth/login [setup],0.000000,0.000000,1100,1100,1300,1300,1300,1300,1300,1300,1300,1300,1300,3,0,1130.2634000021499,1192.3084999992473,1130.2634000021499,1314.9307999992743,174.66666666666666
1781968976,150,GET,/predict/colleges-list,0.000000,0.000000,480,480,480,480,480,480,480,480,480,480,480,2,0,452.07429999572923,464.26549999887357,452.07429999572923,476.4567000020179,102062.0
1781968976,150,,Aggregated,0.000000,0.000000,1100,1100,1100,1300,1300,1300,1300,1300,1300,1300,1300,5,0,1100,901.0912999990978,452.07429999572923,1314.9307999992743,40929.6
1781968977,200,POST,/auth/login [setup],1.500000,0.000000,1300,1300,4000,4000,4000,4000,4000,4000,4000,4000,4000,4,0,1130.2634000021499,1898.024575000818,1130.2634000021499,4015.17280000553,174.75
1781968977,200,GET,/predict/colleges-list,1.000000,0.000000,480,480,480,480,480,480,480,480,480,480,480,2,0,452.07429999572923,464.26549999887357,452.07429999572923,476.4567000020179,102062.0
1781968977,200,,Aggregated,2.500000,0.000000,1100,1100,1300,1300,4000,4000,4000,4000,4000,4000,4000,6,0,1100,1420.1048833335033,452.07429999572923,4015.17280000553,34137.166666666664
1781968978,250,POST,/auth/login [setup],1.000000,0.000000,4100,4100,4100,4100,4100,4100,4100,4100,4100,4100,4100,29,0,4100,3792.9401206896855,1130.2634000021499,4120.852200001536,174.55172413793105
1781968978,250,GET,/auth/me,0.000000,0.000000,0,0,0,0,0,0,0,0,0,0,0,1,0,3772.9913000002853,3772.9913000002853,3772.9913000002853,3772.9913000002853,338.0
1781968978,250,GET,/config,0.000000,0.000000,0,0,0,0,0,0,0,0,0,0,0,3,0,2808.9440999974613,2814.6298333328255,2808.9440999974613,2819.513399997959,28.0
1781968978,250,GET,/predict/colleges-list,0.666667,0.000000,480,480,480,480,480,480,480,480,480,480,480,2,0,452.07429999572923,464.26549999887357,452.07429999572923,476.4567000020179,102062.0
1781968978,250,,Aggregated,1.666667,0.000000,4100,4100,4100,4100,4100,4100,4100,4100,4100,4100,4100,35,0,4100,3518.305008571354,452.07429999572923,4120.852200001536,5988.8
1781968979,350,POST,/auth/login [setup],0.750000,0.000000,4100,4100,5100,5200,5400,5400,5400,5400,5400,5400,5400,39,0,4100,4185.755020512517,1130.2634000021499,5428.912200004561,174.56410256410257
1781968979,350,GET,/auth/me,0.000000,0.000000,0,0,0,0,0,0,0,0,0,0,0,1,0,3772.9913000002853,3772.9913000002853,3772.9913000002853,3772.9913000002853,338.0
1781968979,350,GET,/config,0.000000,0.000000,0,0,0,0,0,0,0,0,0,0,0,3,0,2808.9440999974613,2814.6298333328255,2808.9440999974613,2819.513399997959,28.0
1781968979,350,GET,/predict/colleges-list,0.500000,0.000000,480,480,480,480,480,480,480,480,480,480,480,2,0,452.07429999572923,464.26549999887357,452.07429999572923,476.4567000020179,102062.0
1781968979,350,,Aggregated,1.250000,0.000000,4100,4100,4100,5200,5300,5400,5400,5400,5400,5400,5400,45,0,4100,3919.774613332993,452.07429999572923,5428.912200004561,4696.7555555555555
1781968980,400,POST,/auth/login [setup],0.750000,0.000000,4100,4100,5100,5200,5400,5400,5400,5400,5400,5400,5400,39,0,4100,4185.755020512517,1130.2634000021499,5428.912200004561,174.56410256410257
1781968980,400,GET,/auth/me,0.000000,0.000000,3800,3800,3800,3800,3800,3800,3800,3800,3800,3800,3800,1,0,3772.9913000002853,3772.9913000002853,3772.9913000002853,3772.9913000002853,338.0
1781968980,400,GET,/config,0.000000,0.000000,2800,2800,2800,2800,2800,2800,2800,2800,2800,2800,2800,3,0,2808.9440999974613,2814.6298333328255,2808.9440999974613,2819.513399997959,28.0
1781968980,400,GET,/predict/colleges-list,0.500000,0.000000,480,480,480,480,480,480,480,480,480,480,480,2,0,452.07429999572923,464.26549999887357,452.07429999572923,476.4567000020179,102062.0
1781968980,400,,Aggregated,1.250000,0.000000,4100,4100,4100,5200,5300,5400,5400,5400,5400,5400,5400,45,0,4100,3919.774613332993,452.07429999572923,5428.912200004561,4696.7555555555555
1781968981,450,POST,/auth/login [setup],0.750000,0.000000,4100,4100,5100,5200,5400,5400,5400,5400,5400,5400,5400,39,0,4100,4185.755020512517,1130.2634000021499,5428.912200004561,174.56410256410257
1781968981,450,GET,/auth/me,0.000000,0.000000,3800,3800,3800,3800,3800,3800,3800,3800,3800,3800,3800,1,0,3772.9913000002853,3772.9913000002853,3772.9913000002853,3772.9913000002853,338.0
1781968981,450,GET,/config,0.000000,0.000000,2800,2800,2800,2800,2800,2800,2800,2800,2800,2800,2800,3,0,2808.9440999974613,2814.6298333328255,2808.9440999974613,2819.513399997959,28.0
1781968981,450,GET,/predict/colleges-list,0.500000,0.000000,480,480,480,480,480,480,480,480,480,480,480,2,0,452.07429999572923,464.26549999887357,452.07429999572923,476.4567000020179,102062.0
1781968981,450,,Aggregated,1.250000,0.000000,4100,4100,4100,5200,5300,5400,5400,5400,5400,5400,5400,45,0,4100,3919.774613332993,452.07429999572923,5428.912200004561,4696.7555555555555
1781968982,500,POST,/auth/login [setup],5.500000,0.000000,5100,5400,7100,7100,7100,8100,8100,8100,8100,8100,8100,59,0,5100,5254.936761016833,1130.2634000021499,8133.805899997242,174.54237288135593
1781968982,500,GET,/auth/me,0.166667,0.000000,6800,6800,6800,6800,6800,6800,6800,6800,6800,6800,6800,2,0,3800,5296.150050002325,3772.9913000002853,6819.3088000043645,338.5
1781968982,500,GET,/config,0.500000,0.000000,2800,4100,4100,4200,4200,4200,4200,4200,4200,4200,4200,5,0,2808.9440999974613,3355.995840000105,2808.9440999974613,4220.914600002288,28.0
1781968982,500,POST,/payment/create-order,0.000000,0.000000,0,0,0,0,0,0,0,0,0,0,0,1,0,7007.212700002128,7007.212700002128,7007.212700002128,7007.212700002128,181.0
1781968982,500,GET,/predict/colleges-list,0.333333,0.000000,480,480,4200,4200,4200,4200,4200,4200,4200,4200,4200,3,0,480,1699.2404999982682,452.07429999572923,4169.1904999970575,102062.0
1781968982,500,,Aggregated,6.500000,0.000000,4100,5400,7100,7100,7100,8100,8100,8100,8100,8100,8100,70,0,4100,4993.12117714279,452.07429999572923,8133.805899997242,4535.457142857143
1781968983,550,POST,/auth/login [setup],4.875000,0.000000,5400,7100,8100,9000,9000,9000,9000,9100,9100,9100,9100,77,0,5400,6138.887599999971,1130.2634000021499,9061.636700003874,174.5194805194805
1781968983,550,GET,/auth/me,0.125000,0.000000,6800,6800,6800,6800,6800,6800,6800,6800,6800,6800,6800,2,0,3800,5296.150050002325,3772.9913000002853,6819.3088000043645,338.5
1781968983,550,GET,/config,0.375000,0.000000,2800,4100,4100,4200,4200,4200,4200,4200,4200,4200,4200,5,0,2808.9440999974613,3355.995840000105,2808.9440999974613,4220.914600002288,28.0
1781968983,550,POST,/payment/create-order,0.000000,0.000000,7000,7000,7000,7000,7000,7000,7000,7000,7000,7000,7000,1,0,7007.212700002128,7007.212700002128,7007.212700002128,7007.212700002128,181.0
1781968983,550,GET,/predict/colleges-list,0.250000,0.000000,480,480,4200,4200,4200,4200,4200,4200,4200,4200,4200,3,0,480,1699.2404999982682,452.07429999572923,4169.1904999970575,102062.0
1781968983,550,,Aggregated,5.625000,0.000000,5400,7100,8100,9000,9000,9000,9000,9100,9100,9100,9100,88,0,5300,5820.131348863635,452.07429999572923,9061.636700003874,3643.431818181818
1781968984,600,POST,/auth/login [setup],4.875000,0.000000,5400,7100,8100,9000,9000,9000,9000,9100,9100,9100,9100,77,0,5400,6138.887599999971,1130.2634000021499,9061.636700003874,174.5194805194805
1781968984,600,GET,/auth/me,0.125000,0.000000,6800,6800,6800,6800,6800,6800,6800,6800,6800,6800,6800,2,0,3800,5296.150050002325,3772.9913000002853,6819.3088000043645,338.5
1781968984,600,GET,/config,0.375000,0.000000,2800,4100,4100,4200,4200,4200,4200,4200,4200,4200,4200,5,0,2808.9440999974613,3355.995840000105,2808.9440999974613,4220.914600002288,28.0
1781968984,600,POST,/payment/create-order,0.000000,0.000000,7000,7000,7000,7000,7000,7000,7000,7000,7000,7000,7000,1,0,7007.212700002128,7007.212700002128,7007.212700002128,7007.212700002128,181.0
1781968984,600,GET,/predict/colleges-list,0.250000,0.000000,480,480,4200,4200,4200,4200,4200,4200,4200,4200,4200,3,0,480,1699.2404999982682,452.07429999572923,4169.1904999970575,102062.0
1781968984,600,,Aggregated,5.625000,0.000000,5400,7100,8100,9000,9000,9000,9000,9100,9100,9100,9100,88,0,5300,5820.131348863635,452.07429999572923,9061.636700003874,3643.431818181818
1781968985,650,POST,/auth/login [setup],4.875000,0.000000,5400,7100,8100,9000,9000,9000,9000,9100,9100,9100,9100,77,0,5400,6138.887599999971,1130.2634000021499,9061.636700003874,174.5194805194805
1781968985,650,GET,/auth/me,0.125000,0.000000,6800,6800,6800,6800,6800,6800,6800,6800,6800,6800,6800,2,0,3800,5296.150050002325,3772.9913000002853,6819.3088000043645,338.5
1781968985,650,GET,/config,0.375000,0.000000,2800,4100,4100,4200,4200,4200,4200,4200,4200,4200,4200,5,0,2808.9440999974613,3355.995840000105,2808.9440999974613,4220.914600002288,28.0
1781968985,650,POST,/payment/create-order,0.000000,0.000000,7000,7000,7000,7000,7000,7000,7000,7000,7000,7000,7000,1,0,7007.212700002128,7007.212700002128,7007.212700002128,7007.212700002128,181.0
1781968985,650,GET,/predict/colleges-list,0.250000,0.000000,480,480,4200,4200,4200,4200,4200,4200,4200,4200,4200,3,0,480,1699.2404999982682,452.07429999572923,4169.1904999970575,102062.0
1781968985,650,,Aggregated,5.625000,0.000000,5400,7100,8100,9000,9000,9000,9000,9100,9100,9100,9100,88,0,5300,5820.131348863635,452.07429999572923,9061.636700003874,3643.431818181818
1781968986,700,POST,/auth/login [setup],4.875000,0.000000,7100,7100,8100,9000,9000,9000,9000,9100,9100,9100,9100,77,0,5400,6138.887599999971,1130.2634000021499,9061.636700003874,174.5194805194805
1781968986,700,GET,/auth/me,0.125000,0.000000,6800,6800,6800,6800,6800,6800,6800,6800,6800,6800,6800,2,0,3800,5296.150050002325,3772.9913000002853,6819.3088000043645,338.5
1781968986,700,GET,/config,0.375000,0.000000,2800,4100,4100,4200,4200,4200,4200,4200,4200,4200,4200,5,0,2808.9440999974613,3355.995840000105,2808.9440999974613,4220.914600002288,28.0
1781968986,700,POST,/payment/create-order,0.000000,0.000000,7000,7000,7000,7000,7000,7000,7000,7000,7000,7000,7000,1,0,7007.212700002128,7007.212700002128,7007.212700002128,7007.212700002128,181.0
1781968986,700,GET,/predict/colleges-list,0.250000,0.000000,480,480,4200,4200,4200,4200,4200,4200,4200,4200,4200,3,0,480,1699.2404999982682,452.07429999572923,4169.1904999970575,102062.0
1781968986,700,,Aggregated,5.625000,0.000000,5400,7100,8100,9000,9000,9000,9000,9100,9100,9100,9100,88,0,5300,5820.131348863635,452.07429999572923,9061.636700003874,3643.431818181818
1781968987,750,POST,/auth/login [setup],7.400000,0.000000,9000,9000,12000,12000,13000,13000,13000,13000,13000,13000,13000,95,0,7100,7311.929179999997,1130.2634000021499,12973.584100000153,174.54736842105262
1781968987,750,GET,/auth/me,0.200000,0.000000,6800,6800,6800,6800,6800,6800,6800,6800,6800,6800,6800,2,0,3800,5296.150050002325,3772.9913000002853,6819.3088000043645,338.5
1781968987,750,GET,/config,0.500000,0.000000,2800,4100,4100,4200,4200,4200,4200,4200,4200,4200,4200,5,0,2808.9440999974613,3355.995840000105,2808.9440999974613,4220.914600002288,28.0
1781968987,750,POST,/payment/create-order,0.100000,0.000000,7000,7000,7000,7000,7000,7000,7000,7000,7000,7000,7000,1,0,7007.212700002128,7007.212700002128,7007.212700002128,7007.212700002128,181.0
1781968987,750,GET,/predict/colleges-list,0.100000,0.000000,480,480,4200,4200,4200,4200,4200,4200,4200,4200,4200,3,0,480,1699.2404999982682,452.07429999572923,4169.1904999970575,102062.0
1781968987,750,,Aggregated,8.300000,0.000000,8100,9000,9100,12000,13000,13000,13000,13000,13000,13000,13000,106,0,7100,6925.570618867942,452.07429999572923,12973.584100000153,3054.396226415094
1781968988,800,POST,/auth/login [setup],7.400000,0.000000,9000,12000,13000,13000,13000,13000,13000,13000,13000,13000,13000,114,0,8100,8213.965875438651,1130.2634000021499,13253.732900004252,174.5438596491228
1781968988,800,GET,/auth/me,0.200000,0.000000,6800,6800,6800,6800,6800,6800,6800,6800,6800,6800,6800,2,0,3800,5296.150050002325,3772.9913000002853,6819.3088000043645,338.5
1781968988,800,GET,/config,0.500000,0.000000,2800,4100,4100,4200,4200,4200,4200,4200,4200,4200,4200,5,0,2808.9440999974613,3355.995840000105,2808.9440999974613,4220.914600002288,28.0
1781968988,800,POST,/payment/create-order,0.100000,0.000000,7000,7000,7000,7000,7000,7000,7000,7000,7000,7000,7000,1,0,7007.212700002128,7007.212700002128,7007.212700002128,7007.212700002128,181.0
1781968988,800,GET,/predict/colleges-list,0.100000,0.000000,4200,4200,4200,4200,4200,4200,4200,4200,4200,4200,4200,3,0,480,1699.2404999982682,452.07429999572923,4169.1904999970575,102062.0
1781968988,800,,Aggregated,8.300000,0.000000,9000,12000,13000,13000,13000,13000,13000,13000,13000,13000,13000,125,0,7100,7806.9545864000675,452.07429999572923,13253.732900004252,2616.656
1781968989,850,POST,/auth/login [setup],7.400000,0.000000,9000,12000,13000,13000,13000,13000,13000,13000,13000,13000,13000,114,0,8100,8213.965875438651,1130.2634000021499,13253.732900004252,174.5438596491228
1781968989,850,GET,/auth/me,0.200000,0.000000,6800,6800,6800,6800,6800,6800,6800,6800,6800,6800,6800,2,0,3800,5296.150050002325,3772.9913000002853,6819.3088000043645,338.5
1781968989,850,GET,/config,0.500000,0.000000,2800,4100,4100,4200,4200,4200,4200,4200,4200,4200,4200,5,0,2808.9440999974613,3355.995840000105,2808.9440999974613,4220.914600002288,28.0
1781968989,850,POST,/payment/create-order,0.100000,0.000000,7000,7000,7000,7000,7000,7000,7000,7000,7000,7000,7000,1,0,7007.212700002128,7007.212700002128,7007.212700002128,7007.212700002128,181.0
1781968989,850,GET,/predict/colleges-list,0.100000,0.000000,4200,4200,4200,4200,4200,4200,4200,4200,4200,4200,4200,3,0,480,1699.2404999982682,452.07429999572923,4169.1904999970575,102062.0
1781968989,850,,Aggregated,8.300000,0.000000,9000,12000,13000,13000,13000,13000,13000,13000,13000,13000,13000,125,0,7100,7806.9545864000675,452.07429999572923,13253.732900004252,2616.656
1781968990,900,POST,/auth/login [setup],6.800000,0.000000,12000,13000,13000,13000,13000,14000,14000,14000,14000,14000,14000,125,0,9000,8717.410432000004,1130.2634000021499,14311.212099994009,174.552
1781968990,900,GET,/auth/me,0.200000,0.000000,6800,6800,6800,6800,6800,6800,6800,6800,6800,6800,6800,2,0,3800,5296.150050002325,3772.9913000002853,6819.3088000043645,338.5
1781968990,900,GET,/config,0.500000,0.000000,4200,4200,4200,4200,4200,4200,4200,4200,4200,4200,4200,5,0,2808.9440999974613,3355.995840000105,2808.9440999974613,4220.914600002288,28.0
1781968990,900,POST,/payment/create-order,0.100000,0.000000,7000,7000,7000,7000,7000,7000,7000,7000,7000,7000,7000,1,0,7007.212700002128,7007.212700002128,7007.212700002128,7007.212700002128,181.0
1781968990,900,GET,/predict/colleges-list,0.100000,0.000000,4200,4200,4200,4200,4200,4200,4200,4200,4200,4200,4200,3,0,480,1699.2404999982682,452.07429999572923,4169.1904999970575,102062.0
1781968990,900,,Aggregated,7.700000,0.000000,12000,13000,13000,13000,13000,14000,14000,14000,14000,14000,14000,136,0,8100,8302.59939338237,452.07429999572923,14311.212099994009,2419.139705882353
1781968991,950,POST,/auth/login [setup],8.100000,0.000000,13000,13000,13000,14000,15000,16000,16000,16000,16000,16000,16000,142,0,9000,9486.582057746486,1130.2634000021499,15686.678199999733,174.54225352112675
1781968991,950,GET,/auth/me,0.100000,0.000000,6800,6800,6800,6800,6800,6800,6800,6800,6800,6800,6800,2,0,3800,5296.150050002325,3772.9913000002853,6819.3088000043645,338.5
1781968991,950,GET,/config,0.200000,0.000000,4200,4200,4200,4200,4200,4200,4200,4200,4200,4200,4200,5,0,2808.9440999974613,3355.995840000105,2808.9440999974613,4220.914600002288,28.0
1781968991,950,POST,/payment/create-order,0.100000,0.000000,7000,7000,7000,7000,7000,7000,7000,7000,7000,7000,7000,1,0,7007.212700002128,7007.212700002128,7007.212700002128,7007.212700002128,181.0
1781968991,950,GET,/predict/colleges-list,0.100000,0.000000,4200,4200,4200,4200,4200,4200,4200,4200,4200,4200,4200,3,0,480,1699.2404999982682,452.07429999572923,4169.1904999970575,102062.0
1781968991,950,POST,/predict/rank [guest],0.000000,0.000000,0,0,0,0,0,0,0,0,0,0,0,3,0,18000,17695.60000000153,17030.04879999935,18032.9389000035,124.0
1781968991,950,,Aggregated,8.600000,0.000000,13000,13000,13000,14000,16000,16000,17000,18000,18000,18000,18000,156,0,9000,9228.581190384662,452.07429999572923,18032.9389000035,2130.391025641026
1781968992,1000,POST,/auth/login [setup],8.300000,0.000000,13000,13000,14000,15000,16000,16000,16000,16000,16000,16000,16000,142,0,9000,9486.582057746486,1130.2634000021499,15686.678199999733,174.54225352112675
1781968992,1000,GET,/auth/me,0.100000,0.000000,6800,6800,6800,6800,6800,6800,6800,6800,6800,6800,6800,2,0,3800,5296.150050002325,3772.9913000002853,6819.3088000043645,338.5
1781968992,1000,GET,/config,0.200000,0.000000,4200,4200,4200,4200,4200,4200,4200,4200,4200,4200,4200,5,0,2808.9440999974613,3355.995840000105,2808.9440999974613,4220.914600002288,28.0
1781968992,1000,POST,/payment/create-order,0.100000,0.000000,7000,7000,7000,7000,7000,7000,7000,7000,7000,7000,7000,1,0,7007.212700002128,7007.212700002128,7007.212700002128,7007.212700002128,181.0
1781968992,1000,GET,/predict/colleges-list,0.100000,0.000000,4200,4200,4200,4200,4200,4200,4200,4200,4200,4200,4200,3,0,480,1699.2404999982682,452.07429999572923,4169.1904999970575,102062.0
1781968992,1000,POST,/predict/rank [guest],0.000000,0.000000,0,0,0,0,0,0,0,0,0,0,0,5,0,17000,16944.745740001963,15400.048100003914,18032.9389000035,124.8
1781968992,1000,,Aggregated,8.800000,0.000000,13000,13000,15000,15000,16000,16000,18000,18000,18000,18000,18000,158,0,9000,9311.99743291147,452.07429999572923,18032.9389000035,2105.018987341772
1781968993,1000,POST,/auth/login [setup],8.600000,0.000000,13000,13000,14000,15000,16000,16000,17000,17000,17000,17000,17000,146,0,9000,9695.144321232894,1130.2634000021499,17100.84199999983,174.54109589041096
1781968993,1000,GET,/auth/me,0.100000,0.000000,6800,6800,6800,6800,6800,6800,6800,6800,6800,6800,6800,2,0,3800,5296.150050002325,3772.9913000002853,6819.3088000043645,338.5
1781968993,1000,GET,/config,0.200000,0.000000,4200,4200,4200,4200,4200,4200,4200,4200,4200,4200,4200,5,0,2808.9440999974613,3355.995840000105,2808.9440999974613,4220.914600002288,28.0
1781968993,1000,POST,/payment/create-order,0.100000,0.000000,7000,7000,7000,7000,7000,7000,7000,7000,7000,7000,7000,1,0,7007.212700002128,7007.212700002128,7007.212700002128,7007.212700002128,181.0
1781968993,1000,POST,/predict/colleges [guest],0.000000,0.000000,0,0,0,0,0,0,0,0,0,0,0,1,0,20127.37129999732,20127.37129999732,20127.37129999732,20127.37129999732,2316.0
1781968993,1000,GET,/predict/colleges-list,0.100000,0.000000,4200,4200,4200,4200,4200,4200,4200,4200,4200,4200,4200,3,0,480,1699.2404999982682,452.07429999572923,4169.1904999970575,102062.0
1781968993,1000,POST,/predict/rank [auth],0.000000,0.000000,0,0,0,0,0,0,0,0,0,0,0,1,0,15803.522199996223,15803.522199996223,15803.522199996223,15803.522199996223,126.0
1781968993,1000,POST,/predict/rank [guest],0.000000,0.000000,16000,16000,17000,17000,17000,17000,17000,17000,17000,17000,17000,10,0,16000,16666.316620000725,15400.048100003914,18032.9389000035,123.9
1781968993,1000,,Aggregated,9.100000,0.000000,13000,14000,15000,16000,17000,17000,18000,20000,20000,20000,20000,169,0,9000,9808.061207692337,452.07429999572923,20127.37129999732,1990.224852071006
1781968994,1000,POST,/auth/login [setup],8.300000,0.000000,13000,15000,16000,16000,17000,17000,18000,18000,18000,18000,18000,162,0,12000,10450.739007407434,1130.2634000021499,17888.73500000045,174.53086419753086
1781968994,1000,GET,/auth/me,0.000000,0.000000,17000,17000,17000,17000,17000,17000,17000,17000,17000,17000,17000,11,0,16758.69629999943,14593.646600001111,3772.9913000002853,16758.69629999943,338.09090909090907
1781968994,1000,GET,/config,0.000000,0.000000,16000,16000,16000,16000,16000,16000,16000,16000,16000,16000,16000,7,0,4100,6876.953799999943,2808.9440999974613,15685.455200000433,28.0
1781968994,1000,POST,/payment/create-order,0.000000,0.000000,7000,7000,7000,7000,7000,7000,7000,7000,7000,7000,7000,1,0,7007.212700002128,7007.212700002128,7007.212700002128,7007.212700002128,181.0
1781968994,1000,POST,/predict/colleges [guest],0.000000,0.000000,0,0,0,0,0,0,0,0,0,0,0,13,0,19000,18880.507038461263,17178.543699999864,20204.618600000686,2371.6923076923076
1781968994,1000,POST,/predict/colleges [premium],0.000000,0.000000,0,0,0,0,0,0,0,0,0,0,0,1,0,16777.160699995875,16777.160699995875,16777.160699995875,16777.160699995875,573.0
1781968994,1000,GET,/predict/colleges-list,0.000000,0.000000,4200,4200,4200,4200,4200,4200,4200,4200,4200,4200,4200,3,0,480,1699.2404999982682,452.07429999572923,4169.1904999970575,102062.0
1781968994,1000,POST,/predict/rank [auth],0.000000,0.000000,0,0,0,0,0,0,0,0,0,0,0,1,0,15803.522199996223,15803.522199996223,15803.522199996223,15803.522199996223,126.0
1781968994,1000,POST,/predict/rank [guest],0.400000,0.000000,16000,16000,17000,17000,17000,17000,17000,17000,17000,17000,17000,11,0,16000,16577.63328181847,15400.048100003914,18032.9389000035,123.81818181818181
1781968994,1000,,Aggregated,8.700000,0.000000,15000,17000,17000,17000,18000,19000,20000,20000,20000,20000,20000,210,0,13000,11305.59372904764,452.07429999572923,20204.618600000686,1768.804761904762
1781968995,1000,POST,/auth/login [setup],8.300000,0.000000,15000,17000,17000,18000,19000,19000,19000,19000,19000,19000,19000,180,0,13000,11249.315752777691,1130.2634000021499,18781.82419999939,174.53333333333333
1781968995,1000,GET,/auth/me,0.000000,0.000000,17000,17000,17000,17000,18000,18000,18000,18000,18000,18000,18000,13,0,17000,15093.788807693412,3772.9913000002853,18002.773400003207,337.9230769230769
1781968995,1000,POST,/auth/update-profile,0.000000,0.000000,0,0,0,0,0,0,0,0,0,0,0,2,0,17694.514299997536,17692.860649996874,17691.20699999621,17694.514299997536,72.0
1781968995,1000,GET,/config,0.000000,0.000000,16000,16000,16000,16000,16000,16000,16000,16000,16000,16000,16000,9,0,4200,8736.423788888917,2808.9440999974613,15740.654499997618,28.0
1781968995,1000,POST,/payment/create-order,0.000000,0.000000,18000,18000,18000,18000,18000,18000,18000,18000,18000,18000,18000,2,0,7007.212700002128,12388.576100001956,7007.212700002128,17769.939500001783,181.0
1781968995,1000,POST,/predict/colleges [auth],0.000000,0.000000,0,0,0,0,0,0,0,0,0,0,0,1,0,17694.509000000835,17694.509000000835,17694.509000000835,17694.509000000835,2416.0
1781968995,1000,POST,/predict/colleges [guest],0.000000,0.000000,19000,19000,19000,20000,20000,20000,20000,20000,20000,20000,20000,13,0,19000,18880.507038461263,17178.543699999864,20204.618600000686,2371.6923076923076
1781968995,1000,POST,/predict/colleges [premium],0.000000,0.000000,0,0,0,0,0,0,0,0,0,0,0,6,0,17693.654299997434,17528.644899998955,16777.160699995875,17693.654299997434,588.0
1781968995,1000,GET,/predict/colleges-list,0.000000,0.000000,17000,17000,17000,17000,17000,17000,17000,17000,17000,17000,17000,4,0,480,5463.694624999334,452.07429999572923,16757.057000002533,102062.0
1781968995,1000,POST,/predict/rank [auth],0.000000,0.000000,16000,16000,16000,16000,16000,16000,16000,16000,16000,16000,16000,1,0,15803.522199996223,15803.522199996223,15803.522199996223,15803.522199996223,126.0
1781968995,1000,POST,/predict/rank [guest],0.500000,0.000000,16000,16000,16000,16000,17000,17000,17000,17000,17000,17000,17000,16,0,16000,16154.995931250141,14795.97659999854,18032.9389000035,124.125
1781968995,1000,,Aggregated,8.800000,0.000000,16000,17000,18000,18000,19000,19000,19000,20000,20000,20000,20000,247,0,13000,12244.283332388593,452.07429999572923,20204.618600000686,1958.3117408906883
1781968996,1000,POST,/auth/login [setup],8.300000,0.000000,15000,17000,17000,18000,19000,19000,19000,19000,19000,19000,19000,180,0,13000,11249.315752777691,1130.2634000021499,18781.82419999939,174.53333333333333
1781968996,1000,GET,/auth/me,0.000000,0.000000,17000,17000,17000,17000,18000,18000,18000,18000,18000,18000,18000,13,0,17000,15093.788807693412,3772.9913000002853,18002.773400003207,337.9230769230769
1781968996,1000,POST,/auth/update-profile,0.000000,0.000000,0,0,0,0,0,0,0,0,0,0,0,2,0,17694.514299997536,17692.860649996874,17691.20699999621,17694.514299997536,72.0
1781968996,1000,GET,/config,0.000000,0.000000,16000,16000,16000,16000,16000,16000,16000,16000,16000,16000,16000,9,0,4200,8736.423788888917,2808.9440999974613,15740.654499997618,28.0
1781968996,1000,POST,/payment/create-order,0.000000,0.000000,18000,18000,18000,18000,18000,18000,18000,18000,18000,18000,18000,2,0,7007.212700002128,12388.576100001956,7007.212700002128,17769.939500001783,181.0
1781968996,1000,POST,/predict/colleges [auth],0.000000,0.000000,0,0,0,0,0,0,0,0,0,0,0,1,0,17694.509000000835,17694.509000000835,17694.509000000835,17694.509000000835,2416.0
1781968996,1000,POST,/predict/colleges [guest],0.000000,0.000000,19000,19000,19000,20000,20000,20000,20000,20000,20000,20000,20000,13,0,19000,18880.507038461263,17178.543699999864,20204.618600000686,2371.6923076923076
1781968996,1000,POST,/predict/colleges [premium],0.000000,0.000000,18000,18000,18000,18000,18000,18000,18000,18000,18000,18000,18000,6,0,17693.654299997434,17528.644899998955,16777.160699995875,17693.654299997434,588.0
1781968996,1000,GET,/predict/colleges-list,0.000000,0.000000,17000,17000,17000,17000,17000,17000,17000,17000,17000,17000,17000,4,0,480,5463.694624999334,452.07429999572923,16757.057000002533,102062.0
1781968996,1000,POST,/predict/rank [auth],0.000000,0.000000,16000,16000,16000,16000,16000,16000,16000,16000,16000,16000,16000,1,0,15803.522199996223,15803.522199996223,15803.522199996223,15803.522199996223,126.0
1781968996,1000,POST,/predict/rank [guest],0.500000,0.000000,16000,16000,16000,16000,17000,17000,17000,17000,17000,17000,17000,16,0,16000,16154.995931250141,14795.97659999854,18032.9389000035,124.125
1781968996,1000,,Aggregated,8.800000,0.000000,16000,17000,18000,18000,19000,19000,19000,20000,20000,20000,20000,247,0,13000,12244.283332388593,452.07429999572923,20204.618600000686,1958.3117408906883
1781968997,1000,POST,/auth/login [setup],8.300000,0.000000,16000,17000,18000,18000,19000,19000,19000,19000,19000,19000,19000,180,0,13000,11249.315752777691,1130.2634000021499,18781.82419999939,174.53333333333333
1781968997,1000,GET,/auth/me,0.000000,0.000000,17000,17000,17000,17000,18000,18000,18000,18000,18000,18000,18000,13,0,17000,15093.788807693412,3772.9913000002853,18002.773400003207,337.9230769230769
1781968997,1000,POST,/auth/update-profile,0.000000,0.000000,18000,18000,18000,18000,18000,18000,18000,18000,18000,18000,18000,2,0,17694.514299997536,17692.860649996874,17691.20699999621,17694.514299997536,72.0
1781968997,1000,GET,/config,0.000000,0.000000,16000,16000,16000,16000,16000,16000,16000,16000,16000,16000,16000,9,0,4200,8736.423788888917,2808.9440999974613,15740.654499997618,28.0
1781968997,1000,POST,/payment/create-order,0.000000,0.000000,18000,18000,18000,18000,18000,18000,18000,18000,18000,18000,18000,2,0,7007.212700002128,12388.576100001956,7007.212700002128,17769.939500001783,181.0
1781968997,1000,POST,/predict/colleges [auth],0.000000,0.000000,18000,18000,18000,18000,18000,18000,18000,18000,18000,18000,18000,1,0,17694.509000000835,17694.509000000835,17694.509000000835,17694.509000000835,2416.0
1781968997,1000,POST,/predict/colleges [guest],0.000000,0.000000,19000,19000,19000,20000,20000,20000,20000,20000,20000,20000,20000,13,0,19000,18880.507038461263,17178.543699999864,20204.618600000686,2371.6923076923076
1781968997,1000,POST,/predict/colleges [premium],0.000000,0.000000,18000,18000,18000,18000,18000,18000,18000,18000,18000,18000,18000,6,0,17693.654299997434,17528.644899998955,16777.160699995875,17693.654299997434,588.0
1781968997,1000,GET,/predict/colleges-list,0.000000,0.000000,17000,17000,17000,17000,17000,17000,17000,17000,17000,17000,17000,4,0,480,5463.694624999334,452.07429999572923,16757.057000002533,102062.0
1781968997,1000,POST,/predict/rank [auth],0.000000,0.000000,16000,16000,16000,16000,16000,16000,16000,16000,16000,16000,16000,1,0,15803.522199996223,15803.522199996223,15803.522199996223,15803.522199996223,126.0
1781968997,1000,POST,/predict/rank [guest],0.500000,0.000000,16000,16000,16000,16000,17000,17000,17000,17000,17000,17000,17000,16,0,16000,16154.995931250141,14795.97659999854,18032.9389000035,124.125
1781968997,1000,,Aggregated,8.800000,0.000000,17000,17000,18000,18000,19000,19000,20000,20000,20000,20000,20000,247,0,13000,12244.283332388593,452.07429999572923,20204.618600000686,1958.3117408906883
1781968998,1000,POST,/auth/login [setup],10.300000,0.000000,17000,18000,18000,18000,19000,19000,19000,19000,19000,19000,19000,180,0,13000,11249.315752777691,1130.2634000021499,18781.82419999939,174.53333333333333
1781968998,1000,GET,/auth/me,1.100000,0.000000,17000,17000,17000,17000,18000,18000,18000,18000,18000,18000,18000,13,0,17000,15093.788807693412,3772.9913000002853,18002.773400003207,337.9230769230769
1781968998,1000,POST,/auth/update-profile,0.200000,0.000000,18000,18000,20000,20000,20000,20000,20000,20000,20000,20000,20000,3,0,18000,18626.23859999682,17691.20699999621,20492.994499996712,72.0
1781968998,1000,GET,/config,0.400000,0.000000,16000,16000,16000,16000,16000,16000,16000,16000,16000,16000,16000,9,0,4200,8736.423788888917,2808.9440999974613,15740.654499997618,28.0
1781968998,1000,POST,/payment/create-order,0.100000,0.000000,18000,18000,18000,18000,18000,18000,18000,18000,18000,18000,18000,2,0,7007.212700002128,12388.576100001956,7007.212700002128,17769.939500001783,181.0
1781968998,1000,POST,/predict/colleges [auth],0.100000,0.000000,18000,18000,18000,18000,18000,18000,18000,18000,18000,18000,18000,1,0,17694.509000000835,17694.509000000835,17694.509000000835,17694.509000000835,2416.0
1781968998,1000,POST,/predict/colleges [guest],1.300000,0.000000,19000,19000,19000,20000,20000,20000,20000,20000,20000,20000,20000,13,0,19000,18880.507038461263,17178.543699999864,20204.618600000686,2371.6923076923076
1781968998,1000,POST,/predict/colleges [premium],0.600000,0.000000,18000,18000,18000,18000,18000,18000,18000,18000,18000,18000,18000,6,0,17693.654299997434,17528.644899998955,16777.160699995875,17693.654299997434,588.0
1781968998,1000,GET,/predict/colleges-list,0.100000,0.000000,17000,17000,17000,17000,17000,17000,17000,17000,17000,17000,17000,4,0,480,5463.694624999334,452.07429999572923,16757.057000002533,102062.0
1781968998,1000,POST,/predict/rank [auth],0.100000,0.000000,16000,16000,16000,16000,16000,16000,16000,16000,16000,16000,16000,1,0,15803.522199996223,15803.522199996223,15803.522199996223,15803.522199996223,126.0
1781968998,1000,POST,/predict/rank [guest],1.600000,0.000000,16000,16000,16000,16000,17000,17000,17000,17000,17000,17000,17000,16,0,16000,16154.995931250141,14795.97659999854,18032.9389000035,124.125
1781968998,1000,,Aggregated,15.900000,0.000000,17000,18000,18000,18000,19000,19000,20000,20000,20000,20000,20000,248,0,13000,12277.544264516046,452.07429999572923,20492.994499996712,1950.7056451612902
1781968999,1000,POST,/auth/login [setup],10.300000,0.000000,19000,21000,21000,21000,21000,21000,22000,22000,22000,22000,22000,214,0,13000,12853.162735981312,1130.2634000021499,21720.159299999068,174.4532710280374
1781968999,1000,GET,/auth/me,1.100000,0.000000,17000,17000,17000,17000,18000,18000,18000,18000,18000,18000,18000,13,0,17000,15093.788807693412,3772.9913000002853,18002.773400003207,337.9230769230769
1781968999,1000,POST,/auth/update-profile,0.200000,0.000000,20000,21000,21000,22000,22000,22000,22000,22000,22000,22000,22000,5,0,20000,19741.100319998804,17691.20699999621,21605.485100000806,72.0
1781968999,1000,GET,/config,0.400000,0.000000,15000,16000,16000,16000,17000,17000,17000,17000,17000,17000,17000,15,0,11000,10036.978540000564,2808.9440999974613,17278.538599995954,28.0
1781968999,1000,POST,/payment/create-order,0.100000,0.000000,18000,18000,18000,18000,18000,18000,18000,18000,18000,18000,18000,2,0,7007.212700002128,12388.576100001956,7007.212700002128,17769.939500001783,181.0
1781968999,1000,POST,/predict/colleges [auth],0.100000,0.000000,21000,21000,21000,21000,21000,21000,21000,21000,21000,21000,21000,2,0,18000,19459.623949998786,17694.509000000835,21224.738899996737,2427.5
1781968999,1000,POST,/predict/colleges [guest],1.300000,0.000000,19000,20000,20000,20000,21000,21000,21000,21000,21000,21000,21000,16,0,19000,19334.21536249989,17178.543699999864,21324.36140000209,2387.3125
1781968999,1000,POST,/predict/colleges [premium],0.600000,0.000000,18000,18000,18000,18000,18000,18000,18000,18000,18000,18000,18000,6,0,17693.654299997434,17528.644899998955,16777.160699995875,17693.654299997434,588.0
1781968999,1000,GET,/predict/colleges-list,0.100000,0.000000,14000,14000,17000,17000,17000,17000,17000,17000,17000,17000,17000,6,0,4200,8059.938316666376,452.07429999572923,16757.057000002533,102062.0
1781968999,1000,POST,/predict/rank [auth],0.100000,0.000000,12000,12000,16000,16000,16000,16000,16000,16000,16000,16000,16000,4,0,12000,12327.78424999924,9512.484300001233,15803.522199996223,125.25
1781968999,1000,POST,/predict/rank [guest],1.600000,0.000000,15000,16000,16000,16000,17000,17000,17000,17000,17000,17000,17000,32,0,15000,14948.258221875449,8062.250299997686,18032.9389000035,123.65625
1781968999,1000,,Aggregated,15.900000,0.000000,17000,18000,19000,21000,21000,21000,22000,22000,22000,22000,22000,315,0,15000,13492.97461904768,452.07429999572923,21720.159299999068,2242.152380952381
1781969000,1000,POST,/auth/login [setup],10.300000,0.000000,19000,21000,21000,21000,21000,21000,22000,22000,22000,22000,22000,214,0,13000,12853.162735981312,1130.2634000021499,21720.159299999068,174.4532710280374
1781969000,1000,GET,/auth/me,1.100000,0.000000,17000,17000,17000,17000,18000,18000,18000,18000,18000,18000,18000,13,0,17000,15093.788807693412,3772.9913000002853,18002.773400003207,337.9230769230769
1781969000,1000,POST,/auth/update-profile,0.200000,0.000000,20000,21000,21000,22000,22000,22000,22000,22000,22000,22000,22000,5,0,20000,19741.100319998804,17691.20699999621,21605.485100000806,72.0
1781969000,1000,GET,/config,0.400000,0.000000,15000,16000,16000,16000,17000,17000,17000,17000,17000,17000,17000,15,0,11000,10036.978540000564,2808.9440999974613,17278.538599995954,28.0
1781969000,1000,POST,/payment/create-order,0.100000,0.000000,18000,18000,18000,18000,18000,18000,18000,18000,18000,18000,18000,2,0,7007.212700002128,12388.576100001956,7007.212700002128,17769.939500001783,181.0
1781969000,1000,POST,/predict/colleges [auth],0.100000,0.000000,21000,21000,21000,21000,21000,21000,21000,21000,21000,21000,21000,2,0,18000,19459.623949998786,17694.509000000835,21224.738899996737,2427.5
1781969000,1000,POST,/predict/colleges [guest],1.300000,0.000000,19000,20000,20000,20000,21000,21000,21000,21000,21000,21000,21000,16,0,19000,19334.21536249989,17178.543699999864,21324.36140000209,2387.3125
1781969000,1000,POST,/predict/colleges [premium],0.600000,0.000000,18000,18000,18000,18000,18000,18000,18000,18000,18000,18000,18000,6,0,17693.654299997434,17528.644899998955,16777.160699995875,17693.654299997434,588.0
1781969000,1000,GET,/predict/colleges-list,0.100000,0.000000,14000,14000,17000,17000,17000,17000,17000,17000,17000,17000,17000,7,0,9100,8214.254042857126,452.07429999572923,16757.057000002533,102062.0
1781969000,1000,POST,/predict/rank [auth],0.100000,0.000000,12000,12000,16000,16000,16000,16000,16000,16000,16000,16000,16000,4,0,12000,12327.78424999924,9512.484300001233,15803.522199996223,125.25
1781969000,1000,POST,/predict/rank [guest],1.600000,0.000000,15000,16000,16000,16000,17000,17000,17000,17000,17000,17000,17000,32,0,15000,14948.258221875449,8062.250299997686,18032.9389000035,123.65625
1781969000,1000,,Aggregated,15.900000,0.000000,17000,18000,19000,21000,21000,21000,22000,22000,22000,22000,22000,316,0,15000,13479.19985253171,452.07429999572923,21720.159299999068,2558.0379746835442
1781969001,1000,POST,/auth/login [setup],6.600000,0.000000,19000,21000,21000,21000,22000,22000,23000,23000,23000,23000,23000,227,0,13000,13407.353883700433,1130.2634000021499,23316.82130000263,174.37444933920705
1781969001,1000,GET,/auth/me,1.100000,0.000000,17000,17000,18000,18000,22000,22000,22000,22000,22000,22000,22000,15,0,17000,16019.36248666801,3772.9913000002853,22194.343000002846,337.8666666666667
1781969001,1000,POST,/auth/update-profile,0.300000,0.000000,20000,21000,21000,22000,22000,22000,22000,22000,22000,22000,22000,5,0,20000,19741.100319998804,17691.20699999621,21605.485100000806,72.0
1781969001,1000,GET,/config,0.400000,0.000000,15000,16000,16000,16000,17000,17000,17000,17000,17000,17000,17000,15,0,11000,10036.978540000564,2808.9440999974613,17278.538599995954,28.0
1781969001,1000,POST,/payment/create-order,0.100000,0.000000,18000,18000,18000,18000,18000,18000,18000,18000,18000,18000,18000,2,0,7007.212700002128,12388.576100001956,7007.212700002128,17769.939500001783,181.0
1781969001,1000,POST,/predict/colleges [auth],0.100000,0.000000,21000,21000,21000,21000,21000,21000,21000,21000,21000,21000,21000,2,0,18000,19459.623949998786,17694.509000000835,21224.738899996737,2427.5
1781969001,1000,POST,/predict/colleges [guest],1.300000,0.000000,19000,20000,21000,21000,22000,22000,22000,22000,22000,22000,22000,18,0,19000,19666.938349999935,17178.543699999864,22328.991300004418,2385.3333333333335
1781969001,1000,POST,/predict/colleges [premium],0.600000,0.000000,18000,18000,18000,18000,18000,18000,18000,18000,18000,18000,18000,6,0,17693.654299997434,17528.644899998955,16777.160699995875,17693.654299997434,588.0
1781969001,1000,GET,/predict/colleges-list,0.100000,0.000000,13000,13000,14000,14000,17000,17000,17000,17000,17000,17000,17000,9,0,9100,8337.382544444052,452.07429999572923,16757.057000002533,102062.0
1781969001,1000,POST,/predict/rank [auth],0.100000,0.000000,12000,12000,16000,16000,16000,16000,16000,16000,16000,16000,16000,4,0,12000,12327.78424999924,9512.484300001233,15803.522199996223,125.25
1781969001,1000,POST,/predict/rank [guest],1.600000,0.000000,15000,16000,16000,16000,17000,17000,17000,17000,17000,17000,17000,38,0,15000,13941.607113158267,8062.250299997686,18032.9389000035,123.63157894736842
1781969001,1000,,Aggregated,12.300000,0.000000,18000,19000,21000,21000,22000,22000,22000,23000,23000,23000,23000,341,0,15000,13812.380523753727,452.07429999572923,23316.82130000263,2993.75073313783
1781969002,1000,POST,/auth/login [setup],6.600000,0.000000,21000,21000,21000,21000,22000,22000,23000,23000,23000,23000,23000,227,0,13000,13407.353883700433,1130.2634000021499,23316.82130000263,174.37444933920705
1781969002,1000,GET,/auth/me,1.100000,0.000000,17000,17000,18000,18000,22000,22000,22000,22000,22000,22000,22000,15,0,17000,16019.36248666801,3772.9913000002853,22194.343000002846,337.8666666666667
1781969002,1000,POST,/auth/update-profile,0.300000,0.000000,20000,21000,21000,22000,22000,22000,22000,22000,22000,22000,22000,5,0,20000,19741.100319998804,17691.20699999621,21605.485100000806,72.0
1781969002,1000,GET,/config,0.400000,0.000000,15000,16000,16000,16000,17000,17000,17000,17000,17000,17000,17000,15,0,11000,10036.978540000564,2808.9440999974613,17278.538599995954,28.0
1781969002,1000,POST,/payment/create-order,0.100000,0.000000,18000,18000,18000,18000,18000,18000,18000,18000,18000,18000,18000,2,0,7007.212700002128,12388.576100001956,7007.212700002128,17769.939500001783,181.0
1781969002,1000,POST,/predict/colleges [auth],0.100000,0.000000,21000,21000,21000,21000,21000,21000,21000,21000,21000,21000,21000,2,0,18000,19459.623949998786,17694.509000000835,21224.738899996737,2427.5
1781969002,1000,POST,/predict/colleges [guest],1.300000,0.000000,19000,20000,21000,21000,22000,22000,22000,22000,22000,22000,22000,18,0,19000,19666.938349999935,17178.543699999864,22328.991300004418,2385.3333333333335
1781969002,1000,POST,/predict/colleges [premium],0.600000,0.000000,18000,18000,18000,18000,18000,18000,18000,18000,18000,18000,18000,6,0,17693.654299997434,17528.644899998955,16777.160699995875,17693.654299997434,588.0
1781969002,1000,GET,/predict/colleges-list,0.100000,0.000000,13000,13000,14000,14000,17000,17000,17000,17000,17000,17000,17000,9,0,9100,8337.382544444052,452.07429999572923,16757.057000002533,102062.0
1781969002,1000,POST,/predict/rank [auth],0.100000,0.000000,12000,12000,16000,16000,16000,16000,16000,16000,16000,16000,16000,4,0,12000,12327.78424999924,9512.484300001233,15803.522199996223,125.25
1781969002,1000,POST,/predict/rank [guest],1.600000,0.000000,15000,16000,16000,16000,17000,17000,17000,17000,17000,17000,17000,38,0,15000,13941.607113158267,8062.250299997686,18032.9389000035,123.63157894736842
1781969002,1000,,Aggregated,12.300000,0.000000,18000,19000,21000,21000,22000,22000,22000,23000,23000,23000,23000,341,0,15000,13812.380523753727,452.07429999572923,23316.82130000263,2993.75073313783
1781969003,1000,POST,/auth/login [setup],9.000000,0.000000,21000,21000,21000,22000,22000,22000,23000,23000,23000,23000,23000,227,0,13000,13407.353883700433,1130.2634000021499,23316.82130000263,174.37444933920705
1781969003,1000,GET,/auth/me,1.200000,0.000000,17000,17000,18000,18000,22000,22000,22000,22000,22000,22000,22000,15,0,17000,16019.36248666801,3772.9913000002853,22194.343000002846,337.8666666666667
1781969003,1000,POST,/auth/update-profile,0.500000,0.000000,20000,21000,21000,22000,22000,22000,22000,22000,22000,22000,22000,5,0,20000,19741.100319998804,17691.20699999621,21605.485100000806,72.0
1781969003,1000,GET,/config,1.000000,0.000000,15000,16000,16000,16000,17000,17000,17000,17000,17000,17000,17000,15,0,11000,10036.978540000564,2808.9440999974613,17278.538599995954,28.0
1781969003,1000,POST,/payment/create-order,0.100000,0.000000,18000,18000,18000,18000,18000,18000,18000,18000,18000,18000,18000,2,0,7007.212700002128,12388.576100001956,7007.212700002128,17769.939500001783,181.0
1781969003,1000,POST,/predict/colleges [auth],0.200000,0.000000,21000,21000,21000,21000,21000,21000,21000,21000,21000,21000,21000,2,0,18000,19459.623949998786,17694.509000000835,21224.738899996737,2427.5
1781969003,1000,POST,/predict/colleges [guest],1.600000,0.000000,19000,20000,21000,21000,22000,22000,22000,22000,22000,22000,22000,18,0,19000,19666.938349999935,17178.543699999864,22328.991300004418,2385.3333333333335
1781969003,1000,POST,/predict/colleges [premium],0.600000,0.000000,18000,24000,24000,24000,24000,24000,24000,24000,24000,24000,24000,9,0,18000,19736.61903333333,16777.160699995875,24276.146700001846,592.3333333333334
1781969003,1000,GET,/predict/colleges-list,0.400000,0.000000,13000,13000,14000,14000,17000,17000,17000,17000,17000,17000,17000,9,0,9100,8337.382544444052,452.07429999572923,16757.057000002533,102062.0
1781969003,1000,POST,/predict/rank [auth],0.400000,0.000000,12000,12000,16000,16000,16000,16000,16000,16000,16000,16000,16000,4,0,12000,12327.78424999924,9512.484300001233,15803.522199996223,125.25
1781969003,1000,POST,/predict/rank [guest],3.400000,0.000000,15000,15000,16000,16000,16000,17000,17000,17000,17000,17000,17000,38,0,15000,13941.607113158267,8062.250299997686,18032.9389000035,123.63157894736842
1781969003,1000,,Aggregated,18.400000,0.000000,18000,21000,21000,21000,22000,22000,23000,24000,24000,24000,24000,344,0,15000,13902.556571221008,452.07429999572923,24276.146700001846,2972.8837209302324
1781969004,1000,POST,/auth/login [setup],8.500000,0.000000,21000,21000,21000,22000,22000,22000,23000,23000,23000,23000,23000,227,0,13000,13407.353883700433,1130.2634000021499,23316.82130000263,174.37444933920705
1781969004,1000,GET,/auth/me,1.300000,0.000000,22000,22000,22000,22000,22000,22000,22000,22000,22000,22000,22000,15,0,17000,16019.36248666801,3772.9913000002853,22194.343000002846,337.8666666666667
1781969004,1000,POST,/auth/update-profile,0.500000,0.000000,20000,21000,21000,22000,22000,22000,22000,22000,22000,22000,22000,5,0,20000,19741.100319998804,17691.20699999621,21605.485100000806,72.0
1781969004,1000,GET,/config,1.000000,0.000000,14000,15000,16000,16000,17000,17000,17000,17000,17000,17000,17000,15,0,11000,10036.978540000564,2808.9440999974613,17278.538599995954,28.0
1781969004,1000,POST,/payment/create-order,0.100000,0.000000,18000,18000,18000,18000,18000,18000,18000,18000,18000,18000,18000,2,0,7007.212700002128,12388.576100001956,7007.212700002128,17769.939500001783,181.0
1781969004,1000,POST,/predict/colleges [auth],0.200000,0.000000,21000,21000,26000,26000,26000,26000,26000,26000,26000,26000,26000,3,0,21000,21526.386733331794,17694.509000000835,25659.912299997814,2449.0
1781969004,1000,POST,/predict/colleges [guest],1.800000,0.000000,19000,20000,21000,21000,22000,22000,22000,22000,22000,22000,22000,18,0,19000,19666.938349999935,17178.543699999864,22328.991300004418,2385.3333333333335
1781969004,1000,POST,/predict/colleges [premium],0.600000,0.000000,18000,24000,24000,24000,24000,24000,24000,24000,24000,24000,24000,9,0,18000,19736.61903333333,16777.160699995875,24276.146700001846,592.3333333333334
1781969004,1000,GET,/predict/colleges-list,0.600000,0.000000,13000,13000,14000,14000,17000,17000,17000,17000,17000,17000,17000,9,0,9100,8337.382544444052,452.07429999572923,16757.057000002533,102062.0
1781969004,1000,POST,/predict/rank [auth],0.400000,0.000000,12000,12000,16000,16000,16000,16000,16000,16000,16000,16000,16000,4,0,12000,12327.78424999924,9512.484300001233,15803.522199996223,125.25
1781969004,1000,POST,/predict/rank [guest],3.400000,0.000000,15000,15000,15000,16000,16000,17000,17000,17000,17000,17000,17000,38,0,15000,13941.607113158267,8062.250299997686,18032.9389000035,123.63157894736842
1781969004,1000,,Aggregated,18.400000,0.000000,19000,21000,21000,21000,22000,23000,24000,24000,26000,26000,26000,345,0,15000,13936.63586318848,452.07429999572923,25659.912299997814,2971.489855072464
1781969005,1000,POST,/auth/login [setup],8.500000,0.000000,21000,21000,22000,22000,23000,26000,27000,27000,27000,27000,27000,231,0,13000,13637.214842424257,1130.2634000021499,26775.54379999492,174.37662337662337
1781969005,1000,GET,/auth/me,1.300000,0.000000,22000,22000,22000,22000,22000,22000,22000,22000,22000,22000,22000,15,0,17000,16019.36248666801,3772.9913000002853,22194.343000002846,337.8666666666667
1781969005,1000,POST,/auth/update-profile,0.500000,0.000000,20000,21000,21000,22000,22000,22000,22000,22000,22000,22000,22000,5,0,20000,19741.100319998804,17691.20699999621,21605.485100000806,72.0
1781969005,1000,GET,/config,1.000000,0.000000,14000,15000,16000,16000,17000,17000,17000,17000,17000,17000,17000,15,0,11000,10036.978540000564,2808.9440999974613,17278.538599995954,28.0
1781969005,1000,POST,/payment/create-order,0.100000,0.000000,26000,26000,26000,26000,26000,26000,26000,26000,26000,26000,26000,3,0,18000,17079.92213333394,7007.212700002128,26462.614199997915,181.0
1781969005,1000,POST,/predict/colleges [auth],0.200000,0.000000,21000,21000,26000,26000,26000,26000,26000,26000,26000,26000,26000,3,0,21000,21526.386733331794,17694.509000000835,25659.912299997814,2449.0
1781969005,1000,POST,/predict/colleges [guest],1.800000,0.000000,19000,20000,21000,21000,22000,22000,22000,22000,22000,22000,22000,18,0,19000,19666.938349999935,17178.543699999864,22328.991300004418,2385.3333333333335
1781969005,1000,POST,/predict/colleges [premium],0.700000,0.000000,18000,24000,24000,24000,24000,24000,24000,24000,24000,24000,24000,9,0,18000,19736.61903333333,16777.160699995875,24276.146700001846,592.3333333333334
1781969005,1000,GET,/predict/colleges-list,0.600000,0.000000,13000,13000,14000,14000,17000,17000,17000,17000,17000,17000,17000,9,0,9100,8337.382544444052,452.07429999572923,16757.057000002533,102062.0
1781969005,1000,POST,/predict/rank [auth],0.400000,0.000000,12000,12000,16000,16000,16000,16000,16000,16000,16000,16000,16000,4,0,12000,12327.78424999924,9512.484300001233,15803.522199996223,125.25
1781969005,1000,POST,/predict/rank [guest],3.300000,0.000000,15000,15000,15000,16000,16000,17000,17000,17000,17000,17000,17000,38,0,15000,13941.607113158267,8062.250299997686,18032.9389000035,123.63157894736842
1781969005,1000,,Aggregated,18.400000,0.000000,19000,21000,21000,22000,22000,24000,27000,27000,27000,27000,27000,350,0,15000,14118.083668571508,452.07429999572923,26775.54379999492,2931.5514285714285
1781969006,1000,POST,/auth/login [setup],8.500000,0.000000,21000,21000,22000,22000,23000,26000,27000,27000,27000,27000,27000,231,0,13000,13637.214842424257,1130.2634000021499,26775.54379999492,174.37662337662337
1781969006,1000,GET,/auth/me,1.300000,0.000000,22000,22000,22000,22000,22000,22000,22000,22000,22000,22000,22000,15,0,17000,16019.36248666801,3772.9913000002853,22194.343000002846,337.8666666666667
1781969006,1000,POST,/auth/update-profile,0.500000,0.000000,20000,21000,21000,22000,22000,22000,22000,22000,22000,22000,22000,5,0,20000,19741.100319998804,17691.20699999621,21605.485100000806,72.0
1781969006,1000,GET,/config,1.000000,0.000000,14000,15000,16000,16000,17000,17000,17000,17000,17000,17000,17000,15,0,11000,10036.978540000564,2808.9440999974613,17278.538599995954,28.0
1781969006,1000,POST,/payment/create-order,0.100000,0.000000,26000,26000,26000,26000,26000,26000,26000,26000,26000,26000,26000,3,0,18000,17079.92213333394,7007.212700002128,26462.614199997915,181.0
1781969006,1000,POST,/predict/colleges [auth],0.200000,0.000000,21000,21000,26000,26000,26000,26000,26000,26000,26000,26000,26000,3,0,21000,21526.386733331794,17694.509000000835,25659.912299997814,2449.0
1781969006,1000,POST,/predict/colleges [guest],1.800000,0.000000,21000,22000,22000,22000,22000,22000,22000,22000,22000,22000,22000,18,0,19000,19666.938349999935,17178.543699999864,22328.991300004418,2385.3333333333335
1781969006,1000,POST,/predict/colleges [premium],0.700000,0.000000,18000,24000,24000,24000,24000,24000,24000,24000,24000,24000,24000,9,0,18000,19736.61903333333,16777.160699995875,24276.146700001846,592.3333333333334
1781969006,1000,GET,/predict/colleges-list,0.600000,0.000000,13000,13000,14000,14000,17000,17000,17000,17000,17000,17000,17000,9,0,9100,8337.382544444052,452.07429999572923,16757.057000002533,102062.0
1781969006,1000,POST,/predict/rank [auth],0.400000,0.000000,12000,12000,12000,12000,12000,12000,12000,12000,12000,12000,12000,4,0,12000,12327.78424999924,9512.484300001233,15803.522199996223,125.25
1781969006,1000,POST,/predict/rank [guest],3.300000,0.000000,15000,15000,15000,16000,16000,17000,17000,17000,17000,17000,17000,38,0,15000,13941.607113158267,8062.250299997686,18032.9389000035,123.63157894736842
1781969006,1000,,Aggregated,18.400000,0.000000,21000,21000,22000,22000,23000,26000,27000,27000,27000,27000,27000,350,0,15000,14118.083668571508,452.07429999572923,26775.54379999492,2931.5514285714285
1781969007,1000,POST,/auth/login [setup],6.500000,0.000000,22000,29000,29000,29000,29000,29000,29000,29000,29000,29000,29000,263,0,15000,15485.3133745247,1130.2634000021499,28928.908699999738,174.2889733840304
1781969007,1000,GET,/auth/me,0.400000,0.000000,22000,22000,22000,22000,22000,22000,22000,22000,22000,22000,22000,15,0,17000,16019.36248666801,3772.9913000002853,22194.343000002846,337.8666666666667
1781969007,1000,POST,/auth/update-profile,0.500000,0.000000,21000,21000,22000,22000,22000,22000,22000,22000,22000,22000,22000,5,0,20000,19741.100319998804,17691.20699999621,21605.485100000806,72.0
1781969007,1000,GET,/config,0.800000,0.000000,12000,12000,14000,14000,17000,17000,17000,17000,17000,17000,17000,15,0,11000,10036.978540000564,2808.9440999974613,17278.538599995954,28.0
1781969007,1000,POST,/payment/create-order,0.100000,0.000000,26000,26000,26000,26000,26000,26000,26000,26000,26000,26000,26000,3,0,18000,17079.92213333394,7007.212700002128,26462.614199997915,181.0
1781969007,1000,POST,/predict/colleges [auth],0.300000,0.000000,26000,26000,29000,29000,29000,29000,29000,29000,29000,29000,29000,4,0,21000,23325.291424998795,17694.509000000835,28722.005499999796,2433.75
1781969007,1000,POST,/predict/colleges [guest],0.500000,0.000000,21000,22000,22000,22000,22000,22000,22000,22000,22000,22000,22000,18,0,19000,19666.938349999935,17178.543699999864,22328.991300004418,2385.3333333333335
1781969007,1000,POST,/predict/colleges [premium],0.800000,0.000000,18000,24000,24000,24000,29000,29000,29000,29000,29000,29000,29000,10,0,18000,20617.171090000193,16777.160699995875,28542.139600001974,597.2
1781969007,1000,GET,/predict/colleges-list,0.600000,0.000000,9300,13000,13000,14000,14000,14000,14000,14000,14000,14000,14000,9,0,9100,8337.382544444052,452.07429999572923,16757.057000002533,102062.0
1781969007,1000,POST,/predict/rank [auth],0.300000,0.000000,12000,12000,12000,12000,12000,12000,12000,12000,12000,12000,12000,4,0,12000,12327.78424999924,9512.484300001233,15803.522199996223,125.25
1781969007,1000,POST,/predict/rank [guest],2.700000,0.000000,13000,15000,15000,15000,16000,17000,17000,17000,17000,17000,17000,38,0,15000,13941.607113158267,8062.250299997686,18032.9389000035,123.63157894736842
1781969007,1000,,Aggregated,13.500000,0.000000,21000,22000,27000,29000,29000,29000,29000,29000,29000,29000,29000,384,0,16000,15419.359942708392,452.07429999572923,28928.908699999738,2694.3463541666665
1781969008,1000,POST,/auth/login [setup],6.500000,0.000000,22000,29000,29000,29000,29000,29000,29000,29000,29000,29000,29000,263,0,15000,15485.3133745247,1130.2634000021499,28928.908699999738,174.2889733840304
1781969008,1000,GET,/auth/me,0.400000,0.000000,22000,22000,22000,22000,22000,22000,22000,22000,22000,22000,22000,15,0,17000,16019.36248666801,3772.9913000002853,22194.343000002846,337.8666666666667
1781969008,1000,POST,/auth/update-profile,0.500000,0.000000,22000,22000,22000,22000,22000,22000,22000,22000,22000,22000,22000,5,0,20000,19741.100319998804,17691.20699999621,21605.485100000806,72.0
1781969008,1000,GET,/config,0.800000,0.000000,12000,12000,14000,14000,17000,17000,17000,17000,17000,17000,17000,15,0,11000,10036.978540000564,2808.9440999974613,17278.538599995954,28.0
1781969008,1000,POST,/payment/create-order,0.100000,0.000000,26000,26000,26000,26000,26000,26000,26000,26000,26000,26000,26000,3,0,18000,17079.92213333394,7007.212700002128,26462.614199997915,181.0
1781969008,1000,POST,/predict/colleges [auth],0.300000,0.000000,26000,26000,29000,29000,29000,29000,29000,29000,29000,29000,29000,4,0,21000,23325.291424998795,17694.509000000835,28722.005499999796,2433.75
1781969008,1000,POST,/predict/colleges [guest],0.500000,0.000000,21000,22000,22000,22000,22000,22000,22000,22000,22000,22000,22000,18,0,19000,19666.938349999935,17178.543699999864,22328.991300004418,2385.3333333333335
1781969008,1000,POST,/predict/colleges [premium],0.800000,0.000000,24000,24000,29000,29000,29000,29000,29000,29000,29000,29000,29000,10,0,18000,20617.171090000193,16777.160699995875,28542.139600001974,597.2
1781969008,1000,GET,/predict/colleges-list,0.600000,0.000000,9300,13000,13000,14000,14000,14000,14000,14000,14000,14000,14000,9,0,9100,8337.382544444052,452.07429999572923,16757.057000002533,102062.0
1781969008,1000,POST,/predict/rank [auth],0.300000,0.000000,12000,12000,12000,12000,12000,12000,12000,12000,12000,12000,12000,4,0,12000,12327.78424999924,9512.484300001233,15803.522199996223,125.25
1781969008,1000,POST,/predict/rank [guest],2.700000,0.000000,13000,15000,15000,15000,16000,17000,17000,17000,17000,17000,17000,38,0,15000,13941.607113158267,8062.250299997686,18032.9389000035,123.63157894736842
1781969008,1000,,Aggregated,13.500000,0.000000,21000,22000,27000,29000,29000,29000,29000,29000,29000,29000,29000,384,0,16000,15419.359942708392,452.07429999572923,28928.908699999738,2694.3463541666665
1781969009,1000,POST,/auth/login [setup],6.500000,0.000000,29000,29000,29000,29000,29000,29000,29000,29000,29000,29000,29000,263,0,15000,15485.3133745247,1130.2634000021499,28928.908699999738,174.2889733840304
1781969009,1000,GET,/auth/me,0.400000,0.000000,22000,22000,22000,22000,22000,22000,22000,22000,22000,22000,22000,15,0,17000,16019.36248666801,3772.9913000002853,22194.343000002846,337.8666666666667
1781969009,1000,POST,/auth/update-profile,0.500000,0.000000,22000,22000,22000,22000,22000,22000,22000,22000,22000,22000,22000,5,0,20000,19741.100319998804,17691.20699999621,21605.485100000806,72.0
1781969009,1000,GET,/config,0.800000,0.000000,12000,12000,14000,14000,17000,17000,17000,17000,17000,17000,17000,15,0,11000,10036.978540000564,2808.9440999974613,17278.538599995954,28.0
1781969009,1000,POST,/payment/create-order,0.100000,0.000000,26000,26000,26000,26000,26000,26000,26000,26000,26000,26000,26000,3,0,18000,17079.92213333394,7007.212700002128,26462.614199997915,181.0
1781969009,1000,POST,/predict/colleges [auth],0.300000,0.000000,26000,26000,29000,29000,29000,29000,29000,29000,29000,29000,29000,4,0,21000,23325.291424998795,17694.509000000835,28722.005499999796,2433.75
1781969009,1000,POST,/predict/colleges [guest],0.500000,0.000000,21000,22000,22000,22000,22000,22000,22000,22000,22000,22000,22000,18,0,19000,19666.938349999935,17178.543699999864,22328.991300004418,2385.3333333333335
1781969009,1000,POST,/predict/colleges [premium],0.800000,0.000000,24000,24000,29000,29000,29000,29000,29000,29000,29000,29000,29000,10,0,18000,20617.171090000193,16777.160699995875,28542.139600001974,597.2
1781969009,1000,GET,/predict/colleges-list,0.600000,0.000000,9300,13000,13000,14000,14000,14000,14000,14000,14000,14000,14000,9,0,9100,8337.382544444052,452.07429999572923,16757.057000002533,102062.0
1781969009,1000,POST,/predict/rank [auth],0.300000,0.000000,12000,12000,12000,12000,12000,12000,12000,12000,12000,12000,12000,4,0,12000,12327.78424999924,9512.484300001233,15803.522199996223,125.25
1781969009,1000,POST,/predict/rank [guest],2.700000,0.000000,8300,8300,9200,9200,9200,9200,9200,9200,9200,9200,9200,38,0,15000,13941.607113158267,8062.250299997686,18032.9389000035,123.63157894736842
1781969009,1000,,Aggregated,13.500000,0.000000,27000,29000,29000,29000,29000,29000,29000,29000,29000,29000,29000,384,0,16000,15419.359942708392,452.07429999572923,28928.908699999738,2694.3463541666665
1781969010,1000,POST,/auth/login [setup],8.300000,0.000000,29000,29000,31000,31000,31000,31000,31000,31000,31000,31000,31000,284,0,16000,16637.189248591505,1130.2634000021499,31085.436999994272,174.25
1781969010,1000,GET,/auth/me,0.200000,0.000000,22000,22000,22000,22000,22000,22000,22000,22000,22000,22000,22000,15,0,17000,16019.36248666801,3772.9913000002853,22194.343000002846,337.8666666666667
1781969010,1000,POST,/auth/update-profile,0.300000,0.000000,22000,22000,22000,22000,22000,22000,22000,22000,22000,22000,22000,5,0,20000,19741.100319998804,17691.20699999621,21605.485100000806,72.0
1781969010,1000,GET,/config,0.600000,0.000000,12000,12000,14000,14000,17000,17000,17000,17000,17000,17000,17000,15,0,11000,10036.978540000564,2808.9440999974613,17278.538599995954,28.0
1781969010,1000,POST,/payment/create-order,0.100000,0.000000,26000,26000,26000,26000,26000,26000,26000,26000,26000,26000,26000,3,0,18000,17079.92213333394,7007.212700002128,26462.614199997915,181.0
1781969010,1000,POST,/predict/colleges [auth],0.300000,0.000000,29000,29000,31000,31000,31000,31000,31000,31000,31000,31000,31000,5,0,26000,24915.348779999476,17694.509000000835,31275.5782000022,2422.2
1781969010,1000,POST,/predict/colleges [guest],0.500000,0.000000,31000,31000,31000,31000,31000,31000,31000,31000,31000,31000,31000,23,0,20000,22135.40534782584,17178.543699999864,31162.264099999447,2382.8260869565215
1781969010,1000,POST,/predict/colleges [premium],0.400000,0.000000,24000,24000,29000,29000,29000,29000,29000,29000,29000,29000,29000,10,0,18000,20617.171090000193,16777.160699995875,28542.139600001974,597.2
1781969010,1000,GET,/predict/colleges-list,0.500000,0.000000,9300,9300,9300,9300,9300,9300,9300,9300,9300,9300,9300,9,0,9100,8337.382544444052,452.07429999572923,16757.057000002533,102062.0
1781969010,1000,POST,/predict/rank [auth],0.300000,0.000000,12000,12000,12000,12000,12000,12000,12000,12000,12000,12000,12000,4,0,12000,12327.78424999924,9512.484300001233,15803.522199996223,125.25
1781969010,1000,POST,/predict/rank [guest],2.200000,0.000000,8300,8300,8300,8300,8300,8300,8300,8300,8300,8300,8300,38,0,15000,13941.607113158267,8062.250299997686,18032.9389000035,123.63157894736842
1781969010,1000,,Aggregated,13.700000,0.000000,29000,29000,31000,31000,31000,31000,31000,31000,31000,31000,31000,411,0,17000,16447.064618004893,452.07429999572923,31275.5782000022,2560.883211678832
1781969011,1000,POST,/auth/login [setup],8.300000,0.000000,29000,29000,31000,31000,31000,31000,31000,31000,31000,31000,31000,284,0,16000,16637.189248591505,1130.2634000021499,31085.436999994272,174.25
1781969011,1000,GET,/auth/me,0.200000,0.000000,22000,22000,22000,22000,22000,22000,22000,22000,22000,22000,22000,15,0,17000,16019.36248666801,3772.9913000002853,22194.343000002846,337.8666666666667
1781969011,1000,POST,/auth/update-profile,0.300000,0.000000,22000,22000,22000,22000,22000,22000,22000,22000,22000,22000,22000,5,0,20000,19741.100319998804,17691.20699999621,21605.485100000806,72.0
1781969011,1000,GET,/config,0.600000,0.000000,12000,12000,14000,14000,17000,17000,17000,17000,17000,17000,17000,15,0,11000,10036.978540000564,2808.9440999974613,17278.538599995954,28.0
1781969011,1000,POST,/payment/create-order,0.100000,0.000000,26000,26000,26000,26000,26000,26000,26000,26000,26000,26000,26000,3,0,18000,17079.92213333394,7007.212700002128,26462.614199997915,181.0
1781969011,1000,POST,/predict/colleges [auth],0.300000,0.000000,29000,29000,31000,31000,31000,31000,31000,31000,31000,31000,31000,5,0,26000,24915.348779999476,17694.509000000835,31275.5782000022,2422.2
1781969011,1000,POST,/predict/colleges [guest],0.500000,0.000000,31000,31000,31000,31000,31000,31000,31000,31000,31000,31000,31000,23,0,20000,22135.40534782584,17178.543699999864,31162.264099999447,2382.8260869565215
1781969011,1000,POST,/predict/colleges [premium],0.400000,0.000000,24000,24000,29000,29000,29000,29000,29000,29000,29000,29000,29000,10,0,18000,20617.171090000193,16777.160699995875,28542.139600001974,597.2
1781969011,1000,GET,/predict/colleges-list,0.500000,0.000000,9300,9300,9300,9300,9300,9300,9300,9300,9300,9300,9300,9,0,9100,8337.382544444052,452.07429999572923,16757.057000002533,102062.0
1781969011,1000,POST,/predict/rank [auth],0.300000,0.000000,12000,12000,12000,12000,12000,12000,12000,12000,12000,12000,12000,4,0,12000,12327.78424999924,9512.484300001233,15803.522199996223,125.25
1781969011,1000,POST,/predict/rank [guest],2.200000,0.000000,8300,8300,8300,8300,8300,8300,8300,8300,8300,8300,8300,38,0,15000,13941.607113158267,8062.250299997686,18032.9389000035,123.63157894736842
1781969011,1000,,Aggregated,13.700000,0.000000,29000,31000,31000,31000,31000,31000,31000,31000,31000,31000,31000,411,0,17000,16447.064618004893,452.07429999572923,31275.5782000022,2560.883211678832
1781969012,1000,POST,/auth/login [setup],8.300000,0.000000,29000,29000,31000,31000,31000,31000,31000,31000,31000,31000,31000,284,0,16000,16637.189248591505,1130.2634000021499,31085.436999994272,174.25
1781969012,1000,GET,/auth/me,0.200000,0.000000,22000,22000,22000,22000,22000,22000,22000,22000,22000,22000,22000,15,0,17000,16019.36248666801,3772.9913000002853,22194.343000002846,337.8666666666667
1781969012,1000,POST,/auth/update-profile,0.300000,0.000000,22000,22000,22000,22000,22000,22000,22000,22000,22000,22000,22000,5,0,20000,19741.100319998804,17691.20699999621,21605.485100000806,72.0
1781969012,1000,GET,/config,0.600000,0.000000,12000,12000,14000,14000,17000,17000,17000,17000,17000,17000,17000,15,0,11000,10036.978540000564,2808.9440999974613,17278.538599995954,28.0
1781969012,1000,POST,/payment/create-order,0.100000,0.000000,26000,26000,26000,26000,26000,26000,26000,26000,26000,26000,26000,3,0,18000,17079.92213333394,7007.212700002128,26462.614199997915,181.0
1781969012,1000,POST,/predict/colleges [auth],0.300000,0.000000,29000,29000,31000,31000,31000,31000,31000,31000,31000,31000,31000,5,0,26000,24915.348779999476,17694.509000000835,31275.5782000022,2422.2
1781969012,1000,POST,/predict/colleges [guest],0.500000,0.000000,31000,31000,31000,31000,31000,31000,31000,31000,31000,31000,31000,23,0,20000,22135.40534782584,17178.543699999864,31162.264099999447,2382.8260869565215
1781969012,1000,POST,/predict/colleges [premium],0.400000,0.000000,24000,24000,29000,29000,29000,29000,29000,29000,29000,29000,29000,10,0,18000,20617.171090000193,16777.160699995875,28542.139600001974,597.2
1781969012,1000,GET,/predict/colleges-list,0.500000,0.000000,9300,9300,9300,9300,9300,9300,9300,9300,9300,9300,9300,9,0,9100,8337.382544444052,452.07429999572923,16757.057000002533,102062.0
1781969012,1000,POST,/predict/rank [auth],0.300000,0.000000,12000,12000,12000,12000,12000,12000,12000,12000,12000,12000,12000,4,0,12000,12327.78424999924,9512.484300001233,15803.522199996223,125.25
1781969012,1000,POST,/predict/rank [guest],2.200000,0.000000,8300,8300,8300,8300,8300,8300,8300,8300,8300,8300,8300,38,0,15000,13941.607113158267,8062.250299997686,18032.9389000035,123.63157894736842
1781969012,1000,,Aggregated,13.700000,0.000000,29000,31000,31000,31000,31000,31000,31000,31000,31000,31000,31000,411,0,17000,16447.064618004893,452.07429999572923,31275.5782000022,2560.883211678832
1781969014,1000,POST,/auth/login [setup],5.700000,0.000000,29000,31000,31000,31000,34000,34000,34000,34000,34000,34000,34000,297,0,17000,17389.48715387202,1130.2634000021499,34274.2717000001,174.23569023569024
1781969014,1000,GET,/auth/me,0.000000,0.000000,22000,22000,22000,22000,22000,22000,22000,22000,22000,22000,22000,15,0,17000,16019.36248666801,3772.9913000002853,22194.343000002846,337.8666666666667
1781969014,1000,POST,/auth/update-profile,0.000000,0.000000,22000,22000,22000,22000,22000,22000,22000,22000,22000,22000,22000,5,0,20000,19741.100319998804,17691.20699999621,21605.485100000806,72.0
1781969014,1000,GET,/config,0.000000,0.000000,12000,12000,14000,14000,17000,17000,17000,17000,17000,17000,17000,15,0,11000,10036.978540000564,2808.9440999974613,17278.538599995954,28.0
1781969014,1000,POST,/payment/create-order,0.100000,0.000000,26000,26000,26000,26000,26000,26000,26000,26000,26000,26000,26000,3,0,18000,17079.92213333394,7007.212700002128,26462.614199997915,181.0
1781969014,1000,POST,/predict/colleges [auth],0.300000,0.000000,29000,29000,31000,31000,31000,31000,31000,31000,31000,31000,31000,5,0,26000,24915.348779999476,17694.509000000835,31275.5782000022,2422.2
1781969014,1000,POST,/predict/colleges [guest],0.500000,0.000000,31000,31000,31000,31000,31000,31000,31000,31000,31000,31000,31000,23,0,20000,22135.40534782584,17178.543699999864,31162.264099999447,2382.8260869565215
1781969014,1000,POST,/predict/colleges [premium],0.400000,0.000000,24000,24000,29000,29000,29000,29000,29000,29000,29000,29000,29000,10,0,18000,20617.171090000193,16777.160699995875,28542.139600001974,597.2
1781969014,1000,GET,/predict/colleges-list,0.000000,0.000000,9300,9300,9300,9300,9300,9300,9300,9300,9300,9300,9300,9,0,9100,8337.382544444052,452.07429999572923,16757.057000002533,102062.0
1781969014,1000,POST,/predict/rank [auth],0.000000,0.000000,12000,12000,12000,12000,12000,12000,12000,12000,12000,12000,12000,4,0,12000,12327.78424999924,9512.484300001233,15803.522199996223,125.25
1781969014,1000,POST,/predict/rank [guest],0.000000,0.000000,8300,8300,8300,8300,8300,8300,8300,8300,8300,8300,8300,38,0,15000,13941.607113158267,8062.250299997686,18032.9389000035,123.63157894736842
1781969014,1000,,Aggregated,7.000000,0.000000,31000,31000,31000,31000,34000,34000,34000,34000,34000,34000,34000,424,0,17000,16979.857302122677,452.07429999572923,34274.2717000001,2487.698113207547
1781969015,1000,POST,/auth/login [setup],5.700000,0.000000,31000,31000,33000,34000,34000,34000,34000,34000,34000,34000,34000,310,0,17000,18083.629220967727,1130.2634000021499,34284.85329999967,174.2483870967742
1781969015,1000,GET,/auth/me,0.000000,0.000000,22000,22000,22000,22000,22000,22000,22000,22000,22000,22000,22000,15,0,17000,16019.36248666801,3772.9913000002853,22194.343000002846,337.8666666666667
1781969015,1000,POST,/auth/update-profile,0.000000,0.000000,22000,22000,22000,22000,22000,22000,22000,22000,22000,22000,22000,5,0,20000,19741.100319998804,17691.20699999621,21605.485100000806,72.0
1781969015,1000,GET,/config,0.000000,0.000000,12000,12000,14000,14000,17000,17000,17000,17000,17000,17000,17000,15,0,11000,10036.978540000564,2808.9440999974613,17278.538599995954,28.0
1781969015,1000,POST,/payment/create-order,0.100000,0.000000,26000,26000,26000,26000,26000,26000,26000,26000,26000,26000,26000,3,0,18000,17079.92213333394,7007.212700002128,26462.614199997915,181.0
1781969015,1000,POST,/predict/colleges [auth],0.300000,0.000000,31000,31000,31000,31000,31000,31000,31000,31000,31000,31000,31000,5,0,26000,24915.348779999476,17694.509000000835,31275.5782000022,2422.2
1781969015,1000,POST,/predict/colleges [guest],0.500000,0.000000,31000,31000,33000,33000,33000,33000,33000,33000,33000,33000,33000,25,0,20000,23028.31389999978,17178.543699999864,33302.323299998534,2389.68
1781969015,1000,POST,/predict/colleges [premium],0.400000,0.000000,29000,29000,29000,29000,29000,29000,29000,29000,29000,29000,29000,10,0,18000,20617.171090000193,16777.160699995875,28542.139600001974,597.2
1781969015,1000,GET,/predict/colleges-list,0.000000,0.000000,9300,9300,9300,9300,9300,9300,9300,9300,9300,9300,9300,9,0,9100,8337.382544444052,452.07429999572923,16757.057000002533,102062.0
1781969015,1000,POST,/predict/rank [auth],0.000000,0.000000,12000,12000,12000,12000,12000,12000,12000,12000,12000,12000,12000,4,0,12000,12327.78424999924,9512.484300001233,15803.522199996223,125.25
1781969015,1000,POST,/predict/rank [guest],0.000000,0.000000,8300,8300,8300,8300,8300,8300,8300,8300,8300,8300,8300,38,0,15000,13941.607113158267,8062.250299997686,18032.9389000035,123.63157894736842
1781969015,1000,,Aggregated,7.000000,0.000000,31000,31000,33000,33000,34000,34000,34000,34000,34000,34000,34000,439,0,17000,17556.492925740364,452.07429999572923,34284.85329999967,2419.1116173120727
1781969016,1000,POST,/auth/login [setup],5.700000,0.000000,33000,34000,35000,35000,35000,35000,36000,36000,36000,36000,36000,339,0,19000,19535.878445722698,1130.2634000021499,35923.23429999669,174.2772861356932
1781969016,1000,GET,/auth/me,0.000000,0.000000,22000,22000,22000,22000,22000,22000,22000,22000,22000,22000,22000,15,0,17000,16019.36248666801,3772.9913000002853,22194.343000002846,337.8666666666667
1781969016,1000,POST,/auth/update-profile,0.000000,0.000000,22000,22000,22000,22000,22000,22000,22000,22000,22000,22000,22000,5,0,20000,19741.100319998804,17691.20699999621,21605.485100000806,72.0
1781969016,1000,GET,/config,0.000000,0.000000,12000,12000,14000,14000,17000,17000,17000,17000,17000,17000,17000,15,0,11000,10036.978540000564,2808.9440999974613,17278.538599995954,28.0
1781969016,1000,POST,/payment/create-order,0.100000,0.000000,26000,26000,26000,26000,26000,26000,26000,26000,26000,26000,26000,3,0,18000,17079.92213333394,7007.212700002128,26462.614199997915,181.0
1781969016,1000,POST,/predict/colleges [auth],0.300000,0.000000,31000,31000,31000,31000,31000,31000,31000,31000,31000,31000,31000,5,0,26000,24915.348779999476,17694.509000000835,31275.5782000022,2422.2
1781969016,1000,POST,/predict/colleges [guest],0.500000,0.000000,31000,33000,33000,33000,35000,35000,35000,35000,35000,35000,35000,26,0,20000,23486.719446153496,17178.543699999864,34946.85809999646,2393.1923076923076
1781969016,1000,POST,/predict/colleges [premium],0.300000,0.000000,29000,29000,29000,29000,29000,29000,29000,29000,29000,29000,29000,10,0,18000,20617.171090000193,16777.160699995875,28542.139600001974,597.2
1781969016,1000,GET,/predict/colleges-list,0.000000,0.000000,9300,9300,9300,9300,9300,9300,9300,9300,9300,9300,9300,9,0,9100,8337.382544444052,452.07429999572923,16757.057000002533,102062.0
1781969016,1000,POST,/predict/rank [auth],0.000000,0.000000,12000,12000,12000,12000,12000,12000,12000,12000,12000,12000,12000,4,0,12000,12327.78424999924,9512.484300001233,15803.522199996223,125.25
1781969016,1000,POST,/predict/rank [guest],0.000000,0.000000,8300,8300,8300,8300,8300,8300,8300,8300,8300,8300,8300,38,0,15000,13941.607113158267,8062.250299997686,18032.9389000035,123.63157894736842
1781969016,1000,,Aggregated,6.900000,0.000000,31000,34000,35000,35000,35000,35000,36000,36000,36000,36000,36000,469,0,17000,18675.874172921143,452.07429999572923,35923.23429999669,2280.456289978678
1781969017,1000,POST,/auth/login [setup],6.900000,0.000000,33000,34000,35000,35000,35000,36000,36000,36000,36000,36000,36000,340,0,19000,19585.048257058796,1130.2634000021499,36253.614299996116,174.27941176470588
1781969017,1000,GET,/auth/me,0.000000,0.000000,35000,35000,35000,35000,35000,35000,35000,35000,35000,35000,35000,17,0,17000,18268.519305883434,3772.9913000002853,35181.17380000331,337.8235294117647
1781969017,1000,POST,/auth/update-profile,0.000000,0.000000,0,0,0,0,0,0,0,0,0,0,0,5,0,20000,19741.100319998804,17691.20699999621,21605.485100000806,72.0
1781969017,1000,GET,/config,0.000000,0.000000,0,0,0,0,0,0,0,0,0,0,0,15,0,11000,10036.978540000564,2808.9440999974613,17278.538599995954,28.0
1781969017,1000,POST,/payment/create-order,0.100000,0.000000,26000,26000,26000,26000,26000,26000,26000,26000,26000,26000,26000,3,0,18000,17079.92213333394,7007.212700002128,26462.614199997915,181.0
1781969017,1000,POST,/predict/colleges [auth],0.300000,0.000000,31000,31000,31000,31000,31000,31000,31000,31000,31000,31000,31000,5,0,26000,24915.348779999476,17694.509000000835,31275.5782000022,2422.2
1781969017,1000,POST,/predict/colleges [guest],0.500000,0.000000,31000,33000,33000,33000,35000,35000,35000,35000,35000,35000,35000,26,0,20000,23486.719446153496,17178.543699999864,34946.85809999646,2393.1923076923076
1781969017,1000,POST,/predict/colleges [premium],0.100000,0.000000,29000,29000,29000,29000,29000,29000,29000,29000,29000,29000,29000,10,0,18000,20617.171090000193,16777.160699995875,28542.139600001974,597.2
1781969017,1000,GET,/predict/colleges-list,0.000000,0.000000,9300,9300,9300,9300,9300,9300,9300,9300,9300,9300,9300,9,0,9100,8337.382544444052,452.07429999572923,16757.057000002533,102062.0
1781969017,1000,POST,/predict/rank [auth],0.000000,0.000000,0,0,0,0,0,0,0,0,0,0,0,4,0,12000,12327.78424999924,9512.484300001233,15803.522199996223,125.25
1781969017,1000,POST,/predict/rank [guest],0.000000,0.000000,8300,8300,8300,8300,8300,8300,8300,8300,8300,8300,8300,38,0,15000,13941.607113158267,8062.250299997686,18032.9389000035,123.63157894736842
1781969017,1000,,Aggregated,7.900000,0.000000,33000,34000,35000,35000,35000,35000,36000,36000,36000,36000,36000,472,0,17000,18782.86650911019,452.07429999572923,36253.614299996116,2267.762711864407
1781969018,1000,POST,/auth/login [setup],8.300000,0.000000,34000,35000,35000,35000,36000,36000,37000,37000,37000,37000,37000,353,0,19000,20193.543237393726,1130.2634000021499,36502.90919999679,174.26345609065154
1781969018,1000,GET,/auth/me,0.000000,0.000000,35000,35000,35000,35000,35000,35000,35000,35000,35000,35000,35000,22,0,17000,22162.63832727385,3772.9913000002853,35425.658200001635,337.77272727272725
1781969018,1000,POST,/auth/update-profile,0.000000,0.000000,35000,35000,35000,35000,35000,35000,35000,35000,35000,35000,35000,6,0,20000,22352.5132499999,17691.20699999621,35409.57790000539,72.0
1781969018,1000,GET,/config,0.000000,0.000000,0,0,0,0,0,0,0,0,0,0,0,15,0,11000,10036.978540000564,2808.9440999974613,17278.538599995954,28.0
1781969018,1000,POST,/payment/create-order,0.100000,0.000000,26000,26000,26000,26000,26000,26000,26000,26000,26000,26000,26000,3,0,18000,17079.92213333394,7007.212700002128,26462.614199997915,181.0
1781969018,1000,POST,/predict/colleges [auth],0.200000,0.000000,35000,35000,35000,35000,35000,35000,35000,35000,35000,35000,35000,6,0,26000,26669.570466666,17694.509000000835,35440.6788999986,2424.5
1781969018,1000,POST,/predict/colleges [guest],0.700000,0.000000,33000,33000,35000,36000,36000,36000,36000,36000,36000,36000,36000,28,0,21000,24346.35598571419,17178.543699999864,35528.02050000173,2390.5
1781969018,1000,POST,/predict/colleges [premium],0.100000,0.000000,35000,35000,35000,35000,35000,35000,35000,35000,35000,35000,35000,16,0,24000,26165.920437500972,16777.160699995875,35439.16460000037,596.875
1781969018,1000,GET,/predict/colleges-list,0.000000,0.000000,9300,9300,9300,9300,9300,9300,9300,9300,9300,9300,9300,9,0,9100,8337.382544444052,452.07429999572923,16757.057000002533,102062.0
1781969018,1000,POST,/predict/rank [auth],0.000000,0.000000,0,0,0,0,0,0,0,0,0,0,0,4,0,12000,12327.78424999924,9512.484300001233,15803.522199996223,125.25
1781969018,1000,POST,/predict/rank [guest],0.000000,0.000000,8300,8300,8300,8300,8300,8300,8300,8300,8300,8300,8300,38,0,15000,13941.607113158267,8062.250299997686,18032.9389000035,123.63157894736842
1781969018,1000,,Aggregated,9.400000,0.000000,35000,35000,35000,35000,36000,36000,37000,37000,37000,37000,37000,500,0,18000,19732.614195200065,452.07429999572923,36502.90919999679,2170.258
1781969019,1000,POST,/auth/login [setup],8.300000,0.000000,34000,35000,35000,35000,36000,36000,37000,37000,37000,37000,37000,353,0,19000,20193.543237393726,1130.2634000021499,36502.90919999679,174.26345609065154
1781969019,1000,GET,/auth/me,0.000000,0.000000,35000,35000,35000,35000,35000,35000,35000,35000,35000,35000,35000,22,0,17000,22162.63832727385,3772.9913000002853,35425.658200001635,337.77272727272725
1781969019,1000,POST,/auth/update-profile,0.000000,0.000000,35000,35000,35000,35000,35000,35000,35000,35000,35000,35000,35000,6,0,20000,22352.5132499999,17691.20699999621,35409.57790000539,72.0
1781969019,1000,GET,/config,0.000000,0.000000,0,0,0,0,0,0,0,0,0,0,0,15,0,11000,10036.978540000564,2808.9440999974613,17278.538599995954,28.0
1781969019,1000,POST,/payment/create-order,0.100000,0.000000,26000,26000,26000,26000,26000,26000,26000,26000,26000,26000,26000,3,0,18000,17079.92213333394,7007.212700002128,26462.614199997915,181.0
1781969019,1000,POST,/predict/colleges [auth],0.200000,0.000000,35000,35000,35000,35000,35000,35000,35000,35000,35000,35000,35000,6,0,26000,26669.570466666,17694.509000000835,35440.6788999986,2424.5
1781969019,1000,POST,/predict/colleges [guest],0.700000,0.000000,33000,33000,35000,36000,36000,36000,36000,36000,36000,36000,36000,28,0,21000,24346.35598571419,17178.543699999864,35528.02050000173,2390.5
1781969019,1000,POST,/predict/colleges [premium],0.100000,0.000000,35000,35000,35000,35000,35000,35000,35000,35000,35000,35000,35000,16,0,24000,26165.920437500972,16777.160699995875,35439.16460000037,596.875
1781969019,1000,GET,/predict/colleges-list,0.000000,0.000000,0,0,0,0,0,0,0,0,0,0,0,9,0,9100,8337.382544444052,452.07429999572923,16757.057000002533,102062.0
1781969019,1000,POST,/predict/rank [auth],0.000000,0.000000,0,0,0,0,0,0,0,0,0,0,0,4,0,12000,12327.78424999924,9512.484300001233,15803.522199996223,125.25
1781969019,1000,POST,/predict/rank [guest],0.000000,0.000000,0,0,0,0,0,0,0,0,0,0,0,38,0,15000,13941.607113158267,8062.250299997686,18032.9389000035,123.63157894736842
1781969019,1000,,Aggregated,9.400000,0.000000,35000,35000,35000,35000,36000,36000,37000,37000,37000,37000,37000,500,0,18000,19732.614195200065,452.07429999572923,36502.90919999679,2170.258
1781969020,1000,POST,/auth/login [setup],10.900000,0.000000,34000,35000,35000,35000,36000,36000,37000,37000,37000,37000,37000,353,0,19000,20193.543237393726,1130.2634000021499,36502.90919999679,174.26345609065154
1781969020,1000,GET,/auth/me,0.200000,0.000000,35000,35000,35000,35000,35000,35000,35000,35000,35000,35000,35000,22,0,17000,22162.63832727385,3772.9913000002853,35425.658200001635,337.77272727272725
1781969020,1000,POST,/auth/update-profile,0.000000,0.000000,35000,35000,35000,35000,35000,35000,35000,35000,35000,35000,35000,6,0,20000,22352.5132499999,17691.20699999621,35409.57790000539,72.0
1781969020,1000,GET,/config,0.000000,0.000000,0,0,0,0,0,0,0,0,0,0,0,15,0,11000,10036.978540000564,2808.9440999974613,17278.538599995954,28.0
1781969020,1000,POST,/payment/create-order,0.000000,0.000000,26000,26000,26000,26000,26000,26000,26000,26000,26000,26000,26000,3,0,18000,17079.92213333394,7007.212700002128,26462.614199997915,181.0
1781969020,1000,POST,/predict/colleges [auth],0.200000,0.000000,35000,35000,35000,35000,35000,35000,35000,35000,35000,35000,35000,6,0,26000,26669.570466666,17694.509000000835,35440.6788999986,2424.5
1781969020,1000,POST,/predict/colleges [guest],0.800000,0.000000,33000,35000,36000,36000,36000,38000,38000,38000,38000,38000,38000,29,0,21000,24816.267117241237,17178.543699999864,37973.7787999984,2389.4137931034484
1781969020,1000,POST,/predict/colleges [premium],0.100000,0.000000,35000,35000,35000,35000,35000,35000,35000,35000,35000,35000,35000,16,0,24000,26165.920437500972,16777.160699995875,35439.16460000037,596.875
1781969020,1000,GET,/predict/colleges-list,0.000000,0.000000,0,0,0,0,0,0,0,0,0,0,0,9,0,9100,8337.382544444052,452.07429999572923,16757.057000002533,102062.0
1781969020,1000,POST,/predict/rank [auth],0.000000,0.000000,0,0,0,0,0,0,0,0,0,0,0,4,0,12000,12327.78424999924,9512.484300001233,15803.522199996223,125.25
1781969020,1000,POST,/predict/rank [guest],0.000000,0.000000,0,0,0,0,0,0,0,0,0,0,0,38,0,15000,13941.607113158267,8062.250299997686,18032.9389000035,123.63157894736842
1781969020,1000,,Aggregated,12.200000,0.000000,35000,35000,35000,35000,36000,36000,37000,37000,38000,38000,38000,501,0,18000,19769.023705389285,452.07429999572923,37973.7787999984,2170.634730538922
1781969021,1000,POST,/auth/login [setup],9.000000,0.000000,35000,36000,36000,36000,39000,39000,39000,39000,39000,39000,39000,366,0,21000,20854.31838196722,1130.2634000021499,38813.71780000336,174.2704918032787
1781969021,1000,GET,/auth/me,0.700000,0.000000,35000,35000,35000,35000,35000,35000,35000,35000,35000,35000,35000,22,0,17000,22162.63832727385,3772.9913000002853,35425.658200001635,337.77272727272725
1781969021,1000,POST,/auth/update-profile,0.100000,0.000000,35000,35000,35000,35000,35000,35000,35000,35000,35000,35000,35000,6,0,20000,22352.5132499999,17691.20699999621,35409.57790000539,72.0
1781969021,1000,GET,/config,0.000000,0.000000,0,0,0,0,0,0,0,0,0,0,0,15,0,11000,10036.978540000564,2808.9440999974613,17278.538599995954,28.0
1781969021,1000,POST,/payment/create-order,0.000000,0.000000,39000,39000,39000,39000,39000,39000,39000,39000,39000,39000,39000,8,0,38725.547000001825,30600.42153750146,7007.212700002128,38725.547000001825,181.0
1781969021,1000,POST,/predict/colleges [auth],0.200000,0.000000,35000,35000,35000,35000,35000,35000,35000,35000,35000,35000,35000,6,0,26000,26669.570466666,17694.509000000835,35440.6788999986,2424.5
1781969021,1000,POST,/predict/colleges [guest],1.000000,0.000000,33000,36000,36000,38000,38000,39000,39000,39000,39000,39000,39000,31,0,21000,25687.33060000007,17178.543699999864,38818.78160000633,2390.7741935483873
1781969021,1000,POST,/predict/colleges [premium],0.600000,0.000000,35000,35000,35000,35000,35000,35000,35000,35000,35000,35000,35000,16,0,24000,26165.920437500972,16777.160699995875,35439.16460000037,596.875
1781969021,1000,GET,/predict/colleges-list,0.000000,0.000000,0,0,0,0,0,0,0,0,0,0,0,9,0,9100,8337.382544444052,452.07429999572923,16757.057000002533,102062.0
1781969021,1000,POST,/predict/rank [auth],0.000000,0.000000,0,0,0,0,0,0,0,0,0,0,0,4,0,12000,12327.78424999924,9512.484300001233,15803.522199996223,125.25
1781969021,1000,POST,/predict/rank [guest],0.000000,0.000000,23000,23000,23000,23000,23000,23000,23000,23000,23000,23000,23000,39,0,15000,14179.15298205163,8062.250299997686,23205.895999999484,123.61538461538461
1781969021,1000,,Aggregated,11.600000,0.000000,35000,36000,36000,37000,39000,39000,39000,39000,39000,39000,39000,522,0,18000,20502.003152298967,452.07429999572923,38818.78160000633,2098.860153256705
1781969022,1000,POST,/auth/login [setup],9.000000,0.000000,35000,36000,36000,36000,39000,39000,39000,39000,39000,39000,39000,366,0,21000,20854.31838196722,1130.2634000021499,38813.71780000336,174.2704918032787
1781969022,1000,GET,/auth/me,0.700000,0.000000,35000,35000,35000,35000,35000,35000,35000,35000,35000,35000,35000,22,0,17000,22162.63832727385,3772.9913000002853,35425.658200001635,337.77272727272725
1781969022,1000,POST,/auth/update-profile,0.100000,0.000000,35000,35000,35000,35000,35000,35000,35000,35000,35000,35000,35000,6,0,20000,22352.5132499999,17691.20699999621,35409.57790000539,72.0
1781969022,1000,GET,/config,0.000000,0.000000,0,0,0,0,0,0,0,0,0,0,0,15,0,11000,10036.978540000564,2808.9440999974613,17278.538599995954,28.0
1781969022,1000,POST,/payment/create-order,0.000000,0.000000,39000,39000,39000,39000,39000,39000,39000,39000,39000,39000,39000,8,0,38725.547000001825,30600.42153750146,7007.212700002128,38725.547000001825,181.0
1781969022,1000,POST,/predict/colleges [auth],0.200000,0.000000,35000,35000,35000,35000,35000,35000,35000,35000,35000,35000,35000,6,0,26000,26669.570466666,17694.509000000835,35440.6788999986,2424.5
1781969022,1000,POST,/predict/colleges [guest],1.000000,0.000000,36000,38000,38000,38000,39000,39000,39000,39000,39000,39000,39000,31,0,21000,25687.33060000007,17178.543699999864,38818.78160000633,2390.7741935483873
1781969022,1000,POST,/predict/colleges [premium],0.600000,0.000000,35000,35000,35000,35000,35000,35000,35000,35000,35000,35000,35000,16,0,24000,26165.920437500972,16777.160699995875,35439.16460000037,596.875
1781969022,1000,GET,/predict/colleges-list,0.000000,0.000000,0,0,0,0,0,0,0,0,0,0,0,9,0,9100,8337.382544444052,452.07429999572923,16757.057000002533,102062.0
1781969022,1000,POST,/predict/rank [auth],0.000000,0.000000,0,0,0,0,0,0,0,0,0,0,0,4,0,12000,12327.78424999924,9512.484300001233,15803.522199996223,125.25
1781969022,1000,POST,/predict/rank [guest],0.000000,0.000000,23000,23000,23000,23000,23000,23000,23000,23000,23000,23000,23000,39,0,15000,14179.15298205163,8062.250299997686,23205.895999999484,123.61538461538461
1781969022,1000,,Aggregated,11.600000,0.000000,35000,36000,36000,37000,39000,39000,39000,39000,39000,39000,39000,522,0,18000,20502.003152298967,452.07429999572923,38818.78160000633,2098.860153256705
1781969023,1000,POST,/auth/login [setup],9.000000,0.000000,36000,39000,41000,41000,41000,41000,41000,41000,41000,41000,41000,392,0,21000,22187.70496096937,1130.2634000021499,41178.06959999871,174.23979591836735
1781969023,1000,GET,/auth/me,0.700000,0.000000,35000,35000,35000,35000,35000,35000,35000,35000,35000,35000,35000,22,0,17000,22162.63832727385,3772.9913000002853,35425.658200001635,337.77272727272725
1781969023,1000,POST,/auth/update-profile,0.100000,0.000000,35000,35000,35000,35000,35000,35000,35000,35000,35000,35000,35000,6,0,20000,22352.5132499999,17691.20699999621,35409.57790000539,72.0
1781969023,1000,GET,/config,0.000000,0.000000,0,0,0,0,0,0,0,0,0,0,0,15,0,11000,10036.978540000564,2808.9440999974613,17278.538599995954,28.0
1781969023,1000,POST,/payment/create-order,0.000000,0.000000,39000,39000,39000,39000,39000,39000,39000,39000,39000,39000,39000,8,0,38725.547000001825,30600.42153750146,7007.212700002128,38725.547000001825,181.0
1781969023,1000,POST,/predict/colleges [auth],0.200000,0.000000,35000,35000,35000,35000,35000,35000,35000,35000,35000,35000,35000,6,0,26000,26669.570466666,17694.509000000835,35440.6788999986,2424.5
1781969023,1000,POST,/predict/colleges [guest],1.100000,0.000000,38000,39000,40000,40000,40000,41000,41000,41000,41000,41000,41000,35,0,22000,27379.57521999987,17178.543699999864,41248.59569999535,2391.057142857143
1781969023,1000,POST,/predict/colleges [premium],0.600000,0.000000,35000,35000,35000,35000,35000,35000,35000,35000,35000,35000,35000,16,0,24000,26165.920437500972,16777.160699995875,35439.16460000037,596.875
1781969023,1000,GET,/predict/colleges-list,0.000000,0.000000,24000,24000,24000,24000,24000,24000,24000,24000,24000,24000,24000,11,0,9300,11236.180063636064,452.07429999572923,24329.554299998563,102062.0
1781969023,1000,POST,/predict/rank [auth],0.000000,0.000000,0,0,0,0,0,0,0,0,0,0,0,4,0,12000,12327.78424999924,9512.484300001233,15803.522199996223,125.25
1781969023,1000,POST,/predict/rank [guest],0.000000,0.000000,25000,25000,26000,26000,26000,26000,26000,26000,26000,26000,26000,41,0,15000,14744.59765609794,8062.250299997686,26235.742799995933,123.73170731707317
1781969023,1000,,Aggregated,11.700000,0.000000,36000,39000,39000,40000,41000,41000,41000,41000,41000,41000,41000,556,0,19000,21634.9396077339,452.07429999572923,41248.59569999535,2363.4406474820144
1781969024,1000,POST,/auth/login [setup],9.000000,0.000000,37000,39000,41000,41000,41000,41000,41000,41000,41000,41000,41000,392,0,21000,22187.70496096937,1130.2634000021499,41178.06959999871,174.23979591836735
1781969024,1000,GET,/auth/me,0.700000,0.000000,35000,35000,35000,35000,35000,35000,35000,35000,35000,35000,35000,22,0,17000,22162.63832727385,3772.9913000002853,35425.658200001635,337.77272727272725
1781969024,1000,POST,/auth/update-profile,0.100000,0.000000,35000,35000,35000,35000,35000,35000,35000,35000,35000,35000,35000,6,0,20000,22352.5132499999,17691.20699999621,35409.57790000539,72.0
1781969024,1000,GET,/config,0.000000,0.000000,0,0,0,0,0,0,0,0,0,0,0,15,0,11000,10036.978540000564,2808.9440999974613,17278.538599995954,28.0
1781969024,1000,POST,/payment/create-order,0.000000,0.000000,39000,39000,39000,39000,39000,39000,39000,39000,39000,39000,39000,8,0,38725.547000001825,30600.42153750146,7007.212700002128,38725.547000001825,181.0
1781969024,1000,POST,/predict/colleges [auth],0.200000,0.000000,35000,35000,35000,35000,35000,35000,35000,35000,35000,35000,35000,6,0,26000,26669.570466666,17694.509000000835,35440.6788999986,2424.5
1781969024,1000,POST,/predict/colleges [guest],1.100000,0.000000,39000,40000,40000,40000,41000,41000,41000,41000,41000,41000,41000,35,0,22000,27379.57521999987,17178.543699999864,41248.59569999535,2391.057142857143
1781969024,1000,POST,/predict/colleges [premium],0.600000,0.000000,35000,35000,35000,35000,35000,35000,35000,35000,35000,35000,35000,16,0,24000,26165.920437500972,16777.160699995875,35439.16460000037,596.875
1781969024,1000,GET,/predict/colleges-list,0.000000,0.000000,24000,24000,24000,24000,24000,24000,24000,24000,24000,24000,24000,11,0,9300,11236.180063636064,452.07429999572923,24329.554299998563,102062.0
1781969024,1000,POST,/predict/rank [auth],0.000000,0.000000,0,0,0,0,0,0,0,0,0,0,0,4,0,12000,12327.78424999924,9512.484300001233,15803.522199996223,125.25
1781969024,1000,POST,/predict/rank [guest],0.000000,0.000000,25000,25000,26000,26000,26000,26000,26000,26000,26000,26000,26000,41,0,15000,14744.59765609794,8062.250299997686,26235.742799995933,123.73170731707317
1781969024,1000,,Aggregated,11.700000,0.000000,36000,39000,40000,41000,41000,41000,41000,41000,41000,41000,41000,556,0,19000,21634.9396077339,452.07429999572923,41248.59569999535,2363.4406474820144
1781969025,1000,POST,/auth/login [setup],8.200000,0.000000,41000,41000,42000,42000,42000,42000,42000,42000,42000,42000,42000,410,0,21000,23044.323948536585,1130.2634000021499,41769.57879999827,174.2560975609756
1781969025,1000,GET,/auth/me,0.700000,0.000000,35000,35000,35000,35000,35000,35000,35000,35000,35000,35000,35000,22,0,17000,22162.63832727385,3772.9913000002853,35425.658200001635,337.77272727272725
1781969025,1000,POST,/auth/update-profile,0.100000,0.000000,35000,35000,35000,35000,35000,35000,35000,35000,35000,35000,35000,6,0,20000,22352.5132499999,17691.20699999621,35409.57790000539,72.0
1781969025,1000,GET,/config,0.000000,0.000000,0,0,0,0,0,0,0,0,0,0,0,15,0,11000,10036.978540000564,2808.9440999974613,17278.538599995954,28.0
1781969025,1000,POST,/payment/create-order,0.500000,0.000000,39000,39000,39000,39000,39000,39000,39000,39000,39000,39000,39000,8,0,38725.547000001825,30600.42153750146,7007.212700002128,38725.547000001825,181.0
1781969025,1000,POST,/predict/colleges [auth],0.100000,0.000000,35000,35000,35000,35000,35000,35000,35000,35000,35000,35000,35000,6,0,26000,26669.570466666,17694.509000000835,35440.6788999986,2424.5
1781969025,1000,POST,/predict/colleges [guest],0.800000,0.000000,39000,40000,40000,40000,41000,42000,42000,42000,42000,42000,42000,36,0,22000,27781.331633333248,17178.543699999864,41842.806100001326,2393.027777777778
1781969025,1000,POST,/predict/colleges [premium],0.600000,0.000000,35000,35000,35000,35000,35000,35000,35000,35000,35000,35000,35000,16,0,24000,26165.920437500972,16777.160699995875,35439.16460000037,596.875
1781969025,1000,GET,/predict/colleges-list,0.000000,0.000000,24000,24000,26000,26000,26000,26000,26000,26000,26000,26000,26000,12,0,9300,12464.059249999385,452.07429999572923,25970.73029999592,102062.0
1781969025,1000,POST,/predict/rank [auth],0.000000,0.000000,0,0,0,0,0,0,0,0,0,0,0,4,0,12000,12327.78424999924,9512.484300001233,15803.522199996223,125.25
1781969025,1000,POST,/predict/rank [guest],0.100000,0.000000,26000,26000,26000,26000,26000,26000,26000,26000,26000,26000,26000,43,0,15000,15265.652139535272,8062.250299997686,26235.742799995933,123.55813953488372
1781969025,1000,,Aggregated,11.100000,0.000000,39000,41000,41000,41000,42000,42000,42000,42000,42000,42000,42000,578,0,21000,22317.174689619478,452.07429999572923,41842.806100001326,2460.173010380623
1781969026,1000,POST,/auth/login [setup],8.200000,0.000000,41000,41000,42000,42000,42000,42000,42000,42000,42000,42000,42000,410,0,21000,23044.323948536585,1130.2634000021499,41769.57879999827,174.2560975609756
1781969026,1000,GET,/auth/me,0.700000,0.000000,35000,35000,35000,35000,35000,35000,35000,35000,35000,35000,35000,22,0,17000,22162.63832727385,3772.9913000002853,35425.658200001635,337.77272727272725
1781969026,1000,POST,/auth/update-profile,0.100000,0.000000,35000,35000,35000,35000,35000,35000,35000,35000,35000,35000,35000,6,0,20000,22352.5132499999,17691.20699999621,35409.57790000539,72.0
1781969026,1000,GET,/config,0.000000,0.000000,0,0,0,0,0,0,0,0,0,0,0,15,0,11000,10036.978540000564,2808.9440999974613,17278.538599995954,28.0
1781969026,1000,POST,/payment/create-order,0.500000,0.000000,39000,39000,39000,39000,39000,39000,39000,39000,39000,39000,39000,8,0,38725.547000001825,30600.42153750146,7007.212700002128,38725.547000001825,181.0
1781969026,1000,POST,/predict/colleges [auth],0.100000,0.000000,35000,35000,35000,35000,35000,35000,35000,35000,35000,35000,35000,6,0,26000,26669.570466666,17694.509000000835,35440.6788999986,2424.5
1781969026,1000,POST,/predict/colleges [guest],0.800000,0.000000,40000,40000,40000,41000,42000,42000,42000,42000,42000,42000,42000,36,0,22000,27781.331633333248,17178.543699999864,41842.806100001326,2393.027777777778
1781969026,1000,POST,/predict/colleges [premium],0.600000,0.000000,35000,35000,35000,35000,35000,35000,35000,35000,35000,35000,35000,16,0,24000,26165.920437500972,16777.160699995875,35439.16460000037,596.875
1781969026,1000,GET,/predict/colleges-list,0.000000,0.000000,24000,24000,26000,26000,26000,26000,26000,26000,26000,26000,26000,12,0,9300,12464.059249999385,452.07429999572923,25970.73029999592,102062.0
1781969026,1000,POST,/predict/rank [auth],0.000000,0.000000,0,0,0,0,0,0,0,0,0,0,0,4,0,12000,12327.78424999924,9512.484300001233,15803.522199996223,125.25
1781969026,1000,POST,/predict/rank [guest],0.100000,0.000000,26000,26000,26000,26000,26000,26000,26000,26000,26000,26000,26000,43,0,15000,15265.652139535272,8062.250299997686,26235.742799995933,123.55813953488372
1781969026,1000,,Aggregated,11.100000,0.000000,39000,41000,41000,41000,42000,42000,42000,42000,42000,42000,42000,578,0,21000,22317.174689619478,452.07429999572923,41842.806100001326,2460.173010380623
1781969027,1000,POST,/auth/login [setup],10.000000,0.000000,41000,42000,42000,42000,44000,44000,44000,44000,44000,44000,44000,424,0,22000,23733.200724999966,1130.2634000021499,44354.93309999583,174.2429245283019
1781969027,1000,GET,/auth/me,0.700000,0.000000,35000,43000,43000,43000,43000,43000,43000,43000,43000,43000,43000,26,0,18000,25361.596865385553,3772.9913000002853,43382.2164000012,337.7692307692308
1781969027,1000,POST,/auth/update-profile,0.100000,0.000000,35000,35000,35000,35000,35000,35000,35000,35000,35000,35000,35000,6,0,20000,22352.5132499999,17691.20699999621,35409.57790000539,72.0
1781969027,1000,GET,/config,0.000000,0.000000,0,0,0,0,0,0,0,0,0,0,0,15,0,11000,10036.978540000564,2808.9440999974613,17278.538599995954,28.0
1781969027,1000,POST,/payment/create-order,0.500000,0.000000,39000,39000,39000,39000,39000,39000,39000,39000,39000,39000,39000,8,0,38725.547000001825,30600.42153750146,7007.212700002128,38725.547000001825,181.0
1781969027,1000,POST,/predict/colleges [auth],0.100000,0.000000,35000,35000,35000,35000,35000,35000,35000,35000,35000,35000,35000,6,0,26000,26669.570466666,17694.509000000835,35440.6788999986,2424.5
1781969027,1000,POST,/predict/colleges [guest],1.100000,0.000000,40000,40000,40000,41000,42000,42000,42000,42000,42000,42000,42000,36,0,22000,27781.331633333248,17178.543699999864,41842.806100001326,2393.027777777778
1781969027,1000,POST,/predict/colleges [premium],0.600000,0.000000,35000,35000,35000,35000,43000,43000,43000,43000,43000,43000,43000,17,0,24000,27144.85915294234,16777.160699995875,42807.87860000419,599.0588235294117
1781969027,1000,GET,/predict/colleges-list,0.300000,0.000000,24000,24000,26000,26000,26000,26000,26000,26000,26000,26000,26000,12,0,9300,12464.059249999385,452.07429999572923,25970.73029999592,102062.0
1781969027,1000,POST,/predict/rank [auth],0.000000,0.000000,0,0,0,0,0,0,0,0,0,0,0,4,0,12000,12327.78424999924,9512.484300001233,15803.522199996223,125.25
1781969027,1000,POST,/predict/rank [guest],0.500000,0.000000,26000,26000,26000,26000,26000,26000,26000,26000,26000,26000,26000,43,0,15000,15265.652139535272,8062.250299997686,26235.742799995933,123.55813953488372
1781969027,1000,,Aggregated,13.900000,0.000000,41000,41000,42000,42000,44000,44000,44000,44000,44000,44000,44000,597,0,21000,22996.08477889455,452.07429999572923,44354.93309999583,2389.278056951424
1781969028,1000,POST,/auth/login [setup],7.100000,0.000000,42000,44000,44000,44000,45000,45000,45000,45000,45000,45000,45000,441,0,22000,24548.486564399027,1130.2634000021499,45266.475999997056,174.19274376417235
1781969028,1000,GET,/auth/me,0.700000,0.000000,43000,43000,44000,44000,44000,44000,44000,44000,44000,44000,44000,30,0,22000,27878.510083334302,3772.9913000002853,44280.04140000121,337.8
1781969028,1000,POST,/auth/update-profile,0.100000,0.000000,35000,35000,35000,35000,35000,35000,35000,35000,35000,35000,35000,6,0,20000,22352.5132499999,17691.20699999621,35409.57790000539,72.0
1781969028,1000,GET,/config,0.000000,0.000000,0,0,0,0,0,0,0,0,0,0,0,15,0,11000,10036.978540000564,2808.9440999974613,17278.538599995954,28.0
1781969028,1000,POST,/payment/create-order,0.500000,0.000000,39000,39000,39000,39000,44000,44000,44000,44000,44000,44000,44000,9,0,39000,32120.18897777873,7007.212700002128,44278.32849999686,181.0
1781969028,1000,POST,/predict/colleges [auth],0.100000,0.000000,44000,44000,44000,44000,44000,44000,44000,44000,44000,44000,44000,7,0,29000,29187.919128570815,17694.509000000835,44298.01109999971,2380.4285714285716
1781969028,1000,POST,/predict/colleges [guest],1.000000,0.000000,40000,40000,41000,41000,42000,42000,42000,42000,42000,42000,42000,36,0,22000,27781.331633333248,17178.543699999864,41842.806100001326,2393.027777777778
1781969028,1000,POST,/predict/colleges [premium],0.600000,0.000000,35000,43000,44000,44000,44000,44000,44000,44000,44000,44000,44000,20,0,29000,29712.446640001144,16777.160699995875,44293.86579999846,598.4
1781969028,1000,GET,/predict/colleges-list,0.300000,0.000000,24000,24000,26000,26000,26000,26000,26000,26000,26000,26000,26000,12,0,9300,12464.059249999385,452.07429999572923,25970.73029999592,102062.0
1781969028,1000,POST,/predict/rank [auth],0.000000,0.000000,0,0,0,0,0,0,0,0,0,0,0,4,0,12000,12327.78424999924,9512.484300001233,15803.522199996223,125.25
1781969028,1000,POST,/predict/rank [guest],0.500000,0.000000,26000,26000,26000,26000,26000,26000,26000,26000,26000,26000,26000,43,0,15000,15265.652139535272,8062.250299997686,26235.742799995933,123.55813953488372
1781969028,1000,,Aggregated,10.900000,0.000000,42000,43000,44000,44000,44000,45000,45000,45000,45000,45000,45000,623,0,21000,23900.45671155704,452.07429999572923,45266.475999997056,2303.0048154093097
1781969029,1000,POST,/auth/login [setup],8.200000,0.000000,42000,44000,44000,44000,45000,45000,45000,45000,45000,45000,45000,444,0,22000,24685.08942117112,1130.2634000021499,45266.475999997056,174.19819819819818
1781969029,1000,GET,/auth/me,0.800000,0.000000,43000,44000,44000,44000,44000,45000,45000,45000,45000,45000,45000,31,0,35000,28417.087561291293,3772.9913000002853,44574.411900000996,337.80645161290323
1781969029,1000,POST,/auth/update-profile,0.100000,0.000000,35000,35000,35000,35000,35000,35000,35000,35000,35000,35000,35000,6,0,20000,22352.5132499999,17691.20699999621,35409.57790000539,72.0
1781969029,1000,GET,/config,0.000000,0.000000,0,0,0,0,0,0,0,0,0,0,0,15,0,11000,10036.978540000564,2808.9440999974613,17278.538599995954,28.0
1781969029,1000,POST,/payment/create-order,0.500000,0.000000,39000,39000,39000,39000,44000,44000,44000,44000,44000,44000,44000,9,0,39000,32120.18897777873,7007.212700002128,44278.32849999686,181.0
1781969029,1000,POST,/predict/colleges [auth],0.100000,0.000000,44000,44000,45000,45000,45000,45000,45000,45000,45000,45000,45000,8,0,29000,31121.904362499663,17694.509000000835,44659.80100000161,2383.375
1781969029,1000,POST,/predict/colleges [guest],1.000000,0.000000,40000,41000,42000,45000,45000,45000,45000,45000,45000,45000,45000,38,0,31000,28703.753686842043,17178.543699999864,45345.5116000041,2392.0263157894738
1781969029,1000,POST,/predict/colleges [premium],0.700000,0.000000,35000,43000,44000,44000,44000,44000,44000,44000,44000,44000,44000,20,0,29000,29712.446640001144,16777.160699995875,44293.86579999846,598.4
1781969029,1000,GET,/predict/colleges-list,0.300000,0.000000,24000,24000,26000,26000,26000,26000,26000,26000,26000,26000,26000,12,0,9300,12464.059249999385,452.07429999572923,25970.73029999592,102062.0
1781969029,1000,POST,/predict/rank [auth],0.000000,0.000000,0,0,0,0,0,0,0,0,0,0,0,4,0,12000,12327.78424999924,9512.484300001233,15803.522199996223,125.25
1781969029,1000,POST,/predict/rank [guest],0.500000,0.000000,26000,26000,26000,26000,26000,26000,26000,26000,26000,26000,26000,43,0,15000,15265.652139535272,8062.250299997686,26235.742799995933,123.55813953488372
1781969029,1000,,Aggregated,12.200000,0.000000,42000,44000,44000,44000,45000,45000,45000,45000,45000,45000,45000,630,0,21000,24133.540593015943,452.07429999572923,45345.5116000041,2290.138095238095
1781969030,1000,POST,/auth/login [setup],8.200000,0.000000,42000,44000,44000,44000,45000,45000,45000,45000,45000,45000,45000,444,0,22000,24685.08942117112,1130.2634000021499,45266.475999997056,174.19819819819818
1781969030,1000,GET,/auth/me,0.800000,0.000000,43000,44000,44000,44000,44000,45000,45000,45000,45000,45000,45000,31,0,35000,28417.087561291293,3772.9913000002853,44574.411900000996,337.80645161290323
1781969030,1000,POST,/auth/update-profile,0.100000,0.000000,35000,35000,35000,35000,35000,35000,35000,35000,35000,35000,35000,6,0,20000,22352.5132499999,17691.20699999621,35409.57790000539,72.0
1781969030,1000,GET,/config,0.000000,0.000000,0,0,0,0,0,0,0,0,0,0,0,15,0,11000,10036.978540000564,2808.9440999974613,17278.538599995954,28.0
1781969030,1000,POST,/payment/create-order,0.500000,0.000000,39000,39000,39000,39000,44000,44000,44000,44000,44000,44000,44000,9,0,39000,32120.18897777873,7007.212700002128,44278.32849999686,181.0
1781969030,1000,POST,/predict/colleges [auth],0.100000,0.000000,44000,44000,45000,45000,45000,45000,45000,45000,45000,45000,45000,8,0,29000,31121.904362499663,17694.509000000835,44659.80100000161,2383.375
1781969030,1000,POST,/predict/colleges [guest],1.000000,0.000000,40000,41000,42000,45000,45000,45000,45000,45000,45000,45000,45000,38,0,31000,28703.753686842043,17178.543699999864,45345.5116000041,2392.0263157894738
1781969030,1000,POST,/predict/colleges [premium],0.700000,0.000000,35000,43000,44000,44000,44000,44000,44000,44000,44000,44000,44000,20,0,29000,29712.446640001144,16777.160699995875,44293.86579999846,598.4
1781969030,1000,GET,/predict/colleges-list,0.300000,0.000000,24000,24000,26000,26000,26000,26000,26000,26000,26000,26000,26000,12,0,9300,12464.059249999385,452.07429999572923,25970.73029999592,102062.0
1781969030,1000,POST,/predict/rank [auth],0.000000,0.000000,0,0,0,0,0,0,0,0,0,0,0,4,0,12000,12327.78424999924,9512.484300001233,15803.522199996223,125.25
1781969030,1000,POST,/predict/rank [guest],0.500000,0.000000,26000,26000,26000,26000,26000,26000,26000,26000,26000,26000,26000,43,0,15000,15265.652139535272,8062.250299997686,26235.742799995933,123.55813953488372
1781969030,1000,,Aggregated,12.200000,0.000000,42000,44000,44000,44000,45000,45000,45000,45000,45000,45000,45000,630,0,21000,24133.540593015943,452.07429999572923,45345.5116000041,2290.138095238095
1781969031,1000,POST,/auth/login [setup],9.100000,0.000000,42000,44000,44000,44000,45000,45000,45000,45000,45000,45000,45000,444,0,22000,24685.08942117112,1130.2634000021499,45266.475999997056,174.19819819819818
1781969031,1000,GET,/auth/me,0.900000,0.000000,44000,44000,44000,44000,45000,45000,45000,45000,45000,45000,45000,31,0,35000,28417.087561291293,3772.9913000002853,44574.411900000996,337.80645161290323
1781969031,1000,POST,/auth/update-profile,0.000000,0.000000,47000,47000,47000,47000,47000,47000,47000,47000,47000,47000,47000,7,0,21000,25936.607142856312,17691.20699999621,47441.17049999477,72.0
1781969031,1000,GET,/config,0.000000,0.000000,0,0,0,0,0,0,0,0,0,0,0,15,0,11000,10036.978540000564,2808.9440999974613,17278.538599995954,28.0
1781969031,1000,POST,/payment/create-order,0.600000,0.000000,39000,39000,39000,39000,44000,44000,44000,44000,44000,44000,44000,9,0,39000,32120.18897777873,7007.212700002128,44278.32849999686,181.0
1781969031,1000,POST,/predict/colleges [auth],0.200000,0.000000,44000,44000,45000,45000,45000,45000,45000,45000,45000,45000,45000,8,0,29000,31121.904362499663,17694.509000000835,44659.80100000161,2383.375
1781969031,1000,POST,/predict/colleges [guest],0.800000,0.000000,42000,45000,45000,47000,47000,47000,47000,47000,47000,47000,47000,40,0,31000,29637.808384999884,17178.543699999864,47385.68010000017,2394.925
1781969031,1000,POST,/predict/colleges [premium],0.400000,0.000000,44000,44000,44000,44000,44000,44000,44000,44000,44000,44000,44000,20,0,29000,29712.446640001144,16777.160699995875,44293.86579999846,598.4
1781969031,1000,GET,/predict/colleges-list,0.300000,0.000000,24000,24000,26000,26000,26000,26000,26000,26000,26000,26000,26000,12,0,9300,12464.059249999385,452.07429999572923,25970.73029999592,102062.0
1781969031,1000,POST,/predict/rank [auth],0.000000,0.000000,0,0,0,0,0,0,0,0,0,0,0,4,0,12000,12327.78424999924,9512.484300001233,15803.522199996223,125.25
1781969031,1000,POST,/predict/rank [guest],0.500000,0.000000,26000,26000,26000,26000,26000,26000,26000,26000,26000,26000,26000,43,0,15000,15265.652139535272,8062.250299997686,26235.742799995933,123.55813953488372
1781969031,1000,,Aggregated,12.800000,0.000000,42000,44000,44000,44000,45000,45000,47000,47000,47000,47000,47000,633,0,21000,24243.825338704642,452.07429999572923,47441.17049999477,2287.139020537125
1781969032,1000,POST,/auth/login [setup],9.100000,0.000000,44000,45000,47000,48000,48000,48000,48000,48000,48000,48000,48000,482,0,29000,26519.471942323653,1130.2634000021499,48394.945500003814,174.15145228215766
1781969032,1000,GET,/auth/me,0.900000,0.000000,44000,44000,44000,45000,48000,48000,48000,48000,48000,48000,48000,32,0,35000,29016.07827187581,3772.9913000002853,47584.7902999958,337.8125
1781969032,1000,POST,/auth/update-profile,0.000000,0.000000,47000,47000,47000,47000,47000,47000,47000,47000,47000,47000,47000,7,0,21000,25936.607142856312,17691.20699999621,47441.17049999477,72.0
1781969032,1000,GET,/config,0.000000,0.000000,0,0,0,0,0,0,0,0,0,0,0,15,0,11000,10036.978540000564,2808.9440999974613,17278.538599995954,28.0
1781969032,1000,POST,/payment/create-order,0.600000,0.000000,39000,39000,39000,39000,44000,44000,44000,44000,44000,44000,44000,9,0,39000,32120.18897777873,7007.212700002128,44278.32849999686,181.0
1781969032,1000,POST,/predict/colleges [auth],0.200000,0.000000,45000,45000,45000,45000,45000,45000,45000,45000,45000,45000,45000,8,0,29000,31121.904362499663,17694.509000000835,44659.80100000161,2383.375
1781969032,1000,POST,/predict/colleges [guest],0.900000,0.000000,45000,45000,47000,47000,48000,48000,48000,48000,48000,48000,48000,41,0,31000,30082.780870731614,17178.543699999864,47881.68030000088,2394.4146341463415
1781969032,1000,POST,/predict/colleges [premium],0.400000,0.000000,44000,44000,44000,44000,44000,44000,44000,44000,44000,44000,44000,20,0,29000,29712.446640001144,16777.160699995875,44293.86579999846,598.4
1781969032,1000,GET,/predict/colleges-list,0.300000,0.000000,24000,24000,26000,26000,26000,26000,26000,26000,26000,26000,26000,12,0,9300,12464.059249999385,452.07429999572923,25970.73029999592,102062.0
1781969032,1000,POST,/predict/rank [auth],0.000000,0.000000,0,0,0,0,0,0,0,0,0,0,0,4,0,12000,12327.78424999924,9512.484300001233,15803.522199996223,125.25
1781969032,1000,POST,/predict/rank [guest],0.500000,0.000000,26000,26000,26000,26000,26000,26000,26000,26000,26000,26000,26000,43,0,15000,15265.652139535272,8062.250299997686,26235.742799995933,123.55813953488372
1781969032,1000,,Aggregated,12.900000,0.000000,44000,45000,47000,47000,48000,48000,48000,48000,48000,48000,48000,673,0,22000,25652.32345200604,452.07429999572923,48394.945500003814,2165.034175334324
1781969033,1000,POST,/auth/login [setup],9.100000,0.000000,45000,48000,48000,48000,48000,48000,49000,49000,49000,49000,49000,492,0,29000,26952.481660162604,1130.2634000021499,48563.545500001055,174.1219512195122
1781969033,1000,GET,/auth/me,0.900000,0.000000,44000,44000,44000,45000,48000,48000,48000,48000,48000,48000,48000,32,0,35000,29016.07827187581,3772.9913000002853,47584.7902999958,337.8125
1781969033,1000,POST,/auth/update-profile,0.000000,0.000000,47000,47000,47000,47000,47000,47000,47000,47000,47000,47000,47000,7,0,21000,25936.607142856312,17691.20699999621,47441.17049999477,72.0
1781969033,1000,GET,/config,0.000000,0.000000,0,0,0,0,0,0,0,0,0,0,0,15,0,11000,10036.978540000564,2808.9440999974613,17278.538599995954,28.0
1781969033,1000,POST,/payment/create-order,0.600000,0.000000,39000,39000,39000,39000,44000,44000,44000,44000,44000,44000,44000,9,0,39000,32120.18897777873,7007.212700002128,44278.32849999686,181.0
1781969033,1000,POST,/predict/colleges [auth],0.200000,0.000000,45000,45000,45000,45000,45000,45000,45000,45000,45000,45000,45000,8,0,29000,31121.904362499663,17694.509000000835,44659.80100000161,2383.375
1781969033,1000,POST,/predict/colleges [guest],0.900000,0.000000,47000,47000,47000,48000,48000,48000,48000,48000,48000,48000,48000,44,0,31000,31270.856761363495,17178.543699999864,47881.68030000088,2392.7727272727275
1781969033,1000,POST,/predict/colleges [premium],0.400000,0.000000,44000,44000,44000,44000,44000,44000,44000,44000,44000,44000,44000,20,0,29000,29712.446640001144,16777.160699995875,44293.86579999846,598.4
1781969033,1000,GET,/predict/colleges-list,0.300000,0.000000,26000,26000,26000,26000,26000,26000,26000,26000,26000,26000,26000,12,0,9300,12464.059249999385,452.07429999572923,25970.73029999592,102062.0
1781969033,1000,POST,/predict/rank [auth],0.000000,0.000000,0,0,0,0,0,0,0,0,0,0,0,4,0,12000,12327.78424999924,9512.484300001233,15803.522199996223,125.25
1781969033,1000,POST,/predict/rank [guest],0.500000,0.000000,26000,26000,26000,26000,26000,26000,26000,26000,26000,26000,26000,43,0,15000,15265.652139535272,8062.250299997686,26235.742799995933,123.55813953488372
1781969033,1000,,Aggregated,12.900000,0.000000,45000,47000,48000,48000,48000,48000,49000,49000,49000,49000,49000,686,0,24000,26071.09747172021,452.07429999572923,48563.545500001055,2136.8892128279886
1781969034,1000,POST,/auth/login [setup],9.100000,0.000000,45000,48000,48000,48000,48000,48000,49000,49000,49000,49000,49000,492,0,29000,26952.481660162604,1130.2634000021499,48563.545500001055,174.1219512195122
1781969034,1000,GET,/auth/me,0.900000,0.000000,44000,44000,44000,45000,48000,48000,48000,48000,48000,48000,48000,32,0,35000,29016.07827187581,3772.9913000002853,47584.7902999958,337.8125
1781969034,1000,POST,/auth/update-profile,0.000000,0.000000,47000,47000,47000,47000,47000,47000,47000,47000,47000,47000,47000,7,0,21000,25936.607142856312,17691.20699999621,47441.17049999477,72.0
1781969034,1000,GET,/config,0.000000,0.000000,0,0,0,0,0,0,0,0,0,0,0,15,0,11000,10036.978540000564,2808.9440999974613,17278.538599995954,28.0
1781969034,1000,POST,/payment/create-order,0.600000,0.000000,44000,44000,44000,44000,44000,44000,44000,44000,44000,44000,44000,9,0,39000,32120.18897777873,7007.212700002128,44278.32849999686,181.0
1781969034,1000,POST,/predict/colleges [auth],0.200000,0.000000,45000,45000,45000,45000,45000,45000,45000,45000,45000,45000,45000,8,0,29000,31121.904362499663,17694.509000000835,44659.80100000161,2383.375
1781969034,1000,POST,/predict/colleges [guest],0.900000,0.000000,47000,47000,47000,48000,48000,48000,48000,48000,48000,48000,48000,44,0,31000,31270.856761363495,17178.543699999864,47881.68030000088,2392.7727272727275
1781969034,1000,POST,/predict/colleges [premium],0.400000,0.000000,44000,44000,44000,44000,44000,44000,44000,44000,44000,44000,44000,20,0,29000,29712.446640001144,16777.160699995875,44293.86579999846,598.4
1781969034,1000,GET,/predict/colleges-list,0.300000,0.000000,26000,26000,26000,26000,26000,26000,26000,26000,26000,26000,26000,12,0,9300,12464.059249999385,452.07429999572923,25970.73029999592,102062.0
1781969034,1000,POST,/predict/rank [auth],0.000000,0.000000,0,0,0,0,0,0,0,0,0,0,0,4,0,12000,12327.78424999924,9512.484300001233,15803.522199996223,125.25
1781969034,1000,POST,/predict/rank [guest],0.500000,0.000000,26000,26000,26000,26000,26000,26000,26000,26000,26000,26000,26000,43,0,15000,15265.652139535272,8062.250299997686,26235.742799995933,123.55813953488372
1781969034,1000,,Aggregated,12.900000,0.000000,45000,47000,48000,48000,48000,48000,49000,49000,49000,49000,49000,686,0,24000,26071.09747172021,452.07429999572923,48563.545500001055,2136.8892128279886
1781969035,1000,POST,/auth/login [setup],8.800000,0.000000,47000,48000,48000,48000,48000,48000,49000,49000,49000,49000,49000,492,0,29000,26952.481660162604,1130.2634000021499,48563.545500001055,174.1219512195122
1781969035,1000,GET,/auth/me,1.000000,0.000000,44000,44000,44000,45000,48000,48000,48000,48000,48000,48000,48000,32,0,35000,29016.07827187581,3772.9913000002853,47584.7902999958,337.8125
1781969035,1000,POST,/auth/update-profile,0.100000,0.000000,47000,47000,47000,47000,47000,47000,47000,47000,47000,47000,47000,7,0,21000,25936.607142856312,17691.20699999621,47441.17049999477,72.0
1781969035,1000,GET,/config,0.000000,0.000000,36000,36000,36000,36000,36000,36000,36000,36000,36000,36000,36000,16,0,11000,11641.896800000723,2808.9440999974613,35715.6707000031,28.0
1781969035,1000,POST,/payment/create-order,0.100000,0.000000,44000,44000,44000,44000,44000,44000,44000,44000,44000,44000,44000,9,0,39000,32120.18897777873,7007.212700002128,44278.32849999686,181.0
1781969035,1000,POST,/predict/colleges [auth],0.200000,0.000000,45000,45000,45000,45000,45000,45000,45000,45000,45000,45000,45000,8,0,29000,31121.904362499663,17694.509000000835,44659.80100000161,2383.375
1781969035,1000,POST,/predict/colleges [guest],1.000000,0.000000,47000,47000,47000,48000,48000,48000,48000,48000,48000,48000,48000,44,0,31000,31270.856761363495,17178.543699999864,47881.68030000088,2392.7727272727275
1781969035,1000,POST,/predict/colleges [premium],0.400000,0.000000,44000,44000,44000,44000,44000,44000,44000,44000,44000,44000,44000,20,0,29000,29712.446640001144,16777.160699995875,44293.86579999846,598.4
1781969035,1000,GET,/predict/colleges-list,0.300000,0.000000,26000,26000,26000,26000,26000,26000,26000,26000,26000,26000,26000,12,0,9300,12464.059249999385,452.07429999572923,25970.73029999592,102062.0
1781969035,1000,POST,/predict/rank [auth],0.000000,0.000000,0,0,0,0,0,0,0,0,0,0,0,4,0,12000,12327.78424999924,9512.484300001233,15803.522199996223,125.25
1781969035,1000,POST,/predict/rank [guest],0.400000,0.000000,26000,26000,26000,26000,26000,26000,26000,26000,26000,26000,26000,43,0,15000,15265.652139535272,8062.250299997686,26235.742799995933,123.55813953488372
1781969035,1000,,Aggregated,12.300000,0.000000,47000,47000,48000,48000,48000,48000,49000,49000,49000,49000,49000,687,0,24000,26085.136151819603,452.07429999572923,48563.545500001055,2133.819505094614
1781969036,1000,POST,/auth/login [setup],8.800000,0.000000,47000,48000,48000,48000,48000,48000,49000,49000,49000,49000,49000,492,0,29000,26952.481660162604,1130.2634000021499,48563.545500001055,174.1219512195122
1781969036,1000,GET,/auth/me,1.000000,0.000000,44000,44000,45000,45000,48000,48000,48000,48000,48000,48000,48000,32,0,35000,29016.07827187581,3772.9913000002853,47584.7902999958,337.8125
1781969036,1000,POST,/auth/update-profile,0.100000,0.000000,47000,47000,47000,47000,47000,47000,47000,47000,47000,47000,47000,7,0,21000,25936.607142856312,17691.20699999621,47441.17049999477,72.0
1781969036,1000,GET,/config,0.000000,0.000000,36000,36000,36000,36000,36000,36000,36000,36000,36000,36000,36000,16,0,11000,11641.896800000723,2808.9440999974613,35715.6707000031,28.0
1781969036,1000,POST,/payment/create-order,0.100000,0.000000,44000,44000,44000,44000,44000,44000,44000,44000,44000,44000,44000,9,0,39000,32120.18897777873,7007.212700002128,44278.32849999686,181.0
1781969036,1000,POST,/predict/colleges [auth],0.200000,0.000000,45000,45000,45000,45000,45000,45000,45000,45000,45000,45000,45000,8,0,29000,31121.904362499663,17694.509000000835,44659.80100000161,2383.375
1781969036,1000,POST,/predict/colleges [guest],1.000000,0.000000,47000,47000,48000,48000,48000,48000,48000,48000,48000,48000,48000,44,0,31000,31270.856761363495,17178.543699999864,47881.68030000088,2392.7727272727275
1781969036,1000,POST,/predict/colleges [premium],0.400000,0.000000,44000,44000,44000,44000,44000,44000,44000,44000,44000,44000,44000,20,0,29000,29712.446640001144,16777.160699995875,44293.86579999846,598.4
1781969036,1000,GET,/predict/colleges-list,0.300000,0.000000,26000,26000,26000,26000,26000,26000,26000,26000,26000,26000,26000,12,0,9300,12464.059249999385,452.07429999572923,25970.73029999592,102062.0
1781969036,1000,POST,/predict/rank [auth],0.000000,0.000000,0,0,0,0,0,0,0,0,0,0,0,4,0,12000,12327.78424999924,9512.484300001233,15803.522199996223,125.25
1781969036,1000,POST,/predict/rank [guest],0.400000,0.000000,26000,26000,26000,26000,26000,26000,26000,26000,26000,26000,26000,43,0,15000,15265.652139535272,8062.250299997686,26235.742799995933,123.55813953488372
1781969036,1000,,Aggregated,12.300000,0.000000,47000,48000,48000,48000,48000,48000,49000,49000,49000,49000,49000,687,0,24000,26085.136151819603,452.07429999572923,48563.545500001055,2133.819505094614
1781969037,1000,POST,/auth/login [setup],8.200000,0.000000,48000,52000,52000,52000,53000,53000,53000,54000,54000,54000,54000,522,0,29000,28424.653922796882,1130.2634000021499,53507.54020000022,174.11302681992336
1781969037,1000,GET,/auth/me,1.000000,0.000000,48000,48000,49000,49000,49000,49000,49000,49000,49000,49000,49000,33,0,35000,29608.176821212863,3772.9913000002853,48555.33039999864,337.8181818181818
1781969037,1000,POST,/auth/update-profile,0.100000,0.000000,50000,50000,50000,50000,50000,50000,50000,50000,50000,50000,50000,8,0,21000,28900.1015749991,17691.20699999621,49644.56259999861,72.0
1781969037,1000,GET,/config,0.100000,0.000000,36000,36000,36000,36000,36000,36000,36000,36000,36000,36000,36000,16,0,11000,11641.896800000723,2808.9440999974613,35715.6707000031,28.0
1781969037,1000,POST,/payment/create-order,0.100000,0.000000,50000,50000,50000,50000,50000,50000,50000,50000,50000,50000,50000,10,0,39000,33882.43815000096,7007.212700002128,49742.680700001074,181.0
1781969037,1000,POST,/predict/colleges [auth],0.200000,0.000000,45000,45000,49000,49000,49000,49000,49000,49000,49000,49000,49000,9,0,31000,33146.292599999775,17694.509000000835,49341.39850000065,2393.1111111111113
1781969037,1000,POST,/predict/colleges [guest],0.800000,0.000000,47000,47000,48000,48000,48000,48000,48000,48000,48000,48000,48000,44,0,31000,31270.856761363495,17178.543699999864,47881.68030000088,2392.7727272727275
1781969037,1000,POST,/predict/colleges [premium],0.400000,0.000000,49000,49000,49000,49000,49000,49000,49000,49000,49000,49000,49000,22,0,35000,31496.78116363727,16777.160699995875,49340.41910000087,600.0454545454545
1781969037,1000,GET,/predict/colleges-list,0.000000,0.000000,26000,26000,26000,26000,26000,26000,26000,26000,26000,26000,26000,12,0,9300,12464.059249999385,452.07429999572923,25970.73029999592,102062.0
1781969037,1000,POST,/predict/rank [auth],0.000000,0.000000,0,0,0,0,0,0,0,0,0,0,0,4,0,12000,12327.78424999924,9512.484300001233,15803.522199996223,125.25
1781969037,1000,POST,/predict/rank [guest],0.000000,0.000000,26000,26000,26000,26000,26000,26000,26000,26000,26000,26000,26000,43,0,15000,15265.652139535272,8062.250299997686,26235.742799995933,123.55813953488372
1781969037,1000,,Aggregated,10.900000,0.000000,48000,49000,52000,52000,53000,53000,53000,53000,54000,54000,54000,723,0,29000,27376.90336403878,452.07429999572923,53507.54020000022,2040.7302904564315
1781969038,1000,POST,/auth/login [setup],8.200000,0.000000,48000,52000,52000,52000,53000,53000,53000,54000,54000,54000,54000,522,0,29000,28424.653922796882,1130.2634000021499,53507.54020000022,174.11302681992336
1781969038,1000,GET,/auth/me,1.000000,0.000000,48000,48000,49000,49000,49000,49000,49000,49000,49000,49000,49000,33,0,35000,29608.176821212863,3772.9913000002853,48555.33039999864,337.8181818181818
1781969038,1000,POST,/auth/update-profile,0.100000,0.000000,50000,50000,50000,50000,50000,50000,50000,50000,50000,50000,50000,8,0,21000,28900.1015749991,17691.20699999621,49644.56259999861,72.0
1781969038,1000,GET,/config,0.100000,0.000000,36000,36000,36000,36000,36000,36000,36000,36000,36000,36000,36000,16,0,11000,11641.896800000723,2808.9440999974613,35715.6707000031,28.0
1781969038,1000,POST,/payment/create-order,0.100000,0.000000,50000,50000,50000,50000,50000,50000,50000,50000,50000,50000,50000,10,0,39000,33882.43815000096,7007.212700002128,49742.680700001074,181.0
1781969038,1000,POST,/predict/colleges [auth],0.200000,0.000000,45000,45000,49000,49000,49000,49000,49000,49000,49000,49000,49000,9,0,31000,33146.292599999775,17694.509000000835,49341.39850000065,2393.1111111111113
1781969038,1000,POST,/predict/colleges [guest],0.800000,0.000000,47000,47000,48000,48000,48000,48000,48000,48000,48000,48000,48000,44,0,31000,31270.856761363495,17178.543699999864,47881.68030000088,2392.7727272727275
1781969038,1000,POST,/predict/colleges [premium],0.400000,0.000000,49000,49000,49000,49000,49000,49000,49000,49000,49000,49000,49000,22,0,35000,31496.78116363727,16777.160699995875,49340.41910000087,600.0454545454545
1781969038,1000,GET,/predict/colleges-list,0.000000,0.000000,26000,26000,26000,26000,26000,26000,26000,26000,26000,26000,26000,12,0,9300,12464.059249999385,452.07429999572923,25970.73029999592,102062.0
1781969038,1000,POST,/predict/rank [auth],0.000000,0.000000,0,0,0,0,0,0,0,0,0,0,0,4,0,12000,12327.78424999924,9512.484300001233,15803.522199996223,125.25
1781969038,1000,POST,/predict/rank [guest],0.000000,0.000000,26000,26000,26000,26000,26000,26000,26000,26000,26000,26000,26000,43,0,15000,15265.652139535272,8062.250299997686,26235.742799995933,123.55813953488372
1781969038,1000,,Aggregated,10.900000,0.000000,48000,49000,52000,52000,53000,53000,53000,54000,54000,54000,54000,723,0,29000,27376.90336403878,452.07429999572923,53507.54020000022,2040.7302904564315
1781969039,1000,POST,/auth/login [setup],8.200000,0.000000,48000,52000,52000,53000,53000,53000,53000,54000,54000,54000,54000,522,0,29000,28424.653922796882,1130.2634000021499,53507.54020000022,174.11302681992336
1781969039,1000,GET,/auth/me,1.000000,0.000000,49000,49000,53000,53000,53000,53000,53000,53000,53000,53000,53000,34,0,35000,30294.672838235885,3772.9913000002853,52949.04139999562,337.8235294117647
1781969039,1000,POST,/auth/update-profile,0.100000,0.000000,50000,50000,50000,50000,50000,50000,50000,50000,50000,50000,50000,8,0,21000,28900.1015749991,17691.20699999621,49644.56259999861,72.0
1781969039,1000,GET,/config,0.100000,0.000000,36000,36000,36000,36000,36000,36000,36000,36000,36000,36000,36000,16,0,11000,11641.896800000723,2808.9440999974613,35715.6707000031,28.0
1781969039,1000,POST,/payment/create-order,0.100000,0.000000,50000,50000,50000,50000,50000,50000,50000,50000,50000,50000,50000,10,0,39000,33882.43815000096,7007.212700002128,49742.680700001074,181.0
1781969039,1000,POST,/predict/colleges [auth],0.200000,0.000000,45000,45000,49000,49000,49000,49000,49000,49000,49000,49000,49000,9,0,31000,33146.292599999775,17694.509000000835,49341.39850000065,2393.1111111111113
1781969039,1000,POST,/predict/colleges [guest],0.800000,0.000000,47000,47000,48000,48000,48000,48000,48000,48000,48000,48000,48000,44,0,31000,31270.856761363495,17178.543699999864,47881.68030000088,2392.7727272727275
1781969039,1000,POST,/predict/colleges [premium],0.400000,0.000000,49000,49000,49000,51000,51000,51000,51000,51000,51000,51000,51000,23,0,35000,32340.862295652976,16777.160699995875,50910.64719999849,600.695652173913
1781969039,1000,GET,/predict/colleges-list,0.000000,0.000000,26000,26000,26000,26000,26000,26000,26000,26000,26000,26000,26000,12,0,9300,12464.059249999385,452.07429999572923,25970.73029999592,102062.0
1781969039,1000,POST,/predict/rank [auth],0.000000,0.000000,0,0,0,0,0,0,0,0,0,0,0,4,0,12000,12327.78424999924,9512.484300001233,15803.522199996223,125.25
1781969039,1000,POST,/predict/rank [guest],0.000000,0.000000,26000,26000,26000,26000,26000,26000,26000,26000,26000,26000,26000,43,0,15000,15265.652139535272,8062.250299997686,26235.742799995933,123.55813953488372
1781969039,1000,,Aggregated,10.900000,0.000000,48000,50000,52000,52000,53000,53000,53000,54000,54000,54000,54000,725,0,29000,27444.635614896597,452.07429999572923,53507.54020000022,2036.415172413793
1781969040,1000,POST,/auth/login [setup],8.800000,0.000000,48000,52000,52000,53000,53000,53000,54000,54000,54000,54000,54000,523,0,29000,28474.4105606118,1130.2634000021499,54447.37549999991,174.1147227533461
1781969040,1000,GET,/auth/me,0.400000,0.000000,52000,52000,52000,52000,53000,53000,53000,53000,53000,53000,53000,37,0,35000,32025.229737838265,3772.9913000002853,52949.04139999562,337.86486486486484
1781969040,1000,POST,/auth/update-profile,0.200000,0.000000,50000,50000,50000,50000,50000,50000,50000,50000,50000,50000,50000,8,0,21000,28900.1015749991,17691.20699999621,49644.56259999861,72.0
1781969040,1000,GET,/config,0.100000,0.000000,36000,36000,36000,36000,36000,36000,36000,36000,36000,36000,36000,16,0,11000,11641.896800000723,2808.9440999974613,35715.6707000031,28.0
1781969040,1000,POST,/payment/create-order,0.200000,0.000000,50000,50000,53000,53000,53000,53000,53000,53000,53000,53000,53000,11,0,39000,35612.941972728135,7007.212700002128,52917.980199999874,181.0
1781969040,1000,POST,/predict/colleges [auth],0.300000,0.000000,49000,49000,52000,52000,52000,52000,52000,52000,52000,52000,52000,10,0,31000,35062.70536999946,17694.509000000835,52310.42029999662,2406.2
1781969040,1000,POST,/predict/colleges [guest],0.800000,0.000000,47000,48000,48000,48000,54000,54000,54000,54000,54000,54000,54000,45,0,31000,31776.559948888866,17178.543699999864,54027.50020000531,2392.7555555555555
1781969040,1000,POST,/predict/colleges [premium],0.400000,0.000000,49000,49000,49000,51000,51000,51000,51000,51000,51000,51000,51000,23,0,35000,32340.862295652976,16777.160699995875,50910.64719999849,600.695652173913
1781969040,1000,GET,/predict/colleges-list,0.000000,0.000000,26000,26000,26000,26000,26000,26000,26000,26000,26000,26000,26000,12,0,9300,12464.059249999385,452.07429999572923,25970.73029999592,102062.0
1781969040,1000,POST,/predict/rank [auth],0.000000,0.000000,0,0,0,0,0,0,0,0,0,0,0,4,0,12000,12327.78424999924,9512.484300001233,15803.522199996223,125.25
1781969040,1000,POST,/predict/rank [guest],0.000000,0.000000,26000,26000,26000,26000,26000,26000,26000,26000,26000,26000,26000,43,0,15000,15265.652139535272,8062.250299997686,26235.742799995933,123.55813953488372
1781969040,1000,,Aggregated,11.200000,0.000000,48000,52000,52000,53000,53000,53000,54000,54000,54000,54000,54000,732,0,29000,27685.763279781462,452.07429999572923,54447.37549999991,2025.5300546448088
1781969041,1000,POST,/auth/login [setup],7.800000,0.000000,53000,55000,55000,55000,55000,55000,55000,55000,55000,55000,55000,564,0,31000,30410.66818741127,1130.2634000021499,55486.93059999641,174.0336879432624
1781969041,1000,GET,/auth/me,0.300000,0.000000,52000,52000,52000,52000,53000,53000,53000,53000,53000,53000,53000,37,0,35000,32025.229737838265,3772.9913000002853,52949.04139999562,337.86486486486484
1781969041,1000,POST,/auth/update-profile,0.200000,0.000000,50000,50000,50000,50000,50000,50000,50000,50000,50000,50000,50000,8,0,21000,28900.1015749991,17691.20699999621,49644.56259999861,72.0
1781969041,1000,GET,/config,0.100000,0.000000,36000,36000,36000,36000,36000,36000,36000,36000,36000,36000,36000,16,0,11000,11641.896800000723,2808.9440999974613,35715.6707000031,28.0
1781969041,1000,POST,/payment/create-order,0.100000,0.000000,52000,53000,53000,53000,53000,53000,53000,53000,53000,53000,53000,13,0,39000,38240.77960769332,7007.212700002128,53132.49699999869,181.0
1781969041,1000,POST,/predict/colleges [auth],0.100000,0.000000,49000,49000,52000,52000,52000,52000,52000,52000,52000,52000,52000,10,0,31000,35062.70536999946,17694.509000000835,52310.42029999662,2406.2
1781969041,1000,POST,/predict/colleges [guest],0.800000,0.000000,54000,54000,55000,55000,55000,55000,55000,55000,55000,55000,55000,51,0,35000,34454.35857254893,17178.543699999864,55488.567699998384,2390.372549019608
1781969041,1000,POST,/predict/colleges [premium],0.300000,0.000000,49000,49000,49000,51000,51000,51000,51000,51000,51000,51000,51000,23,0,35000,32340.862295652976,16777.160699995875,50910.64719999849,600.695652173913
1781969041,1000,GET,/predict/colleges-list,0.000000,0.000000,26000,26000,26000,26000,26000,26000,26000,26000,26000,26000,26000,12,0,9300,12464.059249999385,452.07429999572923,25970.73029999592,102062.0
1781969041,1000,POST,/predict/rank [auth],0.000000,0.000000,0,0,0,0,0,0,0,0,0,0,0,4,0,12000,12327.78424999924,9512.484300001233,15803.522199996223,125.25
1781969041,1000,POST,/predict/rank [guest],0.000000,0.000000,26000,26000,26000,26000,26000,26000,26000,26000,26000,26000,26000,43,0,15000,15265.652139535272,8062.250299997686,26235.742799995933,123.55813953488372
1781969041,1000,,Aggregated,9.700000,0.000000,53000,54000,55000,55000,55000,55000,55000,55000,55000,55000,55000,781,0,29000,29395.766604353397,452.07429999572923,55488.567699998384,1926.2202304737516
1781969042,1000,POST,/auth/login [setup],7.800000,0.000000,53000,55000,55000,55000,55000,55000,55000,55000,55000,55000,55000,564,0,31000,30410.66818741127,1130.2634000021499,55486.93059999641,174.0336879432624
1781969042,1000,GET,/auth/me,0.300000,0.000000,52000,52000,52000,52000,53000,53000,53000,53000,53000,53000,53000,37,0,35000,32025.229737838265,3772.9913000002853,52949.04139999562,337.86486486486484
1781969042,1000,POST,/auth/update-profile,0.200000,0.000000,50000,50000,50000,50000,50000,50000,50000,50000,50000,50000,50000,8,0,21000,28900.1015749991,17691.20699999621,49644.56259999861,72.0
1781969042,1000,GET,/config,0.100000,0.000000,36000,36000,36000,36000,36000,36000,36000,36000,36000,36000,36000,16,0,11000,11641.896800000723,2808.9440999974613,35715.6707000031,28.0
1781969042,1000,POST,/payment/create-order,0.100000,0.000000,53000,53000,53000,53000,53000,53000,53000,53000,53000,53000,53000,13,0,39000,38240.77960769332,7007.212700002128,53132.49699999869,181.0
1781969042,1000,POST,/predict/colleges [auth],0.100000,0.000000,52000,52000,52000,52000,52000,52000,52000,52000,52000,52000,52000,10,0,31000,35062.70536999946,17694.509000000835,52310.42029999662,2406.2
1781969042,1000,POST,/predict/colleges [guest],0.800000,0.000000,54000,55000,55000,55000,55000,55000,55000,55000,55000,55000,55000,53,0,36000,35222.447741509415,17178.543699999864,55488.567699998384,2391.830188679245
1781969042,1000,POST,/predict/colleges [premium],0.300000,0.000000,49000,49000,51000,51000,51000,51000,51000,51000,51000,51000,51000,23,0,35000,32340.862295652976,16777.160699995875,50910.64719999849,600.695652173913
1781969042,1000,GET,/predict/colleges-list,0.000000,0.000000,0,0,0,0,0,0,0,0,0,0,0,12,0,9300,12464.059249999385,452.07429999572923,25970.73029999592,102062.0
1781969042,1000,POST,/predict/rank [auth],0.000000,0.000000,0,0,0,0,0,0,0,0,0,0,0,4,0,12000,12327.78424999924,9512.484300001233,15803.522199996223,125.25
1781969042,1000,POST,/predict/rank [guest],0.000000,0.000000,0,0,0,0,0,0,0,0,0,0,0,43,0,15000,15265.652139535272,8062.250299997686,26235.742799995933,123.55813953488372
1781969042,1000,,Aggregated,9.700000,0.000000,53000,54000,55000,55000,55000,55000,55000,55000,55000,55000,55000,783,0,29000,29460.678366666678,452.07429999572923,55488.567699998384,1927.5044699872285
1781969043,1000,POST,/auth/login [setup],7.800000,0.000000,53000,55000,55000,55000,55000,55000,55000,55000,55000,55000,55000,564,0,31000,30410.66818741127,1130.2634000021499,55486.93059999641,174.0336879432624
1781969043,1000,GET,/auth/me,0.300000,0.000000,52000,52000,52000,53000,53000,53000,53000,53000,53000,53000,53000,37,0,35000,32025.229737838265,3772.9913000002853,52949.04139999562,337.86486486486484
1781969043,1000,POST,/auth/update-profile,0.200000,0.000000,50000,50000,50000,50000,50000,50000,50000,50000,50000,50000,50000,8,0,21000,28900.1015749991,17691.20699999621,49644.56259999861,72.0
1781969043,1000,GET,/config,0.100000,0.000000,36000,36000,36000,36000,36000,36000,36000,36000,36000,36000,36000,16,0,11000,11641.896800000723,2808.9440999974613,35715.6707000031,28.0
1781969043,1000,POST,/payment/create-order,0.100000,0.000000,53000,53000,53000,53000,53000,53000,53000,53000,53000,53000,53000,13,0,39000,38240.77960769332,7007.212700002128,53132.49699999869,181.0
1781969043,1000,POST,/predict/colleges [auth],0.100000,0.000000,52000,52000,52000,52000,52000,52000,52000,52000,52000,52000,52000,10,0,31000,35062.70536999946,17694.509000000835,52310.42029999662,2406.2
1781969043,1000,POST,/predict/colleges [guest],0.800000,0.000000,54000,55000,55000,55000,55000,55000,55000,55000,55000,55000,55000,53,0,36000,35222.447741509415,17178.543699999864,55488.567699998384,2391.830188679245
1781969043,1000,POST,/predict/colleges [premium],0.300000,0.000000,49000,49000,51000,51000,51000,51000,51000,51000,51000,51000,51000,23,0,35000,32340.862295652976,16777.160699995875,50910.64719999849,600.695652173913
1781969043,1000,GET,/predict/colleges-list,0.000000,0.000000,0,0,0,0,0,0,0,0,0,0,0,12,0,9300,12464.059249999385,452.07429999572923,25970.73029999592,102062.0
1781969043,1000,POST,/predict/rank [auth],0.000000,0.000000,0,0,0,0,0,0,0,0,0,0,0,4,0,12000,12327.78424999924,9512.484300001233,15803.522199996223,125.25
1781969043,1000,POST,/predict/rank [guest],0.000000,0.000000,0,0,0,0,0,0,0,0,0,0,0,43,0,15000,15265.652139535272,8062.250299997686,26235.742799995933,123.55813953488372
1781969043,1000,,Aggregated,9.700000,0.000000,54000,55000,55000,55000,55000,55000,55000,55000,55000,55000,55000,783,0,29000,29460.678366666678,452.07429999572923,55488.567699998384,1927.5044699872285
1781969044,1000,POST,/auth/login [setup],7.800000,0.000000,55000,55000,55000,55000,55000,55000,55000,55000,55000,55000,55000,564,0,31000,30410.66818741127,1130.2634000021499,55486.93059999641,174.0336879432624
1781969044,1000,GET,/auth/me,0.300000,0.000000,52000,52000,52000,53000,53000,53000,53000,53000,53000,53000,53000,37,0,35000,32025.229737838265,3772.9913000002853,52949.04139999562,337.86486486486484
1781969044,1000,POST,/auth/update-profile,0.200000,0.000000,50000,50000,50000,50000,50000,50000,50000,50000,50000,50000,50000,8,0,21000,28900.1015749991,17691.20699999621,49644.56259999861,72.0
1781969044,1000,GET,/config,0.100000,0.000000,36000,36000,36000,36000,36000,36000,36000,36000,36000,36000,36000,16,0,11000,11641.896800000723,2808.9440999974613,35715.6707000031,28.0
1781969044,1000,POST,/payment/create-order,0.100000,0.000000,53000,53000,53000,53000,53000,53000,53000,53000,53000,53000,53000,13,0,39000,38240.77960769332,7007.212700002128,53132.49699999869,181.0
1781969044,1000,POST,/predict/colleges [auth],0.100000,0.000000,52000,52000,52000,52000,52000,52000,52000,52000,52000,52000,52000,10,0,31000,35062.70536999946,17694.509000000835,52310.42029999662,2406.2
1781969044,1000,POST,/predict/colleges [guest],0.800000,0.000000,54000,55000,55000,55000,55000,55000,55000,55000,55000,55000,55000,53,0,36000,35222.447741509415,17178.543699999864,55488.567699998384,2391.830188679245
1781969044,1000,POST,/predict/colleges [premium],0.300000,0.000000,49000,49000,51000,51000,51000,51000,51000,51000,51000,51000,51000,23,0,35000,32340.862295652976,16777.160699995875,50910.64719999849,600.695652173913
1781969044,1000,GET,/predict/colleges-list,0.000000,0.000000,0,0,0,0,0,0,0,0,0,0,0,12,0,9300,12464.059249999385,452.07429999572923,25970.73029999592,102062.0
1781969044,1000,POST,/predict/rank [auth],0.000000,0.000000,0,0,0,0,0,0,0,0,0,0,0,4,0,12000,12327.78424999924,9512.484300001233,15803.522199996223,125.25
1781969044,1000,POST,/predict/rank [guest],0.000000,0.000000,0,0,0,0,0,0,0,0,0,0,0,43,0,15000,15265.652139535272,8062.250299997686,26235.742799995933,123.55813953488372
1781969044,1000,,Aggregated,9.700000,0.000000,54000,55000,55000,55000,55000,55000,55000,55000,55000,55000,55000,783,0,29000,29460.678366666678,452.07429999572923,55488.567699998384,1927.5044699872285
1781969045,1000,POST,/auth/login [setup],7.800000,0.000000,55000,55000,55000,55000,55000,55000,55000,55000,55000,55000,55000,564,0,31000,30410.66818741127,1130.2634000021499,55486.93059999641,174.0336879432624
1781969045,1000,GET,/auth/me,0.300000,0.000000,52000,52000,52000,53000,53000,53000,53000,53000,53000,53000,53000,37,0,35000,32025.229737838265,3772.9913000002853,52949.04139999562,337.86486486486484
1781969045,1000,POST,/auth/update-profile,0.200000,0.000000,50000,50000,50000,50000,50000,50000,50000,50000,50000,50000,50000,8,0,21000,28900.1015749991,17691.20699999621,49644.56259999861,72.0
1781969045,1000,GET,/config,0.100000,0.000000,36000,36000,36000,36000,36000,36000,36000,36000,36000,36000,36000,16,0,11000,11641.896800000723,2808.9440999974613,35715.6707000031,28.0
1781969045,1000,POST,/payment/create-order,0.100000,0.000000,53000,53000,53000,53000,53000,53000,53000,53000,53000,53000,53000,13,0,39000,38240.77960769332,7007.212700002128,53132.49699999869,181.0
1781969045,1000,POST,/predict/colleges [auth],0.100000,0.000000,52000,52000,52000,52000,52000,52000,52000,52000,52000,52000,52000,10,0,31000,35062.70536999946,17694.509000000835,52310.42029999662,2406.2
1781969045,1000,POST,/predict/colleges [guest],0.800000,0.000000,55000,55000,55000,55000,55000,55000,55000,55000,55000,55000,55000,53,0,36000,35222.447741509415,17178.543699999864,55488.567699998384,2391.830188679245
1781969045,1000,POST,/predict/colleges [premium],0.300000,0.000000,49000,49000,51000,51000,51000,51000,51000,51000,51000,51000,51000,23,0,35000,32340.862295652976,16777.160699995875,50910.64719999849,600.695652173913
1781969045,1000,GET,/predict/colleges-list,0.000000,0.000000,0,0,0,0,0,0,0,0,0,0,0,12,0,9300,12464.059249999385,452.07429999572923,25970.73029999592,102062.0
1781969045,1000,POST,/predict/rank [auth],0.000000,0.000000,0,0,0,0,0,0,0,0,0,0,0,4,0,12000,12327.78424999924,9512.484300001233,15803.522199996223,125.25
1781969045,1000,POST,/predict/rank [guest],0.000000,0.000000,0,0,0,0,0,0,0,0,0,0,0,43,0,15000,15265.652139535272,8062.250299997686,26235.742799995933,123.55813953488372
1781969045,1000,,Aggregated,9.700000,0.000000,54000,55000,55000,55000,55000,55000,55000,55000,55000,55000,55000,783,0,29000,29460.678366666678,452.07429999572923,55488.567699998384,1927.5044699872285
1781969046,1000,POST,/auth/login [setup],7.200000,0.000000,55000,55000,59000,59000,59000,59000,60000,60000,60000,60000,60000,592,0,34000,31776.209281418836,1130.2634000021499,59967.29609999602,174.04054054054055
1781969046,1000,GET,/auth/me,0.500000,0.000000,52000,52000,53000,53000,58000,58000,58000,58000,58000,58000,58000,38,0,35000,32720.418705263568,3772.9913000002853,58442.41049999982,337.8421052631579
1781969046,1000,POST,/auth/update-profile,0.100000,0.000000,50000,50000,50000,50000,50000,50000,50000,50000,50000,50000,50000,8,0,21000,28900.1015749991,17691.20699999621,49644.56259999861,72.0
1781969046,1000,GET,/config,0.100000,0.000000,36000,36000,36000,36000,36000,36000,36000,36000,36000,36000,36000,16,0,11000,11641.896800000723,2808.9440999974613,35715.6707000031,28.0
1781969046,1000,POST,/payment/create-order,0.400000,0.000000,53000,53000,53000,53000,53000,53000,53000,53000,53000,53000,53000,13,0,39000,38240.77960769332,7007.212700002128,53132.49699999869,181.0
1781969046,1000,POST,/predict/colleges [auth],0.200000,0.000000,52000,52000,52000,52000,52000,52000,52000,52000,52000,52000,52000,10,0,31000,35062.70536999946,17694.509000000835,52310.42029999662,2406.2
1781969046,1000,POST,/predict/colleges [guest],0.900000,0.000000,55000,55000,55000,55000,55000,55000,55000,55000,55000,55000,55000,53,0,36000,35222.447741509415,17178.543699999864,55488.567699998384,2391.830188679245
1781969046,1000,POST,/predict/colleges [premium],0.300000,0.000000,49000,49000,51000,51000,51000,51000,51000,51000,51000,51000,51000,23,0,35000,32340.862295652976,16777.160699995875,50910.64719999849,600.695652173913
1781969046,1000,GET,/predict/colleges-list,0.000000,0.000000,0,0,0,0,0,0,0,0,0,0,0,12,0,9300,12464.059249999385,452.07429999572923,25970.73029999592,102062.0
1781969046,1000,POST,/predict/rank [auth],0.000000,0.000000,0,0,0,0,0,0,0,0,0,0,0,4,0,12000,12327.78424999924,9512.484300001233,15803.522199996223,125.25
1781969046,1000,POST,/predict/rank [guest],0.000000,0.000000,0,0,0,0,0,0,0,0,0,0,0,43,0,15000,15265.652139535272,8062.250299997686,26235.742799995933,123.55813953488372
1781969046,1000,,Aggregated,9.700000,0.000000,55000,55000,55000,59000,59000,59000,60000,60000,60000,60000,60000,812,0,31000,30524.695330665036,452.07429999572923,59967.29609999602,1865.0862068965516
1781969047,1000,POST,/auth/login [setup],7.200000,0.000000,55000,55000,59000,59000,59000,60000,60000,60000,60000,60000,60000,597,0,34000,32010.420210552675,1130.2634000021499,59967.29609999602,174.04690117252932
1781969047,1000,GET,/auth/me,0.500000,0.000000,53000,53000,58000,58000,58000,58000,58000,58000,58000,58000,58000,39,0,35000,33369.84359230811,3772.9913000002853,58442.41049999982,337.84615384615387
1781969047,1000,POST,/auth/update-profile,0.100000,0.000000,59000,59000,59000,59000,59000,59000,59000,59000,59000,59000,59000,9,0,22000,32289.452722221744,17691.20699999621,59404.26190000289,72.0
1781969047,1000,GET,/config,0.100000,0.000000,36000,36000,36000,36000,36000,36000,36000,36000,36000,36000,36000,16,0,11000,11641.896800000723,2808.9440999974613,35715.6707000031,28.0
1781969047,1000,POST,/payment/create-order,0.400000,0.000000,53000,53000,53000,53000,53000,53000,53000,53000,53000,53000,53000,13,0,39000,38240.77960769332,7007.212700002128,53132.49699999869,181.0
1781969047,1000,POST,/predict/colleges [auth],0.200000,0.000000,52000,52000,52000,52000,52000,52000,52000,52000,52000,52000,52000,10,0,31000,35062.70536999946,17694.509000000835,52310.42029999662,2406.2
1781969047,1000,POST,/predict/colleges [guest],0.900000,0.000000,55000,55000,55000,55000,55000,55000,55000,55000,55000,55000,55000,53,0,36000,35222.447741509415,17178.543699999864,55488.567699998384,2391.830188679245
1781969047,1000,POST,/predict/colleges [premium],0.300000,0.000000,59000,59000,59000,59000,59000,59000,59000,59000,59000,59000,59000,24,0,35000,33446.57448750089,16777.160699995875,58877.954900002806,600.0416666666666
1781969047,1000,GET,/predict/colleges-list,0.000000,0.000000,0,0,0,0,0,0,0,0,0,0,0,12,0,9300,12464.059249999385,452.07429999572923,25970.73029999592,102062.0
1781969047,1000,POST,/predict/rank [auth],0.000000,0.000000,0,0,0,0,0,0,0,0,0,0,0,4,0,12000,12327.78424999924,9512.484300001233,15803.522199996223,125.25
1781969047,1000,POST,/predict/rank [guest],0.000000,0.000000,0,0,0,0,0,0,0,0,0,0,0,43,0,15000,15265.652139535272,8062.250299997686,26235.742799995933,123.55813953488372
1781969047,1000,,Aggregated,9.700000,0.000000,55000,59000,59000,59000,59000,60000,60000,60000,60000,60000,60000,820,0,31000,30806.20461670733,452.07429999572923,59967.29609999602,1849.169512195122
1781969048,1000,POST,/auth/login [setup],7.200000,0.000000,55000,59000,59000,59000,60000,60000,60000,60000,60000,60000,60000,597,0,34000,32010.420210552675,1130.2634000021499,59967.29609999602,174.04690117252932
1781969048,1000,GET,/auth/me,0.500000,0.000000,52000,58000,58000,58000,58000,58000,58000,58000,58000,58000,58000,39,0,35000,33369.84359230811,3772.9913000002853,58442.41049999982,337.84615384615387
1781969048,1000,POST,/auth/update-profile,0.100000,0.000000,59000,59000,59000,59000,59000,59000,59000,59000,59000,59000,59000,9,0,22000,32289.452722221744,17691.20699999621,59404.26190000289,72.0
1781969048,1000,GET,/config,0.100000,0.000000,36000,36000,36000,36000,36000,36000,36000,36000,36000,36000,36000,16,0,11000,11641.896800000723,2808.9440999974613,35715.6707000031,28.0
1781969048,1000,POST,/payment/create-order,0.400000,0.000000,53000,53000,53000,53000,53000,53000,53000,53000,53000,53000,53000,13,0,39000,38240.77960769332,7007.212700002128,53132.49699999869,181.0
1781969048,1000,POST,/predict/colleges [auth],0.200000,0.000000,52000,52000,52000,52000,52000,52000,52000,52000,52000,52000,52000,10,0,31000,35062.70536999946,17694.509000000835,52310.42029999662,2406.2
1781969048,1000,POST,/predict/colleges [guest],0.900000,0.000000,55000,55000,55000,55000,55000,55000,55000,55000,55000,55000,55000,53,0,36000,35222.447741509415,17178.543699999864,55488.567699998384,2391.830188679245
1781969048,1000,POST,/predict/colleges [premium],0.300000,0.000000,59000,59000,59000,59000,59000,59000,59000,59000,59000,59000,59000,24,0,35000,33446.57448750089,16777.160699995875,58877.954900002806,600.0416666666666
1781969048,1000,GET,/predict/colleges-list,0.000000,0.000000,0,0,0,0,0,0,0,0,0,0,0,12,0,9300,12464.059249999385,452.07429999572923,25970.73029999592,102062.0
1781969048,1000,POST,/predict/rank [auth],0.000000,0.000000,0,0,0,0,0,0,0,0,0,0,0,4,0,12000,12327.78424999924,9512.484300001233,15803.522199996223,125.25
1781969048,1000,POST,/predict/rank [guest],0.000000,0.000000,0,0,0,0,0,0,0,0,0,0,0,43,0,15000,15265.652139535272,8062.250299997686,26235.742799995933,123.55813953488372
1781969048,1000,,Aggregated,9.700000,0.000000,55000,59000,59000,59000,59000,60000,60000,60000,60000,60000,60000,820,0,31000,30806.20461670733,452.07429999572923,59967.29609999602,1849.169512195122
1781969049,1000,POST,/auth/login [setup],10.500000,0.000000,59000,59000,60000,60000,62000,62000,62000,62000,62000,62000,62000,615,0,34000,32884.593307804804,1130.2634000021499,62299.12070000137,174.04715447154473
1781969049,1000,GET,/auth/me,0.600000,0.000000,58000,58000,58000,58000,58000,58000,58000,58000,58000,58000,58000,39,0,35000,33369.84359230811,3772.9913000002853,58442.41049999982,337.84615384615387
1781969049,1000,POST,/auth/update-profile,0.200000,0.000000,61000,61000,61000,61000,61000,61000,61000,61000,61000,61000,61000,11,0,35000,37449.15399090943,17691.20699999621,60757.385100005195,72.0
1781969049,1000,GET,/config,0.000000,0.000000,36000,36000,36000,36000,36000,36000,36000,36000,36000,36000,36000,16,0,11000,11641.896800000723,2808.9440999974613,35715.6707000031,28.0
1781969049,1000,POST,/payment/create-order,0.400000,0.000000,53000,53000,53000,53000,53000,53000,53000,53000,53000,53000,53000,13,0,39000,38240.77960769332,7007.212700002128,53132.49699999869,181.0
1781969049,1000,POST,/predict/colleges [auth],0.100000,0.000000,61000,61000,61000,61000,61000,61000,61000,61000,61000,61000,61000,12,0,35000,39308.070349999376,17694.509000000835,60554.695200000424,2407.25
1781969049,1000,POST,/predict/colleges [guest],0.900000,0.000000,55000,55000,55000,60000,62000,62000,62000,62000,62000,62000,62000,55,0,36000,36170.62527272726,17178.543699999864,62301.59619999904,2392.672727272727
1781969049,1000,POST,/predict/colleges [premium],0.200000,0.000000,61000,61000,61000,62000,62000,62000,62000,62000,62000,62000,62000,27,0,35000,36531.932307408606,16777.160699995875,61500.37040000461,601.7037037037037
1781969049,1000,GET,/predict/colleges-list,0.000000,0.000000,0,0,0,0,0,0,0,0,0,0,0,12,0,9300,12464.059249999385,452.07429999572923,25970.73029999592,102062.0
1781969049,1000,POST,/predict/rank [auth],0.000000,0.000000,0,0,0,0,0,0,0,0,0,0,0,4,0,12000,12327.78424999924,9512.484300001233,15803.522199996223,125.25
1781969049,1000,POST,/predict/rank [guest],0.000000,0.000000,0,0,0,0,0,0,0,0,0,0,0,43,0,15000,15265.652139535272,8062.250299997686,26235.742799995933,123.55813953488372
1781969049,1000,,Aggregated,12.900000,0.000000,59000,59000,60000,61000,62000,62000,62000,62000,62000,62000,62000,847,0,33000,31786.937731404996,452.07429999572923,62301.59619999904,1807.6694214876034
1781969050,1000,POST,/auth/login [setup],10.500000,0.000000,59000,60000,61000,61000,62000,62000,62000,62000,62000,62000,62000,615,0,34000,32884.593307804804,1130.2634000021499,62299.12070000137,174.04715447154473
1781969050,1000,GET,/auth/me,0.600000,0.000000,58000,58000,58000,58000,58000,58000,58000,58000,58000,58000,58000,39,0,35000,33369.84359230811,3772.9913000002853,58442.41049999982,337.84615384615387
1781969050,1000,POST,/auth/update-profile,0.200000,0.000000,61000,61000,61000,61000,61000,61000,61000,61000,61000,61000,61000,11,0,35000,37449.15399090943,17691.20699999621,60757.385100005195,72.0
1781969050,1000,GET,/config,0.000000,0.000000,36000,36000,36000,36000,36000,36000,36000,36000,36000,36000,36000,16,0,11000,11641.896800000723,2808.9440999974613,35715.6707000031,28.0
1781969050,1000,POST,/payment/create-order,0.400000,0.000000,53000,53000,53000,53000,53000,53000,53000,53000,53000,53000,53000,13,0,39000,38240.77960769332,7007.212700002128,53132.49699999869,181.0
1781969050,1000,POST,/predict/colleges [auth],0.100000,0.000000,61000,61000,61000,61000,61000,61000,61000,61000,61000,61000,61000,12,0,35000,39308.070349999376,17694.509000000835,60554.695200000424,2407.25
1781969050,1000,POST,/predict/colleges [guest],0.900000,0.000000,55000,55000,60000,60000,62000,62000,62000,62000,62000,62000,62000,55,0,36000,36170.62527272726,17178.543699999864,62301.59619999904,2392.672727272727
1781969050,1000,POST,/predict/colleges [premium],0.200000,0.000000,61000,61000,61000,62000,62000,62000,62000,62000,62000,62000,62000,27,0,35000,36531.932307408606,16777.160699995875,61500.37040000461,601.7037037037037
1781969050,1000,GET,/predict/colleges-list,0.000000,0.000000,0,0,0,0,0,0,0,0,0,0,0,12,0,9300,12464.059249999385,452.07429999572923,25970.73029999592,102062.0
1781969050,1000,POST,/predict/rank [auth],0.000000,0.000000,0,0,0,0,0,0,0,0,0,0,0,4,0,12000,12327.78424999924,9512.484300001233,15803.522199996223,125.25
1781969050,1000,POST,/predict/rank [guest],0.000000,0.000000,0,0,0,0,0,0,0,0,0,0,0,43,0,15000,15265.652139535272,8062.250299997686,26235.742799995933,123.55813953488372
1781969050,1000,,Aggregated,12.900000,0.000000,59000,60000,61000,61000,62000,62000,62000,62000,62000,62000,62000,847,0,33000,31786.937731404996,452.07429999572923,62301.59619999904,1807.6694214876034
1781969051,1000,POST,/auth/login [setup],7.800000,0.000000,59000,60000,61000,61000,62000,62000,62000,62000,62000,62000,62000,616,0,34000,32932.565864285636,1130.2634000021499,62435.688099998515,174.0487012987013
1781969051,1000,GET,/auth/me,0.500000,0.000000,58000,58000,58000,58000,58000,58000,58000,58000,58000,58000,58000,39,0,35000,33369.84359230811,3772.9913000002853,58442.41049999982,337.84615384615387
1781969051,1000,POST,/auth/update-profile,0.200000,0.000000,61000,61000,61000,61000,61000,61000,61000,61000,61000,61000,61000,11,0,35000,37449.15399090943,17691.20699999621,60757.385100005195,72.0
1781969051,1000,GET,/config,0.000000,0.000000,36000,36000,36000,36000,36000,36000,36000,36000,36000,36000,36000,16,0,11000,11641.896800000723,2808.9440999974613,35715.6707000031,28.0
1781969051,1000,POST,/payment/create-order,0.300000,0.000000,53000,53000,53000,53000,53000,53000,53000,53000,53000,53000,53000,13,0,39000,38240.77960769332,7007.212700002128,53132.49699999869,181.0
1781969051,1000,POST,/predict/colleges [auth],0.100000,0.000000,61000,61000,61000,61000,61000,61000,61000,61000,61000,61000,61000,12,0,35000,39308.070349999376,17694.509000000835,60554.695200000424,2407.25
1781969051,1000,POST,/predict/colleges [guest],0.900000,0.000000,55000,55000,60000,60000,62000,62000,62000,62000,62000,62000,62000,55,0,36000,36170.62527272726,17178.543699999864,62301.59619999904,2392.672727272727
1781969051,1000,POST,/predict/colleges [premium],0.100000,0.000000,61000,61000,61000,62000,62000,62000,62000,62000,62000,62000,62000,27,0,35000,36531.932307408606,16777.160699995875,61500.37040000461,601.7037037037037
1781969051,1000,GET,/predict/colleges-list,0.000000,0.000000,0,0,0,0,0,0,0,0,0,0,0,12,0,9300,12464.059249999385,452.07429999572923,25970.73029999592,102062.0
1781969051,1000,POST,/predict/rank [auth],0.000000,0.000000,0,0,0,0,0,0,0,0,0,0,0,4,0,12000,12327.78424999924,9512.484300001233,15803.522199996223,125.25
1781969051,1000,POST,/predict/rank [guest],0.000000,0.000000,0,0,0,0,0,0,0,0,0,0,0,43,0,15000,15265.652139535272,8062.250299997686,26235.742799995933,123.55813953488372
1781969051,1000,,Aggregated,9.900000,0.000000,59000,60000,61000,61000,62000,62000,62000,62000,62000,62000,62000,848,0,33000,31823.080125707584,452.07429999572923,62435.688099998515,1805.7441037735848
1781969052,1000,POST,/auth/login [setup],7.800000,0.000000,60000,62000,62000,64000,64000,64000,64000,65000,65000,65000,65000,637,0,35000,33947.63017629509,1130.2634000021499,64857.72929999803,174.0502354788069
1781969052,1000,GET,/auth/me,0.500000,0.000000,58000,58000,58000,58000,58000,58000,58000,58000,58000,58000,58000,39,0,35000,33369.84359230811,3772.9913000002853,58442.41049999982,337.84615384615387
1781969052,1000,POST,/auth/update-profile,0.200000,0.000000,61000,61000,61000,61000,61000,61000,61000,61000,61000,61000,61000,11,0,35000,37449.15399090943,17691.20699999621,60757.385100005195,72.0
1781969052,1000,GET,/config,0.000000,0.000000,0,0,0,0,0,0,0,0,0,0,0,16,0,11000,11641.896800000723,2808.9440999974613,35715.6707000031,28.0
1781969052,1000,POST,/payment/create-order,0.300000,0.000000,53000,53000,64000,64000,64000,64000,64000,64000,64000,64000,64000,14,0,39000,40047.30097857256,7007.212700002128,63532.07880000264,181.0
1781969052,1000,POST,/predict/colleges [auth],0.100000,0.000000,61000,61000,61000,61000,61000,61000,61000,61000,61000,61000,61000,12,0,35000,39308.070349999376,17694.509000000835,60554.695200000424,2407.25
1781969052,1000,POST,/predict/colleges [guest],0.900000,0.000000,62000,63000,64000,64000,64000,64000,64000,64000,64000,64000,64000,60,0,38000,38448.63282999989,17178.543699999864,63948.782100000244,2390.016666666667
1781969052,1000,POST,/predict/colleges [premium],0.100000,0.000000,62000,63000,63000,63000,64000,64000,64000,64000,64000,64000,64000,30,0,35000,39219.82128333427,16777.160699995875,64010.965299996315,602.8333333333334
1781969052,1000,GET,/predict/colleges-list,0.000000,0.000000,0,0,0,0,0,0,0,0,0,0,0,12,0,9300,12464.059249999385,452.07429999572923,25970.73029999592,102062.0
1781969052,1000,POST,/predict/rank [auth],0.000000,0.000000,0,0,0,0,0,0,0,0,0,0,0,4,0,12000,12327.78424999924,9512.484300001233,15803.522199996223,125.25
1781969052,1000,POST,/predict/rank [guest],0.000000,0.000000,0,0,0,0,0,0,0,0,0,0,0,43,0,15000,15265.652139535272,8062.250299997686,26235.742799995933,123.55813953488372
1781969052,1000,,Aggregated,9.900000,0.000000,60000,62000,63000,64000,64000,64000,64000,64000,65000,65000,65000,878,0,34000,32910.5352178816,452.07429999572923,64857.72929999803,1763.9533029612755
1781969053,1000,POST,/auth/login [setup],7.800000,0.000000,61000,62000,63000,64000,64000,64000,64000,65000,65000,65000,65000,637,0,35000,33947.63017629509,1130.2634000021499,64857.72929999803,174.0502354788069
1781969053,1000,GET,/auth/me,0.500000,0.000000,58000,58000,58000,58000,58000,58000,58000,58000,58000,58000,58000,39,0,35000,33369.84359230811,3772.9913000002853,58442.41049999982,337.84615384615387
1781969053,1000,POST,/auth/update-profile,0.200000,0.000000,61000,61000,61000,61000,61000,61000,61000,61000,61000,61000,61000,11,0,35000,37449.15399090943,17691.20699999621,60757.385100005195,72.0
1781969053,1000,GET,/config,0.000000,0.000000,0,0,0,0,0,0,0,0,0,0,0,16,0,11000,11641.896800000723,2808.9440999974613,35715.6707000031,28.0
1781969053,1000,POST,/payment/create-order,0.300000,0.000000,53000,53000,64000,64000,64000,64000,64000,64000,64000,64000,64000,14,0,39000,40047.30097857256,7007.212700002128,63532.07880000264,181.0
1781969053,1000,POST,/predict/colleges [auth],0.100000,0.000000,61000,61000,61000,61000,61000,61000,61000,61000,61000,61000,61000,12,0,35000,39308.070349999376,17694.509000000835,60554.695200000424,2407.25
1781969053,1000,POST,/predict/colleges [guest],0.900000,0.000000,62000,63000,64000,64000,64000,64000,64000,64000,64000,64000,64000,60,0,38000,38448.63282999989,17178.543699999864,63948.782100000244,2390.016666666667
1781969053,1000,POST,/predict/colleges [premium],0.100000,0.000000,62000,63000,63000,63000,64000,64000,64000,64000,64000,64000,64000,30,0,35000,39219.82128333427,16777.160699995875,64010.965299996315,602.8333333333334
1781969053,1000,GET,/predict/colleges-list,0.000000,0.000000,0,0,0,0,0,0,0,0,0,0,0,12,0,9300,12464.059249999385,452.07429999572923,25970.73029999592,102062.0
1781969053,1000,POST,/predict/rank [auth],0.000000,0.000000,0,0,0,0,0,0,0,0,0,0,0,4,0,12000,12327.78424999924,9512.484300001233,15803.522199996223,125.25
1781969053,1000,POST,/predict/rank [guest],0.000000,0.000000,0,0,0,0,0,0,0,0,0,0,0,43,0,15000,15265.652139535272,8062.250299997686,26235.742799995933,123.55813953488372
1781969053,1000,,Aggregated,9.900000,0.000000,61000,62000,63000,64000,64000,64000,64000,65000,65000,65000,65000,878,0,34000,32910.5352178816,452.07429999572923,64857.72929999803,1763.9533029612755
1781969054,1000,POST,/auth/login [setup],7.800000,0.000000,61000,62000,63000,64000,64000,64000,64000,65000,65000,65000,65000,637,0,35000,33947.63017629509,1130.2634000021499,64857.72929999803,174.0502354788069
1781969054,1000,GET,/auth/me,0.500000,0.000000,58000,58000,58000,58000,58000,58000,58000,58000,58000,58000,58000,39,0,35000,33369.84359230811,3772.9913000002853,58442.41049999982,337.84615384615387
1781969054,1000,POST,/auth/update-profile,0.200000,0.000000,61000,61000,61000,61000,61000,61000,61000,61000,61000,61000,61000,11,0,35000,37449.15399090943,17691.20699999621,60757.385100005195,72.0
1781969054,1000,GET,/config,0.000000,0.000000,0,0,0,0,0,0,0,0,0,0,0,16,0,11000,11641.896800000723,2808.9440999974613,35715.6707000031,28.0
1781969054,1000,POST,/payment/create-order,0.300000,0.000000,53000,53000,64000,64000,64000,64000,64000,64000,64000,64000,64000,14,0,39000,40047.30097857256,7007.212700002128,63532.07880000264,181.0
1781969054,1000,POST,/predict/colleges [auth],0.100000,0.000000,61000,61000,61000,61000,61000,61000,61000,61000,61000,61000,61000,12,0,35000,39308.070349999376,17694.509000000835,60554.695200000424,2407.25
1781969054,1000,POST,/predict/colleges [guest],0.900000,0.000000,62000,63000,64000,64000,64000,64000,64000,64000,64000,64000,64000,60,0,38000,38448.63282999989,17178.543699999864,63948.782100000244,2390.016666666667
1781969054,1000,POST,/predict/colleges [premium],0.100000,0.000000,62000,63000,63000,63000,64000,64000,64000,64000,64000,64000,64000,30,0,35000,39219.82128333427,16777.160699995875,64010.965299996315,602.8333333333334
1781969054,1000,GET,/predict/colleges-list,0.000000,0.000000,0,0,0,0,0,0,0,0,0,0,0,12,0,9300,12464.059249999385,452.07429999572923,25970.73029999592,102062.0
1781969054,1000,POST,/predict/rank [auth],0.000000,0.000000,0,0,0,0,0,0,0,0,0,0,0,4,0,12000,12327.78424999924,9512.484300001233,15803.522199996223,125.25
1781969054,1000,POST,/predict/rank [guest],0.000000,0.000000,0,0,0,0,0,0,0,0,0,0,0,43,0,15000,15265.652139535272,8062.250299997686,26235.742799995933,123.55813953488372
1781969054,1000,,Aggregated,9.900000,0.000000,61000,62000,63000,64000,64000,64000,64000,65000,65000,65000,65000,878,0,34000,32910.5352178816,452.07429999572923,64857.72929999803,1763.9533029612755
1781969055,1000,POST,/auth/login [setup],7.300000,0.000000,64000,64000,66000,66000,67000,67000,67000,67000,67000,67000,67000,658,0,35000,34997.69918267472,1130.2634000021499,67393.95360000344,174.0562310030395
1781969055,1000,GET,/auth/me,0.200000,0.000000,58000,58000,65000,65000,65000,65000,65000,65000,65000,65000,65000,40,0,35000,34163.373750000384,3772.9913000002853,65111.04989999876,337.825
1781969055,1000,POST,/auth/update-profile,0.300000,0.000000,61000,61000,67000,67000,67000,67000,67000,67000,67000,67000,67000,12,0,35000,39895.57320000009,17691.20699999621,66806.18449999747,72.0
1781969055,1000,GET,/config,0.000000,0.000000,0,0,0,0,0,0,0,0,0,0,0,16,0,11000,11641.896800000723,2808.9440999974613,35715.6707000031,28.0
1781969055,1000,POST,/payment/create-order,0.100000,0.000000,66000,66000,66000,66000,66000,66000,66000,66000,66000,66000,66000,15,0,39000,41789.406340001246,7007.212700002128,66178.88140000287,181.0
1781969055,1000,POST,/predict/colleges [auth],0.200000,0.000000,61000,61000,67000,67000,67000,67000,67000,67000,67000,67000,67000,13,0,44000,41475.7461384607,17694.509000000835,67487.85559999669,2413.3076923076924
1781969055,1000,POST,/predict/colleges [guest],0.700000,0.000000,64000,64000,64000,66000,66000,66000,66000,66000,66000,66000,66000,62,0,39000,39350.09050806443,17178.543699999864,66393.96470000065,2389.8225806451615
1781969055,1000,POST,/predict/colleges [premium],0.700000,0.000000,63000,64000,67000,67000,67000,67000,67000,67000,67000,67000,67000,33,0,43000,41709.87516969785,16777.160699995875,66684.01269999595,601.1818181818181
1781969055,1000,GET,/predict/colleges-list,0.000000,0.000000,0,0,0,0,0,0,0,0,0,0,0,12,0,9300,12464.059249999385,452.07429999572923,25970.73029999592,102062.0
1781969055,1000,POST,/predict/rank [auth],0.000000,0.000000,0,0,0,0,0,0,0,0,0,0,0,4,0,12000,12327.78424999924,9512.484300001233,15803.522199996223,125.25
1781969055,1000,POST,/predict/rank [guest],0.000000,0.000000,0,0,0,0,0,0,0,0,0,0,0,43,0,15000,15265.652139535272,8062.250299997686,26235.742799995933,123.55813953488372
1781969055,1000,,Aggregated,9.500000,0.000000,64000,64000,66000,66000,67000,67000,67000,67000,67000,67000,67000,908,0,35000,34028.08195638771,452.07429999572923,67487.85559999669,1720.273127753304
1781969056,1000,POST,/auth/login [setup],7.300000,0.000000,64000,64000,66000,66000,67000,67000,67000,67000,67000,67000,67000,658,0,35000,34997.69918267472,1130.2634000021499,67393.95360000344,174.0562310030395
1781969056,1000,GET,/auth/me,0.200000,0.000000,58000,58000,65000,65000,65000,65000,65000,65000,65000,65000,65000,40,0,35000,34163.373750000384,3772.9913000002853,65111.04989999876,337.825
1781969056,1000,POST,/auth/update-profile,0.300000,0.000000,61000,61000,67000,67000,67000,67000,67000,67000,67000,67000,67000,12,0,35000,39895.57320000009,17691.20699999621,66806.18449999747,72.0
1781969056,1000,GET,/config,0.000000,0.000000,0,0,0,0,0,0,0,0,0,0,0,16,0,11000,11641.896800000723,2808.9440999974613,35715.6707000031,28.0
1781969056,1000,POST,/payment/create-order,0.100000,0.000000,66000,66000,66000,66000,66000,66000,66000,66000,66000,66000,66000,15,0,39000,41789.406340001246,7007.212700002128,66178.88140000287,181.0
1781969056,1000,POST,/predict/colleges [auth],0.200000,0.000000,61000,61000,67000,67000,67000,67000,67000,67000,67000,67000,67000,13,0,44000,41475.7461384607,17694.509000000835,67487.85559999669,2413.3076923076924
1781969056,1000,POST,/predict/colleges [guest],0.700000,0.000000,64000,64000,64000,66000,66000,66000,66000,66000,66000,66000,66000,62,0,39000,39350.09050806443,17178.543699999864,66393.96470000065,2389.8225806451615
1781969056,1000,POST,/predict/colleges [premium],0.700000,0.000000,63000,64000,67000,67000,67000,67000,67000,67000,67000,67000,67000,33,0,43000,41709.87516969785,16777.160699995875,66684.01269999595,601.1818181818181
1781969056,1000,GET,/predict/colleges-list,0.000000,0.000000,0,0,0,0,0,0,0,0,0,0,0,12,0,9300,12464.059249999385,452.07429999572923,25970.73029999592,102062.0
1781969056,1000,POST,/predict/rank [auth],0.000000,0.000000,0,0,0,0,0,0,0,0,0,0,0,4,0,12000,12327.78424999924,9512.484300001233,15803.522199996223,125.25
1781969056,1000,POST,/predict/rank [guest],0.000000,0.000000,0,0,0,0,0,0,0,0,0,0,0,43,0,15000,15265.652139535272,8062.250299997686,26235.742799995933,123.55813953488372
1781969056,1000,,Aggregated,9.500000,0.000000,64000,64000,66000,66000,67000,67000,67000,67000,67000,67000,67000,908,0,35000,34028.08195638771,452.07429999572923,67487.85559999669,1720.273127753304
1781969057,1000,POST,/auth/login [setup],7.300000,0.000000,67000,68000,68000,68000,69000,69000,69000,70000,70000,70000,70000,707,0,39000,37312.41350056573,1130.2634000021499,69552.48310000025,174.04101838755304
1781969057,1000,GET,/auth/me,0.200000,0.000000,65000,65000,67000,67000,67000,67000,67000,67000,67000,67000,67000,41,0,35000,34969.27790731747,3772.9913000002853,67205.44420000078,337.8292682926829
1781969057,1000,POST,/auth/update-profile,0.300000,0.000000,61000,61000,67000,67000,67000,67000,67000,67000,67000,67000,67000,12,0,35000,39895.57320000009,17691.20699999621,66806.18449999747,72.0
1781969057,1000,GET,/config,0.000000,0.000000,0,0,0,0,0,0,0,0,0,0,0,16,0,11000,11641.896800000723,2808.9440999974613,35715.6707000031,28.0
1781969057,1000,POST,/payment/create-order,0.100000,0.000000,66000,66000,66000,66000,66000,66000,66000,66000,66000,66000,66000,15,0,39000,41789.406340001246,7007.212700002128,66178.88140000287,181.0
1781969057,1000,POST,/predict/colleges [auth],0.200000,0.000000,61000,61000,67000,67000,67000,67000,67000,67000,67000,67000,67000,13,0,44000,41475.7461384607,17694.509000000835,67487.85559999669,2413.3076923076924
1781969057,1000,POST,/predict/colleges [guest],0.700000,0.000000,64000,66000,67000,68000,68000,69000,69000,69000,69000,69000,69000,66,0,40000,41093.34005151499,17178.543699999864,69494.99020000076,2387.4242424242425
1781969057,1000,POST,/predict/colleges [premium],0.700000,0.000000,64000,67000,67000,67000,69000,69000,69000,69000,69000,69000,69000,34,0,43000,42504.10439411859,16777.160699995875,68713.66880000278,602.6470588235294
1781969057,1000,GET,/predict/colleges-list,0.000000,0.000000,0,0,0,0,0,0,0,0,0,0,0,12,0,9300,12464.059249999385,452.07429999572923,25970.73029999592,102062.0
1781969057,1000,POST,/predict/rank [auth],0.000000,0.000000,0,0,0,0,0,0,0,0,0,0,0,4,0,12000,12327.78424999924,9512.484300001233,15803.522199996223,125.25
1781969057,1000,POST,/predict/rank [guest],0.000000,0.000000,0,0,0,0,0,0,0,0,0,0,0,43,0,15000,15265.652139535272,8062.250299997686,26235.742799995933,123.55813953488372
1781969057,1000,,Aggregated,9.500000,0.000000,66000,68000,68000,68000,68000,69000,69000,70000,70000,70000,70000,963,0,35000,35988.85009761167,452.07429999572923,69552.48310000025,1641.657320872274
1781969058,1000,POST,/auth/login [setup],7.400000,0.000000,67000,68000,68000,68000,69000,69000,69000,70000,70000,70000,70000,707,0,39000,37312.41350056573,1130.2634000021499,69552.48310000025,174.04101838755304
1781969058,1000,GET,/auth/me,0.300000,0.000000,65000,65000,67000,67000,67000,67000,67000,67000,67000,67000,67000,41,0,35000,34969.27790731747,3772.9913000002853,67205.44420000078,337.8292682926829
1781969058,1000,POST,/auth/update-profile,0.400000,0.000000,67000,67000,67000,67000,67000,67000,67000,67000,67000,67000,67000,12,0,35000,39895.57320000009,17691.20699999621,66806.18449999747,72.0
1781969058,1000,GET,/config,0.000000,0.000000,0,0,0,0,0,0,0,0,0,0,0,16,0,11000,11641.896800000723,2808.9440999974613,35715.6707000031,28.0
1781969058,1000,POST,/payment/create-order,0.200000,0.000000,66000,66000,66000,66000,66000,66000,66000,66000,66000,66000,66000,15,0,39000,41789.406340001246,7007.212700002128,66178.88140000287,181.0
1781969058,1000,POST,/predict/colleges [auth],0.300000,0.000000,61000,61000,67000,67000,67000,67000,67000,67000,67000,67000,67000,13,0,44000,41475.7461384607,17694.509000000835,67487.85559999669,2413.3076923076924
1781969058,1000,POST,/predict/colleges [guest],0.900000,0.000000,66000,67000,68000,68000,68000,69000,69000,69000,69000,69000,69000,68,0,40000,41891.730632352745,17178.543699999864,69494.99020000076,2386.029411764706
1781969058,1000,POST,/predict/colleges [premium],1.000000,0.000000,64000,67000,67000,67000,69000,69000,69000,69000,69000,69000,69000,34,0,43000,42504.10439411859,16777.160699995875,68713.66880000278,602.6470588235294
1781969058,1000,GET,/predict/colleges-list,0.000000,0.000000,0,0,0,0,0,0,0,0,0,0,0,12,0,9300,12464.059249999385,452.07429999572923,25970.73029999592,102062.0
1781969058,1000,POST,/predict/rank [auth],0.000000,0.000000,0,0,0,0,0,0,0,0,0,0,0,4,0,12000,12327.78424999924,9512.484300001233,15803.522199996223,125.25
1781969058,1000,POST,/predict/rank [guest],0.000000,0.000000,0,0,0,0,0,0,0,0,0,0,0,43,0,15000,15265.652139535272,8062.250299997686,26235.742799995933,123.55813953488372
1781969058,1000,,Aggregated,10.500000,0.000000,67000,68000,68000,68000,68000,69000,69000,70000,70000,70000,70000,965,0,35000,36055.68899854926,452.07429999572923,69552.48310000025,1643.1046632124353
1781969059,1000,POST,/auth/login [setup],6.300000,0.000000,67000,68000,68000,68000,69000,69000,69000,70000,70000,70000,70000,707,0,39000,37312.41350056573,1130.2634000021499,69552.48310000025,174.04101838755304
1781969059,1000,GET,/auth/me,0.100000,0.000000,65000,67000,67000,69000,69000,69000,69000,69000,69000,69000,69000,42,0,35000,35772.22769761941,3772.9913000002853,68693.16909999907,337.8095238095238
1781969059,1000,POST,/auth/update-profile,0.300000,0.000000,67000,67000,67000,67000,67000,67000,67000,67000,67000,67000,67000,12,0,35000,39895.57320000009,17691.20699999621,66806.18449999747,72.0
1781969059,1000,GET,/config,0.000000,0.000000,0,0,0,0,0,0,0,0,0,0,0,16,0,11000,11641.896800000723,2808.9440999974613,35715.6707000031,28.0
1781969059,1000,POST,/payment/create-order,0.200000,0.000000,66000,66000,66000,66000,66000,66000,66000,66000,66000,66000,66000,15,0,39000,41789.406340001246,7007.212700002128,66178.88140000287,181.0
1781969059,1000,POST,/predict/colleges [auth],0.300000,0.000000,61000,61000,67000,67000,67000,67000,67000,67000,67000,67000,67000,13,0,44000,41475.7461384607,17694.509000000835,67487.85559999669,2413.3076923076924
1781969059,1000,POST,/predict/colleges [guest],0.900000,0.000000,66000,67000,68000,68000,68000,69000,69000,69000,69000,69000,69000,68,0,40000,41891.730632352745,17178.543699999864,69494.99020000076,2386.029411764706
1781969059,1000,POST,/predict/colleges [premium],0.900000,0.000000,64000,67000,67000,67000,69000,70000,70000,70000,70000,70000,70000,35,0,44000,43280.156825715065,16777.160699995875,69665.93949999515,603.2857142857143
1781969059,1000,GET,/predict/colleges-list,0.000000,0.000000,0,0,0,0,0,0,0,0,0,0,0,12,0,9300,12464.059249999385,452.07429999572923,25970.73029999592,102062.0
1781969059,1000,POST,/predict/rank [auth],0.000000,0.000000,0,0,0,0,0,0,0,0,0,0,0,4,0,12000,12327.78424999924,9512.484300001233,15803.522199996223,125.25
1781969059,1000,POST,/predict/rank [guest],0.000000,0.000000,0,0,0,0,0,0,0,0,0,0,0,43,0,15000,15265.652139535272,8062.250299997686,26235.742799995933,123.55813953488372
1781969059,1000,,Aggregated,9.000000,0.000000,67000,68000,68000,68000,69000,69000,70000,70000,70000,70000,70000,967,0,35000,36124.19751003106,452.07429999572923,69665.93949999515,1640.7011375387797
1781969060,1000,POST,/auth/login [setup],11.000000,0.000000,68000,68000,68000,68000,69000,69000,70000,70000,70000,70000,70000,707,0,39000,37312.41350056573,1130.2634000021499,69552.48310000025,174.04101838755304
1781969060,1000,GET,/auth/me,0.200000,0.000000,67000,67000,69000,69000,69000,69000,69000,69000,69000,69000,69000,42,0,35000,35772.22769761941,3772.9913000002853,68693.16909999907,337.8095238095238
1781969060,1000,POST,/auth/update-profile,0.300000,0.000000,67000,67000,67000,67000,67000,67000,67000,67000,67000,67000,67000,12,0,35000,39895.57320000009,17691.20699999621,66806.18449999747,72.0
1781969060,1000,GET,/config,0.000000,0.000000,0,0,0,0,0,0,0,0,0,0,0,16,0,11000,11641.896800000723,2808.9440999974613,35715.6707000031,28.0
1781969060,1000,POST,/payment/create-order,0.200000,0.000000,66000,66000,66000,66000,66000,66000,66000,66000,66000,66000,66000,15,0,39000,41789.406340001246,7007.212700002128,66178.88140000287,181.0
1781969060,1000,POST,/predict/colleges [auth],0.300000,0.000000,67000,67000,70000,70000,70000,70000,70000,70000,70000,70000,70000,14,0,44000,43542.0691785704,17694.509000000835,70404.26869999646,2404.6428571428573
1781969060,1000,POST,/predict/colleges [guest],1.400000,0.000000,66000,68000,68000,68000,68000,69000,69000,69000,69000,69000,69000,68,0,40000,41891.730632352745,17178.543699999864,69494.99020000076,2386.029411764706
1781969060,1000,POST,/predict/colleges [premium],1.000000,0.000000,67000,67000,69000,70000,70000,70000,70000,70000,70000,70000,70000,36,0,44000,44035.421975000856,16777.160699995875,70469.70220000367,604.3055555555555
1781969060,1000,GET,/predict/colleges-list,0.000000,0.000000,0,0,0,0,0,0,0,0,0,0,0,12,0,9300,12464.059249999385,452.07429999572923,25970.73029999592,102062.0
1781969060,1000,POST,/predict/rank [auth],0.000000,0.000000,0,0,0,0,0,0,0,0,0,0,0,4,0,12000,12327.78424999924,9512.484300001233,15803.522199996223,125.25
1781969060,1000,POST,/predict/rank [guest],0.000000,0.000000,0,0,0,0,0,0,0,0,0,0,0,43,0,15000,15265.652139535272,8062.250299997686,26235.742799995933,123.55813953488372
1781969060,1000,,Aggregated,14.400000,0.000000,67000,68000,68000,68000,69000,69000,70000,70000,70000,70000,70000,969,0,35000,36195.01853777093,452.07429999572923,70469.70220000367,1640.3405572755419
1781969061,1000,POST,/auth/login [setup],10.700000,0.000000,68000,68000,68000,68000,69000,69000,70000,71000,71000,71000,71000,708,0,39000,37360.33359689261,1130.2634000021499,71239.8417000004,174.02966101694915
1781969061,1000,GET,/auth/me,0.300000,0.000000,67000,67000,69000,69000,69000,69000,69000,69000,69000,69000,69000,42,0,35000,35772.22769761941,3772.9913000002853,68693.16909999907,337.8095238095238
1781969061,1000,POST,/auth/update-profile,0.200000,0.000000,67000,67000,67000,67000,67000,67000,67000,67000,67000,67000,67000,12,0,35000,39895.57320000009,17691.20699999621,66806.18449999747,72.0
1781969061,1000,GET,/config,0.000000,0.000000,0,0,0,0,0,0,0,0,0,0,0,16,0,11000,11641.896800000723,2808.9440999974613,35715.6707000031,28.0
1781969061,1000,POST,/payment/create-order,0.200000,0.000000,66000,66000,66000,66000,66000,66000,66000,66000,66000,66000,66000,15,0,39000,41789.406340001246,7007.212700002128,66178.88140000287,181.0
1781969061,1000,POST,/predict/colleges [auth],0.300000,0.000000,67000,67000,70000,70000,70000,70000,70000,70000,70000,70000,70000,14,0,44000,43542.0691785704,17694.509000000835,70404.26869999646,2404.6428571428573
1781969061,1000,POST,/predict/colleges [guest],1.500000,0.000000,66000,68000,68000,68000,68000,69000,69000,69000,69000,69000,69000,68,0,40000,41891.730632352745,17178.543699999864,69494.99020000076,2386.029411764706
1781969061,1000,POST,/predict/colleges [premium],1.000000,0.000000,67000,67000,69000,70000,70000,70000,70000,70000,70000,70000,70000,36,0,44000,44035.421975000856,16777.160699995875,70469.70220000367,604.3055555555555
1781969061,1000,GET,/predict/colleges-list,0.000000,0.000000,0,0,0,0,0,0,0,0,0,0,0,12,0,9300,12464.059249999385,452.07429999572923,25970.73029999592,102062.0
1781969061,1000,POST,/predict/rank [auth],0.000000,0.000000,0,0,0,0,0,0,0,0,0,0,0,4,0,12000,12327.78424999924,9512.484300001233,15803.522199996223,125.25
1781969061,1000,POST,/predict/rank [guest],0.000000,0.000000,0,0,0,0,0,0,0,0,0,0,0,43,0,15000,15265.652139535272,8062.250299997686,26235.742799995933,123.55813953488372
1781969061,1000,,Aggregated,14.200000,0.000000,67000,68000,68000,68000,69000,69000,70000,70000,71000,71000,71000,970,0,35000,36231.14722144333,452.07429999572923,71239.8417000004,1638.820618556701
1781969062,1000,POST,/auth/login [setup],10.700000,0.000000,68000,68000,68000,68000,69000,69000,70000,71000,71000,71000,71000,708,0,39000,37360.33359689261,1130.2634000021499,71239.8417000004,174.02966101694915
1781969062,1000,GET,/auth/me,0.300000,0.000000,67000,67000,69000,69000,69000,69000,69000,69000,69000,69000,69000,42,0,35000,35772.22769761941,3772.9913000002853,68693.16909999907,337.8095238095238
1781969062,1000,POST,/auth/update-profile,0.200000,0.000000,67000,67000,67000,67000,67000,67000,67000,67000,67000,67000,67000,12,0,35000,39895.57320000009,17691.20699999621,66806.18449999747,72.0
1781969062,1000,GET,/config,0.000000,0.000000,0,0,0,0,0,0,0,0,0,0,0,16,0,11000,11641.896800000723,2808.9440999974613,35715.6707000031,28.0
1781969062,1000,POST,/payment/create-order,0.200000,0.000000,66000,66000,66000,66000,66000,66000,66000,66000,66000,66000,66000,15,0,39000,41789.406340001246,7007.212700002128,66178.88140000287,181.0
1781969062,1000,POST,/predict/colleges [auth],0.300000,0.000000,70000,70000,70000,70000,70000,70000,70000,70000,70000,70000,70000,14,0,44000,43542.0691785704,17694.509000000835,70404.26869999646,2404.6428571428573
1781969062,1000,POST,/predict/colleges [guest],1.500000,0.000000,66000,68000,68000,68000,68000,69000,69000,69000,69000,69000,69000,68,0,40000,41891.730632352745,17178.543699999864,69494.99020000076,2386.029411764706
1781969062,1000,POST,/predict/colleges [premium],1.000000,0.000000,67000,67000,69000,70000,70000,70000,70000,70000,70000,70000,70000,36,0,44000,44035.421975000856,16777.160699995875,70469.70220000367,604.3055555555555
1781969062,1000,GET,/predict/colleges-list,0.000000,0.000000,0,0,0,0,0,0,0,0,0,0,0,12,0,9300,12464.059249999385,452.07429999572923,25970.73029999592,102062.0
1781969062,1000,POST,/predict/rank [auth],0.000000,0.000000,0,0,0,0,0,0,0,0,0,0,0,4,0,12000,12327.78424999924,9512.484300001233,15803.522199996223,125.25
1781969062,1000,POST,/predict/rank [guest],0.000000,0.000000,0,0,0,0,0,0,0,0,0,0,0,43,0,15000,15265.652139535272,8062.250299997686,26235.742799995933,123.55813953488372
1781969062,1000,,Aggregated,14.200000,0.000000,67000,68000,68000,68000,69000,69000,70000,70000,71000,71000,71000,970,0,35000,36231.14722144333,452.07429999572923,71239.8417000004,1638.820618556701
1781969063,1000,POST,/auth/login [setup],9.200000,0.000000,68000,69000,73000,74000,74000,74000,74000,75000,75000,75000,75000,738,0,41000,38831.25389566394,1130.2634000021499,74722.14250000252,173.96476964769647
1781969063,1000,GET,/auth/me,0.300000,0.000000,67000,67000,69000,69000,69000,69000,69000,69000,69000,69000,69000,42,0,35000,35772.22769761941,3772.9913000002853,68693.16909999907,337.8095238095238
1781969063,1000,POST,/auth/update-profile,0.100000,0.000000,67000,67000,67000,67000,67000,67000,67000,67000,67000,67000,67000,12,0,35000,39895.57320000009,17691.20699999621,66806.18449999747,72.0
1781969063,1000,GET,/config,0.000000,0.000000,0,0,0,0,0,0,0,0,0,0,0,16,0,11000,11641.896800000723,2808.9440999974613,35715.6707000031,28.0
1781969063,1000,POST,/payment/create-order,0.200000,0.000000,74000,74000,74000,74000,74000,74000,74000,74000,74000,74000,74000,16,0,39000,43779.81009375116,7007.212700002128,73635.86639999994,181.0
1781969063,1000,POST,/predict/colleges [auth],0.200000,0.000000,70000,70000,70000,70000,70000,70000,70000,70000,70000,70000,70000,14,0,44000,43542.0691785704,17694.509000000835,70404.26869999646,2404.6428571428573
1781969063,1000,POST,/predict/colleges [guest],1.300000,0.000000,68000,68000,68000,68000,69000,69000,69000,69000,69000,69000,69000,68,0,40000,41891.730632352745,17178.543699999864,69494.99020000076,2386.029411764706
1781969063,1000,POST,/predict/colleges [premium],0.900000,0.000000,69000,69000,70000,70000,70000,70000,70000,70000,70000,70000,70000,36,0,44000,44035.421975000856,16777.160699995875,70469.70220000367,604.3055555555555
1781969063,1000,GET,/predict/colleges-list,0.000000,0.000000,0,0,0,0,0,0,0,0,0,0,0,12,0,9300,12464.059249999385,452.07429999572923,25970.73029999592,102062.0
1781969063,1000,POST,/predict/rank [auth],0.000000,0.000000,0,0,0,0,0,0,0,0,0,0,0,4,0,12000,12327.78424999924,9512.484300001233,15803.522199996223,125.25
1781969063,1000,POST,/predict/rank [guest],0.000000,0.000000,0,0,0,0,0,0,0,0,0,0,0,43,0,15000,15265.652139535272,8062.250299997686,26235.742799995933,123.55813953488372
1781969063,1000,,Aggregated,12.200000,0.000000,68000,69000,73000,73000,74000,74000,74000,75000,75000,75000,75000,1001,0,36000,37386.8110485515,452.07429999572923,74722.14250000252,1593.4165834165833
1781969064,1000,POST,/auth/login [setup],7.100000,0.000000,68000,71000,74000,74000,74000,74000,75000,75000,76000,76000,76000,744,0,41000,39117.894907258036,1130.2634000021499,75534.3548000019,173.97043010752688
1781969064,1000,GET,/auth/me,0.300000,0.000000,67000,67000,69000,69000,69000,69000,69000,69000,69000,69000,69000,42,0,35000,35772.22769761941,3772.9913000002853,68693.16909999907,337.8095238095238
1781969064,1000,POST,/auth/update-profile,0.100000,0.000000,67000,67000,67000,67000,67000,67000,67000,67000,67000,67000,67000,12,0,35000,39895.57320000009,17691.20699999621,66806.18449999747,72.0
1781969064,1000,GET,/config,0.000000,0.000000,0,0,0,0,0,0,0,0,0,0,0,16,0,11000,11641.896800000723,2808.9440999974613,35715.6707000031,28.0
1781969064,1000,POST,/payment/create-order,0.100000,0.000000,74000,74000,74000,74000,74000,74000,74000,74000,74000,74000,74000,16,0,39000,43779.81009375116,7007.212700002128,73635.86639999994,181.0
1781969064,1000,POST,/predict/colleges [auth],0.200000,0.000000,70000,70000,70000,70000,70000,70000,70000,70000,70000,70000,70000,14,0,44000,43542.0691785704,17694.509000000835,70404.26869999646,2404.6428571428573
1781969064,1000,POST,/predict/colleges [guest],0.800000,0.000000,68000,68000,68000,68000,69000,69000,69000,69000,69000,69000,69000,68,0,40000,41891.730632352745,17178.543699999864,69494.99020000076,2386.029411764706
1781969064,1000,POST,/predict/colleges [premium],0.600000,0.000000,69000,69000,70000,70000,70000,70000,70000,70000,70000,70000,70000,36,0,44000,44035.421975000856,16777.160699995875,70469.70220000367,604.3055555555555
1781969064,1000,GET,/predict/colleges-list,0.000000,0.000000,0,0,0,0,0,0,0,0,0,0,0,12,0,9300,12464.059249999385,452.07429999572923,25970.73029999592,102062.0
1781969064,1000,POST,/predict/rank [auth],0.000000,0.000000,0,0,0,0,0,0,0,0,0,0,0,4,0,12000,12327.78424999924,9512.484300001233,15803.522199996223,125.25
1781969064,1000,POST,/predict/rank [guest],0.000000,0.000000,0,0,0,0,0,0,0,0,0,0,0,43,0,15000,15265.652139535272,8062.250299997686,26235.742799995933,123.55813953488372
1781969064,1000,,Aggregated,9.200000,0.000000,68000,69000,73000,74000,74000,74000,75000,75000,76000,76000,76000,1007,0,36000,37607.195924131134,452.07429999572923,75534.3548000019,1584.9632571996028
1781969065,1000,POST,/auth/login [setup],7.100000,0.000000,73000,74000,74000,74000,75000,75000,75000,75000,76000,76000,76000,765,0,41000,40090.96569098035,1130.2634000021499,75534.3548000019,173.93071895424836
1781969065,1000,GET,/auth/me,0.300000,0.000000,67000,67000,69000,69000,69000,69000,69000,69000,69000,69000,69000,42,0,35000,35772.22769761941,3772.9913000002853,68693.16909999907,337.8095238095238
1781969065,1000,POST,/auth/update-profile,0.100000,0.000000,75000,75000,75000,75000,75000,75000,75000,75000,75000,75000,75000,13,0,47000,42597.537361538765,17691.20699999621,75021.10730000277,72.0
1781969065,1000,GET,/config,0.000000,0.000000,0,0,0,0,0,0,0,0,0,0,0,16,0,11000,11641.896800000723,2808.9440999974613,35715.6707000031,28.0
1781969065,1000,POST,/payment/create-order,0.100000,0.000000,74000,74000,74000,74000,74000,74000,74000,74000,74000,74000,74000,16,0,39000,43779.81009375116,7007.212700002128,73635.86639999994,181.0
1781969065,1000,POST,/predict/colleges [auth],0.200000,0.000000,70000,70000,75000,75000,75000,75000,75000,75000,75000,75000,75000,15,0,45000,45644.401333332156,17694.509000000835,75077.05149999674,2413.8
1781969065,1000,POST,/predict/colleges [guest],0.800000,0.000000,68000,69000,75000,75000,75000,75000,75000,75000,75000,75000,75000,71,0,42000,43274.04928309835,17178.543699999864,74609.13450000226,2386.1971830985917
1781969065,1000,POST,/predict/colleges [premium],0.600000,0.000000,70000,70000,75000,75000,75000,75000,75000,75000,75000,75000,75000,38,0,44000,45663.57484210619,16777.160699995875,75019.859,605.5526315789474
1781969065,1000,GET,/predict/colleges-list,0.000000,0.000000,0,0,0,0,0,0,0,0,0,0,0,12,0,9300,12464.059249999385,452.07429999572923,25970.73029999592,102062.0
1781969065,1000,POST,/predict/rank [auth],0.000000,0.000000,0,0,0,0,0,0,0,0,0,0,0,4,0,12000,12327.78424999924,9512.484300001233,15803.522199996223,125.25
1781969065,1000,POST,/predict/rank [guest],0.000000,0.000000,0,0,0,0,0,0,0,0,0,0,0,43,0,15000,15265.652139535272,8062.250299997686,26235.742799995933,123.55813953488372
1781969065,1000,,Aggregated,9.200000,0.000000,73000,74000,74000,74000,75000,75000,75000,75000,76000,76000,76000,1035,0,39000,38608.86943574885,452.07429999572923,75534.3548000019,1556.2521739130434
1781969066,1000,POST,/auth/login [setup],7.100000,0.000000,73000,74000,74000,74000,75000,75000,75000,75000,76000,76000,76000,765,0,41000,40090.96569098035,1130.2634000021499,75534.3548000019,173.93071895424836
1781969066,1000,GET,/auth/me,0.300000,0.000000,69000,69000,69000,69000,69000,69000,69000,69000,69000,69000,69000,42,0,35000,35772.22769761941,3772.9913000002853,68693.16909999907,337.8095238095238
1781969066,1000,POST,/auth/update-profile,0.100000,0.000000,75000,75000,75000,75000,75000,75000,75000,75000,75000,75000,75000,13,0,47000,42597.537361538765,17691.20699999621,75021.10730000277,72.0
1781969066,1000,GET,/config,0.000000,0.000000,0,0,0,0,0,0,0,0,0,0,0,16,0,11000,11641.896800000723,2808.9440999974613,35715.6707000031,28.0
1781969066,1000,POST,/payment/create-order,0.100000,0.000000,74000,74000,74000,74000,74000,74000,74000,74000,74000,74000,74000,16,0,39000,43779.81009375116,7007.212700002128,73635.86639999994,181.0
1781969066,1000,POST,/predict/colleges [auth],0.200000,0.000000,70000,70000,75000,75000,75000,75000,75000,75000,75000,75000,75000,15,0,45000,45644.401333332156,17694.509000000835,75077.05149999674,2413.8
1781969066,1000,POST,/predict/colleges [guest],0.800000,0.000000,68000,69000,75000,75000,75000,75000,75000,75000,75000,75000,75000,71,0,42000,43274.04928309835,17178.543699999864,74609.13450000226,2386.1971830985917
1781969066,1000,POST,/predict/colleges [premium],0.600000,0.000000,70000,75000,75000,75000,75000,75000,75000,75000,75000,75000,75000,38,0,44000,45663.57484210619,16777.160699995875,75019.859,605.5526315789474
1781969066,1000,GET,/predict/colleges-list,0.000000,0.000000,0,0,0,0,0,0,0,0,0,0,0,12,0,9300,12464.059249999385,452.07429999572923,25970.73029999592,102062.0
1781969066,1000,POST,/predict/rank [auth],0.000000,0.000000,0,0,0,0,0,0,0,0,0,0,0,4,0,12000,12327.78424999924,9512.484300001233,15803.522199996223,125.25
1781969066,1000,POST,/predict/rank [guest],0.000000,0.000000,0,0,0,0,0,0,0,0,0,0,0,43,0,15000,15265.652139535272,8062.250299997686,26235.742799995933,123.55813953488372
1781969066,1000,,Aggregated,9.200000,0.000000,73000,74000,74000,74000,75000,75000,75000,75000,76000,76000,76000,1035,0,39000,38608.86943574885,452.07429999572923,75534.3548000019,1556.2521739130434
1781969067,1000,POST,/auth/login [setup],10.900000,0.000000,73000,74000,74000,74000,75000,75000,75000,76000,77000,77000,77000,766,0,41000,40138.78681762397,1130.2634000021499,76721.94869999657,173.92297650130547
1781969067,1000,GET,/auth/me,0.300000,0.000000,69000,69000,69000,69000,69000,69000,69000,69000,69000,69000,69000,42,0,35000,35772.22769761941,3772.9913000002853,68693.16909999907,337.8095238095238
1781969067,1000,POST,/auth/update-profile,0.100000,0.000000,75000,75000,75000,75000,75000,75000,75000,75000,75000,75000,75000,13,0,47000,42597.537361538765,17691.20699999621,75021.10730000277,72.0
1781969067,1000,GET,/config,0.000000,0.000000,0,0,0,0,0,0,0,0,0,0,0,16,0,11000,11641.896800000723,2808.9440999974613,35715.6707000031,28.0
1781969067,1000,POST,/payment/create-order,0.200000,0.000000,74000,74000,74000,74000,74000,74000,74000,74000,74000,74000,74000,16,0,39000,43779.81009375116,7007.212700002128,73635.86639999994,181.0
1781969067,1000,POST,/predict/colleges [auth],0.200000,0.000000,75000,75000,75000,75000,75000,75000,75000,75000,75000,75000,75000,15,0,45000,45644.401333332156,17694.509000000835,75077.05149999674,2413.8
1781969067,1000,POST,/predict/colleges [guest],0.800000,0.000000,75000,75000,75000,75000,75000,75000,75000,75000,75000,75000,75000,71,0,42000,43274.04928309835,17178.543699999864,74609.13450000226,2386.1971830985917
1781969067,1000,POST,/predict/colleges [premium],0.700000,0.000000,75000,75000,75000,75000,76000,76000,76000,76000,76000,76000,76000,39,0,44000,46436.05607435987,16777.160699995875,75790.34289999981,606.3846153846154
1781969067,1000,GET,/predict/colleges-list,0.000000,0.000000,0,0,0,0,0,0,0,0,0,0,0,12,0,9300,12464.059249999385,452.07429999572923,25970.73029999592,102062.0
1781969067,1000,POST,/predict/rank [auth],0.000000,0.000000,0,0,0,0,0,0,0,0,0,0,0,4,0,12000,12327.78424999924,9512.484300001233,15803.522199996223,125.25
1781969067,1000,POST,/predict/rank [guest],0.000000,0.000000,0,0,0,0,0,0,0,0,0,0,0,43,0,15000,15265.652139535272,8062.250299997686,26235.742799995933,123.55813953488372
1781969067,1000,,Aggregated,13.200000,0.000000,74000,74000,75000,75000,75000,75000,76000,77000,77000,77000,77000,1037,0,39000,38681.47749045328,452.07429999572923,76721.94869999657,1554.0279652844745
1781969068,1000,POST,/auth/login [setup],10.700000,0.000000,74000,74000,74000,75000,77000,77000,77000,77000,77000,77000,77000,782,0,41000,40896.19414616363,1130.2634000021499,77461.99010000419,173.92583120204603
1781969068,1000,GET,/auth/me,0.200000,0.000000,77000,77000,77000,77000,77000,77000,77000,77000,77000,77000,77000,49,0,43000,41644.931600000426,3772.9913000002853,76930.61370000214,337.6734693877551
1781969068,1000,POST,/auth/update-profile,0.100000,0.000000,77000,77000,77000,77000,77000,77000,77000,77000,77000,77000,77000,15,0,50000,47174.441633333234,17691.20699999621,76939.50629999745,72.0
1781969068,1000,GET,/config,0.000000,0.000000,0,0,0,0,0,0,0,0,0,0,0,16,0,11000,11641.896800000723,2808.9440999974613,35715.6707000031,28.0
1781969068,1000,POST,/payment/create-order,0.100000,0.000000,74000,74000,74000,74000,74000,74000,74000,74000,74000,74000,74000,16,0,39000,43779.81009375116,7007.212700002128,73635.86639999994,181.0
1781969068,1000,POST,/predict/colleges [auth],0.200000,0.000000,77000,77000,77000,77000,77000,77000,77000,77000,77000,77000,77000,17,0,49000,49317.21711764625,17694.509000000835,76928.31730000034,2392.6470588235293
1781969068,1000,POST,/predict/colleges [guest],0.900000,0.000000,75000,76000,76000,76000,77000,77000,77000,77000,77000,77000,77000,74,0,45000,44631.26870405383,17178.543699999864,77397.37719999539,2385.7027027027025
1781969068,1000,POST,/predict/colleges [premium],0.500000,0.000000,75000,76000,77000,77000,77000,77000,77000,77000,77000,77000,77000,41,0,49000,47919.9572414644,16777.160699995875,76926.01570000261,606.0731707317074
1781969068,1000,GET,/predict/colleges-list,0.000000,0.000000,0,0,0,0,0,0,0,0,0,0,0,12,0,9300,12464.059249999385,452.07429999572923,25970.73029999592,102062.0
1781969068,1000,POST,/predict/rank [auth],0.000000,0.000000,0,0,0,0,0,0,0,0,0,0,0,4,0,12000,12327.78424999924,9512.484300001233,15803.522199996223,125.25
1781969068,1000,POST,/predict/rank [guest],0.000000,0.000000,0,0,0,0,0,0,0,0,0,0,0,43,0,15000,15265.652139535272,8062.250299997686,26235.742799995933,123.55813953488372
1781969068,1000,,Aggregated,12.700000,0.000000,75000,75000,77000,77000,77000,77000,77000,77000,77000,77000,77000,1069,0,41000,39828.734441066474,452.07429999572923,77461.99010000419,1524.4190832553788
1781969069,1000,POST,/auth/login [setup],10.500000,0.000000,74000,75000,77000,77000,77000,78000,78000,79000,79000,79000,79000,790,0,42000,41268.83872569617,1130.2634000021499,78520.73760000349,173.93291139240506
1781969069,1000,GET,/auth/me,0.200000,0.000000,77000,77000,77000,77000,77000,77000,77000,77000,77000,77000,77000,49,0,43000,41644.931600000426,3772.9913000002853,76930.61370000214,337.6734693877551
1781969069,1000,POST,/auth/update-profile,0.100000,0.000000,77000,77000,77000,77000,77000,77000,77000,77000,77000,77000,77000,15,0,50000,47174.441633333234,17691.20699999621,76939.50629999745,72.0
1781969069,1000,GET,/config,0.000000,0.000000,0,0,0,0,0,0,0,0,0,0,0,16,0,11000,11641.896800000723,2808.9440999974613,35715.6707000031,28.0
1781969069,1000,POST,/payment/create-order,0.100000,0.000000,78000,78000,78000,78000,78000,78000,78000,78000,78000,78000,78000,17,0,44000,45774.43481764802,7007.212700002128,77688.43039999774,181.0
1781969069,1000,POST,/predict/colleges [auth],0.200000,0.000000,77000,77000,77000,77000,77000,77000,77000,77000,77000,77000,77000,17,0,49000,49317.21711764625,17694.509000000835,76928.31730000034,2392.6470588235293
1781969069,1000,POST,/predict/colleges [guest],0.900000,0.000000,75000,76000,76000,76000,77000,77000,77000,77000,77000,77000,77000,74,0,45000,44631.26870405383,17178.543699999864,77397.37719999539,2385.7027027027025
1781969069,1000,POST,/predict/colleges [premium],0.500000,0.000000,76000,76000,77000,77000,77000,77000,77000,77000,77000,77000,77000,41,0,49000,47919.9572414644,16777.160699995875,76926.01570000261,606.0731707317074
1781969069,1000,GET,/predict/colleges-list,0.000000,0.000000,0,0,0,0,0,0,0,0,0,0,0,12,0,9300,12464.059249999385,452.07429999572923,25970.73029999592,102062.0
1781969069,1000,POST,/predict/rank [auth],0.000000,0.000000,0,0,0,0,0,0,0,0,0,0,0,4,0,12000,12327.78424999924,9512.484300001233,15803.522199996223,125.25
1781969069,1000,POST,/predict/rank [guest],0.000000,0.000000,0,0,0,0,0,0,0,0,0,0,0,43,0,15000,15265.652139535272,8062.250299997686,26235.742799995933,123.55813953488372
1781969069,1000,,Aggregated,12.500000,0.000000,75000,77000,77000,77000,77000,78000,78000,78000,79000,79000,79000,1078,0,41000,40144.8648598331,452.07429999572923,78520.73760000349,1513.155844155844
1781969070,1000,POST,/auth/login [setup],6.600000,0.000000,75000,77000,77000,78000,78000,79000,79000,79000,79000,79000,79000,805,0,42000,41962.63882285711,1130.2634000021499,79332.90670000133,173.92422360248446
1781969070,1000,GET,/auth/me,0.100000,0.000000,77000,77000,77000,77000,77000,77000,77000,77000,77000,77000,77000,49,0,43000,41644.931600000426,3772.9913000002853,76930.61370000214,337.6734693877551
1781969070,1000,POST,/auth/update-profile,0.100000,0.000000,77000,77000,77000,77000,77000,77000,77000,77000,77000,77000,77000,15,0,50000,47174.441633333234,17691.20699999621,76939.50629999745,72.0
1781969070,1000,GET,/config,0.000000,0.000000,0,0,0,0,0,0,0,0,0,0,0,16,0,11000,11641.896800000723,2808.9440999974613,35715.6707000031,28.0
1781969070,1000,POST,/payment/create-order,0.100000,0.000000,78000,78000,79000,79000,79000,79000,79000,79000,79000,79000,79000,18,0,44000,47625.45771666757,7007.212700002128,79092.84699999989,181.0
1781969070,1000,POST,/predict/colleges [auth],0.200000,0.000000,77000,77000,77000,77000,77000,77000,77000,77000,77000,77000,77000,17,0,49000,49317.21711764625,17694.509000000835,76928.31730000034,2392.6470588235293
1781969070,1000,POST,/predict/colleges [guest],0.400000,0.000000,75000,76000,76000,76000,77000,77000,77000,77000,77000,77000,77000,74,0,45000,44631.26870405383,17178.543699999864,77397.37719999539,2385.7027027027025
1781969070,1000,POST,/predict/colleges [premium],0.500000,0.000000,76000,76000,77000,77000,77000,77000,77000,77000,77000,77000,77000,41,0,49000,47919.9572414644,16777.160699995875,76926.01570000261,606.0731707317074
1781969070,1000,GET,/predict/colleges-list,0.000000,0.000000,0,0,0,0,0,0,0,0,0,0,0,12,0,9300,12464.059249999385,452.07429999572923,25970.73029999592,102062.0
1781969070,1000,POST,/predict/rank [auth],0.000000,0.000000,0,0,0,0,0,0,0,0,0,0,0,4,0,12000,12327.78424999924,9512.484300001233,15803.522199996223,125.25
1781969070,1000,POST,/predict/rank [guest],0.000000,0.000000,0,0,0,0,0,0,0,0,0,0,0,43,0,15000,15265.652139535272,8062.250299997686,26235.742799995933,123.55813953488372
1781969070,1000,,Aggregated,8.000000,0.000000,75000,77000,77000,77000,78000,79000,79000,79000,79000,79000,79000,1094,0,41000,40706.39746343701,452.07429999572923,79332.90670000133,1493.5694698354662
1781969071,1000,POST,/auth/login [setup],7.700000,0.000000,77000,78000,79000,79000,80000,80000,80000,80000,80000,80000,80000,830,0,44000,43092.40555674694,1130.2634000021499,79725.39419999521,173.88915662650604
1781969071,1000,GET,/auth/me,0.700000,0.000000,77000,77000,77000,77000,77000,77000,77000,77000,77000,77000,77000,49,0,43000,41644.931600000426,3772.9913000002853,76930.61370000214,337.6734693877551
1781969071,1000,POST,/auth/update-profile,0.300000,0.000000,77000,77000,77000,77000,77000,77000,77000,77000,77000,77000,77000,15,0,50000,47174.441633333234,17691.20699999621,76939.50629999745,72.0
1781969071,1000,GET,/config,0.000000,0.000000,71000,71000,71000,71000,71000,71000,71000,71000,71000,71000,71000,18,0,12000,18211.85592777854,2808.9440999974613,70891.01890000165,28.0
1781969071,1000,POST,/payment/create-order,0.200000,0.000000,79000,79000,80000,80000,80000,80000,80000,80000,80000,80000,80000,19,0,50000,49326.0048368431,7007.212700002128,79935.85300000268,181.0
1781969071,1000,POST,/predict/colleges [auth],0.400000,0.000000,77000,77000,77000,77000,77000,77000,77000,77000,77000,77000,77000,17,0,49000,49317.21711764625,17694.509000000835,76928.31730000034,2392.6470588235293
1781969071,1000,POST,/predict/colleges [guest],0.600000,0.000000,76000,77000,78000,78000,79000,79000,79000,79000,79000,79000,79000,76,0,45000,45524.32651315758,17178.543699999864,79034.6378999966,2385.3684210526317
1781969071,1000,POST,/predict/colleges [premium],0.700000,0.000000,76000,76000,77000,77000,77000,77000,77000,77000,77000,77000,77000,41,0,49000,47919.9572414644,16777.160699995875,76926.01570000261,606.0731707317074
1781969071,1000,GET,/predict/colleges-list,0.000000,0.000000,0,0,0,0,0,0,0,0,0,0,0,14,0,13000,20940.896078571055,452.07429999572923,71884.8902000027,102062.0
1781969071,1000,POST,/predict/rank [auth],0.000000,0.000000,0,0,0,0,0,0,0,0,0,0,0,4,0,12000,12327.78424999924,9512.484300001233,15803.522199996223,125.25
1781969071,1000,POST,/predict/rank [guest],0.000000,0.000000,0,0,0,0,0,0,0,0,0,0,0,43,0,15000,15265.652139535272,8062.250299997686,26235.742799995933,123.55813953488372
1781969071,1000,,Aggregated,10.600000,0.000000,77000,77000,78000,79000,80000,80000,80000,80000,80000,80000,80000,1126,0,42000,41777.787620426345,452.07429999572923,79935.85300000268,1640.6669626998223
1781969072,1000,POST,/auth/login [setup],7.700000,0.000000,77000,78000,79000,79000,80000,80000,80000,80000,80000,80000,80000,830,0,44000,43092.40555674694,1130.2634000021499,79725.39419999521,173.88915662650604
1781969072,1000,GET,/auth/me,0.700000,0.000000,77000,77000,77000,77000,78000,78000,78000,78000,78000,78000,78000,50,0,43000,42373.751674000516,3772.9913000002853,78085.93530000508,337.68
1781969072,1000,POST,/auth/update-profile,0.300000,0.000000,77000,77000,77000,77000,77000,77000,77000,77000,77000,77000,77000,15,0,50000,47174.441633333234,17691.20699999621,76939.50629999745,72.0
1781969072,1000,GET,/config,0.000000,0.000000,71000,71000,71000,71000,71000,71000,71000,71000,71000,71000,71000,18,0,12000,18211.85592777854,2808.9440999974613,70891.01890000165,28.0
1781969072,1000,POST,/payment/create-order,0.200000,0.000000,79000,79000,80000,80000,80000,80000,80000,80000,80000,80000,80000,19,0,50000,49326.0048368431,7007.212700002128,79935.85300000268,181.0
1781969072,1000,POST,/predict/colleges [auth],0.400000,0.000000,77000,77000,77000,77000,77000,77000,77000,77000,77000,77000,77000,17,0,49000,49317.21711764625,17694.509000000835,76928.31730000034,2392.6470588235293
1781969072,1000,POST,/predict/colleges [guest],0.600000,0.000000,76000,77000,78000,79000,79000,79000,79000,79000,79000,79000,79000,77,0,47000,45959.29578571394,17178.543699999864,79034.6378999966,2386.3636363636365
1781969072,1000,POST,/predict/colleges [premium],0.700000,0.000000,76000,77000,77000,77000,77000,77000,77000,77000,77000,77000,77000,41,0,49000,47919.9572414644,16777.160699995875,76926.01570000261,606.0731707317074
1781969072,1000,GET,/predict/colleges-list,0.000000,0.000000,72000,72000,72000,72000,72000,72000,72000,72000,72000,72000,72000,14,0,13000,20940.896078571055,452.07429999572923,71884.8902000027,102062.0
1781969072,1000,POST,/predict/rank [auth],0.000000,0.000000,0,0,0,0,0,0,0,0,0,0,0,4,0,12000,12327.78424999924,9512.484300001233,15803.522199996223,125.25
1781969072,1000,POST,/predict/rank [guest],0.000000,0.000000,0,0,0,0,0,0,0,0,0,0,0,43,0,15000,15265.652139535272,8062.250299997686,26235.742799995933,123.55813953488372
1781969072,1000,,Aggregated,10.600000,0.000000,77000,77000,78000,79000,80000,80000,80000,80000,80000,80000,80000,1128,0,42000,41842.98914574474,452.07429999572923,79935.85300000268,1640.2402482269504
1781969073,1000,POST,/auth/login [setup],9.800000,0.000000,77000,79000,79000,80000,80000,80000,80000,80000,80000,80000,80000,830,0,44000,43092.40555674694,1130.2634000021499,79725.39419999521,173.88915662650604
1781969073,1000,GET,/auth/me,0.700000,0.000000,77000,77000,77000,77000,78000,78000,78000,78000,78000,78000,78000,50,0,43000,42373.751674000516,3772.9913000002853,78085.93530000508,337.68
1781969073,1000,POST,/auth/update-profile,0.300000,0.000000,77000,77000,77000,77000,77000,77000,77000,77000,77000,77000,77000,15,0,50000,47174.441633333234,17691.20699999621,76939.50629999745,72.0
1781969073,1000,GET,/config,0.200000,0.000000,71000,71000,71000,71000,71000,71000,71000,71000,71000,71000,71000,18,0,12000,18211.85592777854,2808.9440999974613,70891.01890000165,28.0
1781969073,1000,POST,/payment/create-order,0.300000,0.000000,79000,79000,79000,79000,80000,80000,80000,80000,80000,80000,80000,22,0,52000,53420.75973636417,7007.212700002128,79935.85300000268,181.0
1781969073,1000,POST,/predict/colleges [auth],0.300000,0.000000,77000,77000,77000,77000,77000,77000,77000,77000,77000,77000,77000,17,0,49000,49317.21711764625,17694.509000000835,76928.31730000034,2392.6470588235293
1781969073,1000,POST,/predict/colleges [guest],0.800000,0.000000,76000,77000,78000,79000,79000,79000,79000,79000,79000,79000,79000,77,0,47000,45959.29578571394,17178.543699999864,79034.6378999966,2386.3636363636365
1781969073,1000,POST,/predict/colleges [premium],0.500000,0.000000,76000,77000,77000,77000,77000,77000,77000,77000,77000,77000,77000,41,0,49000,47919.9572414644,16777.160699995875,76926.01570000261,606.0731707317074
1781969073,1000,GET,/predict/colleges-list,0.000000,0.000000,72000,72000,73000,73000,73000,73000,73000,73000,73000,73000,73000,15,0,14000,24379.41071333286,452.07429999572923,72518.61559999816,102062.0
1781969073,1000,POST,/predict/rank [auth],0.000000,0.000000,0,0,0,0,0,0,0,0,0,0,0,4,0,12000,12327.78424999924,9512.484300001233,15803.522199996223,125.25
1781969073,1000,POST,/predict/rank [guest],0.000000,0.000000,0,0,0,0,0,0,0,0,0,0,0,43,0,15000,15265.652139535272,8062.250299997686,26235.742799995933,123.55813953488372
1781969073,1000,,Aggregated,12.900000,0.000000,77000,78000,79000,79000,80000,80000,80000,80000,80000,80000,80000,1132,0,42000,41969.499111572484,452.07429999572923,79935.85300000268,1725.0848056537102
1781969074,1000,POST,/auth/login [setup],9.800000,0.000000,78000,79000,80000,80000,80000,80000,80000,81000,81000,81000,81000,831,0,44000,43138.14757051741,1130.2634000021499,81104.01900000579,173.8904933814681
1781969074,1000,GET,/auth/me,0.700000,0.000000,77000,77000,77000,77000,78000,78000,78000,78000,78000,78000,78000,50,0,43000,42373.751674000516,3772.9913000002853,78085.93530000508,337.68
1781969074,1000,POST,/auth/update-profile,0.300000,0.000000,77000,77000,77000,77000,77000,77000,77000,77000,77000,77000,77000,15,0,50000,47174.441633333234,17691.20699999621,76939.50629999745,72.0
1781969074,1000,GET,/config,0.200000,0.000000,71000,71000,71000,71000,71000,71000,71000,71000,71000,71000,71000,18,0,12000,18211.85592777854,2808.9440999974613,70891.01890000165,28.0
1781969074,1000,POST,/payment/create-order,0.300000,0.000000,79000,79000,79000,79000,80000,80000,80000,80000,80000,80000,80000,22,0,52000,53420.75973636417,7007.212700002128,79935.85300000268,181.0
1781969074,1000,POST,/predict/colleges [auth],0.300000,0.000000,77000,77000,77000,77000,77000,77000,77000,77000,77000,77000,77000,17,0,49000,49317.21711764625,17694.509000000835,76928.31730000034,2392.6470588235293
1781969074,1000,POST,/predict/colleges [guest],0.800000,0.000000,76000,77000,78000,79000,79000,79000,79000,79000,79000,79000,79000,77,0,47000,45959.29578571394,17178.543699999864,79034.6378999966,2386.3636363636365
1781969074,1000,POST,/predict/colleges [premium],0.500000,0.000000,77000,77000,77000,77000,77000,77000,77000,77000,77000,77000,77000,41,0,49000,47919.9572414644,16777.160699995875,76926.01570000261,606.0731707317074
1781969074,1000,GET,/predict/colleges-list,0.000000,0.000000,72000,72000,73000,73000,73000,73000,73000,73000,73000,73000,73000,15,0,14000,24379.41071333286,452.07429999572923,72518.61559999816,102062.0
1781969074,1000,POST,/predict/rank [auth],0.000000,0.000000,0,0,0,0,0,0,0,0,0,0,0,4,0,12000,12327.78424999924,9512.484300001233,15803.522199996223,125.25
1781969074,1000,POST,/predict/rank [guest],0.000000,0.000000,0,0,0,0,0,0,0,0,0,0,0,43,0,15000,15265.652139535272,8062.250299997686,26235.742799995933,123.55813953488372
1781969074,1000,,Aggregated,12.900000,0.000000,77000,79000,79000,79000,80000,80000,80000,80000,81000,81000,81000,1133,0,42000,42004.03972930279,452.07429999572923,81104.01900000579,1723.7166813768756
1781969075,1000,POST,/auth/login [setup],12.200000,0.000000,79000,80000,83000,83000,83000,83000,83000,83000,83000,83000,83000,869,0,45000,44864.65960978133,1130.2634000021499,82665.62999999587,173.8849252013809
1781969075,1000,GET,/auth/me,0.800000,0.000000,77000,77000,77000,78000,81000,81000,81000,81000,81000,81000,81000,51,0,43000,43134.85137647113,3772.9913000002853,81189.83650000155,337.6862745098039
1781969075,1000,POST,/auth/update-profile,0.300000,0.000000,77000,82000,82000,82000,82000,82000,82000,82000,82000,82000,82000,17,0,59000,51225.999994116995,17691.20699999621,81613.3234999943,72.0
1781969075,1000,GET,/config,0.200000,0.000000,71000,73000,73000,73000,73000,73000,73000,73000,73000,73000,73000,21,0,15000,25908.08678571505,2808.9440999974613,73344.70539999893,28.0
1781969075,1000,POST,/payment/create-order,0.400000,0.000000,79000,79000,80000,80000,81000,81000,81000,81000,81000,81000,81000,23,0,53000,54633.55229130494,7007.212700002128,81314.98850000207,181.0
1781969075,1000,POST,/predict/colleges [auth],0.300000,0.000000,81000,81000,81000,81000,82000,82000,82000,82000,82000,82000,82000,20,0,52000,54135.34156499917,17694.509000000835,81594.40999999788,2380.3
1781969075,1000,POST,/predict/colleges [guest],0.900000,0.000000,77000,79000,79000,79000,81000,82000,82000,82000,82000,82000,82000,79,0,47000,46859.851258227485,17178.543699999864,81839.2154999965,2384.6708860759495
1781969075,1000,POST,/predict/colleges [premium],0.500000,0.000000,82000,82000,82000,82000,82000,82000,82000,82000,82000,82000,82000,47,0,59000,52219.91929574562,16777.160699995875,81857.97699999966,602.468085106383
1781969075,1000,GET,/predict/colleges-list,0.200000,0.000000,73000,74000,74000,74000,74000,74000,74000,74000,74000,74000,74000,23,0,26000,41063.7414260861,452.07429999572923,74415.22650000115,102062.0
1781969075,1000,POST,/predict/rank [auth],0.000000,0.000000,0,0,0,0,0,0,0,0,0,0,0,5,0,12000,24329.327359999297,9512.484300001233,72335.49979999952,125.4
1781969075,1000,POST,/predict/rank [guest],0.000000,0.000000,0,0,0,0,0,0,0,0,0,0,0,51,0,16000,24174.476874510183,8062.250299997686,74563.43580000248,123.47058823529412
1781969075,1000,,Aggregated,15.800000,0.000000,78000,80000,81000,82000,83000,83000,83000,83000,83000,83000,83000,1206,0,44000,44275.897548922105,452.07429999572923,82665.62999999587,2315.8905472636816
1781969076,1000,POST,/auth/login [setup],9.200000,0.000000,80000,83000,83000,83000,83000,83000,83000,83000,83000,83000,83000,869,0,45000,44864.65960978133,1130.2634000021499,82665.62999999587,173.8849252013809
1781969076,1000,GET,/auth/me,0.800000,0.000000,78000,81000,81000,81000,81000,81000,81000,81000,81000,81000,81000,57,0,44000,47078.21740701809,3772.9913000002853,81189.83650000155,337.70175438596493
1781969076,1000,POST,/auth/update-profile,0.300000,0.000000,81000,81000,82000,82000,82000,82000,82000,82000,82000,82000,82000,19,0,61000,54392.94165263059,17691.20699999621,81613.3234999943,72.0
1781969076,1000,GET,/config,0.200000,0.000000,71000,71000,73000,73000,73000,73000,73000,73000,73000,73000,73000,22,0,15000,27568.43415000086,2808.9440999974613,73344.70539999893,28.0
1781969076,1000,POST,/payment/create-order,0.600000,0.000000,79000,79000,80000,80000,81000,81000,81000,81000,81000,81000,81000,23,0,53000,54633.55229130494,7007.212700002128,81314.98850000207,181.0
1781969076,1000,POST,/predict/colleges [auth],0.300000,0.000000,81000,81000,81000,81000,82000,82000,82000,82000,82000,82000,82000,21,0,61000,55416.25801904696,17694.509000000835,81594.40999999788,2377.809523809524
1781969076,1000,POST,/predict/colleges [guest],0.900000,0.000000,79000,79000,81000,81000,82000,82000,82000,82000,82000,82000,82000,79,0,47000,46859.851258227485,17178.543699999864,81839.2154999965,2384.6708860759495
1781969076,1000,POST,/predict/colleges [premium],0.500000,0.000000,81000,82000,82000,82000,82000,82000,82000,82000,82000,82000,82000,50,0,61000,53936.67417600098,16777.160699995875,81857.97699999966,602.2
1781969076,1000,GET,/predict/colleges-list,0.300000,0.000000,73000,74000,74000,74000,74000,74000,74000,74000,74000,74000,74000,23,0,26000,41063.7414260861,452.07429999572923,74415.22650000115,102062.0
1781969076,1000,POST,/predict/rank [auth],0.000000,0.000000,72000,72000,72000,72000,72000,72000,72000,72000,72000,72000,72000,6,0,12000,30667.753666666005,9512.484300001233,72335.49979999952,125.0
1781969076,1000,POST,/predict/rank [guest],0.000000,0.000000,72000,72000,72000,74000,75000,75000,75000,75000,75000,75000,75000,52,0,16000,25012.64542692339,8062.250299997686,74563.43580000248,123.51923076923077
1781969076,1000,,Aggregated,13.100000,0.000000,79000,81000,82000,82000,83000,83000,83000,83000,83000,83000,83000,1221,0,44000,44683.88554635551,452.07429999572923,82665.62999999587,2292.820638820639
1781969077,1000,POST,/auth/login [setup],8.500000,0.000000,80000,83000,83000,83000,83000,83000,83000,83000,83000,83000,83000,869,0,45000,44864.65960978133,1130.2634000021499,82665.62999999587,173.8849252013809
1781969077,1000,GET,/auth/me,0.800000,0.000000,79000,81000,81000,81000,81000,81000,81000,81000,81000,81000,81000,59,0,44000,48161.13836610231,3772.9913000002853,81189.83650000155,337.728813559322
1781969077,1000,POST,/auth/update-profile,0.300000,0.000000,81000,81000,82000,82000,82000,82000,82000,82000,82000,82000,82000,19,0,61000,54392.94165263059,17691.20699999621,81613.3234999943,72.0
1781969077,1000,GET,/config,0.200000,0.000000,71000,71000,73000,73000,73000,73000,73000,73000,73000,73000,73000,22,0,15000,27568.43415000086,2808.9440999974613,73344.70539999893,28.0
1781969077,1000,POST,/payment/create-order,0.600000,0.000000,79000,80000,81000,81000,82000,82000,82000,82000,82000,82000,82000,24,0,53000,55786.532479167065,7007.212700002128,82305.07679999573,181.0
1781969077,1000,POST,/predict/colleges [auth],0.300000,0.000000,81000,81000,81000,81000,82000,83000,83000,83000,83000,83000,83000,26,0,67000,60418.69742692254,17694.509000000835,83036.03119999752,2378.423076923077
1781969077,1000,POST,/predict/colleges [guest],0.900000,0.000000,79000,81000,81000,82000,82000,82000,82000,82000,82000,82000,82000,81,0,47000,47714.83902098731,17178.543699999864,81915.69570000138,2385.641975308642
1781969077,1000,POST,/predict/colleges [premium],0.400000,0.000000,81000,82000,82000,82000,83000,83000,83000,83000,83000,83000,83000,54,0,62000,55981.601485186104,16777.160699995875,82999.03730000369,603.9074074074074
1781969077,1000,GET,/predict/colleges-list,0.300000,0.000000,73000,74000,74000,74000,74000,74000,74000,74000,74000,74000,74000,23,0,26000,41063.7414260861,452.07429999572923,74415.22650000115,102062.0
1781969077,1000,POST,/predict/rank [auth],0.000000,0.000000,62000,62000,72000,72000,72000,72000,72000,72000,72000,72000,72000,7,0,16000,35112.881785713915,9512.484300001233,72335.49979999952,124.28571428571429
1781969077,1000,POST,/predict/rank [guest],0.000000,0.000000,72000,72000,72000,74000,75000,75000,75000,75000,75000,75000,75000,52,0,16000,25012.64542692339,8062.250299997686,74563.43580000248,123.51923076923077
1781969077,1000,,Aggregated,12.300000,0.000000,80000,81000,82000,83000,83000,83000,83000,83000,83000,83000,83000,1236,0,45000,45111.20788689327,452.07429999572923,83036.03119999752,2281.364077669903
1781969078,1000,POST,/auth/login [setup],10.400000,0.000000,80000,83000,83000,83000,83000,83000,83000,83000,83000,83000,83000,869,0,45000,44864.65960978133,1130.2634000021499,82665.62999999587,173.8849252013809
1781969078,1000,GET,/auth/me,1.000000,0.000000,79000,79000,80000,80000,81000,81000,81000,81000,81000,81000,81000,74,0,53000,54475.29319729782,3772.9913000002853,81189.83650000155,337.4864864864865
1781969078,1000,POST,/auth/update-profile,0.400000,0.000000,79000,81000,81000,82000,82000,82000,82000,82000,82000,82000,82000,23,0,67000,58726.50907825965,17691.20699999621,81613.3234999943,72.0
1781969078,1000,GET,/config,0.600000,0.000000,70000,71000,71000,73000,73000,73000,73000,73000,73000,73000,73000,26,0,16000,30579.652650000546,2808.9440999974613,73344.70539999893,28.0
1781969078,1000,POST,/payment/create-order,0.700000,0.000000,79000,80000,81000,82000,83000,83000,83000,83000,83000,83000,83000,25,0,53000,56857.748980000615,7007.212700002128,82566.94500000594,181.0
1781969078,1000,POST,/predict/colleges [auth],0.500000,0.000000,81000,81000,81000,81000,82000,83000,83000,83000,83000,83000,83000,28,0,70000,61771.22909285675,17694.509000000835,83036.03119999752,2382.5714285714284
1781969078,1000,POST,/predict/colleges [guest],0.800000,0.000000,80000,81000,81000,81000,82000,82000,82000,82000,82000,82000,82000,91,0,54000,51311.60724065902,17178.543699999864,81915.69570000138,2385.3516483516482
1781969078,1000,POST,/predict/colleges [premium],0.900000,0.000000,81000,82000,82000,82000,83000,83000,83000,83000,83000,83000,83000,58,0,63000,57593.17173965586,16777.160699995875,82999.03730000369,604.2241379310345
1781969078,1000,GET,/predict/colleges-list,1.100000,0.000000,72000,73000,73000,74000,74000,74000,74000,74000,74000,74000,74000,30,0,34000,39416.109433332895,452.07429999572923,74415.22650000115,102062.0
1781969078,1000,POST,/predict/rank [auth],0.100000,0.000000,41000,48000,52000,62000,62000,72000,72000,72000,72000,72000,72000,17,0,37000,33627.715270587934,9512.484300001233,72335.49979999952,123.70588235294117
1781969078,1000,POST,/predict/rank [guest],0.900000,0.000000,68000,72000,72000,72000,74000,75000,75000,75000,75000,75000,75000,60,0,16000,27021.240926666844,8062.250299997686,74563.43580000248,123.45
1781969078,1000,,Aggregated,17.400000,0.000000,79000,81000,81000,82000,83000,83000,83000,83000,83000,83000,83000,1301,0,45000,45888.215858800984,452.07429999572923,83036.03119999752,2746.489623366641
1781969079,1000,POST,/auth/login [setup],10.400000,0.000000,82000,83000,83000,83000,83000,83000,83000,83000,83000,83000,83000,869,0,45000,44864.65960978133,1130.2634000021499,82665.62999999587,173.8849252013809
1781969079,1000,GET,/auth/me,1.500000,0.000000,79000,79000,80000,81000,81000,81000,81000,81000,81000,81000,81000,74,0,53000,54475.29319729782,3772.9913000002853,81189.83650000155,337.4864864864865
1781969079,1000,POST,/auth/update-profile,0.600000,0.000000,79000,81000,81000,82000,82000,82000,82000,82000,82000,82000,82000,23,0,67000,58726.50907825965,17691.20699999621,81613.3234999943,72.0
1781969079,1000,GET,/config,0.600000,0.000000,62000,71000,71000,71000,73000,73000,73000,73000,73000,73000,73000,27,0,16000,29772.268874074616,2808.9440999974613,73344.70539999893,28.0
1781969079,1000,POST,/payment/create-order,0.700000,0.000000,80000,81000,82000,82000,83000,83000,83000,83000,83000,83000,83000,25,0,53000,56857.748980000615,7007.212700002128,82566.94500000594,181.0
1781969079,1000,POST,/predict/colleges [auth],1.000000,0.000000,81000,81000,81000,81000,82000,83000,83000,83000,83000,83000,83000,30,0,75000,62961.55807333295,17694.509000000835,83036.03119999752,2387.0666666666666
1781969079,1000,POST,/predict/colleges [guest],0.800000,0.000000,80000,81000,81000,81000,82000,82000,82000,82000,82000,82000,82000,93,0,54000,51915.379311827695,17178.543699999864,81915.69570000138,2385.430107526882
1781969079,1000,POST,/predict/colleges [premium],1.500000,0.000000,81000,81000,82000,82000,82000,83000,83000,83000,83000,83000,83000,62,0,67000,58994.172675807116,16777.160699995875,82999.03730000369,603.3064516129032
1781969079,1000,GET,/predict/colleges-list,1.100000,0.000000,69000,73000,73000,74000,74000,74000,74000,74000,74000,74000,74000,32,0,26000,37878.45328124968,452.07429999572923,74415.22650000115,102062.0
1781969079,1000,POST,/predict/rank [auth],0.200000,0.000000,41000,48000,52000,62000,62000,72000,72000,72000,72000,72000,72000,17,0,37000,33627.715270587934,9512.484300001233,72335.49979999952,123.70588235294117
1781969079,1000,POST,/predict/rank [guest],0.900000,0.000000,68000,71000,72000,72000,74000,75000,75000,75000,75000,75000,75000,61,0,16000,26699.63558032807,7403.314800001681,74563.43580000248,123.49180327868852
1781969079,1000,,Aggregated,19.300000,0.000000,80000,81000,81000,82000,83000,83000,83000,83000,83000,83000,83000,1313,0,46000,45987.54055559794,452.07429999572923,83036.03119999752,2886.137852246763
1781969080,1000,POST,/auth/login [setup],9.600000,0.000000,83000,83000,83000,83000,83000,83000,83000,83000,83000,83000,83000,869,0,45000,44864.65960978133,1130.2634000021499,82665.62999999587,173.8849252013809
1781969080,1000,GET,/auth/me,1.700000,0.000000,79000,79000,80000,81000,81000,81000,81000,81000,81000,81000,81000,77,0,58000,55440.10918052002,3772.9913000002853,81189.83650000155,337.4935064935065
1781969080,1000,POST,/auth/update-profile,0.600000,0.000000,79000,81000,81000,82000,82000,82000,82000,82000,82000,82000,82000,23,0,67000,58726.50907825965,17691.20699999621,81613.3234999943,72.0
1781969080,1000,GET,/config,0.600000,0.000000,62000,71000,71000,71000,73000,73000,73000,73000,73000,73000,73000,27,0,16000,29772.268874074616,2808.9440999974613,73344.70539999893,28.0
1781969080,1000,POST,/payment/create-order,0.800000,0.000000,80000,81000,82000,82000,83000,83000,83000,83000,83000,83000,83000,25,0,53000,56857.748980000615,7007.212700002128,82566.94500000594,181.0
1781969080,1000,POST,/predict/colleges [auth],1.100000,0.000000,81000,81000,81000,81000,82000,83000,83000,83000,83000,83000,83000,30,0,75000,62961.55807333295,17694.509000000835,83036.03119999752,2387.0666666666666
1781969080,1000,POST,/predict/colleges [guest],1.000000,0.000000,80000,81000,81000,81000,82000,82000,82000,82000,82000,82000,82000,93,0,54000,51915.379311827695,17178.543699999864,81915.69570000138,2385.430107526882
1781969080,1000,POST,/predict/colleges [premium],1.500000,0.000000,81000,81000,82000,82000,82000,83000,83000,83000,83000,83000,83000,64,0,67000,59656.269118750526,16777.160699995875,82999.03730000369,604.59375
1781969080,1000,GET,/predict/colleges-list,1.100000,0.000000,69000,73000,73000,74000,74000,74000,74000,74000,74000,74000,74000,32,0,26000,37878.45328124968,452.07429999572923,74415.22650000115,102062.0
1781969080,1000,POST,/predict/rank [auth],0.300000,0.000000,41000,48000,52000,62000,62000,72000,72000,72000,72000,72000,72000,17,0,37000,33627.715270587934,9512.484300001233,72335.49979999952,123.70588235294117
1781969080,1000,POST,/predict/rank [guest],0.900000,0.000000,68000,71000,72000,72000,74000,75000,75000,75000,75000,75000,75000,61,0,16000,26699.63558032807,7403.314800001681,74563.43580000248,123.49180327868852
1781969080,1000,,Aggregated,19.200000,0.000000,80000,81000,81000,82000,83000,83000,83000,83000,83000,83000,83000,1318,0,47000,46115.113791729964,452.07429999572923,83036.03119999752,2876.9355083459786
1781969081,1000,POST,/auth/login [setup],8.500000,0.000000,83000,83000,83000,83000,83000,83000,83000,83000,83000,83000,83000,869,0,45000,44864.65960978133,1130.2634000021499,82665.62999999587,173.8849252013809
1781969081,1000,GET,/auth/me,2.500000,0.000000,79000,79000,80000,80000,81000,81000,81000,81000,81000,81000,81000,80,0,65000,56328.88972875053,3772.9913000002853,81189.83650000155,337.525
1781969081,1000,POST,/auth/update-profile,0.800000,0.000000,81000,81000,82000,82000,82000,82000,82000,82000,82000,82000,82000,23,0,67000,58726.50907825965,17691.20699999621,81613.3234999943,72.0
1781969081,1000,GET,/config,1.100000,0.000000,62000,71000,71000,71000,73000,73000,73000,73000,73000,73000,73000,27,0,16000,29772.268874074616,2808.9440999974613,73344.70539999893,28.0
1781969081,1000,POST,/payment/create-order,0.800000,0.000000,80000,81000,82000,82000,83000,83000,83000,83000,83000,83000,83000,25,0,53000,56857.748980000615,7007.212700002128,82566.94500000594,181.0
1781969081,1000,POST,/predict/colleges [auth],1.300000,0.000000,81000,81000,81000,81000,82000,83000,83000,83000,83000,83000,83000,30,0,75000,62961.55807333295,17694.509000000835,83036.03119999752,2387.0666666666666
1781969081,1000,POST,/predict/colleges [guest],1.700000,0.000000,80000,81000,81000,81000,82000,82000,82000,82000,82000,82000,82000,93,0,54000,51915.379311827695,17178.543699999864,81915.69570000138,2385.430107526882
1781969081,1000,POST,/predict/colleges [premium],2.100000,0.000000,81000,81000,82000,82000,82000,83000,83000,83000,83000,83000,83000,67,0,69000,60558.09029850794,16777.160699995875,82999.03730000369,604.6119402985074
1781969081,1000,GET,/predict/colleges-list,1.900000,0.000000,69000,73000,73000,74000,74000,74000,74000,74000,74000,74000,74000,32,0,26000,37878.45328124968,452.07429999572923,74415.22650000115,102062.0
1781969081,1000,POST,/predict/rank [auth],1.300000,0.000000,41000,48000,52000,62000,62000,72000,72000,72000,72000,72000,72000,17,0,37000,33627.715270587934,9512.484300001233,72335.49979999952,123.70588235294117
1781969081,1000,POST,/predict/rank [guest],1.700000,0.000000,68000,71000,72000,72000,74000,75000,75000,75000,75000,75000,75000,61,0,16000,26699.63558032807,7403.314800001681,74563.43580000248,123.49180327868852
1781969081,1000,,Aggregated,23.700000,0.000000,80000,81000,81000,82000,83000,83000,83000,83000,83000,83000,83000,1324,0,47000,46266.264029682854,452.07429999572923,83036.03119999752,2866.035498489426
1781969082,1000,POST,/auth/login [setup],7.600000,0.000000,83000,83000,83000,83000,83000,83000,83000,83000,83000,83000,83000,869,0,45000,44864.65960978133,1130.2634000021499,82665.62999999587,173.8849252013809
1781969082,1000,GET,/auth/me,2.600000,0.000000,79000,79000,80000,80000,81000,81000,81000,81000,81000,81000,81000,81,0,67000,56584.57616049436,3772.9913000002853,81189.83650000155,337.51851851851853
1781969082,1000,POST,/auth/update-profile,0.800000,0.000000,81000,81000,81000,82000,82000,82000,82000,82000,82000,82000,82000,24,0,67000,59651.141437498765,17691.20699999621,81613.3234999943,72.0
1781969082,1000,GET,/config,1.100000,0.000000,51000,62000,70000,73000,73000,73000,73000,73000,73000,73000,73000,27,0,16000,29772.268874074616,2808.9440999974613,73344.70539999893,28.0
1781969082,1000,POST,/payment/create-order,0.800000,0.000000,82000,83000,83000,83000,84000,84000,84000,84000,84000,84000,84000,27,0,64000,58829.48472963013,7007.212700002128,83541.08219999762,181.0
1781969082,1000,POST,/predict/colleges [auth],1.300000,0.000000,81000,81000,81000,81000,82000,83000,83000,83000,83000,83000,83000,33,0,77000,64595.79258484815,17694.509000000835,83036.03119999752,2375.969696969697
1781969082,1000,POST,/predict/colleges [guest],1.900000,0.000000,80000,81000,81000,81000,82000,82000,82000,82000,82000,82000,82000,93,0,54000,51915.379311827695,17178.543699999864,81915.69570000138,2385.430107526882
1781969082,1000,POST,/predict/colleges [premium],2.100000,0.000000,81000,81000,82000,82000,83000,83000,84000,84000,84000,84000,84000,74,0,75000,62583.6014891896,16777.160699995875,83509.14919999923,603.5540540540541
1781969082,1000,GET,/predict/colleges-list,2.000000,0.000000,69000,73000,73000,74000,74000,74000,74000,74000,74000,74000,74000,32,0,26000,37878.45328124968,452.07429999572923,74415.22650000115,102062.0
1781969082,1000,POST,/predict/rank [auth],1.300000,0.000000,41000,48000,52000,62000,62000,72000,72000,72000,72000,72000,72000,17,0,37000,33627.715270587934,9512.484300001233,72335.49979999952,123.70588235294117
1781969082,1000,POST,/predict/rank [guest],1.800000,0.000000,68000,71000,72000,72000,74000,75000,75000,75000,75000,75000,75000,61,0,16000,26699.63558032807,7403.314800001681,74563.43580000248,123.49180327868852
1781969082,1000,,Aggregated,23.300000,0.000000,80000,81000,82000,83000,83000,83000,83000,83000,84000,84000,84000,1338,0,47000,46635.315387294555,452.07429999572923,83541.08219999762,2844.806427503737
1781969083,1000,POST,/auth/login [setup],6.400000,0.000000,83000,83000,83000,83000,83000,83000,83000,83000,83000,83000,83000,869,0,45000,44864.65960978133,1130.2634000021499,82665.62999999587,173.8849252013809
1781969083,1000,GET,/auth/me,3.000000,0.000000,79000,79000,79000,80000,81000,81000,81000,81000,81000,81000,81000,92,0,76000,58821.96924565276,3772.9913000002853,81189.83650000155,337.3695652173913
1781969083,1000,POST,/auth/update-profile,0.800000,0.000000,81000,81000,82000,82000,82000,82000,82000,82000,82000,82000,82000,27,0,77000,61968.93101481369,17691.20699999621,81872.38290000096,72.0
1781969083,1000,GET,/config,0.900000,0.000000,51000,62000,70000,73000,73000,73000,73000,73000,73000,73000,73000,27,0,16000,29772.268874074616,2808.9440999974613,73344.70539999893,28.0
1781969083,1000,POST,/payment/create-order,0.700000,0.000000,82000,82000,83000,84000,84000,84000,84000,84000,84000,84000,84000,37,0,79000,65131.34530540618,7007.212700002128,83919.04849999992,180.13513513513513
1781969083,1000,POST,/predict/colleges [auth],1.300000,0.000000,81000,81000,81000,81000,82000,83000,83000,83000,83000,83000,83000,36,0,77000,65666.81383055523,17694.509000000835,83036.03119999752,2376.3333333333335
1781969083,1000,POST,/predict/colleges [guest],1.700000,0.000000,80000,81000,81000,81000,81000,82000,82000,82000,82000,82000,82000,112,0,63000,56544.551856249855,17178.543699999864,81915.69570000138,2383.2321428571427
1781969083,1000,POST,/predict/colleges [premium],2.500000,0.000000,81000,81000,82000,82000,83000,83000,84000,84000,84000,84000,84000,81,0,76000,63941.006100000435,16777.160699995875,83509.14919999923,602.9876543209876
1781969083,1000,GET,/predict/colleges-list,2.000000,0.000000,69000,73000,73000,74000,74000,74000,74000,74000,74000,74000,74000,32,0,26000,37878.45328124968,452.07429999572923,74415.22650000115,102062.0
1781969083,1000,POST,/predict/rank [auth],1.300000,0.000000,41000,48000,52000,62000,62000,72000,72000,72000,72000,72000,72000,17,0,37000,33627.715270587934,9512.484300001233,72335.49979999952,123.70588235294117
1781969083,1000,POST,/predict/rank [guest],1.800000,0.000000,52000,69000,72000,72000,72000,74000,75000,75000,75000,75000,75000,64,0,16000,25862.97903593777,7403.314800001681,74563.43580000248,123.515625
1781969083,1000,,Aggregated,22.400000,0.000000,80000,81000,82000,82000,83000,83000,83000,84000,84000,84000,84000,1394,0,48000,47776.980966714604,452.07429999572923,83919.04849999992,2775.332137733142
1781969084,1000,POST,/auth/login [setup],3.900000,0.000000,83000,83000,83000,83000,83000,83000,83000,83000,83000,83000,83000,869,0,45000,44864.65960978133,1130.2634000021499,82665.62999999587,173.8849252013809
1781969084,1000,GET,/auth/me,3.000000,0.000000,79000,79000,79000,79000,81000,81000,81000,81000,81000,81000,81000,110,0,70000,60640.95059181875,3772.9913000002853,81189.83650000155,337.1545454545454
1781969084,1000,POST,/auth/update-profile,0.900000,0.000000,77000,79000,80000,81000,82000,82000,82000,82000,82000,82000,82000,40,0,74000,65503.19821249923,17691.20699999621,81872.38290000096,72.0
1781969084,1000,GET,/config,0.900000,0.000000,51000,62000,70000,73000,73000,73000,73000,73000,73000,73000,73000,27,0,16000,29772.268874074616,2808.9440999974613,73344.70539999893,28.0
1781969084,1000,POST,/payment/create-order,0.600000,0.000000,82000,82000,83000,83000,84000,84000,84000,84000,84000,84000,84000,43,0,76000,66626.8120604658,7007.212700002128,83919.04849999992,180.06976744186048
1781969084,1000,POST,/predict/colleges [auth],1.300000,0.000000,80000,81000,81000,81000,82000,82000,83000,83000,83000,83000,83000,44,0,76000,66888.99053863628,17694.509000000835,83036.03119999752,2374.5
1781969084,1000,POST,/predict/colleges [guest],1.600000,0.000000,80000,80000,81000,81000,81000,82000,82000,82000,82000,82000,82000,114,0,63000,56839.01311140334,17178.543699999864,81915.69570000138,2383.09649122807
1781969084,1000,POST,/predict/colleges [premium],2.700000,0.000000,79000,80000,81000,81000,82000,83000,83000,84000,84000,84000,84000,111,0,73000,66449.04517837858,16777.160699995875,83509.14919999923,602.2702702702703
1781969084,1000,GET,/predict/colleges-list,1.800000,0.000000,57000,73000,73000,74000,74000,74000,74000,74000,74000,74000,74000,32,0,26000,37878.45328124968,452.07429999572923,74415.22650000115,102062.0
1781969084,1000,POST,/predict/rank [auth],1.300000,0.000000,41000,48000,52000,62000,62000,72000,72000,72000,72000,72000,72000,18,0,16000,32246.787733333287,8771.019600004365,72335.49979999952,123.66666666666667
1781969084,1000,POST,/predict/rank [guest],1.800000,0.000000,52000,69000,72000,72000,72000,74000,75000,75000,75000,75000,75000,64,0,16000,25862.97903593777,7403.314800001681,74563.43580000248,123.515625
1781969084,1000,,Aggregated,19.800000,0.000000,79000,80000,81000,82000,83000,83000,83000,84000,84000,84000,84000,1472,0,52000,49044.30455733706,452.07429999572923,83919.04849999992,2662.1535326086955
1781969085,1000,POST,/auth/login [setup],3.900000,0.000000,83000,83000,83000,83000,83000,83000,83000,83000,83000,83000,83000,869,0,45000,44864.65960978133,1130.2634000021499,82665.62999999587,173.8849252013809
1781969085,1000,GET,/auth/me,3.100000,0.000000,75000,79000,79000,79000,80000,81000,81000,81000,81000,81000,81000,129,0,69000,61008.77319069814,3772.9913000002853,81189.83650000155,336.7596899224806
1781969085,1000,POST,/auth/update-profile,1.100000,0.000000,74000,79000,79000,80000,81000,81000,82000,82000,82000,82000,82000,42,0,73000,65606.88025476113,17691.20699999621,81872.38290000096,72.0
1781969085,1000,GET,/config,0.900000,0.000000,51000,62000,70000,73000,73000,73000,73000,73000,73000,73000,73000,27,0,16000,29772.268874074616,2808.9440999974613,73344.70539999893,28.0
1781969085,1000,POST,/payment/create-order,1.100000,0.000000,78000,82000,82000,82000,84000,84000,84000,84000,84000,84000,84000,53,0,75000,67564.28560754751,7007.212700002128,83919.04849999992,179.96226415094338
1781969085,1000,POST,/predict/colleges [auth],1.600000,0.000000,76000,80000,80000,81000,81000,82000,83000,83000,83000,83000,83000,50,0,71000,66990.9523139999,17694.509000000835,83036.03119999752,2374.48
1781969085,1000,POST,/predict/colleges [guest],1.600000,0.000000,80000,80000,81000,81000,81000,82000,82000,82000,82000,82000,82000,118,0,64000,57205.81743983033,17178.543699999864,81915.69570000138,2382.9576271186443
1781969085,1000,POST,/predict/colleges [premium],3.500000,0.000000,76000,79000,80000,80000,82000,83000,83000,84000,84000,84000,84000,126,0,73000,66608.89110793672,16777.160699995875,83509.14919999923,601.7063492063492
1781969085,1000,GET,/predict/colleges-list,1.800000,0.000000,57000,73000,73000,74000,74000,74000,74000,74000,74000,74000,74000,32,0,26000,37878.45328124968,452.07429999572923,74415.22650000115,102062.0
1781969085,1000,POST,/predict/rank [auth],1.300000,0.000000,41000,46000,48000,52000,62000,62000,62000,62000,62000,62000,62000,18,0,16000,32246.787733333287,8771.019600004365,72335.49979999952,123.66666666666667
1781969085,1000,POST,/predict/rank [guest],1.800000,0.000000,52000,69000,72000,72000,72000,74000,75000,75000,75000,75000,75000,64,0,16000,25862.97903593777,7403.314800001681,74563.43580000248,123.515625
1781969085,1000,,Aggregated,21.700000,0.000000,76000,79000,80000,80000,81000,82000,83000,84000,84000,84000,84000,1528,0,53000,49697.71335451577,452.07429999572923,83919.04849999992,2591.432591623037
1781969086,1000,POST,/auth/login [setup],3.800000,0.000000,83000,83000,83000,83000,83000,83000,83000,83000,83000,83000,83000,869,0,45000,44864.65960978133,1130.2634000021499,82665.62999999587,173.8849252013809
1781969086,1000,GET,/auth/me,4.300000,0.000000,70000,76000,79000,79000,79000,79000,80000,80000,80000,80000,80000,142,0,65000,61010.441695070775,3772.9913000002853,81189.83650000155,336.6056338028169
1781969086,1000,POST,/auth/update-profile,1.200000,0.000000,74000,77000,79000,79000,81000,81000,82000,82000,82000,82000,82000,48,0,72000,65462.5822062491,17691.20699999621,81872.38290000096,72.0
1781969086,1000,GET,/config,0.900000,0.000000,46000,47000,47000,51000,51000,51000,51000,51000,51000,51000,51000,27,0,16000,29772.268874074616,2808.9440999974613,73344.70539999893,28.0
1781969086,1000,POST,/payment/create-order,1.500000,0.000000,76000,81000,82000,82000,84000,84000,84000,84000,84000,84000,84000,59,0,74000,67789.31221016993,7007.212700002128,83919.04849999992,179.94915254237287
1781969086,1000,POST,/predict/colleges [auth],1.900000,0.000000,76000,76000,80000,80000,80000,81000,82000,82000,82000,82000,82000,52,0,70000,66956.26185576896,17694.509000000835,83036.03119999752,2374.423076923077
1781969086,1000,POST,/predict/colleges [guest],3.500000,0.000000,80000,80000,81000,81000,81000,82000,82000,82000,82000,82000,82000,119,0,64000,57270.17760420148,17178.543699999864,81915.69570000138,2382.731092436975
1781969086,1000,POST,/predict/colleges [premium],4.300000,0.000000,73000,76000,79000,79000,80000,82000,83000,84000,84000,84000,84000,138,0,71000,66317.9629985509,16777.160699995875,83509.14919999923,603.463768115942
1781969086,1000,GET,/predict/colleges-list,1.700000,0.000000,34000,34000,39000,40000,57000,57000,57000,57000,57000,57000,57000,32,0,26000,37878.45328124968,452.07429999572923,74415.22650000115,102062.0
1781969086,1000,POST,/predict/rank [auth],1.300000,0.000000,41000,41000,48000,48000,52000,62000,62000,62000,62000,62000,62000,18,0,16000,32246.787733333287,8771.019600004365,72335.49979999952,123.66666666666667
1781969086,1000,POST,/predict/rank [guest],2.100000,0.000000,33000,38000,42000,42000,52000,57000,57000,57000,57000,57000,57000,64,0,16000,25862.97903593777,7403.314800001681,74563.43580000248,123.515625
1781969086,1000,,Aggregated,26.500000,0.000000,73000,77000,79000,79000,81000,82000,83000,84000,84000,84000,84000,1568,0,55000,50059.33388724492,452.07429999572923,83919.04849999992,2538.3552295918366
1781969087,1000,POST,/auth/login [setup],3.800000,0.000000,83000,83000,83000,83000,83000,83000,83000,83000,83000,83000,83000,869,0,45000,44864.65960978133,1130.2634000021499,82665.62999999587,173.8849252013809
1781969087,1000,GET,/auth/me,6.200000,0.000000,65000,70000,76000,78000,79000,79000,80000,80000,80000,80000,80000,168,0,63000,60090.09032678593,3772.9913000002853,81189.83650000155,336.2857142857143
1781969087,1000,POST,/auth/update-profile,2.600000,0.000000,69000,74000,76000,79000,79000,81000,82000,82000,82000,82000,82000,59,0,67000,64006.30223389784,17691.20699999621,81872.38290000096,72.0
1781969087,1000,GET,/config,0.900000,0.000000,46000,47000,47000,51000,51000,51000,51000,51000,51000,51000,51000,27,0,16000,29772.268874074616,2808.9440999974613,73344.70539999893,28.0
1781969087,1000,POST,/payment/create-order,2.200000,0.000000,74000,76000,82000,82000,83000,84000,84000,84000,84000,84000,84000,67,0,71000,67212.60765373198,7007.212700002128,83919.04849999992,179.61194029850745
1781969087,1000,POST,/predict/colleges [auth],2.700000,0.000000,70000,76000,76000,79000,80000,81000,82000,82000,82000,82000,82000,59,0,70000,66066.53498474549,17694.509000000835,83036.03119999752,2374.6101694915255
1781969087,1000,POST,/predict/colleges [guest],3.700000,0.000000,79000,80000,80000,80000,81000,81000,82000,82000,82000,82000,82000,125,0,64000,57420.92439759975,17178.543699999864,81915.69570000138,2384.992
1781969087,1000,POST,/predict/colleges [premium],7.500000,0.000000,70000,76000,76000,79000,80000,82000,83000,83000,84000,84000,84000,159,0,69000,65226.19869433985,16777.160699995875,83509.14919999923,605.1509433962265
1781969087,1000,GET,/predict/colleges-list,1.700000,0.000000,34000,34000,39000,40000,57000,57000,57000,57000,57000,57000,57000,32,0,26000,37878.45328124968,452.07429999572923,74415.22650000115,102062.0
1781969087,1000,POST,/predict/rank [auth],1.400000,0.000000,37000,41000,46000,46000,48000,52000,52000,52000,52000,52000,52000,19,0,16000,31049.130784210167,8771.019600004365,72335.49979999952,123.78947368421052
1781969087,1000,POST,/predict/rank [guest],2.100000,0.000000,33000,38000,42000,42000,52000,57000,57000,57000,57000,57000,57000,64,0,16000,25862.97903593777,7403.314800001681,74563.43580000248,123.515625
1781969087,1000,,Aggregated,34.800000,0.000000,69000,75000,78000,79000,80000,81000,83000,84000,84000,84000,84000,1648,0,55000,50406.41597961172,452.07429999572923,83919.04849999992,2448.6201456310678
1781969088,1000,POST,/auth/login [setup],0.000000,0.000000,83000,83000,83000,83000,83000,83000,83000,83000,83000,83000,83000,869,0,45000,44864.65960978133,1130.2634000021499,82665.62999999587,173.8849252013809
1781969088,1000,GET,/auth/me,7.700000,0.000000,61000,65000,69000,70000,76000,78000,79000,80000,80000,80000,80000,196,0,60000,58412.01153418385,3772.9913000002853,81189.83650000155,335.7448979591837
1781969088,1000,POST,/auth/update-profile,2.500000,0.000000,63000,70000,74000,74000,79000,80000,81000,82000,82000,82000,82000,74,0,62000,61640.46607567563,17691.20699999621,81872.38290000096,72.0
1781969088,1000,GET,/config,0.500000,0.000000,46000,47000,47000,51000,51000,51000,51000,51000,51000,51000,51000,27,0,16000,29772.268874074616,2808.9440999974613,73344.70539999893,28.0
1781969088,1000,POST,/payment/create-order,3.100000,0.000000,71000,76000,78000,82000,83000,84000,84000,84000,84000,84000,84000,74,0,70000,66445.04520810873,7007.212700002128,83919.04849999992,179.40540540540542
1781969088,1000,POST,/predict/colleges [auth],3.000000,0.000000,70000,76000,76000,79000,80000,81000,82000,82000,82000,82000,82000,64,0,69000,64815.43496093741,17694.509000000835,83036.03119999752,2372.84375
1781969088,1000,POST,/predict/colleges [guest],3.900000,0.000000,78000,79000,80000,80000,81000,81000,81000,81000,81000,81000,81000,127,0,63000,57320.96688346435,17178.543699999864,81915.69570000138,2385.299212598425
1781969088,1000,POST,/predict/colleges [premium],7.900000,0.000000,69000,73000,76000,78000,80000,81000,83000,83000,84000,84000,84000,176,0,67000,63789.11929545469,16777.160699995875,83509.14919999923,604.9261363636364
1781969088,1000,GET,/predict/colleges-list,0.900000,0.000000,8600,8600,8600,8600,8600,8600,8600,8600,8600,8600,8600,32,0,26000,37878.45328124968,452.07429999572923,74415.22650000115,102062.0
1781969088,1000,POST,/predict/rank [auth],1.300000,0.000000,37000,41000,46000,46000,48000,52000,52000,52000,52000,52000,52000,19,0,16000,31049.130784210167,8771.019600004365,72335.49979999952,123.78947368421052
1781969088,1000,POST,/predict/rank [guest],1.200000,0.000000,8400,9900,9900,11000,11000,11000,11000,11000,11000,11000,11000,65,0,16000,25630.94289846183,7403.314800001681,74563.43580000248,123.55384615384615
1781969088,1000,,Aggregated,32.000000,0.000000,65000,70000,74000,76000,80000,81000,83000,84000,84000,84000,84000,1723,0,55000,50401.16857933844,452.07429999572923,83919.04849999992,2364.423099245502
1781969089,1000,POST,/auth/login [setup],0.000000,0.000000,83000,83000,83000,83000,83000,83000,83000,83000,83000,83000,83000,869,0,45000,44864.65960978133,1130.2634000021499,82665.62999999587,173.8849252013809
1781969089,1000,GET,/auth/me,8.500000,0.000000,59000,63000,65000,69000,76000,76000,79000,80000,80000,80000,80000,217,0,58000,56637.73089861765,3772.9913000002853,81189.83650000155,335.50230414746545
1781969089,1000,POST,/auth/update-profile,2.900000,0.000000,59000,64000,70000,73000,76000,80000,81000,82000,82000,82000,82000,82,0,61000,59807.87313048781,17691.20699999621,81872.38290000096,72.0
1781969089,1000,GET,/config,0.500000,0.000000,46000,47000,47000,51000,51000,51000,51000,51000,51000,51000,51000,27,0,16000,29772.268874074616,2808.9440999974613,73344.70539999893,28.0
1781969089,1000,POST,/payment/create-order,3.600000,0.000000,70000,74000,76000,78000,82000,84000,84000,84000,84000,84000,84000,88,0,67000,64513.1541000005,7007.212700002128,83919.04849999992,178.9431818181818
1781969089,1000,POST,/predict/colleges [auth],2.700000,0.000000,69000,70000,76000,76000,80000,80000,82000,82000,82000,82000,82000,68,0,69000,63500.05496029415,17694.509000000835,83036.03119999752,2377.8382352941176
1781969089,1000,POST,/predict/colleges [guest],4.000000,0.000000,78000,79000,80000,80000,81000,81000,81000,81000,81000,81000,81000,128,0,63000,57206.46626874979,17178.543699999864,81915.69570000138,2385.5234375
1781969089,1000,POST,/predict/colleges [premium],8.500000,0.000000,65000,71000,73000,76000,80000,81000,83000,83000,84000,84000,84000,187,0,65000,62598.04463957236,16777.160699995875,83509.14919999923,605.048128342246
1781969089,1000,GET,/predict/colleges-list,0.900000,0.000000,8600,8600,8600,8600,8600,8600,8600,8600,8600,8600,8600,32,0,26000,37878.45328124968,452.07429999572923,74415.22650000115,102062.0
1781969089,1000,POST,/predict/rank [auth],1.200000,0.000000,37000,41000,46000,46000,48000,52000,52000,52000,52000,52000,52000,19,0,16000,31049.130784210167,8771.019600004365,72335.49979999952,123.78947368421052
1781969089,1000,POST,/predict/rank [guest],1.200000,0.000000,8400,9900,9900,11000,11000,11000,11000,11000,11000,11000,11000,65,0,16000,25630.94289846183,7403.314800001681,74563.43580000248,123.55384615384615
1781969089,1000,,Aggregated,34.000000,0.000000,63000,70000,73000,76000,79000,81000,82000,84000,84000,84000,84000,1782,0,54000,50211.75772648718,452.07429999572923,83919.04849999992,2302.395061728395
1781969090,1000,POST,/auth/login [setup],0.000000,0.000000,83000,83000,83000,83000,83000,83000,83000,83000,83000,83000,83000,869,0,45000,44864.65960978133,1130.2634000021499,82665.62999999587,173.8849252013809
1781969090,1000,GET,/auth/me,10.900000,0.000000,55000,61000,63000,67000,70000,76000,76000,78000,79000,79000,79000,232,0,56000,55208.3930853449,3772.9913000002853,81189.83650000155,335.4051724137931
1781969090,1000,POST,/auth/update-profile,4.000000,0.000000,56000,63000,69000,70000,74000,79000,81000,82000,82000,82000,82000,94,0,56000,57116.74539255315,17691.20699999621,81872.38290000096,72.0
1781969090,1000,GET,/config,0.500000,0.000000,46000,47000,47000,51000,51000,51000,51000,51000,51000,51000,51000,27,0,16000,29772.268874074616,2808.9440999974613,73344.70539999893,28.0
1781969090,1000,POST,/payment/create-order,4.300000,0.000000,64000,71000,75000,76000,82000,84000,84000,84000,84000,84000,84000,96,0,64000,63034.467479167106,7007.212700002128,83919.04849999992,178.64583333333334
1781969090,1000,POST,/predict/colleges [auth],3.300000,0.000000,65000,70000,71000,76000,80000,81000,82000,82000,82000,82000,82000,69,0,69000,63186.4467289855,17694.509000000835,83036.03119999752,2372.855072463768
1781969090,1000,POST,/predict/colleges [guest],4.400000,0.000000,78000,79000,80000,80000,81000,81000,81000,81000,81000,81000,81000,129,0,63000,57030.264129457144,17178.543699999864,81915.69570000138,2385.6589147286822
1781969090,1000,POST,/predict/colleges [premium],10.500000,0.000000,64000,70000,73000,75000,78000,81000,83000,83000,84000,84000,84000,191,0,64000,62028.15948167558,16777.160699995875,83509.14919999923,605.0575916230366
1781969090,1000,GET,/predict/colleges-list,0.900000,0.000000,8600,8600,8600,8600,8600,8600,8600,8600,8600,8600,8600,32,0,26000,37878.45328124968,452.07429999572923,74415.22650000115,102062.0
1781969090,1000,POST,/predict/rank [auth],1.200000,0.000000,37000,41000,46000,46000,48000,52000,52000,52000,52000,52000,52000,19,0,16000,31049.130784210167,8771.019600004365,72335.49979999952,123.78947368421052
1781969090,1000,POST,/predict/rank [guest],1.200000,0.000000,8400,9900,9900,11000,11000,11000,11000,11000,11000,11000,11000,65,0,16000,25630.94289846183,7403.314800001681,74563.43580000248,123.55384615384615
1781969090,1000,,Aggregated,41.200000,0.000000,61000,69000,71000,73000,78000,81000,82000,83000,84000,84000,84000,1823,0,53000,49946.28263165121,452.07429999572923,83919.04849999992,2258.3675260559517
1781969091,1000,POST,/auth/login [setup],0.000000,0.000000,83000,83000,83000,83000,83000,83000,83000,83000,83000,83000,83000,869,0,45000,44864.65960978133,1130.2634000021499,82665.62999999587,173.8849252013809
1781969091,1000,GET,/auth/me,12.800000,0.000000,51000,60000,63000,65000,70000,76000,76000,77000,78000,78000,78000,258,0,53000,52810.66205581403,3772.9913000002853,81189.83650000155,335.1744186046512
1781969091,1000,POST,/auth/update-profile,5.200000,0.000000,55000,61000,66000,69000,74000,77000,80000,82000,82000,82000,82000,98,0,56000,56243.75017346936,17691.20699999621,81872.38290000096,72.0
1781969091,1000,GET,/config,0.000000,0.000000,46000,47000,47000,51000,51000,51000,51000,51000,51000,51000,51000,27,0,16000,29772.268874074616,2808.9440999974613,73344.70539999893,28.0
1781969091,1000,POST,/payment/create-order,5.000000,0.000000,63000,70000,74000,76000,82000,84000,84000,84000,84000,84000,84000,104,0,62000,61245.495452885065,7007.212700002128,83919.04849999992,178.28846153846155
1781969091,1000,POST,/predict/colleges [auth],3.500000,0.000000,65000,70000,71000,76000,80000,81000,82000,82000,82000,82000,82000,70,0,68000,62773.85049000005,17694.509000000835,83036.03119999752,2372.042857142857
1781969091,1000,POST,/predict/colleges [guest],3.600000,0.000000,76000,79000,79000,80000,81000,81000,81000,81000,81000,81000,81000,131,0,63000,56666.1786427479,17178.543699999864,81915.69570000138,2385.977099236641
1781969091,1000,POST,/predict/colleges [premium],11.500000,0.000000,63000,69000,73000,73000,76000,81000,83000,83000,84000,84000,84000,199,0,64000,60909.136837688624,16777.160699995875,83509.14919999923,604.9497487437186
1781969091,1000,GET,/predict/colleges-list,0.100000,0.000000,8600,8600,8600,8600,8600,8600,8600,8600,8600,8600,8600,32,0,26000,37878.45328124968,452.07429999572923,74415.22650000115,102062.0
1781969091,1000,POST,/predict/rank [auth],0.200000,0.000000,9500,9500,9500,9500,9500,9500,9500,9500,9500,9500,9500,19,0,16000,31049.130784210167,8771.019600004365,72335.49979999952,123.78947368421052
1781969091,1000,POST,/predict/rank [guest],0.500000,0.000000,9900,9900,11000,11000,11000,11000,11000,11000,11000,11000,11000,65,0,16000,25630.94289846183,7403.314800001681,74563.43580000248,123.55384615384615
1781969091,1000,,Aggregated,42.400000,0.000000,59000,65000,70000,72000,76000,80000,82000,83000,84000,84000,84000,1872,0,52000,49521.48651736118,452.07429999572923,83919.04849999992,2211.1607905982905
1781969092,1000,POST,/auth/login [setup],0.000000,0.000000,83000,83000,83000,83000,83000,83000,83000,83000,83000,83000,83000,869,0,45000,44864.65960978133,1130.2634000021499,82665.62999999587,173.8849252013809
1781969092,1000,GET,/auth/me,14.500000,0.000000,48000,56000,61000,63000,70000,74000,76000,76000,78000,78000,78000,293,0,48000,49224.882081570046,3772.9913000002853,81189.83650000155,334.71672354948805
1781969092,1000,POST,/auth/update-profile,6.100000,0.000000,52000,59000,63000,66000,73000,74000,77000,79000,79000,79000,79000,110,0,53000,52874.80821999987,17691.20699999621,81872.38290000096,72.0
1781969092,1000,GET,/config,0.000000,0.000000,44000,46000,47000,47000,51000,51000,51000,51000,51000,51000,51000,29,0,16000,28671.469179310756,2808.9440999974613,73344.70539999893,28.0
1781969092,1000,POST,/payment/create-order,6.300000,0.000000,58000,69000,71000,71000,76000,82000,82000,82000,82000,82000,82000,111,0,61000,59408.130444144634,7007.212700002128,83919.04849999992,178.18018018018017
1781969092,1000,POST,/predict/colleges [auth],3.800000,0.000000,63000,69000,70000,70000,76000,76000,80000,80000,80000,80000,80000,73,0,67000,61363.242305479434,17694.509000000835,83036.03119999752,2373.082191780822
1781969092,1000,POST,/predict/colleges [guest],3.500000,0.000000,71000,78000,79000,80000,80000,81000,81000,81000,81000,81000,81000,134,0,60000,56072.586158208775,17178.543699999864,81915.69570000138,2385.2014925373132
1781969092,1000,POST,/predict/colleges [premium],12.500000,0.000000,62000,68000,70000,73000,76000,76000,78000,79000,79000,79000,79000,206,0,63000,59716.9276150487,16777.160699995875,83509.14919999923,604.5970873786408
1781969092,1000,GET,/predict/colleges-list,0.000000,0.000000,8600,8600,8600,8600,8600,8600,8600,8600,8600,8600,8600,32,0,26000,37878.45328124968,452.07429999572923,74415.22650000115,102062.0
1781969092,1000,POST,/predict/rank [auth],0.200000,0.000000,9500,9500,9500,9500,9500,9500,9500,9500,9500,9500,9500,19,0,16000,31049.130784210167,8771.019600004365,72335.49979999952,123.78947368421052
1781969092,1000,POST,/predict/rank [guest],0.400000,0.000000,9900,11000,11000,14000,14000,14000,14000,14000,14000,14000,14000,66,0,16000,25452.425969697233,7403.314800001681,74563.43580000248,123.5909090909091
1781969092,1000,,Aggregated,47.300000,0.000000,55000,63000,68000,70000,76000,78000,80000,81000,82000,82000,82000,1942,0,50000,48624.67459660151,452.07429999572923,83919.04849999992,2148.0844490216273
1781969093,1000,POST,/auth/login [setup],0.000000,0.000000,0,0,0,0,0,0,0,0,0,0,0,869,0,45000,44864.65960978133,1130.2634000021499,82665.62999999587,173.8849252013809
1781969093,1000,GET,/auth/me,15.700000,0.000000,40000,51000,56000,60000,65000,69000,70000,70000,76000,76000,76000,320,0,46000,46433.891775,3772.9913000002853,81189.83650000155,334.55
1781969093,1000,POST,/auth/update-profile,7.100000,0.000000,48000,56000,61000,64000,73000,74000,76000,77000,77000,77000,77000,117,0,52000,50886.38170341869,17691.20699999621,81872.38290000096,72.0
1781969093,1000,GET,/config,0.000000,0.000000,10000,14000,14000,44000,47000,51000,51000,51000,51000,51000,51000,39,0,12000,23360.977015385295,2808.9440999974613,73344.70539999893,28.0
1781969093,1000,POST,/payment/create-order,7.100000,0.000000,54000,61000,67000,70000,74000,76000,76000,78000,78000,78000,78000,127,0,57000,55192.82552834677,7007.212700002128,83919.04849999992,177.76377952755905
1781969093,1000,POST,/predict/colleges [auth],3.900000,0.000000,50000,59000,65000,69000,73000,76000,82000,85000,85000,85000,85000,120,44,56000,53582.61946249984,15974.677800004429,85380.03029999527,1517.375
1781969093,1000,POST,/predict/colleges [guest],3.600000,0.000000,57000,64000,65000,65000,71000,75000,89000,89000,89000,89000,89000,158,21,59000,54777.17537341746,17055.81119999988,89124.75689999701,2074.8291139240505
1781969093,1000,POST,/predict/colleges [premium],12.500000,0.000000,49000,61000,64000,68000,73000,75000,77000,78000,82000,82000,82000,301,92,55000,53820.65807774101,12714.800800000376,83509.14919999923,433.6279069767442
1781969093,1000,GET,/predict/colleges-list,0.000000,0.000000,9900,9900,11000,11000,13000,13000,13000,13000,13000,13000,13000,41,0,19000,31496.38814390222,452.07429999572923,74415.22650000115,102062.0
1781969093,1000,POST,/predict/rank [auth],0.200000,0.000000,8800,9500,10000,11000,12000,13000,13000,13000,13000,13000,13000,31,0,12000,21590.8469677421,1752.4531000017305,72335.49979999952,123.29032258064517
1781969093,1000,POST,/predict/rank [guest],0.400000,0.000000,10000,11000,11000,12000,12000,14000,14000,14000,14000,14000,14000,81,0,15000,22328.05649259275,2333.62599999964,74563.43580000248,123.48148148148148
1781969093,1000,,Aggregated,50.500000,0.000000,45000,56000,62000,64000,70000,73000,76000,78000,89000,89000,89000,2204,157,48000,46630.887044283176,452.07429999572923,89124.75689999701,2327.155172413793
1781969094,1000,POST,/auth/login [setup],0.000000,0.000000,0,0,0,0,0,0,0,0,0,0,0,869,0,45000,44864.65960978133,1130.2634000021499,82665.62999999587,173.8849252013809
1781969094,1000,GET,/auth/me,17.800000,0.000000,36000,48000,55000,55000,61000,63000,65000,65000,65000,65000,65000,323,0,45000,46151.5524764706,3772.9913000002853,81189.83650000155,334.55417956656345
1781969094,1000,POST,/auth/update-profile,7.500000,0.000000,42000,52000,55000,56000,62000,64000,66000,66000,66000,66000,66000,121,0,52000,49778.44438429738,14255.534099997021,81872.38290000096,72.0
1781969094,1000,GET,/config,0.000000,0.000000,10000,14000,14000,44000,47000,51000,51000,51000,51000,51000,51000,39,0,12000,23360.977015385295,2808.9440999974613,73344.70539999893,28.0
1781969094,1000,POST,/payment/create-order,7.900000,0.000000,50000,58000,62000,64000,70000,71000,75000,78000,78000,78000,78000,129,0,57000,54641.474122480955,7007.212700002128,83919.04849999992,177.68992248062017
1781969094,1000,POST,/predict/colleges [auth],4.000000,0.000000,43000,56000,59000,63000,70000,76000,82000,85000,85000,85000,85000,121,44,56000,53250.67825867753,13417.73380000086,85380.03029999527,1524.6694214876034
1781969094,1000,POST,/predict/colleges [guest],4.000000,0.000000,52000,63000,65000,65000,69000,75000,89000,89000,89000,89000,89000,158,21,59000,54777.17537341746,17055.81119999988,89124.75689999701,2074.8291139240505
1781969094,1000,POST,/predict/colleges [premium],13.100000,0.000000,44000,53000,59000,62000,65000,70000,76000,78000,82000,82000,82000,303,93,55000,53575.58190528065,12714.800800000376,83509.14919999923,432.6864686468647
1781969094,1000,GET,/predict/colleges-list,0.000000,0.000000,9900,9900,11000,11000,13000,13000,13000,13000,13000,13000,13000,41,0,19000,31496.38814390222,452.07429999572923,74415.22650000115,102062.0
1781969094,1000,POST,/predict/rank [auth],0.200000,0.000000,5000,9500,10000,11000,12000,13000,13000,13000,13000,13000,13000,32,0,12000,20978.415090625036,1752.4531000017305,72335.49979999952,123.28125
1781969094,1000,POST,/predict/rank [guest],0.400000,0.000000,10000,11000,11000,12000,12000,14000,14000,14000,14000,14000,14000,81,0,15000,22328.05649259275,2333.62599999964,74563.43580000248,123.48148148148148
1781969094,1000,,Aggregated,54.900000,0.000000,41000,52000,56000,59000,64000,70000,74000,78000,89000,89000,89000,2217,158,47000,46450.21269959409,452.07429999572923,89124.75689999701,2315.6490753270186
1781969095,1000,POST,/auth/login [setup],0.000000,0.000000,0,0,0,0,0,0,0,0,0,0,0,869,0,45000,44864.65960978133,1130.2634000021499,82665.62999999587,173.8849252013809
1781969095,1000,GET,/auth/me,21.500000,0.000000,34000,43000,48000,51000,56000,60000,62000,62000,63000,63000,63000,337,0,43000,44693.50795934716,3772.9913000002853,81189.83650000155,334.43620178041544
1781969095,1000,POST,/auth/update-profile,8.500000,0.000000,38000,48000,52000,55000,59000,64000,66000,66000,66000,66000,66000,134,0,48000,46146.936350746,10035.29929999786,81872.38290000096,72.0
1781969095,1000,GET,/config,0.400000,0.000000,9800,10000,11000,11000,14000,14000,14000,14000,14000,14000,14000,40,0,11000,22849.026900000725,2808.9440999974613,73344.70539999893,28.0
1781969095,1000,POST,/payment/create-order,8.600000,0.000000,40000,53000,57000,58000,63000,67000,71000,75000,75000,75000,75000,144,0,53000,50726.612109028174,7007.212700002128,83919.04849999992,177.42361111111111
1781969095,1000,POST,/predict/colleges [auth],4.100000,0.000000,41000,52000,56000,59000,65000,76000,82000,85000,85000,85000,85000,127,47,54000,51504.024634645546,11823.88709999941,85380.03029999527,1510.1102362204724
1781969095,1000,POST,/predict/colleges [guest],4.500000,0.200000,43000,58000,63000,64000,65000,75000,89000,89000,89000,89000,89000,165,21,55000,53008.802492727,10484.79010000301,89124.75689999701,2088.4
1781969095,1000,POST,/predict/colleges [premium],13.100000,0.000000,42000,49000,55000,57000,63000,70000,76000,78000,82000,82000,82000,317,105,53000,52043.80229716102,12714.800800000376,83509.14919999923,419.1135646687697
1781969095,1000,GET,/predict/colleges-list,0.000000,0.000000,9900,9900,11000,11000,13000,13000,13000,13000,13000,13000,13000,41,0,19000,31496.38814390222,452.07429999572923,74415.22650000115,102062.0
1781969095,1000,POST,/predict/rank [auth],0.400000,0.000000,5000,9500,10000,11000,12000,13000,13000,13000,13000,13000,13000,32,0,12000,20978.415090625036,1752.4531000017305,72335.49979999952,123.28125
1781969095,1000,POST,/predict/rank [guest],0.700000,0.000000,10000,11000,11000,12000,12000,14000,14000,14000,14000,14000,14000,81,0,15000,22328.05649259275,2333.62599999964,74563.43580000248,123.48148148148148
1781969095,1000,,Aggregated,61.800000,0.200000,36000,47000,53000,56000,62000,65000,73000,77000,89000,89000,89000,2287,173,45000,45477.904116615704,452.07429999572923,89124.75689999701,2259.66156536948
1781969096,1000,POST,/auth/login [setup],0.000000,0.000000,0,0,0,0,0,0,0,0,0,0,0,869,0,45000,44864.65960978133,1130.2634000021499,82665.62999999587,173.8849252013809
1781969096,1000,GET,/auth/me,22.700000,0.000000,28000,35000,43000,48000,53000,56000,58000,59000,59000,59000,59000,376,0,38000,40822.090418350934,3772.9913000002853,81189.83650000155,334.1675531914894
1781969096,1000,POST,/auth/update-profile,9.000000,0.000000,29000,41000,48000,52000,56000,59000,61000,61000,62000,62000,62000,149,0,42000,42293.519021476444,6170.677400004934,81872.38290000096,72.0
1781969096,1000,GET,/config,1.200000,0.000000,9800,10000,11000,11000,14000,14000,14000,14000,14000,14000,14000,40,0,11000,22849.026900000725,2808.9440999974613,73344.70539999893,28.0
1781969096,1000,POST,/payment/create-order,9.000000,0.000000,37000,49000,54000,57000,61000,63000,67000,67000,67000,67000,67000,148,0,52000,49733.83577973007,7007.212700002128,83919.04849999992,177.3581081081081
1781969096,1000,POST,/predict/colleges [auth],8.400000,4.400000,38000,50000,56000,57000,64000,76000,82000,85000,85000,85000,85000,128,48,52000,51243.509079687414,11823.88709999941,85380.03029999527,1498.6640625
1781969096,1000,POST,/predict/colleges [guest],4.600000,2.100000,34000,52000,52000,63000,65000,75000,89000,89000,89000,89000,89000,167,22,55000,52537.12080658654,8968.690200003039,89124.75689999701,2077.7245508982037
1781969096,1000,POST,/predict/colleges [premium],21.700000,9.200000,36000,44000,48000,49000,57000,70000,76000,78000,82000,82000,82000,320,105,53000,51639.790620312655,8318.944600003306,83509.14919999923,420.896875
1781969096,1000,GET,/predict/colleges-list,0.900000,0.000000,9900,9900,11000,11000,13000,13000,13000,13000,13000,13000,13000,41,0,19000,31496.38814390222,452.07429999572923,74415.22650000115,102062.0
1781969096,1000,POST,/predict/rank [auth],1.400000,0.000000,5000,9500,10000,11000,12000,13000,13000,13000,13000,13000,13000,32,0,12000,20978.415090625036,1752.4531000017305,72335.49979999952,123.28125
1781969096,1000,POST,/predict/rank [guest],1.700000,0.000000,10000,11000,11000,12000,12000,14000,14000,14000,14000,14000,14000,81,0,15000,22328.05649259275,2333.62599999964,74563.43580000248,123.48148148148148
1781969096,1000,,Aggregated,80.600000,15.700000,29000,37000,43000,47000,53000,61000,73000,77000,89000,89000,89000,2351,175,44000,44466.87937554237,452.07429999572923,89124.75689999701,2206.225010633773
1781969098,1000,POST,/auth/login [setup],0.000000,0.000000,0,0,0,0,0,0,0,0,0,0,0,869,0,45000,44864.65960978133,1130.2634000021499,82665.62999999587,173.8849252013809
1781969098,1000,GET,/auth/me,22.700000,0.000000,21000,27000,33000,34000,35000,38000,41000,43000,48000,48000,48000,376,0,38000,40822.090418350934,3772.9913000002853,81189.83650000155,334.1675531914894
1781969098,1000,POST,/auth/update-profile,9.000000,0.000000,20000,29000,36000,38000,41000,43000,44000,49000,49000,49000,49000,149,0,42000,42293.519021476444,6170.677400004934,81872.38290000096,72.0
1781969098,1000,GET,/config,1.200000,0.000000,9800,10000,11000,11000,14000,14000,14000,14000,14000,14000,14000,40,0,11000,22849.026900000725,2808.9440999974613,73344.70539999893,28.0
1781969098,1000,POST,/payment/create-order,9.000000,0.000000,29000,39000,46000,49000,53000,58000,58000,58000,58000,58000,58000,148,0,52000,49733.83577973007,7007.212700002128,83919.04849999992,177.3581081081081
1781969098,1000,POST,/predict/colleges [auth],8.400000,4.400000,32000,42000,50000,56000,65000,76000,82000,85000,85000,85000,85000,128,48,52000,51243.509079687414,11823.88709999941,85380.03029999527,1498.6640625
1781969098,1000,POST,/predict/colleges [guest],4.600000,2.100000,33000,45000,57000,65000,68000,89000,89000,89000,89000,89000,89000,167,22,55000,52537.12080658654,8968.690200003039,89124.75689999701,2077.7245508982037
1781969098,1000,POST,/predict/colleges [premium],21.700000,9.200000,36000,42000,44000,48000,61000,70000,77000,78000,82000,82000,82000,320,105,53000,51639.790620312655,8318.944600003306,83509.14919999923,420.896875
1781969098,1000,GET,/predict/colleges-list,0.900000,0.000000,9900,9900,11000,11000,13000,13000,13000,13000,13000,13000,13000,41,0,19000,31496.38814390222,452.07429999572923,74415.22650000115,102062.0
1781969098,1000,POST,/predict/rank [auth],1.400000,0.000000,5000,9500,10000,11000,12000,13000,13000,13000,13000,13000,13000,32,0,12000,20978.415090625036,1752.4531000017305,72335.49979999952,123.28125
1781969098,1000,POST,/predict/rank [guest],1.700000,0.000000,10000,11000,11000,12000,12000,14000,14000,14000,14000,14000,14000,81,0,15000,22328.05649259275,2333.62599999964,74563.43580000248,123.48148148148148
1781969098,1000,,Aggregated,80.600000,15.700000,25000,34000,37000,41000,50000,61000,73000,78000,89000,89000,89000,2351,175,44000,44466.87937554237,452.07429999572923,89124.75689999701,2206.225010633773
1781969099,1000,POST,/auth/login [setup],0.000000,0.000000,0,0,0,0,0,0,0,0,0,0,0,869,0,45000,44864.65960978133,1130.2634000021499,82665.62999999587,173.8849252013809
1781969099,1000,GET,/auth/me,20.800000,0.000000,18000,23000,27000,29000,34000,34000,35000,36000,39000,39000,39000,377,0,38000,40733.79856923065,3772.9913000002853,81189.83650000155,334.15649867374003
1781969099,1000,POST,/auth/update-profile,9.200000,0.000000,18000,24000,29000,34000,37000,40000,42000,42000,42000,42000,42000,151,0,42000,41873.596566225104,6170.677400004934,81872.38290000096,72.0
1781969099,1000,GET,/config,1.300000,0.000000,9800,10000,11000,11000,14000,14000,14000,14000,14000,14000,14000,40,0,11000,22849.026900000725,2808.9440999974613,73344.70539999893,28.0
1781969099,1000,POST,/payment/create-order,9.000000,0.000000,28000,32000,37000,39000,46000,50000,50000,50000,50000,50000,50000,148,0,52000,49733.83577973007,7007.212700002128,83919.04849999992,177.3581081081081
1781969099,1000,POST,/predict/colleges [auth],7.700000,4.700000,30000,42000,54000,56000,73000,79000,82000,85000,85000,85000,85000,128,48,52000,51243.509079687414,11823.88709999941,85380.03029999527,1498.6640625
1781969099,1000,POST,/predict/colleges [guest],4.700000,2.100000,32000,45000,57000,65000,68000,89000,89000,89000,89000,89000,89000,167,22,55000,52537.12080658654,8968.690200003039,89124.75689999701,2077.7245508982037
1781969099,1000,POST,/predict/colleges [premium],19.100000,10.500000,34000,38000,44000,48000,62000,71000,77000,78000,82000,82000,82000,320,105,53000,51639.790620312655,8318.944600003306,83509.14919999923,420.896875
1781969099,1000,GET,/predict/colleges-list,0.900000,0.000000,9900,9900,11000,11000,13000,13000,13000,13000,13000,13000,13000,41,0,19000,31496.38814390222,452.07429999572923,74415.22650000115,102062.0
1781969099,1000,POST,/predict/rank [auth],1.400000,0.000000,4500,9500,10000,11000,12000,13000,13000,13000,13000,13000,13000,32,0,12000,20978.415090625036,1752.4531000017305,72335.49979999952,123.28125
1781969099,1000,POST,/predict/rank [guest],1.700000,0.000000,10000,11000,11000,12000,12000,14000,14000,14000,14000,14000,14000,81,0,15000,22328.05649259275,2333.62599999964,74563.43580000248,123.48148148148148
1781969099,1000,,Aggregated,75.800000,17.300000,23000,30000,34000,36000,48000,62000,75000,79000,89000,89000,89000,2354,175,44000,44422.40791100259,452.07429999572923,89124.75689999701,2203.6146983857266
1781969100,1000,POST,/auth/login [setup],0.000000,0.000000,0,0,0,0,0,0,0,0,0,0,0,869,0,45000,44864.65960978133,1130.2634000021499,82665.62999999587,173.8849252013809
1781969100,1000,GET,/auth/me,23.400000,0.000000,18000,21000,23000,25000,29000,34000,34000,34000,35000,35000,35000,378,0,38000,40651.02295317448,3772.9913000002853,81189.83650000155,334.14550264550263
1781969100,1000,POST,/auth/update-profile,10.100000,0.000000,13000,18000,21000,24000,29000,34000,34000,40000,40000,40000,40000,157,0,41000,40674.28059936302,6170.677400004934,81872.38290000096,72.0
1781969100,1000,GET,/config,1.300000,0.000000,9800,10000,11000,11000,14000,14000,14000,14000,14000,14000,14000,40,0,11000,22849.026900000725,2808.9440999974613,73344.70539999893,28.0
1781969100,1000,POST,/payment/create-order,8.900000,0.000000,23000,29000,29000,35000,37000,40000,45000,46000,46000,46000,46000,149,0,52000,49488.005955705004,7007.212700002128,83919.04849999992,177.3288590604027
1781969100,1000,POST,/predict/colleges [auth],7.600000,4.800000,30000,38000,54000,56000,73000,79000,82000,85000,85000,85000,85000,128,48,52000,51243.509079687414,11823.88709999941,85380.03029999527,1498.6640625
1781969100,1000,POST,/predict/colleges [guest],4.800000,2.200000,32000,46000,57000,65000,68000,89000,89000,89000,89000,89000,89000,167,22,55000,52537.12080658654,8968.690200003039,89124.75689999701,2077.7245508982037
1781969100,1000,POST,/predict/colleges [premium],18.200000,10.500000,34000,39000,47000,48000,62000,71000,77000,78000,82000,82000,82000,320,105,53000,51639.790620312655,8318.944600003306,83509.14919999923,420.896875
1781969100,1000,GET,/predict/colleges-list,0.900000,0.000000,9900,9900,11000,11000,13000,13000,13000,13000,13000,13000,13000,41,0,19000,31496.38814390222,452.07429999572923,74415.22650000115,102062.0
1781969100,1000,POST,/predict/rank [auth],1.400000,0.000000,4500,9500,10000,11000,12000,13000,13000,13000,13000,13000,13000,32,0,12000,20978.415090625036,1752.4531000017305,72335.49979999952,123.28125
1781969100,1000,POST,/predict/rank [guest],1.700000,0.000000,10000,11000,12000,12000,12000,14000,14000,14000,14000,14000,14000,81,0,15000,22328.05649259275,2333.62599999964,74563.43580000248,123.48148148148148
1781969100,1000,,Aggregated,78.300000,17.500000,22000,28000,34000,35000,48000,65000,76000,79000,89000,89000,89000,2362,175,44000,44308.148604064394,452.07429999572923,89124.75689999701,2196.54699407282
1781969101,1000,POST,/auth/login [setup],0.000000,0.000000,0,0,0,0,0,0,0,0,0,0,0,869,0,45000,44864.65960978133,1130.2634000021499,82665.62999999587,173.8849252013809
1781969101,1000,GET,/auth/me,23.400000,0.000000,12000,18000,21000,21000,23000,25000,27000,29000,35000,35000,35000,378,0,38000,40651.02295317448,3772.9913000002853,81189.83650000155,334.14550264550263
1781969101,1000,POST,/auth/update-profile,10.100000,0.000000,13000,18000,19000,21000,27000,29000,29000,29000,29000,29000,29000,157,0,41000,40674.28059936302,6170.677400004934,81872.38290000096,72.0
1781969101,1000,GET,/config,1.300000,0.000000,9800,10000,11000,11000,14000,14000,14000,14000,14000,14000,14000,40,0,11000,22849.026900000725,2808.9440999974613,73344.70539999893,28.0
1781969101,1000,POST,/payment/create-order,8.900000,0.000000,22000,25000,28000,29000,32000,35000,35000,35000,35000,35000,35000,149,0,52000,49488.005955705004,7007.212700002128,83919.04849999992,177.3288590604027
1781969101,1000,POST,/predict/colleges [auth],7.600000,4.800000,30000,42000,54000,56000,73000,79000,82000,85000,85000,85000,85000,128,48,52000,51243.509079687414,11823.88709999941,85380.03029999527,1498.6640625
1781969101,1000,POST,/predict/colleges [guest],4.800000,2.200000,32000,47000,63000,65000,68000,89000,89000,89000,89000,89000,89000,167,22,55000,52537.12080658654,8968.690200003039,89124.75689999701,2077.7245508982037
1781969101,1000,POST,/predict/colleges [premium],18.200000,10.500000,30000,42000,47000,48000,62000,71000,77000,78000,82000,82000,82000,320,105,53000,51639.790620312655,8318.944600003306,83509.14919999923,420.896875
1781969101,1000,GET,/predict/colleges-list,0.900000,0.000000,9900,9900,11000,11000,13000,13000,13000,13000,13000,13000,13000,41,0,19000,31496.38814390222,452.07429999572923,74415.22650000115,102062.0
1781969101,1000,POST,/predict/rank [auth],1.400000,0.000000,4500,9500,10000,11000,12000,13000,13000,13000,13000,13000,13000,32,0,12000,20978.415090625036,1752.4531000017305,72335.49979999952,123.28125
1781969101,1000,POST,/predict/rank [guest],1.700000,0.000000,10000,11000,12000,12000,12000,14000,14000,14000,14000,14000,14000,81,0,15000,22328.05649259275,2333.62599999964,74563.43580000248,123.48148148148148
1781969101,1000,,Aggregated,78.300000,17.500000,20000,25000,29000,35000,50000,65000,76000,82000,89000,89000,89000,2362,175,44000,44308.148604064394,452.07429999572923,89124.75689999701,2196.54699407282
1781969102,1000,POST,/auth/login [setup],0.000000,0.000000,0,0,0,0,0,0,0,0,0,0,0,869,0,45000,44864.65960978133,1130.2634000021499,82665.62999999587,173.8849252013809
1781969102,1000,GET,/auth/me,15.800000,0.000000,9900,11000,12000,13000,18000,18000,18000,18000,18000,18000,18000,390,0,36000,39696.234197435755,3772.9913000002853,81189.83650000155,334.0205128205128
1781969102,1000,POST,/auth/update-profile,7.300000,0.000000,10000,12000,13000,14000,18000,19000,19000,20000,20000,20000,20000,168,0,37000,38697.53998452369,6170.677400004934,81872.38290000096,72.0
1781969102,1000,GET,/config,1.300000,0.000000,6900,7300,9800,10000,10000,10000,10000,10000,10000,10000,10000,40,0,11000,22849.026900000725,2808.9440999974613,73344.70539999893,28.0
1781969102,1000,POST,/payment/create-order,6.100000,0.000000,14000,20000,20000,22000,25000,28000,29000,29000,29000,29000,29000,165,0,47000,45946.613059394396,7007.212700002128,83919.04849999992,177.12727272727273
1781969102,1000,POST,/predict/colleges [auth],6.000000,4.800000,30000,42000,54000,56000,73000,79000,82000,85000,85000,85000,85000,132,49,52000,50073.35283409082,9445.079000004625,85380.03029999527,1506.6136363636363
1781969102,1000,POST,/predict/colleges [guest],3.900000,2.200000,23000,34000,47000,57000,65000,68000,75000,75000,75000,75000,75000,176,31,54000,50986.687405113385,8968.690200003039,89124.75689999701,1973.778409090909
1781969102,1000,POST,/predict/colleges [premium],13.300000,10.500000,30000,42000,47000,48000,62000,71000,77000,78000,82000,82000,82000,329,107,52000,50579.548886018354,8318.944600003306,83509.14919999923,422.5927051671733
1781969102,1000,GET,/predict/colleges-list,0.900000,0.000000,9900,9900,11000,11000,13000,13000,13000,13000,13000,13000,13000,41,0,19000,31496.38814390222,452.07429999572923,74415.22650000115,102062.0
1781969102,1000,POST,/predict/rank [auth],1.300000,0.000000,4500,5000,9500,9500,10000,11000,11000,11000,11000,11000,11000,33,0,12000,20592.619284848533,1752.4531000017305,72335.49979999952,123.27272727272727
1781969102,1000,POST,/predict/rank [guest],1.600000,0.000000,10000,10000,11000,11000,11000,12000,12000,12000,12000,12000,12000,81,0,15000,22328.05649259275,2333.62599999964,74563.43580000248,123.48148148148148
1781969102,1000,,Aggregated,57.500000,17.500000,17000,22000,29000,36000,50000,65000,75000,78000,85000,85000,85000,2424,187,43000,43510.211036798726,452.07429999572923,89124.75689999701,2148.398927392739
1781969103,1000,POST,/auth/login [setup],0.000000,0.000000,0,0,0,0,0,0,0,0,0,0,0,869,0,45000,44864.65960978133,1130.2634000021499,82665.62999999587,173.8849252013809
1781969103,1000,GET,/auth/me,14.200000,0.000000,9400,9600,9900,10000,12000,12000,16000,17000,17000,17000,17000,417,0,35000,37743.41944916051,3772.9913000002853,81189.83650000155,333.8249400479616
1781969103,1000,POST,/auth/update-profile,6.300000,0.000000,10000,11000,12000,12000,14000,17000,19000,20000,20000,20000,20000,179,0,35000,36947.616733519426,6170.677400004934,81872.38290000096,72.0
1781969103,1000,GET,/config,1.300000,0.000000,5100,6500,7200,7300,9800,10000,10000,10000,10000,10000,10000,52,0,9700,18563.535155770023,2003.1962000066414,73344.70539999893,28.0
1781969103,1000,POST,/payment/create-order,5.300000,0.000000,13000,14000,15000,16000,20000,20000,20000,25000,25000,25000,25000,188,0,39000,41839.13034680895,7007.212700002128,83919.04849999992,176.69148936170214
1781969103,1000,POST,/predict/colleges [auth],5.900000,4.800000,13000,14000,16000,17000,20000,21000,21000,22000,22000,22000,22000,176,92,35000,40994.95907386374,9445.079000004625,85380.03029999527,1154.5397727272727
1781969103,1000,POST,/predict/colleges [guest],3.800000,2.200000,19000,21000,23000,31000,57000,65000,68000,75000,75000,75000,75000,216,71,40000,44520.99988009256,8968.690200003039,89124.75689999701,1616.5972222222222
1781969103,1000,POST,/predict/colleges [premium],12.900000,10.500000,13000,15000,17000,18000,20000,20000,21000,22000,22000,22000,22000,407,182,43000,43472.15345135148,8318.944600003306,83509.14919999923,354.35626535626534
1781969103,1000,GET,/predict/colleges-list,0.900000,0.000000,7700,9800,9900,9900,11000,13000,13000,13000,13000,13000,13000,48,0,13000,27741.506537499692,452.07429999572923,74415.22650000115,102062.0
1781969103,1000,POST,/predict/rank [auth],1.300000,0.000000,5000,6600,7300,8200,8400,8700,8700,8700,8700,8700,8700,45,0,9500,16531.03090666635,1409.8893999980646,72335.49979999952,123.6
1781969103,1000,POST,/predict/rank [guest],1.600000,0.000000,6100,7300,10000,10000,11000,11000,12000,12000,12000,12000,12000,94,0,14000,19864.460912766015,1346.5409999989788,74563.43580000248,123.51063829787235
1781969103,1000,,Aggregated,53.500000,17.500000,12000,13000,14000,16000,19000,20000,22000,22000,25000,25000,25000,2691,345,38000,40371.10445782245,452.07429999572923,89124.75689999701,2211.307320698625
1781969104,1000,POST,/auth/login [setup],0.000000,0.000000,0,0,0,0,0,0,0,0,0,0,0,869,0,45000,44864.65960978133,1130.2634000021499,82665.62999999587,173.8849252013809
1781969104,1000,GET,/auth/me,13.200000,0.000000,8700,9400,9600,9700,10000,11000,12000,12000,12000,12000,12000,467,0,30000,34603.22007152019,3772.9913000002853,81189.83650000155,333.49036402569595
1781969104,1000,POST,/auth/update-profile,6.900000,0.000000,9700,10000,10000,11000,12000,13000,14000,14000,14000,14000,14000,200,0,24000,34013.98190599983,6170.677400004934,81872.38290000096,72.0
1781969104,1000,GET,/config,1.300000,0.000000,2900,4000,5400,6500,7200,8500,8500,8500,8500,8500,8500,52,0,9700,18563.535155770023,2003.1962000066414,73344.70539999893,28.0
1781969104,1000,POST,/payment/create-order,5.600000,0.000000,13000,14000,14000,14000,16000,17000,20000,20000,20000,20000,20000,195,0,37000,40720.178490769635,7007.212700002128,83919.04849999992,176.56923076923076
1781969104,1000,POST,/predict/colleges [auth],6.100000,4.800000,13000,14000,15000,17000,20000,21000,21000,22000,22000,22000,22000,181,94,34000,40133.98380110517,7749.436500002048,85380.03029999527,1163.6022099447514
1781969104,1000,POST,/predict/colleges [guest],4.300000,3.100000,16000,18000,20000,21000,22000,23000,23000,23000,23000,23000,23000,218,71,40000,44196.71664954123,8968.690200003039,89124.75689999701,1623.5550458715597
1781969104,1000,POST,/predict/colleges [premium],13.000000,10.700000,12000,14000,16000,17000,20000,20000,21000,22000,22000,22000,22000,424,194,40000,42136.03148962275,7771.900400002778,83509.14919999923,348.4433962264151
1781969104,1000,GET,/predict/colleges-list,0.900000,0.000000,7700,9800,9900,9900,11000,13000,13000,13000,13000,13000,13000,48,0,13000,27741.506537499692,452.07429999572923,74415.22650000115,102062.0
1781969104,1000,POST,/predict/rank [auth],1.400000,0.000000,5000,6600,7300,8200,8400,8700,8700,8700,8700,8700,8700,45,0,9500,16531.03090666635,1409.8893999980646,72335.49979999952,123.6
1781969104,1000,POST,/predict/rank [guest],1.600000,0.000000,4500,6900,10000,10000,11000,11000,12000,12000,12000,12000,12000,95,0,14000,19672.43707263169,1346.5409999989788,74563.43580000248,123.50526315789473
1781969104,1000,,Aggregated,54.300000,18.600000,11000,12000,13000,14000,18000,20000,21000,22000,23000,23000,23000,2794,359,36000,39214.32028095925,452.07429999572923,89124.75689999701,2142.3375089477454
1781969105,1000,POST,/auth/login [setup],0.000000,0.000000,0,0,0,0,0,0,0,0,0,0,0,869,0,45000,44864.65960978133,1130.2634000021499,82665.62999999587,173.8849252013809
1781969105,1000,GET,/auth/me,11.300000,0.000000,8500,9000,9400,9500,9900,10000,10000,11000,11000,11000,11000,478,0,28000,33989.56545397477,3772.9913000002853,81189.83650000155,333.4309623430962
1781969105,1000,POST,/auth/update-profile,6.600000,0.000000,9400,10000,10000,10000,11000,12000,13000,14000,14000,14000,14000,202,0,24000,33764.87550841569,6170.677400004934,81872.38290000096,72.0
1781969105,1000,GET,/config,2.100000,0.000000,2900,4000,5400,6500,7200,8500,8500,8500,8500,8500,8500,52,0,9700,18563.535155770023,2003.1962000066414,73344.70539999893,28.0
1781969105,1000,POST,/payment/create-order,6.500000,0.000000,12000,13000,13000,14000,14000,16000,17000,17000,17000,17000,17000,202,0,35000,39664.05482871319,7007.212700002128,83919.04849999992,176.45544554455446
1781969105,1000,POST,/predict/colleges [auth],10.200000,9.200000,12000,14000,15000,16000,19000,21000,21000,22000,22000,22000,22000,181,94,34000,40133.98380110517,7749.436500002048,85380.03029999527,1163.6022099447514
1781969105,1000,POST,/predict/colleges [guest],7.700000,6.800000,17000,19000,20000,21000,22000,23000,23000,23000,23000,23000,23000,218,71,40000,44196.71664954123,8968.690200003039,89124.75689999701,1623.5550458715597
1781969105,1000,POST,/predict/colleges [premium],19.600000,17.900000,12000,13000,14000,15000,17000,20000,21000,22000,22000,22000,22000,424,194,40000,42136.03148962275,7771.900400002778,83509.14919999923,348.4433962264151
1781969105,1000,GET,/predict/colleges-list,1.600000,0.000000,7700,9800,9900,9900,11000,13000,13000,13000,13000,13000,13000,48,0,13000,27741.506537499692,452.07429999572923,74415.22650000115,102062.0
1781969105,1000,POST,/predict/rank [auth],2.300000,0.000000,5000,6600,7300,8200,8400,8700,8700,8700,8700,8700,8700,45,0,9500,16531.03090666635,1409.8893999980646,72335.49979999952,123.6
1781969105,1000,POST,/predict/rank [guest],2.500000,0.000000,4500,6900,10000,10000,11000,11000,12000,12000,12000,12000,12000,95,0,14000,19672.43707263169,1346.5409999989788,74563.43580000248,123.50526315789473
1781969105,1000,,Aggregated,70.400000,33.900000,10000,11000,13000,14000,17000,19000,22000,22000,23000,23000,23000,2814,359,35000,38998.412267164225,452.07429999572923,89124.75689999701,2128.8869936034116
1781969106,1000,POST,/auth/login [setup],0.000000,0.000000,0,0,0,0,0,0,0,0,0,0,0,869,0,45000,44864.65960978133,1130.2634000021499,82665.62999999587,173.8849252013809
1781969106,1000,GET,/auth/me,14.500000,0.000000,8500,9100,9400,9500,9900,10000,10000,11000,11000,11000,11000,482,0,28000,33780.96395373432,3772.9913000002853,81189.83650000155,333.4045643153527
1781969106,1000,POST,/auth/update-profile,8.000000,0.000000,9400,10000,10000,10000,11000,12000,13000,14000,14000,14000,14000,207,0,22000,33174.14758502399,6170.677400004934,81872.38290000096,72.0
1781969106,1000,GET,/config,1.300000,0.000000,2900,4000,5400,6500,7200,8500,8500,8500,8500,8500,8500,52,0,9700,18563.535155770023,2003.1962000066414,73344.70539999893,28.0
1781969106,1000,POST,/payment/create-order,6.700000,0.000000,12000,13000,13000,14000,14000,15000,17000,17000,17000,17000,17000,207,0,35000,38965.6853951694,7007.212700002128,83919.04849999992,176.3719806763285
1781969106,1000,POST,/predict/colleges [auth],6.100000,5.000000,12000,14000,15000,16000,19000,21000,21000,22000,22000,22000,22000,181,94,34000,40133.98380110517,7749.436500002048,85380.03029999527,1163.6022099447514
1781969106,1000,POST,/predict/colleges [guest],6.000000,5.000000,17000,19000,20000,21000,22000,23000,23000,23000,23000,23000,23000,218,71,40000,44196.71664954123,8968.690200003039,89124.75689999701,1623.5550458715597
1781969106,1000,POST,/predict/colleges [premium],12.300000,10.200000,12000,13000,14000,15000,17000,20000,21000,22000,22000,22000,22000,424,194,40000,42136.03148962275,7771.900400002778,83509.14919999923,348.4433962264151
1781969106,1000,GET,/predict/colleges-list,0.700000,0.000000,7700,9800,9900,9900,11000,13000,13000,13000,13000,13000,13000,48,0,13000,27741.506537499692,452.07429999572923,74415.22650000115,102062.0
1781969106,1000,POST,/predict/rank [auth],1.400000,0.000000,5000,6600,7300,8200,8400,8700,8700,8700,8700,8700,8700,45,0,9500,16531.03090666635,1409.8893999980646,72335.49979999952,123.6
1781969106,1000,POST,/predict/rank [guest],1.400000,0.000000,4500,6900,10000,10000,11000,11000,12000,12000,12000,12000,12000,95,0,14000,19672.43707263169,1346.5409999989788,74563.43580000248,123.50526315789473
1781969106,1000,,Aggregated,58.400000,20.200000,10000,11000,12000,13000,17000,19000,22000,22000,23000,23000,23000,2828,359,35000,38853.34015463229,452.07429999572923,89124.75689999701,2119.248231966054
1781969107,1000,POST,/auth/login [setup],0.000000,0.000000,0,0,0,0,0,0,0,0,0,0,0,869,0,45000,44864.65960978133,1130.2634000021499,82665.62999999587,173.8849252013809
1781969107,1000,GET,/auth/me,15.400000,0.000000,8900,9400,9600,9700,9900,10000,10000,10000,10000,10000,10000,493,0,27000,33242.6316129816,3772.9913000002853,81189.83650000155,333.3529411764706
1781969107,1000,POST,/auth/update-profile,8.000000,0.000000,9700,10000,10000,10000,11000,12000,13000,14000,14000,14000,14000,207,0,22000,33174.14758502399,6170.677400004934,81872.38290000096,72.0
1781969107,1000,GET,/config,1.300000,0.000000,2900,4000,5400,6500,7200,8500,8500,8500,8500,8500,8500,52,0,9700,18563.535155770023,2003.1962000066414,73344.70539999893,28.0
1781969107,1000,POST,/payment/create-order,6.900000,0.000000,11000,12000,13000,13000,14000,14000,17000,17000,17000,17000,17000,210,0,32000,38576.41597238126,7007.212700002128,83919.04849999992,176.32857142857142
1781969107,1000,POST,/predict/colleges [auth],6.000000,5.000000,12000,14000,15000,16000,19000,21000,21000,22000,22000,22000,22000,181,94,34000,40133.98380110517,7749.436500002048,85380.03029999527,1163.6022099447514
1781969107,1000,POST,/predict/colleges [guest],6.000000,5.000000,17000,19000,20000,21000,22000,23000,23000,23000,23000,23000,23000,218,71,40000,44196.71664954123,8968.690200003039,89124.75689999701,1623.5550458715597
1781969107,1000,POST,/predict/colleges [premium],12.100000,10.100000,12000,13000,14000,15000,17000,20000,21000,22000,22000,22000,22000,424,194,40000,42136.03148962275,7771.900400002778,83509.14919999923,348.4433962264151
1781969107,1000,GET,/predict/colleges-list,0.700000,0.000000,5500,6400,7300,7300,7700,7700,7700,7700,7700,7700,7700,48,0,13000,27741.506537499692,452.07429999572923,74415.22650000115,102062.0
1781969107,1000,POST,/predict/rank [auth],1.300000,0.000000,5000,6600,7300,8200,8400,8700,8700,8700,8700,8700,8700,45,0,9500,16531.03090666635,1409.8893999980646,72335.49979999952,123.6
1781969107,1000,POST,/predict/rank [guest],1.400000,0.000000,4400,6100,6200,6700,6900,7300,7300,7300,7300,7300,7300,95,0,14000,19672.43707263169,1346.5409999989788,74563.43580000248,123.50526315789473
1781969107,1000,,Aggregated,59.100000,20.100000,10000,12000,13000,14000,17000,20000,22000,22000,23000,23000,23000,2842,359,35000,38711.67811196344,452.07429999572923,89124.75689999701,2110.2730471498944
1781969108,1000,POST,/auth/login [setup],0.000000,0.000000,0,0,0,0,0,0,0,0,0,0,0,869,0,45000,44864.65960978133,1130.2634000021499,82665.62999999587,173.8849252013809
1781969108,1000,GET,/auth/me,14.500000,0.000000,8800,9400,9600,9700,9900,10000,10000,10000,10000,10000,10000,546,0,21000,30867.50625750901,3772.9913000002853,81189.83650000155,333.12820512820514
1781969108,1000,POST,/auth/update-profile,7.200000,0.000000,10000,10000,10000,11000,11000,11000,12000,14000,14000,14000,14000,219,0,20000,31921.334726940448,6170.677400004934,81872.38290000096,72.0
1781969108,1000,GET,/config,1.200000,0.000000,3900,4000,6500,6500,7200,8500,8500,8500,8500,8500,8500,52,0,9700,18563.535155770023,2003.1962000066414,73344.70539999893,28.0
1781969108,1000,POST,/payment/create-order,6.300000,0.000000,11000,12000,12000,13000,14000,14000,17000,17000,17000,17000,17000,229,0,28000,36295.97818951989,7007.212700002128,83919.04849999992,176.07423580786025
1781969108,1000,POST,/predict/colleges [auth],5.400000,4.700000,12000,14000,15000,15000,19000,21000,21000,22000,22000,22000,22000,181,94,34000,40133.98380110517,7749.436500002048,85380.03029999527,1163.6022099447514
1781969108,1000,POST,/predict/colleges [guest],5.300000,5.000000,17000,19000,21000,21000,22000,23000,23000,23000,23000,23000,23000,218,71,40000,44196.71664954123,8968.690200003039,89124.75689999701,1623.5550458715597
1781969108,1000,POST,/predict/colleges [premium],10.700000,8.900000,12000,13000,14000,15000,17000,20000,21000,22000,22000,22000,22000,426,194,39000,41987.0223572771,7771.900400002778,83509.14919999923,349.4131455399061
1781969108,1000,GET,/predict/colleges-list,0.700000,0.000000,5500,6400,7300,7300,7700,7700,7700,7700,7700,7700,7700,48,0,13000,27741.506537499692,452.07429999572923,74415.22650000115,102062.0
1781969108,1000,POST,/predict/rank [auth],1.300000,0.000000,5000,6600,7300,8200,8400,8700,8700,8700,8700,8700,8700,45,0,9500,16531.03090666635,1409.8893999980646,72335.49979999952,123.6
1781969108,1000,POST,/predict/rank [guest],1.400000,0.000000,4400,6100,6200,6700,6900,7300,7300,7300,7300,7300,7300,95,0,14000,19672.43707263169,1346.5409999989788,74563.43580000248,123.50526315789473
1781969108,1000,,Aggregated,54.000000,18.600000,10000,11000,12000,13000,16000,19000,21000,22000,23000,23000,23000,2928,359,34000,37854.808676400295,452.07429999572923,89124.75689999701,2056.08162568306
1781969109,1000,POST,/auth/login [setup],0.000000,0.000000,0,0,0,0,0,0,0,0,0,0,0,869,0,45000,44864.65960978133,1130.2634000021499,82665.62999999587,173.8849252013809
1781969109,1000,GET,/auth/me,14.500000,0.000000,8800,9400,9600,9600,9900,10000,10000,10000,10000,10000,10000,548,0,21000,30786.268444890353,3772.9913000002853,81189.83650000155,333.11678832116786
1781969109,1000,POST,/auth/update-profile,7.200000,0.000000,10000,10000,10000,11000,11000,11000,12000,14000,14000,14000,14000,221,0,19000,31732.3332276016,6170.677400004934,81872.38290000096,72.0
1781969109,1000,GET,/config,1.200000,0.000000,3900,4000,6500,6500,7200,8500,8500,8500,8500,8500,8500,52,0,9700,18563.535155770023,2003.1962000066414,73344.70539999893,28.0
1781969109,1000,POST,/payment/create-order,6.300000,0.000000,11000,12000,12000,13000,14000,14000,17000,17000,17000,17000,17000,230,0,28000,36201.41544869591,7007.212700002128,83919.04849999992,176.0608695652174
1781969109,1000,POST,/predict/colleges [auth],5.400000,4.700000,12000,14000,15000,15000,19000,21000,21000,22000,22000,22000,22000,181,94,34000,40133.98380110517,7749.436500002048,85380.03029999527,1163.6022099447514
1781969109,1000,POST,/predict/colleges [guest],5.300000,5.000000,17000,19000,21000,21000,22000,23000,23000,23000,23000,23000,23000,218,71,40000,44196.71664954123,8968.690200003039,89124.75689999701,1623.5550458715597
1781969109,1000,POST,/predict/colleges [premium],10.700000,8.900000,12000,13000,14000,15000,17000,20000,21000,22000,22000,22000,22000,426,194,39000,41987.0223572771,7771.900400002778,83509.14919999923,349.4131455399061
1781969109,1000,GET,/predict/colleges-list,0.700000,0.000000,5500,6400,7300,7300,7700,7700,7700,7700,7700,7700,7700,48,0,13000,27741.506537499692,452.07429999572923,74415.22650000115,102062.0
1781969109,1000,POST,/predict/rank [auth],1.300000,0.000000,5000,6600,7300,8200,8400,8700,8700,8700,8700,8700,8700,45,0,9500,16531.03090666635,1409.8893999980646,72335.49979999952,123.6
1781969109,1000,POST,/predict/rank [guest],1.400000,0.000000,4400,6100,6200,6700,6900,7300,7300,7300,7300,7300,7300,95,0,14000,19672.43707263169,1346.5409999989788,74563.43580000248,123.50526315789473
1781969109,1000,,Aggregated,54.000000,18.600000,10000,11000,12000,13000,16000,19000,21000,22000,23000,23000,23000,2933,359,34000,37808.63156549611,452.07429999572923,89124.75689999701,2052.90964882373
1781969110,1000,POST,/auth/login [setup],0.000000,0.000000,0,0,0,0,0,0,0,0,0,0,0,869,0,45000,44864.65960978133,1130.2634000021499,82665.62999999587,173.8849252013809
1781969110,1000,GET,/auth/me,17.000000,0.000000,8800,9400,9600,9700,9900,10000,10000,11000,11000,11000,11000,555,0,21000,30519.27340936923,3772.9913000002853,81189.83650000155,333.07927927927926
1781969110,1000,POST,/auth/update-profile,7.000000,0.000000,10000,10000,10000,11000,11000,11000,12000,14000,14000,14000,14000,222,0,19000,31643.310835585402,6170.677400004934,81872.38290000096,72.0
1781969110,1000,GET,/config,1.200000,0.000000,3900,4000,6500,6500,7200,8500,8500,8500,8500,8500,8500,52,0,9700,18563.535155770023,2003.1962000066414,73344.70539999893,28.0
1781969110,1000,POST,/payment/create-order,8.000000,0.000000,11000,12000,12000,13000,14000,14000,17000,17000,17000,17000,17000,239,0,24000,35295.32395899599,7007.212700002128,83919.04849999992,175.94560669456067
1781969110,1000,POST,/predict/colleges [auth],5.300000,4.600000,12000,14000,15000,15000,19000,21000,21000,22000,22000,22000,22000,182,94,32000,39976.75385439581,7749.436500002048,85380.03029999527,1170.1373626373627
1781969110,1000,POST,/predict/colleges [guest],5.100000,4.900000,17000,19000,21000,21000,22000,23000,23000,23000,23000,23000,23000,218,71,40000,44196.71664954123,8968.690200003039,89124.75689999701,1623.5550458715597
1781969110,1000,POST,/predict/colleges [premium],10.600000,8.900000,12000,13000,14000,15000,17000,20000,21000,22000,22000,22000,22000,426,194,39000,41987.0223572771,7771.900400002778,83509.14919999923,349.4131455399061
1781969110,1000,GET,/predict/colleges-list,0.700000,0.000000,5500,6400,7300,7300,7700,7700,7700,7700,7700,7700,7700,48,0,13000,27741.506537499692,452.07429999572923,74415.22650000115,102062.0
1781969110,1000,POST,/predict/rank [auth],1.300000,0.000000,5000,6600,7300,8200,8400,8700,8700,8700,8700,8700,8700,45,0,9500,16531.03090666635,1409.8893999980646,72335.49979999952,123.6
1781969110,1000,POST,/predict/rank [guest],1.400000,0.000000,4400,6100,6200,6700,6900,7300,7300,7300,7300,7300,7300,95,0,14000,19672.43707263169,1346.5409999989788,74563.43580000248,123.50526315789473
1781969110,1000,,Aggregated,57.600000,18.400000,10000,11000,12000,13000,16000,19000,21000,22000,23000,23000,23000,2951,359,34000,37645.80900870894,452.07429999572923,89124.75689999701,2042.5201626567266
1781969111,1000,POST,/auth/login [setup],0.000000,0.000000,0,0,0,0,0,0,0,0,0,0,0,869,0,45000,44864.65960978133,1130.2634000021499,82665.62999999587,173.8849252013809
1781969111,1000,GET,/auth/me,17.100000,0.000000,8800,9400,9500,9600,9900,10000,10000,11000,11000,11000,11000,571,0,18000,29924.27719036763,3772.9913000002853,81189.83650000155,333.015761821366
1781969111,1000,POST,/auth/update-profile,7.000000,0.000000,10000,11000,11000,11000,12000,12000,12000,13000,13000,13000,13000,240,0,17000,30105.159306249796,6170.677400004934,81872.38290000096,72.0
1781969111,1000,GET,/config,1.200000,0.000000,4000,5200,5900,6000,7200,8300,8500,8500,8500,8500,8500,63,0,7300,16095.705995238819,862.6313999993727,73344.70539999893,28.0
1781969111,1000,POST,/payment/create-order,8.200000,0.000000,11000,12000,12000,12000,13000,14000,17000,17000,17000,17000,17000,251,0,20000,34153.426160956355,7007.212700002128,83919.04849999992,175.80876494023903
1781969111,1000,POST,/predict/colleges [auth],5.300000,4.600000,14000,15000,15000,16000,17000,18000,21000,21000,22000,22000,22000,252,164,18000,32757.541336508177,7749.436500002048,85380.03029999527,857.5992063492064
1781969111,1000,POST,/predict/colleges [guest],5.100000,4.900000,13000,15000,16000,17000,19000,20000,21000,21000,21000,21000,21000,262,115,31000,38882.90800992373,8968.690200003039,89124.75689999701,1358.4541984732825
1781969111,1000,POST,/predict/colleges [premium],10.600000,8.900000,13000,14000,15000,15000,17000,17000,18000,21000,21000,21000,21000,608,376,20000,33370.450892927714,7771.900400002778,83509.14919999923,258.2894736842105
1781969111,1000,GET,/predict/colleges-list,0.700000,0.000000,4300,5200,5500,5700,7300,7700,7700,7700,7700,7700,7700,60,0,9800,22797.80873166613,452.07429999572923,74415.22650000115,102062.0
1781969111,1000,POST,/predict/rank [auth],1.300000,0.000000,5000,5800,6200,6600,7700,8400,8700,8700,8700,8700,8700,55,0,7700,14379.421823636218,1409.8893999980646,72335.49979999952,123.49090909090908
1781969111,1000,POST,/predict/rank [guest],1.400000,0.000000,4300,4400,5700,6100,6700,6900,7300,7300,7300,7300,7300,111,0,12000,17402.2192441442,717.242200000328,74563.43580000248,123.37837837837837
1781969111,1000,,Aggregated,57.900000,18.400000,11000,12000,13000,14000,16000,17000,19000,21000,22000,22000,22000,3342,655,26000,34622.312589108304,452.07429999572923,89124.75689999701,2177.6502094554157
1781969112,1000,POST,/auth/login [setup],0.000000,0.000000,0,0,0,0,0,0,0,0,0,0,0,869,0,45000,44864.65960978133,1130.2634000021499,82665.62999999587,173.8849252013809
1781969112,1000,GET,/auth/me,17.100000,0.000000,8400,8800,9200,9400,9800,10000,10000,10000,11000,11000,11000,625,0,13000,27837.93750399984,3772.9913000002853,81189.83650000155,332.7968
1781969112,1000,POST,/auth/update-profile,7.000000,0.000000,9400,10000,11000,11000,12000,12000,12000,13000,13000,13000,13000,261,0,12000,28210.523301915535,3997.6879000023473,81872.38290000096,72.0
1781969112,1000,GET,/config,1.200000,0.000000,4000,4500,5900,6000,7200,8300,8500,8500,8500,8500,8500,64,0,7200,15854.675810938264,669.7742000033031,73344.70539999893,28.0
1781969112,1000,POST,/payment/create-order,8.200000,0.000000,11000,11000,12000,12000,12000,13000,13000,15000,15000,15000,15000,264,0,19000,33034.906792803195,7007.212700002128,83919.04849999992,175.68560606060606
1781969112,1000,POST,/predict/colleges [auth],5.300000,4.600000,14000,15000,16000,16000,17000,17000,17000,17000,17000,17000,17000,253,165,18000,32663.842720948865,7749.436500002048,85380.03029999527,854.3873517786561
1781969112,1000,POST,/predict/colleges [guest],5.100000,4.900000,12000,13000,14000,14000,15000,16000,17000,17000,17000,17000,17000,262,115,31000,38882.90800992373,8968.690200003039,89124.75689999701,1358.4541984732825
1781969112,1000,POST,/predict/colleges [premium],10.600000,8.900000,13000,14000,14000,15000,16000,17000,17000,17000,17000,17000,17000,608,376,20000,33370.450892927714,7771.900400002778,83509.14919999923,258.2894736842105
1781969112,1000,GET,/predict/colleges-list,0.700000,0.000000,4300,5200,5500,5700,7300,7700,7700,7700,7700,7700,7700,60,0,9800,22797.80873166613,452.07429999572923,74415.22650000115,102062.0
1781969112,1000,POST,/predict/rank [auth],1.300000,0.000000,3700,5800,6000,6000,6200,7700,7700,7700,7700,7700,7700,55,0,7700,14379.421823636218,1409.8893999980646,72335.49979999952,123.49090909090908
1781969112,1000,POST,/predict/rank [guest],1.400000,0.000000,4200,4300,4300,5600,6000,6200,6200,6200,6200,6200,6200,111,0,12000,17402.2192441442,717.242200000328,74563.43580000248,123.37837837837837
1781969112,1000,,Aggregated,57.900000,18.400000,10000,11000,12000,13000,15000,16000,17000,17000,17000,17000,17000,3432,656,23000,33891.565465646825,452.07429999572923,89124.75689999701,2126.8621794871797
1781969113,1000,POST,/auth/login [setup],0.000000,0.000000,0,0,0,0,0,0,0,0,0,0,0,869,0,45000,44864.65960978133,1130.2634000021499,82665.62999999587,173.8849252013809
1781969113,1000,GET,/auth/me,17.100000,0.000000,8300,8900,9300,9400,9800,9900,10000,11000,11000,11000,11000,625,0,13000,27837.93750399984,3772.9913000002853,81189.83650000155,332.7968
1781969113,1000,POST,/auth/update-profile,7.000000,0.000000,10000,11000,11000,11000,12000,12000,12000,13000,13000,13000,13000,261,0,12000,28210.523301915535,3997.6879000023473,81872.38290000096,72.0
1781969113,1000,GET,/config,1.200000,0.000000,4000,4500,5900,6000,7200,8300,8500,8500,8500,8500,8500,64,0,7200,15854.675810938264,669.7742000033031,73344.70539999893,28.0
1781969113,1000,POST,/payment/create-order,8.200000,0.000000,11000,11000,12000,12000,12000,13000,13000,15000,15000,15000,15000,264,0,19000,33034.906792803195,7007.212700002128,83919.04849999992,175.68560606060606
1781969113,1000,POST,/predict/colleges [auth],5.300000,4.600000,14000,15000,16000,16000,17000,17000,17000,17000,17000,17000,17000,253,165,18000,32663.842720948865,7749.436500002048,85380.03029999527,854.3873517786561
1781969113,1000,POST,/predict/colleges [guest],5.100000,4.900000,12000,13000,14000,14000,15000,16000,17000,17000,17000,17000,17000,262,115,31000,38882.90800992373,8968.690200003039,89124.75689999701,1358.4541984732825
1781969113,1000,POST,/predict/colleges [premium],10.600000,8.900000,13000,14000,14000,15000,16000,17000,17000,17000,17000,17000,17000,608,376,20000,33370.450892927714,7771.900400002778,83509.14919999923,258.2894736842105
1781969113,1000,GET,/predict/colleges-list,0.700000,0.000000,4300,5200,5500,5700,7300,7700,7700,7700,7700,7700,7700,60,0,9800,22797.80873166613,452.07429999572923,74415.22650000115,102062.0
1781969113,1000,POST,/predict/rank [auth],1.300000,0.000000,3700,5800,6000,6000,6200,7700,7700,7700,7700,7700,7700,55,0,7700,14379.421823636218,1409.8893999980646,72335.49979999952,123.49090909090908
1781969113,1000,POST,/predict/rank [guest],1.400000,0.000000,4200,4300,4300,5600,6000,6200,6200,6200,6200,6200,6200,111,0,12000,17402.2192441442,717.242200000328,74563.43580000248,123.37837837837837
1781969113,1000,,Aggregated,57.900000,18.400000,11000,12000,13000,14000,15000,16000,17000,17000,17000,17000,17000,3432,656,23000,33891.565465646825,452.07429999572923,89124.75689999701,2126.8621794871797
1781969114,1000,POST,/auth/login [setup],0.000000,0.000000,0,0,0,0,0,0,0,0,0,0,0,869,0,45000,44864.65960978133,1130.2634000021499,82665.62999999587,173.8849252013809
1781969114,1000,GET,/auth/me,23.500000,0.000000,8300,8900,9300,9500,9800,9900,10000,11000,11000,11000,11000,629,0,13000,27700.745873926702,3772.9913000002853,81189.83650000155,332.8044515103339
1781969114,1000,POST,/auth/update-profile,9.300000,0.000000,10000,11000,11000,11000,12000,12000,12000,13000,13000,13000,13000,263,0,12000,28042.156288973223,3997.6879000023473,81872.38290000096,72.0
1781969114,1000,GET,/config,2.400000,0.000000,4000,4500,5900,6000,7200,8300,8500,8500,8500,8500,8500,64,0,7200,15854.675810938264,669.7742000033031,73344.70539999893,28.0
1781969114,1000,POST,/payment/create-order,10.400000,0.000000,11000,12000,12000,12000,13000,13000,13000,15000,15000,15000,15000,269,0,17000,32650.391071003894,7007.212700002128,83919.04849999992,175.63940520446096
1781969114,1000,POST,/predict/colleges [auth],12.200000,11.700000,14000,15000,16000,16000,17000,17000,17000,17000,17000,17000,17000,253,165,18000,32663.842720948865,7749.436500002048,85380.03029999527,854.3873517786561
1781969114,1000,POST,/predict/colleges [guest],8.600000,8.400000,12000,13000,14000,14000,15000,16000,17000,17000,17000,17000,17000,262,115,31000,38882.90800992373,8968.690200003039,89124.75689999701,1358.4541984732825
1781969114,1000,POST,/predict/colleges [premium],27.900000,26.900000,13000,14000,14000,15000,16000,17000,17000,17000,17000,17000,17000,608,376,20000,33370.450892927714,7771.900400002778,83509.14919999923,258.2894736842105
1781969114,1000,GET,/predict/colleges-list,1.900000,0.000000,4300,5200,5500,5700,7300,7700,7700,7700,7700,7700,7700,60,0,9800,22797.80873166613,452.07429999572923,74415.22650000115,102062.0
1781969114,1000,POST,/predict/rank [auth],2.200000,0.000000,3700,5800,6000,6000,6200,7700,7700,7700,7700,7700,7700,55,0,7700,14379.421823636218,1409.8893999980646,72335.49979999952,123.49090909090908
1781969114,1000,POST,/predict/rank [guest],3.000000,0.000000,4200,4300,4300,5600,6000,6200,6200,6200,6200,6200,6200,111,0,12000,17402.2192441442,717.242200000328,74563.43580000248,123.37837837837837
1781969114,1000,,Aggregated,101.400000,47.000000,11000,12000,13000,14000,15000,16000,17000,17000,17000,17000,17000,3443,656,22000,33812.02184716814,452.07429999572923,89124.75689999701,2120.7484751670054
1781969115,1000,POST,/auth/login [setup],0.000000,0.000000,0,0,0,0,0,0,0,0,0,0,0,869,0,45000,44864.65960978133,1130.2634000021499,82665.62999999587,173.8849252013809
1781969115,1000,GET,/auth/me,21.600000,0.000000,8200,8900,9300,9500,9800,9900,10000,11000,11000,11000,11000,635,0,12000,27505.978132598248,3772.9913000002853,81189.83650000155,332.7795275590551
1781969115,1000,POST,/auth/update-profile,8.400000,0.000000,10000,11000,11000,11000,12000,12000,12000,13000,13000,13000,13000,264,0,12000,27962.844431439225,3997.6879000023473,81872.38290000096,72.0
1781969115,1000,GET,/config,1.200000,0.000000,4000,4500,5900,6000,7200,8300,8500,8500,8500,8500,8500,64,0,7200,15854.675810938264,669.7742000033031,73344.70539999893,28.0
1781969115,1000,POST,/payment/create-order,8.300000,0.000000,11000,12000,12000,12000,13000,13000,13000,15000,15000,15000,15000,271,0,17000,32493.390228782468,7007.212700002128,83919.04849999992,175.62361623616235
1781969115,1000,POST,/predict/colleges [auth],7.700000,7.300000,14000,15000,16000,16000,17000,17000,17000,17000,17000,17000,17000,253,165,18000,32663.842720948865,7749.436500002048,85380.03029999527,854.3873517786561
1781969115,1000,POST,/predict/colleges [guest],4.700000,4.500000,12000,13000,14000,14000,15000,16000,17000,17000,17000,17000,17000,262,115,31000,38882.90800992373,8968.690200003039,89124.75689999701,1358.4541984732825
1781969115,1000,POST,/predict/colleges [premium],20.500000,19.700000,13000,14000,15000,15000,16000,17000,17000,17000,17000,17000,17000,608,376,20000,33370.450892927714,7771.900400002778,83509.14919999923,258.2894736842105
1781969115,1000,GET,/predict/colleges-list,1.200000,0.000000,4300,5200,5500,5700,7300,7700,7700,7700,7700,7700,7700,60,0,9800,22797.80873166613,452.07429999572923,74415.22650000115,102062.0
1781969115,1000,POST,/predict/rank [auth],1.100000,0.000000,3700,5800,6000,6000,6200,7700,7700,7700,7700,7700,7700,55,0,7700,14379.421823636218,1409.8893999980646,72335.49979999952,123.49090909090908
1781969115,1000,POST,/predict/rank [guest],1.800000,0.000000,4200,4300,4300,5600,6000,6200,6200,6200,6200,6200,6200,111,0,12000,17402.2192441442,717.242200000328,74563.43580000248,123.37837837837837
1781969115,1000,,Aggregated,76.500000,31.500000,11000,12000,13000,14000,15000,16000,17000,17000,17000,17000,17000,3452,656,22000,33744.83648873114,452.07429999572923,89124.75689999701,2115.914542294322
1781969116,1000,POST,/auth/login [setup],0.000000,0.000000,0,0,0,0,0,0,0,0,0,0,0,869,0,45000,44864.65960978133,1130.2634000021499,82665.62999999587,173.8849252013809
1781969116,1000,GET,/auth/me,21.600000,0.000000,8200,8800,9200,9400,9800,9900,10000,11000,11000,11000,11000,637,0,12000,27443.813246624628,3772.9913000002853,81189.83650000155,332.77080062794346
1781969116,1000,POST,/auth/update-profile,8.400000,0.000000,10000,11000,11000,11000,12000,12000,12000,13000,13000,13000,13000,264,0,12000,27962.844431439225,3997.6879000023473,81872.38290000096,72.0
1781969116,1000,GET,/config,1.200000,0.000000,4200,4500,5900,5900,6000,8300,8300,8300,8300,8300,8300,64,0,7200,15854.675810938264,669.7742000033031,73344.70539999893,28.0
1781969116,1000,POST,/payment/create-order,8.300000,0.000000,11000,12000,12000,12000,13000,13000,13000,15000,15000,15000,15000,271,0,17000,32493.390228782468,7007.212700002128,83919.04849999992,175.62361623616235
1781969116,1000,POST,/predict/colleges [auth],7.700000,7.300000,14000,15000,16000,16000,17000,17000,17000,17000,17000,17000,17000,253,165,18000,32663.842720948865,7749.436500002048,85380.03029999527,854.3873517786561
1781969116,1000,POST,/predict/colleges [guest],4.700000,4.500000,12000,13000,14000,14000,15000,16000,17000,17000,17000,17000,17000,262,115,31000,38882.90800992373,8968.690200003039,89124.75689999701,1358.4541984732825
1781969116,1000,POST,/predict/colleges [premium],20.500000,19.700000,13000,14000,15000,15000,16000,17000,17000,17000,17000,17000,17000,608,376,20000,33370.450892927714,7771.900400002778,83509.14919999923,258.2894736842105
1781969116,1000,GET,/predict/colleges-list,1.200000,0.000000,3700,4100,4800,4800,5200,5700,5700,5700,5700,5700,5700,60,0,9800,22797.80873166613,452.07429999572923,74415.22650000115,102062.0
1781969116,1000,POST,/predict/rank [auth],1.100000,0.000000,5600,5800,6000,6200,7700,7700,7700,7700,7700,7700,7700,55,0,7700,14379.421823636218,1409.8893999980646,72335.49979999952,123.49090909090908
1781969116,1000,POST,/predict/rank [guest],1.800000,0.000000,4300,4300,5600,5600,6000,6200,6200,6200,6200,6200,6200,111,0,12000,17402.2192441442,717.242200000328,74563.43580000248,123.37837837837837
1781969116,1000,,Aggregated,76.500000,31.500000,11000,12000,13000,14000,15000,16000,17000,17000,17000,17000,17000,3454,656,22000,33729.75925969887,452.07429999572923,89124.75689999701,2114.8804284887087
1781969117,1000,POST,/auth/login [setup],0.000000,0.000000,0,0,0,0,0,0,0,0,0,0,0,869,0,45000,44864.65960978133,1130.2634000021499,82665.62999999587,173.8849252013809
1781969117,1000,GET,/auth/me,15.400000,0.000000,7400,8000,8300,8500,9200,9600,9900,11000,11000,11000,11000,701,0,9900,25636.455505991198,3772.9913000002853,81189.83650000155,332.5791726105563
1781969117,1000,POST,/auth/update-profile,6.200000,0.000000,8400,9400,11000,11000,12000,12000,12000,13000,13000,13000,13000,278,0,12000,26951.14871079124,3997.6879000023473,81872.38290000096,72.0
1781969117,1000,GET,/config,1.200000,0.000000,3900,4200,5200,5900,6000,8300,8300,8300,8300,8300,8300,67,0,6900,15287.421308955987,669.7742000033031,73344.70539999893,28.0
1781969117,1000,POST,/payment/create-order,6.900000,0.000000,11000,12000,12000,12000,13000,15000,15000,15000,15000,15000,15000,295,0,14000,30717.442753898504,7007.212700002128,83919.04849999992,175.47457627118644
1781969117,1000,POST,/predict/colleges [auth],7.200000,7.100000,13000,14000,15000,15000,16000,17000,17000,17000,17000,17000,17000,291,203,16000,29909.703159793993,7749.436500002048,85380.03029999527,748.6941580756014
1781969117,1000,POST,/predict/colleges [guest],4.400000,4.400000,12000,13000,13000,14000,15000,15000,16000,17000,17000,17000,17000,285,138,22000,36656.91710666674,8968.690200003039,89124.75689999701,1252.4561403508771
1781969117,1000,POST,/predict/colleges [premium],18.400000,18.200000,13000,14000,14000,15000,16000,17000,17000,17000,17000,17000,17000,667,435,17000,31457.658352024053,7771.900400002778,83509.14919999923,239.42278860569715
1781969117,1000,GET,/predict/colleges-list,1.200000,0.000000,3700,4100,4300,4800,5200,5700,5700,5700,5700,5700,5700,61,0,9800,22490.741475409286,452.07429999572923,74415.22650000115,102062.0
1781969117,1000,POST,/predict/rank [auth],1.000000,0.000000,5100,5600,6000,6000,6200,7700,7700,7700,7700,7700,7700,57,0,7300,14038.684754385666,1409.8893999980646,72335.49979999952,123.47368421052632
1781969117,1000,POST,/predict/rank [guest],1.600000,0.000000,4200,4300,4300,5600,6000,6200,6200,6200,6200,6200,6200,112,0,11000,17281.576051785774,717.242200000328,74563.43580000248,123.34821428571429
1781969117,1000,,Aggregated,63.500000,29.700000,11000,12000,13000,14000,15000,16000,17000,17000,17000,17000,17000,3683,776,20000,32250.27059103991,452.07429999572923,89124.75689999701,2019.8346456692914
1781969118,1000,POST,/auth/login [setup],0.000000,0.000000,0,0,0,0,0,0,0,0,0,0,0,869,0,45000,44864.65960978133,1130.2634000021499,82665.62999999587,173.8849252013809
1781969118,1000,GET,/auth/me,15.500000,0.000000,7000,7700,8100,8300,8900,9400,9900,11000,11000,11000,11000,740,0,9700,24603.335456621415,3772.9913000002853,81189.83650000155,332.47837837837835
1781969118,1000,POST,/auth/update-profile,5.800000,0.000000,8100,9000,10000,11000,12000,12000,12000,13000,13000,13000,13000,284,0,12000,26519.78201302806,3997.6879000023473,81872.38290000096,72.0
1781969118,1000,GET,/config,1.200000,0.000000,3200,3900,4200,4500,5900,6000,8300,8300,8300,8300,8300,73,0,5900,14191.14228356233,669.7742000033031,73344.70539999893,28.0
1781969118,1000,POST,/payment/create-order,6.400000,0.000000,11000,11000,12000,12000,13000,15000,15000,15000,15000,15000,15000,308,0,14000,29835.357484740405,7007.212700002128,83919.04849999992,175.4025974025974
1781969118,1000,POST,/predict/colleges [auth],7.200000,7.100000,12000,13000,14000,15000,16000,17000,17000,17000,17000,17000,17000,316,228,15000,28199.902693987406,6935.182399996847,85380.03029999527,693.0221518987341
1781969118,1000,POST,/predict/colleges [guest],4.400000,4.400000,11000,12000,13000,13000,14000,15000,16000,17000,17000,17000,17000,309,162,20000,34440.68619223308,6933.187499998894,89124.75689999701,1158.673139158576
1781969118,1000,POST,/predict/colleges [premium],18.400000,18.200000,12000,13000,14000,14000,16000,17000,17000,17000,17000,17000,17000,722,490,16000,29690.62414542941,6777.4460000000545,83509.14919999923,224.61218836565098
1781969118,1000,GET,/predict/colleges-list,1.200000,0.000000,3200,3800,4100,4300,5200,5700,5700,5700,5700,5700,5700,66,0,8600,20959.442665150913,452.07429999572923,74415.22650000115,102062.0
1781969118,1000,POST,/predict/rank [auth],1.000000,0.000000,3300,5100,5600,5800,6200,7700,7700,7700,7700,7700,7700,62,0,6000,13046.030243548174,735.5116000035196,72335.49979999952,123.53225806451613
1781969118,1000,POST,/predict/rank [guest],1.600000,0.000000,3500,4100,4300,4300,5700,6000,6200,6200,6200,6200,6200,123,0,10000,15970.04280487803,717.242200000328,74563.43580000248,123.3170731707317
1781969118,1000,,Aggregated,62.700000,29.700000,9900,11000,12000,13000,15000,16000,17000,17000,17000,17000,17000,3872,880,18000,31016.834528977244,452.07429999572923,89124.75689999701,2058.8248966942147
1781969119,1000,POST,/auth/login [setup],0.000000,0.000000,0,0,0,0,0,0,0,0,0,0,0,869,0,45000,44864.65960978133,1130.2634000021499,82665.62999999587,173.8849252013809
1781969119,1000,GET,/auth/me,20.800000,0.000000,6600,7300,7800,8000,8700,9200,9700,9900,10000,10000,10000,777,0,9500,23643.850501286808,3692.6192000028095,81189.83650000155,332.3848133848134
1781969119,1000,POST,/auth/update-profile,6.400000,0.000000,7600,8800,9400,11000,12000,12000,12000,13000,13000,13000,13000,291,0,11000,26014.26096804116,3997.6879000023473,81872.38290000096,72.0
1781969119,1000,GET,/config,1.200000,0.000000,3200,3900,4200,4500,5900,6000,8300,8300,8300,8300,8300,73,0,5900,14191.14228356233,669.7742000033031,73344.70539999893,28.0
1781969119,1000,POST,/payment/create-order,7.800000,0.000000,11000,11000,11000,12000,13000,13000,15000,15000,15000,15000,15000,320,0,13000,29044.67775125012,7007.212700002128,83919.04849999992,175.328125
1781969119,1000,POST,/predict/colleges [auth],7.200000,7.100000,12000,13000,14000,15000,16000,17000,17000,17000,17000,17000,17000,316,228,15000,28199.902693987406,6935.182399996847,85380.03029999527,693.0221518987341
1781969119,1000,POST,/predict/colleges [guest],4.400000,4.400000,11000,12000,13000,13000,14000,15000,16000,17000,17000,17000,17000,309,162,20000,34440.68619223308,6933.187499998894,89124.75689999701,1158.673139158576
1781969119,1000,POST,/predict/colleges [premium],18.500000,18.300000,12000,13000,14000,14000,16000,17000,17000,17000,17000,17000,17000,722,490,16000,29690.62414542941,6777.4460000000545,83509.14919999923,224.61218836565098
1781969119,1000,GET,/predict/colleges-list,1.200000,0.000000,3200,3800,4100,4300,5200,5700,5700,5700,5700,5700,5700,66,0,8600,20959.442665150913,452.07429999572923,74415.22650000115,102062.0
1781969119,1000,POST,/predict/rank [auth],1.000000,0.000000,3300,5100,5600,5800,6200,7700,7700,7700,7700,7700,7700,62,0,6000,13046.030243548174,735.5116000035196,72335.49979999952,123.53225806451613
1781969119,1000,POST,/predict/rank [guest],1.600000,0.000000,3500,4100,4300,4300,5700,6000,6200,6200,6200,6200,6200,123,0,10000,15970.04280487803,717.242200000328,74563.43580000248,123.3170731707317
1781969119,1000,,Aggregated,70.000000,29.800000,9500,11000,12000,13000,14000,16000,17000,17000,17000,17000,17000,3928,880,17000,30653.137862245392,452.07429999572923,89124.75689999701,2033.244399185336
1781969120,1000,POST,/auth/login [setup],0.000000,0.000000,0,0,0,0,0,0,0,0,0,0,0,869,0,45000,44864.65960978133,1130.2634000021499,82665.62999999587,173.8849252013809
1781969120,1000,GET,/auth/me,19.300000,0.000000,6100,7000,7300,7700,8200,8500,8900,9100,9900,9900,9900,803,0,9400,23024.126555043367,3692.6192000028095,81189.83650000155,332.31382316313824
1781969120,1000,POST,/auth/update-profile,6.500000,0.000000,6700,7500,8100,8400,9000,12000,12000,12000,12000,12000,12000,298,0,11000,25556.93221073816,3997.6879000023473,81872.38290000096,72.0
1781969120,1000,GET,/config,2.100000,0.000000,2300,2700,3000,3200,3400,3500,3500,3500,3500,3500,3500,73,0,5900,14191.14228356233,669.7742000033031,73344.70539999893,28.0
1781969120,1000,POST,/payment/create-order,7.900000,0.000000,9600,11000,11000,11000,12000,13000,15000,15000,15000,15000,15000,336,0,13000,28005.34896875012,5057.170600004611,83919.04849999992,175.23809523809524
1781969120,1000,POST,/predict/colleges [auth],13.500000,13.400000,11000,12000,12000,13000,13000,14000,14000,14000,14000,14000,14000,316,228,15000,28199.902693987406,6935.182399996847,85380.03029999527,693.0221518987341
1781969120,1000,POST,/predict/colleges [guest],9.100000,9.100000,11000,12000,12000,12000,13000,13000,14000,14000,14000,14000,14000,309,162,20000,34440.68619223308,6933.187499998894,89124.75689999701,1158.673139158576
1781969120,1000,POST,/predict/colleges [premium],29.600000,29.600000,11000,12000,12000,13000,13000,14000,14000,15000,15000,15000,15000,722,490,16000,29690.62414542941,6777.4460000000545,83509.14919999923,224.61218836565098
1781969120,1000,GET,/predict/colleges-list,1.800000,0.000000,2000,3200,3700,3800,4100,4100,4100,4100,4100,4100,4100,66,0,8600,20959.442665150913,452.07429999572923,74415.22650000115,102062.0
1781969120,1000,POST,/predict/rank [auth],1.700000,0.000000,2800,3100,3300,3300,4200,5100,5100,5100,5100,5100,5100,62,0,6000,13046.030243548174,735.5116000035196,72335.49979999952,123.53225806451613
1781969120,1000,POST,/predict/rank [guest],2.800000,0.000000,2500,3300,3400,3500,3900,4000,4000,4000,4000,4000,4000,123,0,10000,15970.04280487803,717.242200000328,74563.43580000248,123.3170731707317
1781969120,1000,,Aggregated,94.300000,52.100000,8500,10000,11000,12000,13000,13000,14000,14000,15000,15000,15000,3977,880,17000,30345.47235033942,452.07429999572923,89124.75689999701,2011.1762635152124
1781969121,1000,POST,/auth/login [setup],0.000000,0.000000,0,0,0,0,0,0,0,0,0,0,0,869,0,45000,44864.65960978133,1130.2634000021499,82665.62999999587,173.8849252013809
1781969121,1000,GET,/auth/me,22.500000,0.000000,5900,6900,7200,7700,8200,8400,8900,9100,9900,9900,9900,817,0,9400,22702.880574051196,3692.6192000028095,81189.83650000155,332.29130966952266
1781969121,1000,POST,/auth/update-profile,7.000000,0.000000,6700,7500,7700,8200,8900,11000,12000,12000,12000,12000,12000,299,0,11000,25494.014346153763,3997.6879000023473,81872.38290000096,72.0
1781969121,1000,GET,/config,2.100000,0.000000,2300,2700,3000,3200,3400,3500,3500,3500,3500,3500,3500,73,0,5900,14191.14228356233,669.7742000033031,73344.70539999893,28.0
1781969121,1000,POST,/payment/create-order,9.000000,0.000000,9500,11000,11000,11000,12000,13000,15000,15000,15000,15000,15000,343,0,13000,27558.935015160492,5057.170600004611,83919.04849999992,175.21574344023324
1781969121,1000,POST,/predict/colleges [auth],13.500000,13.400000,11000,12000,12000,13000,13000,14000,14000,14000,14000,14000,14000,316,228,15000,28199.902693987406,6935.182399996847,85380.03029999527,693.0221518987341
1781969121,1000,POST,/predict/colleges [guest],9.100000,9.100000,11000,12000,12000,12000,13000,13000,14000,14000,14000,14000,14000,309,162,20000,34440.68619223308,6933.187499998894,89124.75689999701,1158.673139158576
1781969121,1000,POST,/predict/colleges [premium],29.600000,29.600000,11000,12000,12000,13000,13000,14000,14000,15000,15000,15000,15000,722,490,16000,29690.62414542941,6777.4460000000545,83509.14919999923,224.61218836565098
1781969121,1000,GET,/predict/colleges-list,1.800000,0.000000,2000,3200,3700,3800,4100,4100,4100,4100,4100,4100,4100,66,0,8600,20959.442665150913,452.07429999572923,74415.22650000115,102062.0
1781969121,1000,POST,/predict/rank [auth],1.700000,0.000000,2800,3100,3300,3300,4200,5100,5100,5100,5100,5100,5100,62,0,6000,13046.030243548174,735.5116000035196,72335.49979999952,123.53225806451613
1781969121,1000,POST,/predict/rank [guest],2.800000,0.000000,2500,3300,3400,3500,3900,4000,4000,4000,4000,4000,4000,123,0,10000,15970.04280487803,717.242200000328,74563.43580000248,123.3170731707317
1781969121,1000,,Aggregated,99.100000,52.100000,8400,10000,11000,11000,13000,13000,14000,14000,15000,15000,15000,3999,880,17000,30205.92280320077,452.07429999572923,89124.75689999701,2001.593648412103
1781969122,1000,POST,/auth/login [setup],0.000000,0.000000,0,0,0,0,0,0,0,0,0,0,0,869,0,45000,44864.65960978133,1130.2634000021499,82665.62999999587,173.8849252013809
1781969122,1000,GET,/auth/me,23.100000,0.000000,5900,6800,7200,7400,8100,8400,8600,8700,8900,8900,8900,828,0,9300,22473.454113284854,3692.6192000028095,81189.83650000155,332.2669082125604
1781969122,1000,POST,/auth/update-profile,7.200000,0.000000,6600,7000,7100,7400,8400,8800,8900,9000,9000,9000,9000,329,0,10000,23763.27426200604,3997.6879000023473,81872.38290000096,72.0
1781969122,1000,GET,/config,2.100000,0.000000,2600,3000,3200,3400,3500,4900,4900,4900,4900,4900,4900,74,0,5400,14065.623779730431,669.7742000033031,73344.70539999893,28.0
1781969122,1000,POST,/payment/create-order,9.600000,0.000000,8600,9500,9900,11000,12000,13000,15000,15000,15000,15000,15000,359,0,12000,26632.79318272992,5057.170600004611,83919.04849999992,175.13370473537606
1781969122,1000,POST,/predict/colleges [auth],13.400000,13.400000,11000,12000,12000,12000,13000,14000,14000,14000,14000,14000,14000,335,247,15000,27144.633324179198,6935.182399996847,85380.03029999527,656.2686567164179
1781969122,1000,POST,/predict/colleges [guest],9.100000,9.100000,11000,12000,12000,12000,13000,13000,14000,14000,14000,14000,14000,310,163,20000,34353.23580967748,6933.187499998894,89124.75689999701,1155.0806451612902
1781969122,1000,POST,/predict/colleges [premium],29.600000,29.600000,11000,11000,12000,12000,13000,14000,14000,15000,15000,15000,15000,759,527,15000,28742.567742160776,6777.4460000000545,83509.14919999923,215.85638998682478
1781969122,1000,GET,/predict/colleges-list,1.800000,0.000000,2000,3200,3700,3800,4100,4100,4100,4100,4100,4100,4100,66,0,8600,20959.442665150913,452.07429999572923,74415.22650000115,102062.0
1781969122,1000,POST,/predict/rank [auth],1.700000,0.000000,2800,3100,3300,3300,4200,5100,5100,5100,5100,5100,5100,62,0,6000,13046.030243548174,735.5116000035196,72335.49979999952,123.53225806451613
1781969122,1000,POST,/predict/rank [guest],2.800000,0.000000,2700,3400,3500,3900,4700,5000,5000,5000,5000,5000,5000,125,0,10000,15792.384238399974,717.242200000328,74563.43580000248,123.312
1781969122,1000,,Aggregated,100.400000,52.100000,7800,8900,9800,10000,11000,13000,14000,15000,15000,15000,15000,4116,937,16000,29577.343210131196,452.07429999572923,89124.75689999701,1947.4686588921284
1781969123,1000,POST,/auth/login [setup],0.000000,0.000000,0,0,0,0,0,0,0,0,0,0,0,869,0,45000,44864.65960978133,1130.2634000021499,82665.62999999587,173.8849252013809
1781969123,1000,GET,/auth/me,24.900000,0.000000,5400,6400,6900,7200,7900,8300,8500,8700,8900,8900,8900,888,0,8800,21235.691973873723,2069.481200000155,81189.83650000155,332.1509009009009
1781969123,1000,POST,/auth/update-profile,6.000000,0.000000,6300,6700,7100,7100,7600,8700,8900,9000,9000,9000,9000,363,0,10000,21990.5294597796,2574.6037999997498,81872.38290000096,72.0
1781969123,1000,GET,/config,1.300000,0.000000,2300,2700,3100,3200,3500,4900,4900,4900,4900,4900,4900,78,0,5200,13433.613498718516,669.7742000033031,73344.70539999893,28.0
1781969123,1000,POST,/payment/create-order,9.300000,0.000000,8200,9200,9600,9800,11000,12000,15000,15000,15000,15000,15000,372,0,12000,25939.455563978598,5057.170600004611,83919.04849999992,175.07258064516128
1781969123,1000,POST,/predict/colleges [auth],9.500000,9.500000,9600,11000,12000,12000,13000,13000,14000,14000,14000,14000,14000,386,298,13000,24577.6253352333,5674.827599999844,85380.03029999527,575.5051813471503
1781969123,1000,POST,/predict/colleges [guest],8.100000,8.100000,9500,11000,12000,12000,13000,13000,14000,14000,14000,14000,14000,342,195,19000,31857.531290058552,5711.801600002218,89124.75689999701,1051.2134502923977
1781969123,1000,POST,/predict/colleges [premium],21.600000,21.600000,8700,10000,11000,11000,12000,14000,14000,15000,15000,15000,15000,840,608,14000,26659.61255119052,5637.569700003951,83509.14919999923,199.38095238095238
1781969123,1000,GET,/predict/colleges-list,1.400000,0.000000,2300,3200,3700,3800,4100,5000,5000,5000,5000,5000,5000,71,0,7900,19698.82772676012,452.07429999572923,74415.22650000115,102062.0
1781969123,1000,POST,/predict/rank [auth],1.100000,0.000000,2400,2900,3100,3100,4200,5100,5100,5100,5100,5100,5100,68,0,5600,12052.329951470443,735.5116000035196,72335.49979999952,123.57352941176471
1781969123,1000,POST,/predict/rank [guest],1.700000,0.000000,2500,3500,3600,3900,4700,4700,5000,5000,5000,5000,5000,135,0,9200,14796.601910370295,717.242200000328,74563.43580000248,123.24444444444444
1781969123,1000,,Aggregated,84.900000,39.200000,7200,8300,9100,9500,11000,12000,14000,14000,15000,15000,15000,4412,1101,14000,27995.597297620123,452.07429999572923,89124.75689999701,1940.1826835902086
1781969124,1000,POST,/auth/login [setup],0.000000,0.000000,0,0,0,0,0,0,0,0,0,0,0,869,0,45000,44864.65960978133,1130.2634000021499,82665.62999999587,173.8849252013809
1781969124,1000,GET,/auth/me,24.900000,0.000000,5100,6000,6800,7100,7900,8300,8500,8700,8900,8900,8900,907,0,8700,20838.600571664665,1782.9517999998643,81189.83650000155,332.1058434399118
1781969124,1000,POST,/auth/update-profile,6.000000,0.000000,6300,6600,7000,7100,7600,8400,8800,8900,9000,9000,9000,369,0,10000,21687.354116260118,1926.4559000002919,81872.38290000096,72.0
1781969124,1000,GET,/config,1.300000,0.000000,2300,3000,3100,3400,3500,4900,4900,4900,4900,4900,4900,78,0,5200,13433.613498718516,669.7742000033031,73344.70539999893,28.0
1781969124,1000,POST,/payment/create-order,9.300000,0.000000,7800,9100,9500,9600,11000,12000,15000,15000,15000,15000,15000,377,0,12000,25683.82788726801,5057.170600004611,83919.04849999992,175.0503978779841
1781969124,1000,POST,/predict/colleges [auth],9.500000,9.500000,9100,9800,10000,11000,12000,13000,13000,14000,14000,14000,14000,387,299,13000,24530.812603100912,5674.827599999844,85380.03029999527,574.1343669250646
1781969124,1000,POST,/predict/colleges [guest],8.100000,8.100000,8600,9400,10000,11000,12000,12000,14000,14000,14000,14000,14000,342,195,19000,31857.531290058552,5711.801600002218,89124.75689999701,1051.2134502923977
1781969124,1000,POST,/predict/colleges [premium],21.600000,21.600000,8600,10000,11000,11000,12000,14000,14000,15000,15000,15000,15000,841,609,14000,26635.603036860924,5637.569700003951,83509.14919999923,199.1973840665874
1781969124,1000,GET,/predict/colleges-list,1.400000,0.000000,2600,3200,3800,3800,4100,5000,5000,5000,5000,5000,5000,71,0,7900,19698.82772676012,452.07429999572923,74415.22650000115,102062.0
1781969124,1000,POST,/predict/rank [auth],1.100000,0.000000,1900,2400,2800,3100,4200,5100,5100,5100,5100,5100,5100,68,0,5600,12052.329951470443,735.5116000035196,72335.49979999952,123.57352941176471
1781969124,1000,POST,/predict/rank [guest],1.700000,0.000000,2700,3500,3800,4000,4700,4700,5000,5000,5000,5000,5000,136,0,8400,14698.066162499936,717.242200000328,74563.43580000248,123.24264705882354
1781969124,1000,,Aggregated,84.900000,39.200000,7100,8200,9000,9500,11000,12000,14000,14000,15000,15000,15000,4445,1103,14000,27812.73635336333,452.07429999572923,89124.75689999701,1927.5293588301463
1781969125,1000,POST,/auth/login [setup],0.000000,0.000000,0,0,0,0,0,0,0,0,0,0,0,869,0,45000,44864.65960978133,1130.2634000021499,82665.62999999587,173.8849252013809
1781969125,1000,GET,/auth/me,22.800000,0.000000,4900,5600,6700,7000,7900,8300,8500,8700,8900,8900,8900,922,0,8700,20547.248839479245,1782.9517999998643,81189.83650000155,332.0704989154013
1781969125,1000,POST,/auth/update-profile,8.300000,0.000000,6000,6500,6700,7100,7500,8400,8800,8900,9000,9000,9000,388,0,9700,20804.830408762864,1926.4559000002919,81872.38290000096,72.0
1781969125,1000,GET,/config,1.400000,0.000000,2300,2700,3100,3400,3500,4900,4900,4900,4900,4900,4900,79,0,5200,13281.550655696841,669.7742000033031,73344.70539999893,28.0
1781969125,1000,POST,/payment/create-order,10.300000,0.000000,7500,8500,9300,9500,11000,11000,15000,15000,15000,15000,15000,397,0,12000,24687.06637430734,3553.6789999969187,83919.04849999992,174.9874055415617
1781969125,1000,POST,/predict/colleges [auth],13.300000,13.300000,8000,9400,9800,10000,12000,13000,13000,14000,14000,14000,14000,433,345,12000,22428.05607967682,3053.156599999056,85380.03029999527,517.9214780600462
1781969125,1000,POST,/predict/colleges [guest],8.000000,8.000000,7500,8600,9200,9500,11000,12000,13000,14000,14000,14000,14000,379,232,16000,29248.148031398527,3028.152599996247,89124.75689999701,952.9815303430079
1781969125,1000,POST,/predict/colleges [premium],23.000000,23.000000,7800,8900,10000,11000,11000,13000,14000,15000,15000,15000,15000,919,687,13000,24811.42906496196,3024.4686999940313,83509.14919999923,186.10990206746465
1781969125,1000,GET,/predict/colleges-list,1.000000,0.000000,2300,2600,3200,3200,4100,5000,5000,5000,5000,5000,5000,76,0,6400,18499.642755262794,452.07429999572923,74415.22650000115,102062.0
1781969125,1000,POST,/predict/rank [auth],1.300000,0.000000,1400,1900,2100,2400,3100,4200,5100,5100,5100,5100,5100,77,0,4800,10766.47800649337,706.6884999949252,72335.49979999952,123.58441558441558
1781969125,1000,POST,/predict/rank [guest],2.400000,0.000000,1800,2700,3500,3600,4100,4700,5000,5000,5000,5000,5000,147,0,8200,13694.534925169979,592.3890999983996,74563.43580000248,123.24489795918367
1781969125,1000,,Aggregated,91.800000,44.300000,6700,7600,8500,9000,11000,11000,13000,14000,15000,15000,15000,4686,1264,13000,26611.272443213853,452.07429999572923,89124.75689999701,1941.4667093469911
1781969126,1000,POST,/auth/login [setup],0.000000,0.000000,0,0,0,0,0,0,0,0,0,0,0,869,0,45000,44864.65960978133,1130.2634000021499,82665.62999999587,173.8849252013809
1781969126,1000,GET,/auth/me,27.900000,0.000000,4400,5100,5400,5500,6300,6700,7800,7900,8900,8900,8900,932,0,8600,20362.295484441922,1782.9517999998643,81189.83650000155,332.04935622317595
1781969126,1000,POST,/auth/update-profile,10.600000,0.000000,5800,6300,6600,6700,7200,7500,7600,7700,9000,9000,9000,389,0,9700,20762.08624267349,1926.4559000002919,81872.38290000096,72.0
1781969126,1000,GET,/config,1.400000,0.000000,2300,2700,3100,3400,3500,4900,4900,4900,4900,4900,4900,79,0,5200,13281.550655696841,669.7742000033031,73344.70539999893,28.0
1781969126,1000,POST,/payment/create-order,10.900000,0.000000,7000,7700,8300,8600,9600,11000,15000,15000,15000,15000,15000,409,0,12000,24113.65283471888,3553.6789999969187,83919.04849999992,174.9315403422983
1781969126,1000,POST,/predict/colleges [auth],13.400000,13.400000,8000,9400,9800,10000,12000,13000,13000,14000,14000,14000,14000,433,345,12000,22428.05607967682,3053.156599999056,85380.03029999527,517.9214780600462
1781969126,1000,POST,/predict/colleges [guest],8.000000,8.000000,7500,8600,9200,9500,11000,12000,13000,14000,14000,14000,14000,379,232,16000,29248.148031398527,3028.152599996247,89124.75689999701,952.9815303430079
1781969126,1000,POST,/predict/colleges [premium],23.300000,23.300000,7800,8900,10000,11000,11000,13000,14000,14000,15000,15000,15000,919,687,13000,24811.42906496196,3024.4686999940313,83509.14919999923,186.10990206746465
1781969126,1000,GET,/predict/colleges-list,1.100000,0.000000,2300,2600,3200,3200,4100,5000,5000,5000,5000,5000,5000,76,0,6400,18499.642755262794,452.07429999572923,74415.22650000115,102062.0
1781969126,1000,POST,/predict/rank [auth],1.300000,0.000000,1400,1900,2100,2400,3100,4200,5100,5100,5100,5100,5100,77,0,4800,10766.47800649337,706.6884999949252,72335.49979999952,123.58441558441558
1781969126,1000,POST,/predict/rank [guest],2.500000,0.000000,1800,2700,3500,3600,4100,4700,5000,5000,5000,5000,5000,147,0,8200,13694.534925169979,592.3890999983996,74563.43580000248,123.24489795918367
1781969126,1000,,Aggregated,100.400000,44.700000,6400,7400,8300,8900,11000,12000,13000,14000,15000,15000,15000,4709,1264,13000,26502.31782522832,452.07429999572923,89124.75689999701,1933.1414313017626
1781969127,1000,POST,/auth/login [setup],0.000000,0.000000,0,0,0,0,0,0,0,0,0,0,0,869,0,45000,44864.65960978133,1130.2634000021499,82665.62999999587,173.8849252013809
1781969127,1000,GET,/auth/me,28.800000,0.000000,4100,4400,4700,5100,5400,5600,6100,6200,6800,6800,6800,949,0,8500,20062.198794098895,1782.9517999998643,81189.83650000155,332.013698630137
1781969127,1000,POST,/auth/update-profile,12.100000,0.000000,5600,6300,6500,6600,7100,7200,7400,7600,7700,7700,7700,392,0,9700,20634.302864540798,1926.4559000002919,81872.38290000096,72.0
1781969127,1000,GET,/config,1.500000,0.000000,2300,2700,3100,3400,3500,4900,4900,4900,4900,4900,4900,79,0,5200,13281.550655696841,669.7742000033031,73344.70539999893,28.0
1781969127,1000,POST,/payment/create-order,12.500000,0.000000,6700,7000,7500,7700,8400,8600,9600,9800,9900,9900,9900,417,0,11000,23740.23995803364,3553.6789999969187,83919.04849999992,174.89688249400479
1781969127,1000,POST,/predict/colleges [auth],18.000000,18.000000,8000,9400,9800,10000,12000,12000,13000,14000,14000,14000,14000,434,346,12000,22387.402688248985,3053.156599999056,85380.03029999527,516.831797235023
1781969127,1000,POST,/predict/colleges [guest],11.700000,11.700000,7500,8600,9200,9500,11000,12000,13000,14000,14000,14000,14000,380,233,16000,29183.30870473695,3028.152599996247,89124.75689999701,950.5921052631579
1781969127,1000,POST,/predict/colleges [premium],31.100000,31.100000,7800,8900,10000,11000,11000,13000,14000,14000,15000,15000,15000,919,687,13000,24811.42906496196,3024.4686999940313,83509.14919999923,186.10990206746465
1781969127,1000,GET,/predict/colleges-list,1.600000,0.000000,2300,2600,3200,3200,4100,5000,5000,5000,5000,5000,5000,76,0,6400,18499.642755262794,452.07429999572923,74415.22650000115,102062.0
1781969127,1000,POST,/predict/rank [auth],2.200000,0.000000,1400,1900,2100,2400,3100,4200,5100,5100,5100,5100,5100,77,0,4800,10766.47800649337,706.6884999949252,72335.49979999952,123.58441558441558
1781969127,1000,POST,/predict/rank [guest],3.500000,0.000000,1800,2700,3500,3600,4100,4700,5000,5000,5000,5000,5000,147,0,8200,13694.534925169979,592.3890999983996,74563.43580000248,123.24489795918367
1781969127,1000,,Aggregated,123.000000,60.800000,5600,6500,7000,7300,8600,9800,11000,11000,11000,11000,11000,4739,1266,13000,26359.900151677604,452.07429999572923,89124.75689999701,1922.4446085672082
1781969128,1000,POST,/auth/login [setup],0.000000,0.000000,0,0,0,0,0,0,0,0,0,0,0,869,0,45000,44864.65960978133,1130.2634000021499,82665.62999999587,173.8849252013809
1781969128,1000,GET,/auth/me,29.400000,0.000000,3900,4300,4600,4800,5400,5500,5900,6100,6800,6800,6800,984,0,8400,19484.74087428847,1782.9517999998643,81189.83650000155,331.9532520325203
1781969128,1000,POST,/auth/update-profile,12.400000,0.000000,5500,6200,6400,6600,7000,7200,7400,7600,7700,7700,7700,404,0,9400,20148.69174579207,1926.4559000002919,81872.38290000096,72.0
1781969128,1000,GET,/config,1.500000,0.000000,2700,3100,3400,3500,3500,4900,4900,4900,4900,4900,4900,83,0,4900,12799.990346988456,669.7742000033031,73344.70539999893,28.0
1781969128,1000,POST,/payment/create-order,13.400000,0.000000,6400,6700,7000,7100,7600,7900,8500,8500,8600,8600,8600,432,0,11000,23099.743078935262,3553.6789999969187,83919.04849999992,174.84953703703704
1781969128,1000,POST,/predict/colleges [auth],18.000000,18.000000,7300,8700,9600,9900,12000,12000,13000,13000,14000,14000,14000,468,380,12000,21127.273173504407,3053.156599999056,85380.03029999527,482.5534188034188
1781969128,1000,POST,/predict/colleges [guest],11.700000,11.700000,7300,8500,9200,9400,11000,12000,13000,14000,14000,14000,14000,390,243,16000,28569.705426410357,3028.152599996247,89124.75689999701,927.3717948717949
1781969128,1000,POST,/predict/colleges [premium],31.100000,31.100000,7200,8400,9400,10000,11000,13000,14000,14000,15000,15000,15000,978,746,12000,23618.01122709616,3024.4686999940313,83509.14919999923,177.59713701431494
1781969128,1000,GET,/predict/colleges-list,1.600000,0.000000,2100,2500,3200,3200,4100,5000,5000,5000,5000,5000,5000,79,0,5700,17839.531658227537,452.07429999572923,74415.22650000115,102062.0
1781969128,1000,POST,/predict/rank [auth],2.200000,0.000000,1600,1900,2400,2800,3300,4200,5100,5100,5100,5100,5100,89,0,3700,9580.579340449498,617.8264999980456,72335.49979999952,123.47191011235955
1781969128,1000,POST,/predict/rank [guest],3.600000,0.000000,2100,3000,3400,3500,4000,4700,5000,5000,5000,5000,5000,159,0,6200,12827.865184276645,592.3890999983996,74563.43580000248,123.32075471698113
1781969128,1000,,Aggregated,124.900000,60.800000,5300,6100,6700,7000,8100,9400,11000,11000,11000,11000,11000,4935,1369,12000,25485.658148652517,452.07429999572923,89124.75689999701,1912.743667679838
1781969129,1000,POST,/auth/login [setup],0.000000,0.000000,0,0,0,0,0,0,0,0,0,0,0,869,0,45000,44864.65960978133,1130.2634000021499,82665.62999999587,173.8849252013809
1781969129,1000,GET,/auth/me,29.400000,0.000000,3700,4100,4400,4700,5400,5500,5800,6000,6800,6800,6800,1011,0,8300,19045.167851038437,1782.9517999998643,81189.83650000155,331.9080118694362
1781969129,1000,POST,/auth/update-profile,12.400000,0.000000,5000,5800,6300,6500,7000,7100,7400,7600,7700,7700,7700,418,0,9300,19593.13515167462,1926.4559000002919,81872.38290000096,72.0
1781969129,1000,GET,/config,1.500000,0.000000,3100,3200,3500,3500,4900,4900,4900,4900,4900,4900,4900,83,0,4900,12799.990346988456,669.7742000033031,73344.70539999893,28.0
1781969129,1000,POST,/payment/create-order,13.400000,0.000000,6000,6600,6800,6800,7200,7500,7700,7900,8000,8000,8000,440,0,11000,22769.108383409162,3553.6789999969187,83919.04849999992,174.82045454545454
1781969129,1000,POST,/predict/colleges [auth],18.000000,18.000000,6000,7000,7800,8600,9700,10000,10000,11000,11000,11000,11000,469,381,12000,21090.887951599278,3053.156599999056,85380.03029999527,481.6204690831556
1781969129,1000,POST,/predict/colleges [guest],11.700000,11.700000,6100,6700,7300,7500,9000,9200,9500,9500,9500,9500,9500,392,245,15000,28444.587329336842,3028.152599996247,89124.75689999701,922.8698979591836
1781969129,1000,POST,/predict/colleges [premium],31.100000,31.100000,6100,7000,7500,8000,10000,11000,11000,11000,11000,11000,11000,979,747,12000,23598.010180081765,3024.4686999940313,83509.14919999923,177.46169560776303
1781969129,1000,GET,/predict/colleges-list,1.600000,0.000000,2000,2200,2500,2600,3200,5000,5000,5000,5000,5000,5000,79,0,5700,17839.531658227537,452.07429999572923,74415.22650000115,102062.0
1781969129,1000,POST,/predict/rank [auth],2.200000,0.000000,1600,1900,2100,2100,3100,3300,3400,3400,3400,3400,3400,89,0,3700,9580.579340449498,617.8264999980456,72335.49979999952,123.47191011235955
1781969129,1000,POST,/predict/rank [guest],3.600000,0.000000,1600,2300,3300,3400,4100,4700,5000,5000,5000,5000,5000,159,0,6200,12827.865184276645,592.3890999983996,74563.43580000248,123.32075471698113
1781969129,1000,,Aggregated,124.900000,60.800000,5100,6000,6600,6900,8000,9400,11000,11000,11000,11000,11000,4988,1373,12000,25252.360275561387,452.07429999572923,89124.75689999701,1894.72353648757
1781969130,1000,POST,/auth/login [setup],0.000000,0.000000,0,0,0,0,0,0,0,0,0,0,0,869,0,45000,44864.65960978133,1130.2634000021499,82665.62999999587,173.8849252013809
1781969130,1000,GET,/auth/me,21.300000,0.000000,3500,3800,4200,4800,5400,5500,5900,6200,6800,6800,6800,1016,0,8300,18971.1009728345,1782.9517999998643,81189.83650000155,331.8976377952756
1781969130,1000,POST,/auth/update-profile,10.800000,0.000000,4800,5700,6200,6400,7000,7100,7300,7600,7700,7700,7700,423,0,9200,19414.679583924313,1926.4559000002919,81872.38290000096,72.0
1781969130,1000,GET,/config,0.600000,0.000000,3100,3200,3500,3500,4900,4900,4900,4900,4900,4900,4900,83,0,4900,12799.990346988456,669.7742000033031,73344.70539999893,28.0
1781969130,1000,POST,/payment/create-order,11.200000,0.000000,5900,6600,6700,6800,7100,7500,7700,7900,8000,8000,8000,447,0,11000,22504.13295145422,3553.6789999969187,83919.04849999992,174.79642058165547
1781969130,1000,POST,/predict/colleges [auth],11.800000,11.800000,6000,7000,7800,8600,9700,10000,10000,11000,11000,11000,11000,469,381,12000,21090.887951599278,3053.156599999056,85380.03029999527,481.6204690831556
1781969130,1000,POST,/predict/colleges [guest],7.100000,7.100000,6100,6700,7300,7500,9000,9200,9500,9500,9500,9500,9500,392,245,15000,28444.587329336842,3028.152599996247,89124.75689999701,922.8698979591836
1781969130,1000,POST,/predict/colleges [premium],19.700000,19.700000,6100,7000,7500,8000,10000,11000,11000,11000,11000,11000,11000,979,747,12000,23598.010180081765,3024.4686999940313,83509.14919999923,177.46169560776303
1781969130,1000,GET,/predict/colleges-list,1.000000,0.000000,2000,2200,2500,2600,3200,5000,5000,5000,5000,5000,5000,79,0,5700,17839.531658227537,452.07429999572923,74415.22650000115,102062.0
1781969130,1000,POST,/predict/rank [auth],1.500000,0.000000,1600,1900,2100,2100,3100,3300,3400,3400,3400,3400,3400,89,0,3700,9580.579340449498,617.8264999980456,72335.49979999952,123.47191011235955
1781969130,1000,POST,/predict/rank [guest],2.400000,0.000000,1600,2300,3300,3400,4100,4700,5000,5000,5000,5000,5000,159,0,6200,12827.865184276645,592.3890999983996,74563.43580000248,123.32075471698113
1781969130,1000,,Aggregated,87.400000,38.600000,5100,6000,6600,6900,8100,9400,11000,11000,11000,11000,11000,5005,1373,12000,25183.24988145858,452.07429999572923,89124.75689999701,1888.9316683316683
1781969131,1000,POST,/auth/login [setup],0.000000,0.000000,0,0,0,0,0,0,0,0,0,0,0,869,0,45000,44864.65960978133,1130.2634000021499,82665.62999999587,173.8849252013809
1781969131,1000,GET,/auth/me,23.800000,0.000000,3700,4100,4300,4600,5300,5500,5800,6000,6800,6800,6800,1043,0,8200,18591.89939223375,1782.9517999998643,81189.83650000155,331.8465963566635
1781969131,1000,POST,/auth/update-profile,12.700000,0.000000,4700,5500,5900,6200,6600,7100,7300,7600,7700,7700,7700,430,0,9100,19175.638569534836,1926.4559000002919,81872.38290000096,72.0
1781969131,1000,GET,/config,1.000000,0.000000,3100,3200,3500,3500,4900,4900,4900,4900,4900,4900,4900,83,0,4900,12799.990346988456,669.7742000033031,73344.70539999893,28.0
1781969131,1000,POST,/payment/create-order,12.000000,0.000000,5900,6500,6700,6700,7100,7500,7600,7700,7900,7900,7900,459,0,11000,22076.013547058916,3553.6789999969187,83919.04849999992,174.75816993464053
1781969131,1000,POST,/predict/colleges [auth],15.300000,15.300000,6000,7000,7800,8600,9700,10000,10000,11000,11000,11000,11000,471,383,12000,21028.890407643452,3053.156599999056,85380.03029999527,479.7664543524416
1781969131,1000,POST,/predict/colleges [guest],8.300000,8.300000,6100,6700,7300,7500,9000,9200,9500,9500,9500,9500,9500,393,246,15000,28389.13014631053,3028.152599996247,89124.75689999701,920.6361323155216
1781969131,1000,POST,/predict/colleges [premium],25.700000,25.700000,6100,7000,7500,8000,10000,11000,11000,11000,11000,11000,11000,979,747,12000,23598.010180081765,3024.4686999940313,83509.14919999923,177.46169560776303
1781969131,1000,GET,/predict/colleges-list,1.300000,0.000000,2000,2200,2500,2600,3200,5000,5000,5000,5000,5000,5000,79,0,5700,17839.531658227537,452.07429999572923,74415.22650000115,102062.0
1781969131,1000,POST,/predict/rank [auth],2.700000,0.000000,1600,1900,2100,2500,3100,3300,3400,3400,3400,3400,3400,90,0,3700,9508.550371111132,617.8264999980456,72335.49979999952,123.5
1781969131,1000,POST,/predict/rank [guest],3.600000,0.000000,1600,2600,3000,3400,4100,4700,5000,5000,5000,5000,5000,160,0,6200,12766.539145624936,592.3890999983996,74563.43580000248,123.31875
1781969131,1000,,Aggregated,106.400000,49.300000,5000,6000,6500,6800,8000,9400,11000,11000,11000,11000,11000,5056,1376,12000,24978.496946657466,452.07429999572923,89124.75689999701,1872.2268591772151
1781969132,1000,POST,/auth/login [setup],0.000000,0.000000,0,0,0,0,0,0,0,0,0,0,0,869,0,45000,44864.65960978133,1130.2634000021499,82665.62999999587,173.8849252013809
1781969132,1000,GET,/auth/me,22.800000,0.000000,3500,3800,4000,4200,4400,4600,5200,5500,6800,6800,6800,1045,0,8200,18565.0579662199,1782.9517999998643,81189.83650000155,331.844019138756
1781969132,1000,POST,/auth/update-profile,12.700000,0.000000,3900,4400,4800,4900,5800,6000,7200,7600,7600,7600,7600,433,0,9000,19077.605224480318,1926.4559000002919,81872.38290000096,72.0
1781969132,1000,GET,/config,1.000000,0.000000,3100,3200,3500,3500,4900,4900,4900,4900,4900,4900,4900,83,0,4900,12799.990346988456,669.7742000033031,73344.70539999893,28.0
1781969132,1000,POST,/payment/create-order,10.700000,0.000000,5700,6300,6600,6600,7000,7500,7600,7700,7900,7900,7900,468,0,11000,21773.31341132489,3553.6789999969187,83919.04849999992,174.73076923076923
1781969132,1000,POST,/predict/colleges [auth],15.300000,15.300000,4800,5300,5500,5700,6300,6500,7300,7300,7300,7300,7300,471,383,12000,21028.890407643452,3053.156599999056,85380.03029999527,479.7664543524416
1781969132,1000,POST,/predict/colleges [guest],8.300000,8.300000,6100,6700,7300,7500,9000,9200,9500,9500,9500,9500,9500,393,246,15000,28389.13014631053,3028.152599996247,89124.75689999701,920.6361323155216
1781969132,1000,POST,/predict/colleges [premium],25.700000,25.700000,5000,5800,6000,6100,7000,7100,7400,7500,7500,7500,7500,979,747,12000,23598.010180081765,3024.4686999940313,83509.14919999923,177.46169560776303
1781969132,1000,GET,/predict/colleges-list,1.300000,0.000000,1600,2000,2100,2200,3200,3200,3200,3200,3200,3200,3200,79,0,5700,17839.531658227537,452.07429999572923,74415.22650000115,102062.0
1781969132,1000,POST,/predict/rank [auth],2.700000,0.000000,1600,1900,2100,2500,3100,3300,3400,3400,3400,3400,3400,90,0,3700,9508.550371111132,617.8264999980456,72335.49979999952,123.5
1781969132,1000,POST,/predict/rank [guest],3.600000,0.000000,1600,2100,2600,3000,3300,3400,3400,3400,3400,3400,3400,160,0,6200,12766.539145624936,592.3890999983996,74563.43580000248,123.31875
1781969132,1000,,Aggregated,104.100000,49.300000,4200,4900,5300,5700,6400,6900,7300,7500,7900,7900,7900,5070,1376,12000,24925.545168954664,452.07429999572923,89124.75689999701,1867.5376725838264
1781969133,1000,POST,/auth/login [setup],0.000000,0.000000,0,0,0,0,0,0,0,0,0,0,0,869,0,45000,44864.65960978133,1130.2634000021499,82665.62999999587,173.8849252013809
1781969133,1000,GET,/auth/me,20.000000,0.000000,3700,4000,4200,4300,4600,5000,5900,6000,6800,6800,6800,1053,0,8100,18464.921639126114,1782.9517999998643,81189.83650000155,331.8309591642925
1781969133,1000,POST,/auth/update-profile,12.500000,0.000000,4200,4700,4800,4900,5900,6200,6400,7200,7200,7200,7200,436,0,9000,18987.274211697193,1926.4559000002919,81872.38290000096,72.0
1781969133,1000,GET,/config,1.000000,0.000000,3200,3500,3500,3500,3500,3500,3500,3500,3500,3500,3500,83,0,4900,12799.990346988456,669.7742000033031,73344.70539999893,28.0
1781969133,1000,POST,/payment/create-order,10.600000,0.000000,5700,6200,6500,6600,7000,7500,7600,7700,7900,7900,7900,478,0,11000,21456.792067154875,3553.6789999969187,83919.04849999992,174.70083682008368
1781969133,1000,POST,/predict/colleges [auth],15.300000,15.300000,4800,5300,5500,5700,6200,6500,7300,7300,7300,7300,7300,471,383,12000,21028.890407643452,3053.156599999056,85380.03029999527,479.7664543524416
1781969133,1000,POST,/predict/colleges [guest],8.300000,8.300000,5300,5800,6100,6100,6600,7100,7100,7400,7400,7400,7400,393,246,15000,28389.13014631053,3028.152599996247,89124.75689999701,920.6361323155216
1781969133,1000,POST,/predict/colleges [premium],25.700000,25.700000,5000,5800,6000,6100,7000,7100,7400,7500,7500,7500,7500,979,747,12000,23598.010180081765,3024.4686999940313,83509.14919999923,177.46169560776303
1781969133,1000,GET,/predict/colleges-list,1.300000,0.000000,1600,2000,2100,2100,2200,2200,2200,2200,2200,2200,2200,79,0,5700,17839.531658227537,452.07429999572923,74415.22650000115,102062.0
1781969133,1000,POST,/predict/rank [auth],2.700000,0.000000,1600,1800,2100,2500,3100,3300,3400,3400,3400,3400,3400,90,0,3700,9508.550371111132,617.8264999980456,72335.49979999952,123.5
1781969133,1000,POST,/predict/rank [guest],3.700000,0.000000,1600,2100,3000,3000,3300,3400,3400,3400,3400,3400,3400,160,0,6200,12766.539145624936,592.3890999983996,74563.43580000248,123.31875
1781969133,1000,,Aggregated,101.100000,49.300000,4400,5000,5500,5800,6400,7000,7300,7500,7900,7900,7900,5091,1376,12000,24847.746089884135,452.07429999572923,89124.75689999701,1860.7358082891376
1781969134,1000,POST,/auth/login [setup],0.000000,0.000000,0,0,0,0,0,0,0,0,0,0,0,869,0,45000,44864.65960978133,1130.2634000021499,82665.62999999587,173.8849252013809
1781969134,1000,GET,/auth/me,22.500000,0.000000,4000,4400,5400,5800,6100,6300,6500,6500,6500,6500,6500,1093,0,8000,18010.35475224137,1782.9517999998643,81189.83650000155,331.78774016468435
1781969134,1000,POST,/auth/update-profile,12.700000,0.000000,4700,5000,6000,6200,6400,6700,6700,6800,6800,6800,6800,452,0,8700,18541.052231637113,1926.4559000002919,81872.38290000096,72.0
1781969134,1000,GET,/config,1.000000,0.000000,3300,3500,3800,3900,4700,5500,5500,5500,5500,5500,5500,95,0,4200,11593.13911894769,669.7742000033031,73344.70539999893,28.0
1781969134,1000,POST,/payment/create-order,11.000000,0.000000,5800,6400,6600,6700,7000,7400,7500,7500,7500,7500,7500,489,0,11000,21130.58291002053,3553.6789999969187,83919.04849999992,174.67484662576686
1781969134,1000,POST,/predict/colleges [auth],15.500000,15.500000,5900,7100,7600,7900,8200,8800,9000,9000,9200,9200,9200,532,444,11000,19507.295917293428,3053.156599999056,85380.03029999527,429.91541353383457
1781969134,1000,POST,/predict/colleges [guest],8.400000,8.400000,6100,6900,7500,7700,8800,9000,9200,9300,9300,9300,9300,421,274,14000,27028.59890285046,3028.152599996247,89124.75689999701,862.3990498812351
1781969134,1000,POST,/predict/colleges [premium],25.700000,25.700000,6100,7100,7300,7700,8500,9200,9400,9400,9400,9400,9400,1060,828,12000,22391.826516132132,3024.4686999940313,83509.14919999923,167.33962264150944
1781969134,1000,GET,/predict/colleges-list,1.300000,0.000000,2100,2300,3100,3600,4200,5200,5200,5200,5200,5200,5200,85,0,5200,16810.539754117355,452.07429999572923,74415.22650000115,102062.0
1781969134,1000,POST,/predict/rank [auth],2.800000,0.000000,1600,2200,2500,3100,3400,4600,6000,6000,6000,6000,6000,97,0,3400,9034.26013711353,617.8264999980456,72335.49979999952,123.55670103092784
1781969134,1000,POST,/predict/rank [guest],3.700000,0.000000,3200,4300,4400,5200,5400,5700,5800,5800,5800,5800,5800,183,0,5300,11663.326189617395,592.3890999983996,74563.43580000248,123.37704918032787
1781969134,1000,,Aggregated,104.600000,49.600000,5300,6200,6700,7100,8000,8600,9200,9400,9400,9400,9400,5376,1546,11000,23887.524421763414,452.07429999572923,89124.75689999701,1881.2068452380952
1781969135,1000,POST,/auth/login [setup],0.000000,0.000000,0,0,0,0,0,0,0,0,0,0,0,869,0,45000,44864.65960978133,1130.2634000021499,82665.62999999587,173.8849252013809
1781969135,1000,GET,/auth/me,19.900000,0.000000,4300,5100,5600,5800,6200,6300,6500,6600,6600,6600,6600,1113,0,7900,17786.388678077114,1782.9517999998643,81189.83650000155,331.77538185085353
1781969135,1000,POST,/auth/update-profile,9.100000,0.000000,4800,5800,6100,6300,6400,6700,6800,6800,6800,6800,6800,459,0,8400,18351.70460806091,1926.4559000002919,81872.38290000096,72.0
1781969135,1000,GET,/config,0.500000,0.000000,3300,3500,3800,3900,4700,5500,5500,5500,5500,5500,5500,95,0,4200,11593.13911894769,669.7742000033031,73344.70539999893,28.0
1781969135,1000,POST,/payment/create-order,10.600000,0.000000,5900,6500,6700,6800,7100,7400,7900,8000,8000,8000,8000,494,0,11000,20993.222802226806,3553.6789999969187,83919.04849999992,174.66396761133603
1781969135,1000,POST,/predict/colleges [auth],8.500000,8.500000,7000,7700,8000,8100,8500,8800,9000,9200,9200,9200,9200,532,444,11000,19507.295917293428,3053.156599999056,85380.03029999527,429.91541353383457
1781969135,1000,POST,/predict/colleges [guest],5.100000,5.100000,7400,7800,8200,8600,8900,9000,9300,9300,9300,9300,9300,421,274,14000,27028.59890285046,3028.152599996247,89124.75689999701,862.3990498812351
1781969135,1000,POST,/predict/colleges [premium],14.100000,14.100000,6100,7100,7300,7700,8500,9200,9400,9400,9400,9400,9400,1061,829,12000,22376.959190763493,3024.4686999940313,83509.14919999923,167.2243166823751
1781969135,1000,GET,/predict/colleges-list,0.900000,0.000000,2100,2300,3100,3600,4200,5200,5200,5200,5200,5200,5200,85,0,5200,16810.539754117355,452.07429999572923,74415.22650000115,102062.0
1781969135,1000,POST,/predict/rank [auth],2.200000,0.000000,1600,2200,2500,3100,3400,4600,6000,6000,6000,6000,6000,97,0,3400,9034.26013711353,617.8264999980456,72335.49979999952,123.55670103092784
1781969135,1000,POST,/predict/rank [guest],2.500000,0.000000,3200,4300,4400,5200,5400,5700,5800,5800,5800,5800,5800,183,0,5300,11663.326189617395,592.3890999983996,74563.43580000248,123.37704918032787
1781969135,1000,,Aggregated,73.400000,27.700000,5400,6200,6700,7100,8000,8600,9200,9300,9400,9400,9400,5409,1547,11000,23778.435120706257,452.07429999572923,89124.75689999701,1871.2159364022925
1781969136,1000,POST,/auth/login [setup],0.000000,0.000000,0,0,0,0,0,0,0,0,0,0,0,869,0,45000,44864.65960978133,1130.2634000021499,82665.62999999587,173.8849252013809
1781969136,1000,GET,/auth/me,14.600000,0.000000,4300,5300,5700,5900,6200,6500,6600,7800,8000,8000,8000,1115,0,7900,17768.614761076078,1782.9517999998643,81189.83650000155,331.7713004484305
1781969136,1000,POST,/auth/update-profile,6.700000,0.000000,4900,6000,6200,6300,6700,6700,6800,7600,7600,7600,7600,461,0,8400,18302.134204338312,1926.4559000002919,81872.38290000096,72.0
1781969136,1000,GET,/config,0.500000,0.000000,3400,3500,3900,3900,4700,5500,5500,5500,5500,5500,5500,95,0,4200,11593.13911894769,669.7742000033031,73344.70539999893,28.0
1781969136,1000,POST,/payment/create-order,10.100000,0.000000,6100,6700,6900,6900,7500,8000,8700,8700,8700,8700,8700,499,0,11000,20867.12632905821,3553.6789999969187,83919.04849999992,174.6492985971944
1781969136,1000,POST,/predict/colleges [auth],8.400000,8.400000,7000,7700,8000,8100,8500,8800,9000,9200,9200,9200,9200,532,444,11000,19507.295917293428,3053.156599999056,85380.03029999527,429.91541353383457
1781969136,1000,POST,/predict/colleges [guest],5.100000,5.100000,7400,7800,8200,8600,8900,9000,9300,9300,9300,9300,9300,421,274,14000,27028.59890285046,3028.152599996247,89124.75689999701,862.3990498812351
1781969136,1000,POST,/predict/colleges [premium],13.800000,13.800000,6700,7400,7800,8200,9000,9300,9400,9400,9400,9400,9400,1062,830,11000,22363.620898964284,3024.4686999940313,83509.14919999923,167.10922787193974
1781969136,1000,GET,/predict/colleges-list,0.800000,0.000000,2300,3100,3600,4200,5200,5200,5200,5200,5200,5200,5200,85,0,5200,16810.539754117355,452.07429999572923,74415.22650000115,102062.0
1781969136,1000,POST,/predict/rank [auth],2.200000,0.000000,2200,3000,3300,3400,4600,6000,6000,6000,6000,6000,6000,97,0,3400,9034.26013711353,617.8264999980456,72335.49979999952,123.55670103092784
1781969136,1000,POST,/predict/rank [guest],2.400000,0.000000,3300,4300,4800,5200,5400,5700,5800,5800,5800,5800,5800,183,0,5300,11663.326189617395,592.3890999983996,74563.43580000248,123.37704918032787
1781969136,1000,,Aggregated,64.600000,27.300000,5500,6300,6800,7100,8000,8700,9200,9400,9400,9400,9400,5419,1548,11000,23749.29277506923,452.07429999572923,89124.75689999701,1868.079165897767
1781969137,1000,POST,/auth/login [setup],0.000000,0.000000,0,0,0,0,0,0,0,0,0,0,0,869,0,45000,44864.65960978133,1130.2634000021499,82665.62999999587,173.8849252013809
1781969137,1000,GET,/auth/me,19.200000,0.000000,4500,5500,5800,6000,6300,6500,7000,7800,8000,8000,8000,1118,0,7900,17739.934612879995,1782.9517999998643,81189.83650000155,331.7745974955277
1781969137,1000,POST,/auth/update-profile,7.400000,0.000000,5000,6000,6300,6300,6700,7600,7800,8600,8600,8600,8600,464,0,8400,18235.88942995682,1926.4559000002919,81872.38290000096,72.0
1781969137,1000,GET,/config,1.600000,0.000000,3400,3500,3900,3900,4700,5500,5500,5500,5500,5500,5500,95,0,4200,11593.13911894769,669.7742000033031,73344.70539999893,28.0
1781969137,1000,POST,/payment/create-order,9.700000,0.000000,6500,6900,7100,7500,8500,8800,9000,9000,9000,9000,9000,508,0,11000,20652.475672834717,3553.6789999969187,83919.04849999992,174.63188976377953
1781969137,1000,POST,/predict/colleges [auth],9.900000,9.900000,7100,7700,8000,8100,8500,8800,9000,9200,9200,9200,9200,532,444,11000,19507.295917293428,3053.156599999056,85380.03029999527,429.91541353383457
1781969137,1000,POST,/predict/colleges [guest],4.200000,4.200000,7400,7900,8200,8600,8900,9000,9300,9300,9300,9300,9300,421,274,14000,27028.59890285046,3028.152599996247,89124.75689999701,862.3990498812351
1781969137,1000,POST,/predict/colleges [premium],14.200000,14.200000,6700,7400,7800,8200,9000,9300,9400,9400,9400,9400,9400,1062,830,11000,22363.620898964284,3024.4686999940313,83509.14919999923,167.10922787193974
1781969137,1000,GET,/predict/colleges-list,0.900000,0.000000,2300,3100,3600,4200,5200,5200,5200,5200,5200,5200,5200,85,0,5200,16810.539754117355,452.07429999572923,74415.22650000115,102062.0
1781969137,1000,POST,/predict/rank [auth],2.000000,0.000000,2200,3000,3300,3400,4600,6000,6000,6000,6000,6000,6000,97,0,3400,9034.26013711353,617.8264999980456,72335.49979999952,123.55670103092784
1781969137,1000,POST,/predict/rank [guest],3.700000,0.000000,3300,4300,4800,5200,5400,5700,5800,5800,5800,5800,5800,183,0,5300,11663.326189617395,592.3890999983996,74563.43580000248,123.37704918032787
1781969137,1000,,Aggregated,72.800000,28.300000,5600,6500,6900,7400,8200,8800,9200,9400,9400,9400,9400,5434,1548,11000,23706.586201251408,452.07429999572923,89124.75689999701,1863.4337504600662
1781969138,1000,POST,/auth/login [setup],0.000000,0.000000,0,0,0,0,0,0,0,0,0,0,0,869,0,45000,44864.65960978133,1130.2634000021499,82665.62999999587,173.8849252013809
1781969138,1000,GET,/auth/me,18.200000,0.000000,5900,6300,7400,7800,8100,8400,8500,8500,8600,8600,8600,1150,0,7900,17469.557554608553,1782.9517999998643,81189.83650000155,331.7278260869565
1781969138,1000,POST,/auth/update-profile,7.200000,0.000000,6400,7700,8000,8100,8500,8800,9000,9100,9100,9100,9100,487,0,8200,17763.585483778148,1926.4559000002919,81872.38290000096,72.0
1781969138,1000,GET,/config,1.600000,0.000000,3400,3800,3900,4300,4700,5500,5500,5500,5500,5500,5500,96,0,4200,11519.583131250261,669.7742000033031,73344.70539999893,28.0
1781969138,1000,POST,/payment/create-order,9.100000,0.000000,6900,7500,8400,8700,8900,9300,9800,10000,10000,10000,10000,516,0,11000,20477.144483527216,3553.6789999969187,83919.04849999992,174.61434108527132
1781969138,1000,POST,/predict/colleges [auth],9.900000,9.900000,7100,7700,8000,8100,8500,8800,9000,9200,9200,9200,9200,532,444,11000,19507.295917293428,3053.156599999056,85380.03029999527,429.91541353383457
1781969138,1000,POST,/predict/colleges [guest],4.200000,4.200000,7500,7900,8600,8800,9000,9200,11000,11000,11000,11000,11000,422,275,14000,26989.525912322388,3028.152599996247,89124.75689999701,860.4620853080569
1781969138,1000,POST,/predict/colleges [premium],14.200000,14.200000,6700,7500,7800,8200,9000,9400,9400,9400,9600,9600,9600,1063,831,11000,22351.644159360363,3024.4686999940313,83509.14919999923,166.99435559736594
1781969138,1000,GET,/predict/colleges-list,0.900000,0.000000,2300,3100,3600,4200,5200,5200,5200,5200,5200,5200,5200,85,0,5200,16810.539754117355,452.07429999572923,74415.22650000115,102062.0
1781969138,1000,POST,/predict/rank [auth],2.000000,0.000000,2200,3000,3300,3400,4600,6000,6000,6000,6000,6000,6000,97,0,3400,9034.26013711353,617.8264999980456,72335.49979999952,123.55670103092784
1781969138,1000,POST,/predict/rank [guest],3.600000,0.000000,3300,4300,4800,5200,5400,5700,5800,5800,5800,5800,5800,183,0,5300,11663.326189617395,592.3890999983996,74563.43580000248,123.37704918032787
1781969138,1000,,Aggregated,70.900000,28.300000,6800,7700,8000,8200,8700,9000,9400,9400,11000,11000,11000,5500,1550,11000,23521.30908416366,452.07429999572923,89124.75689999701,1843.568
1781969139,1000,POST,/auth/login [setup],0.000000,0.000000,0,0,0,0,0,0,0,0,0,0,0,869,0,45000,44864.65960978133,1130.2634000021499,82665.62999999587,173.8849252013809
1781969139,1000,GET,/auth/me,17.700000,0.000000,6200,6700,7200,7700,8100,8300,8500,9100,9100,9100,9100,1195,0,7800,17069.855225020794,1782.9517999998643,81189.83650000155,331.6686192468619
1781969139,1000,POST,/auth/update-profile,7.200000,0.000000,6800,7600,7900,8000,8400,8800,9000,9100,9100,9100,9100,511,0,8100,17267.78625107624,1926.4559000002919,81872.38290000096,72.0
1781969139,1000,GET,/config,1.600000,0.000000,3400,3800,3900,4300,4700,5500,5500,5500,5500,5500,5500,96,0,4200,11519.583131250261,669.7742000033031,73344.70539999893,28.0
1781969139,1000,POST,/payment/create-order,9.300000,0.000000,7300,8700,9000,9300,9700,9900,11000,11000,11000,11000,11000,532,0,11000,20156.511103571516,3553.6789999969187,83919.04849999992,174.5751879699248
1781969139,1000,POST,/predict/colleges [auth],9.800000,9.800000,7800,8000,8200,8500,8800,9000,11000,11000,11000,11000,11000,534,446,11000,19476.337728090097,3053.156599999056,85380.03029999527,428.4737827715356
1781969139,1000,POST,/predict/colleges [guest],4.100000,4.100000,7900,8600,8800,8900,9200,9300,11000,11000,11000,11000,11000,422,275,14000,26989.525912322388,3028.152599996247,89124.75689999701,860.4620853080569
1781969139,1000,POST,/predict/colleges [premium],14.300000,14.300000,6800,7500,8000,8200,9200,9400,11000,11000,11000,11000,11000,1066,834,11000,22320.389274202695,3024.4686999940313,83509.14919999923,166.65103189493433
1781969139,1000,GET,/predict/colleges-list,0.900000,0.000000,2300,3100,3600,4200,5200,5200,5200,5200,5200,5200,5200,85,0,5200,16810.539754117355,452.07429999572923,74415.22650000115,102062.0
1781969139,1000,POST,/predict/rank [auth],2.000000,0.000000,3100,3400,4600,4600,6000,6000,6000,6000,6000,6000,6000,97,0,3400,9034.26013711353,617.8264999980456,72335.49979999952,123.55670103092784
1781969139,1000,POST,/predict/rank [guest],3.600000,0.000000,4300,4800,5300,5300,5600,5700,5800,5800,5800,5800,5800,183,0,5300,11663.326189617395,592.3890999983996,74563.43580000248,123.37704918032787
1781969139,1000,,Aggregated,70.500000,28.200000,6900,7700,8000,8200,8900,9400,9800,11000,11000,11000,11000,5590,1555,11000,23266.893722719164,452.07429999572923,89124.75689999701,1817.3894454382826
1781969140,1000,POST,/auth/login [setup],0.000000,0.000000,0,0,0,0,0,0,0,0,0,0,0,869,0,45000,44864.65960978133,1130.2634000021499,82665.62999999587,173.8849252013809
1781969140,1000,GET,/auth/me,17.300000,0.000000,6200,6700,7200,7700,8100,8300,8500,9100,9100,9100,9100,1201,0,7700,17017.03391557022,1782.9517999998643,81189.83650000155,331.6602830974188
1781969140,1000,POST,/auth/update-profile,7.200000,0.000000,7100,7600,7900,8000,8400,8800,9000,9100,9100,9100,9100,512,0,8000,17247.94839531243,1926.4559000002919,81872.38290000096,72.0
1781969140,1000,GET,/config,1.600000,0.000000,3400,3800,3900,4300,4700,5500,5500,5500,5500,5500,5500,96,0,4200,11519.583131250261,669.7742000033031,73344.70539999893,28.0
1781969140,1000,POST,/payment/create-order,9.200000,0.000000,8000,8900,9400,9600,9800,10000,11000,11000,11000,11000,11000,541,0,11000,19982.620158040776,3553.6789999969187,83919.04849999992,174.55268022181147
1781969140,1000,POST,/predict/colleges [auth],9.800000,9.800000,7800,8100,8200,8500,9000,11000,12000,12000,12000,12000,12000,536,448,11000,19449.424703731544,3053.156599999056,85380.03029999527,427.0429104477612
1781969140,1000,POST,/predict/colleges [guest],4.100000,4.100000,8100,8800,8900,9000,11000,12000,12000,12000,12000,12000,12000,425,278,14000,26885.943606588364,3028.152599996247,89124.75689999701,854.7058823529412
1781969140,1000,POST,/predict/colleges [premium],14.400000,14.400000,6900,7700,8100,8400,9300,9600,12000,12000,12000,12000,12000,1070,838,11000,22282.808625981368,3024.4686999940313,83509.14919999923,166.19626168224298
1781969140,1000,GET,/predict/colleges-list,0.900000,0.000000,2300,3100,3600,4200,5200,5200,5200,5200,5200,5200,5200,85,0,5200,16810.539754117355,452.07429999572923,74415.22650000115,102062.0
1781969140,1000,POST,/predict/rank [auth],2.000000,0.000000,3100,3400,4600,4600,6000,6000,6000,6000,6000,6000,6000,97,0,3400,9034.26013711353,617.8264999980456,72335.49979999952,123.55670103092784
1781969140,1000,POST,/predict/rank [guest],3.600000,0.000000,4300,4800,5300,5300,5600,5700,5800,5800,5800,5800,5800,183,0,5300,11663.326189617395,592.3890999983996,74563.43580000248,123.37704918032787
1781969140,1000,,Aggregated,70.100000,28.300000,7000,7800,8100,8400,9100,9700,11000,12000,12000,12000,12000,5615,1564,11000,23206.750615654524,452.07429999572923,89124.75689999701,1810.0130008904719
1781969141,1000,POST,/auth/login [setup],0.000000,0.000000,0,0,0,0,0,0,0,0,0,0,0,869,0,45000,44864.65960978133,1130.2634000021499,82665.62999999587,173.8849252013809
1781969141,1000,GET,/auth/me,14.600000,0.000000,6500,7100,7600,7800,8100,8400,8500,9100,9100,9100,9100,1208,0,7700,16962.327751572706,1782.9517999998643,81189.83650000155,331.6539735099338
1781969141,1000,POST,/auth/update-profile,7.300000,0.000000,7200,7700,8000,8100,8400,8800,9000,9100,9100,9100,9100,515,0,8000,17193.412228737794,1926.4559000002919,81872.38290000096,72.0
1781969141,1000,GET,/config,1.300000,0.000000,4300,4600,4700,5500,6000,6200,7000,7000,7000,7000,7000,106,0,4300,10915.716390566204,669.7742000033031,73344.70539999893,28.0
1781969141,1000,POST,/payment/create-order,7.600000,0.000000,8700,9200,9600,9700,9900,10000,11000,11000,11000,11000,11000,551,0,10000,19787.100965154357,3553.6789999969187,83919.04849999992,174.52813067150635
1781969141,1000,POST,/predict/colleges [auth],6.300000,6.300000,8500,11000,11000,12000,12000,13000,13000,13000,13000,13000,13000,573,485,11000,18952.819805584804,3053.156599999056,85380.03029999527,402.37347294938917
1781969141,1000,POST,/predict/colleges [guest],3.000000,3.000000,11000,12000,12000,12000,12000,13000,13000,13000,13000,13000,13000,463,316,13000,25641.779946436396,3028.152599996247,89124.75689999701,788.2505399568034
1781969141,1000,POST,/predict/colleges [premium],8.400000,8.400000,11000,12000,12000,12000,13000,13000,13000,13000,13000,13000,13000,1166,934,12000,21434.73651243572,3024.4686999940313,83509.14919999923,156.21783876500857
1781969141,1000,GET,/predict/colleges-list,0.600000,0.000000,4000,4200,4500,4600,5200,5200,5200,5200,5200,5200,5200,89,0,5000,16243.424844943542,452.07429999572923,74415.22650000115,102062.0
1781969141,1000,POST,/predict/rank [auth],0.800000,0.000000,4000,4600,6000,6100,6200,6800,6800,6800,6800,6800,6800,104,0,3700,8780.452604807719,617.8264999980456,72335.49979999952,123.54807692307692
1781969141,1000,POST,/predict/rank [guest],2.400000,0.000000,4300,4900,5300,5300,5700,5800,7100,7100,7100,7100,7100,188,0,5000,11477.709956382896,592.3890999983996,74563.43580000248,123.36702127659575
1781969141,1000,,Aggregated,52.300000,17.700000,7800,8800,10000,11000,12000,13000,13000,13000,13000,13000,13000,5832,1735,11000,22742.438440157777,452.07429999572923,89124.75689999701,1815.0183470507545
1781969142,1000,POST,/auth/login [setup],0.000000,0.000000,0,0,0,0,0,0,0,0,0,0,0,869,0,45000,44864.65960978133,1130.2634000021499,82665.62999999587,173.8849252013809
1781969142,1000,GET,/auth/me,18.500000,0.000000,6500,7000,7500,7700,8000,8300,8500,9100,9100,9100,9100,1249,0,7600,16611.758713931,1782.9517999998643,81189.83650000155,331.60768614891913
1781969142,1000,POST,/auth/update-profile,9.100000,0.000000,7200,7600,7900,8000,8300,8800,9000,9100,9100,9100,9100,529,0,7900,16907.4662982986,1926.4559000002919,81872.38290000096,72.0
1781969142,1000,GET,/config,1.300000,0.000000,4200,4500,4600,4700,6000,6200,7000,7000,7000,7000,7000,109,0,4300,10692.871080734118,669.7742000033031,73344.70539999893,28.0
1781969142,1000,POST,/payment/create-order,9.200000,0.000000,8900,9300,9600,9700,10000,10000,11000,11000,11000,11000,11000,563,0,10000,19554.727567140402,3553.6789999969187,83919.04849999992,174.5044404973357
1781969142,1000,POST,/predict/colleges [auth],6.500000,6.500000,8800,10000,11000,11000,12000,13000,13000,13000,13000,13000,13000,601,513,11000,18499.86923244609,3053.156599999056,85380.03029999527,385.72379367720464
1781969142,1000,POST,/predict/colleges [guest],3.000000,3.000000,11000,12000,12000,12000,12000,13000,13000,13000,13000,13000,13000,471,324,12000,25361.139796390762,3028.152599996247,89124.75689999701,775.6263269639065
1781969142,1000,POST,/predict/colleges [premium],8.700000,8.700000,9600,11000,12000,12000,13000,13000,13000,13000,13000,13000,13000,1216,984,12000,20933.839371052687,3024.4686999940313,83509.14919999923,151.64473684210526
1781969142,1000,GET,/predict/colleges-list,0.600000,0.000000,3200,3600,4200,4500,4600,5200,5200,5200,5200,5200,5200,94,0,4600,15490.478497872055,452.07429999572923,74415.22650000115,102062.0
1781969142,1000,POST,/predict/rank [auth],0.800000,0.000000,3700,4200,5800,6000,6200,6800,6800,6800,6800,6800,6800,108,0,3700,8553.971173148157,617.8264999980456,72335.49979999952,123.47222222222223
1781969142,1000,POST,/predict/rank [guest],2.400000,0.000000,4000,4400,5200,5300,5600,5800,7100,7100,7100,7100,7100,196,0,4700,11099.523159693863,592.3890999983996,74563.43580000248,123.38265306122449
1781969142,1000,,Aggregated,60.100000,18.200000,8000,8900,9700,11000,12000,12000,13000,13000,13000,13000,13000,6005,1821,11000,22302.892157751896,452.07429999572923,89124.75689999701,1851.3831806827643
1781969143,1000,POST,/auth/login [setup],0.000000,0.000000,0,0,0,0,0,0,0,0,0,0,0,869,0,45000,44864.65960978133,1130.2634000021499,82665.62999999587,173.8849252013809
1781969143,1000,GET,/auth/me,18.400000,0.000000,6500,7000,7500,7700,8000,8300,8500,9100,9100,9100,9100,1250,0,7600,16603.067879119848,1782.9517999998643,81189.83650000155,331.6072
1781969143,1000,POST,/auth/update-profile,9.000000,0.000000,7200,7600,7900,8000,8300,8800,9000,9100,9100,9100,9100,529,0,7900,16907.4662982986,1926.4559000002919,81872.38290000096,72.0
1781969143,1000,GET,/config,1.300000,0.000000,4200,4500,4600,4700,6000,6200,7000,7000,7000,7000,7000,109,0,4300,10692.871080734118,669.7742000033031,73344.70539999893,28.0
1781969143,1000,POST,/payment/create-order,9.800000,0.000000,8900,9400,9700,9700,10000,11000,11000,11000,11000,11000,11000,564,0,10000,19539.531943439797,3553.6789999969187,83919.04849999992,174.50177304964538
1781969143,1000,POST,/predict/colleges [auth],7.000000,7.000000,8800,10000,11000,11000,12000,13000,13000,13000,13000,13000,13000,601,513,11000,18499.86923244609,3053.156599999056,85380.03029999527,385.72379367720464
1781969143,1000,POST,/predict/colleges [guest],3.500000,3.500000,11000,12000,12000,12000,12000,13000,13000,13000,13000,13000,13000,471,324,12000,25361.139796390762,3028.152599996247,89124.75689999701,775.6263269639065
1781969143,1000,POST,/predict/colleges [premium],9.700000,9.700000,9600,11000,12000,12000,13000,13000,13000,13000,13000,13000,13000,1216,984,12000,20933.839371052687,3024.4686999940313,83509.14919999923,151.64473684210526
1781969143,1000,GET,/predict/colleges-list,0.600000,0.000000,3200,3600,4200,4500,4600,5200,5200,5200,5200,5200,5200,94,0,4600,15490.478497872055,452.07429999572923,74415.22650000115,102062.0
1781969143,1000,POST,/predict/rank [auth],0.800000,0.000000,3700,4200,5800,6000,6200,6800,6800,6800,6800,6800,6800,108,0,3700,8553.971173148157,617.8264999980456,72335.49979999952,123.47222222222223
1781969143,1000,POST,/predict/rank [guest],2.300000,0.000000,4000,4400,5200,5300,5600,5800,7100,7100,7100,7100,7100,196,0,4700,11099.523159693863,592.3890999983996,74563.43580000248,123.38265306122449
1781969143,1000,,Aggregated,62.400000,20.200000,8000,9000,9700,11000,12000,12000,13000,13000,13000,13000,13000,6007,1821,11000,22298.252042333967,452.07429999572923,89124.75689999701,1850.8506742134177
1781969144,1000,POST,/auth/login [setup],0.000000,0.000000,0,0,0,0,0,0,0,0,0,0,0,869,0,45000,44864.65960978133,1130.2634000021499,82665.62999999587,173.8849252013809
1781969144,1000,GET,/auth/me,19.200000,0.000000,7000,7500,7700,7900,8200,8400,8600,9100,9100,9100,9100,1252,0,7600,16587.4624863417,1782.9517999998643,81189.83650000155,331.60463258785944
1781969144,1000,POST,/auth/update-profile,8.900000,0.000000,7600,7900,8000,8200,8600,8900,9000,9100,9100,9100,9100,529,0,7900,16907.4662982986,1926.4559000002919,81872.38290000096,72.0
1781969144,1000,GET,/config,2.600000,0.000000,4200,4500,4600,4700,6000,6200,7000,7000,7000,7000,7000,109,0,4300,10692.871080734118,669.7742000033031,73344.70539999893,28.0
1781969144,1000,POST,/payment/create-order,9.800000,0.000000,9200,9600,9700,9800,10000,11000,11000,11000,11000,11000,11000,564,0,10000,19539.531943439797,3553.6789999969187,83919.04849999992,174.50177304964538
1781969144,1000,POST,/predict/colleges [auth],13.000000,13.000000,8800,10000,11000,11000,12000,13000,13000,13000,13000,13000,13000,601,513,11000,18499.86923244609,3053.156599999056,85380.03029999527,385.72379367720464
1781969144,1000,POST,/predict/colleges [guest],7.800000,7.800000,11000,12000,12000,12000,12000,13000,13000,13000,13000,13000,13000,471,324,12000,25361.139796390762,3028.152599996247,89124.75689999701,775.6263269639065
1781969144,1000,POST,/predict/colleges [premium],23.700000,23.700000,9600,11000,12000,12000,13000,13000,13000,13000,13000,13000,13000,1216,984,12000,20933.839371052687,3024.4686999940313,83509.14919999923,151.64473684210526
1781969144,1000,GET,/predict/colleges-list,1.500000,0.000000,3200,3600,4200,4500,4600,5200,5200,5200,5200,5200,5200,94,0,4600,15490.478497872055,452.07429999572923,74415.22650000115,102062.0
1781969144,1000,POST,/predict/rank [auth],1.800000,0.000000,3700,4200,5800,6000,6200,6800,6800,6800,6800,6800,6800,108,0,3700,8553.971173148157,617.8264999980456,72335.49979999952,123.47222222222223
1781969144,1000,POST,/predict/rank [guest],3.600000,0.000000,4000,4400,5200,5300,5600,5800,7100,7100,7100,7100,7100,196,0,4700,11099.523159693863,592.3890999983996,74563.43580000248,123.38265306122449
1781969144,1000,,Aggregated,91.900000,44.500000,8900,10000,11000,12000,12000,13000,13000,13000,13000,13000,13000,6009,1821,11000,22293.105042819123,452.07429999572923,89124.75689999701,1850.3444832750874
1781969145,1000,POST,/auth/login [setup],0.000000,0.000000,0,0,0,0,0,0,0,0,0,0,0,869,0,45000,44864.65960978133,1130.2634000021499,82665.62999999587,173.8849252013809
1781969145,1000,GET,/auth/me,19.200000,0.000000,7000,7500,7700,7900,8200,8400,8600,9100,9100,9100,9100,1252,0,7600,16587.4624863417,1782.9517999998643,81189.83650000155,331.60463258785944
1781969145,1000,POST,/auth/update-profile,8.900000,0.000000,7600,7900,8000,8200,8600,8900,9000,9100,9100,9100,9100,529,0,7900,16907.4662982986,1926.4559000002919,81872.38290000096,72.0
1781969145,1000,GET,/config,2.600000,0.000000,4200,4500,4600,4700,6000,6200,7000,7000,7000,7000,7000,109,0,4300,10692.871080734118,669.7742000033031,73344.70539999893,28.0
1781969145,1000,POST,/payment/create-order,9.800000,0.000000,9200,9700,9800,9900,11000,11000,12000,13000,13000,13000,13000,566,0,10000,19514.191828621984,3553.6789999969187,83919.04849999992,174.4982332155477
1781969145,1000,POST,/predict/colleges [auth],13.000000,13.000000,8800,10000,11000,11000,12000,13000,13000,13000,13000,13000,13000,601,513,11000,18499.86923244609,3053.156599999056,85380.03029999527,385.72379367720464
1781969145,1000,POST,/predict/colleges [guest],7.800000,7.800000,11000,12000,12000,12000,12000,13000,13000,13000,13000,13000,13000,471,324,12000,25361.139796390762,3028.152599996247,89124.75689999701,775.6263269639065
1781969145,1000,POST,/predict/colleges [premium],23.700000,23.700000,12000,12000,12000,12000,13000,13000,13000,13000,13000,13000,13000,1216,984,12000,20933.839371052687,3024.4686999940313,83509.14919999923,151.64473684210526
1781969145,1000,GET,/predict/colleges-list,1.500000,0.000000,3200,3600,4200,4500,4600,5200,5200,5200,5200,5200,5200,94,0,4600,15490.478497872055,452.07429999572923,74415.22650000115,102062.0
1781969145,1000,POST,/predict/rank [auth],1.800000,0.000000,3700,4200,5800,6000,6200,6800,6800,6800,6800,6800,6800,108,0,3700,8553.971173148157,617.8264999980456,72335.49979999952,123.47222222222223
1781969145,1000,POST,/predict/rank [guest],3.600000,0.000000,4000,4400,5200,5300,5600,5800,7100,7100,7100,7100,7100,196,0,4700,11099.523159693863,592.3890999983996,74563.43580000248,123.38265306122449
1781969145,1000,,Aggregated,91.900000,44.500000,8900,10000,11000,12000,12000,13000,13000,13000,13000,13000,13000,6011,1821,11000,22289.80282169358,452.07429999572923,89124.75689999701,1849.786557977042
1781969146,1000,POST,/auth/login [setup],0.000000,0.000000,0,0,0,0,0,0,0,0,0,0,0,869,0,45000,44864.65960978133,1130.2634000021499,82665.62999999587,173.8849252013809
1781969146,1000,GET,/auth/me,19.200000,0.000000,7000,7500,7700,7900,8200,8400,8600,9100,9100,9100,9100,1252,0,7600,16587.4624863417,1782.9517999998643,81189.83650000155,331.60463258785944
1781969146,1000,POST,/auth/update-profile,8.900000,0.000000,7600,8000,8100,8200,8600,8900,9000,9100,9100,9100,9100,529,0,7900,16907.4662982986,1926.4559000002919,81872.38290000096,72.0
1781969146,1000,GET,/config,2.600000,0.000000,4500,4600,5700,6000,6200,7000,7000,7000,7000,7000,7000,109,0,4300,10692.871080734118,669.7742000033031,73344.70539999893,28.0
1781969146,1000,POST,/payment/create-order,9.800000,0.000000,9400,9700,9900,9900,11000,11000,12000,13000,13000,13000,13000,566,0,10000,19514.191828621984,3553.6789999969187,83919.04849999992,174.4982332155477
1781969146,1000,POST,/predict/colleges [auth],13.000000,13.000000,11000,12000,12000,12000,13000,13000,13000,13000,13000,13000,13000,601,513,11000,18499.86923244609,3053.156599999056,85380.03029999527,385.72379367720464
1781969146,1000,POST,/predict/colleges [guest],7.800000,7.800000,12000,12000,12000,12000,13000,13000,13000,13000,13000,13000,13000,471,324,12000,25361.139796390762,3028.152599996247,89124.75689999701,775.6263269639065
1781969146,1000,POST,/predict/colleges [premium],23.700000,23.700000,12000,12000,12000,12000,13000,13000,13000,13000,13000,13000,13000,1216,984,12000,20933.839371052687,3024.4686999940313,83509.14919999923,151.64473684210526
1781969146,1000,GET,/predict/colleges-list,1.500000,0.000000,3200,3600,4200,4500,4600,5200,5200,5200,5200,5200,5200,94,0,4600,15490.478497872055,452.07429999572923,74415.22650000115,102062.0
1781969146,1000,POST,/predict/rank [auth],1.800000,0.000000,3700,4200,5800,6000,6200,6800,6800,6800,6800,6800,6800,108,0,3700,8553.971173148157,617.8264999980456,72335.49979999952,123.47222222222223
1781969146,1000,POST,/predict/rank [guest],3.600000,0.000000,4000,4400,5200,5300,5600,5800,7100,7100,7100,7100,7100,196,0,4700,11099.523159693863,592.3890999983996,74563.43580000248,123.38265306122449
1781969146,1000,,Aggregated,91.900000,44.500000,9000,10000,11000,12000,12000,13000,13000,13000,13000,13000,13000,6011,1821,11000,22289.80282169358,452.07429999572923,89124.75689999701,1849.786557977042
1781969147,1000,POST,/auth/login [setup],0.000000,0.000000,0,0,0,0,0,0,0,0,0,0,0,869,0,45000,44864.65960978133,1130.2634000021499,82665.62999999587,173.8849252013809
1781969147,1000,GET,/auth/me,14.000000,0.000000,7200,7800,8200,8400,9100,9600,9700,9900,12000,12000,12000,1284,0,7700,16398.826795794226,1782.9517999998643,81189.83650000155,331.5638629283489
1781969147,1000,POST,/auth/update-profile,7.000000,0.000000,7800,8200,8800,9000,9600,9900,10000,13000,13000,13000,13000,547,0,8100,16668.09747586827,1926.4559000002919,81872.38290000096,72.0
1781969147,1000,GET,/config,1.400000,0.000000,4500,4600,5700,6000,6200,7000,7000,7000,7000,7000,7000,109,0,4300,10692.871080734118,669.7742000033031,73344.70539999893,28.0
1781969147,1000,POST,/payment/create-order,7.400000,0.000000,9900,11000,12000,12000,13000,13000,13000,13000,13000,13000,13000,591,0,11000,19190.550094416307,3553.6789999969187,83919.04849999992,174.4382402707276
1781969147,1000,POST,/predict/colleges [auth],6.900000,6.900000,11000,12000,12000,12000,13000,13000,13000,14000,14000,14000,14000,602,514,11000,18491.832193189537,3053.156599999056,85380.03029999527,385.1578073089701
1781969147,1000,POST,/predict/colleges [guest],5.000000,5.000000,12000,12000,12000,12000,13000,13000,13000,13000,13000,13000,13000,471,324,12000,25361.139796390762,3028.152599996247,89124.75689999701,775.6263269639065
1781969147,1000,POST,/predict/colleges [premium],15.500000,15.500000,12000,12000,12000,13000,13000,13000,13000,14000,14000,14000,14000,1219,987,12000,20915.698577030413,3024.4686999940313,83509.14919999923,151.3822805578343
1781969147,1000,GET,/predict/colleges-list,0.900000,0.000000,3200,3600,4000,4500,4600,4600,4600,4600,4600,4600,4600,94,0,4600,15490.478497872055,452.07429999572923,74415.22650000115,102062.0
1781969147,1000,POST,/predict/rank [auth],1.100000,0.000000,4000,5800,6100,6100,6200,6800,6800,6800,6800,6800,6800,108,0,3700,8553.971173148157,617.8264999980456,72335.49979999952,123.47222222222223
1781969147,1000,POST,/predict/rank [guest],1.300000,0.000000,3200,3500,4000,4000,4900,7100,7100,7100,7100,7100,7100,196,0,4700,11099.523159693863,592.3890999983996,74563.43580000248,123.38265306122449
1781969147,1000,,Aggregated,60.500000,27.400000,9200,10000,11000,12000,12000,13000,13000,13000,14000,14000,14000,6090,1825,11000,22134.1423602956,452.07429999572923,89124.75689999701,1828.4776683087027
1781969148,1000,POST,/auth/login [setup],0.000000,0.000000,0,0,0,0,0,0,0,0,0,0,0,869,0,45000,44864.65960978133,1130.2634000021499,82665.62999999587,173.8849252013809
1781969148,1000,GET,/auth/me,13.900000,0.000000,7200,7900,8200,8500,9300,9700,9900,9900,12000,12000,12000,1299,0,7700,16305.532693225403,1782.9517999998643,81189.83650000155,331.5604311008468
1781969148,1000,POST,/auth/update-profile,6.900000,0.000000,7600,8500,9000,9400,9800,10000,10000,13000,13000,13000,13000,552,0,8100,16597.460574999906,1926.4559000002919,81872.38290000096,72.0
1781969148,1000,GET,/config,1.400000,0.000000,4500,4600,5700,6000,6200,7000,7000,7000,7000,7000,7000,109,0,4300,10692.871080734118,669.7742000033031,73344.70539999893,28.0
1781969148,1000,POST,/payment/create-order,7.000000,0.000000,10000,11000,12000,12000,13000,13000,14000,15000,15000,15000,15000,599,0,11000,19092.25806377301,3553.6789999969187,83919.04849999992,174.42570951585978
1781969148,1000,POST,/predict/colleges [auth],6.900000,6.900000,11000,12000,12000,12000,13000,13000,14000,14000,14000,14000,14000,603,515,11000,18483.871778607143,3053.156599999056,85380.03029999527,384.5936981757877
1781969148,1000,POST,/predict/colleges [guest],5.000000,5.000000,12000,12000,12000,12000,13000,13000,13000,13000,13000,13000,13000,471,324,12000,25361.139796390762,3028.152599996247,89124.75689999701,775.6263269639065
1781969148,1000,POST,/predict/colleges [premium],15.500000,15.500000,12000,12000,12000,13000,13000,13000,13000,14000,14000,14000,14000,1219,987,12000,20915.698577030413,3024.4686999940313,83509.14919999923,151.3822805578343
1781969148,1000,GET,/predict/colleges-list,0.900000,0.000000,3200,3600,4000,4500,4600,4600,4600,4600,4600,4600,4600,94,0,4600,15490.478497872055,452.07429999572923,74415.22650000115,102062.0
1781969148,1000,POST,/predict/rank [auth],1.100000,0.000000,4000,5800,6100,6100,6200,6800,6800,6800,6800,6800,6800,108,0,3700,8553.971173148157,617.8264999980456,72335.49979999952,123.47222222222223
1781969148,1000,POST,/predict/rank [guest],1.300000,0.000000,3200,3500,4000,4000,4900,7100,7100,7100,7100,7100,7100,196,0,4700,11099.523159693863,592.3890999983996,74563.43580000248,123.38265306122449
1781969148,1000,,Aggregated,59.900000,27.400000,9500,11000,12000,12000,12000,13000,13000,13000,15000,15000,15000,6119,1826,11000,22074.588728811934,452.07429999572923,89124.75689999701,1820.9169798986763
1781969149,1000,POST,/auth/login [setup],0.000000,0.000000,0,0,0,0,0,0,0,0,0,0,0,869,0,45000,44864.65960978133,1130.2634000021499,82665.62999999587,173.8849252013809
1781969149,1000,GET,/auth/me,13.900000,0.000000,7700,8100,8500,8900,9500,9700,9900,9900,12000,12000,12000,1299,0,7700,16305.532693225403,1782.9517999998643,81189.83650000155,331.5604311008468
1781969149,1000,POST,/auth/update-profile,6.900000,0.000000,8500,9300,9600,9800,10000,10000,13000,13000,13000,13000,13000,552,0,8100,16597.460574999906,1926.4559000002919,81872.38290000096,72.0
1781969149,1000,GET,/config,1.400000,0.000000,4400,4600,5700,6000,6200,7000,7000,7000,7000,7000,7000,109,0,4300,10692.871080734118,669.7742000033031,73344.70539999893,28.0
1781969149,1000,POST,/payment/create-order,7.000000,0.000000,10000,12000,12000,12000,13000,13000,14000,15000,15000,15000,15000,599,0,11000,19092.25806377301,3553.6789999969187,83919.04849999992,174.42570951585978
1781969149,1000,POST,/predict/colleges [auth],6.900000,6.900000,11000,12000,12000,12000,13000,13000,14000,14000,14000,14000,14000,603,515,11000,18483.871778607143,3053.156599999056,85380.03029999527,384.5936981757877
1781969149,1000,POST,/predict/colleges [guest],5.000000,5.000000,12000,12000,12000,12000,13000,13000,13000,13000,13000,13000,13000,471,324,12000,25361.139796390762,3028.152599996247,89124.75689999701,775.6263269639065
1781969149,1000,POST,/predict/colleges [premium],15.500000,15.500000,12000,12000,12000,13000,13000,13000,13000,14000,14000,14000,14000,1219,987,12000,20915.698577030413,3024.4686999940313,83509.14919999923,151.3822805578343
1781969149,1000,GET,/predict/colleges-list,0.900000,0.000000,3200,3600,4000,4500,4600,4600,4600,4600,4600,4600,4600,94,0,4600,15490.478497872055,452.07429999572923,74415.22650000115,102062.0
1781969149,1000,POST,/predict/rank [auth],1.100000,0.000000,4000,5800,6100,6100,6200,6800,6800,6800,6800,6800,6800,108,0,3700,8553.971173148157,617.8264999980456,72335.49979999952,123.47222222222223
1781969149,1000,POST,/predict/rank [guest],1.300000,0.000000,3200,3500,4000,4000,4900,7100,7100,7100,7100,7100,7100,196,0,4700,11099.523159693863,592.3890999983996,74563.43580000248,123.38265306122449
1781969149,1000,,Aggregated,59.900000,27.400000,9700,11000,12000,12000,13000,13000,13000,14000,15000,15000,15000,6119,1826,11000,22074.588728811934,452.07429999572923,89124.75689999701,1820.9169798986763
1781969150,1000,POST,/auth/login [setup],0.000000,0.000000,0,0,0,0,0,0,0,0,0,0,0,869,0,45000,44864.65960978133,1130.2634000021499,82665.62999999587,173.8849252013809
1781969150,1000,GET,/auth/me,17.000000,0.000000,7800,8300,8900,9300,9700,9800,10000,12000,12000,12000,12000,1305,0,7700,16277.456568045816,1782.9517999998643,81189.83650000155,331.55632183908045
1781969150,1000,POST,/auth/update-profile,8.500000,0.000000,8800,9500,9800,9900,10000,11000,13000,13000,13000,13000,13000,556,0,8200,16554.022420863217,1926.4559000002919,81872.38290000096,72.0
1781969150,1000,GET,/config,1.400000,0.000000,4800,5800,6000,6200,6900,7000,8400,8400,8400,8400,8400,119,0,4500,10268.384829411858,669.7742000033031,73344.70539999893,28.0
1781969150,1000,POST,/payment/create-order,8.400000,0.000000,12000,12000,13000,13000,13000,14000,15000,16000,16000,16000,16000,605,0,11000,19032.759172396723,3553.6789999969187,83919.04849999992,174.41322314049586
1781969150,1000,POST,/predict/colleges [auth],7.100000,7.100000,12000,13000,13000,14000,14000,15000,15000,15000,15000,15000,15000,647,559,11000,18138.14202565708,3053.156599999056,85380.03029999527,361.499227202473
1781969150,1000,POST,/predict/colleges [guest],5.000000,5.000000,12000,13000,13000,13000,14000,15000,16000,16000,16000,16000,16000,498,351,13000,24709.669820883595,3028.152599996247,89124.75689999701,736.0140562248996
1781969150,1000,POST,/predict/colleges [premium],15.600000,15.600000,12000,13000,13000,14000,15000,16000,16000,16000,16000,16000,16000,1305,1073,12000,20450.59326689658,3024.4686999940313,83509.14919999923,144.37164750957854
1781969150,1000,GET,/predict/colleges-list,0.900000,0.000000,4500,5100,5100,5700,5800,6900,6900,6900,6900,6900,6900,99,0,5000,14997.360265656273,452.07429999572923,74415.22650000115,102062.0
1781969150,1000,POST,/predict/rank [auth],1.100000,0.000000,5600,6600,6900,7600,7800,7900,8200,8200,8200,8200,8200,123,0,4200,8267.205405691026,617.8264999980456,72335.49979999952,123.53658536585365
1781969150,1000,POST,/predict/rank [guest],1.300000,0.000000,4000,4800,5100,5400,7100,8300,8900,8900,8900,8900,8900,210,0,4700,10709.713780952423,592.3890999983996,74563.43580000248,123.38571428571429
1781969150,1000,,Aggregated,66.300000,27.700000,11000,12000,12000,13000,14000,15000,16000,16000,16000,16000,16000,6336,1983,11000,21725.019899321356,452.07429999572923,89124.75689999701,1841.3423295454545
1781969151,1000,POST,/auth/login [setup],0.000000,0.000000,0,0,0,0,0,0,0,0,0,0,0,869,0,45000,44864.65960978133,1130.2634000021499,82665.62999999587,173.8849252013809
1781969151,1000,GET,/auth/me,14.200000,0.000000,8100,8700,9100,9300,9700,9900,10000,12000,12000,12000,12000,1372,0,7700,15861.847649416744,1782.9517999998643,81189.83650000155,331.4905247813411
1781969151,1000,POST,/auth/update-profile,6.100000,0.000000,9200,9500,9800,9900,10000,11000,12000,13000,13000,13000,13000,574,0,8200,16317.033085017325,1926.4559000002919,81872.38290000096,72.0
1781969151,1000,GET,/config,1.300000,0.000000,4600,5700,5900,6000,6900,7000,8400,8400,8400,8400,8400,122,0,4300,10065.700050000123,669.7742000033031,73344.70539999893,28.0
1781969151,1000,POST,/payment/create-order,8.300000,0.000000,12000,12000,13000,13000,13000,13000,15000,16000,16000,16000,16000,626,0,11000,18786.571225559135,3553.6789999969187,83919.04849999992,174.37220447284346
1781969151,1000,POST,/predict/colleges [auth],7.100000,7.100000,11000,13000,13000,14000,14000,15000,15000,15000,15000,15000,15000,657,569,11000,18023.166598325904,3053.156599999056,85380.03029999527,356.6818873668189
1781969151,1000,POST,/predict/colleges [guest],4.900000,4.900000,12000,12000,13000,13000,14000,14000,16000,16000,16000,16000,16000,509,362,13000,24399.791162279038,3028.152599996247,89124.75689999701,721.0805500982318
1781969151,1000,POST,/predict/colleges [premium],15.600000,15.600000,12000,13000,13000,13000,15000,16000,16000,16000,16000,16000,16000,1340,1108,12000,20187.597805149282,3024.4686999940313,83509.14919999923,141.77611940298507
1781969151,1000,GET,/predict/colleges-list,0.900000,0.000000,4000,4600,5100,5100,5800,6900,6900,6900,6900,6900,6900,101,0,4800,14748.52462673232,452.07429999572923,74415.22650000115,102062.0
1781969151,1000,POST,/predict/rank [auth],1.100000,0.000000,5600,6600,6900,7600,7800,7900,8200,8200,8200,8200,8200,123,0,4200,8267.205405691026,617.8264999980456,72335.49979999952,123.53658536585365
1781969151,1000,POST,/predict/rank [guest],1.300000,0.000000,3500,4700,5000,5100,6500,8300,8900,8900,8900,8900,8900,215,0,4700,10510.120515813978,592.3890999983996,74563.43580000248,123.4046511627907
1781969151,1000,,Aggregated,60.800000,27.600000,10000,12000,13000,13000,15000,15000,16000,16000,16000,16000,16000,6508,2039,11000,21386.365786524304,452.07429999572923,89124.75689999701,1828.6956054087277
1781969152,1000,POST,/auth/login [setup],0.000000,0.000000,0,0,0,0,0,0,0,0,0,0,0,869,0,45000,44864.65960978133,1130.2634000021499,82665.62999999587,173.8849252013809
1781969152,1000,GET,/auth/me,10.100000,0.000000,7400,8300,8800,9100,9600,9800,10000,12000,12000,12000,12000,1417,0,7600,15576.307788708355,1782.9517999998643,81189.83650000155,331.45095271700774
1781969152,1000,POST,/auth/update-profile,4.000000,0.000000,8900,9400,9600,9800,10000,11000,12000,13000,13000,13000,13000,587,0,8200,16142.633485349155,1926.4559000002919,81872.38290000096,72.0
1781969152,1000,GET,/config,1.300000,0.000000,4600,5700,5900,6000,6900,7000,8400,8400,8400,8400,8400,122,0,4300,10065.700050000123,669.7742000033031,73344.70539999893,28.0
1781969152,1000,POST,/payment/create-order,6.500000,0.000000,12000,12000,12000,13000,13000,13000,15000,16000,16000,16000,16000,645,0,11000,18554.688923565904,3553.6789999969187,83919.04849999992,174.33953488372094
1781969152,1000,POST,/predict/colleges [auth],6.900000,6.900000,11000,13000,13000,14000,14000,15000,15000,15000,15000,15000,15000,657,569,11000,18023.166598325904,3053.156599999056,85380.03029999527,356.6818873668189
1781969152,1000,POST,/predict/colleges [guest],4.900000,4.900000,12000,12000,13000,13000,14000,14000,16000,16000,16000,16000,16000,509,362,13000,24399.791162279038,3028.152599996247,89124.75689999701,721.0805500982318
1781969152,1000,POST,/predict/colleges [premium],15.300000,15.300000,12000,13000,13000,13000,15000,16000,16000,16000,16000,16000,16000,1340,1108,12000,20187.597805149282,3024.4686999940313,83509.14919999923,141.77611940298507
1781969152,1000,GET,/predict/colleges-list,0.900000,0.000000,4000,4600,5100,5100,5800,6900,6900,6900,6900,6900,6900,101,0,4800,14748.52462673232,452.07429999572923,74415.22650000115,102062.0
1781969152,1000,POST,/predict/rank [auth],1.100000,0.000000,5600,6600,6900,7600,7800,7900,8200,8200,8200,8200,8200,123,0,4200,8267.205405691026,617.8264999980456,72335.49979999952,123.53658536585365
1781969152,1000,POST,/predict/rank [guest],1.300000,0.000000,3500,4700,5000,5100,6500,8300,8900,8900,8900,8900,8900,215,0,4700,10510.120515813978,592.3890999983996,74563.43580000248,123.4046511627907
1781969152,1000,,Aggregated,52.300000,27.100000,10000,11000,12000,13000,14000,15000,16000,16000,16000,16000,16000,6585,2039,11000,21231.40035442673,452.07429999572923,89124.75689999701,1810.211085801063
1781969153,1000,POST,/auth/login [setup],0.000000,0.000000,0,0,0,0,0,0,0,0,0,0,0,869,0,45000,44864.65960978133,1130.2634000021499,82665.62999999587,173.8849252013809
1781969153,1000,GET,/auth/me,11.900000,0.000000,7500,8300,8800,9100,9600,9800,10000,12000,12000,12000,12000,1426,0,7600,15518.562454698276,1782.9517999998643,81189.83650000155,331.4424964936886
1781969153,1000,POST,/auth/update-profile,4.600000,0.000000,8900,9400,9600,9800,10000,11000,12000,13000,13000,13000,13000,588,0,8200,16129.069139115563,1926.4559000002919,81872.38290000096,72.0
1781969153,1000,GET,/config,2.600000,0.000000,4600,5700,5900,6000,6900,7000,8400,8400,8400,8400,8400,122,0,4300,10065.700050000123,669.7742000033031,73344.70539999893,28.0
1781969153,1000,POST,/payment/create-order,6.800000,0.000000,12000,12000,12000,13000,13000,13000,15000,16000,16000,16000,16000,649,0,11000,18498.588981201854,3553.6789999969187,83919.04849999992,174.33436055469954
1781969153,1000,POST,/predict/colleges [auth],11.800000,11.800000,11000,13000,13000,14000,14000,15000,15000,15000,15000,15000,15000,657,569,11000,18023.166598325904,3053.156599999056,85380.03029999527,356.6818873668189
1781969153,1000,POST,/predict/colleges [guest],8.200000,8.200000,12000,12000,13000,13000,14000,14000,16000,16000,16000,16000,16000,509,362,13000,24399.791162279038,3028.152599996247,89124.75689999701,721.0805500982318
1781969153,1000,POST,/predict/colleges [premium],26.400000,26.400000,12000,13000,13000,13000,15000,16000,16000,16000,16000,16000,16000,1340,1108,12000,20187.597805149282,3024.4686999940313,83509.14919999923,141.77611940298507
1781969153,1000,GET,/predict/colleges-list,1.600000,0.000000,4000,4600,5100,5100,5800,6900,6900,6900,6900,6900,6900,101,0,4800,14748.52462673232,452.07429999572923,74415.22650000115,102062.0
1781969153,1000,POST,/predict/rank [auth],2.600000,0.000000,5600,6600,6900,7600,7800,7900,8200,8200,8200,8200,8200,123,0,4200,8267.205405691026,617.8264999980456,72335.49979999952,123.53658536585365
1781969153,1000,POST,/predict/rank [guest],3.200000,0.000000,3500,4700,5000,5100,6500,8300,8900,8900,8900,8900,8900,215,0,4700,10510.120515813978,592.3890999983996,74563.43580000248,123.4046511627907
1781969153,1000,,Aggregated,79.700000,46.400000,10000,11000,12000,13000,14000,15000,16000,16000,16000,16000,16000,6599,2039,11000,21202.089702788304,452.07429999572923,89124.75689999701,1806.9369601454766
1781969154,1000,POST,/auth/login [setup],0.000000,0.000000,0,0,0,0,0,0,0,0,0,0,0,869,0,45000,44864.65960978133,1130.2634000021499,82665.62999999587,173.8849252013809
1781969154,1000,GET,/auth/me,14.000000,0.000000,7500,8300,8800,9100,9600,9800,10000,12000,12000,12000,12000,1428,0,7500,15506.749104971805,1782.9517999998643,81189.83650000155,331.44117647058823
1781969154,1000,POST,/auth/update-profile,5.300000,0.000000,9200,9500,9800,9900,10000,11000,12000,13000,13000,13000,13000,590,0,8200,16107.831792881274,1926.4559000002919,81872.38290000096,72.0
1781969154,1000,GET,/config,1.300000,0.000000,4600,5700,5900,6000,6900,7000,8400,8400,8400,8400,8400,122,0,4300,10065.700050000123,669.7742000033031,73344.70539999893,28.0
1781969154,1000,POST,/payment/create-order,6.900000,0.000000,11000,12000,12000,13000,13000,13000,15000,16000,16000,16000,16000,655,0,11000,18422.9467146565,3553.6789999969187,83919.04849999992,174.32519083969467
1781969154,1000,POST,/predict/colleges [auth],5.600000,5.600000,13000,14000,14000,14000,15000,15000,15000,15000,15000,15000,15000,657,569,11000,18023.166598325904,3053.156599999056,85380.03029999527,356.6818873668189
1781969154,1000,POST,/predict/colleges [guest],3.800000,3.800000,12000,12000,13000,13000,14000,14000,16000,16000,16000,16000,16000,509,362,13000,24399.791162279038,3028.152599996247,89124.75689999701,721.0805500982318
1781969154,1000,POST,/predict/colleges [premium],12.400000,12.400000,13000,14000,15000,15000,16000,16000,16000,16000,16000,16000,16000,1340,1108,12000,20187.597805149282,3024.4686999940313,83509.14919999923,141.77611940298507
1781969154,1000,GET,/predict/colleges-list,0.700000,0.000000,4000,4600,5100,5100,5800,6900,6900,6900,6900,6900,6900,101,0,4800,14748.52462673232,452.07429999572923,74415.22650000115,102062.0
1781969154,1000,POST,/predict/rank [auth],1.500000,0.000000,5600,6600,6900,7600,7800,7900,8200,8200,8200,8200,8200,123,0,4200,8267.205405691026,617.8264999980456,72335.49979999952,123.53658536585365
1781969154,1000,POST,/predict/rank [guest],1.900000,0.000000,3500,4700,5000,5100,6500,8300,8900,8900,8900,8900,8900,215,0,4700,10510.120515813978,592.3890999983996,74563.43580000248,123.4046511627907
1781969154,1000,,Aggregated,53.400000,21.800000,10000,11000,12000,13000,14000,15000,16000,16000,16000,16000,16000,6609,2039,11000,21184.43509812377,452.07429999572923,89124.75689999701,1804.4820699046754
1781969155,1000,POST,/auth/login [setup],0.000000,0.000000,0,0,0,0,0,0,0,0,0,0,0,869,0,45000,44864.65960978133,1130.2634000021499,82665.62999999587,173.8849252013809
1781969155,1000,GET,/auth/me,17.400000,0.000000,7500,8300,8800,9100,9600,9800,10000,12000,12000,12000,12000,1428,0,7500,15506.749104971805,1782.9517999998643,81189.83650000155,331.44117647058823
1781969155,1000,POST,/auth/update-profile,5.800000,0.000000,9200,9500,9800,10000,10000,11000,12000,13000,13000,13000,13000,591,0,8200,16098.069819458457,1926.4559000002919,81872.38290000096,72.0
1781969155,1000,GET,/config,1.300000,0.000000,5100,5800,5900,6900,6900,8400,8400,8400,8400,8400,8400,122,0,4300,10065.700050000123,669.7742000033031,73344.70539999893,28.0
1781969155,1000,POST,/payment/create-order,8.400000,0.000000,11000,12000,12000,13000,13000,13000,15000,16000,16000,16000,16000,659,0,11000,18379.235754628233,3553.6789999969187,83919.04849999992,174.32018209408193
1781969155,1000,POST,/predict/colleges [auth],5.600000,5.600000,13000,14000,14000,14000,15000,15000,15000,15000,15000,15000,15000,657,569,11000,18023.166598325904,3053.156599999056,85380.03029999527,356.6818873668189
1781969155,1000,POST,/predict/colleges [guest],3.800000,3.800000,13000,13000,14000,14000,15000,16000,16000,16000,16000,16000,16000,509,362,13000,24399.791162279038,3028.152599996247,89124.75689999701,721.0805500982318
1781969155,1000,POST,/predict/colleges [premium],12.400000,12.400000,13000,14000,15000,15000,16000,16000,16000,16000,16000,16000,16000,1340,1108,12000,20187.597805149282,3024.4686999940313,83509.14919999923,141.77611940298507
1781969155,1000,GET,/predict/colleges-list,0.700000,0.000000,5100,5700,5800,5800,6900,6900,6900,6900,6900,6900,6900,101,0,4800,14748.52462673232,452.07429999572923,74415.22650000115,102062.0
1781969155,1000,POST,/predict/rank [auth],1.500000,0.000000,6600,7600,7800,7800,7900,8200,8200,8200,8200,8200,8200,123,0,4200,8267.205405691026,617.8264999980456,72335.49979999952,123.53658536585365
1781969155,1000,POST,/predict/rank [guest],1.900000,0.000000,4600,5000,5400,5600,8300,8900,8900,8900,8900,8900,8900,215,0,4700,10510.120515813978,592.3890999983996,74563.43580000248,123.4046511627907
1781969155,1000,,Aggregated,58.800000,21.800000,10000,11000,12000,13000,14000,15000,16000,16000,16000,16000,16000,6614,2039,11000,21176.76993244632,452.07429999572923,89124.75689999701,1803.2337465981252
1781969156,1000,POST,/auth/login [setup],0.000000,0.000000,0,0,0,0,0,0,0,0,0,0,0,869,0,45000,44864.65960978133,1130.2634000021499,82665.62999999587,173.8849252013809
1781969156,1000,GET,/auth/me,17.800000,0.000000,7900,8600,8900,9100,9600,9800,9900,10000,12000,12000,12000,1447,0,7600,15422.742329578268,1782.9517999998643,81189.83650000155,331.4326192121631
1781969156,1000,POST,/auth/update-profile,6.000000,0.000000,9400,9900,10000,10000,11000,11000,11000,12000,12000,12000,12000,610,0,8400,15920.741944590092,1926.4559000002919,81872.38290000096,72.0
1781969156,1000,GET,/config,1.300000,0.000000,5100,5800,5900,6900,6900,8400,8400,8400,8400,8400,8400,122,0,4300,10065.700050000123,669.7742000033031,73344.70539999893,28.0
1781969156,1000,POST,/payment/create-order,8.900000,0.000000,11000,12000,12000,12000,13000,13000,15000,15000,16000,16000,16000,673,0,11000,18223.731588558698,3553.6789999969187,83919.04849999992,174.29569093610698
1781969156,1000,POST,/predict/colleges [auth],5.600000,5.600000,13000,14000,14000,14000,15000,15000,15000,15000,15000,15000,15000,658,570,11000,18019.082373252462,3053.156599999056,85380.03029999527,356.2082066869301
1781969156,1000,POST,/predict/colleges [guest],3.800000,3.800000,13000,13000,14000,14000,15000,16000,16000,16000,16000,16000,16000,510,363,13000,24382.156195686326,3028.152599996247,89124.75689999701,719.7549019607843
1781969156,1000,POST,/predict/colleges [premium],12.400000,12.400000,13000,15000,15000,15000,16000,16000,16000,16000,16000,16000,16000,1345,1113,12000,20169.674818959138,3024.4686999940313,83509.14919999923,141.4163568773234
1781969156,1000,GET,/predict/colleges-list,0.700000,0.000000,5100,5700,5800,5800,6900,6900,6900,6900,6900,6900,6900,101,0,4800,14748.52462673232,452.07429999572923,74415.22650000115,102062.0
1781969156,1000,POST,/predict/rank [auth],1.500000,0.000000,6600,7600,7800,7800,7900,8200,8200,8200,8200,8200,8200,123,0,4200,8267.205405691026,617.8264999980456,72335.49979999952,123.53658536585365
1781969156,1000,POST,/predict/rank [guest],1.900000,0.000000,4600,5000,5400,5600,8300,8900,8900,8900,8900,8900,8900,215,0,4700,10510.120515813978,592.3890999983996,74563.43580000248,123.4046511627907
1781969156,1000,,Aggregated,59.900000,21.800000,10000,11000,12000,13000,14000,15000,16000,16000,16000,16000,16000,6673,2046,11000,21084.09236613218,452.07429999572923,89124.75689999701,1788.8475947849543
1781969157,1000,POST,/auth/login [setup],0.000000,0.000000,0,0,0,0,0,0,0,0,0,0,0,869,0,45000,44864.65960978133,1130.2634000021499,82665.62999999587,173.8849252013809
1781969157,1000,GET,/auth/me,17.600000,0.000000,7400,8300,8700,9000,9400,9800,9900,10000,12000,12000,12000,1473,0,7700,15290.99646666648,1782.9517999998643,81189.83650000155,331.40733197556006
1781969157,1000,POST,/auth/update-profile,6.100000,0.000000,9400,9900,10000,11000,11000,11000,11000,12000,12000,12000,12000,623,0,8400,15774.265725361076,1926.4559000002919,81872.38290000096,72.0
1781969157,1000,GET,/config,1.300000,0.000000,4100,5100,5800,5900,6900,8400,8400,8400,8400,8400,8400,127,0,4200,9793.465561417317,669.7742000033031,73344.70539999893,28.0
1781969157,1000,POST,/payment/create-order,8.900000,0.000000,11000,11000,12000,12000,13000,13000,15000,16000,16000,16000,16000,684,0,11000,18101.754537280707,3553.6789999969187,83919.04849999992,174.28070175438597
1781969157,1000,POST,/predict/colleges [auth],5.600000,5.600000,13000,14000,14000,14000,15000,15000,15000,15000,15000,15000,15000,705,617,12000,17717.11014028386,3053.156599999056,85380.03029999527,335.4609929078014
1781969157,1000,POST,/predict/colleges [guest],3.800000,3.800000,13000,13000,14000,14000,15000,15000,16000,16000,16000,16000,16000,535,388,13000,23854.635193084214,3028.152599996247,89124.75689999701,688.2242990654206
1781969157,1000,POST,/predict/colleges [premium],12.400000,12.400000,13000,14000,15000,15000,15000,16000,16000,16000,16000,16000,16000,1421,1189,12000,19795.385321252663,3024.4686999940313,83509.14919999923,136.25967628430683
1781969157,1000,GET,/predict/colleges-list,0.700000,0.000000,5100,5700,5800,5800,6900,6900,6900,6900,6900,6900,6900,102,0,4600,14630.94986274476,452.07429999572923,74415.22650000115,102062.0
1781969157,1000,POST,/predict/rank [auth],1.500000,0.000000,5700,7600,7700,7800,7900,8200,8200,8200,8200,8200,8200,125,0,4200,8221.380386399918,617.8264999980456,72335.49979999952,123.528
1781969157,1000,POST,/predict/rank [guest],1.900000,0.000000,3700,4700,5000,5400,6500,8300,8900,8900,8900,8900,8900,221,0,4500,10319.82539004528,592.3890999983996,74563.43580000248,123.46153846153847
1781969157,1000,,Aggregated,59.800000,21.800000,11000,12000,13000,13000,15000,15000,16000,16000,16000,16000,16000,6885,2194,11000,20791.069083108203,452.07429999572923,89124.75689999701,1751.3818445896877
1781969158,1000,POST,/auth/login [setup],0.000000,0.000000,0,0,0,0,0,0,0,0,0,0,0,869,0,45000,44864.65960978133,1130.2634000021499,82665.62999999587,173.8849252013809
1781969158,1000,GET,/auth/me,17.600000,0.000000,7400,8300,8700,9000,9400,9800,9900,10000,12000,12000,12000,1473,0,7700,15290.99646666648,1782.9517999998643,81189.83650000155,331.40733197556006
1781969158,1000,POST,/auth/update-profile,6.200000,0.000000,9400,10000,10000,11000,11000,11000,12000,12000,12000,12000,12000,626,0,8400,15750.237202076589,1926.4559000002919,81872.38290000096,72.0
1781969158,1000,GET,/config,1.300000,0.000000,4100,5100,5800,5900,6900,8400,8400,8400,8400,8400,8400,127,0,4200,9793.465561417317,669.7742000033031,73344.70539999893,28.0
1781969158,1000,POST,/payment/create-order,9.400000,0.000000,11000,11000,12000,12000,13000,13000,15000,16000,16000,16000,16000,684,0,11000,18101.754537280707,3553.6789999969187,83919.04849999992,174.28070175438597
1781969158,1000,POST,/predict/colleges [auth],5.600000,5.600000,13000,14000,14000,14000,15000,15000,15000,15000,15000,15000,15000,707,619,12000,17703.18281867061,3053.156599999056,85380.03029999527,334.63932107496464
1781969158,1000,POST,/predict/colleges [guest],3.800000,3.800000,13000,13000,14000,14000,15000,15000,16000,16000,16000,16000,16000,535,388,13000,23854.635193084214,3028.152599996247,89124.75689999701,688.2242990654206
1781969158,1000,POST,/predict/colleges [premium],12.400000,12.400000,13000,14000,15000,15000,15000,16000,16000,16000,16000,16000,16000,1427,1195,12000,19764.811528941867,3024.4686999940313,83509.14919999923,135.8759635599159
1781969158,1000,GET,/predict/colleges-list,0.700000,0.000000,5100,5700,5800,5800,6900,6900,6900,6900,6900,6900,6900,102,0,4600,14630.94986274476,452.07429999572923,74415.22650000115,102062.0
1781969158,1000,POST,/predict/rank [auth],1.500000,0.000000,5700,7600,7700,7800,7900,8200,8200,8200,8200,8200,8200,125,0,4200,8221.380386399918,617.8264999980456,72335.49979999952,123.528
1781969158,1000,POST,/predict/rank [guest],1.900000,0.000000,4100,4700,5000,5100,6500,8300,8900,8900,8900,8900,8900,222,0,4400,10292.721990991015,592.3890999983996,74563.43580000248,123.45945945945945
1781969158,1000,,Aggregated,60.400000,21.800000,11000,12000,13000,13000,15000,15000,16000,16000,16000,16000,16000,6897,2202,11000,20774.8043444686,452.07429999572923,89124.75689999701,1748.435986660867
1781969159,1000,POST,/auth/login [setup],0.000000,0.000000,0,0,0,0,0,0,0,0,0,0,0,869,0,45000,44864.65960978133,1130.2634000021499,82665.62999999587,173.8849252013809
1781969159,1000,GET,/auth/me,21.700000,0.000000,7400,8200,8700,8900,9300,9700,9900,10000,12000,12000,12000,1473,0,7700,15290.99646666648,1782.9517999998643,81189.83650000155,331.40733197556006
1781969159,1000,POST,/auth/update-profile,9.000000,0.000000,9400,10000,10000,11000,11000,11000,12000,12000,12000,12000,12000,626,0,8400,15750.237202076589,1926.4559000002919,81872.38290000096,72.0
1781969159,1000,GET,/config,1.500000,0.000000,4100,5100,5800,5900,6900,8400,8400,8400,8400,8400,8400,127,0,4200,9793.465561417317,669.7742000033031,73344.70539999893,28.0
1781969159,1000,POST,/payment/create-order,10.900000,0.000000,11000,11000,12000,12000,13000,13000,15000,16000,16000,16000,16000,685,0,11000,18093.37569226278,3553.6789999969187,83919.04849999992,174.27883211678832
1781969159,1000,POST,/predict/colleges [auth],10.300000,10.300000,13000,14000,14000,14000,15000,15000,15000,15000,15000,15000,15000,711,623,12000,17680.518342334915,3053.156599999056,85380.03029999527,333.0098452883263
1781969159,1000,POST,/predict/colleges [guest],6.400000,6.400000,13000,13000,14000,14000,15000,15000,16000,16000,16000,16000,16000,537,390,13000,23817.55903296099,3028.152599996247,89124.75689999701,685.828677839851
1781969159,1000,POST,/predict/colleges [premium],19.300000,19.300000,13000,14000,15000,15000,15000,16000,16000,16000,16000,16000,16000,1430,1198,12000,19751.929606643396,3024.4686999940313,83509.14919999923,135.6853146853147
1781969159,1000,GET,/predict/colleges-list,0.700000,0.000000,5100,5100,5700,5800,6900,6900,6900,6900,6900,6900,6900,103,0,4600,14525.868731067627,452.07429999572923,74415.22650000115,102062.0
1781969159,1000,POST,/predict/rank [auth],1.700000,0.000000,5700,6900,7700,7800,7900,8200,8200,8200,8200,8200,8200,126,0,4200,8192.17854126974,617.8264999980456,72335.49979999952,123.5
1781969159,1000,POST,/predict/rank [guest],2.200000,0.000000,4300,4600,5000,5100,6500,8300,8900,8900,8900,8900,8900,224,0,4400,10240.60403303575,592.3890999983996,74563.43580000248,123.48214285714286
1781969159,1000,,Aggregated,83.700000,36.000000,11000,12000,13000,13000,15000,15000,16000,16000,16000,16000,16000,6911,2211,11000,20754.857375025313,452.07429999572923,89124.75689999701,1759.7995948487917
1781969160,1000,POST,/auth/login [setup],0.000000,0.000000,0,0,0,0,0,0,0,0,0,0,0,869,0,45000,44864.65960978133,1130.2634000021499,82665.62999999587,173.8849252013809
1781969160,1000,GET,/auth/me,17.800000,0.000000,7400,8100,8500,8700,9000,9400,9700,9700,9800,9800,9800,1502,0,7700,15159.624026564392,1782.9517999998643,81189.83650000155,331.3821571238349
1781969160,1000,POST,/auth/update-profile,7.400000,0.000000,9300,9900,10000,11000,11000,11000,11000,12000,12000,12000,12000,630,0,8400,15708.494400952286,1926.4559000002919,81872.38290000096,72.0
1781969160,1000,GET,/config,1.800000,0.000000,4100,5100,5800,5900,6900,8400,8400,8400,8400,8400,8400,128,0,4200,9752.232639843734,669.7742000033031,73344.70539999893,28.0
1781969160,1000,POST,/payment/create-order,8.900000,0.000000,11000,11000,11000,12000,12000,13000,13000,15000,15000,15000,15000,687,0,11000,18076.004075982542,3553.6789999969187,83919.04849999992,174.27656477438137
1781969160,1000,POST,/predict/colleges [auth],10.200000,10.200000,13000,14000,14000,14000,15000,15000,15000,15000,15000,15000,15000,728,640,12000,17569.50700714304,3053.156599999056,85380.03029999527,326.28434065934067
1781969160,1000,POST,/predict/colleges [guest],6.400000,6.400000,13000,13000,14000,14000,14000,15000,16000,16000,16000,16000,16000,563,416,13000,23308.69308436953,3028.152599996247,89124.75689999701,656.234458259325
1781969160,1000,POST,/predict/colleges [premium],20.300000,20.300000,13000,14000,14000,15000,15000,16000,16000,16000,16000,16000,16000,1492,1260,12000,19471.655953485308,3024.4686999940313,83509.14919999923,131.91689008042894
1781969160,1000,GET,/predict/colleges-list,0.800000,0.000000,5100,5100,5700,5800,6900,6900,6900,6900,6900,6900,6900,104,0,4600,14430.132649038154,452.07429999572923,74415.22650000115,102062.0
1781969160,1000,POST,/predict/rank [auth],1.700000,0.000000,5500,6600,7600,7700,7800,7900,8200,8200,8200,8200,8200,130,0,4400,8086.813050769201,617.8264999980456,72335.49979999952,123.46153846153847
1781969160,1000,POST,/predict/rank [guest],2.500000,0.000000,4400,4600,4800,5000,5600,8300,8900,8900,8900,8900,8900,234,0,4500,9998.993303418822,592.3890999983996,74563.43580000248,123.41025641025641
1781969160,1000,,Aggregated,77.800000,36.900000,11000,12000,13000,13000,14000,15000,15000,15000,15000,15000,15000,7067,2316,11000,20542.930020503758,452.07429999572923,89124.75689999701,1737.753643696052
1781969161,1000,POST,/auth/login [setup],0.000000,0.000000,0,0,0,0,0,0,0,0,0,0,0,869,0,45000,44864.65960978133,1130.2634000021499,82665.62999999587,173.8849252013809
1781969161,1000,GET,/auth/me,17.400000,0.000000,7300,8100,8500,8700,9200,9600,9700,9800,10000,10000,10000,1534,0,7700,14987.504939308812,1782.9517999998643,81189.83650000155,331.3604954367666
1781969161,1000,POST,/auth/update-profile,7.400000,0.000000,9100,9900,10000,10000,11000,11000,11000,12000,12000,12000,12000,640,0,8400,15583.045513906134,1926.4559000002919,81872.38290000096,72.0
1781969161,1000,GET,/config,1.800000,0.000000,4100,5100,5800,5900,6900,8400,8400,8400,8400,8400,8400,128,0,4200,9752.232639843734,669.7742000033031,73344.70539999893,28.0
1781969161,1000,POST,/payment/create-order,8.500000,0.000000,11000,11000,12000,12000,13000,14000,14000,15000,15000,15000,15000,701,0,11000,17981.053518259687,3553.6789999969187,83919.04849999992,174.25106990014265
1781969161,1000,POST,/predict/colleges [auth],10.500000,10.500000,13000,14000,14000,14000,15000,15000,15000,15000,15000,15000,15000,728,640,12000,17569.50700714304,3053.156599999056,85380.03029999527,326.28434065934067
1781969161,1000,POST,/predict/colleges [guest],6.400000,6.400000,13000,13000,14000,14000,14000,15000,16000,16000,16000,16000,16000,563,416,13000,23308.69308436953,3028.152599996247,89124.75689999701,656.234458259325
1781969161,1000,POST,/predict/colleges [premium],20.800000,20.800000,13000,14000,14000,15000,15000,16000,16000,16000,16000,16000,16000,1492,1260,12000,19471.655953485308,3024.4686999940313,83509.14919999923,131.91689008042894
1781969161,1000,GET,/predict/colleges-list,0.800000,0.000000,5100,5100,5700,5800,6900,6900,6900,6900,6900,6900,6900,104,0,4600,14430.132649038154,452.07429999572923,74415.22650000115,102062.0
1781969161,1000,POST,/predict/rank [auth],1.700000,0.000000,5500,6600,7600,7700,7800,7900,8200,8200,8200,8200,8200,130,0,4400,8086.813050769201,617.8264999980456,72335.49979999952,123.46153846153847
1781969161,1000,POST,/predict/rank [guest],2.600000,0.000000,4400,4600,4800,5000,5600,8300,8900,8900,8900,8900,8900,235,0,4500,9974.333278723421,592.3890999983996,74563.43580000248,123.42127659574469
1781969161,1000,,Aggregated,77.900000,37.700000,11000,12000,13000,14000,14000,15000,15000,15000,15000,15000,15000,7124,2316,11000,20447.146126305455,452.07429999572923,89124.75689999701,1725.7922515440764
1781969162,1000,POST,/auth/login [setup],0.000000,0.000000,0,0,0,0,0,0,0,0,0,0,0,869,0,45000,44864.65960978133,1130.2634000021499,82665.62999999587,173.8849252013809
1781969162,1000,GET,/auth/me,17.400000,0.000000,8100,8500,8800,9000,9400,9700,9800,9800,10000,10000,10000,1534,0,7700,14987.504939308812,1782.9517999998643,81189.83650000155,331.3604954367666
1781969162,1000,POST,/auth/update-profile,7.400000,0.000000,9800,10000,10000,11000,11000,11000,11000,12000,12000,12000,12000,640,0,8400,15583.045513906134,1926.4559000002919,81872.38290000096,72.0
1781969162,1000,GET,/config,1.800000,0.000000,4100,5100,5800,5900,6900,8400,8400,8400,8400,8400,8400,128,0,4200,9752.232639843734,669.7742000033031,73344.70539999893,28.0
1781969162,1000,POST,/payment/create-order,8.700000,0.000000,11000,12000,13000,13000,14000,14000,14000,14000,14000,14000,14000,703,0,11000,17967.44372788058,3553.6789999969187,83919.04849999992,174.2475106685633
1781969162,1000,POST,/predict/colleges [auth],11.100000,11.100000,13000,14000,14000,14000,15000,15000,15000,15000,15000,15000,15000,728,640,12000,17569.50700714304,3053.156599999056,85380.03029999527,326.28434065934067
1781969162,1000,POST,/predict/colleges [guest],6.700000,6.700000,13000,13000,14000,14000,14000,15000,16000,16000,16000,16000,16000,563,416,13000,23308.69308436953,3028.152599996247,89124.75689999701,656.234458259325
1781969162,1000,POST,/predict/colleges [premium],21.400000,21.400000,13000,14000,14000,15000,15000,16000,16000,16000,16000,16000,16000,1492,1260,12000,19471.655953485308,3024.4686999940313,83509.14919999923,131.91689008042894
1781969162,1000,GET,/predict/colleges-list,0.900000,0.000000,5100,5100,5700,5800,6900,6900,6900,6900,6900,6900,6900,104,0,4600,14430.132649038154,452.07429999572923,74415.22650000115,102062.0
1781969162,1000,POST,/predict/rank [auth],1.900000,0.000000,5500,6600,7600,7700,7800,7900,8200,8200,8200,8200,8200,130,0,4400,8086.813050769201,617.8264999980456,72335.49979999952,123.46153846153847
1781969162,1000,POST,/predict/rank [guest],2.800000,0.000000,4400,4600,4800,5000,5600,8300,8900,8900,8900,8900,8900,235,0,4500,9974.333278723421,592.3890999983996,74563.43580000248,123.42127659574469
1781969162,1000,,Aggregated,80.100000,39.200000,12000,13000,13000,14000,14000,15000,15000,15000,15000,15000,15000,7126,2316,11000,20445.11134271682,452.07429999572923,89124.75689999701,1725.356441201235
1781969163,1000,POST,/auth/login [setup],0.000000,0.000000,0,0,0,0,0,0,0,0,0,0,0,869,0,45000,44864.65960978133,1130.2634000021499,82665.62999999587,173.8849252013809
1781969163,1000,GET,/auth/me,20.300000,0.000000,8100,8500,8800,9000,9400,9700,9800,10000,11000,11000,11000,1539,0,7700,14967.372211305868,1782.9517999998643,81189.83650000155,331.3573749187784
1781969163,1000,POST,/auth/update-profile,7.700000,0.000000,9800,10000,11000,11000,11000,11000,11000,12000,12000,12000,12000,640,0,8400,15583.045513906134,1926.4559000002919,81872.38290000096,72.0
1781969163,1000,GET,/config,0.600000,0.000000,3400,3400,4100,4100,4500,4500,4500,4500,4500,4500,4500,128,0,4200,9752.232639843734,669.7742000033031,73344.70539999893,28.0
1781969163,1000,POST,/payment/create-order,7.600000,0.000000,11000,12000,13000,13000,14000,14000,15000,15000,15000,15000,15000,706,0,11000,17952.36565509921,3553.6789999969187,83919.04849999992,174.24362606232296
1781969163,1000,POST,/predict/colleges [auth],7.100000,7.100000,14000,14000,14000,14000,15000,15000,15000,15000,15000,15000,15000,728,640,12000,17569.50700714304,3053.156599999056,85380.03029999527,326.28434065934067
1781969163,1000,POST,/predict/colleges [guest],5.400000,5.400000,13000,13000,14000,14000,14000,15000,15000,15000,15000,15000,15000,563,416,13000,23308.69308436953,3028.152599996247,89124.75689999701,656.234458259325
1781969163,1000,POST,/predict/colleges [premium],15.200000,15.200000,13000,14000,14000,14000,15000,15000,15000,15000,15000,15000,15000,1492,1260,12000,19471.655953485308,3024.4686999940313,83509.14919999923,131.91689008042894
1781969163,1000,GET,/predict/colleges-list,0.300000,0.000000,3800,3800,4600,4600,4600,4600,4600,4600,4600,4600,4600,104,0,4600,14430.132649038154,452.07429999572923,74415.22650000115,102062.0
1781969163,1000,POST,/predict/rank [auth],0.700000,0.000000,5000,5100,5100,5100,5700,5700,5700,5700,5700,5700,5700,130,0,4400,8086.813050769201,617.8264999980456,72335.49979999952,123.46153846153847
1781969163,1000,POST,/predict/rank [guest],2.000000,0.000000,4400,4600,4600,4600,5000,5100,5100,5100,5100,5100,5100,235,0,4500,9974.333278723421,592.3890999983996,74563.43580000248,123.42127659574469
1781969163,1000,,Aggregated,66.900000,27.700000,12000,13000,13000,14000,14000,15000,15000,15000,15000,15000,15000,7134,2316,11000,20434.409012657703,452.07429999572923,89124.75689999701,1723.726100364452
1781969164,1000,POST,/auth/login [setup],0.000000,0.000000,0,0,0,0,0,0,0,0,0,0,0,869,0,45000,44864.65960978133,1130.2634000021499,82665.62999999587,173.8849252013809
1781969164,1000,GET,/auth/me,15.700000,0.000000,8200,8600,8800,9000,9200,9600,9800,10000,11000,11000,11000,1580,0,7700,14798.264064050463,1782.9517999998643,81189.83650000155,331.32784810126583
1781969164,1000,POST,/auth/update-profile,6.600000,0.000000,9200,9900,10000,10000,11000,11000,12000,12000,12000,12000,12000,664,0,8500,15348.09402334326,1926.4559000002919,81872.38290000096,72.0
1781969164,1000,GET,/config,0.600000,0.000000,3400,4100,4500,4800,4800,4800,4800,4800,4800,4800,4800,131,0,4300,9616.705974045763,669.7742000033031,73344.70539999893,28.0
1781969164,1000,POST,/payment/create-order,7.400000,0.000000,11000,13000,13000,13000,14000,14000,15000,15000,15000,15000,15000,724,0,11000,17786.252436049777,3553.6789999969187,83919.04849999992,174.21546961325967
1781969164,1000,POST,/predict/colleges [auth],7.100000,7.100000,13000,14000,14000,14000,14000,15000,15000,15000,15000,15000,15000,768,680,12000,17278.09557591168,3053.156599999056,85380.03029999527,311.6341145833333
1781969164,1000,POST,/predict/colleges [guest],5.400000,5.400000,13000,13000,13000,14000,14000,15000,15000,15000,15000,15000,15000,575,428,13000,23060.704031826197,3028.152599996247,89124.75689999701,643.4782608695652
1781969164,1000,POST,/predict/colleges [premium],15.200000,15.200000,13000,14000,14000,14000,15000,15000,15000,15000,15000,15000,15000,1528,1296,12000,19288.667921989574,3024.4686999940313,83509.14919999923,129.86910994764398
1781969164,1000,GET,/predict/colleges-list,0.300000,0.000000,4600,4600,4700,4700,5300,5300,5300,5300,5300,5300,5300,107,0,4600,14148.329681308187,452.07429999572923,74415.22650000115,102062.0
1781969164,1000,POST,/predict/rank [auth],0.700000,0.000000,5000,5100,5100,5100,5700,5700,5700,5700,5700,5700,5700,131,0,4400,8056.689770228983,617.8264999980456,72335.49979999952,123.48091603053435
1781969164,1000,POST,/predict/rank [guest],2.000000,0.000000,4400,4600,5000,5000,5600,6000,6300,6300,6300,6300,6300,246,0,4500,9745.719614227712,592.3890999983996,74563.43580000248,123.46341463414635
1781969164,1000,,Aggregated,61.000000,27.700000,11000,12000,13000,13000,14000,15000,15000,15000,15000,15000,15000,7323,2404,11000,20164.704023788054,452.07429999572923,89124.75689999701,1724.316400382357
1781969165,1000,POST,/auth/login [setup],0.000000,0.000000,0,0,0,0,0,0,0,0,0,0,0,869,0,45000,44864.65960978133,1130.2634000021499,82665.62999999587,173.8849252013809
1781969165,1000,GET,/auth/me,11.000000,0.000000,8300,8700,8800,9000,9200,9600,9800,10000,11000,11000,11000,1584,0,7800,14782.701578282662,1782.9517999998643,81189.83650000155,331.32575757575756
1781969165,1000,POST,/auth/update-profile,5.300000,0.000000,9200,9900,10000,10000,11000,11000,12000,12000,12000,12000,12000,664,0,8500,15348.09402334326,1926.4559000002919,81872.38290000096,72.0
1781969165,1000,GET,/config,0.600000,0.000000,3400,4100,4500,4800,4800,4800,4800,4800,4800,4800,4800,131,0,4300,9616.705974045763,669.7742000033031,73344.70539999893,28.0
1781969165,1000,POST,/payment/create-order,5.600000,0.000000,11000,13000,13000,13000,14000,14000,15000,15000,15000,15000,15000,729,0,11000,17741.551967078252,3553.6789999969187,83919.04849999992,174.21124828532237
1781969165,1000,POST,/predict/colleges [auth],7.100000,7.100000,13000,14000,14000,14000,14000,15000,15000,15000,15000,15000,15000,770,682,12000,17260.0141805197,3053.156599999056,85380.03029999527,310.9415584415584
1781969165,1000,POST,/predict/colleges [guest],5.400000,5.400000,13000,13000,13000,14000,14000,15000,15000,15000,15000,15000,15000,575,428,13000,23060.704031826197,3028.152599996247,89124.75689999701,643.4782608695652
1781969165,1000,POST,/predict/colleges [premium],15.200000,15.200000,13000,14000,14000,14000,15000,15000,15000,15000,15000,15000,15000,1530,1298,12000,19278.238443006583,3024.4686999940313,83509.14919999923,129.75816993464053
1781969165,1000,GET,/predict/colleges-list,0.300000,0.000000,4400,4600,4700,4700,5300,5300,5300,5300,5300,5300,5300,108,0,4600,14057.73151296274,452.07429999572923,74415.22650000115,102062.0
1781969165,1000,POST,/predict/rank [auth],0.700000,0.000000,4500,5000,5100,5100,5700,5700,5700,5700,5700,5700,5700,133,0,4300,7987.810127067626,617.8264999980456,72335.49979999952,123.49624060150376
1781969165,1000,POST,/predict/rank [guest],2.000000,0.000000,4400,4600,5000,5000,5600,6000,6300,6300,6300,6300,6300,246,0,4500,9745.719614227712,592.3890999983996,74563.43580000248,123.46341463414635
1781969165,1000,,Aggregated,53.200000,27.700000,11000,12000,13000,13000,14000,15000,15000,15000,15000,15000,15000,7339,2408,11000,20140.561947063616,452.07429999572923,89124.75689999701,1734.8208202752419
1781969166,1000,POST,/auth/login [setup],0.000000,0.000000,0,0,0,0,0,0,0,0,0,0,0,869,0,45000,44864.65960978133,1130.2634000021499,82665.62999999587,173.8849252013809
1781969166,1000,GET,/auth/me,11.000000,0.000000,8200,8500,8800,8900,9100,9700,9800,10000,11000,11000,11000,1584,0,7800,14782.701578282662,1782.9517999998643,81189.83650000155,331.32575757575756
1781969166,1000,POST,/auth/update-profile,5.300000,0.000000,8800,9300,9800,9900,10000,11000,12000,12000,12000,12000,12000,664,0,8500,15348.09402334326,1926.4559000002919,81872.38290000096,72.0
1781969166,1000,GET,/config,0.600000,0.000000,3400,4500,4800,4800,4800,4800,4800,4800,4800,4800,4800,131,0,4300,9616.705974045763,669.7742000033031,73344.70539999893,28.0
1781969166,1000,POST,/payment/create-order,5.600000,0.000000,12000,13000,13000,14000,14000,14000,15000,15000,15000,15000,15000,729,0,11000,17741.551967078252,3553.6789999969187,83919.04849999992,174.21124828532237
1781969166,1000,POST,/predict/colleges [auth],7.100000,7.100000,12000,13000,13000,14000,14000,14000,14000,14000,14000,14000,14000,770,682,12000,17260.0141805197,3053.156599999056,85380.03029999527,310.9415584415584
1781969166,1000,POST,/predict/colleges [guest],5.400000,5.400000,13000,13000,13000,14000,14000,15000,15000,15000,15000,15000,15000,575,428,13000,23060.704031826197,3028.152599996247,89124.75689999701,643.4782608695652
1781969166,1000,POST,/predict/colleges [premium],15.200000,15.200000,12000,13000,13000,14000,14000,14000,14000,15000,15000,15000,15000,1530,1298,12000,19278.238443006583,3024.4686999940313,83509.14919999923,129.75816993464053
1781969166,1000,GET,/predict/colleges-list,0.300000,0.000000,4400,4600,4700,4700,5300,5300,5300,5300,5300,5300,5300,108,0,4600,14057.73151296274,452.07429999572923,74415.22650000115,102062.0
1781969166,1000,POST,/predict/rank [auth],0.700000,0.000000,4500,5000,5100,5100,5700,5700,5700,5700,5700,5700,5700,133,0,4300,7987.810127067626,617.8264999980456,72335.49979999952,123.49624060150376
1781969166,1000,POST,/predict/rank [guest],2.000000,0.000000,4400,4600,5000,5100,5900,6000,6300,6300,6300,6300,6300,246,0,4500,9745.719614227712,592.3890999983996,74563.43580000248,123.46341463414635
1781969166,1000,,Aggregated,53.200000,27.700000,11000,12000,13000,13000,14000,14000,14000,14000,15000,15000,15000,7339,2408,11000,20140.561947063616,452.07429999572923,89124.75689999701,1734.8208202752419
1781969167,1000,POST,/auth/login [setup],0.000000,0.000000,0,0,0,0,0,0,0,0,0,0,0,869,0,45000,44864.65960978133,1130.2634000021499,82665.62999999587,173.8849252013809
1781969167,1000,GET,/auth/me,11.000000,0.000000,8200,8500,8800,8900,9100,9700,9800,10000,11000,11000,11000,1584,0,7800,14782.701578282662,1782.9517999998643,81189.83650000155,331.32575757575756
1781969167,1000,POST,/auth/update-profile,5.300000,0.000000,8800,9200,9700,9800,10000,11000,12000,12000,12000,12000,12000,664,0,8500,15348.09402334326,1926.4559000002919,81872.38290000096,72.0
1781969167,1000,GET,/config,0.600000,0.000000,3400,4500,4800,4800,4800,4800,4800,4800,4800,4800,4800,131,0,4300,9616.705974045763,669.7742000033031,73344.70539999893,28.0
1781969167,1000,POST,/payment/create-order,5.600000,0.000000,12000,13000,13000,14000,14000,14000,15000,15000,15000,15000,15000,729,0,11000,17741.551967078252,3553.6789999969187,83919.04849999992,174.21124828532237
1781969167,1000,POST,/predict/colleges [auth],7.100000,7.100000,12000,13000,13000,14000,14000,14000,14000,14000,14000,14000,14000,770,682,12000,17260.0141805197,3053.156599999056,85380.03029999527,310.9415584415584
1781969167,1000,POST,/predict/colleges [guest],5.400000,5.400000,12000,13000,13000,14000,14000,14000,14000,14000,14000,14000,14000,575,428,13000,23060.704031826197,3028.152599996247,89124.75689999701,643.4782608695652
1781969167,1000,POST,/predict/colleges [premium],15.200000,15.200000,13000,13000,14000,14000,14000,14000,14000,15000,15000,15000,15000,1530,1298,12000,19278.238443006583,3024.4686999940313,83509.14919999923,129.75816993464053
1781969167,1000,GET,/predict/colleges-list,0.300000,0.000000,4400,4600,4700,4700,5300,5300,5300,5300,5300,5300,5300,108,0,4600,14057.73151296274,452.07429999572923,74415.22650000115,102062.0
1781969167,1000,POST,/predict/rank [auth],0.700000,0.000000,4500,4500,5000,5000,5100,5100,5100,5100,5100,5100,5100,133,0,4300,7987.810127067626,617.8264999980456,72335.49979999952,123.49624060150376
1781969167,1000,POST,/predict/rank [guest],2.000000,0.000000,4600,4700,5000,5200,5900,6000,6300,6300,6300,6300,6300,246,0,4500,9745.719614227712,592.3890999983996,74563.43580000248,123.46341463414635
1781969167,1000,,Aggregated,53.200000,27.700000,11000,12000,13000,13000,14000,14000,14000,14000,15000,15000,15000,7339,2408,11000,20140.561947063616,452.07429999572923,89124.75689999701,1734.8208202752419
1781969168,1000,POST,/auth/login [setup],0.000000,0.000000,0,0,0,0,0,0,0,0,0,0,0,869,0,45000,44864.65960978133,1130.2634000021499,82665.62999999587,173.8849252013809
1781969168,1000,GET,/auth/me,15.600000,0.000000,8400,8900,9200,9800,10000,11000,11000,11000,11000,11000,11000,1608,0,7800,14715.65482008691,1782.9517999998643,81189.83650000155,331.30721393034827
1781969168,1000,POST,/auth/update-profile,7.300000,0.000000,9000,9800,10000,10000,11000,11000,12000,12000,12000,12000,12000,671,0,8500,15298.343984649671,1926.4559000002919,81872.38290000096,72.0
1781969168,1000,GET,/config,0.900000,0.000000,4800,4800,4800,5200,5200,5200,5200,5200,5200,5200,5200,132,0,4300,9582.96596212115,669.7742000033031,73344.70539999893,28.0
1781969168,1000,POST,/payment/create-order,6.900000,0.000000,12000,13000,13000,13000,14000,14000,15000,15000,15000,15000,15000,743,0,11000,17641.218488021605,3553.6789999969187,83919.04849999992,174.19111709286676
1781969168,1000,POST,/predict/colleges [auth],11.300000,11.300000,12000,13000,14000,14000,14000,14000,14000,14000,14000,14000,14000,780,692,12000,17211.17515782072,3053.156599999056,85380.03029999527,307.53205128205127
1781969168,1000,POST,/predict/colleges [guest],6.600000,6.600000,12000,13000,14000,14000,14000,14000,14000,14000,14000,14000,14000,578,431,13000,23011.709983045082,3028.152599996247,89124.75689999701,640.3719723183391
1781969168,1000,POST,/predict/colleges [premium],19.000000,19.000000,13000,13000,14000,14000,14000,14000,14000,15000,15000,15000,15000,1542,1310,12000,19234.364073929988,3024.4686999940313,83509.14919999923,129.09857328145267
1781969168,1000,GET,/predict/colleges-list,0.700000,0.000000,4600,4700,4700,4700,5300,5300,5300,5300,5300,5300,5300,110,0,4600,13885.300524545235,452.07429999572923,74415.22650000115,102062.0
1781969168,1000,POST,/predict/rank [auth],1.000000,0.000000,4500,4500,5000,5100,5800,5800,5800,5800,5800,5800,5800,135,0,4300,7943.33636148146,617.8264999980456,72335.49979999952,123.44444444444444
1781969168,1000,POST,/predict/rank [guest],3.100000,0.000000,4600,5000,5100,5200,5600,6000,6300,6300,6300,6300,6300,253,0,4500,9607.942372727388,592.3890999983996,74563.43580000248,123.43873517786561
1781969168,1000,,Aggregated,72.400000,36.900000,11000,12000,13000,13000,14000,14000,14000,14000,15000,15000,15000,7421,2433,11000,20038.154573642343,452.07429999572923,89124.75689999701,1744.9231909446166
1781969169,1000,POST,/auth/login [setup],0.000000,0.000000,0,0,0,0,0,0,0,0,0,0,0,869,0,45000,44864.65960978133,1130.2634000021499,82665.62999999587,173.8849252013809
1781969169,1000,GET,/auth/me,11.300000,0.000000,8500,9000,9700,10000,11000,11000,11000,11000,11000,11000,11000,1616,0,7800,14696.408353093897,1782.9517999998643,81189.83650000155,331.30012376237624
1781969169,1000,POST,/auth/update-profile,4.300000,0.000000,9000,9800,10000,10000,11000,12000,12000,12000,12000,12000,12000,675,0,8600,15276.805084296184,1926.4559000002919,81872.38290000096,72.0
1781969169,1000,GET,/config,0.700000,0.000000,4800,4800,4800,5200,5200,5200,5200,5200,5200,5200,5200,132,0,4300,9582.96596212115,669.7742000033031,73344.70539999893,28.0
1781969169,1000,POST,/payment/create-order,4.900000,0.000000,13000,13000,13000,13000,14000,14000,15000,15000,15000,15000,15000,762,0,11000,17515.446972440972,3553.6789999969187,83919.04849999992,174.17191601049868
1781969169,1000,POST,/predict/colleges [auth],6.600000,6.600000,12000,13000,13000,14000,14000,14000,15000,15000,15000,15000,15000,783,695,12000,17200.86693946381,3053.156599999056,85380.03029999527,306.5261813537676
1781969169,1000,POST,/predict/colleges [guest],4.000000,4.000000,12000,13000,14000,14000,14000,14000,14000,14000,14000,14000,14000,581,434,13000,22965.673154733333,3028.152599996247,89124.75689999701,637.2977624784854
1781969169,1000,POST,/predict/colleges [premium],12.100000,12.100000,13000,13000,14000,14000,14000,14000,15000,15000,15000,15000,15000,1546,1314,12000,19221.994167205718,3024.4686999940313,83509.14919999923,128.8809831824062
1781969169,1000,GET,/predict/colleges-list,0.700000,0.000000,4600,4700,4700,4700,5300,5300,5300,5300,5300,5300,5300,110,0,4600,13885.300524545235,452.07429999572923,74415.22650000115,102062.0
1781969169,1000,POST,/predict/rank [auth],0.800000,0.000000,4400,5000,5100,5100,5800,5800,5800,5800,5800,5800,5800,135,0,4300,7943.33636148146,617.8264999980456,72335.49979999952,123.44444444444444
1781969169,1000,POST,/predict/rank [guest],2.800000,0.000000,4600,5000,5100,5300,5900,6000,6300,6300,6300,6300,6300,253,0,4500,9607.942372727388,592.3890999983996,74563.43580000248,123.43873517786561
1781969169,1000,,Aggregated,48.200000,22.700000,11000,12000,13000,13000,14000,14000,14000,15000,15000,15000,15000,7462,2443,11000,19997.243556311954,452.07429999572923,89124.75689999701,1736.2298311444654
1781969170,1000,POST,/auth/login [setup],0.000000,0.000000,0,0,0,0,0,0,0,0,0,0,0,869,0,45000,44864.65960978133,1130.2634000021499,82665.62999999587,173.8849252013809
1781969170,1000,GET,/auth/me,11.100000,0.000000,9600,10000,10000,10000,11000,11000,11000,11000,11000,11000,11000,1664,0,7900,14561.675492247457,1782.9517999998643,81189.83650000155,331.2668269230769
1781969170,1000,POST,/auth/update-profile,4.200000,0.000000,9700,10000,11000,11000,11000,12000,12000,12000,12000,12000,12000,690,0,8700,15166.554706231813,1926.4559000002919,81872.38290000096,72.0
1781969170,1000,GET,/config,0.400000,0.000000,4800,4800,5200,5200,6100,6100,6100,6100,6100,6100,6100,133,0,4300,9556.848448120229,669.7742000033031,73344.70539999893,28.0
1781969170,1000,POST,/payment/create-order,5.500000,0.000000,12000,13000,13000,13000,14000,14000,15000,15000,15000,15000,15000,771,0,11000,17453.314904150477,3553.6789999969187,83919.04849999992,174.1621271076524
1781969170,1000,POST,/predict/colleges [auth],6.500000,6.500000,13000,14000,14000,14000,14000,15000,15000,15000,15000,15000,15000,800,712,12000,17135.70308662518,3053.156599999056,85380.03029999527,300.96875
1781969170,1000,POST,/predict/colleges [guest],4.000000,4.000000,13000,14000,14000,14000,14000,15000,15000,15000,15000,15000,15000,592,445,13000,22802.676022297434,3028.152599996247,89124.75689999701,626.2922297297297
1781969170,1000,POST,/predict/colleges [premium],10.800000,10.800000,14000,14000,14000,14000,14000,15000,15000,15000,15000,15000,15000,1589,1357,12000,19085.525811202042,3024.4686999940313,83509.14919999923,126.61107614852108
1781969170,1000,GET,/predict/colleges-list,0.600000,0.000000,4600,4700,4700,4700,5300,5300,5300,5300,5300,5300,5300,110,0,4600,13885.300524545235,452.07429999572923,74415.22650000115,102062.0
1781969170,1000,POST,/predict/rank [auth],0.900000,0.000000,5000,5100,5800,6200,6200,6200,6200,6200,6200,6200,6200,137,0,4400,7917.274673722642,617.8264999980456,72335.49979999952,123.41605839416059
1781969170,1000,POST,/predict/rank [guest],2.500000,0.000000,4600,5000,5100,5300,5900,6000,6300,6300,6300,6300,6300,253,0,4500,9607.942372727388,592.3890999983996,74563.43580000248,123.43873517786561
1781969170,1000,,Aggregated,46.500000,21.300000,11000,12000,13000,14000,14000,14000,15000,15000,15000,15000,15000,7608,2514,11000,19845.953325289152,452.07429999572923,89124.75689999701,1705.7965299684543
1781969171,1000,POST,/auth/login [setup],0.000000,0.000000,0,0,0,0,0,0,0,0,0,0,0,869,0,45000,44864.65960978133,1130.2634000021499,82665.62999999587,173.8849252013809
1781969171,1000,GET,/auth/me,13.500000,0.000000,9600,10000,10000,10000,11000,11000,11000,11000,11000,11000,11000,1665,0,7900,14558.513488288152,1782.9517999998643,81189.83650000155,331.26726726726724
1781969171,1000,POST,/auth/update-profile,4.500000,0.000000,9700,10000,11000,11000,11000,12000,12000,12000,12000,12000,12000,690,0,8700,15166.554706231813,1926.4559000002919,81872.38290000096,72.0
1781969171,1000,GET,/config,0.500000,0.000000,4800,4800,5200,5200,6100,6100,6100,6100,6100,6100,6100,133,0,4300,9556.848448120229,669.7742000033031,73344.70539999893,28.0
1781969171,1000,POST,/payment/create-order,6.000000,0.000000,12000,13000,13000,13000,13000,14000,15000,15000,15000,15000,15000,772,0,11000,17447.022127202094,3553.6789999969187,83919.04849999992,174.16062176165804
1781969171,1000,POST,/predict/colleges [auth],7.200000,7.200000,13000,14000,14000,14000,14000,15000,15000,15000,15000,15000,15000,800,712,12000,17135.70308662518,3053.156599999056,85380.03029999527,300.96875
1781969171,1000,POST,/predict/colleges [guest],4.400000,4.400000,13000,14000,14000,14000,14000,15000,15000,15000,15000,15000,15000,592,445,13000,22802.676022297434,3028.152599996247,89124.75689999701,626.2922297297297
1781969171,1000,POST,/predict/colleges [premium],11.500000,11.500000,14000,14000,14000,14000,14000,15000,15000,15000,15000,15000,15000,1589,1357,12000,19085.525811202042,3024.4686999940313,83509.14919999923,126.61107614852108
1781969171,1000,GET,/predict/colleges-list,0.800000,0.000000,4600,4700,4700,4700,5300,5300,5300,5300,5300,5300,5300,110,0,4600,13885.300524545235,452.07429999572923,74415.22650000115,102062.0
1781969171,1000,POST,/predict/rank [auth],1.000000,0.000000,5000,5100,5800,6200,6200,6200,6200,6200,6200,6200,6200,137,0,4400,7917.274673722642,617.8264999980456,72335.49979999952,123.41605839416059
1781969171,1000,POST,/predict/rank [guest],3.100000,0.000000,4600,5000,5100,5300,5900,6000,6300,6300,6300,6300,6300,253,0,4500,9607.942372727388,592.3890999983996,74563.43580000248,123.43873517786561
1781969171,1000,,Aggregated,52.500000,23.100000,11000,12000,13000,14000,14000,14000,15000,15000,15000,15000,15000,7610,2514,11000,19843.61434018395,452.07429999572923,89124.75689999701,1705.4145860709593
1781969172,1000,POST,/auth/login [setup],0.000000,0.000000,0,0,0,0,0,0,0,0,0,0,0,869,0,45000,44864.65960978133,1130.2634000021499,82665.62999999587,173.8849252013809
1781969172,1000,GET,/auth/me,14.500000,0.000000,9800,10000,10000,11000,11000,11000,11000,11000,11000,11000,11000,1670,0,7900,14546.291842155555,1782.9517999998643,81189.83650000155,331.262874251497
1781969172,1000,POST,/auth/update-profile,4.900000,0.000000,9800,10000,11000,11000,12000,12000,12000,12000,12000,12000,12000,692,0,8700,15157.246230202234,1926.4559000002919,81872.38290000096,72.0
1781969172,1000,GET,/config,0.500000,0.000000,4800,5200,5200,6100,6100,6100,6100,6100,6100,6100,6100,133,0,4300,9556.848448120229,669.7742000033031,73344.70539999893,28.0
1781969172,1000,POST,/payment/create-order,7.600000,0.000000,12000,13000,13000,13000,14000,14000,15000,15000,15000,15000,15000,785,0,11000,17379.6341903185,3553.6789999969187,83919.04849999992,174.14777070063695
1781969172,1000,POST,/predict/colleges [auth],7.000000,7.000000,13000,14000,14000,14000,14000,15000,15000,15000,15000,15000,15000,800,712,12000,17135.70308662518,3053.156599999056,85380.03029999527,300.96875
1781969172,1000,POST,/predict/colleges [guest],4.400000,4.400000,14000,14000,14000,14000,15000,15000,16000,16000,16000,16000,16000,593,446,13000,22790.679908937735,3028.152599996247,89124.75689999701,625.3119730185498
1781969172,1000,POST,/predict/colleges [premium],11.800000,11.800000,14000,14000,14000,14000,15000,15000,15000,15000,15000,15000,15000,1590,1358,12000,19083.041723459148,3024.4686999940313,83509.14919999923,126.55974842767296
1781969172,1000,GET,/predict/colleges-list,0.700000,0.000000,4700,4700,4700,4700,5300,5300,5300,5300,5300,5300,5300,110,0,4600,13885.300524545235,452.07429999572923,74415.22650000115,102062.0
1781969172,1000,POST,/predict/rank [auth],0.800000,0.000000,4200,5800,6200,6200,6200,6200,6200,6200,6200,6200,6200,137,0,4400,7917.274673722642,617.8264999980456,72335.49979999952,123.41605839416059
1781969172,1000,POST,/predict/rank [guest],2.900000,0.000000,5000,5200,5500,5600,6000,6300,6300,6300,6300,6300,6300,253,0,4500,9607.942372727388,592.3890999983996,74563.43580000248,123.43873517786561
1781969172,1000,,Aggregated,55.100000,23.200000,11000,12000,13000,14000,14000,15000,15000,15000,16000,16000,16000,7632,2516,11000,19823.233196475354,452.07429999572923,89124.75689999701,1701.0406184486374
1781969173,1000,POST,/auth/login [setup],0.000000,0.000000,0,0,0,0,0,0,0,0,0,0,0,869,0,45000,44864.65960978133,1130.2634000021499,82665.62999999587,173.8849252013809
1781969173,1000,GET,/auth/me,14.100000,0.000000,10000,10000,11000,11000,11000,11000,11000,12000,12000,12000,12000,1689,0,8000,14503.673924156185,1782.9517999998643,81189.83650000155,331.2516281823564
1781969173,1000,POST,/auth/update-profile,5.400000,0.000000,10000,11000,12000,12000,12000,12000,12000,12000,12000,12000,12000,704,0,8800,15100.613976704457,1926.4559000002919,81872.38290000096,72.0
1781969173,1000,GET,/config,0.500000,0.000000,6100,6300,6400,7000,9300,9300,9300,9300,9300,9300,9300,137,0,4500,9489.27733576633,669.7742000033031,73344.70539999893,28.0
1781969173,1000,POST,/payment/create-order,8.100000,0.000000,13000,13000,13000,13000,13000,14000,15000,15000,15000,15000,15000,796,0,11000,17320.455227010072,3553.6789999969187,83919.04849999992,174.13442211055278
1781969173,1000,POST,/predict/colleges [auth],7.200000,7.200000,13000,14000,14000,14000,14000,15000,15000,15000,15000,15000,15000,800,712,12000,17135.70308662518,3053.156599999056,85380.03029999527,300.96875
1781969173,1000,POST,/predict/colleges [guest],2.900000,2.900000,14000,14000,14000,15000,16000,17000,17000,17000,17000,17000,17000,596,449,13000,22760.43697231557,3028.152599996247,89124.75689999701,622.3909395973154
1781969173,1000,POST,/predict/colleges [premium],9.700000,9.700000,14000,14000,14000,15000,15000,17000,17000,17000,17000,17000,17000,1599,1367,12000,19070.337936898082,3024.4686999940313,83509.14919999923,126.10068792995622
1781969173,1000,GET,/predict/colleges-list,0.600000,0.000000,4700,5300,7300,8900,9400,9400,9400,9400,9400,9400,9400,113,0,4700,13743.65313539808,452.07429999572923,74415.22650000115,102062.0
1781969173,1000,POST,/predict/rank [auth],0.700000,0.000000,6200,7000,7700,7700,8100,8300,8300,8300,8300,8300,8300,141,0,4500,7912.665463120597,617.8264999980456,72335.49979999952,123.42553191489361
1781969173,1000,POST,/predict/rank [guest],1.800000,0.000000,5300,5900,6300,6500,6700,6800,7000,7000,7000,7000,7000,259,0,4600,9539.236450579276,592.3890999983996,74563.43580000248,123.45173745173746
1781969173,1000,,Aggregated,51.000000,19.800000,11000,12000,13000,14000,14000,15000,17000,17000,17000,17000,17000,7703,2528,11000,19746.679760521845,452.07429999572923,89124.75689999701,1726.5303128651176
1781969174,1000,POST,/auth/login [setup],0.000000,0.000000,0,0,0,0,0,0,0,0,0,0,0,869,0,45000,44864.65960978133,1130.2634000021499,82665.62999999587,173.8849252013809
1781969174,1000,GET,/auth/me,13.100000,0.000000,10000,10000,11000,11000,11000,11000,11000,12000,12000,12000,12000,1723,0,8000,14409.159942019636,1782.9517999998643,81189.83650000155,331.22809053975624
1781969174,1000,POST,/auth/update-profile,5.000000,0.000000,10000,11000,12000,12000,12000,12000,12000,12000,12000,12000,12000,719,0,8800,15008.53483324052,1926.4559000002919,81872.38290000096,72.0
1781969174,1000,GET,/config,0.500000,0.000000,5200,5700,6300,6400,7000,9300,9300,9300,9300,9300,9300,143,0,4500,9255.774376922916,669.7742000033031,73344.70539999893,28.0
1781969174,1000,POST,/payment/create-order,7.000000,0.000000,13000,13000,13000,13000,13000,14000,15000,15000,15000,15000,15000,808,0,11000,17248.459024504995,3553.6789999969187,83919.04849999992,174.12747524752476
1781969174,1000,POST,/predict/colleges [auth],7.200000,7.200000,14000,14000,14000,15000,15000,16000,16000,16000,16000,16000,16000,821,733,12000,17053.70963836799,3053.156599999056,85380.03029999527,294.42143727162
1781969174,1000,POST,/predict/colleges [guest],2.900000,2.900000,14000,15000,16000,16000,17000,17000,17000,17000,17000,17000,17000,618,471,13000,22475.328660356117,3028.152599996247,89124.75689999701,601.836569579288
1781969174,1000,POST,/predict/colleges [premium],9.800000,9.800000,14000,15000,15000,16000,16000,17000,17000,17000,17000,17000,17000,1684,1452,12000,18834.254187886007,3024.4686999940313,83509.14919999923,122.00712589073635
1781969174,1000,GET,/predict/colleges-list,0.600000,0.000000,4700,7300,8900,8900,9400,9400,9400,9400,9400,9400,9400,115,0,4700,13560.90174260861,452.07429999572923,74415.22650000115,102062.0
1781969174,1000,POST,/predict/rank [auth],0.700000,0.000000,5800,6200,7000,7700,8100,8300,8300,8300,8300,8300,8300,145,0,4400,7775.41812000001,617.8264999980456,72335.49979999952,123.45517241379311
1781969174,1000,POST,/predict/rank [guest],1.800000,0.000000,5200,5600,6000,6200,6600,6800,7000,7000,7000,7000,7000,268,0,4600,9358.630404104575,592.3890999983996,74563.43580000248,123.4589552238806
1781969174,1000,,Aggregated,48.600000,19.900000,12000,14000,14000,14000,15000,16000,17000,17000,17000,17000,17000,7913,2656,11000,19546.142298432922,452.07429999572923,89124.75689999701,1709.27739163402
1781969176,1000,POST,/auth/login [setup],0.000000,0.000000,0,0,0,0,0,0,0,0,0,0,0,869,0,45000,44864.65960978133,1130.2634000021499,82665.62999999587,173.8849252013809
1781969176,1000,GET,/auth/me,13.700000,0.000000,10000,10000,11000,11000,11000,11000,11000,12000,12000,12000,12000,1724,0,8000,14406.082894663474,1782.9517999998643,81189.83650000155,331.2273781902552
1781969176,1000,POST,/auth/update-profile,5.200000,0.000000,11000,12000,12000,12000,12000,12000,12000,12000,12000,12000,12000,719,0,8800,15008.53483324052,1926.4559000002919,81872.38290000096,72.0
1781969176,1000,GET,/config,0.500000,0.000000,5700,6100,6400,6400,7000,9300,9300,9300,9300,9300,9300,143,0,4500,9255.774376922916,669.7742000033031,73344.70539999893,28.0
1781969176,1000,POST,/payment/create-order,8.400000,0.000000,13000,13000,13000,13000,13000,14000,15000,15000,15000,15000,15000,808,0,11000,17248.459024504995,3553.6789999969187,83919.04849999992,174.12747524752476
1781969176,1000,POST,/predict/colleges [auth],7.200000,7.200000,14000,14000,14000,15000,15000,16000,16000,16000,16000,16000,16000,821,733,12000,17053.70963836799,3053.156599999056,85380.03029999527,294.42143727162
1781969176,1000,POST,/predict/colleges [guest],3.000000,3.000000,14000,15000,16000,16000,17000,17000,17000,17000,17000,17000,17000,619,472,13000,22461.94026429739,3028.152599996247,89124.75689999701,600.9369951534734
1781969176,1000,POST,/predict/colleges [premium],9.800000,9.800000,14000,15000,15000,16000,16000,17000,17000,17000,17000,17000,17000,1684,1452,12000,18834.254187886007,3024.4686999940313,83509.14919999923,122.00712589073635
1781969176,1000,GET,/predict/colleges-list,0.600000,0.000000,4700,7300,8900,8900,9400,9400,9400,9400,9400,9400,9400,115,0,4700,13560.90174260861,452.07429999572923,74415.22650000115,102062.0
1781969176,1000,POST,/predict/rank [auth],0.700000,0.000000,6200,6200,7700,7700,8100,8300,8300,8300,8300,8300,8300,145,0,4400,7775.41812000001,617.8264999980456,72335.49979999952,123.45517241379311
1781969176,1000,POST,/predict/rank [guest],1.800000,0.000000,5500,5600,6200,6500,6700,6800,7000,7000,7000,7000,7000,268,0,4600,9358.630404104575,592.3890999983996,74563.43580000248,123.4589552238806
1781969176,1000,,Aggregated,50.900000,20.000000,12000,14000,14000,14000,15000,16000,17000,17000,17000,17000,17000,7915,2657,11000,19544.146083297503,452.07429999572923,89124.75689999701,1708.8928616550852
1781969177,1000,POST,/auth/login [setup],0.000000,0.000000,0,0,0,0,0,0,0,0,0,0,0,869,0,45000,44864.65960978133,1130.2634000021499,82665.62999999587,173.8849252013809
1781969177,1000,GET,/auth/me,15.100000,0.000000,10000,10000,11000,11000,11000,11000,11000,12000,12000,12000,12000,1729,0,8100,14394.429924985445,1782.9517999998643,81189.83650000155,331.22498554077504
1781969177,1000,POST,/auth/update-profile,6.500000,0.000000,11000,12000,12000,12000,12000,12000,12000,12000,12000,12000,12000,721,0,8900,14999.351435506143,1926.4559000002919,81872.38290000096,72.0
1781969177,1000,GET,/config,0.900000,0.000000,5700,6100,6400,6400,7000,9300,9300,9300,9300,9300,9300,143,0,4500,9255.774376922916,669.7742000033031,73344.70539999893,28.0
1781969177,1000,POST,/payment/create-order,8.900000,0.000000,13000,13000,13000,13000,14000,14000,15000,17000,17000,17000,17000,821,0,11000,17191.72931619981,3553.6789999969187,83919.04849999992,174.10962241169307
1781969177,1000,POST,/predict/colleges [auth],7.300000,7.300000,14000,14000,14000,15000,15000,16000,16000,16000,16000,16000,16000,821,733,12000,17053.70963836799,3053.156599999056,85380.03029999527,294.42143727162
1781969177,1000,POST,/predict/colleges [guest],3.600000,3.600000,14000,15000,16000,16000,17000,17000,17000,17000,17000,17000,17000,619,472,13000,22461.94026429739,3028.152599996247,89124.75689999701,600.9369951534734
1781969177,1000,POST,/predict/colleges [premium],11.700000,11.700000,14000,15000,15000,16000,16000,17000,17000,17000,17000,17000,17000,1684,1452,12000,18834.254187886007,3024.4686999940313,83509.14919999923,122.00712589073635
1781969177,1000,GET,/predict/colleges-list,0.900000,0.000000,4700,7300,8900,8900,9400,9400,9400,9400,9400,9400,9400,115,0,4700,13560.90174260861,452.07429999572923,74415.22650000115,102062.0
1781969177,1000,POST,/predict/rank [auth],1.100000,0.000000,6200,7000,7700,7700,8100,8300,8300,8300,8300,8300,8300,145,0,4400,7775.41812000001,617.8264999980456,72335.49979999952,123.45517241379311
1781969177,1000,POST,/predict/rank [guest],2.400000,0.000000,5500,5600,6200,6500,6700,6800,7000,7000,7000,7000,7000,268,0,4600,9358.630404104575,592.3890999983996,74563.43580000248,123.4589552238806
1781969177,1000,,Aggregated,58.400000,22.600000,12000,14000,14000,14000,15000,16000,17000,17000,17000,17000,17000,7935,2657,11000,19526.761108493978,452.07429999572923,89124.75689999701,1705.0954001260238
1781969178,1000,POST,/auth/login [setup],0.000000,0.000000,0,0,0,0,0,0,0,0,0,0,0,869,0,45000,44864.65960978133,1130.2634000021499,82665.62999999587,173.8849252013809
1781969178,1000,GET,/auth/me,14.000000,0.000000,10000,11000,11000,11000,11000,11000,12000,12000,12000,12000,12000,1745,0,8100,14362.999953065804,1782.9517999998643,81189.83650000155,331.22120343839543
1781969178,1000,POST,/auth/update-profile,5.500000,0.000000,11000,12000,12000,12000,12000,12000,13000,13000,13000,13000,13000,733,0,9000,14945.281041473303,1926.4559000002919,81872.38290000096,72.0
1781969178,1000,GET,/config,1.200000,0.000000,5700,6100,6400,6400,7000,9300,9300,9300,9300,9300,9300,143,0,4500,9255.774376922916,669.7742000033031,73344.70539999893,28.0
1781969178,1000,POST,/payment/create-order,7.900000,0.000000,13000,13000,13000,14000,14000,14000,15000,17000,17000,17000,17000,828,0,11000,17159.654230676388,3553.6789999969187,83919.04849999992,174.10386473429952
1781969178,1000,POST,/predict/colleges [auth],5.100000,5.100000,14000,15000,15000,15000,16000,16000,16000,16000,16000,16000,16000,832,744,12000,17029.714447596307,3053.156599999056,85380.03029999527,291.1237980769231
1781969178,1000,POST,/predict/colleges [guest],4.400000,4.400000,15000,15000,16000,16000,17000,17000,17000,17000,17000,17000,17000,624,477,13000,22403.163771474483,3028.152599996247,89124.75689999701,596.4823717948718
1781969178,1000,POST,/predict/colleges [premium],15.400000,15.400000,14000,15000,16000,16000,16000,17000,17000,17000,17000,17000,17000,1693,1461,13000,18815.39257082104,3024.4686999940313,83509.14919999923,121.59775546367395
1781969178,1000,GET,/predict/colleges-list,0.700000,0.000000,4700,7300,8900,8900,9400,9400,9400,9400,9400,9400,9400,115,0,4700,13560.90174260861,452.07429999572923,74415.22650000115,102062.0
1781969178,1000,POST,/predict/rank [auth],1.200000,0.000000,6200,7000,7700,7700,8100,8300,8300,8300,8300,8300,8300,145,0,4400,7775.41812000001,617.8264999980456,72335.49979999952,123.45517241379311
1781969178,1000,POST,/predict/rank [guest],2.200000,0.000000,5500,5600,6200,6500,6700,6800,7000,7000,7000,7000,7000,268,0,4600,9358.630404104575,592.3890999983996,74563.43580000248,123.4589552238806
1781969178,1000,,Aggregated,57.600000,24.900000,13000,14000,14000,15000,16000,16000,17000,17000,17000,17000,17000,7995,2682,11000,19479.086062989332,452.07429999572923,89124.75689999701,1693.3618511569732
1781969179,1000,POST,/auth/login [setup],0.000000,0.000000,0,0,0,0,0,0,0,0,0,0,0,869,0,45000,44864.65960978133,1130.2634000021499,82665.62999999587,173.8849252013809
1781969179,1000,GET,/auth/me,14.000000,0.000000,10000,10000,11000,11000,11000,11000,12000,12000,12000,12000,12000,1783,0,8200,14255.93913022984,1782.9517999998643,81189.83650000155,331.2013460459899
1781969179,1000,POST,/auth/update-profile,5.500000,0.000000,11000,11000,12000,12000,12000,12000,13000,13000,13000,13000,13000,755,0,9000,14797.84396596017,1926.4559000002919,81872.38290000096,72.0
1781969179,1000,GET,/config,1.200000,0.000000,5700,6300,6400,6400,7000,9300,9300,9300,9300,9300,9300,143,0,4500,9255.774376922916,669.7742000033031,73344.70539999893,28.0
1781969179,1000,POST,/payment/create-order,7.900000,0.000000,13000,13000,14000,14000,14000,15000,15000,17000,17000,17000,17000,839,0,11000,17114.71894302747,3553.6789999969187,83919.04849999992,174.09654350417162
1781969179,1000,POST,/predict/colleges [auth],5.100000,5.100000,14000,15000,15000,15000,16000,16000,16000,16000,16000,16000,16000,835,747,12000,17020.01693305405,3053.156599999056,85380.03029999527,290.23952095808386
1781969179,1000,POST,/predict/colleges [guest],4.400000,4.400000,15000,15000,16000,16000,17000,17000,17000,17000,17000,17000,17000,634,487,13000,22277.40655567835,3028.152599996247,89124.75689999701,587.7839116719243
1781969179,1000,POST,/predict/colleges [premium],15.400000,15.400000,14000,15000,15000,16000,16000,17000,17000,17000,17000,17000,17000,1714,1482,13000,18764.098498133026,3024.4686999940313,83509.14919999923,120.65927654609102
1781969179,1000,GET,/predict/colleges-list,0.700000,0.000000,4700,7300,8900,8900,9400,9400,9400,9400,9400,9400,9400,115,0,4700,13560.90174260861,452.07429999572923,74415.22650000115,102062.0
1781969179,1000,POST,/predict/rank [auth],1.200000,0.000000,6200,7000,7700,7700,8100,8300,8300,8300,8300,8300,8300,146,0,4300,7751.9062095890695,617.8264999980456,72335.49979999952,123.43150684931507
1781969179,1000,POST,/predict/rank [guest],2.200000,0.000000,5500,5600,6200,6500,6700,6800,7000,7000,7000,7000,7000,268,0,4600,9358.630404104575,592.3890999983996,74563.43580000248,123.4589552238806
1781969179,1000,,Aggregated,57.600000,24.900000,13000,14000,14000,15000,15000,16000,17000,17000,17000,17000,17000,8101,2716,11000,19375.086467102767,452.07429999572923,89124.75689999701,1673.3887174422912
1781969180,1000,POST,/auth/login [setup],0.000000,0.000000,0,0,0,0,0,0,0,0,0,0,0,869,0,45000,44864.65960978133,1130.2634000021499,82665.62999999587,173.8849252013809
1781969180,1000,GET,/auth/me,14.500000,0.000000,9900,10000,11000,11000,11000,11000,12000,12000,12000,12000,12000,1793,0,8200,14225.869355103063,1782.9517999998643,81189.83650000155,331.1935303959844
1781969180,1000,POST,/auth/update-profile,5.700000,0.000000,11000,11000,12000,12000,12000,12000,13000,13000,13000,13000,13000,755,0,9000,14797.84396596017,1926.4559000002919,81872.38290000096,72.0
1781969180,1000,GET,/config,1.200000,0.000000,5700,6300,6400,6400,7000,9300,9300,9300,9300,9300,9300,143,0,4500,9255.774376922916,669.7742000033031,73344.70539999893,28.0
1781969180,1000,POST,/payment/create-order,9.200000,0.000000,13000,14000,14000,14000,14000,15000,15000,17000,17000,17000,17000,846,0,11000,17084.473703073352,3553.6789999969187,83919.04849999992,174.0921985815603
1781969180,1000,POST,/predict/colleges [auth],5.100000,5.100000,14000,15000,15000,15000,16000,16000,16000,16000,16000,16000,16000,835,747,12000,17020.01693305405,3053.156599999056,85380.03029999527,290.23952095808386
1781969180,1000,POST,/predict/colleges [guest],4.400000,4.400000,15000,15000,16000,16000,17000,17000,17000,17000,17000,17000,17000,634,487,13000,22277.40655567835,3028.152599996247,89124.75689999701,587.7839116719243
1781969180,1000,POST,/predict/colleges [premium],15.400000,15.400000,15000,15000,16000,16000,17000,17000,17000,17000,17000,17000,17000,1714,1482,13000,18764.098498133026,3024.4686999940313,83509.14919999923,120.65927654609102
1781969180,1000,GET,/predict/colleges-list,0.700000,0.000000,7300,8900,8900,9400,9400,9400,9400,9400,9400,9400,9400,115,0,4700,13560.90174260861,452.07429999572923,74415.22650000115,102062.0
1781969180,1000,POST,/predict/rank [auth],1.200000,0.000000,6200,7000,7700,7700,8100,8300,8300,8300,8300,8300,8300,146,0,4300,7751.9062095890695,617.8264999980456,72335.49979999952,123.43150684931507
1781969180,1000,POST,/predict/rank [guest],2.200000,0.000000,5600,6200,6600,6700,6800,7000,7000,7000,7000,7000,7000,268,0,4600,9358.630404104575,592.3890999983996,74563.43580000248,123.4589552238806
1781969180,1000,,Aggregated,59.600000,24.900000,13000,14000,14000,15000,16000,16000,17000,17000,17000,17000,17000,8118,2716,11000,19357.038102254184,452.07429999572923,89124.75689999701,1670.440379403794
1781969181,1000,POST,/auth/login [setup],0.000000,0.000000,0,0,0,0,0,0,0,0,0,0,0,869,0,45000,44864.65960978133,1130.2634000021499,82665.62999999587,173.8849252013809
1781969181,1000,GET,/auth/me,16.100000,0.000000,9600,10000,10000,10000,11000,11000,12000,12000,12000,12000,12000,1844,0,8200,14042.808977711373,1782.9517999998643,81189.83650000155,331.1729934924078
1781969181,1000,POST,/auth/update-profile,6.000000,0.000000,11000,11000,12000,12000,12000,12000,13000,13000,13000,13000,13000,773,0,9000,14647.082621992167,1926.4559000002919,81872.38290000096,72.0
1781969181,1000,GET,/config,1.200000,0.000000,4600,5700,6300,6400,7000,9300,9300,9300,9300,9300,9300,147,0,4300,9040.747760544116,669.7742000033031,73344.70539999893,28.0
1781969181,1000,POST,/payment/create-order,8.900000,0.000000,13000,13000,14000,14000,14000,15000,17000,17000,17000,17000,17000,870,0,11000,16949.475367471343,3553.6789999969187,83919.04849999992,174.07011494252873
1781969181,1000,POST,/predict/colleges [auth],5.600000,5.600000,13000,14000,15000,15000,16000,16000,16000,16000,16000,16000,16000,894,806,12000,16677.117335906187,3053.156599999056,85380.03029999527,274.05480984340045
1781969181,1000,POST,/predict/colleges [guest],4.800000,4.800000,14000,15000,16000,16000,16000,17000,17000,17000,17000,17000,17000,675,528,13000,21686.910187851987,3028.152599996247,89124.75689999701,554.8148148148148
1781969181,1000,POST,/predict/colleges [premium],16.100000,16.100000,14000,15000,15000,16000,16000,17000,17000,17000,17000,17000,17000,1833,1601,13000,18318.546801473,3024.4686999940313,83509.14919999923,115.74740861974905
1781969181,1000,GET,/predict/colleges-list,0.700000,0.000000,3900,4700,7300,8900,9400,9400,9400,9400,9400,9400,9400,120,0,4600,13122.109728333277,452.07429999572923,74415.22650000115,102062.0
1781969181,1000,POST,/predict/rank [auth],1.100000,0.000000,4100,4400,5400,7000,8100,8300,8300,8300,8300,8300,8300,155,0,4300,7499.311045806518,617.8264999980456,72335.49979999952,123.4258064516129
1781969181,1000,POST,/predict/rank [guest],2.200000,0.000000,5100,5600,6100,6200,6700,6800,7000,7000,7000,7000,7000,281,0,4600,9107.537186832882,592.3890999983996,74563.43580000248,123.45907473309609
1781969181,1000,,Aggregated,62.700000,26.500000,12000,13000,14000,14000,16000,16000,17000,17000,17000,17000,17000,8461,2935,11000,18993.230729736402,452.07429999572923,89124.75689999701,1667.1711381633377
1781969182,1000,POST,/auth/login [setup],0.000000,0.000000,0,0,0,0,0,0,0,0,0,0,0,869,0,45000,44864.65960978133,1130.2634000021499,82665.62999999587,173.8849252013809
1781969182,1000,GET,/auth/me,17.500000,0.000000,9500,9800,10000,10000,11000,11000,12000,12000,12000,12000,12000,1851,0,8100,14012.517106050655,1782.9517999998643,81189.83650000155,331.1690977849811
1781969182,1000,POST,/auth/update-profile,8.400000,0.000000,11000,11000,12000,12000,12000,12000,13000,13000,13000,13000,13000,773,0,9000,14647.082621992167,1926.4559000002919,81872.38290000096,72.0
1781969182,1000,GET,/config,1.100000,0.000000,4600,5700,6300,6400,7000,9300,9300,9300,9300,9300,9300,147,0,4300,9040.747760544116,669.7742000033031,73344.70539999893,28.0
1781969182,1000,POST,/payment/create-order,9.500000,0.000000,13000,13000,14000,14000,14000,15000,17000,17000,17000,17000,17000,880,0,11000,16881.353492159174,3553.6789999969187,83919.04849999992,174.06363636363636
1781969182,1000,POST,/predict/colleges [auth],5.500000,5.500000,13000,14000,15000,15000,16000,16000,16000,16000,16000,16000,16000,896,808,12000,16665.39048325908,3053.156599999056,85380.03029999527,273.5435267857143
1781969182,1000,POST,/predict/colleges [guest],5.500000,5.500000,14000,15000,16000,16000,16000,17000,17000,17000,17000,17000,17000,676,529,13000,21671.5237340238,3028.152599996247,89124.75689999701,554.060650887574
1781969182,1000,POST,/predict/colleges [premium],17.200000,17.200000,14000,15000,15000,16000,16000,17000,17000,17000,17000,17000,17000,1835,1603,13000,18310.724379673025,3024.4686999940313,83509.14919999923,115.67029972752043
1781969182,1000,GET,/predict/colleges-list,0.500000,0.000000,3900,4700,7300,8900,9400,9400,9400,9400,9400,9400,9400,120,0,4600,13122.109728333277,452.07429999572923,74415.22650000115,102062.0
1781969182,1000,POST,/predict/rank [auth],1.100000,0.000000,4100,4400,5400,7000,8100,8300,8300,8300,8300,8300,8300,155,0,4300,7499.311045806518,617.8264999980456,72335.49979999952,123.4258064516129
1781969182,1000,POST,/predict/rank [guest],1.500000,0.000000,4700,5600,5900,6200,6700,6800,7000,7000,7000,7000,7000,282,0,4500,9085.916751773177,592.3890999983996,74563.43580000248,123.46808510638297
1781969182,1000,,Aggregated,67.800000,28.200000,12000,13000,14000,14000,16000,16000,17000,17000,17000,17000,17000,8484,2940,11000,18966.634639592146,452.07429999572923,89124.75689999701,1663.16973125884
1781969183,1000,POST,/auth/login [setup],0.000000,0.000000,0,0,0,0,0,0,0,0,0,0,0,869,0,45000,44864.65960978133,1130.2634000021499,82665.62999999587,173.8849252013809
1781969183,1000,GET,/auth/me,18.000000,0.000000,9100,9600,9800,10000,11000,11000,11000,12000,12000,12000,12000,1856,0,8100,13992.388083351167,1782.9517999998643,81189.83650000155,331.16702586206895
1781969183,1000,POST,/auth/update-profile,8.300000,0.000000,10000,11000,11000,11000,12000,12000,13000,13000,13000,13000,13000,776,0,9000,14622.47684871128,1926.4559000002919,81872.38290000096,72.0
1781969183,1000,GET,/config,1.400000,0.000000,2600,3500,4600,5300,5700,5700,5700,5700,5700,5700,5700,147,0,4300,9040.747760544116,669.7742000033031,73344.70539999893,28.0
1781969183,1000,POST,/payment/create-order,9.900000,0.000000,13000,13000,14000,14000,14000,15000,17000,17000,17000,17000,17000,893,0,11000,16774.71652385225,3553.6789999969187,83919.04849999992,174.0615901455767
1781969183,1000,POST,/predict/colleges [auth],9.400000,9.400000,13000,14000,15000,15000,16000,16000,16000,16000,16000,16000,16000,896,808,12000,16665.39048325908,3053.156599999056,85380.03029999527,273.5435267857143
1781969183,1000,POST,/predict/colleges [guest],8.300000,8.300000,14000,15000,15000,16000,16000,16000,16000,17000,17000,17000,17000,676,529,13000,21671.5237340238,3028.152599996247,89124.75689999701,554.060650887574
1781969183,1000,POST,/predict/colleges [premium],24.400000,24.400000,14000,14000,15000,15000,16000,16000,16000,16000,17000,17000,17000,1835,1603,13000,18310.724379673025,3024.4686999940313,83509.14919999923,115.67029972752043
1781969183,1000,GET,/predict/colleges-list,1.000000,0.000000,3500,3500,3900,3900,4700,4700,4700,4700,4700,4700,4700,120,0,4600,13122.109728333277,452.07429999572923,74415.22650000115,102062.0
1781969183,1000,POST,/predict/rank [auth],1.800000,0.000000,3800,4100,4300,4400,4600,5400,5400,5400,5400,5400,5400,155,0,4300,7499.311045806518,617.8264999980456,72335.49979999952,123.4258064516129
1781969183,1000,POST,/predict/rank [guest],2.800000,0.000000,4300,5100,5500,5500,5600,5900,6100,6100,6100,6100,6100,282,0,4500,9085.916751773177,592.3890999983996,74563.43580000248,123.46808510638297
1781969183,1000,,Aggregated,85.300000,42.100000,11000,13000,14000,14000,15000,16000,16000,16000,17000,17000,17000,8505,2940,11000,18941.17687856552,452.07429999572923,89124.75689999701,1659.5486184597296
1781969184,1000,POST,/auth/login [setup],0.000000,0.000000,0,0,0,0,0,0,0,0,0,0,0,869,0,45000,44864.65960978133,1130.2634000021499,82665.62999999587,173.8849252013809
1781969184,1000,GET,/auth/me,18.600000,0.000000,7500,8700,9400,9600,10000,11000,11000,12000,12000,12000,12000,1913,0,8000,13752.293031259675,1782.9517999998643,81189.83650000155,331.1395713538944
1781969184,1000,POST,/auth/update-profile,8.300000,0.000000,9400,10000,11000,11000,12000,12000,13000,13000,13000,13000,13000,802,0,8800,14381.38524850368,1926.4559000002919,81872.38290000096,72.0
1781969184,1000,GET,/config,1.400000,0.000000,2600,3500,4600,5300,5700,5700,5700,5700,5700,5700,5700,147,0,4300,9040.747760544116,669.7742000033031,73344.70539999893,28.0
1781969184,1000,POST,/payment/create-order,10.800000,0.000000,12000,13000,13000,14000,14000,14000,15000,17000,17000,17000,17000,907,0,11000,16649.23515126797,3553.6789999969187,83919.04849999992,174.0529217199559
1781969184,1000,POST,/predict/colleges [auth],9.600000,9.600000,13000,14000,15000,15000,16000,16000,16000,16000,16000,16000,16000,898,810,12000,16650.82886057921,3053.156599999056,85380.03029999527,273.03452115812917
1781969184,1000,POST,/predict/colleges [guest],8.400000,8.400000,14000,14000,15000,15000,16000,16000,16000,16000,16000,16000,16000,677,530,13000,21654.524095568813,3028.152599996247,89124.75689999701,553.3087149187593
1781969184,1000,POST,/predict/colleges [premium],24.500000,24.500000,14000,14000,15000,15000,16000,16000,16000,16000,17000,17000,17000,1837,1605,13000,18301.794398094713,3024.4686999940313,83509.14919999923,115.59335873707131
1781969184,1000,GET,/predict/colleges-list,1.000000,0.000000,3500,3500,3900,3900,4700,4700,4700,4700,4700,4700,4700,120,0,4600,13122.109728333277,452.07429999572923,74415.22650000115,102062.0
1781969184,1000,POST,/predict/rank [auth],1.800000,0.000000,3800,4100,4300,4400,4600,5400,5400,5400,5400,5400,5400,155,0,4300,7499.311045806518,617.8264999980456,72335.49979999952,123.4258064516129
1781969184,1000,POST,/predict/rank [guest],2.900000,0.000000,4300,4700,5500,5500,5600,5900,6100,6100,6100,6100,6100,283,0,4500,9066.231072438273,592.3890999983996,74563.43580000248,123.46643109540636
1781969184,1000,,Aggregated,87.300000,42.500000,10000,12000,13000,14000,15000,16000,16000,16000,17000,17000,17000,8608,2945,11000,18795.885937941417,452.07429999572923,89124.75689999701,1642.4179832713755
1781969185,1000,POST,/auth/login [setup],0.000000,0.000000,0,0,0,0,0,0,0,0,0,0,0,869,0,45000,44864.65960978133,1130.2634000021499,82665.62999999587,173.8849252013809
1781969185,1000,GET,/auth/me,18.600000,0.000000,7300,8700,9400,9600,10000,11000,11000,12000,12000,12000,12000,1916,0,8000,13738.998698173147,1782.9517999998643,81189.83650000155,331.14039665970773
1781969185,1000,POST,/auth/update-profile,8.300000,0.000000,8500,9700,11000,11000,12000,12000,13000,13000,13000,13000,13000,804,0,8800,14364.652828233771,1926.4559000002919,81872.38290000096,72.0
1781969185,1000,GET,/config,1.400000,0.000000,2600,3500,4600,5300,5700,5700,5700,5700,5700,5700,5700,147,0,4300,9040.747760544116,669.7742000033031,73344.70539999893,28.0
1781969185,1000,POST,/payment/create-order,10.800000,0.000000,12000,13000,14000,14000,14000,15000,17000,17000,17000,17000,17000,908,0,11000,16640.627040198295,3553.6789999969187,83919.04849999992,174.05286343612335
1781969185,1000,POST,/predict/colleges [auth],9.600000,9.600000,13000,14000,15000,15000,15000,16000,16000,16000,16000,16000,16000,898,810,12000,16650.82886057921,3053.156599999056,85380.03029999527,273.03452115812917
1781969185,1000,POST,/predict/colleges [guest],8.400000,8.400000,14000,14000,15000,15000,16000,16000,16000,16000,16000,16000,16000,677,530,13000,21654.524095568813,3028.152599996247,89124.75689999701,553.3087149187593
1781969185,1000,POST,/predict/colleges [premium],24.500000,24.500000,13000,14000,15000,15000,16000,16000,16000,16000,16000,16000,16000,1837,1605,13000,18301.794398094713,3024.4686999940313,83509.14919999923,115.59335873707131
1781969185,1000,GET,/predict/colleges-list,1.000000,0.000000,3500,3500,3900,3900,4700,4700,4700,4700,4700,4700,4700,120,0,4600,13122.109728333277,452.07429999572923,74415.22650000115,102062.0
1781969185,1000,POST,/predict/rank [auth],1.800000,0.000000,3800,4100,4300,4400,4600,5400,5400,5400,5400,5400,5400,155,0,4300,7499.311045806518,617.8264999980456,72335.49979999952,123.4258064516129
1781969185,1000,POST,/predict/rank [guest],2.900000,0.000000,4300,4700,5500,5500,5600,5900,6100,6100,6100,6100,6100,283,0,4500,9066.231072438273,592.3890999983996,74563.43580000248,123.46643109540636
1781969185,1000,,Aggregated,87.300000,42.500000,10000,12000,13000,14000,15000,16000,16000,16000,17000,17000,17000,8614,2945,11000,18787.42907657299,452.07429999572923,89124.75689999701,1641.4263988855353
1781969186,1000,POST,/auth/login [setup],0.000000,0.000000,0,0,0,0,0,0,0,0,0,0,0,869,0,45000,44864.65960978133,1130.2634000021499,82665.62999999587,173.8849252013809
1781969186,1000,GET,/auth/me,18.600000,0.000000,7100,8700,9100,9500,10000,11000,11000,12000,12000,12000,12000,1916,0,8000,13738.998698173147,1782.9517999998643,81189.83650000155,331.14039665970773
1781969186,1000,POST,/auth/update-profile,8.300000,0.000000,8500,9500,10000,11000,11000,12000,13000,13000,13000,13000,13000,804,0,8800,14364.652828233771,1926.4559000002919,81872.38290000096,72.0
1781969186,1000,GET,/config,1.400000,0.000000,2600,3500,4600,5300,5700,5700,5700,5700,5700,5700,5700,147,0,4300,9040.747760544116,669.7742000033031,73344.70539999893,28.0
1781969186,1000,POST,/payment/create-order,10.800000,0.000000,12000,13000,13000,14000,14000,14000,15000,17000,17000,17000,17000,908,0,11000,16640.627040198295,3553.6789999969187,83919.04849999992,174.05286343612335
1781969186,1000,POST,/predict/colleges [auth],9.600000,9.600000,13000,14000,15000,15000,15000,16000,16000,16000,16000,16000,16000,898,810,12000,16650.82886057921,3053.156599999056,85380.03029999527,273.03452115812917
1781969186,1000,POST,/predict/colleges [guest],8.400000,8.400000,14000,14000,15000,15000,16000,16000,16000,16000,16000,16000,16000,677,530,13000,21654.524095568813,3028.152599996247,89124.75689999701,553.3087149187593
1781969186,1000,POST,/predict/colleges [premium],24.500000,24.500000,13000,14000,15000,15000,16000,16000,16000,16000,16000,16000,16000,1837,1605,13000,18301.794398094713,3024.4686999940313,83509.14919999923,115.59335873707131
1781969186,1000,GET,/predict/colleges-list,1.000000,0.000000,3500,3500,3900,3900,4700,4700,4700,4700,4700,4700,4700,120,0,4600,13122.109728333277,452.07429999572923,74415.22650000115,102062.0
1781969186,1000,POST,/predict/rank [auth],1.800000,0.000000,4100,4300,4400,4600,5400,5400,5400,5400,5400,5400,5400,155,0,4300,7499.311045806518,617.8264999980456,72335.49979999952,123.4258064516129
1781969186,1000,POST,/predict/rank [guest],2.900000,0.000000,4300,4700,5500,5500,5600,5900,6100,6100,6100,6100,6100,283,0,4500,9066.231072438273,592.3890999983996,74563.43580000248,123.46643109540636
1781969186,1000,,Aggregated,87.300000,42.500000,9800,12000,13000,14000,15000,16000,16000,16000,17000,17000,17000,8614,2945,11000,18787.42907657299,452.07429999572923,89124.75689999701,1641.4263988855353
1781969187,1000,POST,/auth/login [setup],0.000000,0.000000,0,0,0,0,0,0,0,0,0,0,0,869,0,45000,44864.65960978133,1130.2634000021499,82665.62999999587,173.8849252013809
1781969187,1000,GET,/auth/me,19.300000,0.000000,7000,8400,8700,8900,9600,9800,10000,11000,12000,12000,12000,1931,0,8000,13687.266511289354,1782.9517999998643,81189.83650000155,331.13568099430347
1781969187,1000,POST,/auth/update-profile,8.500000,0.000000,8200,9100,9700,10000,11000,11000,12000,12000,12000,12000,12000,816,0,8800,14265.58284901954,1926.4559000002919,81872.38290000096,72.0
1781969187,1000,GET,/config,0.400000,0.000000,3600,3900,5200,5300,5600,6100,6100,6100,6100,6100,6100,156,0,4300,8767.119517948608,669.7742000033031,73344.70539999893,28.0
1781969187,1000,POST,/payment/create-order,10.000000,0.000000,10000,12000,13000,13000,14000,14000,15000,17000,17000,17000,17000,921,0,11000,16545.787604451754,3553.6789999969187,83919.04849999992,174.04343105320305
1781969187,1000,POST,/predict/colleges [auth],7.700000,7.700000,11000,12000,14000,14000,15000,16000,16000,16000,16000,16000,16000,936,848,12000,16406.45724155992,3053.156599999056,85380.03029999527,263.7767094017094
1781969187,1000,POST,/predict/colleges [guest],5.900000,5.900000,12000,14000,14000,14000,16000,16000,16000,16000,16000,16000,16000,699,552,13000,21297.202539342037,3028.152599996247,89124.75689999701,537.310443490701
1781969187,1000,POST,/predict/colleges [premium],15.300000,15.300000,12000,13000,14000,14000,15000,16000,16000,16000,16000,16000,16000,1919,1687,12000,17966.553617613306,3024.4686999940313,83509.14919999923,112.57686294945285
1781969187,1000,GET,/predict/colleges-list,0.500000,0.000000,4100,4400,5500,5600,5800,6000,6000,6000,6000,6000,6000,128,0,4600,12609.44380624995,452.07429999572923,74415.22650000115,102062.0
1781969187,1000,POST,/predict/rank [auth],1.000000,0.000000,3700,4100,4400,4400,5100,5400,5400,5400,5400,5400,5400,161,0,4200,7343.833351552884,617.8264999980456,72335.49979999952,123.40993788819875
1781969187,1000,POST,/predict/rank [guest],1.500000,0.000000,4100,4400,5100,5500,5600,5900,6500,6500,6500,6500,6500,296,0,4400,8852.32350337845,592.3890999983996,74563.43580000248,123.42567567567568
1781969187,1000,,Aggregated,70.100000,28.900000,9500,11000,12000,13000,14000,15000,16000,16000,17000,17000,17000,8832,3087,11000,18546.4465745697,452.07429999572923,89124.75689999701,1695.2889492753623
1781969188,1000,POST,/auth/login [setup],0.000000,0.000000,0,0,0,0,0,0,0,0,0,0,0,869,0,45000,44864.65960978133,1130.2634000021499,82665.62999999587,173.8849252013809
1781969188,1000,GET,/auth/me,19.300000,0.000000,6300,6800,7100,7300,8700,9100,9600,9800,9800,9800,9800,1985,0,7900,13467.706281561572,1782.9517999998643,81189.83650000155,331.1168765743073
1781969188,1000,POST,/auth/update-profile,8.500000,0.000000,7900,8500,9400,9800,11000,11000,12000,12000,12000,12000,12000,832,0,8700,14099.097247596104,1926.4559000002919,81872.38290000096,72.0
1781969188,1000,GET,/config,0.400000,0.000000,2800,3700,5200,5300,5600,6100,6100,6100,6100,6100,6100,158,0,4200,8665.533924050547,669.7742000033031,73344.70539999893,28.0
1781969188,1000,POST,/payment/create-order,10.000000,0.000000,9700,11000,12000,12000,13000,14000,15000,15000,17000,17000,17000,940,0,11000,16385.20654585112,3553.6789999969187,83919.04849999992,174.0308510638298
1781969188,1000,POST,/predict/colleges [auth],7.700000,7.700000,11000,12000,13000,14000,15000,16000,16000,16000,16000,16000,16000,945,857,12000,16321.079133333425,3053.156599999056,85380.03029999527,261.69312169312167
1781969188,1000,POST,/predict/colleges [guest],5.900000,5.900000,12000,14000,14000,14000,15000,16000,16000,16000,16000,16000,16000,708,561,13000,21119.772282627237,3028.152599996247,89124.75689999701,531.0522598870057
1781969188,1000,POST,/predict/colleges [premium],15.300000,15.300000,11000,13000,13000,14000,15000,16000,16000,16000,16000,16000,16000,1942,1710,12000,17843.277587384102,3024.4686999940313,83509.14919999923,111.77651905252317
1781969188,1000,GET,/predict/colleges-list,0.500000,0.000000,4100,4400,5500,5600,5800,6000,6000,6000,6000,6000,6000,129,0,4600,12523.12809302323,452.07429999572923,74415.22650000115,102062.0
1781969188,1000,POST,/predict/rank [auth],1.000000,0.000000,3000,3700,4100,4300,4600,5100,5400,5400,5400,5400,5400,167,0,4100,7126.823056287591,617.8264999980456,72335.49979999952,123.39520958083833
1781969188,1000,POST,/predict/rank [guest],1.500000,0.000000,3600,4100,4400,5100,5600,5900,6500,6500,6500,6500,6500,301,0,4400,8737.912299335641,592.3890999983996,74563.43580000248,123.4186046511628
1781969188,1000,,Aggregated,70.100000,28.900000,8600,10000,11000,12000,13000,15000,16000,16000,17000,17000,17000,8976,3128,11000,18347.38433614076,452.07429999572923,89124.75689999701,1682.3082664884134
1781969189,1000,POST,/auth/login [setup],0.000000,0.000000,0,0,0,0,0,0,0,0,0,0,0,869,0,45000,44864.65960978133,1130.2634000021499,82665.62999999587,173.8849252013809
1781969189,1000,GET,/auth/me,19.300000,0.000000,6300,6700,6900,7100,8200,9100,9600,9800,9800,9800,9800,1985,0,7900,13467.706281561572,1782.9517999998643,81189.83650000155,331.1168765743073
1781969189,1000,POST,/auth/update-profile,8.500000,0.000000,7600,7800,8100,8200,9000,9700,10000,10000,10000,10000,10000,832,0,8700,14099.097247596104,1926.4559000002919,81872.38290000096,72.0
1781969189,1000,GET,/config,0.400000,0.000000,2800,3700,5200,5300,5600,6100,6100,6100,6100,6100,6100,158,0,4200,8665.533924050547,669.7742000033031,73344.70539999893,28.0
1781969189,1000,POST,/payment/create-order,10.000000,0.000000,9600,10000,11000,12000,13000,13000,14000,17000,17000,17000,17000,940,0,11000,16385.20654585112,3553.6789999969187,83919.04849999992,174.0308510638298
1781969189,1000,POST,/predict/colleges [auth],7.700000,7.700000,11000,12000,13000,13000,15000,16000,16000,16000,16000,16000,16000,945,857,12000,16321.079133333425,3053.156599999056,85380.03029999527,261.69312169312167
1781969189,1000,POST,/predict/colleges [guest],5.900000,5.900000,11000,12000,14000,14000,16000,16000,16000,16000,16000,16000,16000,708,561,13000,21119.772282627237,3028.152599996247,89124.75689999701,531.0522598870057
1781969189,1000,POST,/predict/colleges [premium],15.300000,15.300000,11000,12000,13000,13000,15000,16000,16000,16000,16000,16000,16000,1942,1710,12000,17843.277587384102,3024.4686999940313,83509.14919999923,111.77651905252317
1781969189,1000,GET,/predict/colleges-list,0.500000,0.000000,4100,4400,5500,5600,5800,6000,6000,6000,6000,6000,6000,129,0,4600,12523.12809302323,452.07429999572923,74415.22650000115,102062.0
1781969189,1000,POST,/predict/rank [auth],1.000000,0.000000,3000,3300,3800,4100,4600,5100,5400,5400,5400,5400,5400,167,0,4100,7126.823056287591,617.8264999980456,72335.49979999952,123.39520958083833
1781969189,1000,POST,/predict/rank [guest],1.500000,0.000000,3600,4100,4400,5100,5600,5900,6500,6500,6500,6500,6500,301,0,4400,8737.912299335641,592.3890999983996,74563.43580000248,123.4186046511628
1781969189,1000,,Aggregated,70.100000,28.900000,8600,10000,11000,12000,13000,15000,16000,16000,17000,17000,17000,8976,3128,11000,18347.38433614076,452.07429999572923,89124.75689999701,1682.3082664884134
1781969190,1000,POST,/auth/login [setup],0.000000,0.000000,0,0,0,0,0,0,0,0,0,0,0,869,0,45000,44864.65960978133,1130.2634000021499,82665.62999999587,173.8849252013809
1781969190,1000,GET,/auth/me,19.300000,0.000000,6100,6400,6700,6800,7000,7200,7400,7600,7700,7700,7700,1985,0,7900,13467.706281561572,1782.9517999998643,81189.83650000155,331.1168765743073
1781969190,1000,POST,/auth/update-profile,8.500000,0.000000,7600,7800,8100,8200,9000,9700,10000,10000,10000,10000,10000,832,0,8700,14099.097247596104,1926.4559000002919,81872.38290000096,72.0
1781969190,1000,GET,/config,0.400000,0.000000,2800,3700,5200,5300,5600,6100,6100,6100,6100,6100,6100,158,0,4200,8665.533924050547,669.7742000033031,73344.70539999893,28.0
1781969190,1000,POST,/payment/create-order,10.000000,0.000000,9200,9500,10000,10000,11000,11000,12000,14000,14000,14000,14000,940,0,11000,16385.20654585112,3553.6789999969187,83919.04849999992,174.0308510638298
1781969190,1000,POST,/predict/colleges [auth],7.700000,7.700000,10000,11000,11000,12000,12000,12000,13000,13000,13000,13000,13000,945,857,12000,16321.079133333425,3053.156599999056,85380.03029999527,261.69312169312167
1781969190,1000,POST,/predict/colleges [guest],5.900000,5.900000,9600,10000,11000,11000,12000,12000,13000,13000,13000,13000,13000,708,561,13000,21119.772282627237,3028.152599996247,89124.75689999701,531.0522598870057
1781969190,1000,POST,/predict/colleges [premium],15.300000,15.300000,9800,11000,11000,12000,12000,13000,13000,13000,13000,13000,13000,1942,1710,12000,17843.277587384102,3024.4686999940313,83509.14919999923,111.77651905252317
1781969190,1000,GET,/predict/colleges-list,0.500000,0.000000,4100,4400,5500,5600,5800,6000,6000,6000,6000,6000,6000,129,0,4600,12523.12809302323,452.07429999572923,74415.22650000115,102062.0
1781969190,1000,POST,/predict/rank [auth],1.000000,0.000000,3000,3300,3800,4100,4600,5100,5400,5400,5400,5400,5400,167,0,4100,7126.823056287591,617.8264999980456,72335.49979999952,123.39520958083833
1781969190,1000,POST,/predict/rank [guest],1.500000,0.000000,3500,3900,4100,5500,5600,6500,6500,6500,6500,6500,6500,301,0,4400,8737.912299335641,592.3890999983996,74563.43580000248,123.4186046511628
1781969190,1000,,Aggregated,70.100000,28.900000,7600,8900,9700,10000,11000,12000,12000,13000,14000,14000,14000,8976,3128,11000,18347.38433614076,452.07429999572923,89124.75689999701,1682.3082664884134
1781969191,1000,POST,/auth/login [setup],0.000000,0.000000,0,0,0,0,0,0,0,0,0,0,0,869,0,45000,44864.65960978133,1130.2634000021499,82665.62999999587,173.8849252013809
1781969191,1000,GET,/auth/me,20.200000,0.000000,6100,6400,6700,6800,7000,7200,7600,7700,7900,7900,7900,1986,0,7900,13464.891174017986,1782.9517999998643,81189.83650000155,331.1163141993958
1781969191,1000,POST,/auth/update-profile,7.700000,0.000000,7400,7700,7900,7900,8300,8500,8800,9100,9100,9100,9100,834,0,8700,14085.694184172622,1926.4559000002919,81872.38290000096,72.0
1781969191,1000,GET,/config,1.500000,0.000000,2800,3700,5200,5300,5600,6100,6100,6100,6100,6100,6100,158,0,4200,8665.533924050547,669.7742000033031,73344.70539999893,28.0
1781969191,1000,POST,/payment/create-order,10.100000,0.000000,8900,9400,9500,9900,11000,11000,11000,12000,12000,12000,12000,940,0,11000,16385.20654585112,3553.6789999969187,83919.04849999992,174.0308510638298
1781969191,1000,POST,/predict/colleges [auth],11.000000,11.000000,10000,11000,11000,12000,12000,12000,13000,13000,13000,13000,13000,945,857,12000,16321.079133333425,3053.156599999056,85380.03029999527,261.69312169312167
1781969191,1000,POST,/predict/colleges [guest],7.400000,7.400000,9600,10000,11000,11000,12000,12000,13000,13000,13000,13000,13000,708,561,13000,21119.772282627237,3028.152599996247,89124.75689999701,531.0522598870057
1781969191,1000,POST,/predict/colleges [premium],22.800000,22.800000,9800,11000,11000,12000,12000,13000,13000,13000,13000,13000,13000,1942,1710,12000,17843.277587384102,3024.4686999940313,83509.14919999923,111.77651905252317
1781969191,1000,GET,/predict/colleges-list,1.400000,0.000000,4100,4400,5500,5600,5800,6000,6000,6000,6000,6000,6000,129,0,4600,12523.12809302323,452.07429999572923,74415.22650000115,102062.0
1781969191,1000,POST,/predict/rank [auth],2.100000,0.000000,3000,3300,3800,4100,4600,5100,5400,5400,5400,5400,5400,167,0,4100,7126.823056287591,617.8264999980456,72335.49979999952,123.39520958083833
1781969191,1000,POST,/predict/rank [guest],3.300000,0.000000,3500,3900,4100,5500,5600,6500,6500,6500,6500,6500,6500,301,0,4400,8737.912299335641,592.3890999983996,74563.43580000248,123.4186046511628
1781969191,1000,,Aggregated,87.500000,41.200000,7600,8800,9500,10000,11000,12000,12000,13000,13000,13000,13000,8979,3128,11000,18344.02703458063,452.07429999572923,89124.75689999701,1681.7989753870143
1781969192,1000,POST,/auth/login [setup],0.000000,0.000000,0,0,0,0,0,0,0,0,0,0,0,869,0,45000,44864.65960978133,1130.2634000021499,82665.62999999587,173.8849252013809
1781969192,1000,GET,/auth/me,19.200000,0.000000,6500,6800,7000,7100,7400,7800,7900,9900,9900,9900,9900,2049,0,7800,13270.514832942768,1782.9517999998643,81189.83650000155,331.09077598828696
1781969192,1000,POST,/auth/update-profile,7.700000,0.000000,7500,7800,7900,8000,8400,8500,10000,10000,10000,10000,10000,848,0,8600,13987.395872995237,1926.4559000002919,81872.38290000096,72.0
1781969192,1000,GET,/config,1.500000,0.000000,2800,3700,5200,5300,5600,6100,6100,6100,6100,6100,6100,158,0,4200,8665.533924050547,669.7742000033031,73344.70539999893,28.0
1781969192,1000,POST,/payment/create-order,9.400000,0.000000,9300,9700,9900,10000,10000,11000,11000,11000,11000,11000,11000,967,0,11000,16201.77982512933,3553.6789999969187,83919.04849999992,174.01861427094104
1781969192,1000,POST,/predict/colleges [auth],11.000000,11.000000,10000,11000,11000,12000,12000,12000,13000,13000,13000,13000,13000,945,857,12000,16321.079133333425,3053.156599999056,85380.03029999527,261.69312169312167
1781969192,1000,POST,/predict/colleges [guest],7.400000,7.400000,9600,10000,11000,11000,12000,12000,13000,13000,13000,13000,13000,708,561,13000,21119.772282627237,3028.152599996247,89124.75689999701,531.0522598870057
1781969192,1000,POST,/predict/colleges [premium],22.800000,22.800000,9700,11000,11000,12000,12000,13000,13000,13000,13000,13000,13000,1942,1710,12000,17843.277587384102,3024.4686999940313,83509.14919999923,111.77651905252317
1781969192,1000,GET,/predict/colleges-list,1.400000,0.000000,4100,4400,5500,5600,5800,6000,6000,6000,6000,6000,6000,129,0,4600,12523.12809302323,452.07429999572923,74415.22650000115,102062.0
1781969192,1000,POST,/predict/rank [auth],2.100000,0.000000,3000,3300,3800,4100,4600,5100,5400,5400,5400,5400,5400,167,0,4100,7126.823056287591,617.8264999980456,72335.49979999952,123.39520958083833
1781969192,1000,POST,/predict/rank [guest],3.300000,0.000000,3500,3900,4100,5500,5600,6500,6500,6500,6500,6500,6500,301,0,4400,8737.912299335641,592.3890999983996,74563.43580000248,123.4186046511628
1781969192,1000,,Aggregated,85.800000,41.200000,7500,8600,9500,9900,11000,12000,12000,13000,13000,13000,13000,9083,3128,11000,18225.244902906485,452.07429999572923,89124.75689999701,1665.460310470109
1781969193,1000,POST,/auth/login [setup],0.000000,0.000000,0,0,0,0,0,0,0,0,0,0,0,869,0,45000,44864.65960978133,1130.2634000021499,82665.62999999587,173.8849252013809
1781969193,1000,GET,/auth/me,19.200000,0.000000,6500,6900,7100,7100,7600,7800,7900,9900,9900,9900,9900,2060,0,7800,13234.286363058118,1782.9517999998643,81189.83650000155,331.0849514563107
1781969193,1000,POST,/auth/update-profile,7.700000,0.000000,7500,7800,7900,8300,8500,9100,10000,10000,10000,10000,10000,848,0,8600,13987.395872995237,1926.4559000002919,81872.38290000096,72.0
1781969193,1000,GET,/config,1.500000,0.000000,3700,5200,5300,5300,5600,6100,6100,6100,6100,6100,6100,158,0,4200,8665.533924050547,669.7742000033031,73344.70539999893,28.0
1781969193,1000,POST,/payment/create-order,9.400000,0.000000,9500,9900,10000,10000,11000,11000,11000,12000,12000,12000,12000,972,0,11000,16168.553493004174,3553.6789999969187,83919.04849999992,174.01543209876544
1781969193,1000,POST,/predict/colleges [auth],11.000000,11.000000,10000,11000,11000,12000,12000,12000,13000,13000,13000,13000,13000,945,857,12000,16321.079133333425,3053.156599999056,85380.03029999527,261.69312169312167
1781969193,1000,POST,/predict/colleges [guest],7.400000,7.400000,9600,10000,11000,11000,12000,12000,13000,13000,13000,13000,13000,708,561,13000,21119.772282627237,3028.152599996247,89124.75689999701,531.0522598870057
1781969193,1000,POST,/predict/colleges [premium],22.800000,22.800000,9700,11000,11000,12000,12000,13000,13000,13000,13000,13000,13000,1942,1710,12000,17843.277587384102,3024.4686999940313,83509.14919999923,111.77651905252317
1781969193,1000,GET,/predict/colleges-list,1.400000,0.000000,4400,5500,5600,5800,6000,6000,6000,6000,6000,6000,6000,129,0,4600,12523.12809302323,452.07429999572923,74415.22650000115,102062.0
1781969193,1000,POST,/predict/rank [auth],2.100000,0.000000,2400,2600,3700,3700,3800,5100,5100,5100,5100,5100,5100,167,0,4100,7126.823056287591,617.8264999980456,72335.49979999952,123.39520958083833
1781969193,1000,POST,/predict/rank [guest],3.300000,0.000000,3500,3900,4100,5500,5600,6500,6500,6500,6500,6500,6500,301,0,4400,8737.912299335641,592.3890999983996,74563.43580000248,123.4186046511628
1781969193,1000,,Aggregated,85.800000,41.200000,7700,9000,9700,10000,11000,12000,12000,13000,13000,13000,13000,9099,3128,10000,18206.391622441985,452.07429999572923,89124.75689999701,1663.0259369161447
1781969194,1000,POST,/auth/login [setup],0.000000,0.000000,0,0,0,0,0,0,0,0,0,0,0,869,0,45000,44864.65960978133,1130.2634000021499,82665.62999999587,173.8849252013809
1781969194,1000,GET,/auth/me,19.200000,0.000000,6500,6900,7100,7100,7600,7800,7900,9900,9900,9900,9900,2060,0,7800,13234.286363058118,1782.9517999998643,81189.83650000155,331.0849514563107
1781969194,1000,POST,/auth/update-profile,7.700000,0.000000,7500,7800,7900,8300,8500,9100,10000,10000,10000,10000,10000,848,0,8600,13987.395872995237,1926.4559000002919,81872.38290000096,72.0
1781969194,1000,GET,/config,1.500000,0.000000,3700,5200,5300,5300,5600,6100,6100,6100,6100,6100,6100,158,0,4200,8665.533924050547,669.7742000033031,73344.70539999893,28.0
1781969194,1000,POST,/payment/create-order,9.400000,0.000000,9500,9900,10000,10000,11000,11000,11000,12000,12000,12000,12000,972,0,11000,16168.553493004174,3553.6789999969187,83919.04849999992,174.01543209876544
1781969194,1000,POST,/predict/colleges [auth],11.000000,11.000000,10000,11000,11000,12000,12000,12000,13000,13000,13000,13000,13000,945,857,12000,16321.079133333425,3053.156599999056,85380.03029999527,261.69312169312167
1781969194,1000,POST,/predict/colleges [guest],7.400000,7.400000,9500,10000,11000,11000,12000,12000,13000,13000,13000,13000,13000,708,561,13000,21119.772282627237,3028.152599996247,89124.75689999701,531.0522598870057
1781969194,1000,POST,/predict/colleges [premium],22.800000,22.800000,9700,11000,11000,12000,12000,13000,13000,13000,13000,13000,13000,1942,1710,12000,17843.277587384102,3024.4686999940313,83509.14919999923,111.77651905252317
1781969194,1000,GET,/predict/colleges-list,1.400000,0.000000,4400,5500,5600,5800,6000,6000,6000,6000,6000,6000,6000,129,0,4600,12523.12809302323,452.07429999572923,74415.22650000115,102062.0
1781969194,1000,POST,/predict/rank [auth],2.100000,0.000000,2400,2600,3700,3700,3800,5100,5100,5100,5100,5100,5100,167,0,4100,7126.823056287591,617.8264999980456,72335.49979999952,123.39520958083833
1781969194,1000,POST,/predict/rank [guest],3.300000,0.000000,3500,3900,4100,5500,5600,6500,6500,6500,6500,6500,6500,301,0,4400,8737.912299335641,592.3890999983996,74563.43580000248,123.4186046511628
1781969194,1000,,Aggregated,85.800000,41.200000,7700,9000,9700,10000,11000,12000,12000,13000,13000,13000,13000,9099,3128,10000,18206.391622441985,452.07429999572923,89124.75689999701,1663.0259369161447
1781969195,1000,POST,/auth/login [setup],0.000000,0.000000,0,0,0,0,0,0,0,0,0,0,0,869,0,45000,44864.65960978133,1130.2634000021499,82665.62999999587,173.8849252013809
1781969195,1000,GET,/auth/me,20.400000,0.000000,6700,7000,7100,7300,7800,8700,9400,9900,9900,9900,9900,2065,0,7800,13223.722613704462,1782.9517999998643,81189.83650000155,331.0818401937046
1781969195,1000,POST,/auth/update-profile,7.200000,0.000000,7600,7800,8100,8300,9100,10000,10000,10000,10000,10000,10000,850,0,8600,13978.162827764658,1926.4559000002919,81872.38290000096,72.0
1781969195,1000,GET,/config,1.100000,0.000000,3700,5200,5300,5300,5600,6100,6100,6100,6100,6100,6100,158,0,4200,8665.533924050547,669.7742000033031,73344.70539999893,28.0
1781969195,1000,POST,/payment/create-order,8.100000,0.000000,9700,10000,11000,11000,11000,11000,11000,12000,12000,12000,12000,983,0,11000,16107.966474364252,3553.6789999969187,83919.04849999992,174.00406917599187
1781969195,1000,POST,/predict/colleges [auth],4.900000,4.900000,10000,11000,11000,12000,12000,12000,13000,13000,13000,13000,13000,945,857,12000,16321.079133333425,3053.156599999056,85380.03029999527,261.69312169312167
1781969195,1000,POST,/predict/colleges [guest],3.200000,3.200000,9500,10000,11000,11000,12000,12000,13000,13000,13000,13000,13000,708,561,13000,21119.772282627237,3028.152599996247,89124.75689999701,531.0522598870057
1781969195,1000,POST,/predict/colleges [premium],10.700000,10.700000,9700,11000,11000,12000,12000,13000,13000,13000,13000,13000,13000,1942,1710,12000,17843.277587384102,3024.4686999940313,83509.14919999923,111.77651905252317
1781969195,1000,GET,/predict/colleges-list,0.900000,0.000000,4400,5500,5600,5800,6000,6000,6000,6000,6000,6000,6000,129,0,4600,12523.12809302323,452.07429999572923,74415.22650000115,102062.0
1781969195,1000,POST,/predict/rank [auth],1.200000,0.000000,2400,2600,3700,3700,3800,5100,5100,5100,5100,5100,5100,167,0,4100,7126.823056287591,617.8264999980456,72335.49979999952,123.39520958083833
1781969195,1000,POST,/predict/rank [guest],1.900000,0.000000,3500,3900,4100,5500,5600,6500,6500,6500,6500,6500,6500,301,0,4400,8737.912299335641,592.3890999983996,74563.43580000248,123.4186046511628
1781969195,1000,,Aggregated,59.600000,18.800000,7800,9400,9900,10000,11000,12000,12000,13000,13000,13000,13000,9117,3128,10000,18190.49450635073,452.07429999572923,89124.75689999701,1660.1479653394756
1781969196,1000,POST,/auth/login [setup],0.000000,0.000000,0,0,0,0,0,0,0,0,0,0,0,869,0,45000,44864.65960978133,1130.2634000021499,82665.62999999587,173.8849252013809
1781969196,1000,GET,/auth/me,16.100000,0.000000,6800,7100,7700,7900,8400,8700,9200,9900,9900,9900,9900,2089,0,7800,13166.792560315796,1782.9517999998643,81189.83650000155,331.07228338918145
1781969196,1000,POST,/auth/update-profile,4.700000,0.000000,8300,8900,9100,9600,10000,11000,11000,11000,11000,11000,11000,870,0,8700,13874.934609885004,1926.4559000002919,81872.38290000096,72.0
1781969196,1000,GET,/config,1.100000,0.000000,2800,3700,3900,5900,6600,7700,7700,7700,7700,7700,7700,168,0,4200,8378.650249404758,669.7742000033031,73344.70539999893,28.0
1781969196,1000,POST,/payment/create-order,6.800000,0.000000,9900,10000,10000,11000,11000,11000,11000,12000,12000,12000,12000,1002,0,11000,15995.202499201663,3553.6789999969187,83919.04849999992,173.9880239520958
1781969196,1000,POST,/predict/colleges [auth],4.700000,4.700000,11000,12000,13000,13000,13000,14000,14000,15000,15000,15000,15000,1025,937,12000,15960.617446341541,3053.156599999056,85380.03029999527,244.78048780487805
1781969196,1000,POST,/predict/colleges [guest],3.100000,3.100000,11000,12000,12000,12000,14000,14000,15000,15000,15000,15000,15000,752,605,13000,20581.278132313902,3028.152599996247,89124.75689999701,502.6130319148936
1781969196,1000,POST,/predict/colleges [premium],10.500000,10.500000,10000,11000,11000,12000,14000,14000,14000,15000,15000,15000,15000,2055,1823,12000,17486.718438394142,3024.4686999940313,83509.14919999923,108.10462287104623
1781969196,1000,GET,/predict/colleges-list,0.900000,0.000000,4600,5600,6100,6800,7800,8100,8100,8100,8100,8100,8100,137,0,4600,12123.245418978062,452.07429999572923,74415.22650000115,102062.0
1781969196,1000,POST,/predict/rank [auth],1.200000,0.000000,2400,3700,3800,6300,6900,7300,7300,7300,7300,7300,7300,173,0,4200,7055.435265896141,617.8264999980456,72335.49979999952,123.41618497109826
1781969196,1000,POST,/predict/rank [guest],1.800000,0.000000,2900,3500,4100,4100,5600,7600,8000,8000,8000,8000,8000,315,0,4400,8489.085029206397,592.3890999983996,74563.43580000248,123.4
1781969196,1000,,Aggregated,50.900000,18.300000,9100,10000,11000,11000,12000,13000,14000,15000,15000,15000,15000,9455,3365,11000,17908.65312031725,452.07429999572923,89124.75689999701,1689.9134849286093
1781969197,1000,POST,/auth/login [setup],0.000000,0.000000,0,0,0,0,0,0,0,0,0,0,0,869,0,45000,44864.65960978133,1130.2634000021499,82665.62999999587,173.8849252013809
1781969197,1000,GET,/auth/me,16.100000,0.000000,6800,7100,7700,7900,8400,8700,9200,9900,9900,9900,9900,2089,0,7800,13166.792560315796,1782.9517999998643,81189.83650000155,331.07228338918145
1781969197,1000,POST,/auth/update-profile,4.700000,0.000000,8300,8900,9100,9600,10000,11000,11000,11000,11000,11000,11000,871,0,8700,13869.88001400683,1926.4559000002919,81872.38290000096,72.0
1781969197,1000,GET,/config,1.100000,0.000000,2800,3700,3900,5900,6600,7700,7700,7700,7700,7700,7700,168,0,4200,8378.650249404758,669.7742000033031,73344.70539999893,28.0
1781969197,1000,POST,/payment/create-order,6.800000,0.000000,9900,10000,11000,11000,11000,11000,12000,12000,12000,12000,12000,1008,0,11000,15968.84628611119,3553.6789999969187,83919.04849999992,173.98214285714286
1781969197,1000,POST,/predict/colleges [auth],4.700000,4.700000,11000,12000,13000,13000,13000,14000,14000,15000,15000,15000,15000,1025,937,12000,15960.617446341541,3053.156599999056,85380.03029999527,244.78048780487805
1781969197,1000,POST,/predict/colleges [guest],3.100000,3.100000,11000,12000,12000,12000,14000,14000,15000,15000,15000,15000,15000,752,605,13000,20581.278132313902,3028.152599996247,89124.75689999701,502.6130319148936
1781969197,1000,POST,/predict/colleges [premium],10.500000,10.500000,10000,11000,11000,12000,14000,14000,14000,15000,15000,15000,15000,2056,1824,12000,17483.175971887144,3024.4686999940313,83509.14919999923,108.07392996108949
1781969197,1000,GET,/predict/colleges-list,0.900000,0.000000,4600,5600,6100,6800,7800,8100,8100,8100,8100,8100,8100,137,0,4600,12123.245418978062,452.07429999572923,74415.22650000115,102062.0
1781969197,1000,POST,/predict/rank [auth],1.200000,0.000000,2400,3700,3800,6300,6900,7300,7300,7300,7300,7300,7300,173,0,4200,7055.435265896141,617.8264999980456,72335.49979999952,123.41618497109826
1781969197,1000,POST,/predict/rank [guest],1.800000,0.000000,2900,3500,4100,4100,5600,7600,8000,8000,8000,8000,8000,315,0,4400,8489.085029206397,592.3890999983996,74563.43580000248,123.4
1781969197,1000,,Aggregated,50.900000,18.300000,9200,10000,11000,11000,12000,13000,14000,15000,15000,15000,15000,9463,3366,11000,17902.926682204332,452.07429999572923,89124.75689999701,1688.6068899926029
1781969198,1000,POST,/auth/login [setup],0.000000,0.000000,0,0,0,0,0,0,0,0,0,0,0,869,0,45000,44864.65960978133,1130.2634000021499,82665.62999999587,173.8849252013809
1781969198,1000,GET,/auth/me,17.100000,0.000000,6800,7200,7800,7900,8500,8700,9800,9900,9900,9900,9900,2092,0,7800,13161.910070888956,1782.9517999998643,81189.83650000155,331.0721797323136
1781969198,1000,POST,/auth/update-profile,6.500000,0.000000,8400,9000,9200,10000,10000,11000,13000,13000,13000,13000,13000,873,0,8700,13868.0689208476,1926.4559000002919,81872.38290000096,72.0
1781969198,1000,GET,/config,2.100000,0.000000,2800,3700,3900,5900,6600,7700,7700,7700,7700,7700,7700,168,0,4200,8378.650249404758,669.7742000033031,73344.70539999893,28.0
1781969198,1000,POST,/payment/create-order,9.300000,0.000000,10000,10000,11000,11000,11000,12000,12000,12000,12000,12000,12000,1011,0,11000,15955.73849258168,3553.6789999969187,83919.04849999992,173.9792284866469
1781969198,1000,POST,/predict/colleges [auth],12.700000,12.700000,11000,12000,13000,13000,13000,14000,14000,15000,15000,15000,15000,1025,937,12000,15960.617446341541,3053.156599999056,85380.03029999527,244.78048780487805
1781969198,1000,POST,/predict/colleges [guest],7.500000,7.500000,11000,12000,12000,12000,14000,14000,15000,15000,15000,15000,15000,752,605,13000,20581.278132313902,3028.152599996247,89124.75689999701,502.6130319148936
1781969198,1000,POST,/predict/colleges [premium],21.800000,21.800000,10000,11000,11000,12000,14000,14000,14000,15000,15000,15000,15000,2056,1824,12000,17483.175971887144,3024.4686999940313,83509.14919999923,108.07392996108949
1781969198,1000,GET,/predict/colleges-list,1.700000,0.000000,4600,5600,6100,6800,7800,8100,8100,8100,8100,8100,8100,137,0,4600,12123.245418978062,452.07429999572923,74415.22650000115,102062.0
1781969198,1000,POST,/predict/rank [auth],1.800000,0.000000,2400,3700,3800,6300,6900,7300,7300,7300,7300,7300,7300,173,0,4200,7055.435265896141,617.8264999980456,72335.49979999952,123.41618497109826
1781969198,1000,POST,/predict/rank [guest],3.200000,0.000000,2900,3500,4100,4100,5600,7600,8000,8000,8000,8000,8000,315,0,4400,8489.085029206397,592.3890999983996,74563.43580000248,123.4
1781969198,1000,,Aggregated,83.700000,42.000000,9200,10000,11000,11000,12000,13000,14000,15000,15000,15000,15000,9471,3366,11000,17897.317562960576,452.07429999572923,89124.75689999701,1687.355400696864
1781969199,1000,POST,/auth/login [setup],0.000000,0.000000,0,0,0,0,0,0,0,0,0,0,0,869,0,45000,44864.65960978133,1130.2634000021499,82665.62999999587,173.8849252013809
1781969199,1000,GET,/auth/me,16.500000,0.000000,7400,8000,8400,8700,9800,10000,10000,11000,11000,11000,11000,2101,0,7900,13149.859971965585,1782.9517999998643,81189.83650000155,331.0675868633984
1781969199,1000,POST,/auth/update-profile,5.900000,0.000000,9000,9600,10000,10000,11000,11000,13000,13000,13000,13000,13000,873,0,8700,13868.0689208476,1926.4559000002919,81872.38290000096,72.0
1781969199,1000,GET,/config,1.700000,0.000000,2800,3700,3900,5900,6600,7700,7700,7700,7700,7700,7700,168,0,4200,8378.650249404758,669.7742000033031,73344.70539999893,28.0
1781969199,1000,POST,/payment/create-order,9.100000,0.000000,10000,11000,11000,11000,12000,12000,12000,12000,12000,12000,12000,1013,0,11000,15948.233489536115,3553.6789999969187,83919.04849999992,173.97828232971372
1781969199,1000,POST,/predict/colleges [auth],10.900000,10.900000,11000,12000,13000,13000,13000,14000,14000,15000,15000,15000,15000,1025,937,12000,15960.617446341541,3053.156599999056,85380.03029999527,244.78048780487805
1781969199,1000,POST,/predict/colleges [guest],6.800000,6.800000,11000,12000,12000,12000,14000,14000,15000,15000,15000,15000,15000,752,605,13000,20581.278132313902,3028.152599996247,89124.75689999701,502.6130319148936
1781969199,1000,POST,/predict/colleges [premium],18.800000,18.800000,10000,11000,11000,12000,14000,14000,14000,15000,15000,15000,15000,2056,1824,12000,17483.175971887144,3024.4686999940313,83509.14919999923,108.07392996108949
1781969199,1000,GET,/predict/colleges-list,1.300000,0.000000,4600,5600,6100,6800,7800,8100,8100,8100,8100,8100,8100,137,0,4600,12123.245418978062,452.07429999572923,74415.22650000115,102062.0
1781969199,1000,POST,/predict/rank [auth],1.700000,0.000000,2400,3700,3800,6300,6900,7300,7300,7300,7300,7300,7300,173,0,4200,7055.435265896141,617.8264999980456,72335.49979999952,123.41618497109826
1781969199,1000,POST,/predict/rank [guest],2.800000,0.000000,2900,3500,4100,4100,5600,7600,8000,8000,8000,8000,8000,315,0,4400,8489.085029206397,592.3890999983996,74563.43580000248,123.4
1781969199,1000,,Aggregated,75.500000,36.500000,10000,11000,12000,12000,13000,14000,14000,15000,15000,15000,15000,9482,3366,11000,17888.94151871964,452.07429999572923,89124.75689999701,1685.7477325458765
1781969200,1000,POST,/auth/login [setup],0.000000,0.000000,0,0,0,0,0,0,0,0,0,0,0,869,0,45000,44864.65960978133,1130.2634000021499,82665.62999999587,173.8849252013809
1781969200,1000,GET,/auth/me,10.600000,0.000000,7700,8200,8700,9200,10000,11000,11000,11000,11000,11000,11000,2110,0,7900,13139.636794265254,1782.9517999998643,81189.83650000155,331.0644549763033
1781969200,1000,POST,/auth/update-profile,4.100000,0.000000,9000,9600,10000,10000,11000,11000,13000,13000,13000,13000,13000,873,0,8700,13868.0689208476,1926.4559000002919,81872.38290000096,72.0
1781969200,1000,GET,/config,1.000000,0.000000,2800,3700,3900,5900,6600,7700,7700,7700,7700,7700,7700,168,0,4200,8378.650249404758,669.7742000033031,73344.70539999893,28.0
1781969200,1000,POST,/payment/create-order,6.800000,0.000000,11000,11000,11000,12000,12000,13000,13000,13000,13000,13000,13000,1022,0,11000,15922.497430332774,3553.6789999969187,83919.04849999992,173.9706457925636
1781969200,1000,POST,/predict/colleges [auth],8.000000,8.000000,11000,12000,13000,13000,13000,14000,14000,15000,15000,15000,15000,1025,937,12000,15960.617446341541,3053.156599999056,85380.03029999527,244.78048780487805
1781969200,1000,POST,/predict/colleges [guest],4.400000,4.400000,11000,12000,12000,12000,14000,14000,15000,15000,15000,15000,15000,752,605,13000,20581.278132313902,3028.152599996247,89124.75689999701,502.6130319148936
1781969200,1000,POST,/predict/colleges [premium],11.400000,11.400000,10000,11000,11000,12000,14000,14000,14000,15000,15000,15000,15000,2056,1824,12000,17483.175971887144,3024.4686999940313,83509.14919999923,108.07392996108949
1781969200,1000,GET,/predict/colleges-list,0.800000,0.000000,4600,5600,6100,6800,7800,8100,8100,8100,8100,8100,8100,137,0,4600,12123.245418978062,452.07429999572923,74415.22650000115,102062.0
1781969200,1000,POST,/predict/rank [auth],0.600000,0.000000,2400,3700,3800,6300,6900,7300,7300,7300,7300,7300,7300,173,0,4200,7055.435265896141,617.8264999980456,72335.49979999952,123.41618497109826
1781969200,1000,POST,/predict/rank [guest],1.400000,0.000000,2900,3500,4100,4100,5600,7600,8000,8000,8000,8000,8000,315,0,4400,8489.085029206397,592.3890999983996,74563.43580000248,123.4
1781969200,1000,,Aggregated,49.100000,23.800000,10000,11000,12000,12000,13000,14000,14000,15000,15000,15000,15000,9500,3366,11000,17877.57401728417,452.07429999572923,89124.75689999701,1683.0306315789474
1781969201,1000,POST,/auth/login [setup],0.000000,0.000000,0,0,0,0,0,0,0,0,0,0,0,869,0,45000,44864.65960978133,1130.2634000021499,82665.62999999587,173.8849252013809
1781969201,1000,GET,/auth/me,10.600000,0.000000,8700,9800,10000,10000,11000,11000,11000,11000,12000,12000,12000,2143,0,7900,13095.33691423223,1782.9517999998643,81189.83650000155,331.05179654689687
1781969201,1000,POST,/auth/update-profile,4.100000,0.000000,10000,10000,11000,11000,12000,12000,13000,13000,13000,13000,13000,893,0,8800,13795.937087010037,1926.4559000002919,81872.38290000096,72.0
1781969201,1000,GET,/config,1.000000,0.000000,3100,5900,5900,6600,7700,7700,7700,7700,7700,7700,7700,168,0,4200,8378.650249404758,669.7742000033031,73344.70539999893,28.0
1781969201,1000,POST,/payment/create-order,6.800000,0.000000,11000,12000,12000,13000,13000,13000,13000,13000,13000,13000,13000,1039,0,11000,15867.980340712329,3553.6789999969187,83919.04849999992,173.95668912415783
1781969201,1000,POST,/predict/colleges [auth],8.000000,8.000000,12000,13000,13000,13000,14000,14000,15000,15000,15000,15000,15000,1025,937,12000,15960.617446341541,3053.156599999056,85380.03029999527,244.78048780487805
1781969201,1000,POST,/predict/colleges [guest],4.400000,4.400000,12000,12000,13000,14000,14000,15000,15000,15000,15000,15000,15000,752,605,13000,20581.278132313902,3028.152599996247,89124.75689999701,502.6130319148936
1781969201,1000,POST,/predict/colleges [premium],11.400000,11.400000,11000,12000,13000,13000,14000,14000,15000,15000,15000,15000,15000,2058,1826,12000,17479.45676292515,3024.4686999940313,83509.14919999923,108.01263362487852
1781969201,1000,GET,/predict/colleges-list,0.800000,0.000000,6100,6800,7800,7800,8100,8100,8100,8100,8100,8100,8100,137,0,4600,12123.245418978062,452.07429999572923,74415.22650000115,102062.0
1781969201,1000,POST,/predict/rank [auth],0.600000,0.000000,6700,6700,6900,6900,7300,7300,7300,7300,7300,7300,7300,173,0,4200,7055.435265896141,617.8264999980456,72335.49979999952,123.41618497109826
1781969201,1000,POST,/predict/rank [guest],1.400000,0.000000,2100,4700,4800,5600,7600,8000,8000,8000,8000,8000,8000,315,0,4400,8489.085029206397,592.3890999983996,74563.43580000248,123.4
1781969201,1000,,Aggregated,49.100000,23.800000,10000,11000,12000,12000,13000,14000,14000,15000,15000,15000,15000,9572,3368,11000,17825.942917509365,452.07429999572923,89124.75689999701,1671.9768073547848
1781969202,1000,POST,/auth/login [setup],0.000000,0.000000,0,0,0,0,0,0,0,0,0,0,0,869,0,45000,44864.65960978133,1130.2634000021499,82665.62999999587,173.8849252013809
1781969202,1000,GET,/auth/me,12.000000,0.000000,8700,10000,10000,10000,11000,11000,11000,12000,12000,12000,12000,2152,0,7900,13085.052989776797,1782.9517999998643,81189.83650000155,331.0497211895911
1781969202,1000,POST,/auth/update-profile,4.100000,0.000000,10000,11000,11000,12000,12000,13000,13000,13000,13000,13000,13000,899,0,8800,13787.571712680721,1926.4559000002919,81872.38290000096,72.0
1781969202,1000,GET,/config,1.000000,0.000000,3100,5900,5900,6600,7700,7700,7700,7700,7700,7700,7700,168,0,4200,8378.650249404758,669.7742000033031,73344.70539999893,28.0
1781969202,1000,POST,/payment/create-order,7.300000,0.000000,11000,12000,13000,13000,13000,13000,14000,14000,14000,14000,14000,1048,0,11000,15846.920575095524,3553.6789999969187,83919.04849999992,173.95038167938932
1781969202,1000,POST,/predict/colleges [auth],8.000000,8.000000,12000,13000,13000,13000,14000,14000,15000,15000,15000,15000,15000,1025,937,12000,15960.617446341541,3053.156599999056,85380.03029999527,244.78048780487805
1781969202,1000,POST,/predict/colleges [guest],4.400000,4.400000,12000,12000,13000,14000,14000,15000,15000,15000,15000,15000,15000,752,605,13000,20581.278132313902,3028.152599996247,89124.75689999701,502.6130319148936
1781969202,1000,POST,/predict/colleges [premium],11.400000,11.400000,11000,12000,13000,13000,14000,14000,15000,15000,15000,15000,15000,2058,1826,12000,17479.45676292515,3024.4686999940313,83509.14919999923,108.01263362487852
1781969202,1000,GET,/predict/colleges-list,0.800000,0.000000,6100,6800,7800,7800,8100,8100,8100,8100,8100,8100,8100,137,0,4600,12123.245418978062,452.07429999572923,74415.22650000115,102062.0
1781969202,1000,POST,/predict/rank [auth],0.600000,0.000000,6700,6700,6900,6900,7300,7300,7300,7300,7300,7300,7300,173,0,4200,7055.435265896141,617.8264999980456,72335.49979999952,123.41618497109826
1781969202,1000,POST,/predict/rank [guest],1.400000,0.000000,2100,4700,4800,5600,7600,8000,8000,8000,8000,8000,8000,315,0,4400,8489.085029206397,592.3890999983996,74563.43580000248,123.4
1781969202,1000,,Aggregated,51.000000,23.800000,10000,11000,12000,12000,13000,14000,14000,15000,15000,15000,15000,9596,3368,11000,17811.760001344275,452.07429999572923,89124.75689999701,1668.3126302626094
1781969203,1000,POST,/auth/login [setup],0.000000,0.000000,0,0,0,0,0,0,0,0,0,0,0,869,0,45000,44864.65960978133,1130.2634000021499,82665.62999999587,173.8849252013809
1781969203,1000,GET,/auth/me,12.000000,0.000000,10000,10000,11000,11000,11000,11000,11000,12000,12000,12000,12000,2185,0,8000,13038.94523871838,1782.9517999998643,81189.83650000155,331.03935926773454
1781969203,1000,POST,/auth/update-profile,4.100000,0.000000,10000,11000,11000,12000,12000,13000,13000,13000,13000,13000,13000,904,0,8800,13772.822160176964,1926.4559000002919,81872.38290000096,72.0
1781969203,1000,GET,/config,1.000000,0.000000,3100,5900,5900,6600,7700,7700,7700,7700,7700,7700,7700,168,0,4200,8378.650249404758,669.7742000033031,73344.70539999893,28.0
1781969203,1000,POST,/payment/create-order,7.300000,0.000000,12000,12000,13000,13000,13000,14000,14000,14000,14000,14000,14000,1055,0,11000,15824.409381232324,3553.6789999969187,83919.04849999992,173.94881516587677
1781969203,1000,POST,/predict/colleges [auth],8.000000,8.000000,12000,13000,13000,13000,14000,14000,15000,15000,15000,15000,15000,1025,937,12000,15960.617446341541,3053.156599999056,85380.03029999527,244.78048780487805
1781969203,1000,POST,/predict/colleges [guest],4.400000,4.400000,12000,12000,13000,14000,14000,15000,16000,16000,16000,16000,16000,753,606,13000,20574.920163081082,3028.152599996247,89124.75689999701,502.00531208499336
1781969203,1000,POST,/predict/colleges [premium],11.400000,11.400000,11000,12000,13000,13000,14000,14000,15000,15000,15000,15000,15000,2058,1826,12000,17479.45676292515,3024.4686999940313,83509.14919999923,108.01263362487852
1781969203,1000,GET,/predict/colleges-list,0.800000,0.000000,6100,6800,7800,7800,8100,8100,8100,8100,8100,8100,8100,137,0,4600,12123.245418978062,452.07429999572923,74415.22650000115,102062.0
1781969203,1000,POST,/predict/rank [auth],0.600000,0.000000,6700,6700,6900,6900,7300,7300,7300,7300,7300,7300,7300,173,0,4200,7055.435265896141,617.8264999980456,72335.49979999952,123.41618497109826
1781969203,1000,POST,/predict/rank [guest],1.400000,0.000000,2100,4700,4800,5600,7600,8000,8000,8000,8000,8000,8000,315,0,4400,8489.085029206397,592.3890999983996,74563.43580000248,123.4
1781969203,1000,,Aggregated,51.000000,23.800000,11000,11000,12000,12000,13000,14000,14000,15000,16000,16000,16000,9642,3369,11000,17777.56558913084,452.07429999572923,89124.75689999701,1661.652250570421
1781969204,1000,POST,/auth/login [setup],0.000000,0.000000,0,0,0,0,0,0,0,0,0,0,0,869,0,45000,44864.65960978133,1130.2634000021499,82665.62999999587,173.8849252013809
1781969204,1000,GET,/auth/me,13.300000,0.000000,10000,10000,11000,11000,11000,11000,11000,12000,12000,12000,12000,2187,0,8000,13036.21559309541,1782.9517999998643,81189.83650000155,331.03886602652034
1781969204,1000,POST,/auth/update-profile,4.900000,0.000000,10000,11000,12000,12000,12000,13000,13000,13000,13000,13000,13000,906,0,8900,13768.669633885193,1926.4559000002919,81872.38290000096,72.0
1781969204,1000,GET,/config,1.000000,0.000000,3100,5900,5900,6600,7700,7700,7700,7700,7700,7700,7700,168,0,4200,8378.650249404758,669.7742000033031,73344.70539999893,28.0
1781969204,1000,POST,/payment/create-order,8.200000,0.000000,12000,13000,13000,13000,13000,14000,14000,14000,14000,14000,14000,1063,0,11000,15800.894039416835,3553.6789999969187,83919.04849999992,173.94543744120415
1781969204,1000,POST,/predict/colleges [auth],8.000000,8.000000,12000,13000,13000,13000,14000,14000,15000,15000,15000,15000,15000,1025,937,12000,15960.617446341541,3053.156599999056,85380.03029999527,244.78048780487805
1781969204,1000,POST,/predict/colleges [guest],4.400000,4.400000,12000,12000,13000,14000,14000,15000,16000,16000,16000,16000,16000,753,606,13000,20574.920163081082,3028.152599996247,89124.75689999701,502.00531208499336
1781969204,1000,POST,/predict/colleges [premium],11.600000,11.600000,11000,12000,13000,13000,14000,14000,15000,15000,15000,15000,15000,2058,1826,12000,17479.45676292515,3024.4686999940313,83509.14919999923,108.01263362487852
1781969204,1000,GET,/predict/colleges-list,0.800000,0.000000,6100,6800,7800,7800,8100,8100,8100,8100,8100,8100,8100,137,0,4600,12123.245418978062,452.07429999572923,74415.22650000115,102062.0
1781969204,1000,POST,/predict/rank [auth],0.600000,0.000000,6700,6700,6900,6900,7300,7300,7300,7300,7300,7300,7300,173,0,4200,7055.435265896141,617.8264999980456,72335.49979999952,123.41618497109826
1781969204,1000,POST,/predict/rank [guest],1.400000,0.000000,2100,4700,4800,5600,7600,8000,8000,8000,8000,8000,8000,315,0,4400,8489.085029206397,592.3890999983996,74563.43580000248,123.4
1781969204,1000,,Aggregated,54.200000,24.000000,11000,12000,12000,13000,13000,14000,14000,15000,16000,16000,16000,9654,3369,11000,17770.538376641765,452.07429999572923,89124.75689999701,1659.8139631240936
1781969205,1000,POST,/auth/login [setup],0.000000,0.000000,0,0,0,0,0,0,0,0,0,0,0,869,0,45000,44864.65960978133,1130.2634000021499,82665.62999999587,173.8849252013809
1781969205,1000,GET,/auth/me,13.300000,0.000000,10000,10000,11000,11000,11000,11000,12000,12000,12000,12000,12000,2187,0,8000,13036.21559309541,1782.9517999998643,81189.83650000155,331.03886602652034
1781969205,1000,POST,/auth/update-profile,4.900000,0.000000,11000,12000,12000,12000,13000,13000,13000,13000,13000,13000,13000,906,0,8900,13768.669633885193,1926.4559000002919,81872.38290000096,72.0
1781969205,1000,GET,/config,1.000000,0.000000,3100,5900,5900,6600,7700,7700,7700,7700,7700,7700,7700,168,0,4200,8378.650249404758,669.7742000033031,73344.70539999893,28.0
1781969205,1000,POST,/payment/create-order,8.200000,0.000000,13000,13000,13000,13000,13000,14000,14000,14000,14000,14000,14000,1063,0,11000,15800.894039416835,3553.6789999969187,83919.04849999992,173.94543744120415
1781969205,1000,POST,/predict/colleges [auth],8.000000,8.000000,12000,13000,13000,13000,14000,14000,15000,15000,15000,15000,15000,1025,937,12000,15960.617446341541,3053.156599999056,85380.03029999527,244.78048780487805
1781969205,1000,POST,/predict/colleges [guest],4.400000,4.400000,12000,12000,13000,14000,14000,15000,16000,16000,16000,16000,16000,753,606,13000,20574.920163081082,3028.152599996247,89124.75689999701,502.00531208499336
1781969205,1000,POST,/predict/colleges [premium],11.600000,11.600000,14000,14000,14000,14000,14000,14000,14000,14000,14000,14000,14000,2058,1826,12000,17479.45676292515,3024.4686999940313,83509.14919999923,108.01263362487852
1781969205,1000,GET,/predict/colleges-list,0.800000,0.000000,6100,6800,7800,7800,8100,8100,8100,8100,8100,8100,8100,137,0,4600,12123.245418978062,452.07429999572923,74415.22650000115,102062.0
1781969205,1000,POST,/predict/rank [auth],0.600000,0.000000,6700,6700,6900,6900,7300,7300,7300,7300,7300,7300,7300,173,0,4200,7055.435265896141,617.8264999980456,72335.49979999952,123.41618497109826
1781969205,1000,POST,/predict/rank [guest],1.400000,0.000000,2100,4700,4800,5600,7600,8000,8000,8000,8000,8000,8000,315,0,4400,8489.085029206397,592.3890999983996,74563.43580000248,123.4
1781969205,1000,,Aggregated,54.200000,24.000000,11000,12000,12000,13000,13000,13000,14000,14000,16000,16000,16000,9654,3369,11000,17770.538376641765,452.07429999572923,89124.75689999701,1659.8139631240936
1781969206,1000,POST,/auth/login [setup],0.000000,0.000000,0,0,0,0,0,0,0,0,0,0,0,869,0,45000,44864.65960978133,1130.2634000021499,82665.62999999587,173.8849252013809
1781969206,1000,GET,/auth/me,12.700000,0.000000,10000,11000,11000,11000,12000,12000,12000,12000,13000,13000,13000,2202,0,8000,13028.041584196038,1782.9517999998643,81189.83650000155,331.03315168029064
1781969206,1000,POST,/auth/update-profile,5.800000,0.000000,12000,13000,13000,13000,13000,13000,14000,14000,14000,14000,14000,919,0,9000,13759.47773808485,1926.4559000002919,81872.38290000096,72.0
1781969206,1000,GET,/config,1.000000,0.000000,3100,5900,6600,6600,7700,11000,11000,11000,11000,11000,11000,169,0,4200,8394.099249704148,669.7742000033031,73344.70539999893,28.0
1781969206,1000,POST,/payment/create-order,9.000000,0.000000,13000,13000,13000,14000,14000,15000,15000,16000,16000,16000,16000,1076,0,11000,15784.449246654352,3553.6789999969187,83919.04849999992,173.93866171003717
1781969206,1000,POST,/predict/colleges [auth],8.000000,8.000000,12000,13000,13000,13000,14000,14000,15000,19000,19000,19000,19000,1026,938,12000,15963.877807407482,3053.156599999056,85380.03029999527,244.58576998050683
1781969206,1000,POST,/predict/colleges [guest],4.500000,4.500000,12000,13000,14000,14000,16000,19000,19000,19000,19000,19000,19000,757,610,13000,20567.625961426747,3028.152599996247,89124.75689999701,499.5904887714663
1781969206,1000,POST,/predict/colleges [premium],11.600000,11.600000,19000,19000,19000,19000,19000,19000,19000,19000,19000,19000,19000,2069,1837,12000,17488.597725374555,3024.4686999940313,83509.14919999923,107.67762203963267
1781969206,1000,GET,/predict/colleges-list,0.800000,0.000000,6100,6800,7800,7800,8100,8100,8100,8100,8100,8100,8100,137,0,4600,12123.245418978062,452.07429999572923,74415.22650000115,102062.0
1781969206,1000,POST,/predict/rank [auth],0.600000,0.000000,6700,6700,6900,6900,7300,7300,7300,7300,7300,7300,7300,173,0,4200,7055.435265896141,617.8264999980456,72335.49979999952,123.41618497109826
1781969206,1000,POST,/predict/rank [guest],1.400000,0.000000,2100,4700,5600,7600,8000,13000,13000,13000,13000,13000,13000,316,1,4400,8502.736948417763,592.3890999983996,74563.43580000248,123.15189873417721
1781969206,1000,,Aggregated,55.400000,24.100000,12000,13000,13000,13000,14000,19000,19000,19000,19000,19000,19000,9713,3386,11000,17751.842576886607,452.07429999572923,89124.75689999701,1650.651703901987
1781969207,1000,POST,/auth/login [setup],0.000000,0.000000,0,0,0,0,0,0,0,0,0,0,0,869,0,45000,44864.65960978133,1130.2634000021499,82665.62999999587,173.8849252013809
1781969207,1000,GET,/auth/me,12.700000,0.000000,10000,11000,11000,11000,11000,12000,12000,12000,13000,13000,13000,2254,0,8100,12946.390351863207,1782.9517999998643,81189.83650000155,331.0173025732032
1781969207,1000,POST,/auth/update-profile,5.800000,0.000000,11000,12000,13000,13000,13000,13000,14000,14000,14000,14000,14000,944,0,9000,13668.437119385555,1926.4559000002919,81872.38290000096,72.0
1781969207,1000,GET,/config,1.000000,0.000000,5400,6200,7600,7700,8700,11000,11000,11000,11000,11000,11000,177,0,4300,8286.354075141235,669.7742000033031,73344.70539999893,28.0
1781969207,1000,POST,/payment/create-order,9.100000,0.000000,13000,13000,13000,14000,14000,15000,15000,16000,16000,16000,16000,1105,0,11000,15714.145840000072,3553.6789999969187,83919.04849999992,173.9212669683258
1781969207,1000,POST,/predict/colleges [auth],8.000000,8.000000,13000,14000,15000,16000,17000,18000,18000,18000,19000,19000,19000,1074,986,12000,15965.855048230993,3053.156599999056,85380.03029999527,235.66573556797022
1781969207,1000,POST,/predict/colleges [guest],4.500000,4.500000,14000,15000,16000,16000,17000,18000,19000,19000,19000,19000,19000,804,657,13000,20254.786344403023,3028.152599996247,89124.75689999701,473.01616915422886
1781969207,1000,POST,/predict/colleges [premium],11.600000,11.600000,15000,17000,18000,18000,19000,19000,19000,19000,19000,19000,19000,2205,1973,12000,17357.719751972792,3024.4686999940313,83509.14919999923,103.81179138321995
1781969207,1000,GET,/predict/colleges-list,0.800000,0.000000,6100,6800,7800,7800,8300,8500,8500,8500,8500,8500,8500,149,0,4800,11656.057735570508,452.07429999572923,74415.22650000115,102062.0
1781969207,1000,POST,/predict/rank [auth],0.600000,0.000000,6900,7700,7900,8200,10000,10000,10000,10000,10000,10000,10000,184,2,4300,7084.295110326422,617.8264999980456,72335.49979999952,122.52717391304348
1781969207,1000,POST,/predict/rank [guest],1.400000,0.000000,4900,5800,7600,7600,8500,9400,13000,13000,13000,13000,13000,337,2,4500,8338.532988427274,592.3890999983996,74563.43580000248,122.93768545994065
1781969207,1000,,Aggregated,55.500000,24.100000,13000,14000,15000,16000,17000,18000,19000,19000,19000,19000,19000,10102,3620,11000,17566.68685755293,452.07429999572923,89124.75689999701,1712.1217580677094
1781969208,1000,POST,/auth/login [setup],0.000000,0.000000,0,0,0,0,0,0,0,0,0,0,0,869,0,45000,44864.65960978133,1130.2634000021499,82665.62999999587,173.8849252013809
1781969208,1000,GET,/auth/me,12.700000,0.000000,10000,11000,11000,11000,12000,12000,12000,12000,13000,13000,13000,2256,0,8100,12943.167916400562,1782.9517999998643,81189.83650000155,331.01640070921985
1781969208,1000,POST,/auth/update-profile,5.800000,0.000000,11000,12000,13000,13000,13000,13000,14000,14000,14000,14000,14000,944,0,9000,13668.437119385555,1926.4559000002919,81872.38290000096,72.0
1781969208,1000,GET,/config,1.000000,0.000000,5400,6200,7600,7700,8700,11000,11000,11000,11000,11000,11000,177,0,4300,8286.354075141235,669.7742000033031,73344.70539999893,28.0
1781969208,1000,POST,/payment/create-order,9.100000,0.000000,13000,13000,13000,14000,14000,15000,15000,16000,16000,16000,16000,1105,0,11000,15714.145840000072,3553.6789999969187,83919.04849999992,173.9212669683258
1781969208,1000,POST,/predict/colleges [auth],8.000000,8.000000,13000,14000,15000,16000,17000,18000,18000,18000,19000,19000,19000,1074,986,12000,15965.855048230993,3053.156599999056,85380.03029999527,235.66573556797022
1781969208,1000,POST,/predict/colleges [guest],4.500000,4.500000,16000,16000,17000,17000,18000,19000,19000,19000,19000,19000,19000,804,657,13000,20254.786344403023,3028.152599996247,89124.75689999701,473.01616915422886
1781969208,1000,POST,/predict/colleges [premium],11.600000,11.600000,15000,17000,18000,18000,19000,19000,19000,19000,19000,19000,19000,2205,1973,12000,17357.719751972792,3024.4686999940313,83509.14919999923,103.81179138321995
1781969208,1000,GET,/predict/colleges-list,0.800000,0.000000,6100,6800,7800,7800,8300,8500,8500,8500,8500,8500,8500,149,0,4800,11656.057735570508,452.07429999572923,74415.22650000115,102062.0
1781969208,1000,POST,/predict/rank [auth],0.600000,0.000000,7300,7700,8200,9600,10000,10000,10000,10000,10000,10000,10000,185,3,4300,7098.0782659462775,617.8264999980456,72335.49979999952,122.10810810810811
1781969208,1000,POST,/predict/rank [guest],1.400000,0.000000,4900,5800,7600,8000,8700,9400,13000,13000,13000,13000,13000,338,3,4500,8341.803647928971,592.3890999983996,74563.43580000248,122.70710059171597
1781969208,1000,,Aggregated,55.500000,24.100000,13000,14000,15000,16000,17000,18000,19000,19000,19000,19000,19000,10106,3622,11000,17563.46445637242,452.07429999572923,89124.75689999701,1711.5183059568574
1781969209,1000,POST,/auth/login [setup],0.000000,0.000000,0,0,0,0,0,0,0,0,0,0,0,869,0,45000,44864.65960978133,1130.2634000021499,82665.62999999587,173.8849252013809
1781969209,1000,GET,/auth/me,10.000000,0.000000,10000,11000,11000,11000,12000,12000,12000,12000,13000,13000,13000,2257,0,8100,12941.73013810353,1782.9517999998643,81189.83650000155,331.0159503766061
1781969209,1000,POST,/auth/update-profile,3.700000,0.000000,11000,12000,13000,13000,13000,13000,14000,14000,14000,14000,14000,945,0,9000,13666.911720846518,1926.4559000002919,81872.38290000096,72.0
1781969209,1000,GET,/config,0.000000,0.000000,5400,6200,7600,7700,8700,11000,11000,11000,11000,11000,11000,177,0,4300,8286.354075141235,669.7742000033031,73344.70539999893,28.0
1781969209,1000,POST,/payment/create-order,6.200000,0.000000,13000,13000,14000,14000,14000,15000,15000,16000,16000,16000,16000,1107,0,11000,15710.896625654988,3553.6789999969187,83919.04849999992,173.9205058717254
1781969209,1000,POST,/predict/colleges [auth],0.000000,0.000000,13000,14000,15000,16000,17000,18000,18000,18000,19000,19000,19000,1074,986,12000,15965.855048230993,3053.156599999056,85380.03029999527,235.66573556797022
1781969209,1000,POST,/predict/colleges [guest],0.100000,0.100000,16000,16000,17000,17000,18000,19000,19000,19000,19000,19000,19000,804,657,13000,20254.786344403023,3028.152599996247,89124.75689999701,473.01616915422886
1781969209,1000,POST,/predict/colleges [premium],0.300000,0.300000,15000,17000,18000,18000,19000,19000,19000,19000,19000,19000,19000,2205,1973,12000,17357.719751972792,3024.4686999940313,83509.14919999923,103.81179138321995
1781969209,1000,GET,/predict/colleges-list,0.000000,0.000000,6100,6800,7800,7800,8300,8500,8500,8500,8500,8500,8500,149,0,4800,11656.057735570508,452.07429999572923,74415.22650000115,102062.0
1781969209,1000,POST,/predict/rank [auth],0.000000,0.000000,7300,7700,8200,9600,10000,10000,10000,10000,10000,10000,10000,185,3,4300,7098.0782659462775,617.8264999980456,72335.49979999952,122.10810810810811
1781969209,1000,POST,/predict/rank [guest],0.000000,0.000000,4900,5800,7600,8000,8700,9400,13000,13000,13000,13000,13000,338,3,4500,8341.803647928971,592.3890999983996,74563.43580000248,122.70710059171597
1781969209,1000,,Aggregated,20.300000,0.400000,13000,14000,15000,16000,17000,18000,19000,19000,19000,19000,19000,10110,3622,11000,17561.437017339238,452.07429999572923,89124.75689999701,1710.9152324431257
1781969210,1000,POST,/auth/login [setup],0.000000,0.000000,0,0,0,0,0,0,0,0,0,0,0,869,0,45000,44864.65960978133,1130.2634000021499,82665.62999999587,173.8849252013809
1781969210,1000,GET,/auth/me,16.500000,0.000000,10000,11000,11000,11000,12000,12000,12000,13000,13000,13000,13000,2261,0,8100,12938.253728438596,1782.9517999998643,81189.83650000155,331.01459531180893
1781969210,1000,POST,/auth/update-profile,7.100000,0.000000,12000,13000,13000,13000,13000,13000,14000,14000,14000,14000,14000,947,0,9000,13665.358024603966,1926.4559000002919,81872.38290000096,72.0
1781969210,1000,GET,/config,0.900000,0.000000,6200,7600,8200,8700,11000,11000,11000,11000,11000,11000,11000,177,0,4300,8286.354075141235,669.7742000033031,73344.70539999893,28.0
1781969210,1000,POST,/payment/create-order,9.700000,0.000000,13000,14000,14000,14000,15000,15000,15000,16000,16000,16000,16000,1107,0,11000,15710.896625654988,3553.6789999969187,83919.04849999992,173.9205058717254
1781969210,1000,POST,/predict/colleges [auth],4.900000,4.900000,16000,17000,17000,18000,18000,18000,19000,19000,19000,19000,19000,1074,986,12000,15965.855048230993,3053.156599999056,85380.03029999527,235.66573556797022
1781969210,1000,POST,/predict/colleges [guest],5.200000,5.200000,16000,16000,17000,17000,18000,19000,19000,19000,19000,19000,19000,804,657,13000,20254.786344403023,3028.152599996247,89124.75689999701,473.01616915422886
1781969210,1000,POST,/predict/colleges [premium],14.900000,14.900000,15000,17000,18000,18000,19000,19000,19000,19000,19000,19000,19000,2205,1973,12000,17357.719751972792,3024.4686999940313,83509.14919999923,103.81179138321995
1781969210,1000,GET,/predict/colleges-list,1.200000,0.000000,6400,6600,7800,7800,8300,8500,8500,8500,8500,8500,8500,149,0,4800,11656.057735570508,452.07429999572923,74415.22650000115,102062.0
1781969210,1000,POST,/predict/rank [auth],1.200000,0.300000,7900,8200,9600,9600,10000,10000,10000,10000,10000,10000,10000,185,3,4300,7098.0782659462775,617.8264999980456,72335.49979999952,122.10810810810811
1781969210,1000,POST,/predict/rank [guest],2.300000,0.300000,5800,7600,8300,8500,9400,9400,13000,13000,13000,13000,13000,338,3,4500,8341.803647928971,592.3890999983996,74563.43580000248,122.70710059171597
1781969210,1000,,Aggregated,63.900000,25.600000,13000,14000,15000,16000,18000,19000,19000,19000,19000,19000,19000,10116,3622,11000,17557.91790002962,452.07429999572923,89124.75689999701,1710.0452748121788
1781969211,1000,POST,/auth/login [setup],0.000000,0.000000,0,0,0,0,0,0,0,0,0,0,0,869,0,45000,44864.65960978133,1130.2634000021499,82665.62999999587,173.8849252013809
1781969211,1000,GET,/auth/me,15.900000,0.000000,10000,11000,11000,11000,12000,12000,12000,13000,13000,13000,13000,2271,0,8100,12930.405265565685,1782.9517999998643,81189.83650000155,331.0114487010128
1781969211,1000,POST,/auth/update-profile,7.200000,0.000000,12000,13000,13000,13000,13000,13000,14000,14000,14000,14000,14000,948,0,9000,13663.083353797425,1926.4559000002919,81872.38290000096,72.0
1781969211,1000,GET,/config,0.900000,0.000000,6200,7600,8200,8700,11000,11000,11000,11000,11000,11000,11000,177,0,4300,8286.354075141235,669.7742000033031,73344.70539999893,28.0
1781969211,1000,POST,/payment/create-order,9.400000,0.000000,13000,14000,14000,14000,15000,15000,16000,16000,16000,16000,16000,1113,0,11000,15706.238321114171,3553.6789999969187,83919.04849999992,173.9173405211141
1781969211,1000,POST,/predict/colleges [auth],4.900000,4.900000,16000,17000,17000,18000,18000,18000,19000,19000,19000,19000,19000,1074,986,12000,15965.855048230993,3053.156599999056,85380.03029999527,235.66573556797022
1781969211,1000,POST,/predict/colleges [guest],5.200000,5.200000,16000,16000,17000,17000,18000,19000,19000,19000,19000,19000,19000,804,657,13000,20254.786344403023,3028.152599996247,89124.75689999701,473.01616915422886
1781969211,1000,POST,/predict/colleges [premium],14.900000,14.900000,15000,17000,18000,18000,19000,19000,19000,19000,19000,19000,19000,2205,1973,12000,17357.719751972792,3024.4686999940313,83509.14919999923,103.81179138321995
1781969211,1000,GET,/predict/colleges-list,1.200000,0.000000,6400,6600,7800,7800,8300,8500,8500,8500,8500,8500,8500,149,0,4800,11656.057735570508,452.07429999572923,74415.22650000115,102062.0
1781969211,1000,POST,/predict/rank [auth],1.200000,0.300000,7900,8200,9600,9600,10000,10000,10000,10000,10000,10000,10000,185,3,4300,7098.0782659462775,617.8264999980456,72335.49979999952,122.10810810810811
1781969211,1000,POST,/predict/rank [guest],2.300000,0.300000,5800,7600,8300,8500,9400,9400,13000,13000,13000,13000,13000,338,3,4500,8341.803647928971,592.3890999983996,74563.43580000248,122.70710059171597
1781969211,1000,,Aggregated,63.100000,25.600000,13000,14000,15000,16000,18000,19000,19000,19000,19000,19000,19000,10133,3622,11000,17549.397593180664,452.07429999572923,89124.75689999701,1707.612059607224
1781969212,1000,POST,/auth/login [setup],0.000000,0.000000,0,0,0,0,0,0,0,0,0,0,0,869,0,45000,44864.65960978133,1130.2634000021499,82665.62999999587,173.8849252013809
1781969212,1000,GET,/auth/me,15.600000,0.000000,11000,11000,11000,11000,12000,12000,12000,13000,13000,13000,13000,2300,0,8100,12908.154339391152,1782.9517999998643,81189.83650000155,330.9986956521739
1781969212,1000,POST,/auth/update-profile,7.300000,0.000000,12000,13000,13000,13000,13000,13000,14000,14000,14000,14000,14000,961,0,9100,13639.271804058213,1926.4559000002919,81872.38290000096,72.0
1781969212,1000,GET,/config,0.900000,0.000000,6200,7600,8200,8700,11000,11000,11000,11000,11000,11000,11000,177,0,4300,8286.354075141235,669.7742000033031,73344.70539999893,28.0
1781969212,1000,POST,/payment/create-order,9.400000,0.000000,13000,14000,14000,15000,15000,15000,16000,16000,16000,16000,16000,1130,0,11000,15674.968377433688,3553.6789999969187,83919.04849999992,173.91238938053098
1781969212,1000,POST,/predict/colleges [auth],4.900000,4.900000,16000,17000,17000,18000,18000,18000,19000,19000,19000,19000,19000,1074,986,12000,15965.855048230993,3053.156599999056,85380.03029999527,235.66573556797022
1781969212,1000,POST,/predict/colleges [guest],5.200000,5.200000,16000,16000,17000,17000,18000,19000,19000,19000,19000,19000,19000,805,658,13000,20250.747338633573,3028.152599996247,89124.75689999701,472.48447204968943
1781969212,1000,POST,/predict/colleges [premium],14.900000,14.900000,15000,17000,18000,18000,19000,19000,19000,19000,19000,19000,19000,2205,1973,12000,17357.719751972792,3024.4686999940313,83509.14919999923,103.81179138321995
1781969212,1000,GET,/predict/colleges-list,1.200000,0.000000,6400,6600,7800,7800,8300,8500,8500,8500,8500,8500,8500,149,0,4800,11656.057735570508,452.07429999572923,74415.22650000115,102062.0
1781969212,1000,POST,/predict/rank [auth],1.200000,0.300000,7900,8200,9600,9600,10000,10000,10000,10000,10000,10000,10000,185,3,4300,7098.0782659462775,617.8264999980456,72335.49979999952,122.10810810810811
1781969212,1000,POST,/predict/rank [guest],2.300000,0.300000,5800,8300,8700,9400,12000,12000,13000,13000,13000,13000,13000,341,6,4500,8369.120058357741,592.3890999983996,74563.43580000248,122.02346041055719
1781969212,1000,,Aggregated,62.900000,25.600000,13000,14000,15000,16000,18000,19000,19000,19000,19000,19000,19000,10196,3626,11000,17515.65342557862,452.07429999572923,89124.75689999701,1698.3983915260887
1781969213,1000,POST,/auth/login [setup],0.000000,0.000000,0,0,0,0,0,0,0,0,0,0,0,869,0,45000,44864.65960978133,1130.2634000021499,82665.62999999587,173.8849252013809
1781969213,1000,GET,/auth/me,15.600000,0.000000,11000,11000,11000,12000,12000,12000,12000,13000,13000,13000,13000,2307,0,8100,12902.803977893218,1782.9517999998643,81189.83650000155,330.99653229302123
1781969213,1000,POST,/auth/update-profile,7.300000,0.000000,12000,12000,13000,13000,13000,13000,14000,14000,14000,14000,14000,969,0,9100,13620.335688132027,1926.4559000002919,81872.38290000096,72.0
1781969213,1000,GET,/config,0.900000,0.000000,6200,7600,8200,8700,11000,11000,11000,11000,11000,11000,11000,177,0,4300,8286.354075141235,669.7742000033031,73344.70539999893,28.0
1781969213,1000,POST,/payment/create-order,9.400000,0.000000,13000,14000,14000,15000,15000,15000,16000,16000,16000,16000,16000,1132,0,11000,15672.700740812785,3553.6789999969187,83919.04849999992,173.91166077738515
1781969213,1000,POST,/predict/colleges [auth],4.900000,4.900000,16000,17000,17000,18000,18000,18000,19000,19000,19000,19000,19000,1074,986,12000,15965.855048230993,3053.156599999056,85380.03029999527,235.66573556797022
1781969213,1000,POST,/predict/colleges [guest],5.200000,5.200000,16000,16000,17000,17000,18000,19000,19000,19000,19000,19000,19000,805,658,13000,20250.747338633573,3028.152599996247,89124.75689999701,472.48447204968943
1781969213,1000,POST,/predict/colleges [premium],14.900000,14.900000,15000,17000,18000,18000,19000,19000,19000,19000,19000,19000,19000,2206,1974,12000,17357.665798685404,3024.4686999940313,83509.14919999923,103.78513145965549
1781969213,1000,GET,/predict/colleges-list,1.200000,0.000000,6400,6600,7800,7800,8300,8500,8500,8500,8500,8500,8500,149,0,4800,11656.057735570508,452.07429999572923,74415.22650000115,102062.0
1781969213,1000,POST,/predict/rank [auth],1.200000,0.300000,7900,8200,9600,9600,10000,10000,10000,10000,10000,10000,10000,185,3,4300,7098.0782659462775,617.8264999980456,72335.49979999952,122.10810810810811
1781969213,1000,POST,/predict/rank [guest],2.300000,0.300000,5800,8300,8700,9400,12000,12000,13000,13000,13000,13000,13000,341,6,4500,8369.120058357741,592.3890999983996,74563.43580000248,122.02346041055719
1781969213,1000,,Aggregated,62.900000,25.600000,13000,14000,15000,16000,18000,19000,19000,19000,19000,19000,19000,10214,3627,11000,17505.815828529434,452.07429999572923,89124.75689999701,1695.726453886822
1781969214,1000,POST,/auth/login [setup],0.000000,0.000000,0,0,0,0,0,0,0,0,0,0,0,869,0,45000,44864.65960978133,1130.2634000021499,82665.62999999587,173.8849252013809
1781969214,1000,GET,/auth/me,12.300000,0.000000,11000,11000,11000,12000,12000,12000,12000,13000,13000,13000,13000,2308,0,8100,12902.173467980787,1782.9517999998643,81189.83650000155,330.9961005199307
1781969214,1000,POST,/auth/update-profile,5.700000,0.000000,12000,13000,13000,13000,13000,13000,14000,14000,14000,14000,14000,972,0,9100,13615.499593312696,1926.4559000002919,81872.38290000096,72.0
1781969214,1000,GET,/config,0.900000,0.000000,6200,7600,8200,8700,11000,11000,11000,11000,11000,11000,11000,177,0,4300,8286.354075141235,669.7742000033031,73344.70539999893,28.0
1781969214,1000,POST,/payment/create-order,7.300000,0.000000,14000,14000,15000,15000,15000,16000,18000,18000,18000,18000,18000,1135,0,11000,15676.372743083757,3553.6789999969187,83919.04849999992,173.91101321585904
1781969214,1000,POST,/predict/colleges [auth],4.900000,4.900000,16000,17000,17000,18000,18000,18000,19000,19000,19000,19000,19000,1074,986,12000,15965.855048230993,3053.156599999056,85380.03029999527,235.66573556797022
1781969214,1000,POST,/predict/colleges [guest],5.200000,5.200000,16000,16000,17000,17000,18000,19000,19000,19000,19000,19000,19000,805,658,13000,20250.747338633573,3028.152599996247,89124.75689999701,472.48447204968943
1781969214,1000,POST,/predict/colleges [premium],14.700000,14.700000,15000,17000,18000,18000,19000,19000,19000,19000,19000,19000,19000,2206,1974,12000,17357.665798685404,3024.4686999940313,83509.14919999923,103.78513145965549
1781969214,1000,GET,/predict/colleges-list,1.200000,0.000000,6400,6600,7800,7800,8300,8500,8500,8500,8500,8500,8500,149,0,4800,11656.057735570508,452.07429999572923,74415.22650000115,102062.0
1781969214,1000,POST,/predict/rank [auth],1.200000,0.300000,7900,8200,9600,9600,10000,10000,10000,10000,10000,10000,10000,185,3,4300,7098.0782659462775,617.8264999980456,72335.49979999952,122.10810810810811
1781969214,1000,POST,/predict/rank [guest],2.300000,0.300000,5800,8300,8700,9400,12000,12000,13000,13000,13000,13000,13000,341,6,4500,8369.120058357741,592.3890999983996,74563.43580000248,122.02346041055719
1781969214,1000,,Aggregated,55.700000,25.400000,13000,14000,15000,16000,18000,19000,19000,19000,19000,19000,19000,10221,3627,11000,17503.492476998297,452.07429999572923,89124.75689999701,1694.6695039624303
1781969215,1000,POST,/auth/login [setup],0.000000,0.000000,0,0,0,0,0,0,0,0,0,0,0,869,0,45000,44864.65960978133,1130.2634000021499,82665.62999999587,173.8849252013809
1781969215,1000,GET,/auth/me,12.200000,0.000000,11000,11000,11000,12000,12000,12000,13000,13000,13000,13000,13000,2309,0,8200,12902.086826678065,1782.9517999998643,81189.83650000155,330.99610220874837
1781969215,1000,POST,/auth/update-profile,6.500000,0.000000,12000,13000,13000,13000,13000,13000,14000,14000,14000,14000,14000,973,0,9100,13614.492783658723,1926.4559000002919,81872.38290000096,72.0
1781969215,1000,GET,/config,0.900000,0.000000,6200,7600,8200,8700,11000,11000,11000,11000,11000,11000,11000,177,0,4300,8286.354075141235,669.7742000033031,73344.70539999893,28.0
1781969215,1000,POST,/payment/create-order,7.700000,0.000000,14000,14000,15000,15000,15000,16000,18000,18000,18000,18000,18000,1136,0,11000,15678.832822799344,3553.6789999969187,83919.04849999992,173.91109154929578
1781969215,1000,POST,/predict/colleges [auth],4.900000,4.900000,16000,17000,17000,18000,18000,18000,19000,19000,19000,19000,19000,1074,986,12000,15965.855048230993,3053.156599999056,85380.03029999527,235.66573556797022
1781969215,1000,POST,/predict/colleges [guest],5.200000,5.200000,16000,16000,17000,17000,18000,19000,19000,19000,19000,19000,19000,805,658,13000,20250.747338633573,3028.152599996247,89124.75689999701,472.48447204968943
1781969215,1000,POST,/predict/colleges [premium],14.800000,14.800000,15000,17000,18000,18000,19000,19000,19000,19000,19000,19000,19000,2206,1974,12000,17357.665798685404,3024.4686999940313,83509.14919999923,103.78513145965549
1781969215,1000,GET,/predict/colleges-list,1.200000,0.000000,6400,6600,7800,7800,8300,8500,8500,8500,8500,8500,8500,149,0,4800,11656.057735570508,452.07429999572923,74415.22650000115,102062.0
1781969215,1000,POST,/predict/rank [auth],1.200000,0.300000,7900,8200,9600,9600,10000,10000,10000,10000,10000,10000,10000,185,3,4300,7098.0782659462775,617.8264999980456,72335.49979999952,122.10810810810811
1781969215,1000,POST,/predict/rank [guest],2.600000,0.600000,5800,8300,8700,9400,12000,12000,13000,13000,13000,13000,13000,341,6,4500,8369.120058357741,592.3890999983996,74563.43580000248,122.02346041055719
1781969215,1000,,Aggregated,57.200000,25.800000,13000,14000,15000,16000,18000,19000,19000,19000,19000,19000,19000,10224,3627,11000,17502.641395070386,452.07429999572923,89124.75689999701,1694.2286776212832
1781969216,1000,POST,/auth/login [setup],0.000000,0.000000,0,0,0,0,0,0,0,0,0,0,0,869,0,45000,44864.65960978133,1130.2634000021499,82665.62999999587,173.8849252013809
1781969216,1000,GET,/auth/me,12.000000,0.000000,11000,11000,11000,12000,12000,13000,13000,14000,14000,14000,14000,2313,0,8200,12902.486676912948,1782.9517999998643,81189.83650000155,330.99481193255514
1781969216,1000,POST,/auth/update-profile,6.600000,0.000000,12000,12000,13000,13000,13000,13000,13000,13000,13000,13000,13000,973,0,9100,13614.492783658723,1926.4559000002919,81872.38290000096,72.0
1781969216,1000,GET,/config,0.900000,0.000000,6200,7600,8200,8700,11000,11000,11000,11000,11000,11000,11000,177,0,4300,8286.354075141235,669.7742000033031,73344.70539999893,28.0
1781969216,1000,POST,/payment/create-order,7.300000,0.000000,14000,15000,15000,15000,16000,18000,18000,18000,18000,18000,18000,1138,0,11000,15678.797056239066,3553.6789999969187,83919.04849999992,173.90949033391917
1781969216,1000,POST,/predict/colleges [auth],4.900000,4.900000,16000,17000,17000,18000,18000,18000,19000,19000,19000,19000,19000,1074,986,12000,15965.855048230993,3053.156599999056,85380.03029999527,235.66573556797022
1781969216,1000,POST,/predict/colleges [guest],5.200000,5.200000,16000,16000,17000,17000,18000,19000,19000,19000,19000,19000,19000,805,658,13000,20250.747338633573,3028.152599996247,89124.75689999701,472.48447204968943
1781969216,1000,POST,/predict/colleges [premium],14.800000,14.800000,15000,17000,18000,18000,19000,19000,19000,19000,19000,19000,19000,2206,1974,12000,17357.665798685404,3024.4686999940313,83509.14919999923,103.78513145965549
1781969216,1000,GET,/predict/colleges-list,1.200000,0.000000,6400,6600,7800,7800,8300,8500,8500,8500,8500,8500,8500,149,0,4800,11656.057735570508,452.07429999572923,74415.22650000115,102062.0
1781969216,1000,POST,/predict/rank [auth],1.200000,0.300000,9600,9600,9600,9600,9600,9600,9600,9600,9600,9600,9600,185,3,4300,7098.0782659462775,617.8264999980456,72335.49979999952,122.10810810810811
1781969216,1000,POST,/predict/rank [guest],2.600000,0.600000,10000,12000,12000,12000,12000,12000,12000,12000,12000,12000,12000,341,6,4500,8369.120058357741,592.3890999983996,74563.43580000248,122.02346041055719
1781969216,1000,,Aggregated,56.700000,25.800000,12000,13000,13000,13000,15000,16000,17000,18000,18000,18000,18000,10230,3627,11000,17500.572413235546,452.07429999572923,89124.75689999701,1693.3979472140763
1781969217,1000,POST,/auth/login [setup],0.000000,0.000000,0,0,0,0,0,0,0,0,0,0,0,869,0,45000,44864.65960978133,1130.2634000021499,82665.62999999587,173.8849252013809
1781969217,1000,GET,/auth/me,12.100000,0.000000,11000,12000,13000,13000,14000,14000,14000,14000,14000,14000,14000,2337,0,8200,12903.750334959188,1782.9517999998643,81189.83650000155,330.98759092854084
1781969217,1000,POST,/auth/update-profile,6.700000,0.000000,12000,13000,13000,13000,14000,14000,14000,14000,14000,14000,14000,983,0,9100,13609.202842014163,1926.4559000002919,81872.38290000096,72.0
1781969217,1000,GET,/config,0.900000,0.000000,6200,7600,8200,8700,11000,11000,11000,11000,11000,11000,11000,177,0,4300,8286.354075141235,669.7742000033031,73344.70539999893,28.0
1781969217,1000,POST,/payment/create-order,7.200000,0.000000,15000,16000,16000,16000,16000,18000,18000,18000,18000,18000,18000,1150,0,11000,15680.462298695707,3553.6789999969187,83919.04849999992,173.9008695652174
1781969217,1000,POST,/predict/colleges [auth],4.900000,4.900000,17000,19000,20000,20000,21000,21000,22000,22000,22000,22000,22000,1098,1010,12000,16067.365630783355,3053.156599999056,85380.03029999527,231.49817850637524
1781969217,1000,POST,/predict/colleges [guest],5.200000,5.200000,16000,16000,17000,17000,18000,19000,19000,20000,20000,20000,20000,806,659,13000,20249.86207866008,3028.152599996247,89124.75689999701,471.954094292804
1781969217,1000,POST,/predict/colleges [premium],14.800000,14.800000,16000,18000,18000,19000,20000,21000,21000,22000,22000,22000,22000,2223,1991,13000,17384.39142429149,3024.4686999940313,83509.14919999923,103.33558254610887
1781969217,1000,GET,/predict/colleges-list,1.200000,0.000000,6400,6600,7800,7800,8300,8500,8500,8500,8500,8500,8500,149,0,4800,11656.057735570508,452.07429999572923,74415.22650000115,102062.0
1781969217,1000,POST,/predict/rank [auth],1.200000,0.300000,9600,9600,9600,9600,9600,9600,9600,9600,9600,9600,9600,185,3,4300,7098.0782659462775,617.8264999980456,72335.49979999952,122.10810810810811
1781969217,1000,POST,/predict/rank [guest],2.600000,0.600000,10000,12000,12000,12000,12000,12000,12000,12000,12000,12000,12000,341,6,4500,8369.120058357741,592.3890999983996,74563.43580000248,122.02346041055719
1781969217,1000,,Aggregated,56.800000,25.800000,13000,14000,16000,18000,21000,21000,22000,22000,22000,22000,22000,10318,3669,11000,17496.912376245356,452.07429999572923,89124.75689999701,1680.1778445435161
1781969218,1000,POST,/auth/login [setup],0.000000,0.000000,0,0,0,0,0,0,0,0,0,0,0,869,0,45000,44864.65960978133,1130.2634000021499,82665.62999999587,173.8849252013809
1781969218,1000,GET,/auth/me,12.400000,0.000000,11000,12000,13000,13000,14000,14000,14000,14000,14000,14000,14000,2344,0,8200,12903.044636774584,1782.9517999998643,81189.83650000155,330.98549488054607
1781969218,1000,POST,/auth/update-profile,6.700000,0.000000,12000,13000,13000,13000,14000,14000,15000,15000,15000,15000,15000,986,0,9200,13606.446155172333,1926.4559000002919,81872.38290000096,72.0
1781969218,1000,GET,/config,0.900000,0.000000,7600,8100,8600,8600,8800,11000,11000,11000,11000,11000,11000,184,0,4500,8263.273841304357,669.7742000033031,73344.70539999893,28.0
1781969218,1000,POST,/payment/create-order,7.400000,0.000000,15000,16000,16000,16000,16000,18000,18000,18000,18000,18000,18000,1162,0,11000,15679.924027108484,3553.6789999969187,83919.04849999992,173.8932874354561
1781969218,1000,POST,/predict/colleges [auth],4.900000,4.900000,17000,18000,19000,19000,21000,21000,21000,22000,22000,22000,22000,1138,1050,12000,16115.939565905199,3053.156599999056,85380.03029999527,224.94288224956063
1781969218,1000,POST,/predict/colleges [guest],5.200000,5.200000,16000,17000,18000,18000,19000,19000,20000,20000,20000,20000,20000,832,685,13000,20153.47597295678,3028.152599996247,89124.75689999701,458.61177884615387
1781969218,1000,POST,/predict/colleges [premium],14.800000,14.800000,16000,18000,18000,19000,19000,20000,21000,22000,22000,22000,22000,2303,2071,13000,17378.085652627007,3024.4686999940313,83509.14919999923,101.3091619626574
1781969218,1000,GET,/predict/colleges-list,1.200000,0.000000,6800,8000,8300,8400,8600,8900,8900,8900,8900,8900,8900,157,0,5100,11449.196417834386,452.07429999572923,74415.22650000115,102062.0
1781969218,1000,POST,/predict/rank [auth],1.200000,0.300000,7400,8000,9500,9500,9600,9600,9600,9600,9600,9600,9600,192,3,4400,7099.451576562838,617.8264999980456,72335.49979999952,122.21875
1781969218,1000,POST,/predict/rank [guest],2.600000,0.600000,8600,9400,9400,10000,12000,12000,12000,12000,12000,12000,12000,351,6,4600,8347.063233333241,592.3890999983996,74563.43580000248,122.05128205128206
1781969218,1000,,Aggregated,57.300000,25.800000,16000,17000,18000,18000,20000,21000,21000,22000,22000,22000,22000,10518,3815,11000,17456.588331764542,452.07429999572923,89124.75689999701,1727.1390948849591
1781969219,1000,POST,/auth/login [setup],0.000000,0.000000,0,0,0,0,0,0,0,0,0,0,0,869,0,45000,44864.65960978133,1130.2634000021499,82665.62999999587,173.8849252013809
1781969219,1000,GET,/auth/me,8.200000,0.000000,11000,12000,12000,13000,14000,14000,14000,14000,14000,14000,14000,2380,0,8200,12877.721353739329,1782.9517999998643,81189.83650000155,330.97226890756303
1781969219,1000,POST,/auth/update-profile,3.800000,0.000000,12000,13000,13000,13000,14000,14000,15000,15000,15000,15000,15000,991,0,9200,13597.879957618492,1926.4559000002919,81872.38290000096,72.0
1781969219,1000,GET,/config,0.000000,0.000000,7300,7900,8200,8600,8800,11000,11000,11000,11000,11000,11000,187,0,4500,8204.506119251342,669.7742000033031,73344.70539999893,28.0
1781969219,1000,POST,/payment/create-order,4.100000,0.000000,15000,16000,16000,16000,16000,18000,18000,19000,19000,19000,19000,1177,0,12000,15671.108574766413,3553.6789999969187,83919.04849999992,173.88275276125742
1781969219,1000,POST,/predict/colleges [auth],0.000000,0.000000,17000,18000,19000,19000,21000,21000,21000,22000,22000,22000,22000,1153,1065,12000,16098.545428621095,3053.156599999056,85380.03029999527,222.601908065915
1781969219,1000,POST,/predict/colleges [guest],0.100000,0.100000,17000,18000,18000,18000,19000,20000,20000,20000,20000,20000,20000,836,689,13000,20132.538076315846,3028.152599996247,89124.75689999701,456.63277511961724
1781969219,1000,POST,/predict/colleges [premium],0.100000,0.100000,16000,18000,18000,19000,20000,21000,22000,22000,22000,22000,22000,2342,2110,13000,17327.688608710476,3024.4686999940313,83509.14919999923,100.37147736976942
1781969219,1000,GET,/predict/colleges-list,0.000000,0.000000,6000,6800,8000,8200,8500,8600,8900,8900,8900,8900,8900,165,0,5000,11116.499778181786,452.07429999572923,74415.22650000115,102062.0
1781969219,1000,POST,/predict/rank [auth],0.100000,0.100000,7400,8000,9500,9600,12000,12000,12000,12000,12000,12000,12000,193,4,4500,7122.724575648004,617.8264999980456,72335.49979999952,121.81865284974093
1781969219,1000,POST,/predict/rank [guest],0.500000,0.500000,6000,8300,8600,8700,10000,12000,12000,12000,12000,12000,12000,361,6,4700,8263.213031578882,592.3890999983996,74563.43580000248,122.08587257617728
1781969219,1000,,Aggregated,16.900000,0.800000,14000,16000,17000,18000,19000,20000,21000,21000,22000,22000,22000,10654,3874,11000,17388.47401361926,452.07429999572923,89124.75689999701,1783.4951192040548
1781969220,1000,POST,/auth/login [setup],0.000000,0.000000,0,0,0,0,0,0,0,0,0,0,0,869,0,45000,44864.65960978133,1130.2634000021499,82665.62999999587,173.8849252013809
1781969220,1000,GET,/auth/me,8.700000,0.000000,11000,12000,12000,13000,13000,14000,14000,14000,14000,14000,14000,2408,0,8300,12845.254160132721,1782.9517999998643,81189.83650000155,330.96345514950167
1781969220,1000,POST,/auth/update-profile,4.000000,0.000000,12000,12000,13000,13000,13000,14000,14000,15000,15000,15000,15000,999,0,9200,13579.063028528448,1926.4559000002919,81872.38290000096,72.0
1781969220,1000,GET,/config,0.700000,0.000000,7300,7900,8200,8600,8800,11000,11000,11000,11000,11000,11000,187,0,4500,8204.506119251342,669.7742000033031,73344.70539999893,28.0
1781969220,1000,POST,/payment/create-order,5.300000,0.000000,15000,16000,16000,16000,16000,18000,18000,19000,19000,19000,19000,1184,0,12000,15660.652775675739,3553.6789999969187,83919.04849999992,173.87753378378378
1781969220,1000,POST,/predict/colleges [auth],6.400000,6.400000,17000,18000,19000,19000,21000,21000,21000,22000,22000,22000,22000,1153,1065,12000,16098.545428621095,3053.156599999056,85380.03029999527,222.601908065915
1781969220,1000,POST,/predict/colleges [guest],2.700000,2.700000,17000,18000,18000,18000,19000,20000,20000,20000,20000,20000,20000,836,689,13000,20132.538076315846,3028.152599996247,89124.75689999701,456.63277511961724
1781969220,1000,POST,/predict/colleges [premium],9.100000,9.100000,16000,18000,18000,19000,20000,21000,22000,22000,22000,22000,22000,2342,2110,13000,17327.688608710476,3024.4686999940313,83509.14919999923,100.37147736976942
1781969220,1000,GET,/predict/colleges-list,0.800000,0.000000,6000,6800,8000,8200,8500,8600,8900,8900,8900,8900,8900,165,0,5000,11116.499778181786,452.07429999572923,74415.22650000115,102062.0
1781969220,1000,POST,/predict/rank [auth],0.700000,0.000000,8000,9500,9600,11000,12000,12000,12000,12000,12000,12000,12000,194,5,4500,7142.794203093102,617.8264999980456,72335.49979999952,121.42268041237114
1781969220,1000,POST,/predict/rank [guest],1.100000,0.300000,6800,8300,8700,9400,11000,12000,12000,12000,12000,12000,12000,362,7,4700,8269.415428176733,592.3890999983996,74563.43580000248,121.87292817679558
1781969220,1000,,Aggregated,39.500000,18.500000,14000,16000,17000,17000,19000,20000,21000,21000,22000,22000,22000,10699,3876,11000,17361.251058145594,452.07429999572923,89124.75689999701,1777.033367604449
1781969221,1000,POST,/auth/login [setup],0.000000,0.000000,0,0,0,0,0,0,0,0,0,0,0,869,0,45000,44864.65960978133,1130.2634000021499,82665.62999999587,173.8849252013809
1781969221,1000,GET,/auth/me,10.700000,0.000000,11000,11000,12000,12000,13000,14000,14000,14000,14000,14000,14000,2449,0,8300,12789.044330869565,1782.9517999998643,81189.83650000155,330.9514087382605
1781969221,1000,POST,/auth/update-profile,4.500000,0.000000,11000,12000,12000,12000,13000,14000,14000,15000,15000,15000,15000,1023,0,9300,13498.941606353812,1926.4559000002919,81872.38290000096,72.0
1781969221,1000,GET,/config,1.000000,0.000000,7400,7900,8100,8600,8800,8800,8800,8800,8800,8800,8800,187,0,4500,8204.506119251342,669.7742000033031,73344.70539999893,28.0
1781969221,1000,POST,/payment/create-order,6.400000,0.000000,14000,15000,16000,16000,16000,17000,18000,19000,19000,19000,19000,1205,0,12000,15599.263894605869,3553.6789999969187,83919.04849999992,173.86473029045644
1781969221,1000,POST,/predict/colleges [auth],7.900000,7.900000,18000,19000,20000,20000,21000,21000,22000,22000,22000,22000,22000,1153,1065,12000,16098.545428621095,3053.156599999056,85380.03029999527,222.601908065915
1781969221,1000,POST,/predict/colleges [guest],3.200000,3.200000,17000,18000,18000,18000,19000,20000,20000,20000,20000,20000,20000,836,689,13000,20132.538076315846,3028.152599996247,89124.75689999701,456.63277511961724
1781969221,1000,POST,/predict/colleges [premium],13.700000,13.700000,16000,18000,18000,19000,20000,21000,22000,22000,22000,22000,22000,2342,2110,13000,17327.688608710476,3024.4686999940313,83509.14919999923,100.37147736976942
1781969221,1000,GET,/predict/colleges-list,1.600000,0.000000,5900,6800,8200,8200,8600,8900,8900,8900,8900,8900,8900,165,0,5000,11116.499778181786,452.07429999572923,74415.22650000115,102062.0
1781969221,1000,POST,/predict/rank [auth],0.800000,0.100000,8000,9500,9600,11000,12000,12000,12000,12000,12000,12000,12000,194,5,4500,7142.794203093102,617.8264999980456,72335.49979999952,121.42268041237114
1781969221,1000,POST,/predict/rank [guest],2.300000,0.300000,6800,8400,8700,9400,11000,12000,12000,12000,12000,12000,12000,363,8,4700,8271.499531680382,592.3890999983996,74563.43580000248,121.66115702479338
1781969221,1000,,Aggregated,52.100000,25.200000,13000,16000,16000,17000,19000,20000,21000,21000,22000,22000,22000,10786,3877,11000,17304.365100055606,452.07429999572923,89124.75689999701,1764.456610420916
1781969222,1000,POST,/auth/login [setup],0.000000,0.000000,0,0,0,0,0,0,0,0,0,0,0,869,0,45000,44864.65960978133,1130.2634000021499,82665.62999999587,173.8849252013809
1781969222,1000,GET,/auth/me,14.300000,0.000000,11000,11000,12000,12000,13000,14000,14000,14000,14000,14000,14000,2457,0,8400,12778.235146316465,1782.9517999998643,81189.83650000155,330.94831094831096
1781969222,1000,POST,/auth/update-profile,5.200000,0.000000,11000,12000,12000,13000,13000,14000,14000,15000,15000,15000,15000,1024,0,9300,13495.710721386668,1926.4559000002919,81872.38290000096,72.0
1781969222,1000,GET,/config,1.000000,0.000000,7400,7900,8100,8600,8800,8800,8800,8800,8800,8800,8800,187,0,4500,8204.506119251342,669.7742000033031,73344.70539999893,28.0
1781969222,1000,POST,/payment/create-order,7.600000,0.000000,15000,16000,16000,16000,16000,18000,18000,19000,19000,19000,19000,1210,0,12000,15583.523808429809,3553.6789999969187,83919.04849999992,173.86280991735538
1781969222,1000,POST,/predict/colleges [auth],7.900000,7.900000,18000,19000,20000,20000,21000,21000,22000,22000,22000,22000,22000,1153,1065,12000,16098.545428621095,3053.156599999056,85380.03029999527,222.601908065915
1781969222,1000,POST,/predict/colleges [guest],3.200000,3.200000,17000,18000,18000,18000,19000,20000,20000,20000,20000,20000,20000,836,689,13000,20132.538076315846,3028.152599996247,89124.75689999701,456.63277511961724
1781969222,1000,POST,/predict/colleges [premium],13.700000,13.700000,16000,18000,18000,19000,20000,21000,22000,22000,22000,22000,22000,2342,2110,13000,17327.688608710476,3024.4686999940313,83509.14919999923,100.37147736976942
1781969222,1000,GET,/predict/colleges-list,1.600000,0.000000,5900,6800,8200,8200,8600,8900,8900,8900,8900,8900,8900,165,0,5000,11116.499778181786,452.07429999572923,74415.22650000115,102062.0
1781969222,1000,POST,/predict/rank [auth],0.900000,0.200000,7400,8000,9500,11000,12000,12000,12000,12000,12000,12000,12000,194,5,4500,7142.794203093102,617.8264999980456,72335.49979999952,121.42268041237114
1781969222,1000,POST,/predict/rank [guest],2.400000,0.400000,6800,8400,8700,9400,11000,12000,12000,12000,12000,12000,12000,363,8,4700,8271.499531680382,592.3890999983996,74563.43580000248,121.66115702479338
1781969222,1000,,Aggregated,57.800000,25.400000,14000,16000,17000,17000,19000,20000,21000,21000,22000,22000,22000,10800,3877,11000,17295.349767407388,452.07429999572923,89124.75689999701,1762.5007407407406
1781969223,1000,POST,/auth/login [setup],0.000000,0.000000,0,0,0,0,0,0,0,0,0,0,0,869,0,45000,44864.65960978133,1130.2634000021499,82665.62999999587,173.8849252013809
1781969223,1000,GET,/auth/me,16.200000,0.000000,10000,11000,12000,12000,13000,14000,14000,14000,14000,14000,14000,2460,0,8400,12774.79498219494,1782.9517999998643,81189.83650000155,330.9479674796748
1781969223,1000,POST,/auth/update-profile,6.500000,0.000000,11000,12000,12000,12000,13000,14000,14000,15000,15000,15000,15000,1025,0,9300,13493.954500292633,1926.4559000002919,81872.38290000096,72.0
1781969223,1000,GET,/config,1.000000,0.000000,7400,7900,8100,8600,8800,8800,8800,8800,8800,8800,8800,187,0,4500,8204.506119251342,669.7742000033031,73344.70539999893,28.0
1781969223,1000,POST,/payment/create-order,8.200000,0.000000,15000,16000,16000,16000,16000,18000,18000,19000,19000,19000,19000,1210,0,12000,15583.523808429809,3553.6789999969187,83919.04849999992,173.86280991735538
1781969223,1000,POST,/predict/colleges [auth],7.900000,7.900000,18000,19000,20000,20000,21000,21000,22000,22000,22000,22000,22000,1153,1065,12000,16098.545428621095,3053.156599999056,85380.03029999527,222.601908065915
1781969223,1000,POST,/predict/colleges [guest],3.200000,3.200000,17000,18000,18000,18000,19000,20000,20000,20000,20000,20000,20000,836,689,13000,20132.538076315846,3028.152599996247,89124.75689999701,456.63277511961724
1781969223,1000,POST,/predict/colleges [premium],13.700000,13.700000,16000,18000,18000,19000,20000,21000,22000,22000,22000,22000,22000,2342,2110,13000,17327.688608710476,3024.4686999940313,83509.14919999923,100.37147736976942
1781969223,1000,GET,/predict/colleges-list,1.600000,0.000000,5900,6800,8200,8200,8600,8900,8900,8900,8900,8900,8900,165,0,5000,11116.499778181786,452.07429999572923,74415.22650000115,102062.0
1781969223,1000,POST,/predict/rank [auth],0.900000,0.200000,7400,8000,9500,11000,12000,12000,12000,12000,12000,12000,12000,194,5,4500,7142.794203093102,617.8264999980456,72335.49979999952,121.42268041237114
1781969223,1000,POST,/predict/rank [guest],2.400000,0.400000,6800,8400,8700,9400,11000,12000,12000,12000,12000,12000,12000,363,8,4700,8271.499531680382,592.3890999983996,74563.43580000248,121.66115702479338
1781969223,1000,,Aggregated,61.600000,25.400000,14000,16000,16000,17000,19000,20000,21000,21000,22000,22000,22000,10804,3877,11000,17292.793870214715,452.07429999572923,89124.75689999701,1761.94668641244
1781969224,1000,POST,/auth/login [setup],0.000000,0.000000,0,0,0,0,0,0,0,0,0,0,0,869,0,45000,44864.65960978133,1130.2634000021499,82665.62999999587,173.8849252013809
1781969224,1000,GET,/auth/me,18.300000,0.000000,10000,11000,12000,12000,13000,14000,14000,14000,14000,14000,14000,2462,0,8400,12773.040277741495,1782.9517999998643,81189.83650000155,330.946791226645
1781969224,1000,POST,/auth/update-profile,7.200000,0.000000,11000,12000,12000,12000,13000,14000,14000,15000,15000,15000,15000,1026,0,9300,13492.230387329388,1926.4559000002919,81872.38290000096,72.0
1781969224,1000,GET,/config,1.000000,0.000000,7400,7900,8100,8600,8800,8800,8800,8800,8800,8800,8800,187,0,4500,8204.506119251342,669.7742000033031,73344.70539999893,28.0
1781969224,1000,POST,/payment/create-order,9.200000,0.000000,14000,15000,16000,16000,16000,17000,18000,19000,19000,19000,19000,1218,0,12000,15561.606748932734,3553.6789999969187,83919.04849999992,173.86042692939245
1781969224,1000,POST,/predict/colleges [auth],7.900000,7.900000,18000,19000,20000,20000,21000,21000,22000,22000,22000,22000,22000,1153,1065,12000,16098.545428621095,3053.156599999056,85380.03029999527,222.601908065915
1781969224,1000,POST,/predict/colleges [guest],3.200000,3.200000,17000,18000,18000,18000,19000,20000,20000,20000,20000,20000,20000,836,689,13000,20132.538076315846,3028.152599996247,89124.75689999701,456.63277511961724
1781969224,1000,POST,/predict/colleges [premium],13.700000,13.700000,16000,18000,19000,19000,20000,21000,22000,22000,22000,22000,22000,2342,2110,13000,17327.688608710476,3024.4686999940313,83509.14919999923,100.37147736976942
1781969224,1000,GET,/predict/colleges-list,1.600000,0.000000,5900,6800,8200,8200,8600,8900,8900,8900,8900,8900,8900,165,0,5000,11116.499778181786,452.07429999572923,74415.22650000115,102062.0
1781969224,1000,POST,/predict/rank [auth],0.900000,0.200000,7400,8000,9500,11000,12000,12000,12000,12000,12000,12000,12000,194,5,4500,7142.794203093102,617.8264999980456,72335.49979999952,121.42268041237114
1781969224,1000,POST,/predict/rank [guest],2.500000,0.500000,6000,7400,8400,8600,9000,9400,11000,11000,11000,11000,11000,363,8,4700,8271.499531680382,592.3890999983996,74563.43580000248,121.66115702479338
1781969224,1000,,Aggregated,65.500000,25.500000,14000,16000,16000,17000,19000,20000,21000,21000,22000,22000,22000,10815,3877,11000,17287.31139232545,452.07429999572923,89124.75689999701,1760.3505316689782
1781969225,1000,POST,/auth/login [setup],0.000000,0.000000,0,0,0,0,0,0,0,0,0,0,0,869,0,45000,44864.65960978133,1130.2634000021499,82665.62999999587,173.8849252013809
1781969225,1000,GET,/auth/me,18.300000,0.000000,10000,11000,12000,12000,13000,14000,14000,14000,14000,14000,14000,2463,0,8400,12772.44259853819,1782.9517999998643,81189.83650000155,330.9468128298823
1781969225,1000,POST,/auth/update-profile,7.200000,0.000000,11000,12000,12000,12000,13000,14000,14000,15000,15000,15000,15000,1026,0,9300,13492.230387329388,1926.4559000002919,81872.38290000096,72.0
1781969225,1000,GET,/config,1.000000,0.000000,7400,7900,8100,8600,8800,8800,8800,8800,8800,8800,8800,187,0,4500,8204.506119251342,669.7742000033031,73344.70539999893,28.0
1781969225,1000,POST,/payment/create-order,9.200000,0.000000,14000,15000,16000,16000,16000,16000,17000,19000,19000,19000,19000,1218,0,12000,15561.606748932734,3553.6789999969187,83919.04849999992,173.86042692939245
1781969225,1000,POST,/predict/colleges [auth],7.900000,7.900000,18000,19000,20000,20000,21000,21000,22000,22000,22000,22000,22000,1153,1065,12000,16098.545428621095,3053.156599999056,85380.03029999527,222.601908065915
1781969225,1000,POST,/predict/colleges [guest],3.200000,3.200000,17000,18000,18000,18000,19000,20000,20000,20000,20000,20000,20000,836,689,13000,20132.538076315846,3028.152599996247,89124.75689999701,456.63277511961724
1781969225,1000,POST,/predict/colleges [premium],13.700000,13.700000,16000,18000,19000,19000,20000,21000,22000,22000,22000,22000,22000,2342,2110,13000,17327.688608710476,3024.4686999940313,83509.14919999923,100.37147736976942
1781969225,1000,GET,/predict/colleges-list,1.600000,0.000000,5900,6800,8200,8200,8600,8900,8900,8900,8900,8900,8900,165,0,5000,11116.499778181786,452.07429999572923,74415.22650000115,102062.0
1781969225,1000,POST,/predict/rank [auth],0.900000,0.200000,7400,8000,9500,11000,12000,12000,12000,12000,12000,12000,12000,194,5,4500,7142.794203093102,617.8264999980456,72335.49979999952,121.42268041237114
1781969225,1000,POST,/predict/rank [guest],2.500000,0.500000,6000,7400,8400,8600,9000,9400,11000,11000,11000,11000,11000,363,8,4700,8271.499531680382,592.3890999983996,74563.43580000248,121.66115702479338
1781969225,1000,,Aggregated,65.500000,25.500000,14000,16000,16000,17000,19000,20000,21000,21000,22000,22000,22000,10816,3877,11000,17286.7579201553,452.07429999572923,89124.75689999701,1760.2183801775147
1781969226,1000,POST,/auth/login [setup],0.000000,0.000000,0,0,0,0,0,0,0,0,0,0,0,869,0,45000,44864.65960978133,1130.2634000021499,82665.62999999587,173.8849252013809
1781969226,1000,GET,/auth/me,15.400000,0.000000,10000,11000,12000,12000,12000,13000,14000,14000,14000,14000,14000,2503,0,8400,12739.942364003015,1782.9517999998643,81189.83650000155,330.9320815021974
1781969226,1000,POST,/auth/update-profile,5.300000,0.000000,11000,12000,12000,12000,13000,13000,14000,15000,15000,15000,15000,1037,0,9300,13469.280493924742,1926.4559000002919,81872.38290000096,72.0
1781969226,1000,GET,/config,1.000000,0.000000,4800,7300,7400,7900,8600,8800,8800,8800,8800,8800,8800,194,0,4500,8031.034868041185,669.7742000033031,73344.70539999893,28.0
1781969226,1000,POST,/payment/create-order,8.100000,0.000000,13000,14000,15000,16000,16000,16000,17000,19000,19000,19000,19000,1235,0,12000,15528.279292550658,3553.6789999969187,83919.04849999992,173.85182186234817
1781969226,1000,POST,/predict/colleges [auth],7.900000,7.900000,17000,18000,19000,19000,21000,21000,21000,22000,22000,22000,22000,1206,1118,13000,16093.13870124386,3053.156599999056,85380.03029999527,214.79684908789386
1781969226,1000,POST,/predict/colleges [guest],3.100000,3.100000,16000,17000,17000,17000,18000,19000,20000,20000,20000,20000,20000,868,721,13000,19954.538683871,3028.152599996247,89124.75689999701,441.4573732718894
1781969226,1000,POST,/predict/colleges [premium],13.600000,13.600000,16000,17000,18000,18000,19000,20000,21000,22000,22000,22000,22000,2439,2207,13000,17251.945080196758,3024.4686999940313,83509.14919999923,98.16933169331693
1781969226,1000,GET,/predict/colleges-list,1.600000,0.000000,5700,6100,8000,8200,8600,8900,8900,8900,8900,8900,8900,169,0,5000,10943.271462721834,452.07429999572923,74415.22650000115,102062.0
1781969226,1000,POST,/predict/rank [auth],0.900000,0.200000,6200,7000,8000,9500,11000,12000,12000,12000,12000,12000,12000,203,6,4500,7078.104007389454,617.8264999980456,72335.49979999952,121.18226600985221
1781969226,1000,POST,/predict/rank [guest],2.200000,0.200000,5900,7000,8400,8700,11000,11000,12000,12000,12000,12000,12000,376,11,4700,8195.79763989356,592.3890999983996,74563.43580000248,121.08510638297872
1781969226,1000,,Aggregated,59.100000,25.000000,14000,16000,16000,17000,18000,20000,21000,21000,22000,22000,22000,11099,4063,11000,17186.485386620396,452.07429999572923,89124.75689999701,1754.6178034057123
1781969227,1000,POST,/auth/login [setup],0.000000,0.000000,0,0,0,0,0,0,0,0,0,0,0,869,0,45000,44864.65960978133,1130.2634000021499,82665.62999999587,173.8849252013809
1781969227,1000,GET,/auth/me,15.500000,0.000000,9700,10000,11000,11000,12000,12000,12000,13000,14000,14000,14000,2566,0,8400,12583.563101363823,1782.9517999998643,81189.83650000155,330.9154325798909
1781969227,1000,POST,/auth/update-profile,5.300000,0.000000,10000,11000,12000,12000,13000,13000,14000,15000,15000,15000,15000,1054,0,9300,13375.073873814008,1926.4559000002919,81872.38290000096,72.0
1781969227,1000,GET,/config,1.000000,0.000000,4400,4800,4800,4800,4800,5800,5800,5800,5800,5800,5800,195,0,4500,7998.613912307657,669.7742000033031,73344.70539999893,28.0
1781969227,1000,POST,/payment/create-order,8.300000,0.000000,13000,14000,14000,14000,15000,16000,17000,19000,19000,19000,19000,1250,0,12000,15495.709776320038,3553.6789999969187,83919.04849999992,173.844
1781969227,1000,POST,/predict/colleges [auth],7.900000,7.900000,15000,16000,17000,17000,18000,18000,19000,19000,19000,19000,19000,1216,1128,13000,16058.64273157902,3053.156599999056,85380.03029999527,213.40049342105263
1781969227,1000,POST,/predict/colleges [guest],3.100000,3.100000,14000,16000,16000,16000,17000,17000,17000,17000,17000,17000,17000,885,738,13000,19827.420618079137,3028.152599996247,89124.75689999701,433.84180790960454
1781969227,1000,POST,/predict/colleges [premium],13.600000,13.600000,14000,15000,16000,16000,17000,18000,19000,19000,19000,19000,19000,2504,2272,13000,17124.303165814665,3024.4686999940313,83509.14919999923,96.78913738019169
1781969227,1000,GET,/predict/colleges-list,1.600000,0.000000,4400,5000,5300,5500,5700,5900,5900,5900,5900,5900,5900,170,0,5000,10891.065757058741,452.07429999572923,74415.22650000115,102062.0
1781969227,1000,POST,/predict/rank [auth],0.900000,0.200000,6000,6500,7700,11000,11000,12000,12000,12000,12000,12000,12000,205,8,4600,7078.483560488118,617.8264999980456,72335.49979999952,120.4390243902439
1781969227,1000,POST,/predict/rank [guest],2.200000,0.200000,4800,5900,6000,6200,11000,11000,12000,12000,12000,12000,12000,387,14,4700,8066.373786821674,592.3890999983996,74563.43580000248,120.57364341085271
1781969227,1000,,Aggregated,59.400000,25.000000,12000,14000,14000,15000,16000,17000,18000,19000,19000,19000,19000,11301,4160,11000,17049.959810211443,452.07429999572923,89124.75689999701,1734.942482966109
1781969228,1000,POST,/auth/login [setup],0.000000,0.000000,0,0,0,0,0,0,0,0,0,0,0,869,0,45000,44864.65960978133,1130.2634000021499,82665.62999999587,173.8849252013809
1781969228,1000,GET,/auth/me,18.500000,0.000000,9400,10000,10000,11000,12000,12000,12000,13000,13000,13000,13000,2577,0,8300,12549.288489212095,1782.9517999998643,81189.83650000155,330.91113698098565
1781969228,1000,POST,/auth/update-profile,6.200000,0.000000,10000,11000,11000,12000,12000,13000,13000,14000,14000,14000,14000,1058,0,9300,13353.918999527372,1926.4559000002919,81872.38290000096,72.0
1781969228,1000,GET,/config,1.100000,0.000000,4400,4800,4800,4800,4800,5800,5800,5800,5800,5800,5800,195,0,4500,7998.613912307657,669.7742000033031,73344.70539999893,28.0
1781969228,1000,POST,/payment/create-order,9.500000,0.000000,13000,13000,13000,14000,14000,14000,15000,17000,17000,17000,17000,1258,0,12000,15469.010958028652,3553.6789999969187,83919.04849999992,173.8402225755167
1781969228,1000,POST,/predict/colleges [auth],11.300000,11.300000,15000,16000,17000,17000,18000,18000,19000,19000,19000,19000,19000,1216,1128,13000,16058.64273157902,3053.156599999056,85380.03029999527,213.40049342105263
1781969228,1000,POST,/predict/colleges [guest],4.700000,4.700000,14000,16000,16000,16000,17000,17000,17000,17000,17000,17000,17000,885,738,13000,19827.420618079137,3028.152599996247,89124.75689999701,433.84180790960454
1781969228,1000,POST,/predict/colleges [premium],18.000000,18.000000,14000,15000,16000,16000,17000,18000,19000,19000,19000,19000,19000,2504,2272,13000,17124.303165814665,3024.4686999940313,83509.14919999923,96.78913738019169
1781969228,1000,GET,/predict/colleges-list,1.600000,0.000000,4400,5000,5300,5500,5700,5900,5900,5900,5900,5900,5900,170,0,5000,10891.065757058741,452.07429999572923,74415.22650000115,102062.0
1781969228,1000,POST,/predict/rank [auth],1.400000,0.300000,6000,6200,7700,7700,11000,11000,11000,11000,11000,11000,11000,205,8,4600,7078.483560488118,617.8264999980456,72335.49979999952,120.4390243902439
1781969228,1000,POST,/predict/rank [guest],2.700000,0.500000,4400,5900,6900,7200,11000,11000,12000,12000,12000,12000,12000,389,16,4700,8054.706159897145,592.3890999983996,74563.43580000248,120.18508997429306
1781969228,1000,,Aggregated,75.000000,34.800000,12000,13000,14000,14000,16000,17000,18000,19000,19000,19000,19000,11326,4162,11000,17028.499062140163,452.07429999572923,89124.75689999701,1731.5890870563305
1781969229,1000,POST,/auth/login [setup],0.000000,0.000000,0,0,0,0,0,0,0,0,0,0,0,869,0,45000,44864.65960978133,1130.2634000021499,82665.62999999587,173.8849252013809
1781969229,1000,GET,/auth/me,18.500000,0.000000,9000,9600,10000,10000,12000,12000,12000,12000,13000,13000,13000,2583,0,8300,12532.847815137266,1782.9517999998643,81189.83650000155,330.90863337204803
1781969229,1000,POST,/auth/update-profile,6.300000,0.000000,9700,10000,11000,11000,12000,13000,13000,14000,14000,14000,14000,1059,0,9300,13350.98464192631,1926.4559000002919,81872.38290000096,72.0
1781969229,1000,GET,/config,1.700000,0.000000,4400,4800,4800,4800,4800,5800,5800,5800,5800,5800,5800,195,0,4500,7998.613912307657,669.7742000033031,73344.70539999893,28.0
1781969229,1000,POST,/payment/create-order,10.600000,0.000000,13000,13000,13000,13000,14000,14000,14000,17000,17000,17000,17000,1261,0,12000,15460.51094813644,3553.6789999969187,83919.04849999992,173.83980967486121
1781969229,1000,POST,/predict/colleges [auth],13.200000,13.200000,15000,16000,17000,17000,18000,18000,19000,19000,19000,19000,19000,1216,1128,13000,16058.64273157902,3053.156599999056,85380.03029999527,213.40049342105263
1781969229,1000,POST,/predict/colleges [guest],6.300000,6.300000,14000,16000,16000,16000,17000,17000,17000,17000,17000,17000,17000,885,738,13000,19827.420618079137,3028.152599996247,89124.75689999701,433.84180790960454
1781969229,1000,POST,/predict/colleges [premium],23.300000,23.300000,14000,15000,16000,16000,17000,18000,19000,19000,19000,19000,19000,2504,2272,13000,17124.303165814665,3024.4686999940313,83509.14919999923,96.78913738019169
1781969229,1000,GET,/predict/colleges-list,2.100000,0.000000,4400,5000,5300,5500,5700,5900,5900,5900,5900,5900,5900,170,0,5000,10891.065757058741,452.07429999572923,74415.22650000115,102062.0
1781969229,1000,POST,/predict/rank [auth],1.800000,0.300000,6000,6200,7700,7700,11000,11000,11000,11000,11000,11000,11000,205,8,4600,7078.483560488118,617.8264999980456,72335.49979999952,120.4390243902439
1781969229,1000,POST,/predict/rank [guest],3.700000,0.500000,4400,5900,6900,7200,11000,11000,12000,12000,12000,12000,12000,389,16,4700,8054.706159897145,592.3890999983996,74563.43580000248,120.18508997429306
1781969229,1000,,Aggregated,87.500000,43.600000,12000,13000,14000,14000,16000,17000,18000,19000,19000,19000,19000,11336,4162,11000,17020.42561770461,452.07429999572923,89124.75689999701,1730.2884615384614
1781969230,1000,POST,/auth/login [setup],0.000000,0.000000,0,0,0,0,0,0,0,0,0,0,0,869,0,45000,44864.65960978133,1130.2634000021499,82665.62999999587,173.8849252013809
1781969230,1000,GET,/auth/me,18.500000,0.000000,8400,9300,9900,10000,12000,12000,12000,12000,13000,13000,13000,2583,0,8300,12532.847815137266,1782.9517999998643,81189.83650000155,330.90863337204803
1781969230,1000,POST,/auth/update-profile,6.300000,0.000000,9200,10000,11000,12000,13000,13000,14000,14000,14000,14000,14000,1059,0,9300,13350.98464192631,1926.4559000002919,81872.38290000096,72.0
1781969230,1000,GET,/config,1.700000,0.000000,4400,4800,4800,4800,4800,5800,5800,5800,5800,5800,5800,195,0,4500,7998.613912307657,669.7742000033031,73344.70539999893,28.0
1781969230,1000,POST,/payment/create-order,10.600000,0.000000,12000,13000,13000,13000,14000,14000,14000,14000,14000,14000,14000,1261,0,12000,15460.51094813644,3553.6789999969187,83919.04849999992,173.83980967486121
1781969230,1000,POST,/predict/colleges [auth],13.200000,13.200000,15000,16000,17000,17000,18000,18000,19000,19000,19000,19000,19000,1216,1128,13000,16058.64273157902,3053.156599999056,85380.03029999527,213.40049342105263
1781969230,1000,POST,/predict/colleges [guest],6.300000,6.300000,14000,16000,16000,16000,17000,17000,17000,17000,17000,17000,17000,885,738,13000,19827.420618079137,3028.152599996247,89124.75689999701,433.84180790960454
1781969230,1000,POST,/predict/colleges [premium],23.300000,23.300000,14000,15000,16000,16000,17000,18000,19000,19000,19000,19000,19000,2504,2272,13000,17124.303165814665,3024.4686999940313,83509.14919999923,96.78913738019169
1781969230,1000,GET,/predict/colleges-list,2.100000,0.000000,4400,5000,5300,5500,5700,5900,5900,5900,5900,5900,5900,170,0,5000,10891.065757058741,452.07429999572923,74415.22650000115,102062.0
1781969230,1000,POST,/predict/rank [auth],1.800000,0.300000,6000,6200,7700,7700,11000,11000,11000,11000,11000,11000,11000,205,8,4600,7078.483560488118,617.8264999980456,72335.49979999952,120.4390243902439
1781969230,1000,POST,/predict/rank [guest],3.700000,0.500000,4300,5700,6200,6900,11000,11000,12000,12000,12000,12000,12000,389,16,4700,8054.706159897145,592.3890999983996,74563.43580000248,120.18508997429306
1781969230,1000,,Aggregated,87.500000,43.600000,12000,14000,14000,15000,16000,18000,18000,19000,19000,19000,19000,11336,4162,11000,17020.42561770461,452.07429999572923,89124.75689999701,1730.2884615384614
1781969231,1000,POST,/auth/login [setup],0.000000,0.000000,0,0,0,0,0,0,0,0,0,0,0,869,0,45000,44864.65960978133,1130.2634000021499,82665.62999999587,173.8849252013809
1781969231,1000,GET,/auth/me,21.900000,0.000000,6700,7500,9200,9900,12000,12000,12000,12000,13000,13000,13000,2634,0,8200,12417.567796127394,1782.9517999998643,81189.83650000155,330.8993925588459
1781969231,1000,POST,/auth/update-profile,6.900000,0.000000,7900,8500,9400,10000,12000,13000,13000,14000,14000,14000,14000,1094,0,9100,13171.477494789726,1926.4559000002919,81872.38290000096,72.0
1781969231,1000,GET,/config,0.800000,0.000000,3100,4800,4800,4800,4900,5800,5800,5800,5800,5800,5800,198,0,4500,7932.883582323176,669.7742000033031,73344.70539999893,28.0
1781969231,1000,POST,/payment/create-order,8.900000,0.000000,12000,13000,13000,13000,14000,14000,14000,17000,17000,17000,17000,1287,0,12000,15340.53332229995,3553.6789999969187,83919.04849999992,173.82983682983684
1781969231,1000,POST,/predict/colleges [auth],6.300000,6.300000,14000,15000,16000,17000,18000,18000,19000,19000,19000,19000,19000,1252,1164,13000,15911.510646885055,3053.156599999056,85380.03029999527,208.55830670926517
1781969231,1000,POST,/predict/colleges [guest],4.900000,4.900000,14000,14000,15000,16000,17000,17000,17000,17000,17000,17000,17000,903,756,13000,19638.249223477356,3028.152599996247,89124.75689999701,426.0908084163898
1781969231,1000,POST,/predict/colleges [premium],16.200000,16.200000,14000,14000,15000,15000,17000,18000,19000,19000,19000,19000,19000,2549,2317,13000,17009.815739976424,3024.4686999940313,83509.14919999923,95.87485288348373
1781969231,1000,GET,/predict/colleges-list,0.500000,0.000000,4400,5000,5300,5500,5700,5900,5900,5900,5900,5900,5900,171,0,5000,10855.29058245605,452.07429999572923,74415.22650000115,102062.0
1781969231,1000,POST,/predict/rank [auth],1.200000,0.400000,4900,6000,6200,6500,11000,11000,11000,11000,11000,11000,11000,210,8,4500,7002.595046666966,617.8264999980456,72335.49979999952,120.52857142857142
1781969231,1000,POST,/predict/rank [guest],2.800000,1.000000,5500,6200,7100,7200,9000,11000,12000,12000,12000,12000,12000,394,21,4700,8043.849671573555,592.3890999983996,74563.43580000248,119.23096446700508
1781969231,1000,,Aggregated,70.400000,28.800000,11000,13000,14000,14000,16000,17000,18000,19000,19000,19000,19000,11561,4266,11000,16860.78052159845,452.07429999572923,89124.75689999701,1707.9730127151631
1781969232,1000,POST,/auth/login [setup],0.000000,0.000000,0,0,0,0,0,0,0,0,0,0,0,869,0,45000,44864.65960978133,1130.2634000021499,82665.62999999587,173.8849252013809
1781969232,1000,GET,/auth/me,17.900000,0.000000,6500,6900,8200,9200,11000,12000,12000,12000,13000,13000,13000,2673,0,8200,12311.908631425209,1782.9517999998643,81189.83650000155,330.890759446315
1781969232,1000,POST,/auth/update-profile,6.100000,0.000000,7700,8300,8600,9600,12000,13000,13000,14000,14000,14000,14000,1107,0,9100,13092.032322673844,1926.4559000002919,81872.38290000096,72.0
1781969232,1000,GET,/config,0.800000,0.000000,2900,3200,4800,4800,4900,5800,5800,5800,5800,5800,5800,200,0,4400,7866.401797499898,669.7742000033031,73344.70539999893,28.0
1781969232,1000,POST,/payment/create-order,7.800000,0.000000,11000,13000,13000,13000,14000,14000,14000,17000,17000,17000,17000,1303,0,12000,15250.866276592511,3553.6789999969187,83919.04849999992,173.8227168073676
1781969232,1000,POST,/predict/colleges [auth],6.300000,6.300000,13000,14000,15000,16000,18000,18000,19000,19000,19000,19000,19000,1279,1191,12000,15753.272810711565,3053.156599999056,85380.03029999527,205.1055512118843
1781969232,1000,POST,/predict/colleges [guest],4.900000,4.900000,13000,14000,14000,15000,17000,17000,17000,17000,17000,17000,17000,919,772,13000,19432.810502829212,3028.152599996247,89124.75689999701,419.455930359086
1781969232,1000,POST,/predict/colleges [premium],16.200000,16.200000,13000,14000,14000,15000,16000,18000,19000,19000,19000,19000,19000,2621,2389,13000,16758.956696833233,3024.4686999940313,83509.14919999923,94.47729874093858
1781969232,1000,GET,/predict/colleges-list,0.500000,0.000000,2900,3900,4800,4800,5700,5700,5700,5700,5700,5700,5700,172,0,4900,10803.11561279061,452.07429999572923,74415.22650000115,102062.0
1781969232,1000,POST,/predict/rank [auth],1.100000,0.300000,4500,6000,6000,6200,7700,11000,11000,11000,11000,11000,11000,211,8,4500,6973.3841606637925,617.8264999980456,72335.49979999952,120.54028436018957
1781969232,1000,POST,/predict/rank [guest],2.700000,0.900000,4300,6000,6900,7100,9000,11000,12000,12000,12000,12000,12000,399,21,4700,7964.759863408467,592.3890999983996,74563.43580000248,119.28571428571429
1781969232,1000,,Aggregated,64.300000,28.600000,9500,12000,13000,14000,15000,17000,18000,19000,19000,19000,19000,11753,4381,11000,16699.994323151506,452.07429999572923,89124.75689999701,1690.674721347741
1781969233,1000,POST,/auth/login [setup],0.000000,0.000000,0,0,0,0,0,0,0,0,0,0,0,869,0,45000,44864.65960978133,1130.2634000021499,82665.62999999587,173.8849252013809
1781969233,1000,GET,/auth/me,16.500000,0.000000,6400,6900,7800,8600,11000,12000,12000,12000,13000,13000,13000,2677,0,8200,12301.219740605002,1782.9517999998643,81189.83650000155,330.89054912215164
1781969233,1000,POST,/auth/update-profile,5.300000,0.000000,7700,8200,8600,9000,12000,13000,13000,14000,14000,14000,14000,1109,0,9100,13079.643414337186,1926.4559000002919,81872.38290000096,72.0
1781969233,1000,GET,/config,0.800000,0.000000,2900,3200,4800,4800,4900,5800,5800,5800,5800,5800,5800,200,0,4400,7866.401797499898,669.7742000033031,73344.70539999893,28.0
1781969233,1000,POST,/payment/create-order,7.300000,0.000000,11000,13000,13000,13000,14000,14000,14000,17000,17000,17000,17000,1305,0,12000,15240.465346513434,3553.6789999969187,83919.04849999992,173.82222222222222
1781969233,1000,POST,/predict/colleges [auth],6.400000,6.400000,13000,14000,15000,16000,18000,18000,19000,19000,19000,19000,19000,1279,1191,12000,15753.272810711565,3053.156599999056,85380.03029999527,205.1055512118843
1781969233,1000,POST,/predict/colleges [guest],4.900000,4.900000,13000,14000,14000,15000,17000,17000,17000,17000,17000,17000,17000,919,772,13000,19432.810502829212,3028.152599996247,89124.75689999701,419.455930359086
1781969233,1000,POST,/predict/colleges [premium],16.200000,16.200000,13000,14000,14000,15000,16000,18000,19000,19000,19000,19000,19000,2621,2389,13000,16758.956696833233,3024.4686999940313,83509.14919999923,94.47729874093858
1781969233,1000,GET,/predict/colleges-list,0.500000,0.000000,2900,3900,4800,4800,5700,5700,5700,5700,5700,5700,5700,172,0,4900,10803.11561279061,452.07429999572923,74415.22650000115,102062.0
1781969233,1000,POST,/predict/rank [auth],1.100000,0.300000,4500,6000,6000,6200,7700,11000,11000,11000,11000,11000,11000,211,8,4500,6973.3841606637925,617.8264999980456,72335.49979999952,120.54028436018957
1781969233,1000,POST,/predict/rank [guest],2.800000,1.000000,4300,5900,6900,7000,7900,11000,12000,12000,12000,12000,12000,399,21,4700,7964.759863408467,592.3890999983996,74563.43580000248,119.28571428571429
1781969233,1000,,Aggregated,61.800000,28.800000,9400,12000,13000,14000,15000,17000,18000,19000,19000,19000,19000,11761,4381,11000,16692.886662520166,452.07429999572923,89124.75689999701,1689.6789388657428
1781969234,1000,POST,/auth/login [setup],0.000000,0.000000,0,0,0,0,0,0,0,0,0,0,0,869,0,45000,44864.65960978133,1130.2634000021499,82665.62999999587,173.8849252013809
1781969234,1000,GET,/auth/me,18.400000,0.000000,6300,6900,7500,8500,11000,12000,12000,12000,13000,13000,13000,2677,0,8200,12301.219740605002,1782.9517999998643,81189.83650000155,330.89054912215164
1781969234,1000,POST,/auth/update-profile,7.400000,0.000000,7600,8200,8500,8700,12000,13000,13000,14000,14000,14000,14000,1110,0,9100,13073.035799008952,1926.4559000002919,81872.38290000096,72.0
1781969234,1000,GET,/config,1.300000,0.000000,2900,3200,4800,4800,4900,5800,5800,5800,5800,5800,5800,200,0,4400,7866.401797499898,669.7742000033031,73344.70539999893,28.0
1781969234,1000,POST,/payment/create-order,9.000000,0.000000,11000,13000,13000,13000,14000,14000,14000,17000,17000,17000,17000,1308,0,12000,15224.85957759941,3553.6789999969187,83919.04849999992,173.81957186544344
1781969234,1000,POST,/predict/colleges [auth],11.000000,11.000000,13000,14000,15000,16000,18000,18000,19000,19000,19000,19000,19000,1279,1191,12000,15753.272810711565,3053.156599999056,85380.03029999527,205.1055512118843
1781969234,1000,POST,/predict/colleges [guest],6.900000,6.900000,13000,14000,14000,15000,17000,17000,17000,17000,17000,17000,17000,919,772,13000,19432.810502829212,3028.152599996247,89124.75689999701,419.455930359086
1781969234,1000,POST,/predict/colleges [premium],21.800000,21.800000,13000,14000,14000,15000,16000,18000,19000,19000,19000,19000,19000,2621,2389,13000,16758.956696833233,3024.4686999940313,83509.14919999923,94.47729874093858
1781969234,1000,GET,/predict/colleges-list,0.700000,0.000000,2900,3900,4800,4800,5700,5700,5700,5700,5700,5700,5700,172,0,4900,10803.11561279061,452.07429999572923,74415.22650000115,102062.0
1781969234,1000,POST,/predict/rank [auth],1.600000,0.300000,4500,6000,6000,6200,7700,11000,11000,11000,11000,11000,11000,211,8,4500,6973.3841606637925,617.8264999980456,72335.49979999952,120.54028436018957
1781969234,1000,POST,/predict/rank [guest],3.500000,1.300000,4300,5900,6900,7000,7900,11000,12000,12000,12000,12000,12000,399,21,4700,7964.759863408467,592.3890999983996,74563.43580000248,119.28571428571429
1781969234,1000,,Aggregated,81.600000,41.300000,9300,12000,13000,14000,15000,17000,18000,19000,19000,19000,19000,11765,4381,11000,16689.850767411786,452.07429999572923,89124.75689999701,1689.1546111347216
1781969235,1000,POST,/auth/login [setup],0.000000,0.000000,0,0,0,0,0,0,0,0,0,0,0,869,0,45000,44864.65960978133,1130.2634000021499,82665.62999999587,173.8849252013809
1781969235,1000,GET,/auth/me,21.700000,0.000000,6000,6600,6800,6900,7800,8500,11000,12000,13000,13000,13000,2677,0,8200,12301.219740605002,1782.9517999998643,81189.83650000155,330.89054912215164
1781969235,1000,POST,/auth/update-profile,8.300000,0.000000,7500,7900,8200,8400,9400,10000,12000,14000,14000,14000,14000,1111,0,9100,13070.0952225922,1926.4559000002919,81872.38290000096,72.0
1781969235,1000,GET,/config,1.300000,0.000000,2900,3100,4800,4800,4800,4900,4900,4900,4900,4900,4900,200,0,4400,7866.401797499898,669.7742000033031,73344.70539999893,28.0
1781969235,1000,POST,/payment/create-order,9.300000,0.000000,9500,11000,12000,13000,14000,14000,14000,17000,17000,17000,17000,1308,0,12000,15224.85957759941,3553.6789999969187,83919.04849999992,173.81957186544344
1781969235,1000,POST,/predict/colleges [auth],12.600000,12.600000,11000,12000,13000,14000,14000,15000,15000,15000,15000,15000,15000,1279,1191,12000,15753.272810711565,3053.156599999056,85380.03029999527,205.1055512118843
1781969235,1000,POST,/predict/colleges [guest],8.300000,8.300000,12000,13000,14000,14000,14000,15000,15000,15000,15000,15000,15000,919,772,13000,19432.810502829212,3028.152599996247,89124.75689999701,419.455930359086
1781969235,1000,POST,/predict/colleges [premium],27.900000,27.900000,11000,13000,14000,14000,14000,15000,15000,15000,16000,16000,16000,2621,2389,13000,16758.956696833233,3024.4686999940313,83509.14919999923,94.47729874093858
1781969235,1000,GET,/predict/colleges-list,0.700000,0.000000,2900,3900,4800,4800,5700,5700,5700,5700,5700,5700,5700,172,0,4900,10803.11561279061,452.07429999572923,74415.22650000115,102062.0
1781969235,1000,POST,/predict/rank [auth],1.700000,0.300000,4200,4500,4900,4900,6500,7700,7700,7700,7700,7700,7700,211,8,4500,6973.3841606637925,617.8264999980456,72335.49979999952,120.54028436018957
1781969235,1000,POST,/predict/rank [guest],3.600000,1.300000,3900,4600,5900,6200,7100,7800,7900,7900,7900,7900,7900,399,21,4700,7964.759863408467,592.3890999983996,74563.43580000248,119.28571428571429
1781969235,1000,,Aggregated,95.400000,50.400000,8400,10000,12000,13000,14000,14000,15000,15000,17000,17000,17000,11766,4381,11000,16689.265709161962,452.07429999572923,89124.75689999701,1689.0171681115078
1781969236,1000,POST,/auth/login [setup],0.000000,0.000000,0,0,0,0,0,0,0,0,0,0,0,869,0,45000,44864.65960978133,1130.2634000021499,82665.62999999587,173.8849252013809
1781969236,1000,GET,/auth/me,21.600000,0.000000,6000,6400,6600,6800,7100,7500,8500,8600,8900,8900,8900,2714,0,8200,12217.687102800144,1782.9517999998643,81189.83650000155,330.87988209285186
1781969236,1000,POST,/auth/update-profile,8.400000,0.000000,7300,7700,8000,8200,9300,9800,10000,14000,14000,14000,14000,1123,0,9100,13005.777751558273,1926.4559000002919,81872.38290000096,72.0
1781969236,1000,GET,/config,1.300000,0.000000,2900,2900,3200,3200,4900,4900,4900,4900,4900,4900,4900,200,0,4400,7866.401797499898,669.7742000033031,73344.70539999893,28.0
1781969236,1000,POST,/payment/create-order,8.900000,0.000000,9000,9700,11000,11000,12000,13000,13000,17000,17000,17000,17000,1317,0,12000,15187.978615945367,3553.6789999969187,83919.04849999992,173.81548974943053
1781969236,1000,POST,/predict/colleges [auth],12.600000,12.600000,9700,11000,12000,12000,13000,13000,14000,14000,14000,14000,14000,1279,1191,12000,15753.272810711565,3053.156599999056,85380.03029999527,205.1055512118843
1781969236,1000,POST,/predict/colleges [guest],8.300000,8.300000,11000,12000,13000,13000,14000,14000,14000,14000,14000,14000,14000,919,772,13000,19432.810502829212,3028.152599996247,89124.75689999701,419.455930359086
1781969236,1000,POST,/predict/colleges [premium],27.900000,27.900000,9800,11000,12000,13000,14000,14000,14000,14000,14000,14000,14000,2622,2390,13000,16756.419560983944,3024.4686999940313,83509.14919999923,94.45842868039665
1781969236,1000,GET,/predict/colleges-list,0.700000,0.000000,2900,3900,4800,4800,5700,5700,5700,5700,5700,5700,5700,172,0,4900,10803.11561279061,452.07429999572923,74415.22650000115,102062.0
1781969236,1000,POST,/predict/rank [auth],1.700000,0.300000,4200,4500,6500,6500,7700,7700,7700,7700,7700,7700,7700,211,8,4500,6973.3841606637925,617.8264999980456,72335.49979999952,120.54028436018957
1781969236,1000,POST,/predict/rank [guest],3.600000,1.300000,5500,6200,6900,7000,7200,7800,7900,7900,7900,7900,7900,400,22,4700,7960.602607249949,592.3890999983996,74563.43580000248,119.1
1781969236,1000,,Aggregated,95.000000,50.400000,7900,9000,9800,11000,13000,13000,14000,14000,17000,17000,17000,11826,4383,11000,16639.929854701477,452.07429999572923,89124.75689999701,1681.6931337730425
1781969237,1000,POST,/auth/login [setup],0.000000,0.000000,0,0,0,0,0,0,0,0,0,0,0,869,0,45000,44864.65960978133,1130.2634000021499,82665.62999999587,173.8849252013809
1781969237,1000,GET,/auth/me,21.400000,0.000000,6100,6400,6700,6800,7000,7100,7500,7500,8100,8100,8100,2733,0,8100,12176.82502627135,1782.9517999998643,81189.83650000155,330.87705817782654
1781969237,1000,POST,/auth/update-profile,8.400000,0.000000,7400,7700,8000,8200,9300,9800,10000,10000,10000,10000,10000,1134,0,9000,12945.366097354445,1926.4559000002919,81872.38290000096,72.0
1781969237,1000,GET,/config,1.300000,0.000000,3200,3700,4900,4900,5200,5300,5300,5300,5300,5300,5300,206,0,4400,7753.837929611592,669.7742000033031,73344.70539999893,28.0
1781969237,1000,POST,/payment/create-order,9.000000,0.000000,8500,9300,9600,9700,11000,12000,13000,17000,17000,17000,17000,1346,0,11000,15045.832322213995,3553.6789999969187,83919.04849999992,173.80609212481426
1781969237,1000,POST,/predict/colleges [auth],12.600000,12.600000,9600,11000,11000,12000,13000,13000,14000,14000,14000,14000,14000,1291,1203,12000,15697.079302246388,3053.156599999056,85380.03029999527,203.61735089078235
1781969237,1000,POST,/predict/colleges [guest],8.300000,8.300000,11000,11000,13000,13000,14000,14000,14000,14000,14000,14000,14000,922,775,13000,19402.839615292898,3028.152599996247,89124.75689999701,418.23752711496746
1781969237,1000,POST,/predict/colleges [premium],27.900000,27.900000,10000,11000,12000,13000,13000,14000,14000,14000,14000,14000,14000,2652,2420,13000,16681.593107088956,3024.4686999940313,83509.14919999923,93.89894419306184
1781969237,1000,GET,/predict/colleges-list,0.700000,0.000000,3900,4200,4800,5400,5700,5700,5700,5700,5700,5700,5700,175,0,4900,10695.35210457136,452.07429999572923,74415.22650000115,102062.0
1781969237,1000,POST,/predict/rank [auth],1.700000,0.300000,4200,4500,6300,6300,6500,7700,7700,7700,7700,7700,7700,214,9,4500,6944.375190654442,617.8264999980456,72335.49979999952,120.22429906542057
1781969237,1000,POST,/predict/rank [guest],3.600000,1.300000,5300,5900,6300,6900,7200,7800,7900,7900,7900,7900,7900,405,23,4700,7927.855407407389,592.3890999983996,74563.43580000248,118.97037037037038
1781969237,1000,,Aggregated,94.900000,50.400000,7800,8700,9400,9700,11000,12000,13000,13000,17000,17000,17000,11947,4430,11000,16552.956796258455,452.07429999572923,89124.75689999701,1691.5558717669708
1781969238,1000,POST,/auth/login [setup],0.000000,0.000000,0,0,0,0,0,0,0,0,0,0,0,869,0,45000,44864.65960978133,1130.2634000021499,82665.62999999587,173.8849252013809
1781969238,1000,GET,/auth/me,21.700000,0.000000,6200,6500,6700,6800,7000,7100,7500,7500,8100,8100,8100,2759,0,8100,12121.387774374627,1782.9517999998643,81189.83650000155,330.87241754258787
1781969238,1000,POST,/auth/update-profile,8.500000,0.000000,7200,7600,7900,8100,8700,9800,10000,10000,10000,10000,10000,1144,0,9000,12888.22433260484,1926.4559000002919,81872.38290000096,72.0
1781969238,1000,GET,/config,1.200000,0.000000,3100,3700,4000,4900,5200,5300,5300,5300,5300,5300,5300,207,0,4400,7729.221887439533,669.7742000033031,73344.70539999893,28.0
1781969238,1000,POST,/payment/create-order,8.400000,0.000000,8500,9000,9500,9600,10000,12000,13000,17000,17000,17000,17000,1354,0,11000,15003.179400295438,3553.6789999969187,83919.04849999992,173.80280649926144
1781969238,1000,POST,/predict/colleges [auth],9.200000,9.200000,9000,9600,10000,11000,12000,13000,13000,13000,13000,13000,13000,1324,1236,12000,15509.402802492526,3053.156599999056,85380.03029999527,199.66389728096678
1781969238,1000,POST,/predict/colleges [guest],6.700000,6.700000,9200,11000,11000,13000,14000,14000,14000,14000,14000,14000,14000,942,795,13000,19164.094459023403,3028.152599996247,89124.75689999701,410.31316348195327
1781969238,1000,POST,/predict/colleges [premium],23.600000,23.600000,9400,10000,11000,12000,13000,14000,14000,14000,14000,14000,14000,2704,2472,13000,16517.760328513305,3024.4686999940313,83509.14919999923,92.9585798816568
1781969238,1000,GET,/predict/colleges-list,0.700000,0.000000,4000,4200,4800,4800,5400,5400,5400,5400,5400,5400,5400,177,0,4800,10615.895049152476,452.07429999572923,74415.22650000115,102062.0
1781969238,1000,POST,/predict/rank [auth],1.200000,0.200000,4500,6300,6400,6500,6800,7700,7700,7700,7700,7700,7700,220,13,4500,6908.556438181996,617.8264999980456,72335.49979999952,118.88181818181818
1781969238,1000,POST,/predict/rank [guest],3.200000,1.100000,5300,6200,6300,6600,7000,7800,7900,7900,7900,7900,7900,420,30,4700,7818.17750904759,592.3890999983996,74563.43580000248,117.82857142857142
1781969238,1000,,Aggregated,84.400000,40.800000,7700,8500,9000,9400,10000,11000,12000,13000,17000,17000,17000,12120,4546,11000,16420.978643457092,452.07429999572923,89124.75689999701,1685.6701320132013
1781969239,1000,POST,/auth/login [setup],0.000000,0.000000,0,0,0,0,0,0,0,0,0,0,0,869,0,45000,44864.65960978133,1130.2634000021499,82665.62999999587,173.8849252013809
1781969239,1000,GET,/auth/me,21.600000,0.000000,6200,6500,6700,6800,7000,7100,7500,7500,8100,8100,8100,2759,0,8100,12121.387774374627,1782.9517999998643,81189.83650000155,330.87241754258787
1781969239,1000,POST,/auth/update-profile,9.200000,0.000000,7200,7600,7900,8000,8400,9300,9800,10000,10000,10000,10000,1145,0,9000,12884.037951703,1926.4559000002919,81872.38290000096,72.0
1781969239,1000,GET,/config,0.700000,0.000000,3200,3700,4900,4900,5200,5300,5300,5300,5300,5300,5300,207,0,4400,7729.221887439533,669.7742000033031,73344.70539999893,28.0
1781969239,1000,POST,/payment/create-order,9.200000,0.000000,8500,8800,9400,9600,10000,11000,13000,17000,17000,17000,17000,1354,0,11000,15003.179400295438,3553.6789999969187,83919.04849999992,173.80280649926144
1781969239,1000,POST,/predict/colleges [auth],7.500000,7.500000,9000,9600,10000,11000,12000,13000,13000,13000,13000,13000,13000,1324,1236,12000,15509.402802492526,3053.156599999056,85380.03029999527,199.66389728096678
1781969239,1000,POST,/predict/colleges [guest],5.200000,5.200000,8600,9200,9700,10000,11000,11000,12000,12000,12000,12000,12000,942,795,13000,19164.094459023403,3028.152599996247,89124.75689999701,410.31316348195327
1781969239,1000,POST,/predict/colleges [premium],18.800000,18.800000,8700,9400,9900,10000,11000,12000,13000,13000,13000,13000,13000,2704,2472,13000,16517.760328513305,3024.4686999940313,83509.14919999923,92.9585798816568
1781969239,1000,GET,/predict/colleges-list,0.200000,0.000000,4000,4200,4800,4800,5400,5400,5400,5400,5400,5400,5400,177,0,4800,10615.895049152476,452.07429999572923,74415.22650000115,102062.0
1781969239,1000,POST,/predict/rank [auth],0.900000,0.300000,4300,4700,6300,6400,6500,6800,6800,6800,6800,6800,6800,220,13,4500,6908.556438181996,617.8264999980456,72335.49979999952,118.88181818181818
1781969239,1000,POST,/predict/rank [guest],2.300000,1.200000,5300,6200,6300,6600,7000,7800,7900,7900,7900,7900,7900,420,30,4700,7818.17750904759,592.3890999983996,74563.43580000248,117.82857142857142
1781969239,1000,,Aggregated,75.600000,33.000000,7700,8500,9000,9400,10000,11000,12000,13000,17000,17000,17000,12121,4546,11000,16420.291723199403,452.07429999572923,89124.75689999701,1685.5370018975332
1781969240,1000,POST,/auth/login [setup],0.000000,0.000000,0,0,0,0,0,0,0,0,0,0,0,869,0,45000,44864.65960978133,1130.2634000021499,82665.62999999587,173.8849252013809
1781969240,1000,GET,/auth/me,15.600000,0.000000,6100,6400,6600,6700,6900,7200,8000,8100,8300,8300,8300,2762,0,8100,12117.038669188849,1782.9517999998643,81189.83650000155,330.8718320057929
1781969240,1000,POST,/auth/update-profile,7.800000,0.000000,7200,7400,7700,7900,8300,8800,9800,9800,9800,9800,9800,1146,0,9000,12880.46121849907,1926.4559000002919,81872.38290000096,72.0
1781969240,1000,GET,/config,1.200000,0.000000,3200,3700,4900,4900,5200,5300,5300,5300,5300,5300,5300,207,0,4400,7729.221887439533,669.7742000033031,73344.70539999893,28.0
1781969240,1000,POST,/payment/create-order,8.800000,0.000000,8500,8900,9300,9500,9800,11000,12000,13000,13000,13000,13000,1362,0,11000,14967.893049339224,3553.6789999969187,83919.04849999992,173.79955947136563
1781969240,1000,POST,/predict/colleges [auth],7.500000,7.500000,8900,9500,10000,11000,12000,13000,13000,13000,13000,13000,13000,1324,1236,12000,15509.402802492526,3053.156599999056,85380.03029999527,199.66389728096678
1781969240,1000,POST,/predict/colleges [guest],3.700000,3.700000,8600,9200,9700,10000,11000,11000,12000,12000,12000,12000,12000,942,795,13000,19164.094459023403,3028.152599996247,89124.75689999701,410.31316348195327
1781969240,1000,POST,/predict/colleges [premium],14.800000,14.800000,8700,9400,9900,10000,11000,12000,13000,13000,13000,13000,13000,2704,2472,13000,16517.760328513305,3024.4686999940313,83509.14919999923,92.9585798816568
1781969240,1000,GET,/predict/colleges-list,0.700000,0.000000,4000,4200,4800,4800,5400,5400,5400,5400,5400,5400,5400,177,0,4800,10615.895049152476,452.07429999572923,74415.22650000115,102062.0
1781969240,1000,POST,/predict/rank [auth],1.000000,0.100000,4300,4700,6300,6400,6500,6800,6800,6800,6800,6800,6800,220,13,4500,6908.556438181996,617.8264999980456,72335.49979999952,118.88181818181818
1781969240,1000,POST,/predict/rank [guest],1.600000,0.700000,5300,6200,6300,6600,7000,7100,7900,7900,7900,7900,7900,420,30,4700,7818.17750904759,592.3890999983996,74563.43580000248,117.82857142857142
1781969240,1000,,Aggregated,62.700000,26.800000,7800,8600,9000,9400,10000,11000,12000,13000,13000,13000,13000,12133,4546,11000,16412.713956861448,452.07429999572923,89124.75689999701,1684.0717876864749
1781969241,1000,POST,/auth/login [setup],0.000000,0.000000,0,0,0,0,0,0,0,0,0,0,0,869,0,45000,44864.65960978133,1130.2634000021499,82665.62999999587,173.8849252013809
1781969241,1000,GET,/auth/me,17.600000,0.000000,6300,6500,6700,6900,7300,7600,8000,8100,8300,8300,8300,2811,0,8000,12025.371720953264,1782.9517999998643,81189.83650000155,330.8591248665955
1781969241,1000,POST,/auth/update-profile,8.500000,0.000000,6700,7400,7700,8000,8400,9300,9800,9800,9800,9800,9800,1155,0,9000,12842.928416796476,1926.4559000002919,81872.38290000096,72.0
1781969241,1000,GET,/config,1.200000,0.000000,3200,4000,4500,4900,5200,5300,5300,5300,5300,5300,5300,208,0,4400,7713.5530403845205,669.7742000033031,73344.70539999893,28.0
1781969241,1000,POST,/payment/create-order,9.400000,0.000000,8700,9100,9400,9500,9800,10000,11000,12000,12000,12000,12000,1375,0,11000,14913.220290690915,3553.6789999969187,83919.04849999992,173.8
1781969241,1000,POST,/predict/colleges [auth],10.800000,10.800000,8500,8700,9200,9400,9500,10000,11000,11000,11000,11000,11000,1325,1237,12000,15505.163026868004,3053.156599999056,85380.03029999527,199.54716981132074
1781969241,1000,POST,/predict/colleges [guest],5.700000,5.700000,8100,8300,8600,8900,9200,11000,11000,11000,11000,11000,11000,942,795,13000,19164.094459023403,3028.152599996247,89124.75689999701,410.31316348195327
1781969241,1000,POST,/predict/colleges [premium],20.000000,20.000000,8300,8600,9000,9400,10000,11000,11000,11000,11000,11000,11000,2705,2473,13000,16515.312242292042,3024.4686999940313,83509.14919999923,92.94085027726433
1781969241,1000,GET,/predict/colleges-list,0.700000,0.000000,4000,4200,4800,4800,5400,5400,5400,5400,5400,5400,5400,177,0,4800,10615.895049152476,452.07429999572923,74415.22650000115,102062.0
1781969241,1000,POST,/predict/rank [auth],1.500000,0.500000,6100,6300,6400,6500,6800,6800,6800,6800,6800,6800,6800,220,13,4500,6908.556438181996,617.8264999980456,72335.49979999952,118.88181818181818
1781969241,1000,POST,/predict/rank [guest],3.100000,1.400000,5300,6200,6300,6600,6800,8100,8300,8300,8300,8300,8300,422,32,4700,7819.92674194309,592.3890999983996,74563.43580000248,117.48341232227489
1781969241,1000,,Aggregated,78.500000,38.400000,7500,8100,8500,8700,9500,10000,11000,11000,12000,12000,12000,12209,4550,11000,16357.124325792438,452.07429999572923,89124.75689999701,1675.1688098943403
1781969242,1000,POST,/auth/login [setup],0.000000,0.000000,0,0,0,0,0,0,0,0,0,0,0,869,0,45000,44864.65960978133,1130.2634000021499,82665.62999999587,173.8849252013809
1781969242,1000,GET,/auth/me,17.600000,0.000000,6400,6600,6900,7000,7500,7700,8000,8100,8300,8300,8300,2812,0,8000,12023.662242282942,1782.9517999998643,81189.83650000155,330.8584637268848
1781969242,1000,POST,/auth/update-profile,8.600000,0.000000,7000,7400,7900,8100,8800,9300,9800,9800,9800,9800,9800,1156,0,9000,12839.622173702357,1926.4559000002919,81872.38290000096,72.0
1781969242,1000,GET,/config,1.200000,0.000000,3200,4000,4500,4900,5200,5300,5300,5300,5300,5300,5300,208,0,4400,7713.5530403845205,669.7742000033031,73344.70539999893,28.0
1781969242,1000,POST,/payment/create-order,9.300000,0.000000,9000,9300,9500,9600,9800,10000,11000,12000,12000,12000,12000,1387,0,11000,14866.944156308591,3553.6789999969187,83919.04849999992,173.79596250901227
1781969242,1000,POST,/predict/colleges [auth],10.800000,10.800000,8500,8700,9200,9400,9500,10000,11000,11000,11000,11000,11000,1325,1237,12000,15505.163026868004,3053.156599999056,85380.03029999527,199.54716981132074
1781969242,1000,POST,/predict/colleges [guest],5.700000,5.700000,8100,8300,8600,8900,9200,11000,11000,11000,11000,11000,11000,942,795,13000,19164.094459023403,3028.152599996247,89124.75689999701,410.31316348195327
1781969242,1000,POST,/predict/colleges [premium],20.000000,20.000000,8300,8600,9000,9400,10000,11000,11000,11000,11000,11000,11000,2705,2473,13000,16515.312242292042,3024.4686999940313,83509.14919999923,92.94085027726433
1781969242,1000,GET,/predict/colleges-list,0.700000,0.000000,4000,4200,4800,4800,5400,5400,5400,5400,5400,5400,5400,177,0,4800,10615.895049152476,452.07429999572923,74415.22650000115,102062.0
1781969242,1000,POST,/predict/rank [auth],1.500000,0.500000,6100,6300,6400,6500,6800,6800,6800,6800,6800,6800,6800,220,13,4500,6908.556438181996,617.8264999980456,72335.49979999952,118.88181818181818
1781969242,1000,POST,/predict/rank [guest],3.100000,1.400000,5300,6200,6300,6600,6800,8100,8300,8300,8300,8300,8300,422,32,4700,7819.92674194309,592.3890999983996,74563.43580000248,117.48341232227489
1781969242,1000,,Aggregated,78.500000,38.400000,7500,8400,8900,9100,9700,10000,11000,11000,12000,12000,12000,12223,4550,11000,16349.1077286918,452.07429999572923,89124.75689999701,1673.453080258529
1781969243,1000,POST,/auth/login [setup],0.000000,0.000000,0,0,0,0,0,0,0,0,0,0,0,869,0,45000,44864.65960978133,1130.2634000021499,82665.62999999587,173.8849252013809
1781969243,1000,GET,/auth/me,16.800000,0.000000,6400,6600,6900,7000,7500,7700,8000,8100,8300,8300,8300,2812,0,8000,12023.662242282942,1782.9517999998643,81189.83650000155,330.8584637268848
1781969243,1000,POST,/auth/update-profile,8.100000,0.000000,7400,8000,8800,9000,9800,10000,10000,10000,10000,10000,10000,1165,0,9000,12814.976901716684,1926.4559000002919,81872.38290000096,72.0
1781969243,1000,GET,/config,1.200000,0.000000,4000,4500,5200,5200,5300,5300,5300,5300,5300,5300,5300,208,0,4400,7713.5530403845205,669.7742000033031,73344.70539999893,28.0
1781969243,1000,POST,/payment/create-order,10.400000,0.000000,9100,9500,9600,9700,10000,11000,12000,12000,12000,12000,12000,1397,0,11000,14830.643751109541,3553.6789999969187,83919.04849999992,173.7916964924839
1781969243,1000,POST,/predict/colleges [auth],10.700000,10.700000,8500,8700,9200,9400,9500,10000,11000,11000,11000,11000,11000,1325,1237,12000,15505.163026868004,3053.156599999056,85380.03029999527,199.54716981132074
1781969243,1000,POST,/predict/colleges [guest],5.700000,5.700000,8100,8300,8600,8900,9200,11000,11000,11000,11000,11000,11000,942,795,13000,19164.094459023403,3028.152599996247,89124.75689999701,410.31316348195327
1781969243,1000,POST,/predict/colleges [premium],20.000000,20.000000,8800,9400,9900,10000,11000,11000,11000,11000,11000,11000,11000,2705,2473,13000,16515.312242292042,3024.4686999940313,83509.14919999923,92.94085027726433
1781969243,1000,GET,/predict/colleges-list,0.700000,0.000000,4000,4200,4800,4800,5400,5400,5400,5400,5400,5400,5400,177,0,4800,10615.895049152476,452.07429999572923,74415.22650000115,102062.0
1781969243,1000,POST,/predict/rank [auth],1.500000,0.500000,6400,6800,9000,9100,9400,9600,9600,9600,9600,9600,9600,224,17,4600,6950.430740178746,617.8264999980456,72335.49979999952,117.5625
1781969243,1000,POST,/predict/rank [guest],3.100000,1.400000,6200,6300,6600,6800,8300,9400,9500,9500,9500,9500,9500,425,34,4700,7824.3283454117345,592.3890999983996,74563.43580000248,117.15529411764706
1781969243,1000,,Aggregated,78.200000,38.300000,7700,8600,9000,9300,9800,10000,11000,11000,12000,12000,12000,12249,4556,11000,16334.58167459384,452.07429999572923,89124.75689999701,1670.1273573352926
1781969244,1000,POST,/auth/login [setup],0.000000,0.000000,0,0,0,0,0,0,0,0,0,0,0,869,0,45000,44864.65960978133,1130.2634000021499,82665.62999999587,173.8849252013809
1781969244,1000,GET,/auth/me,17.100000,0.000000,6600,7100,7300,7600,7900,8100,8300,8400,8500,8500,8500,2846,0,8000,11972.723955446125,1782.9517999998643,81189.83650000155,330.8510189739986
1781969244,1000,POST,/auth/update-profile,5.800000,0.000000,7800,8300,8600,8800,9500,10000,10000,10000,10000,10000,10000,1188,0,8900,12726.30130900669,1926.4559000002919,81872.38290000096,72.0
1781969244,1000,GET,/config,0.800000,0.000000,4000,4500,5100,5200,5300,5300,5300,5300,5300,5300,5300,210,0,4400,7682.450415714203,669.7742000033031,73344.70539999893,28.0
1781969244,1000,POST,/payment/create-order,7.800000,0.000000,9200,9500,9600,9700,10000,11000,12000,12000,12000,12000,12000,1404,0,11000,14804.445101353293,3553.6789999969187,83919.04849999992,173.78988603988603
1781969244,1000,POST,/predict/colleges [auth],6.200000,6.200000,9400,10000,11000,11000,12000,12000,12000,12000,12000,12000,12000,1343,1255,12000,15450.161869992617,3053.156599999056,85380.03029999527,197.47580044676099
1781969244,1000,POST,/predict/colleges [guest],3.700000,3.700000,10000,11000,12000,12000,12000,12000,12000,12000,12000,12000,12000,961,814,13000,19015.340491051036,3028.152599996247,89124.75689999701,403.09053069719045
1781969244,1000,POST,/predict/colleges [premium],14.500000,14.500000,10000,11000,11000,12000,12000,12000,12000,12000,12000,12000,12000,2755,2523,12000,16426.0103380762,3024.4686999940313,83509.14919999923,92.07078039927404
1781969244,1000,GET,/predict/colleges-list,0.500000,0.000000,4200,4200,4700,4700,5400,5400,5400,5400,5400,5400,5400,178,0,4800,10582.591387078592,452.07429999572923,74415.22650000115,102062.0
1781969244,1000,POST,/predict/rank [auth],1.000000,0.500000,6800,8000,8000,9000,9400,9600,9600,9600,9600,9600,9600,229,21,4700,6957.769146288348,617.8264999980456,72335.49979999952,116.33187772925764
1781969244,1000,POST,/predict/rank [guest],2.400000,1.100000,6200,6300,6800,7300,8300,9400,9500,9500,9500,9500,9500,429,36,4700,7812.314578787848,592.3890999983996,74563.43580000248,116.84615384615384
1781969244,1000,,Aggregated,59.800000,26.000000,8000,9000,9500,9900,11000,12000,12000,12000,12000,12000,12000,12412,4649,11000,16249.18179851756,452.07429999572923,89124.75689999701,1657.9248308088945
1781969245,1000,POST,/auth/login [setup],0.000000,0.000000,0,0,0,0,0,0,0,0,0,0,0,869,0,45000,44864.65960978133,1130.2634000021499,82665.62999999587,173.8849252013809
1781969245,1000,GET,/auth/me,13.700000,0.000000,7000,7500,7700,7900,8100,8400,8700,8800,9900,9900,9900,2854,0,8000,11963.64406503142,1782.9517999998643,81189.83650000155,330.8489838822705
1781969245,1000,POST,/auth/update-profile,4.900000,0.000000,8000,8500,8800,9300,10000,11000,11000,11000,11000,11000,11000,1195,0,9000,12713.472834811675,1926.4559000002919,81872.38290000096,72.0
1781969245,1000,GET,/config,0.800000,0.000000,4000,4500,5100,5200,5300,5300,5300,5300,5300,5300,5300,210,0,4400,7682.450415714203,669.7742000033031,73344.70539999893,28.0
1781969245,1000,POST,/payment/create-order,8.900000,0.000000,9200,9600,9700,9800,10000,11000,12000,12000,12000,12000,12000,1412,0,11000,14782.660454178482,3553.6789999969187,83919.04849999992,173.78895184135976
1781969245,1000,POST,/predict/colleges [auth],4.600000,4.600000,9400,10000,11000,11000,12000,12000,12000,12000,12000,12000,12000,1344,1256,12000,15447.532208407796,3053.156599999056,85380.03029999527,197.3623511904762
1781969245,1000,POST,/predict/colleges [guest],2.300000,2.300000,10000,11000,12000,12000,12000,12000,12000,12000,12000,12000,12000,961,814,13000,19015.340491051036,3028.152599996247,89124.75689999701,403.09053069719045
1781969245,1000,POST,/predict/colleges [premium],8.400000,8.400000,10000,11000,12000,12000,12000,12000,12000,12000,12000,12000,12000,2758,2526,12000,16421.178983139933,3024.4686999940313,83509.14919999923,92.0195794053662
1781969245,1000,GET,/predict/colleges-list,0.500000,0.000000,4200,4200,4700,4700,5400,5400,5400,5400,5400,5400,5400,178,0,4800,10582.591387078592,452.07429999572923,74415.22650000115,102062.0
1781969245,1000,POST,/predict/rank [auth],0.900000,0.500000,6800,8000,8000,9000,9400,9600,9600,9600,9600,9600,9600,229,21,4700,6957.769146288348,617.8264999980456,72335.49979999952,116.33187772925764
1781969245,1000,POST,/predict/rank [guest],2.300000,1.100000,6100,6500,6800,7300,8300,9400,9500,9500,9500,9500,9500,429,36,4700,7812.314578787848,592.3890999983996,74563.43580000248,116.84615384615384
1781969245,1000,,Aggregated,47.300000,16.900000,8300,9200,9700,10000,11000,12000,12000,12000,12000,12000,12000,12439,4653,11000,16236.35429213763,452.07429999572923,89124.75689999701,1654.7051209904332
1781969246,1000,POST,/auth/login [setup],0.000000,0.000000,0,0,0,0,0,0,0,0,0,0,0,869,0,45000,44864.65960978133,1130.2634000021499,82665.62999999587,173.8849252013809
1781969246,1000,GET,/auth/me,16.100000,0.000000,7300,7800,8000,8200,8600,8800,9000,9000,9900,9900,9900,2922,0,8000,11869.037524024512,1782.9517999998643,81189.83650000155,330.8377823408624
1781969246,1000,POST,/auth/update-profile,7.300000,0.000000,8300,8700,9100,9300,10000,11000,11000,11000,11000,11000,11000,1202,0,9000,12689.386431031577,1926.4559000002919,81872.38290000096,72.0
1781969246,1000,GET,/config,0.800000,0.000000,3800,3800,4500,4500,5100,5200,5200,5200,5200,5200,5200,213,0,4300,7623.775176056239,669.7742000033031,73344.70539999893,28.0
1781969246,1000,POST,/payment/create-order,9.500000,0.000000,9400,9700,10000,10000,11000,11000,12000,12000,12000,12000,12000,1427,0,11000,14733.556908269113,3553.6789999969187,83919.04849999992,173.781359495445
1781969246,1000,POST,/predict/colleges [auth],4.800000,4.800000,9900,11000,11000,11000,12000,12000,12000,13000,13000,13000,13000,1369,1281,12000,15364.981973922635,3053.156599999056,85380.03029999527,194.5799853907962
1781969246,1000,POST,/predict/colleges [guest],2.600000,2.600000,11000,12000,12000,12000,12000,13000,13000,13000,13000,13000,13000,984,837,13000,18838.067086483785,3028.152599996247,89124.75689999701,394.7205284552846
1781969246,1000,POST,/predict/colleges [premium],8.700000,8.700000,11000,11000,12000,12000,12000,12000,13000,13000,13000,13000,13000,2823,2591,12000,16299.579795040705,3024.4686999940313,83509.14919999923,90.9369465108041
1781969246,1000,GET,/predict/colleges-list,0.500000,0.000000,3900,4000,4200,4700,5400,5400,5400,5400,5400,5400,5400,181,0,4700,10454.732362430866,452.07429999572923,74415.22650000115,102062.0
1781969246,1000,POST,/predict/rank [auth],1.700000,1.300000,6800,8000,8200,9000,9400,9600,9600,9600,9600,9600,9600,231,22,4700,6948.626805194913,617.8264999980456,72335.49979999952,116.05194805194805
1781969246,1000,POST,/predict/rank [guest],2.700000,1.400000,6300,6800,8100,8100,8500,9400,9500,9500,9500,9500,9500,435,41,4800,7809.485774252854,592.3890999983996,74563.43580000248,116.04137931034482
1781969246,1000,,Aggregated,54.700000,18.800000,8600,9700,10000,11000,12000,12000,12000,13000,13000,13000,13000,12656,4772,11000,16122.756551438057,452.07429999572923,89124.75689999701,1652.9958912768648
1781969247,1000,POST,/auth/login [setup],0.000000,0.000000,0,0,0,0,0,0,0,0,0,0,0,869,0,45000,44864.65960978133,1130.2634000021499,82665.62999999587,173.8849252013809
1781969247,1000,GET,/auth/me,17.000000,0.000000,7500,7900,8100,8300,8600,8800,9000,9000,9900,9900,9900,2933,0,8000,11853.087096215353,1782.9517999998643,81189.83650000155,330.83429935219914
1781969247,1000,POST,/auth/update-profile,8.000000,0.000000,8400,8800,9000,9300,10000,11000,11000,11000,11000,11000,11000,1207,0,8900,12671.614689643708,1926.4559000002919,81872.38290000096,72.0
1781969247,1000,GET,/config,1.000000,0.000000,3800,3800,4500,4500,5100,5200,5200,5200,5200,5200,5200,213,0,4300,7623.775176056239,669.7742000033031,73344.70539999893,28.0
1781969247,1000,POST,/payment/create-order,9.600000,0.000000,9600,10000,10000,10000,11000,11000,12000,12000,12000,12000,12000,1442,0,11000,14683.579809362018,3553.6789999969187,83919.04849999992,173.77600554785022
1781969247,1000,POST,/predict/colleges [auth],6.400000,6.400000,10000,11000,11000,11000,12000,12000,12000,13000,13000,13000,13000,1369,1281,12000,15364.981973922635,3053.156599999056,85380.03029999527,194.5799853907962
1781969247,1000,POST,/predict/colleges [guest],4.200000,4.200000,11000,12000,12000,12000,12000,13000,13000,13000,13000,13000,13000,984,837,13000,18838.067086483785,3028.152599996247,89124.75689999701,394.7205284552846
1781969247,1000,POST,/predict/colleges [premium],13.400000,13.400000,11000,11000,12000,12000,12000,12000,13000,13000,13000,13000,13000,2825,2593,12000,16295.859283008818,3024.4686999940313,83509.14919999923,90.90442477876107
1781969247,1000,GET,/predict/colleges-list,0.600000,0.000000,3900,4000,4200,4700,5400,5400,5400,5400,5400,5400,5400,181,0,4700,10454.732362430866,452.07429999572923,74415.22650000115,102062.0
1781969247,1000,POST,/predict/rank [auth],1.800000,1.300000,7700,8000,8200,9000,9400,9600,9600,9600,9600,9600,9600,232,23,4700,6950.513386207003,617.8264999980456,72335.49979999952,115.74568965517241
1781969247,1000,POST,/predict/rank [guest],3.000000,1.500000,6500,7300,8100,8100,9100,9400,9500,9500,9500,9500,9500,435,41,4800,7809.485774252854,592.3890999983996,74563.43580000248,116.04137931034482
1781969247,1000,,Aggregated,65.000000,26.800000,8700,9800,11000,11000,12000,12000,12000,13000,13000,13000,13000,12690,4775,10000,16103.529674310492,452.07429999572923,89124.75689999701,1649.0968479117416
1781969248,1000,POST,/auth/login [setup],0.000000,0.000000,0,0,0,0,0,0,0,0,0,0,0,869,0,45000,44864.65960978133,1130.2634000021499,82665.62999999587,173.8849252013809
1781969248,1000,GET,/auth/me,14.300000,0.000000,7300,7800,8000,8200,8600,8700,8900,9000,9900,9900,9900,2953,0,8000,11815.117892143457,1782.9517999998643,81189.83650000155,330.8313579410769
1781969248,1000,POST,/auth/update-profile,7.500000,0.000000,8400,8700,9000,9300,10000,11000,11000,11000,11000,11000,11000,1222,0,8900,12600.250444844476,1926.4559000002919,81872.38290000096,72.0
1781969248,1000,GET,/config,1.100000,0.000000,3700,3800,4000,4500,5100,5200,5200,5200,5200,5200,5200,214,0,4300,7603.509905140091,669.7742000033031,73344.70539999893,28.0
1781969248,1000,POST,/payment/create-order,9.800000,0.000000,9500,9900,10000,10000,11000,11000,12000,12000,12000,12000,12000,1450,0,11000,14653.460957034493,3553.6789999969187,83919.04849999992,173.77379310344827
1781969248,1000,POST,/predict/colleges [auth],6.500000,6.500000,10000,11000,11000,11000,12000,12000,12000,13000,13000,13000,13000,1374,1286,12000,15349.059531004437,3053.156599999056,85380.03029999527,194.03566229985444
1781969248,1000,POST,/predict/colleges [guest],4.200000,4.200000,11000,11000,12000,12000,12000,13000,13000,13000,13000,13000,13000,988,841,13000,18806.633799696407,3028.152599996247,89124.75689999701,393.30465587044534
1781969248,1000,POST,/predict/colleges [premium],13.600000,13.600000,11000,11000,12000,12000,12000,12000,13000,13000,13000,13000,13000,2838,2606,12000,16271.791145947815,3024.4686999940313,83509.14919999923,90.69415081042987
1781969248,1000,GET,/predict/colleges-list,0.600000,0.000000,3900,3900,4200,4200,4700,5400,5400,5400,5400,5400,5400,184,0,4700,10339.44524347819,452.07429999572923,74415.22650000115,102062.0
1781969248,1000,POST,/predict/rank [auth],1.800000,1.300000,7700,8000,8200,9000,9400,9600,9600,9600,9600,9600,9600,233,24,4700,6949.141130901386,617.8264999980456,72335.49979999952,115.44206008583691
1781969248,1000,POST,/predict/rank [guest],3.000000,1.500000,6500,7300,8100,8100,8500,9400,9500,9500,9500,9500,9500,437,43,4800,7803.471653546871,592.3890999983996,74563.43580000248,115.7162471395881
1781969248,1000,,Aggregated,62.400000,27.100000,9300,10000,11000,11000,12000,12000,12000,13000,13000,13000,13000,12762,4800,10000,16057.924938896746,452.07429999572923,89124.75689999701,1664.5865068171133
1781969249,1000,POST,/auth/login [setup],0.000000,0.000000,0,0,0,0,0,0,0,0,0,0,0,869,0,45000,44864.65960978133,1130.2634000021499,82665.62999999587,173.8849252013809
1781969249,1000,GET,/auth/me,20.100000,0.000000,7500,7900,8100,8300,8600,8800,9000,9000,9900,9900,9900,2957,0,8000,11807.80198227921,1782.9517999998643,81189.83650000155,330.82989516401756
1781969249,1000,POST,/auth/update-profile,7.200000,0.000000,8300,8700,9000,9300,10000,11000,11000,11000,11000,11000,11000,1225,0,8800,12588.16981004078,1926.4559000002919,81872.38290000096,72.0
1781969249,1000,GET,/config,1.200000,0.000000,3800,3800,4500,4500,5100,5100,5100,5100,5100,5100,5100,214,0,4300,7603.509905140091,669.7742000033031,73344.70539999893,28.0
1781969249,1000,POST,/payment/create-order,9.000000,0.000000,9600,10000,10000,10000,11000,11000,12000,12000,12000,12000,12000,1454,0,11000,14640.351488445676,3553.6789999969187,83919.04849999992,173.77235213204952
1781969249,1000,POST,/predict/colleges [auth],8.800000,8.800000,11000,11000,12000,12000,12000,12000,13000,13000,13000,13000,13000,1374,1286,12000,15349.059531004437,3053.156599999056,85380.03029999527,194.03566229985444
1781969249,1000,POST,/predict/colleges [guest],6.400000,6.400000,11000,11000,12000,12000,12000,13000,13000,13000,13000,13000,13000,988,841,13000,18806.633799696407,3028.152599996247,89124.75689999701,393.30465587044534
1781969249,1000,POST,/predict/colleges [premium],19.600000,19.600000,11000,12000,12000,12000,12000,12000,13000,13000,13000,13000,13000,2838,2606,12000,16271.791145947815,3024.4686999940313,83509.14919999923,90.69415081042987
1781969249,1000,GET,/predict/colleges-list,0.900000,0.000000,3900,3900,4200,4200,4700,5400,5400,5400,5400,5400,5400,184,0,4700,10339.44524347819,452.07429999572923,74415.22650000115,102062.0
1781969249,1000,POST,/predict/rank [auth],1.900000,1.300000,7700,8000,8200,9000,9400,9600,9600,9600,9600,9600,9600,233,24,4700,6949.141130901386,617.8264999980456,72335.49979999952,115.44206008583691
1781969249,1000,POST,/predict/rank [guest],3.400000,1.800000,8100,8100,8300,8500,9400,9500,9500,9500,9500,9500,9500,437,43,4800,7803.471653546871,592.3890999983996,74563.43580000248,115.7162471395881
1781969249,1000,,Aggregated,78.500000,37.900000,9200,10000,11000,11000,12000,12000,12000,13000,13000,13000,13000,12773,4800,10000,16050.999768770085,452.07429999572923,89124.75689999701,1663.3274093791592
1781969250,1000,POST,/auth/login [setup],0.000000,0.000000,0,0,0,0,0,0,0,0,0,0,0,869,0,45000,44864.65960978133,1130.2634000021499,82665.62999999587,173.8849252013809
1781969250,1000,GET,/auth/me,20.900000,0.000000,7200,7700,7900,8100,8600,8700,8900,9000,9900,9900,9900,2996,0,7900,11732.388131608684,1782.9517999998643,81189.83650000155,330.8217623497997
1781969250,1000,POST,/auth/update-profile,7.800000,0.000000,8000,8500,8800,9000,10000,11000,11000,11000,11000,11000,11000,1244,0,8800,12500.539828376184,1926.4559000002919,81872.38290000096,72.0
1781969250,1000,GET,/config,0.700000,0.000000,3700,3800,3800,4500,5100,5100,5100,5100,5100,5100,5100,216,0,4200,7548.434493055443,669.7742000033031,73344.70539999893,28.0
1781969250,1000,POST,/payment/create-order,9.900000,0.000000,9600,10000,10000,10000,11000,11000,12000,12000,12000,12000,12000,1476,0,11000,14556.347042886217,3553.6789999969187,83919.04849999992,173.76829268292684
1781969250,1000,POST,/predict/colleges [auth],7.800000,7.800000,11000,11000,11000,12000,12000,12000,13000,13000,13000,13000,13000,1421,1333,12000,15169.679453342767,3053.156599999056,85380.03029999527,189.10626319493315
1781969250,1000,POST,/predict/colleges [guest],6.200000,6.200000,11000,12000,12000,12000,12000,13000,13000,13000,13000,13000,13000,1015,868,13000,18578.472767980333,3028.152599996247,89124.75689999701,384.0394088669951
1781969250,1000,POST,/predict/colleges [premium],17.500000,17.500000,11000,12000,12000,12000,12000,12000,13000,13000,13000,13000,13000,2922,2690,12000,16108.089152635164,3024.4686999940313,83509.14919999923,89.38056125941137
1781969250,1000,GET,/predict/colleges-list,0.700000,0.000000,3100,3200,3600,3900,4700,4700,4700,4700,4700,4700,4700,186,0,4700,10262.41009838702,452.07429999572923,74415.22650000115,102062.0
1781969250,1000,POST,/predict/rank [auth],1.800000,1.500000,7700,8000,8200,9000,9400,9600,9600,9600,9600,9600,9600,237,27,4700,6917.081210126701,617.8264999980456,72335.49979999952,114.58227848101266
1781969250,1000,POST,/predict/rank [guest],3.100000,1.900000,7300,8100,8300,8500,9400,9500,9500,9500,9500,9500,9500,440,46,4800,7792.566187272678,592.3890999983996,74563.43580000248,115.23409090909091
1781969250,1000,,Aggregated,76.400000,34.900000,9300,10000,11000,11000,12000,12000,12000,13000,13000,13000,13000,13022,4964,10000,15916.288756696391,452.07429999572923,89124.75689999701,1649.1650284134541
1781969251,1000,POST,/auth/login [setup],0.000000,0.000000,0,0,0,0,0,0,0,0,0,0,0,869,0,45000,44864.65960978133,1130.2634000021499,82665.62999999587,173.8849252013809
1781969251,1000,GET,/auth/me,19.600000,0.000000,7300,7900,8100,8300,8600,8800,9000,9000,9900,9900,9900,2998,0,7900,11728.432857571588,1782.9517999998643,81189.83650000155,330.82188125416945
1781969251,1000,POST,/auth/update-profile,8.000000,0.000000,8100,8600,8900,9100,10000,11000,11000,11000,11000,11000,11000,1245,0,8800,12496.59918554215,1926.4559000002919,81872.38290000096,72.0
1781969251,1000,GET,/config,0.700000,0.000000,3700,3800,3800,4500,5100,5100,5100,5100,5100,5100,5100,216,0,4200,7548.434493055443,669.7742000033031,73344.70539999893,28.0
1781969251,1000,POST,/payment/create-order,9.900000,0.000000,9600,9900,10000,10000,11000,11000,12000,12000,12000,12000,12000,1485,0,11000,14519.952802356935,3553.6789999969187,83919.04849999992,173.76498316498316
1781969251,1000,POST,/predict/colleges [auth],5.000000,5.000000,11000,11000,11000,12000,12000,12000,13000,13000,13000,13000,13000,1424,1336,12000,15156.006498665776,3053.156599999056,85380.03029999527,188.80266853932585
1781969251,1000,POST,/predict/colleges [guest],4.600000,4.600000,11000,12000,12000,12000,12000,13000,13000,13000,13000,13000,13000,1018,871,13000,18550.247555304562,3028.152599996247,89124.75689999701,383.0402750491159
1781969251,1000,POST,/predict/colleges [premium],13.400000,13.400000,11000,12000,12000,12000,12000,12000,13000,13000,13000,13000,13000,2924,2692,12000,16103.126918365237,3024.4686999940313,83509.14919999923,89.35020519835841
1781969251,1000,GET,/predict/colleges-list,0.700000,0.000000,3100,3200,3600,3900,4700,4700,4700,4700,4700,4700,4700,187,0,4700,10215.675762032026,452.07429999572923,74415.22650000115,102062.0
1781969251,1000,POST,/predict/rank [auth],1.300000,1.100000,7700,8000,8200,9000,9400,9600,9600,9600,9600,9600,9600,237,27,4700,6917.081210126701,617.8264999980456,72335.49979999952,114.58227848101266
1781969251,1000,POST,/predict/rank [guest],1.700000,1.300000,7100,8100,8100,8300,9100,9400,9500,9500,9500,9500,9500,443,46,4800,7753.266595936742,592.3890999983996,74563.43580000248,115.3002257336343
1781969251,1000,,Aggregated,64.900000,25.400000,9400,11000,11000,11000,12000,12000,12000,13000,13000,13000,13000,13046,4972,10000,15900.37664777713,452.07429999572923,89124.75689999701,1654.186493944504
1781969252,1000,POST,/auth/login [setup],0.000000,0.000000,0,0,0,0,0,0,0,0,0,0,0,869,0,45000,44864.65960978133,1130.2634000021499,82665.62999999587,173.8849252013809
1781969252,1000,GET,/auth/me,20.300000,0.000000,7000,7600,7900,8200,8600,8700,8900,9000,9900,9900,9900,3041,0,7900,11632.854877704587,1782.9517999998643,81189.83650000155,330.8122328181519
1781969252,1000,POST,/auth/update-profile,8.300000,0.000000,7800,8500,8700,8900,9500,10000,11000,11000,11000,11000,11000,1258,0,8700,12426.48141351349,1926.4559000002919,81872.38290000096,72.0
1781969252,1000,GET,/config,0.700000,0.000000,3300,3700,3800,3800,5100,5100,5100,5100,5100,5100,5100,218,0,4200,7500.625875229268,669.7742000033031,73344.70539999893,28.0
1781969252,1000,POST,/payment/create-order,10.800000,0.000000,9400,9900,10000,10000,11000,11000,12000,12000,12000,12000,12000,1499,0,11000,14459.089524549727,3553.6789999969187,83919.04849999992,173.7605070046698
1781969252,1000,POST,/predict/colleges [auth],5.000000,5.000000,10000,11000,11000,11000,12000,12000,13000,13000,13000,13000,13000,1442,1354,12000,15069.314209847467,3053.156599999056,85380.03029999527,187.00762829403607
1781969252,1000,POST,/predict/colleges [guest],4.600000,4.600000,11000,11000,12000,12000,12000,12000,13000,13000,13000,13000,13000,1037,890,12000,18362.02189517844,3028.152599996247,89124.75689999701,376.8466730954677
1781969252,1000,POST,/predict/colleges [premium],13.400000,13.400000,11000,11000,12000,12000,12000,12000,13000,13000,13000,13000,13000,2983,2751,12000,15945.100892758957,3024.4686999940313,83509.14919999923,88.47301374455246
1781969252,1000,GET,/predict/colleges-list,0.700000,0.000000,3000,3200,3600,3600,3900,4700,4700,4700,4700,4700,4700,188,0,4600,10174.259946276548,452.07429999572923,74415.22650000115,102062.0
1781969252,1000,POST,/predict/rank [auth],1.300000,1.100000,6400,7700,8000,8200,9100,9400,9600,9600,9600,9600,9600,244,31,4700,6844.003691393521,617.8264999980456,72335.49979999952,113.54508196721312
1781969252,1000,POST,/predict/rank [guest],1.800000,1.400000,6400,7300,8100,8100,9100,9400,9500,9500,9500,9500,9500,447,49,4800,7721.353240268402,592.3890999983996,74563.43580000248,114.84563758389261
1781969252,1000,,Aggregated,66.900000,25.500000,8800,10000,11000,11000,12000,12000,12000,13000,13000,13000,13000,13226,5075,10000,15777.59508304101,452.07429999572923,89124.75689999701,1641.1099349765614
1781969253,1000,POST,/auth/login [setup],0.000000,0.000000,0,0,0,0,0,0,0,0,0,0,0,869,0,45000,44864.65960978133,1130.2634000021499,82665.62999999587,173.8849252013809
1781969253,1000,GET,/auth/me,23.100000,0.000000,6600,7200,7800,8200,8600,8700,8900,9000,9900,9900,9900,3042,0,7900,11630.431688329929,1782.9517999998643,81189.83650000155,330.8113083497699
1781969253,1000,POST,/auth/update-profile,9.700000,0.000000,7400,7800,8200,8500,9300,11000,11000,11000,11000,11000,11000,1258,0,8700,12426.48141351349,1926.4559000002919,81872.38290000096,72.0
1781969253,1000,GET,/config,0.900000,0.000000,3300,3700,3800,3800,5100,5100,5100,5100,5100,5100,5100,218,0,4200,7500.625875229268,669.7742000033031,73344.70539999893,28.0
1781969253,1000,POST,/payment/create-order,10.700000,0.000000,9400,9900,10000,10000,11000,11000,12000,12000,12000,12000,12000,1500,0,11000,14454.450688400022,3553.6789999969187,83919.04849999992,173.75933333333333
1781969253,1000,POST,/predict/colleges [auth],9.700000,9.700000,10000,11000,11000,11000,12000,12000,13000,13000,13000,13000,13000,1442,1354,12000,15069.314209847467,3053.156599999056,85380.03029999527,187.00762829403607
1781969253,1000,POST,/predict/colleges [guest],7.300000,7.300000,11000,11000,12000,12000,12000,12000,13000,13000,13000,13000,13000,1037,890,12000,18362.02189517844,3028.152599996247,89124.75689999701,376.8466730954677
1781969253,1000,POST,/predict/colleges [premium],21.800000,21.800000,11000,11000,12000,12000,12000,12000,13000,13000,13000,13000,13000,2983,2751,12000,15945.100892758957,3024.4686999940313,83509.14919999923,88.47301374455246
1781969253,1000,GET,/predict/colleges-list,0.900000,0.000000,3000,3200,3600,3600,3900,4700,4700,4700,4700,4700,4700,188,0,4600,10174.259946276548,452.07429999572923,74415.22650000115,102062.0
1781969253,1000,POST,/predict/rank [auth],1.700000,1.400000,5600,6300,6400,6400,7400,8200,8200,8200,8200,8200,8200,244,31,4700,6844.003691393521,617.8264999980456,72335.49979999952,113.54508196721312
1781969253,1000,POST,/predict/rank [guest],1.900000,1.500000,5600,6600,7300,8100,8100,8500,9100,9100,9100,9100,9100,447,49,4800,7721.353240268402,592.3890999983996,74563.43580000248,114.84563758389261
1781969253,1000,,Aggregated,87.700000,41.700000,8900,10000,11000,11000,12000,12000,12000,13000,13000,13000,13000,13228,5075,10000,15776.098799244059,452.07429999572923,89124.75689999701,1640.8996068944664
1781969254,1000,POST,/auth/login [setup],0.000000,0.000000,0,0,0,0,0,0,0,0,0,0,0,869,0,45000,44864.65960978133,1130.2634000021499,82665.62999999587,173.8849252013809
1781969254,1000,GET,/auth/me,18.700000,0.000000,6600,7200,7800,8200,8600,8800,9000,9000,9900,9900,9900,3043,0,7900,11628.416074202973,1782.9517999998643,81189.83650000155,330.81104173512983
1781969254,1000,POST,/auth/update-profile,9.100000,0.000000,7100,7800,8200,8500,9100,10000,11000,11000,11000,11000,11000,1258,0,8700,12426.48141351349,1926.4559000002919,81872.38290000096,72.0
1781969254,1000,GET,/config,0.800000,0.000000,3100,3300,3700,3700,3800,3800,3800,3800,3800,3800,3800,218,0,4200,7500.625875229268,669.7742000033031,73344.70539999893,28.0
1781969254,1000,POST,/payment/create-order,11.500000,0.000000,9400,9900,10000,10000,11000,11000,12000,12000,12000,12000,12000,1501,0,11000,14451.179178814145,3553.6789999969187,83919.04849999992,173.75882744836775
1781969254,1000,POST,/predict/colleges [auth],9.900000,9.900000,10000,11000,11000,11000,12000,12000,13000,13000,13000,13000,13000,1442,1354,12000,15069.314209847467,3053.156599999056,85380.03029999527,187.00762829403607
1781969254,1000,POST,/predict/colleges [guest],7.600000,7.600000,11000,11000,12000,12000,12000,12000,13000,13000,13000,13000,13000,1037,890,12000,18362.02189517844,3028.152599996247,89124.75689999701,376.8466730954677
1781969254,1000,POST,/predict/colleges [premium],22.000000,22.000000,11000,11000,11000,12000,12000,12000,13000,13000,13000,13000,13000,2983,2751,12000,15945.100892758957,3024.4686999940313,83509.14919999923,88.47301374455246
1781969254,1000,GET,/predict/colleges-list,1.000000,0.000000,3000,3200,3600,3600,3900,4700,4700,4700,4700,4700,4700,188,0,4600,10174.259946276548,452.07429999572923,74415.22650000115,102062.0
1781969254,1000,POST,/predict/rank [auth],1.800000,1.400000,5600,6300,6400,6400,7400,8200,8200,8200,8200,8200,8200,244,31,4700,6844.003691393521,617.8264999980456,72335.49979999952,113.54508196721312
1781969254,1000,POST,/predict/rank [guest],2.100000,1.400000,6400,6600,8100,8100,8500,9100,9100,9100,9100,9100,9100,447,49,4800,7721.353240268402,592.3890999983996,74563.43580000248,114.84563758389261
1781969254,1000,,Aggregated,84.500000,42.300000,8700,9700,10000,11000,12000,12000,12000,13000,13000,13000,13000,13230,5075,10000,15774.850774686349,452.07429999572923,89124.75689999701,1640.6895691609977
1781969255,1000,POST,/auth/login [setup],0.000000,0.000000,0,0,0,0,0,0,0,0,0,0,0,869,0,45000,44864.65960978133,1130.2634000021499,82665.62999999587,173.8849252013809
1781969255,1000,GET,/auth/me,22.900000,0.000000,6500,7100,7500,7800,8400,8700,8900,9000,9000,9000,9000,3055,0,7900,11607.176082782209,1782.9517999998643,81189.83650000155,330.8075286415712
1781969255,1000,POST,/auth/update-profile,10.100000,0.000000,6900,7600,7800,8100,8700,9100,9100,9300,9300,9300,9300,1268,0,8700,12384.324816876935,1926.4559000002919,81872.38290000096,72.0
1781969255,1000,GET,/config,1.000000,0.000000,3700,4000,4000,4100,4700,5100,5100,5100,5100,5100,5100,224,0,4200,7414.867419642803,669.7742000033031,73344.70539999893,28.0
1781969255,1000,POST,/payment/create-order,10.700000,0.000000,9300,9700,9900,10000,10000,11000,11000,11000,12000,12000,12000,1518,0,11000,14392.266348550747,3553.6789999969187,83919.04849999992,173.75494071146244
1781969255,1000,POST,/predict/colleges [auth],11.700000,11.700000,10000,11000,11000,11000,12000,12000,13000,13000,13000,13000,13000,1443,1355,12000,15065.781860498992,3053.156599999056,85380.03029999527,186.90921690921692
1781969255,1000,POST,/predict/colleges [guest],9.500000,9.500000,10000,11000,11000,12000,12000,13000,13000,13000,13000,13000,13000,1037,890,12000,18362.02189517844,3028.152599996247,89124.75689999701,376.8466730954677
1781969255,1000,POST,/predict/colleges [premium],27.800000,27.800000,10000,11000,11000,11000,12000,12000,13000,13000,13000,13000,13000,2989,2757,12000,15932.819085647367,3024.4686999940313,83509.14919999923,88.38574774171964
1781969255,1000,GET,/predict/colleges-list,1.100000,0.000000,3000,3100,3200,3600,3900,3900,3900,3900,3900,3900,3900,188,0,4600,10174.259946276548,452.07429999572923,74415.22650000115,102062.0
1781969255,1000,POST,/predict/rank [auth],2.400000,1.800000,5900,6400,6600,7000,7500,8200,8200,8200,8200,8200,8200,246,33,4800,6847.140668699262,617.8264999980456,72335.49979999952,112.98780487804878
1781969255,1000,POST,/predict/rank [guest],2.500000,1.700000,5100,6400,7100,8100,8100,8500,8500,8500,8500,8500,8500,450,49,4800,7701.609201333276,592.3890999983996,74563.43580000248,114.9
1781969255,1000,,Aggregated,99.700000,52.500000,8600,9600,10000,11000,11000,12000,12000,13000,13000,13000,13000,13287,5084,10000,15739.176970926499,452.07429999572923,89124.75689999701,1634.2960788740875
1781969256,1000,POST,/auth/login [setup],0.000000,0.000000,0,0,0,0,0,0,0,0,0,0,0,869,0,45000,44864.65960978133,1130.2634000021499,82665.62999999587,173.8849252013809
1781969256,1000,GET,/auth/me,20.400000,0.000000,5600,6100,6200,6300,6500,6700,6900,7100,7300,7300,7300,3104,0,7800,11508.767071939314,1782.9517999998643,81189.83650000155,330.79735824742266
1781969256,1000,POST,/auth/update-profile,7.600000,0.000000,6300,6600,7000,7200,7800,8200,8900,9100,9100,9100,9100,1294,0,8600,12245.828022952066,1926.4559000002919,81872.38290000096,72.0
1781969256,1000,GET,/config,1.000000,0.000000,2900,3900,4000,4000,4700,5100,5100,5100,5100,5100,5100,230,0,4100,7278.456925217299,669.7742000033031,73344.70539999893,28.0
1781969256,1000,POST,/payment/create-order,10.000000,0.000000,8400,9100,9400,9500,9800,10000,11000,12000,12000,12000,12000,1537,0,11000,14306.575386857547,3553.6789999969187,83919.04849999992,173.74886141834742
1781969256,1000,POST,/predict/colleges [auth],11.500000,11.500000,8700,9200,9800,10000,11000,12000,12000,13000,13000,13000,13000,1483,1395,12000,14864.421658732339,3053.156599999056,85380.03029999527,183.08159136884694
1781969256,1000,POST,/predict/colleges [guest],9.200000,9.200000,9100,9400,10000,11000,11000,12000,12000,12000,12000,12000,12000,1058,911,12000,18157.4067213611,3028.152599996247,89124.75689999701,370.25992438563327
1781969256,1000,POST,/predict/colleges [premium],27.500000,27.500000,8700,9600,11000,11000,12000,12000,12000,13000,13000,13000,13000,3063,2831,12000,15732.232754587007,3024.4686999940313,83509.14919999923,87.33757753836109
1781969256,1000,GET,/predict/colleges-list,1.100000,0.000000,2800,3200,3200,3600,3900,4000,4000,4000,4000,4000,4000,195,0,4600,9876.67198769229,452.07429999572923,74415.22650000115,102062.0
1781969256,1000,POST,/predict/rank [auth],1.600000,1.000000,5300,6100,6300,6400,7000,7400,7500,7500,7500,7500,7500,252,37,4700,6779.530098412748,617.8264999980456,72335.49979999952,112.0
1781969256,1000,POST,/predict/rank [guest],2.100000,1.400000,4900,4900,5200,5400,6400,7100,7100,7100,7100,7100,7100,454,51,4800,7663.999599118885,592.3890999983996,74563.43580000248,114.62114537444934
1781969256,1000,,Aggregated,92.000000,50.600000,7600,8500,9200,9500,11000,11000,12000,12000,13000,13000,13000,13539,5225,10000,15568.070471607969,452.07429999572923,89124.75689999701,1658.739419454908
1781969258,1000,POST,/auth/login [setup],0.000000,0.000000,0,0,0,0,0,0,0,0,0,0,0,869,0,45000,44864.65960978133,1130.2634000021499,82665.62999999587,173.8849252013809
1781969258,1000,GET,/auth/me,19.600000,0.000000,5300,5700,6100,6200,6500,6600,6800,6900,6900,6900,6900,3139,0,7700,11431.441594966436,1782.9517999998643,81189.83650000155,330.79229053838804
1781969258,1000,POST,/auth/update-profile,6.800000,0.000000,6000,6500,7000,7100,7800,8100,8900,9100,9100,9100,9100,1308,0,8600,12179.035773470934,1926.4559000002919,81872.38290000096,72.0
1781969258,1000,GET,/config,0.800000,0.000000,2900,3900,4000,4000,4700,5100,5100,5100,5100,5100,5100,230,0,4100,7278.456925217299,669.7742000033031,73344.70539999893,28.0
1781969258,1000,POST,/payment/create-order,9.700000,0.000000,8200,8600,9200,9400,9800,10000,11000,12000,12000,12000,12000,1549,0,11000,14255.115717366063,3553.6789999969187,83919.04849999992,173.74822466107165
1781969258,1000,POST,/predict/colleges [auth],9.900000,9.900000,8700,9200,9800,10000,11000,12000,12000,13000,13000,13000,13000,1484,1396,12000,14859.529488274973,3053.156599999056,85380.03029999527,182.98854447439354
1781969258,1000,POST,/predict/colleges [guest],7.600000,7.600000,8800,9400,10000,11000,11000,12000,12000,12000,12000,12000,12000,1061,914,12000,18127.4678599435,3028.152599996247,89124.75689999701,369.3402450518379
1781969258,1000,POST,/predict/colleges [premium],22.800000,22.800000,8700,9600,11000,11000,12000,12000,12000,13000,13000,13000,13000,3063,2831,12000,15732.232754587007,3024.4686999940313,83509.14919999923,87.33757753836109
1781969258,1000,GET,/predict/colleges-list,1.000000,0.000000,2100,2800,3200,3200,3600,4000,4000,4000,4000,4000,4000,195,0,4600,9876.67198769229,452.07429999572923,74415.22650000115,102062.0
1781969258,1000,POST,/predict/rank [auth],1.500000,1.000000,5300,5900,6300,6300,7000,7500,7500,7500,7500,7500,7500,253,38,4800,6773.592641897291,617.8264999980456,72335.49979999952,111.73517786561264
1781969258,1000,POST,/predict/rank [guest],1.800000,1.300000,4800,4900,5200,5200,5500,6400,7100,7100,7100,7100,7100,459,55,4800,7629.203232026102,592.3890999983996,74563.43580000248,114.02614379084967
1781969258,1000,,Aggregated,81.500000,42.600000,7400,8300,8900,9200,10000,11000,12000,12000,13000,13000,13000,13610,5234,10000,15515.809760837634,452.07429999572923,89124.75689999701,1651.2014695077148
1781969259,1000,POST,/auth/login [setup],0.000000,0.000000,0,0,0,0,0,0,0,0,0,0,0,869,0,45000,44864.65960978133,1130.2634000021499,82665.62999999587,173.8849252013809
1781969259,1000,GET,/auth/me,19.900000,0.000000,5200,5600,6000,6200,6400,6500,6600,6600,6700,6700,6700,3150,0,7700,11406.388312825284,1782.9517999998643,81189.83650000155,330.79079365079366
1781969259,1000,POST,/auth/update-profile,7.400000,0.000000,5800,6400,6900,7000,7600,7800,8800,9100,9100,9100,9100,1311,0,8500,12163.995798703267,1926.4559000002919,81872.38290000096,72.0
1781969259,1000,GET,/config,1.300000,0.000000,2900,3900,4000,4000,4700,5100,5100,5100,5100,5100,5100,230,0,4100,7278.456925217299,669.7742000033031,73344.70539999893,28.0
1781969259,1000,POST,/payment/create-order,10.400000,0.000000,8000,8300,8700,9000,9600,9800,11000,11000,11000,11000,11000,1552,0,11000,14242.077632409819,3553.6789999969187,83919.04849999992,173.74677835051546
1781969259,1000,POST,/predict/colleges [auth],10.400000,10.400000,8700,9000,9500,10000,11000,12000,12000,13000,13000,13000,13000,1484,1396,12000,14859.529488274973,3053.156599999056,85380.03029999527,182.98854447439354
1781969259,1000,POST,/predict/colleges [guest],8.300000,8.300000,8800,9300,9600,10000,11000,12000,12000,12000,12000,12000,12000,1061,914,12000,18127.4678599435,3028.152599996247,89124.75689999701,369.3402450518379
1781969259,1000,POST,/predict/colleges [premium],24.000000,24.000000,8500,9400,10000,11000,12000,12000,12000,13000,13000,13000,13000,3063,2831,12000,15732.232754587007,3024.4686999940313,83509.14919999923,87.33757753836109
1781969259,1000,GET,/predict/colleges-list,1.000000,0.000000,2100,2800,3200,3200,3600,4000,4000,4000,4000,4000,4000,195,0,4600,9876.67198769229,452.07429999572923,74415.22650000115,102062.0
1781969259,1000,POST,/predict/rank [auth],1.700000,1.200000,5300,5900,6300,6300,7000,7500,7500,7500,7500,7500,7500,253,38,4800,6773.592641897291,617.8264999980456,72335.49979999952,111.73517786561264
1781969259,1000,POST,/predict/rank [guest],2.000000,1.200000,4800,4900,5100,5200,5400,5500,6400,6400,6400,6400,6400,459,55,4800,7629.203232026102,592.3890999983996,74563.43580000248,114.02614379084967
1781969259,1000,,Aggregated,86.400000,45.100000,7300,8200,8800,9200,10000,11000,12000,12000,13000,13000,13000,13627,5234,10000,15502.777486130493,452.07429999572923,89124.75689999701,1649.462170690541
1781969260,1000,POST,/auth/login [setup],0.000000,0.000000,0,0,0,0,0,0,0,0,0,0,0,869,0,45000,44864.65960978133,1130.2634000021499,82665.62999999587,173.8849252013809
1781969260,1000,GET,/auth/me,18.100000,0.000000,5100,5400,5700,5900,6200,6400,6600,6900,7000,7000,7000,3159,0,7700,11389.786362519673,1782.9517999998643,81189.83650000155,330.7891737891738
1781969260,1000,POST,/auth/update-profile,9.100000,0.000000,5700,6200,6500,6900,7800,7900,8800,9100,9100,9100,9100,1313,0,8500,12156.346609139362,1926.4559000002919,81872.38290000096,72.0
1781969260,1000,GET,/config,1.700000,0.000000,2900,3900,4000,4000,4700,5100,5100,5100,5100,5100,5100,230,0,4100,7278.456925217299,669.7742000033031,73344.70539999893,28.0
1781969260,1000,POST,/payment/create-order,10.800000,0.000000,7900,8300,8600,9000,9600,9800,11000,11000,11000,11000,11000,1561,0,11000,14206.176994170422,3553.6789999969187,83919.04849999992,173.7437540038437
1781969260,1000,POST,/predict/colleges [auth],11.400000,11.400000,7800,8300,8700,8800,9000,9400,9500,10000,10000,10000,10000,1484,1396,12000,14859.529488274973,3053.156599999056,85380.03029999527,182.98854447439354
1781969260,1000,POST,/predict/colleges [guest],7.400000,7.400000,8300,8600,8800,9100,9400,9600,9900,9900,9900,9900,9900,1061,914,12000,18127.4678599435,3028.152599996247,89124.75689999701,369.3402450518379
1781969260,1000,POST,/predict/colleges [premium],24.000000,24.000000,7800,8400,8800,9000,9400,9800,9900,9900,10000,10000,10000,3063,2831,12000,15732.232754587007,3024.4686999940313,83509.14919999923,87.33757753836109
1781969260,1000,GET,/predict/colleges-list,1.400000,0.000000,1500,2100,2400,3200,4000,4000,4000,4000,4000,4000,4000,195,0,4600,9876.67198769229,452.07429999572923,74415.22650000115,102062.0
1781969260,1000,POST,/predict/rank [auth],2.100000,1.500000,5300,5600,6100,6100,7000,7500,7500,7500,7500,7500,7500,253,38,4800,6773.592641897291,617.8264999980456,72335.49979999952,111.73517786561264
1781969260,1000,POST,/predict/rank [guest],1.900000,1.000000,4700,4900,4900,5200,5400,5500,5500,5500,5500,5500,5500,459,55,4800,7629.203232026102,592.3890999983996,74563.43580000248,114.02614379084967
1781969260,1000,,Aggregated,87.900000,45.300000,6800,7600,8000,8300,9000,9400,9800,9900,11000,11000,11000,13647,5234,10000,15490.06984285192,452.07429999572923,89124.75689999701,1647.3874111526343
1781969261,1000,POST,/auth/login [setup],0.000000,0.000000,0,0,0,0,0,0,0,0,0,0,0,869,0,45000,44864.65960978133,1130.2634000021499,82665.62999999587,173.8849252013809
1781969261,1000,GET,/auth/me,19.500000,0.000000,5200,5500,5700,5900,6200,6400,6600,6900,7000,7000,7000,3178,0,7700,11355.393474543624,1782.9517999998643,81189.83650000155,330.7857142857143
1781969261,1000,POST,/auth/update-profile,8.700000,0.000000,5700,6200,6800,7000,7300,7900,8800,9100,9100,9100,9100,1321,0,8500,12124.194162982581,1926.4559000002919,81872.38290000096,72.0
1781969261,1000,GET,/config,1.600000,0.000000,3900,4000,4100,4700,5000,5100,5100,5100,5100,5100,5100,231,0,4100,7268.509311255303,669.7742000033031,73344.70539999893,28.0
1781969261,1000,POST,/payment/create-order,9.900000,0.000000,7800,8000,8200,8600,9700,9800,11000,11000,11000,11000,11000,1572,0,11000,14161.204984669243,3553.6789999969187,83919.04849999992,173.73982188295165
1781969261,1000,POST,/predict/colleges [auth],11.000000,11.000000,7800,8300,8700,8800,9400,10000,10000,10000,10000,10000,10000,1487,1399,12000,14850.53728863488,3053.156599999056,85380.03029999527,182.71015467383995
1781969261,1000,POST,/predict/colleges [guest],7.300000,7.300000,8400,8800,9200,9300,10000,10000,10000,10000,10000,10000,10000,1066,919,12000,18091.27161013138,3028.152599996247,89124.75689999701,367.81894934333957
1781969261,1000,POST,/predict/colleges [premium],22.500000,22.500000,7900,8500,8900,9200,9900,10000,11000,11000,11000,11000,11000,3071,2839,12000,15718.550485607297,3024.4686999940313,83509.14919999923,87.22728752849235
1781969261,1000,GET,/predict/colleges-list,1.100000,0.000000,2100,2400,3200,3200,4000,4000,4000,4000,4000,4000,4000,195,0,4600,9876.67198769229,452.07429999572923,74415.22650000115,102062.0
1781969261,1000,POST,/predict/rank [auth],2.000000,1.400000,5300,5600,6100,6300,7000,7500,7500,7500,7500,7500,7500,253,38,4800,6773.592641897291,617.8264999980456,72335.49979999952,111.73517786561264
1781969261,1000,POST,/predict/rank [guest],2.200000,1.200000,4800,4900,5200,5200,5400,5500,5500,5500,5500,5500,5500,459,55,4800,7629.203232026102,592.3890999983996,74563.43580000248,114.02614379084967
1781969261,1000,,Aggregated,85.800000,43.400000,6800,7600,7900,8200,9200,9800,10000,10000,11000,11000,11000,13702,5250,10000,15458.51097098965,452.07429999572923,89124.75689999701,1641.4683257918552
1781969262,1000,POST,/auth/login [setup],0.000000,0.000000,0,0,0,0,0,0,0,0,0,0,0,869,0,45000,44864.65960978133,1130.2634000021499,82665.62999999587,173.8849252013809
1781969262,1000,GET,/auth/me,19.500000,0.000000,5200,5400,5500,5600,6100,6200,6500,6700,7000,7000,7000,3244,0,7600,11221.861740166358,1782.9517999998643,81189.83650000155,330.77589395807644
1781969262,1000,POST,/auth/update-profile,8.700000,0.000000,5700,6000,6400,6800,7300,7800,8100,8800,9100,9100,9100,1353,0,8500,11966.8892977827,1926.4559000002919,81872.38290000096,72.0
1781969262,1000,GET,/config,1.600000,0.000000,3900,4000,4100,4700,4800,5000,5100,5100,5100,5100,5100,237,0,4100,7170.615094092776,669.7742000033031,73344.70539999893,28.0
1781969262,1000,POST,/payment/create-order,9.900000,0.000000,7600,7900,8200,8400,9700,9800,11000,11000,11000,11000,11000,1586,0,11000,14098.571077931936,3553.6789999969187,83919.04849999992,173.73707440100884
1781969262,1000,POST,/predict/colleges [auth],11.000000,11.000000,7900,8500,8800,9000,10000,10000,10000,10000,10000,10000,10000,1551,1463,12000,14567.566337072898,3053.156599999056,85380.03029999527,177.02772404900065
1781969262,1000,POST,/predict/colleges [guest],7.300000,7.300000,7900,8500,9000,9200,9900,10000,10000,10000,10000,10000,10000,1104,957,12000,17726.562133333384,3028.152599996247,89124.75689999701,356.7074275362319
1781969262,1000,POST,/predict/colleges [premium],22.500000,22.500000,7800,8500,9100,9200,9900,10000,10000,11000,11000,11000,11000,3193,2961,12000,15423.967540588788,3024.4686999940313,83509.14919999923,85.61384278108362
1781969262,1000,GET,/predict/colleges-list,1.100000,0.000000,2400,2600,3200,3200,4000,4700,4700,4700,4700,4700,4700,199,0,4600,9733.318911557755,452.07429999572923,74415.22650000115,102062.0
1781969262,1000,POST,/predict/rank [auth],2.000000,1.400000,5200,5400,5900,6100,7000,7500,7500,7500,7500,7500,7500,258,40,4700,6696.071810852742,583.512699995481,72335.49979999952,111.36046511627907
1781969262,1000,POST,/predict/rank [guest],2.200000,1.200000,4600,4800,4900,4900,5200,5400,5500,5500,5500,5500,5500,466,58,4800,7558.445256437744,592.3890999983996,74563.43580000248,113.6587982832618
1781969262,1000,,Aggregated,85.800000,43.400000,6700,7600,7900,8300,9500,10000,10000,10000,11000,11000,11000,14060,5479,10000,15237.69418449505,452.07429999572923,89124.75689999701,1631.4022759601708
1781969263,1000,POST,/auth/login [setup],0.000000,0.000000,0,0,0,0,0,0,0,0,0,0,0,869,0,45000,44864.65960978133,1130.2634000021499,82665.62999999587,173.8849252013809
1781969263,1000,GET,/auth/me,19.700000,0.000000,5200,5400,5600,5700,6100,6200,6500,6700,7000,7000,7000,3245,0,7600,11220.316231217153,1782.9517999998643,81189.83650000155,330.7750385208012
1781969263,1000,POST,/auth/update-profile,8.500000,0.000000,5700,6100,6500,6900,7300,7800,8800,9100,9100,9100,9100,1353,0,8500,11966.8892977827,1926.4559000002919,81872.38290000096,72.0
1781969263,1000,GET,/config,1.600000,0.000000,3900,4000,4700,4800,5000,5100,5100,5100,5100,5100,5100,237,0,4100,7170.615094092776,669.7742000033031,73344.70539999893,28.0
1781969263,1000,POST,/payment/create-order,9.900000,0.000000,7600,7900,8200,8400,9700,9800,11000,11000,11000,11000,11000,1586,0,11000,14098.571077931936,3553.6789999969187,83919.04849999992,173.73707440100884
1781969263,1000,POST,/predict/colleges [auth],11.000000,11.000000,7900,8300,8800,9100,10000,10000,10000,10000,10000,10000,10000,1551,1463,12000,14567.566337072898,3053.156599999056,85380.03029999527,177.02772404900065
1781969263,1000,POST,/predict/colleges [guest],7.300000,7.300000,7600,8200,9200,9400,10000,10000,10000,10000,10000,10000,10000,1104,957,12000,17726.562133333384,3028.152599996247,89124.75689999701,356.7074275362319
1781969263,1000,POST,/predict/colleges [premium],22.500000,22.500000,7800,8500,8900,9400,10000,10000,10000,11000,11000,11000,11000,3193,2961,12000,15423.967540588788,3024.4686999940313,83509.14919999923,85.61384278108362
1781969263,1000,GET,/predict/colleges-list,1.100000,0.000000,2400,2600,3200,3200,4000,4700,4700,4700,4700,4700,4700,199,0,4600,9733.318911557755,452.07429999572923,74415.22650000115,102062.0
1781969263,1000,POST,/predict/rank [auth],2.000000,1.400000,4700,5300,5400,6100,7000,7500,7500,7500,7500,7500,7500,258,40,4700,6696.071810852742,583.512699995481,72335.49979999952,111.36046511627907
1781969263,1000,POST,/predict/rank [guest],2.100000,1.100000,4200,4800,4900,5200,5400,5500,5500,5500,5500,5500,5500,466,58,4800,7558.445256437744,592.3890999983996,74563.43580000248,113.6587982832618
1781969263,1000,,Aggregated,85.700000,43.300000,6700,7600,7900,8300,9500,10000,10000,10000,11000,11000,11000,14061,5479,10000,15237.051910902526,452.07429999572923,89124.75689999701,1631.3095796885002
1781969264,1000,POST,/auth/login [setup],0.000000,0.000000,0,0,0,0,0,0,0,0,0,0,0,869,0,45000,44864.65960978133,1130.2634000021499,82665.62999999587,173.8849252013809
1781969264,1000,GET,/auth/me,18.100000,0.000000,5000,5300,5500,5600,6000,6200,6500,6700,7000,7000,7000,3290,0,7500,11123.158460881366,1782.9517999998643,81189.83650000155,330.7644376899696
1781969264,1000,POST,/auth/update-profile,7.600000,0.000000,5700,6000,6400,6800,7200,7800,7900,8800,9100,9100,9100,1365,0,8400,11904.827624029293,1926.4559000002919,81872.38290000096,72.0
1781969264,1000,GET,/config,1.500000,0.000000,3900,4000,4700,4800,5000,5100,5100,5100,5100,5100,5100,237,0,4100,7170.615094092776,669.7742000033031,73344.70539999893,28.0
1781969264,1000,POST,/payment/create-order,9.600000,0.000000,7500,7800,8000,8200,9600,9800,10000,11000,11000,11000,11000,1608,0,11000,14001.7080910448,3553.6789999969187,83919.04849999992,173.72699004975124
1781969264,1000,POST,/predict/colleges [auth],6.300000,6.300000,7900,8300,8800,9100,10000,10000,10000,10000,10000,10000,10000,1551,1463,12000,14567.566337072898,3053.156599999056,85380.03029999527,177.02772404900065
1781969264,1000,POST,/predict/colleges [guest],4.600000,4.600000,7600,8200,9200,9400,10000,10000,10000,10000,10000,10000,10000,1104,957,12000,17726.562133333384,3028.152599996247,89124.75689999701,356.7074275362319
1781969264,1000,POST,/predict/colleges [premium],14.600000,14.600000,7800,8500,8900,9400,10000,10000,10000,11000,11000,11000,11000,3193,2961,12000,15423.967540588788,3024.4686999940313,83509.14919999923,85.61384278108362
1781969264,1000,GET,/predict/colleges-list,0.900000,0.000000,2100,3100,3200,3200,4000,4700,4700,4700,4700,4700,4700,199,0,4600,9733.318911557755,452.07429999572923,74415.22650000115,102062.0
1781969264,1000,POST,/predict/rank [auth],1.600000,1.100000,4600,5300,5400,6100,7000,7500,7500,7500,7500,7500,7500,259,41,4700,6688.16459845562,583.512699995481,72335.49979999952,111.10424710424711
1781969264,1000,POST,/predict/rank [guest],1.900000,0.900000,4600,4800,4900,5200,5400,5500,5500,5500,5500,5500,5500,467,59,4800,7552.181898929325,592.3890999983996,74563.43580000248,113.5117773019272
1781969264,1000,,Aggregated,66.700000,27.500000,6600,7400,7800,8200,9300,10000,10000,10000,11000,11000,11000,14142,5481,9900,15178.619361759325,452.07429999572923,89124.75689999701,1623.352708244944
1781969265,1000,POST,/auth/login [setup],0.000000,0.000000,0,0,0,0,0,0,0,0,0,0,0,869,0,45000,44864.65960978133,1130.2634000021499,82665.62999999587,173.8849252013809
1781969265,1000,GET,/auth/me,18.100000,0.000000,5000,5200,5400,5500,5700,6100,6400,6500,7000,7000,7000,3290,0,7500,11123.158460881366,1782.9517999998643,81189.83650000155,330.7644376899696
1781969265,1000,POST,/auth/update-profile,7.600000,0.000000,5600,5800,6100,6200,7200,7800,7900,8800,8800,8800,8800,1365,0,8400,11904.827624029293,1926.4559000002919,81872.38290000096,72.0
1781969265,1000,GET,/config,1.500000,0.000000,2900,3900,4000,4800,4800,5000,5000,5000,5000,5000,5000,237,0,4100,7170.615094092776,669.7742000033031,73344.70539999893,28.0
1781969265,1000,POST,/payment/create-order,9.600000,0.000000,7400,7600,7700,7800,8400,8800,10000,10000,10000,10000,10000,1608,0,11000,14001.7080910448,3553.6789999969187,83919.04849999992,173.72699004975124
1781969265,1000,POST,/predict/colleges [auth],6.300000,6.300000,7800,8200,8700,8800,10000,10000,10000,10000,10000,10000,10000,1551,1463,12000,14567.566337072898,3053.156599999056,85380.03029999527,177.02772404900065
1781969265,1000,POST,/predict/colleges [guest],4.600000,4.600000,7600,8000,8300,9300,10000,10000,10000,10000,10000,10000,10000,1104,957,12000,17726.562133333384,3028.152599996247,89124.75689999701,356.7074275362319
1781969265,1000,POST,/predict/colleges [premium],14.600000,14.600000,7700,8300,8800,9200,10000,10000,10000,11000,11000,11000,11000,3193,2961,12000,15423.967540588788,3024.4686999940313,83509.14919999923,85.61384278108362
1781969265,1000,GET,/predict/colleges-list,0.900000,0.000000,2100,3100,3200,3200,4000,4700,4700,4700,4700,4700,4700,199,0,4600,9733.318911557755,452.07429999572923,74415.22650000115,102062.0
1781969265,1000,POST,/predict/rank [auth],1.600000,1.100000,4500,4700,5300,5300,5400,6100,6100,6100,6100,6100,6100,259,41,4700,6688.16459845562,583.512699995481,72335.49979999952,111.10424710424711
1781969265,1000,POST,/predict/rank [guest],1.900000,0.900000,4100,4800,4800,4900,5200,5500,5500,5500,5500,5500,5500,467,59,4800,7552.181898929325,592.3890999983996,74563.43580000248,113.5117773019272
1781969265,1000,,Aggregated,66.700000,27.500000,6500,7200,7700,7900,8800,9900,10000,10000,11000,11000,11000,14142,5481,9900,15178.619361759325,452.07429999572923,89124.75689999701,1623.352708244944
1781969266,1000,POST,/auth/login [setup],0.000000,0.000000,0,0,0,0,0,0,0,0,0,0,0,869,0,45000,44864.65960978133,1130.2634000021499,82665.62999999587,173.8849252013809
1781969266,1000,GET,/auth/me,20.400000,0.000000,4900,5200,5300,5400,5600,5800,6200,6900,7000,7000,7000,3292,0,7500,11120.141851883262,1782.9517999998643,81189.83650000155,330.76458080194413
1781969266,1000,POST,/auth/update-profile,9.500000,0.000000,5700,6000,6400,6800,7300,7800,7900,8800,8800,8800,8800,1366,0,8400,11901.015299121509,1926.4559000002919,81872.38290000096,72.0
1781969266,1000,GET,/config,1.900000,0.000000,2900,3900,4000,4800,4800,5000,5000,5000,5000,5000,5000,237,0,4100,7170.615094092776,669.7742000033031,73344.70539999893,28.0
1781969266,1000,POST,/payment/create-order,8.700000,0.000000,7500,7600,7800,7800,8200,8600,10000,10000,10000,10000,10000,1613,0,11000,13982.858548915081,3553.6789999969187,83919.04849999992,173.72473651580904
1781969266,1000,POST,/predict/colleges [auth],10.900000,10.900000,8100,8700,9500,9700,10000,10000,10000,10000,10000,10000,10000,1551,1463,12000,14567.566337072898,3053.156599999056,85380.03029999527,177.02772404900065
1781969266,1000,POST,/predict/colleges [guest],6.700000,6.700000,7600,8100,9300,9600,10000,10000,10000,10000,10000,10000,10000,1104,957,12000,17726.562133333384,3028.152599996247,89124.75689999701,356.7074275362319
1781969266,1000,POST,/predict/colleges [premium],21.000000,21.000000,7700,8300,8800,9200,10000,10000,10000,11000,11000,11000,11000,3194,2962,12000,15422.255539542894,3024.4686999940313,83509.14919999923,85.60112711333751
1781969266,1000,GET,/predict/colleges-list,1.100000,0.000000,2100,3100,3200,3200,4000,4700,4700,4700,4700,4700,4700,199,0,4600,9733.318911557755,452.07429999572923,74415.22650000115,102062.0
1781969266,1000,POST,/predict/rank [auth],1.400000,0.900000,4200,4600,5300,5300,5400,5400,5400,5400,5400,5400,5400,259,41,4700,6688.16459845562,583.512699995481,72335.49979999952,111.10424710424711
1781969266,1000,POST,/predict/rank [guest],1.900000,0.900000,4100,4800,4800,4800,5200,5500,5500,5500,5500,5500,5500,467,59,4800,7552.181898929325,592.3890999983996,74563.43580000248,113.5117773019272
1781969266,1000,,Aggregated,83.500000,40.400000,6300,7400,7800,8100,9500,10000,10000,10000,11000,11000,11000,14151,5482,9900,15173.811597138038,452.07429999572923,89124.75689999701,1622.436435587591
1781969267,1000,POST,/auth/login [setup],0.000000,0.000000,0,0,0,0,0,0,0,0,0,0,0,869,0,45000,44864.65960978133,1130.2634000021499,82665.62999999587,173.8849252013809
1781969267,1000,GET,/auth/me,24.800000,0.000000,4900,5200,5400,5500,5600,5800,6200,6900,7000,7000,7000,3292,0,7500,11120.141851883262,1782.9517999998643,81189.83650000155,330.76458080194413
1781969267,1000,POST,/auth/update-profile,10.700000,0.000000,5700,6000,6400,6800,7300,7800,7800,7900,7900,7900,7900,1367,0,8400,11897.428841916595,1926.4559000002919,81872.38290000096,72.0
1781969267,1000,GET,/config,1.900000,0.000000,2900,3900,4000,4800,4800,5000,5000,5000,5000,5000,5000,237,0,4100,7170.615094092776,669.7742000033031,73344.70539999893,28.0
1781969267,1000,POST,/payment/create-order,10.800000,0.000000,7500,7700,7900,8100,8200,8600,10000,10000,10000,10000,10000,1623,0,11000,13946.07742378314,3553.6789999969187,83919.04849999992,173.72211953173135
1781969267,1000,POST,/predict/colleges [auth],10.900000,10.900000,8100,8700,9500,9700,10000,10000,10000,10000,10000,10000,10000,1551,1463,12000,14567.566337072898,3053.156599999056,85380.03029999527,177.02772404900065
1781969267,1000,POST,/predict/colleges [guest],6.700000,6.700000,7600,8100,9300,9600,10000,10000,10000,10000,10000,10000,10000,1104,957,12000,17726.562133333384,3028.152599996247,89124.75689999701,356.7074275362319
1781969267,1000,POST,/predict/colleges [premium],21.000000,21.000000,7700,8300,8800,9200,10000,10000,10000,11000,11000,11000,11000,3194,2962,12000,15422.255539542894,3024.4686999940313,83509.14919999923,85.60112711333751
1781969267,1000,GET,/predict/colleges-list,1.100000,0.000000,2100,3100,3200,3200,4000,4700,4700,4700,4700,4700,4700,199,0,4600,9733.318911557755,452.07429999572923,74415.22650000115,102062.0
1781969267,1000,POST,/predict/rank [auth],1.500000,1.000000,4200,4600,5300,5300,5400,5400,5400,5400,5400,5400,5400,259,41,4700,6688.16459845562,583.512699995481,72335.49979999952,111.10424710424711
1781969267,1000,POST,/predict/rank [guest],2.000000,1.000000,4600,4800,4800,5200,5500,7300,7300,7300,7300,7300,7300,468,60,4800,7551.544576068364,592.3890999983996,74563.43580000248,113.36538461538461
1781969267,1000,,Aggregated,91.400000,40.600000,6600,7500,7900,8300,9700,10000,10000,10000,11000,11000,11000,14163,5483,9900,15167.619358441032,452.07429999572923,89124.75689999701,1621.1924027395326
1781969268,1000,POST,/auth/login [setup],0.000000,0.000000,0,0,0,0,0,0,0,0,0,0,0,869,0,45000,44864.65960978133,1130.2634000021499,82665.62999999587,173.8849252013809
1781969268,1000,GET,/auth/me,23.700000,0.000000,5000,5300,5600,5700,6500,6600,6900,6900,7000,7000,7000,3370,0,7400,10986.826972848583,1782.9517999998643,81189.83650000155,330.7513353115727
1781969268,1000,POST,/auth/update-profile,9.700000,0.000000,5800,6200,6800,7000,7300,7800,7800,7900,7900,7900,7900,1391,0,8400,11797.55667958302,1926.4559000002919,81872.38290000096,72.0
1781969268,1000,GET,/config,1.300000,0.000000,3300,4000,4800,5000,5100,6000,6000,6000,6000,6000,6000,250,0,4000,6963.052693199955,620.7020000001648,73344.70539999893,28.0
1781969268,1000,POST,/payment/create-order,9.500000,0.000000,7500,7800,8000,8100,8300,8800,10000,10000,10000,10000,10000,1646,0,11000,13859.796744775243,3553.6789999969187,83919.04849999992,173.7156743620899
1781969268,1000,POST,/predict/colleges [auth],10.300000,10.300000,8300,9300,9800,10000,10000,11000,11000,11000,11000,11000,11000,1600,1512,11000,14397.140198250036,3053.156599999056,85380.03029999527,172.984375
1781969268,1000,POST,/predict/colleges [guest],6.000000,6.000000,7900,8600,9400,9600,10000,10000,11000,11000,11000,11000,11000,1138,991,12000,17450.139411159973,3028.152599996247,89124.75689999701,347.39455184534273
1781969268,1000,POST,/predict/colleges [premium],19.600000,19.600000,8300,9400,9800,10000,10000,11000,11000,11000,11000,11000,11000,3292,3060,12000,15229.235805103288,3024.4686999940313,83509.14919999923,84.3924665856622
1781969268,1000,GET,/predict/colleges-list,1.100000,0.000000,2600,3100,4400,4700,5900,6300,6300,6300,6300,6300,6300,208,0,4400,9445.791639903748,452.07429999572923,74415.22650000115,102062.0
1781969268,1000,POST,/predict/rank [auth],1.300000,0.800000,4200,5300,5400,5500,6000,7000,7000,7000,7000,7000,7000,265,43,4700,6631.7772883019325,583.512699995481,72335.49979999952,110.80754716981131
1781969268,1000,POST,/predict/rank [guest],1.700000,1.000000,4800,5500,6100,6300,7300,7500,7500,7500,7500,7500,7500,481,68,4800,7489.747718295231,592.3890999983996,74563.43580000248,112.33471933471934
1781969268,1000,,Aggregated,84.200000,37.700000,7000,7800,8200,8800,9900,10000,11000,11000,11000,11000,11000,14510,5674,9800,14977.975712501751,452.07429999572923,89124.75689999701,1648.5905582356995
1781969269,1000,POST,/auth/login [setup],0.000000,0.000000,0,0,0,0,0,0,0,0,0,0,0,869,0,45000,44864.65960978133,1130.2634000021499,82665.62999999587,173.8849252013809
1781969269,1000,GET,/auth/me,23.700000,0.000000,5000,5300,5600,5700,6400,6600,6800,6900,7000,7000,7000,3374,0,7400,10979.464345731987,1782.9517999998643,81189.83650000155,330.7501481920569
1781969269,1000,POST,/auth/update-profile,9.700000,0.000000,5700,6100,6700,6900,7300,7500,7800,7800,7800,7800,7800,1391,0,8400,11797.55667958302,1926.4559000002919,81872.38290000096,72.0
1781969269,1000,GET,/config,1.300000,0.000000,3300,4000,4800,5000,5100,6000,6000,6000,6000,6000,6000,250,0,4000,6963.052693199955,620.7020000001648,73344.70539999893,28.0
1781969269,1000,POST,/payment/create-order,9.500000,0.000000,7500,7800,7900,8100,8300,8600,10000,10000,10000,10000,10000,1647,0,11000,13856.416496296328,3553.6789999969187,83919.04849999992,173.71584699453553
1781969269,1000,POST,/predict/colleges [auth],10.300000,10.300000,8300,9300,9900,10000,10000,11000,11000,11000,11000,11000,11000,1600,1512,11000,14397.140198250036,3053.156599999056,85380.03029999527,172.984375
1781969269,1000,POST,/predict/colleges [guest],6.000000,6.000000,8000,8600,9400,9600,10000,10000,11000,11000,11000,11000,11000,1138,991,12000,17450.139411159973,3028.152599996247,89124.75689999701,347.39455184534273
1781969269,1000,POST,/predict/colleges [premium],19.600000,19.600000,8300,9400,9800,10000,10000,11000,11000,11000,11000,11000,11000,3292,3060,12000,15229.235805103288,3024.4686999940313,83509.14919999923,84.3924665856622
1781969269,1000,GET,/predict/colleges-list,1.100000,0.000000,2600,3100,4400,4700,5900,6300,6300,6300,6300,6300,6300,208,0,4400,9445.791639903748,452.07429999572923,74415.22650000115,102062.0
1781969269,1000,POST,/predict/rank [auth],1.300000,0.800000,4200,4600,5500,5500,6000,7000,7000,7000,7000,7000,7000,265,43,4700,6631.7772883019325,583.512699995481,72335.49979999952,110.80754716981131
1781969269,1000,POST,/predict/rank [guest],1.700000,1.000000,4800,5800,6300,6500,7300,7500,7500,7500,7500,7500,7500,481,68,4800,7489.747718295231,592.3890999983996,74563.43580000248,112.33471933471934
1781969269,1000,,Aggregated,84.200000,37.700000,7000,7800,8300,8800,10000,10000,11000,11000,11000,11000,11000,14515,5674,9800,14974.703818112326,452.07429999572923,89124.75689999701,1648.125525318636
1781969270,1000,POST,/auth/login [setup],0.000000,0.000000,0,0,0,0,0,0,0,0,0,0,0,869,0,45000,44864.65960978133,1130.2634000021499,82665.62999999587,173.8849252013809
1781969270,1000,GET,/auth/me,23.100000,0.000000,4900,5200,5500,5700,6500,6800,7000,7500,8400,8400,8400,3381,0,7400,10970.557557675167,1782.9517999998643,81189.83650000155,330.7497781721384
1781969270,1000,POST,/auth/update-profile,8.200000,0.000000,5700,6100,6500,6800,7100,7800,7800,9000,9000,9000,9000,1392,0,8400,11795.546983476994,1926.4559000002919,81872.38290000096,72.0
1781969270,1000,GET,/config,2.000000,0.000000,3200,3900,4800,4800,5100,6000,6000,6000,6000,6000,6000,250,0,4000,6963.052693199955,620.7020000001648,73344.70539999893,28.0
1781969270,1000,POST,/payment/create-order,9.500000,0.000000,7500,7800,8100,8200,8400,9200,10000,10000,10000,10000,10000,1650,0,11000,13848.347382424272,3553.6789999969187,83919.04849999992,173.71515151515152
1781969270,1000,POST,/predict/colleges [auth],11.600000,11.600000,8300,9300,9900,10000,10000,11000,11000,11000,11000,11000,11000,1600,1512,11000,14397.140198250036,3053.156599999056,85380.03029999527,172.984375
1781969270,1000,POST,/predict/colleges [guest],7.700000,7.700000,8000,8600,9400,9600,10000,10000,11000,11000,11000,11000,11000,1138,991,12000,17450.139411159973,3028.152599996247,89124.75689999701,347.39455184534273
1781969270,1000,POST,/predict/colleges [premium],22.900000,22.900000,8300,9300,9800,9900,10000,11000,11000,11000,11000,11000,11000,3292,3060,12000,15229.235805103288,3024.4686999940313,83509.14919999923,84.3924665856622
1781969270,1000,GET,/predict/colleges-list,1.300000,0.000000,2600,3100,4400,4700,5900,6300,6300,6300,6300,6300,6300,208,0,4400,9445.791639903748,452.07429999572923,74415.22650000115,102062.0
1781969270,1000,POST,/predict/rank [auth],1.200000,0.500000,4200,4600,5500,5500,6000,7000,7000,7000,7000,7000,7000,265,43,4700,6631.7772883019325,583.512699995481,72335.49979999952,110.80754716981131
1781969270,1000,POST,/predict/rank [guest],2.100000,1.200000,4800,5800,6300,6500,7300,7500,7500,7500,7500,7500,7500,481,68,4800,7489.747718295231,592.3890999983996,74563.43580000248,112.33471933471934
1781969270,1000,,Aggregated,89.600000,43.900000,7000,7800,8300,8800,9900,10000,11000,11000,11000,11000,11000,14526,5674,9800,14969.146605479855,452.07429999572923,89124.75689999701,1647.077516177888
1781969271,1000,POST,/auth/login [setup],0.000000,0.000000,0,0,0,0,0,0,0,0,0,0,0,869,0,45000,44864.65960978133,1130.2634000021499,82665.62999999587,173.8849252013809
1781969271,1000,GET,/auth/me,23.100000,0.000000,4900,5300,6000,6300,6600,6900,7500,8300,8400,8400,8400,3381,0,7400,10970.557557675167,1782.9517999998643,81189.83650000155,330.7497781721384
1781969271,1000,POST,/auth/update-profile,8.200000,0.000000,5700,6100,6500,6800,7100,7800,7800,9000,9000,9000,9000,1392,0,8400,11795.546983476994,1926.4559000002919,81872.38290000096,72.0
1781969271,1000,GET,/config,2.000000,0.000000,3200,3900,4800,4800,5100,6000,6000,6000,6000,6000,6000,250,0,4000,6963.052693199955,620.7020000001648,73344.70539999893,28.0
1781969271,1000,POST,/payment/create-order,9.500000,0.000000,7500,7800,8100,8200,8400,9200,10000,10000,10000,10000,10000,1650,0,11000,13848.347382424272,3553.6789999969187,83919.04849999992,173.71515151515152
1781969271,1000,POST,/predict/colleges [auth],11.600000,11.600000,8300,9300,9900,10000,10000,11000,11000,11000,11000,11000,11000,1600,1512,11000,14397.140198250036,3053.156599999056,85380.03029999527,172.984375
1781969271,1000,POST,/predict/colleges [guest],7.700000,7.700000,8000,8600,9400,9600,10000,10000,11000,11000,11000,11000,11000,1138,991,12000,17450.139411159973,3028.152599996247,89124.75689999701,347.39455184534273
1781969271,1000,POST,/predict/colleges [premium],22.900000,22.900000,8300,9300,9800,9900,10000,11000,11000,11000,11000,11000,11000,3292,3060,12000,15229.235805103288,3024.4686999940313,83509.14919999923,84.3924665856622
1781969271,1000,GET,/predict/colleges-list,1.300000,0.000000,2600,3100,4400,4700,5900,6300,6300,6300,6300,6300,6300,208,0,4400,9445.791639903748,452.07429999572923,74415.22650000115,102062.0
1781969271,1000,POST,/predict/rank [auth],1.200000,0.500000,4200,4600,5500,5500,6000,7000,7000,7000,7000,7000,7000,265,43,4700,6631.7772883019325,583.512699995481,72335.49979999952,110.80754716981131
1781969271,1000,POST,/predict/rank [guest],2.100000,1.200000,4800,5800,6300,6500,7300,7500,7500,7500,7500,7500,7500,481,68,4800,7489.747718295231,592.3890999983996,74563.43580000248,112.33471933471934
1781969271,1000,,Aggregated,89.600000,43.900000,7100,7900,8300,8800,10000,11000,11000,11000,11000,11000,11000,14526,5674,9800,14969.146605479855,452.07429999572923,89124.75689999701,1647.077516177888
1781969272,1000,POST,/auth/login [setup],0.000000,0.000000,0,0,0,0,0,0,0,0,0,0,0,869,0,45000,44864.65960978133,1130.2634000021499,82665.62999999587,173.8849252013809
1781969272,1000,GET,/auth/me,22.000000,0.000000,5100,5900,6500,6600,6900,7400,7600,8300,8400,8400,8400,3403,0,7300,10944.193156391339,1782.9517999998643,81189.83650000155,330.7472818101675
1781969272,1000,POST,/auth/update-profile,7.900000,0.000000,6200,6800,7100,7500,7800,7800,9000,9000,9000,9000,9000,1397,0,8300,11781.36768869003,1926.4559000002919,81872.38290000096,72.0
1781969272,1000,GET,/config,2.000000,0.000000,3200,3900,4800,4800,5100,6000,6000,6000,6000,6000,6000,250,0,4000,6963.052693199955,620.7020000001648,73344.70539999893,28.0
1781969272,1000,POST,/payment/create-order,8.900000,0.000000,7800,8100,8300,8500,9700,10000,10000,10000,10000,10000,10000,1658,0,11000,13827.91342677928,3553.6789999969187,83919.04849999992,173.71351025331725
1781969272,1000,POST,/predict/colleges [auth],11.600000,11.600000,8300,9300,9900,10000,10000,11000,11000,11000,11000,11000,11000,1600,1512,11000,14397.140198250036,3053.156599999056,85380.03029999527,172.984375
1781969272,1000,POST,/predict/colleges [guest],7.700000,7.700000,8000,8600,9400,9600,10000,10000,11000,11000,11000,11000,11000,1138,991,12000,17450.139411159973,3028.152599996247,89124.75689999701,347.39455184534273
1781969272,1000,POST,/predict/colleges [premium],22.900000,22.900000,8300,9300,9800,9900,10000,11000,11000,11000,11000,11000,11000,3292,3060,12000,15229.235805103288,3024.4686999940313,83509.14919999923,84.3924665856622
1781969272,1000,GET,/predict/colleges-list,1.300000,0.000000,2600,3100,4400,4700,5900,6300,6300,6300,6300,6300,6300,208,0,4400,9445.791639903748,452.07429999572923,74415.22650000115,102062.0
1781969272,1000,POST,/predict/rank [auth],1.200000,0.500000,5500,6000,7000,7000,7600,7600,7600,7600,7600,7600,7600,266,44,4700,6635.5958364661965,583.512699995481,72335.49979999952,110.56015037593986
1781969272,1000,POST,/predict/rank [guest],2.200000,1.300000,6100,6500,7300,7300,7500,7700,7700,7700,7700,7700,7700,482,69,4800,7490.169787344403,592.3890999983996,74563.43580000248,112.19502074688796
1781969272,1000,,Aggregated,87.700000,44.000000,7100,7800,8300,8800,10000,11000,11000,11000,11000,11000,11000,14563,5676,9800,14950.551056561173,452.07429999572923,89124.75689999701,1643.5180251321842
1781969273,750,POST,/auth/login [setup],0.000000,0.000000,0,0,0,0,0,0,0,0,0,0,0,869,0,45000,44864.65960978133,1130.2634000021499,82665.62999999587,173.8849252013809
1781969273,750,GET,/auth/me,20.400000,0.000000,5400,6500,6800,7000,7300,7500,7700,8300,8400,8400,8400,3431,0,7300,10913.505959049766,1782.9517999998643,81189.83650000155,330.7423491693384
1781969273,750,POST,/auth/update-profile,7.200000,0.000000,6500,7100,7500,7700,8000,8100,8500,9000,9000,9000,9000,1404,0,8300,11761.84577492875,1926.4559000002919,81872.38290000096,72.0
1781969273,750,GET,/config,1.900000,0.000000,3200,3900,4800,4800,5100,6000,6000,6000,6000,6000,6000,250,0,4000,6963.052693199955,620.7020000001648,73344.70539999893,28.0
1781969273,750,POST,/payment/create-order,7.800000,0.000000,8100,8400,8800,9200,10000,10000,11000,11000,11000,11000,11000,1679,0,11000,13770.260053603366,3553.6789999969187,83919.04849999992,173.70935080405002
1781969273,750,POST,/predict/colleges [auth],11.600000,11.600000,8300,9300,9900,10000,10000,11000,11000,11000,11000,11000,11000,1600,1512,11000,14397.140198250036,3053.156599999056,85380.03029999527,172.984375
1781969273,750,POST,/predict/colleges [guest],7.700000,7.700000,8000,8600,9400,9600,10000,10000,11000,11000,11000,11000,11000,1138,991,12000,17450.139411159973,3028.152599996247,89124.75689999701,347.39455184534273
1781969273,750,POST,/predict/colleges [premium],22.400000,22.400000,9000,9800,10000,10000,11000,11000,11000,11000,11000,11000,11000,3292,3060,12000,15229.235805103288,3024.4686999940313,83509.14919999923,84.3924665856622
1781969273,750,GET,/predict/colleges-list,1.300000,0.000000,2600,3100,4400,4700,5900,6300,6300,6300,6300,6300,6300,208,0,4400,9445.791639903748,452.07429999572923,74415.22650000115,102062.0
1781969273,750,POST,/predict/rank [auth],1.200000,0.500000,5500,6000,7000,7000,7600,7600,7600,7600,7600,7600,7600,266,44,4700,6635.5958364661965,583.512699995481,72335.49979999952,110.56015037593986
1781969273,750,POST,/predict/rank [guest],2.200000,1.300000,6100,6500,7300,7300,7500,7700,7700,7700,7700,7700,7700,482,69,4800,7490.169787344403,592.3890999983996,74563.43580000248,112.19502074688796
1781969273,750,,Aggregated,83.700000,43.500000,7200,7900,8300,8800,10000,11000,11000,11000,11000,11000,11000,14619,5676,9800,14924.04895316371,452.07429999572923,89124.75689999701,1638.1381763458512
1781969274,696,POST,/auth/login [setup],0.000000,0.000000,0,0,0,0,0,0,0,0,0,0,0,869,0,45000,44864.65960978133,1130.2634000021499,82665.62999999587,173.8849252013809
1781969274,696,GET,/auth/me,15.800000,0.000000,6600,6900,7000,7200,7400,7600,7700,8300,8400,8400,8400,3454,0,7300,10888.000856282484,1782.9517999998643,81189.83650000155,330.7385639837869
1781969274,696,POST,/auth/update-profile,4.400000,0.000000,7500,7800,8000,8100,8600,9000,9000,9100,9100,9100,9100,1418,0,8300,11727.569472708017,1926.4559000002919,81872.38290000096,72.0
1781969274,696,GET,/config,1.300000,0.000000,3000,3900,3900,5100,5100,6000,6000,6000,6000,6000,6000,250,0,4000,6963.052693199955,620.7020000001648,73344.70539999893,28.0
1781969274,696,POST,/payment/create-order,7.200000,0.000000,8300,8700,9100,9300,10000,10000,11000,11000,11000,11000,11000,1690,0,11000,13736.652410887606,3553.6789999969187,83919.04849999992,173.7041420118343
1781969274,696,POST,/predict/colleges [auth],4.900000,4.900000,9000,9900,10000,11000,11000,11000,13000,13000,13000,13000,13000,1601,1513,11000,14396.380070393543,3053.156599999056,85380.03029999527,172.9044347282948
1781969274,696,POST,/predict/colleges [guest],3.400000,3.400000,8100,8800,9400,9500,10000,11000,11000,11000,11000,11000,11000,1138,991,12000,17450.139411159973,3028.152599996247,89124.75689999701,347.39455184534273
1781969274,696,POST,/predict/colleges [premium],9.900000,9.900000,9100,9800,10000,10000,11000,11000,11000,13000,13000,13000,13000,3294,3062,12000,15227.921661505778,3024.4686999940313,83509.14919999923,84.36854887674559
1781969274,696,GET,/predict/colleges-list,0.900000,0.000000,2400,3100,4400,5900,6300,6300,6300,6300,6300,6300,6300,208,0,4400,9445.791639903748,452.07429999572923,74415.22650000115,102062.0
1781969274,696,POST,/predict/rank [auth],0.800000,0.400000,6000,7000,7500,7500,7600,7600,7600,7600,7600,7600,7600,268,46,4700,6641.991236567205,583.512699995481,72335.49979999952,110.07089552238806
1781969274,696,POST,/predict/rank [guest],1.600000,1.100000,6300,6800,7500,7500,7700,7900,7900,7900,7900,7900,7900,483,70,4800,7490.990514492756,592.3890999983996,74563.43580000248,112.05590062111801
1781969274,696,,Aggregated,50.200000,19.700000,7500,8100,8700,9100,10000,11000,11000,11000,13000,13000,13000,14673,5682,9800,14898.828272684535,452.07429999572923,89124.75689999701,1632.8437265726163
1781969275,378,POST,/auth/login [setup],0.000000,0.000000,0,0,0,0,0,0,0,0,0,0,0,869,0,45000,44864.65960978133,1130.2634000021499,82665.62999999587,173.8849252013809
1781969275,378,GET,/auth/me,17.000000,0.000000,6700,7000,7200,7300,7600,7700,7900,8300,8400,8400,8400,3471,0,7300,10871.422622702308,1782.9517999998643,81189.83650000155,330.7349467012388
1781969275,378,POST,/auth/update-profile,4.900000,0.000000,7600,8000,8000,8100,8600,8800,9000,9100,9100,9100,9100,1432,0,8300,11689.315163198313,1926.4559000002919,81872.38290000096,72.0
1781969275,378,GET,/config,1.300000,0.000000,3900,5100,5800,5800,6100,7200,7200,7200,7200,7200,7200,257,0,4100,6917.985573151721,620.7020000001648,73344.70539999893,28.0
1781969275,378,POST,/payment/create-order,9.100000,0.000000,8600,9000,9200,9500,10000,10000,11000,11000,11000,11000,11000,1701,0,11000,13707.218848677283,3553.6789999969187,83919.04849999992,173.69958847736626
1781969275,378,POST,/predict/colleges [auth],4.900000,4.900000,10000,11000,11000,12000,12000,13000,13000,13000,13000,13000,13000,1672,1584,11000,14241.028463337361,3053.156599999056,85380.03029999527,167.4730861244019
1781969275,378,POST,/predict/colleges [guest],3.400000,3.400000,9900,11000,11000,11000,13000,13000,13000,13000,13000,13000,13000,1174,1027,12000,17253.807376405508,3028.152599996247,89124.75689999701,338.12180579216357
1781969275,378,POST,/predict/colleges [premium],9.900000,9.900000,10000,11000,11000,11000,12000,13000,13000,13000,13000,13000,13000,3437,3205,12000,15036.387593191734,3024.4686999940313,83509.14919999923,82.73057899330811
1781969275,378,GET,/predict/colleges-list,0.900000,0.000000,4000,4700,5900,6300,6600,7300,7300,7300,7300,7300,7300,218,0,4400,9226.067817431081,452.07429999572923,74415.22650000115,102062.0
1781969275,378,POST,/predict/rank [auth],0.800000,0.400000,6000,7000,7500,7500,7600,7700,7700,7700,7700,7700,7700,271,47,4800,6630.750972324773,583.512699995481,72335.49979999952,109.91512915129151
1781969275,378,POST,/predict/rank [guest],1.600000,1.100000,6100,6800,7300,7400,7500,7700,7900,7900,7900,7900,7900,489,72,4800,7458.92811963189,592.3890999983996,74563.43580000248,111.87730061349693
1781969275,378,,Aggregated,53.800000,19.700000,8200,9400,10000,11000,12000,12000,13000,13000,13000,13000,13000,14991,5935,9800,14792.726552498167,452.07429999572923,89124.75689999701,1667.6790074044427
1781969276,352,POST,/auth/login [setup],0.000000,0.000000,0,0,0,0,0,0,0,0,0,0,0,869,0,45000,44864.65960978133,1130.2634000021499,82665.62999999587,173.8849252013809
1781969276,352,GET,/auth/me,17.000000,0.000000,6700,7000,7200,7400,7700,7800,8200,8300,8400,8400,8400,3488,0,7300,10853.285106393265,1782.9517999998643,81189.83650000155,330.73251146788994
1781969276,352,POST,/auth/update-profile,4.900000,0.000000,7600,8000,8100,8100,8600,8800,9000,9100,9100,9100,9100,1435,0,8300,11680.518175121937,1926.4559000002919,81872.38290000096,72.0
1781969276,352,GET,/config,1.300000,0.000000,3900,5100,5800,5800,6100,7200,7200,7200,7200,7200,7200,257,0,4100,6917.985573151721,620.7020000001648,73344.70539999893,28.0
1781969276,352,POST,/payment/create-order,9.100000,0.000000,8800,9100,9300,9600,10000,10000,11000,11000,11000,11000,11000,1706,0,10000,13693.908366412694,3553.6789999969187,83919.04849999992,173.69871043376318
1781969276,352,POST,/predict/colleges [auth],4.900000,4.900000,10000,11000,11000,12000,12000,13000,13000,13000,13000,13000,13000,1672,1584,11000,14241.028463337361,3053.156599999056,85380.03029999527,167.4730861244019
1781969276,352,POST,/predict/colleges [guest],3.400000,3.400000,9900,11000,11000,11000,13000,13000,13000,13000,13000,13000,13000,1174,1027,12000,17253.807376405508,3028.152599996247,89124.75689999701,338.12180579216357
1781969276,352,POST,/predict/colleges [premium],9.900000,9.900000,10000,11000,11000,11000,12000,13000,13000,13000,13000,13000,13000,3437,3205,12000,15036.387593191734,3024.4686999940313,83509.14919999923,82.73057899330811
1781969276,352,GET,/predict/colleges-list,0.900000,0.000000,4000,4700,5900,6300,6600,7300,7300,7300,7300,7300,7300,218,0,4400,9226.067817431081,452.07429999572923,74415.22650000115,102062.0
1781969276,352,POST,/predict/rank [auth],0.800000,0.400000,6000,7000,7500,7500,7600,7700,7700,7700,7700,7700,7700,271,47,4800,6630.750972324773,583.512699995481,72335.49979999952,109.91512915129151
1781969276,352,POST,/predict/rank [guest],1.600000,1.100000,6100,6800,7300,7400,7500,7700,7900,7900,7900,7900,7900,490,73,4800,7458.3988636734475,592.3890999983996,74563.43580000248,111.7408163265306
1781969276,352,,Aggregated,53.800000,19.700000,8200,9300,10000,11000,12000,12000,13000,13000,13000,13000,13000,15017,5936,9800,14780.234837051346,452.07429999572923,89124.75689999701,1665.240593993474
1781969277,332,POST,/auth/login [setup],0.000000,0.000000,0,0,0,0,0,0,0,0,0,0,0,869,0,45000,44864.65960978133,1130.2634000021499,82665.62999999587,173.8849252013809
1781969277,332,GET,/auth/me,17.200000,0.000000,7100,7400,7600,7700,7900,8100,8300,8300,8400,8400,8400,3495,0,7300,10847.40732280392,1782.9517999998643,81189.83650000155,330.7316165951359
1781969277,332,POST,/auth/update-profile,6.100000,0.000000,8000,8200,8500,8600,8900,9000,9600,9600,9600,9600,9600,1440,0,8300,11670.559384374985,1926.4559000002919,81872.38290000096,72.0
1781969277,332,GET,/config,2.000000,0.000000,3900,5100,5800,5800,6100,7200,7200,7200,7200,7200,7200,257,0,4100,6917.985573151721,620.7020000001648,73344.70539999893,28.0
1781969277,332,POST,/payment/create-order,8.900000,0.000000,9100,9500,9700,10000,10000,11000,11000,11000,11000,11000,11000,1713,0,10000,13679.226019906633,3553.6789999969187,83919.04849999992,173.6964389959136
1781969277,332,POST,/predict/colleges [auth],8.600000,8.600000,10000,11000,11000,12000,12000,13000,13000,13000,13000,13000,13000,1672,1584,11000,14241.028463337361,3053.156599999056,85380.03029999527,167.4730861244019
1781969277,332,POST,/predict/colleges [guest],5.400000,5.400000,9900,11000,11000,11000,13000,13000,13000,13000,13000,13000,13000,1174,1027,12000,17253.807376405508,3028.152599996247,89124.75689999701,338.12180579216357
1781969277,332,POST,/predict/colleges [premium],16.800000,16.800000,10000,11000,11000,11000,12000,13000,13000,13000,13000,13000,13000,3437,3205,12000,15036.387593191734,3024.4686999940313,83509.14919999923,82.73057899330811
1781969277,332,GET,/predict/colleges-list,1.600000,0.000000,4000,4700,5900,6300,6600,7300,7300,7300,7300,7300,7300,218,0,4400,9226.067817431081,452.07429999572923,74415.22650000115,102062.0
1781969277,332,POST,/predict/rank [auth],1.000000,0.500000,6000,7500,7500,7600,7700,8600,8600,8600,8600,8600,8600,272,48,4800,6638.018619485347,583.512699995481,72335.49979999952,109.67647058823529
1781969277,332,POST,/predict/rank [guest],1.800000,1.100000,7200,7300,7400,7700,7900,7900,7900,7900,7900,7900,7900,490,73,4800,7458.3988636734475,592.3890999983996,74563.43580000248,111.7408163265306
1781969277,332,,Aggregated,69.400000,32.400000,8900,10000,11000,11000,12000,13000,13000,13000,13000,13000,13000,15037,5937,9800,14772.467425171246,452.07429999572923,89124.75689999701,1663.2870253375008
1781969278,326,POST,/auth/login [setup],0.000000,0.000000,0,0,0,0,0,0,0,0,0,0,0,869,0,45000,44864.65960978133,1130.2634000021499,82665.62999999587,173.8849252013809
1781969278,326,GET,/auth/me,19.600000,0.000000,7200,7500,7700,7700,8000,8300,8800,9000,9000,9000,9000,3499,0,7300,10845.070605715837,1782.9517999998643,81189.83650000155,330.73049442697913
1781969278,326,POST,/auth/update-profile,6.900000,0.000000,8000,8200,8500,8600,9000,9000,9600,9600,9600,9600,9600,1441,0,8300,11668.709057598875,1926.4559000002919,81872.38290000096,72.0
1781969278,326,GET,/config,2.000000,0.000000,3900,5100,5800,5800,6100,7200,7200,7200,7200,7200,7200,257,0,4100,6917.985573151721,620.7020000001648,73344.70539999893,28.0
1781969278,326,POST,/payment/create-order,9.300000,0.000000,9200,9500,9800,10000,10000,11000,11000,11000,11000,11000,11000,1713,0,10000,13679.226019906633,3553.6789999969187,83919.04849999992,173.6964389959136
1781969278,326,POST,/predict/colleges [auth],12.100000,12.100000,10000,11000,11000,12000,12000,13000,13000,13000,13000,13000,13000,1672,1584,11000,14241.028463337361,3053.156599999056,85380.03029999527,167.4730861244019
1781969278,326,POST,/predict/colleges [guest],7.000000,7.000000,9900,11000,11000,11000,13000,13000,13000,13000,13000,13000,13000,1174,1027,12000,17253.807376405508,3028.152599996247,89124.75689999701,338.12180579216357
1781969278,326,POST,/predict/colleges [premium],24.300000,24.300000,10000,11000,11000,11000,12000,13000,13000,13000,13000,13000,13000,3437,3205,12000,15036.387593191734,3024.4686999940313,83509.14919999923,82.73057899330811
1781969278,326,GET,/predict/colleges-list,1.900000,0.000000,4000,4700,5900,6300,6600,7300,7300,7300,7300,7300,7300,218,0,4400,9226.067817431081,452.07429999572923,74415.22650000115,102062.0
1781969278,326,POST,/predict/rank [auth],1.200000,0.600000,6000,7500,7500,7600,7700,8600,8600,8600,8600,8600,8600,272,48,4800,6638.018619485347,583.512699995481,72335.49979999952,109.67647058823529
1781969278,326,POST,/predict/rank [guest],2.300000,1.400000,7200,7400,7700,7700,7900,9000,9000,9000,9000,9000,9000,491,74,4800,7461.6367329938685,592.3890999983996,74563.43580000248,111.60488798370672
1781969278,326,,Aggregated,86.600000,45.400000,8900,10000,11000,11000,12000,13000,13000,13000,13000,13000,13000,15043,5938,9800,14770.116237432694,452.07429999572923,89124.75689999701,1662.7190719936184
1781969279,319,POST,/auth/login [setup],0.000000,0.000000,0,0,0,0,0,0,0,0,0,0,0,869,0,45000,44864.65960978133,1130.2634000021499,82665.62999999587,173.8849252013809
1781969279,319,GET,/auth/me,20.100000,0.000000,7200,7500,7700,7800,8100,8400,9000,9600,9800,9800,9800,3502,0,7300,10843.628559251769,1782.9517999998643,81189.83650000155,330.730439748715
1781969279,319,POST,/auth/update-profile,7.300000,0.000000,8000,8200,8600,8600,9000,9100,9600,10000,10000,10000,10000,1442,0,8300,11667.599123925089,1926.4559000002919,81872.38290000096,72.0
1781969279,319,GET,/config,2.000000,0.000000,3900,5100,5800,5800,6100,7200,7200,7200,7200,7200,7200,257,0,4100,6917.985573151721,620.7020000001648,73344.70539999893,28.0
1781969279,319,POST,/payment/create-order,9.000000,0.000000,9200,9700,10000,10000,11000,11000,11000,11000,11000,11000,11000,1717,0,10000,13673.628459871907,3553.6789999969187,83919.04849999992,173.69539895165988
1781969279,319,POST,/predict/colleges [auth],12.100000,12.100000,10000,11000,11000,12000,12000,13000,13000,13000,13000,13000,13000,1672,1584,11000,14241.028463337361,3053.156599999056,85380.03029999527,167.4730861244019
1781969279,319,POST,/predict/colleges [guest],7.000000,7.000000,9900,11000,11000,11000,13000,13000,13000,13000,13000,13000,13000,1174,1027,12000,17253.807376405508,3028.152599996247,89124.75689999701,338.12180579216357
1781969279,319,POST,/predict/colleges [premium],24.300000,24.300000,10000,11000,11000,11000,12000,13000,13000,13000,13000,13000,13000,3437,3205,12000,15036.387593191734,3024.4686999940313,83509.14919999923,82.73057899330811
1781969279,319,GET,/predict/colleges-list,1.900000,0.000000,4000,4700,5900,6300,6600,7300,7300,7300,7300,7300,7300,218,0,4400,9226.067817431081,452.07429999572923,74415.22650000115,102062.0
1781969279,319,POST,/predict/rank [auth],1.200000,0.600000,7500,7600,7700,7700,8600,8600,8600,8600,8600,8600,8600,272,48,4800,6638.018619485347,583.512699995481,72335.49979999952,109.67647058823529
1781969279,319,POST,/predict/rank [guest],2.200000,1.300000,7300,7400,7700,7900,9000,9000,9000,9000,9000,9000,9000,491,74,4800,7461.6367329938685,592.3890999983996,74563.43580000248,111.60488798370672
1781969279,319,,Aggregated,87.100000,45.300000,9000,10000,11000,11000,12000,13000,13000,13000,13000,13000,13000,15051,5938,9800,14767.757478107771,452.07429999572923,89124.75689999701,1661.952029765464
1781969280,244,POST,/auth/login [setup],0.000000,0.000000,0,0,0,0,0,0,0,0,0,0,0,869,0,45000,44864.65960978133,1130.2634000021499,82665.62999999587,173.8849252013809
1781969280,244,GET,/auth/me,12.700000,0.000000,7500,7900,8200,8500,9000,9500,9800,10000,10000,10000,10000,3538,0,7400,10823.331605144067,1782.9517999998643,81189.83650000155,330.7255511588468
1781969280,244,POST,/auth/update-profile,5.100000,0.000000,8200,8500,8800,9000,9600,10000,10000,11000,11000,11000,11000,1455,0,8300,11647.143629690705,1926.4559000002919,81872.38290000096,72.0
1781969280,244,GET,/config,0.700000,0.000000,5800,5800,6100,6100,7200,7200,7200,7200,7200,7200,7200,257,0,4100,6917.985573151721,620.7020000001648,73344.70539999893,28.0
1781969280,244,POST,/payment/create-order,6.900000,0.000000,9600,10000,11000,11000,11000,12000,12000,13000,13000,13000,13000,1735,0,11000,13648.235513890524,3553.6789999969187,83919.04849999992,173.6893371757925
1781969280,244,POST,/predict/colleges [auth],7.200000,7.200000,11000,12000,12000,12000,13000,13000,13000,13000,13000,13000,13000,1672,1584,11000,14241.028463337361,3053.156599999056,85380.03029999527,167.4730861244019
1781969280,244,POST,/predict/colleges [guest],3.600000,3.600000,11000,11000,12000,12000,13000,13000,13000,13000,13000,13000,13000,1174,1027,12000,17253.807376405508,3028.152599996247,89124.75689999701,338.12180579216357
1781969280,244,POST,/predict/colleges [premium],14.500000,14.500000,11000,11000,12000,12000,13000,13000,13000,13000,13000,13000,13000,3437,3205,12000,15036.387593191734,3024.4686999940313,83509.14919999923,82.73057899330811
1781969280,244,GET,/predict/colleges-list,1.000000,0.000000,4700,4700,6400,6600,7300,7300,7300,7300,7300,7300,7300,218,0,4400,9226.067817431081,452.07429999572923,74415.22650000115,102062.0
1781969280,244,POST,/predict/rank [auth],0.700000,0.500000,7600,7700,8600,8600,10000,10000,10000,10000,10000,10000,10000,273,49,4900,6650.561558974387,583.512699995481,72335.49979999952,109.43956043956044
1781969280,244,POST,/predict/rank [guest],1.100000,0.700000,7900,8100,9000,9000,9700,10000,10000,10000,10000,10000,10000,497,80,4800,7480.842324949705,592.3890999983996,74563.43580000248,110.80080482897384
1781969280,244,,Aggregated,53.500000,26.500000,9000,10000,11000,11000,12000,13000,13000,13000,13000,13000,13000,15125,5945,9800,14742.243943385125,452.07429999572923,89124.75689999701,1654.895603305785
1781969281,210,POST,/auth/login [setup],0.000000,0.000000,0,0,0,0,0,0,0,0,0,0,0,869,0,45000,44864.65960978133,1130.2634000021499,82665.62999999587,173.8849252013809
1781969281,210,GET,/auth/me,12.700000,0.000000,7700,8200,8600,8800,9100,9600,10000,10000,10000,10000,10000,3550,0,7400,10816.535463746393,1782.9517999998643,81189.83650000155,330.7250704225352
1781969281,210,POST,/auth/update-profile,5.100000,0.000000,8300,8600,9000,9200,9600,10000,10000,11000,11000,11000,11000,1460,0,8300,11637.962777191766,1926.4559000002919,81872.38290000096,72.0
1781969281,210,GET,/config,0.700000,0.000000,5800,5800,6100,6100,7200,7200,7200,7200,7200,7200,7200,257,0,4100,6917.985573151721,620.7020000001648,73344.70539999893,28.0
1781969281,210,POST,/payment/create-order,6.800000,0.000000,10000,11000,11000,11000,12000,12000,13000,13000,13000,13000,13000,1747,0,11000,13635.471123297115,3553.6789999969187,83919.04849999992,173.6857469948483
1781969281,210,POST,/predict/colleges [auth],7.200000,7.200000,11000,12000,12000,12000,13000,13000,13000,14000,14000,14000,14000,1673,1585,11000,14240.813777525445,3053.156599999056,85380.03029999527,167.39988045427376
1781969281,210,POST,/predict/colleges [guest],3.600000,3.600000,11000,11000,12000,12000,13000,13000,13000,13000,13000,13000,13000,1174,1027,12000,17253.807376405508,3028.152599996247,89124.75689999701,338.12180579216357
1781969281,210,POST,/predict/colleges [premium],14.500000,14.500000,11000,11000,12000,12000,13000,13000,13000,13000,14000,14000,14000,3438,3206,12000,15036.046546596855,3024.4686999940313,83509.14919999923,82.7196044211751
1781969281,210,GET,/predict/colleges-list,1.000000,0.000000,4700,4700,6400,6600,7300,7300,7300,7300,7300,7300,7300,218,0,4400,9226.067817431081,452.07429999572923,74415.22650000115,102062.0
1781969281,210,POST,/predict/rank [auth],0.700000,0.500000,7600,7700,8600,8600,10000,10000,10000,10000,10000,10000,10000,274,50,4900,6657.51651386864,583.512699995481,72335.49979999952,109.2043795620438
1781969281,210,POST,/predict/rank [guest],1.000000,0.600000,8000,8700,8900,9000,9700,10000,10000,10000,10000,10000,10000,500,83,4800,7488.148113400006,592.3890999983996,74563.43580000248,110.406
1781969281,210,,Aggregated,53.300000,26.400000,9100,10000,11000,11000,12000,13000,13000,13000,14000,14000,14000,15160,5951,9800,14731.58982844327,452.07429999572923,89124.75689999701,1651.5152374670186
1781969282,10,POST,/auth/login [setup],0.000000,0.000000,0,0,0,0,0,0,0,0,0,0,0,869,0,45000,44864.65960978133,1130.2634000021499,82665.62999999587,173.8849252013809
1781969282,10,GET,/auth/me,15.700000,0.000000,8000,8500,8700,8800,9100,9600,10000,10000,10000,10000,10000,3557,0,7400,10812.307975203741,1782.9517999998643,81189.83650000155,330.7244869271858
1781969282,10,POST,/auth/update-profile,6.100000,0.000000,8500,8800,9100,9200,9600,10000,10000,11000,11000,11000,11000,1464,0,8400,11630.875545218563,1926.4559000002919,81872.38290000096,72.0
1781969282,10,GET,/config,0.700000,0.000000,5800,5800,6100,6100,7200,7200,7200,7200,7200,7200,7200,257,0,4100,6917.985573151721,620.7020000001648,73344.70539999893,28.0
1781969282,10,POST,/payment/create-order,8.200000,0.000000,10000,11000,11000,11000,12000,12000,13000,13000,13000,13000,13000,1760,0,11000,13612.375297500035,3553.6789999969187,83919.04849999992,173.68352272727273
1781969282,10,POST,/predict/colleges [auth],7.200000,7.200000,11000,12000,12000,12000,13000,13000,14000,14000,14000,14000,14000,1717,1629,11000,14165.45785818292,3053.156599999056,85380.03029999527,164.2632498543972
1781969282,10,POST,/predict/colleges [guest],3.600000,3.600000,11000,12000,12000,13000,13000,13000,14000,14000,14000,14000,14000,1208,1061,12000,17083.699476986814,3028.152599996247,89124.75689999701,329.87168874172187
1781969282,10,POST,/predict/colleges [premium],14.500000,14.500000,11000,12000,12000,13000,13000,13000,14000,14000,14000,14000,14000,3534,3302,12000,14943.635176457277,3024.4686999940313,83509.14919999923,81.69496321448783
1781969282,10,GET,/predict/colleges-list,1.000000,0.000000,4700,4700,6400,6600,7300,7300,7300,7300,7300,7300,7300,218,0,4400,9226.067817431081,452.07429999572923,74415.22650000115,102062.0
1781969282,10,POST,/predict/rank [auth],0.800000,0.600000,7700,8600,8600,8600,10000,10000,10000,10000,10000,10000,10000,274,50,4900,6657.51651386864,583.512699995481,72335.49979999952,109.2043795620438
1781969282,10,POST,/predict/rank [guest],1.600000,1.200000,8100,8700,8900,9000,9700,10000,10000,10000,10000,10000,10000,501,84,4900,7490.555387824357,592.3890999983996,74563.43580000248,110.27544910179641
1781969282,10,,Aggregated,59.400000,27.100000,10000,11000,12000,12000,13000,13000,14000,14000,14000,14000,14000,15359,6126,9800,14686.391735490595,452.07429999572923,89124.75689999701,1630.94609024025
