Method,Name,Error,Occurrences,First Seen,Last Seen
POST,/auth/update-profile,"ConnectTimeoutError(<HTTPSConnection(host='tneapredictor-production.up.railway.app', port=443) at 0x1fb847e79d0>, 'Connection to tneapredictor-production.up.railway.app timed out. (connect timeout=None)')",1,2026-06-30T14:19:48Z,2026-06-30T14:19:48Z
POST,/predict/colleges [premium],"ConnectTimeoutError(<HTTPSConnection(host='tneapredictor-production.up.railway.app', port=443) at 0x1fb8c83e990>, 'Connection to tneapredictor-production.up.railway.app timed out. (connect timeout=None)')",1,2026-06-30T14:19:40Z,2026-06-30T14:19:40Z
POST,/auth/login [setup],"ConnectTimeoutError(<HTTPSConnection(host='tneapredictor-production.up.railway.app', port=443) at 0x1fbf3b54f50>, 'Connection to tneapredictor-production.up.railway.app timed out. (connect timeout=None)')",1,2026-06-30T14:19:05Z,2026-06-30T14:19:05Z
POST,/auth/login [setup],"ConnectTimeoutError(<HTTPSConnection(host='tneapredictor-production.up.railway.app', port=443) at 0x1fb92728190>, 'Connection to tneapredictor-production.up.railway.app timed out. (connect timeout=None)')",1,2026-06-30T14:19:27Z,2026-06-30T14:19:27Z
POST,/auth/login [setup],"ConnectTimeoutError(<HTTPSConnection(host='tneapredictor-production.up.railway.app', port=443) at 0x1fbe899d810>, 'Connection to tneapredictor-production.up.railway.app timed out. (connect timeout=None)')",1,2026-06-30T14:19:04Z,2026-06-30T14:19:04Z
POST,/auth/login [setup],"ConnectTimeoutError(<HTTPSConnection(host='tneapredictor-production.up.railway.app', port=443) at 0x1fb98d84f50>, 'Connection to tneapredictor-production.up.railway.app timed out. (connect timeout=None)')",1,2026-06-30T14:19:28Z,2026-06-30T14:19:28Z
POST,/auth/login [setup],"ConnectTimeoutError(<HTTPSConnection(host='tneapredictor-production.up.railway.app', port=443) at 0x1fb8f8a3750>, 'Connection to tneapredictor-production.up.railway.app timed out. (connect timeout=None)')",1,2026-06-30T14:19:21Z,2026-06-30T14:19:21Z
POST,/auth/login [setup],"ConnectTimeoutError(<HTTPSConnection(host='tneapredictor-production.up.railway.app', port=443) at 0x1fbec3cd950>, 'Connection to tneapredictor-production.up.railway.app timed out. (connect timeout=None)')",1,2026-06-30T14:19:04Z,2026-06-30T14:19:04Z
POST,/auth/login [setup],"ConnectTimeoutError(<HTTPSConnection(host='tneapredictor-production.up.railway.app', port=443) at 0x1fb90e8de50>, 'Connection to tneapredictor-production.up.railway.app timed out. (connect timeout=None)')",1,2026-06-30T14:19:26Z,2026-06-30T14:19:26Z
POST,/auth/login [setup],"ConnectTimeoutError(<HTTPSConnection(host='tneapredictor-production.up.railway.app', port=443) at 0x1fb94c6c050>, 'Connection to tneapredictor-production.up.railway.app timed out. (connect timeout=None)')",1,2026-06-30T14:19:27Z,2026-06-30T14:19:27Z
POST,/predict/colleges [premium],"ConnectTimeoutError(<HTTPSConnection(host='tneapredictor-production.up.railway.app', port=443) at 0x1fbf5cc9a90>, 'Connection to tneapredictor-production.up.railway.app timed out. (connect timeout=None)')",1,2026-06-30T14:19:40Z,2026-06-30T14:19:40Z
POST,/payment/create-order,"ConnectTimeoutError(<HTTPSConnection(host='tneapredictor-production.up.railway.app', port=443) at 0x1fb83704f50>, 'Connection to tneapredictor-production.up.railway.app timed out. (connect timeout=None)')",1,2026-06-30T14:19:40Z,2026-06-30T14:19:40Z
POST,/auth/login [setup],"ConnectTimeoutError(<HTTPSConnection(host='tneapredictor-production.up.railway.app', port=443) at 0x1fb98d84cd0>, 'Connection to tneapredictor-production.up.railway.app timed out. (connect timeout=None)')",1,2026-06-30T14:19:28Z,2026-06-30T14:19:28Z
GET,/auth/me,"ConnectTimeoutError(<HTTPSConnection(host='tneapredictor-production.up.railway.app', port=443) at 0x1fb90964910>, 'Connection to tneapredictor-production.up.railway.app timed out. (connect timeout=None)')",1,2026-06-30T14:19:41Z,2026-06-30T14:19:41Z
POST,/auth/login [setup],"ConnectTimeoutError(<HTTPSConnection(host='tneapredictor-production.up.railway.app', port=443) at 0x1fb91252710>, 'Connection to tneapredictor-production.up.railway.app timed out. (connect timeout=None)')",1,2026-06-30T14:19:27Z,2026-06-30T14:19:27Z
POST,/predict/colleges [premium],"ConnectTimeoutError(<HTTPSConnection(host='tneapredictor-production.up.railway.app', port=443) at 0x1fb90104410>, 'Connection to tneapredictor-production.up.railway.app timed out. (connect timeout=None)')",1,2026-06-30T14:19:41Z,2026-06-30T14:19:41Z
POST,/payment/create-order,"ConnectTimeoutError(<HTTPSConnection(host='tneapredictor-production.up.railway.app', port=443) at 0x1fb81ac8a50>, 'Connection to tneapredictor-production.up.railway.app timed out. (connect timeout=None)')",1,2026-06-30T14:19:40Z,2026-06-30T14:19:40Z
POST,/auth/login [setup],"ConnectTimeoutError(<HTTPSConnection(host='tneapredictor-production.up.railway.app', port=443) at 0x1fb93eebc50>, 'Connection to tneapredictor-production.up.railway.app timed out. (connect timeout=None)')",1,2026-06-30T14:19:27Z,2026-06-30T14:19:27Z
POST,/auth/login [setup],"ConnectTimeoutError(<HTTPSConnection(host='tneapredictor-production.up.railway.app', port=443) at 0x1fbf3add090>, 'Connection to tneapredictor-production.up.railway.app timed out. (connect timeout=None)')",1,2026-06-30T14:19:05Z,2026-06-30T14:19:05Z
POST,/payment/create-order,"ConnectTimeoutError(<HTTPSConnection(host='tneapredictor-production.up.railway.app', port=443) at 0x1fb811cf110>, 'Connection to tneapredictor-production.up.railway.app timed out. (connect timeout=None)')",1,2026-06-30T14:19:40Z,2026-06-30T14:19:40Z
POST,/auth/login [setup],"ConnectTimeoutError(<HTTPSConnection(host='tneapredictor-production.up.railway.app', port=443) at 0x1fb97cc2d50>, 'Connection to tneapredictor-production.up.railway.app timed out. (connect timeout=None)')",1,2026-06-30T14:19:28Z,2026-06-30T14:19:28Z
POST,/auth/login [setup],"ConnectTimeoutError(<HTTPSConnection(host='tneapredictor-production.up.railway.app', port=443) at 0x1fb943116d0>, 'Connection to tneapredictor-production.up.railway.app timed out. (connect timeout=None)')",1,2026-06-30T14:19:27Z,2026-06-30T14:19:27Z
POST,/auth/login [setup],"ConnectTimeoutError(<HTTPSConnection(host='tneapredictor-production.up.railway.app', port=443) at 0x1fbe85fe0d0>, 'Connection to tneapredictor-production.up.railway.app timed out. (connect timeout=None)')",1,2026-06-30T14:19:04Z,2026-06-30T14:19:04Z
POST,/auth/login [setup],"ConnectTimeoutError(<HTTPSConnection(host='tneapredictor-production.up.railway.app', port=443) at 0x1fb9440cf50>, 'Connection to tneapredictor-production.up.railway.app timed out. (connect timeout=None)')",1,2026-06-30T14:19:27Z,2026-06-30T14:19:27Z
POST,/auth/login [setup],"ConnectTimeoutError(<HTTPSConnection(host='tneapredictor-production.up.railway.app', port=443) at 0x1fb989ed590>, 'Connection to tneapredictor-production.up.railway.app timed out. (connect timeout=None)')",1,2026-06-30T14:19:28Z,2026-06-30T14:19:28Z
POST,/predict/colleges [auth],"ConnectTimeoutError(<HTTPSConnection(host='tneapredictor-production.up.railway.app', port=443) at 0x1fb94b72990>, 'Connection to tneapredictor-production.up.railway.app timed out. (connect timeout=None)')",1,2026-06-30T14:19:46Z,2026-06-30T14:19:46Z
POST,/auth/login [setup],"ConnectTimeoutError(<HTTPSConnection(host='tneapredictor-production.up.railway.app', port=443) at 0x1fb94392710>, 'Connection to tneapredictor-production.up.railway.app timed out. (connect timeout=None)')",1,2026-06-30T14:19:27Z,2026-06-30T14:19:27Z
POST,/auth/login [setup],"ConnectTimeoutError(<HTTPSConnection(host='tneapredictor-production.up.railway.app', port=443) at 0x1fb8e515810>, 'Connection to tneapredictor-production.up.railway.app timed out. (connect timeout=None)')",1,2026-06-30T14:19:21Z,2026-06-30T14:19:21Z
POST,/auth/login [setup],"ConnectTimeoutError(<HTTPSConnection(host='tneapredictor-production.up.railway.app', port=443) at 0x1fb958f5e50>, 'Connection to tneapredictor-production.up.railway.app timed out. (connect timeout=None)')",1,2026-06-30T14:19:28Z,2026-06-30T14:19:28Z
POST,/auth/login [setup],"ConnectTimeoutError(<HTTPSConnection(host='tneapredictor-production.up.railway.app', port=443) at 0x1fb95ce4190>, 'Connection to tneapredictor-production.up.railway.app timed out. (connect timeout=None)')",1,2026-06-30T14:19:28Z,2026-06-30T14:19:28Z
POST,/payment/create-order,"ConnectTimeoutError(<HTTPSConnection(host='tneapredictor-production.up.railway.app', port=443) at 0x1fb88df2d50>, 'Connection to tneapredictor-production.up.railway.app timed out. (connect timeout=None)')",1,2026-06-30T14:19:41Z,2026-06-30T14:19:41Z
POST,/predict/colleges [auth],"ConnectTimeoutError(<HTTPSConnection(host='tneapredictor-production.up.railway.app', port=443) at 0x1fb86538f50>, 'Connection to tneapredictor-production.up.railway.app timed out. (connect timeout=None)')",1,2026-06-30T14:19:44Z,2026-06-30T14:19:44Z
POST,/auth/login [setup],"ConnectTimeoutError(<HTTPSConnection(host='tneapredictor-production.up.railway.app', port=443) at 0x1fb97d44e10>, 'Connection to tneapredictor-production.up.railway.app timed out. (connect timeout=None)')",1,2026-06-30T14:19:28Z,2026-06-30T14:19:28Z
POST,/auth/login [setup],"ConnectTimeoutError(<HTTPSConnection(host='tneapredictor-production.up.railway.app', port=443) at 0x1fb91aab110>, 'Connection to tneapredictor-production.up.railway.app timed out. (connect timeout=None)')",1,2026-06-30T14:19:27Z,2026-06-30T14:19:27Z
POST,/auth/login [setup],"ConnectTimeoutError(<HTTPSConnection(host='tneapredictor-production.up.railway.app', port=443) at 0x1fb9a6a82d0>, 'Connection to tneapredictor-production.up.railway.app timed out. (connect timeout=None)')",1,2026-06-30T14:19:28Z,2026-06-30T14:19:28Z
POST,/auth/login [setup],"ConnectTimeoutError(<HTTPSConnection(host='tneapredictor-production.up.railway.app', port=443) at 0x1fb9a71b110>, 'Connection to tneapredictor-production.up.railway.app timed out. (connect timeout=None)')",1,2026-06-30T14:19:28Z,2026-06-30T14:19:28Z
POST,/auth/login [setup],"ConnectTimeoutError(<HTTPSConnection(host='tneapredictor-production.up.railway.app', port=443) at 0x1fb8a315a90>, 'Connection to tneapredictor-production.up.railway.app timed out. (connect timeout=None)')",1,2026-06-30T14:19:20Z,2026-06-30T14:19:20Z
GET,/auth/me,"ConnectTimeoutError(<HTTPSConnection(host='tneapredictor-production.up.railway.app', port=443) at 0x1fb89e59590>, 'Connection to tneapredictor-production.up.railway.app timed out. (connect timeout=None)')",1,2026-06-30T14:20:05Z,2026-06-30T14:20:05Z
POST,/auth/login [setup],"ConnectTimeoutError(<HTTPSConnection(host='tneapredictor-production.up.railway.app', port=443) at 0x1fb93b1b890>, 'Connection to tneapredictor-production.up.railway.app timed out. (connect timeout=None)')",1,2026-06-30T14:19:27Z,2026-06-30T14:19:27Z
POST,/auth/login [setup],"ConnectTimeoutError(<HTTPSConnection(host='tneapredictor-production.up.railway.app', port=443) at 0x1fb93b1b610>, 'Connection to tneapredictor-production.up.railway.app timed out. (connect timeout=None)')",1,2026-06-30T14:19:27Z,2026-06-30T14:19:27Z
GET,/auth/me,"ConnectTimeoutError(<HTTPSConnection(host='tneapredictor-production.up.railway.app', port=443) at 0x1fb85cda0d0>, 'Connection to tneapredictor-production.up.railway.app timed out. (connect timeout=None)')",1,2026-06-30T14:19:45Z,2026-06-30T14:19:45Z
POST,/predict/colleges [premium],"ConnectTimeoutError(<HTTPSConnection(host='tneapredictor-production.up.railway.app', port=443) at 0x1fb88543390>, 'Connection to tneapredictor-production.up.railway.app timed out. (connect timeout=None)')",1,2026-06-30T14:19:43Z,2026-06-30T14:19:43Z
POST,/auth/login [setup],"ConnectTimeoutError(<HTTPSConnection(host='tneapredictor-production.up.railway.app', port=443) at 0x1fbf6091810>, 'Connection to tneapredictor-production.up.railway.app timed out. (connect timeout=None)')",1,2026-06-30T14:19:05Z,2026-06-30T14:19:05Z
POST,/payment/create-order,"ConnectTimeoutError(<HTTPSConnection(host='tneapredictor-production.up.railway.app', port=443) at 0x1fbf4c9e850>, 'Connection to tneapredictor-production.up.railway.app timed out. (connect timeout=None)')",1,2026-06-30T14:19:42Z,2026-06-30T14:19:42Z
POST,/auth/login [setup],"ConnectTimeoutError(<HTTPSConnection(host='tneapredictor-production.up.railway.app', port=443) at 0x1fbfc85d590>, 'Connection to tneapredictor-production.up.railway.app timed out. (connect timeout=None)')",1,2026-06-30T14:19:07Z,2026-06-30T14:19:07Z
POST,/auth/login [setup],"ConnectTimeoutError(<HTTPSConnection(host='tneapredictor-production.up.railway.app', port=443) at 0x1fb9a2f4b90>, 'Connection to tneapredictor-production.up.railway.app timed out. (connect timeout=None)')",1,2026-06-30T14:19:28Z,2026-06-30T14:19:28Z
POST,/auth/login [setup],"ConnectTimeoutError(<HTTPSConnection(host='tneapredictor-production.up.railway.app', port=443) at 0x1fbf9ee07d0>, 'Connection to tneapredictor-production.up.railway.app timed out. (connect timeout=None)')",1,2026-06-30T14:19:06Z,2026-06-30T14:19:06Z
POST,/auth/login [setup],"ConnectTimeoutError(<HTTPSConnection(host='tneapredictor-production.up.railway.app', port=443) at 0x1fb94c6efd0>, 'Connection to tneapredictor-production.up.railway.app timed out. (connect timeout=None)')",1,2026-06-30T14:19:27Z,2026-06-30T14:19:27Z
POST,/auth/login [setup],"ConnectTimeoutError(<HTTPSConnection(host='tneapredictor-production.up.railway.app', port=443) at 0x1fbf9ee1450>, 'Connection to tneapredictor-production.up.railway.app timed out. (connect timeout=None)')",1,2026-06-30T14:19:06Z,2026-06-30T14:19:06Z
POST,/predict/colleges [premium],"ConnectTimeoutError(<HTTPSConnection(host='tneapredictor-production.up.railway.app', port=443) at 0x1fb909e4a50>, 'Connection to tneapredictor-production.up.railway.app timed out. (connect timeout=None)')",1,2026-06-30T14:19:41Z,2026-06-30T14:19:41Z
POST,/predict/colleges [premium],"ConnectTimeoutError(<HTTPSConnection(host='tneapredictor-production.up.railway.app', port=443) at 0x1fbf9abcb90>, 'Connection to tneapredictor-production.up.railway.app timed out. (connect timeout=None)')",1,2026-06-30T14:19:28Z,2026-06-30T14:19:28Z
POST,/auth/login [setup],"ConnectTimeoutError(<HTTPSConnection(host='tneapredictor-production.up.railway.app', port=443) at 0x1fb8d0ae350>, 'Connection to tneapredictor-production.up.railway.app timed out. (connect timeout=None)')",1,2026-06-30T14:19:21Z,2026-06-30T14:19:21Z
POST,/auth/login [setup],"ConnectTimeoutError(<HTTPSConnection(host='tneapredictor-production.up.railway.app', port=443) at 0x1fb97d45310>, 'Connection to tneapredictor-production.up.railway.app timed out. (connect timeout=None)')",1,2026-06-30T14:19:28Z,2026-06-30T14:19:28Z
POST,/payment/create-order,"ConnectTimeoutError(<HTTPSConnection(host='tneapredictor-production.up.railway.app', port=443) at 0x1fbf4c9f9d0>, 'Connection to tneapredictor-production.up.railway.app timed out. (connect timeout=None)')",1,2026-06-30T14:19:40Z,2026-06-30T14:19:40Z
POST,/auth/login [setup],"ConnectTimeoutError(<HTTPSConnection(host='tneapredictor-production.up.railway.app', port=443) at 0x1fb922847d0>, 'Connection to tneapredictor-production.up.railway.app timed out. (connect timeout=None)')",1,2026-06-30T14:19:27Z,2026-06-30T14:19:27Z
POST,/auth/login [setup],"ConnectTimeoutError(<HTTPSConnection(host='tneapredictor-production.up.railway.app', port=443) at 0x1fbfa75c7d0>, 'Connection to tneapredictor-production.up.railway.app timed out. (connect timeout=None)')",1,2026-06-30T14:19:06Z,2026-06-30T14:19:06Z
POST,/auth/login [setup],"ConnectTimeoutError(<HTTPSConnection(host='tneapredictor-production.up.railway.app', port=443) at 0x1fb8dcd7b10>, 'Connection to tneapredictor-production.up.railway.app timed out. (connect timeout=None)')",1,2026-06-30T14:19:21Z,2026-06-30T14:19:21Z
POST,/predict/colleges [premium],"ConnectTimeoutError(<HTTPSConnection(host='tneapredictor-production.up.railway.app', port=443) at 0x1fb885c34d0>, 'Connection to tneapredictor-production.up.railway.app timed out. (connect timeout=None)')",1,2026-06-30T14:19:43Z,2026-06-30T14:19:43Z
POST,/auth/login [setup],"ConnectTimeoutError(<HTTPSConnection(host='tneapredictor-production.up.railway.app', port=443) at 0x1fb95429810>, 'Connection to tneapredictor-production.up.railway.app timed out. (connect timeout=None)')",1,2026-06-30T14:19:27Z,2026-06-30T14:19:27Z
POST,/auth/login [setup],"ConnectTimeoutError(<HTTPSConnection(host='tneapredictor-production.up.railway.app', port=443) at 0x1fb986251d0>, 'Connection to tneapredictor-production.up.railway.app timed out. (connect timeout=None)')",1,2026-06-30T14:19:28Z,2026-06-30T14:19:28Z
POST,/auth/login [setup],"ConnectTimeoutError(<HTTPSConnection(host='tneapredictor-production.up.railway.app', port=443) at 0x1fbfa6dac10>, 'Connection to tneapredictor-production.up.railway.app timed out. (connect timeout=None)')",1,2026-06-30T14:19:06Z,2026-06-30T14:19:06Z
POST,/auth/login [setup],"ConnectTimeoutError(<HTTPSConnection(host='tneapredictor-production.up.railway.app', port=443) at 0x1fb98df6210>, 'Connection to tneapredictor-production.up.railway.app timed out. (connect timeout=None)')",1,2026-06-30T14:19:28Z,2026-06-30T14:19:28Z
POST,/auth/login [setup],"ConnectTimeoutError(<HTTPSConnection(host='tneapredictor-production.up.railway.app', port=443) at 0x1fb995e25d0>, 'Connection to tneapredictor-production.up.railway.app timed out. (connect timeout=None)')",1,2026-06-30T14:19:28Z,2026-06-30T14:19:28Z
POST,/auth/login [setup],"ConnectTimeoutError(<HTTPSConnection(host='tneapredictor-production.up.railway.app', port=443) at 0x1fbf3f0e710>, 'Connection to tneapredictor-production.up.railway.app timed out. (connect timeout=None)')",1,2026-06-30T14:19:05Z,2026-06-30T14:19:05Z
POST,/auth/login [setup],"ConnectTimeoutError(<HTTPSConnection(host='tneapredictor-production.up.railway.app', port=443) at 0x1fbf9ee11d0>, 'Connection to tneapredictor-production.up.railway.app timed out. (connect timeout=None)')",1,2026-06-30T14:19:06Z,2026-06-30T14:19:06Z
POST,/auth/login [setup],"ConnectTimeoutError(<HTTPSConnection(host='tneapredictor-production.up.railway.app', port=443) at 0x1fb90e8c7d0>, 'Connection to tneapredictor-production.up.railway.app timed out. (connect timeout=None)')",1,2026-06-30T14:19:26Z,2026-06-30T14:19:26Z
POST,/auth/login [setup],"ConnectTimeoutError(<HTTPSConnection(host='tneapredictor-production.up.railway.app', port=443) at 0x1fb95806850>, 'Connection to tneapredictor-production.up.railway.app timed out. (connect timeout=None)')",1,2026-06-30T14:19:27Z,2026-06-30T14:19:27Z
POST,/predict/colleges [premium],"ConnectTimeoutError(<HTTPSConnection(host='tneapredictor-production.up.railway.app', port=443) at 0x1fbffd66fd0>, 'Connection to tneapredictor-production.up.railway.app timed out. (connect timeout=None)')",1,2026-06-30T14:19:40Z,2026-06-30T14:19:40Z
POST,/auth/login [setup],"ConnectTimeoutError(<HTTPSConnection(host='tneapredictor-production.up.railway.app', port=443) at 0x1fb9bb23b10>, 'Connection to tneapredictor-production.up.railway.app timed out. (connect timeout=None)')",1,2026-06-30T14:19:28Z,2026-06-30T14:19:28Z
POST,/auth/login [setup],"ConnectTimeoutError(<HTTPSConnection(host='tneapredictor-production.up.railway.app', port=443) at 0x1fb90e16c10>, 'Connection to tneapredictor-production.up.railway.app timed out. (connect timeout=None)')",1,2026-06-30T14:19:26Z,2026-06-30T14:19:26Z
POST,/auth/login [setup],"ConnectTimeoutError(<HTTPSConnection(host='tneapredictor-production.up.railway.app', port=443) at 0x1fbe85fdbd0>, 'Connection to tneapredictor-production.up.railway.app timed out. (connect timeout=None)')",1,2026-06-30T14:19:04Z,2026-06-30T14:19:04Z
POST,/predict/colleges [premium],"ConnectTimeoutError(<HTTPSConnection(host='tneapredictor-production.up.railway.app', port=443) at 0x1fbed03b110>, 'Connection to tneapredictor-production.up.railway.app timed out. (connect timeout=None)')",1,2026-06-30T14:19:40Z,2026-06-30T14:19:40Z
POST,/auth/login [setup],"ConnectTimeoutError(<HTTPSConnection(host='tneapredictor-production.up.railway.app', port=443) at 0x1fbe120b610>, 'Connection to tneapredictor-production.up.railway.app timed out. (connect timeout=None)')",1,2026-06-30T14:19:04Z,2026-06-30T14:19:04Z
GET,/auth/me,"ConnectTimeoutError(<HTTPSConnection(host='tneapredictor-production.up.railway.app', port=443) at 0x1fb909e7250>, 'Connection to tneapredictor-production.up.railway.app timed out. (connect timeout=None)')",1,2026-06-30T14:19:42Z,2026-06-30T14:19:42Z
POST,/predict/colleges [auth],"ConnectTimeoutError(<HTTPSConnection(host='tneapredictor-production.up.railway.app', port=443) at 0x1fb86083110>, 'Connection to tneapredictor-production.up.railway.app timed out. (connect timeout=None)')",1,2026-06-30T14:19:44Z,2026-06-30T14:19:44Z
GET,/auth/me,"ConnectTimeoutError(<HTTPSConnection(host='tneapredictor-production.up.railway.app', port=443) at 0x1fb909e6850>, 'Connection to tneapredictor-production.up.railway.app timed out. (connect timeout=None)')",1,2026-06-30T14:19:41Z,2026-06-30T14:19:41Z
POST,/auth/login [setup],"ConnectTimeoutError(<HTTPSConnection(host='tneapredictor-production.up.railway.app', port=443) at 0x1fb9a6aa850>, 'Connection to tneapredictor-production.up.railway.app timed out. (connect timeout=None)')",1,2026-06-30T14:19:28Z,2026-06-30T14:19:28Z
POST,/auth/login [setup],"ConnectTimeoutError(<HTTPSConnection(host='tneapredictor-production.up.railway.app', port=443) at 0x1fbe9261bd0>, 'Connection to tneapredictor-production.up.railway.app timed out. (connect timeout=None)')",1,2026-06-30T14:19:04Z,2026-06-30T14:19:04Z
POST,/payment/create-order,"ConnectTimeoutError(<HTTPSConnection(host='tneapredictor-production.up.railway.app', port=443) at 0x1fb8c83e210>, 'Connection to tneapredictor-production.up.railway.app timed out. (connect timeout=None)')",1,2026-06-30T14:19:40Z,2026-06-30T14:19:40Z
POST,/auth/login [setup],"ConnectTimeoutError(<HTTPSConnection(host='tneapredictor-production.up.railway.app', port=443) at 0x1fb98df5d10>, 'Connection to tneapredictor-production.up.railway.app timed out. (connect timeout=None)')",1,2026-06-30T14:19:28Z,2026-06-30T14:19:28Z
POST,/auth/login [setup],"ConnectTimeoutError(<HTTPSConnection(host='tneapredictor-production.up.railway.app', port=443) at 0x1fb926b11d0>, 'Connection to tneapredictor-production.up.railway.app timed out. (connect timeout=None)')",1,2026-06-30T14:19:27Z,2026-06-30T14:19:27Z
POST,/predict/colleges [premium],"ConnectTimeoutError(<HTTPSConnection(host='tneapredictor-production.up.railway.app', port=443) at 0x1fb8e5160d0>, 'Connection to tneapredictor-production.up.railway.app timed out. (connect timeout=None)')",1,2026-06-30T14:19:41Z,2026-06-30T14:19:41Z
POST,/auth/update-profile,"ConnectTimeoutError(<HTTPSConnection(host='tneapredictor-production.up.railway.app', port=443) at 0x1fb89a38690>, 'Connection to tneapredictor-production.up.railway.app timed out. (connect timeout=None)')",1,2026-06-30T14:19:41Z,2026-06-30T14:19:41Z
POST,/auth/login [setup],"ConnectTimeoutError(<HTTPSConnection(host='tneapredictor-production.up.railway.app', port=443) at 0x1fbf9abf4d0>, 'Connection to tneapredictor-production.up.railway.app timed out. (connect timeout=None)')",1,2026-06-30T14:19:06Z,2026-06-30T14:19:06Z
POST,/auth/login [setup],"ConnectTimeoutError(<HTTPSConnection(host='tneapredictor-production.up.railway.app', port=443) at 0x1fb99f3a350>, 'Connection to tneapredictor-production.up.railway.app timed out. (connect timeout=None)')",1,2026-06-30T14:19:28Z,2026-06-30T14:19:28Z
POST,/auth/login [setup],"ConnectTimeoutError(<HTTPSConnection(host='tneapredictor-production.up.railway.app', port=443) at 0x1fbf16ab250>, 'Connection to tneapredictor-production.up.railway.app timed out. (connect timeout=None)')",1,2026-06-30T14:19:05Z,2026-06-30T14:19:05Z
POST,/auth/login [setup],"ConnectTimeoutError(<HTTPSConnection(host='tneapredictor-production.up.railway.app', port=443) at 0x1fbf9f4ec10>, 'Connection to tneapredictor-production.up.railway.app timed out. (connect timeout=None)')",1,2026-06-30T14:19:06Z,2026-06-30T14:19:06Z
POST,/auth/login [setup],"ConnectTimeoutError(<HTTPSConnection(host='tneapredictor-production.up.railway.app', port=443) at 0x1fb93eeb750>, 'Connection to tneapredictor-production.up.railway.app timed out. (connect timeout=None)')",1,2026-06-30T14:19:27Z,2026-06-30T14:19:27Z
POST,/auth/login [setup],"ConnectTimeoutError(<HTTPSConnection(host='tneapredictor-production.up.railway.app', port=443) at 0x1fbf1a50910>, 'Connection to tneapredictor-production.up.railway.app timed out. (connect timeout=None)')",1,2026-06-30T14:19:05Z,2026-06-30T14:19:05Z
POST,/predict/colleges [premium],"ConnectTimeoutError(<HTTPSConnection(host='tneapredictor-production.up.railway.app', port=443) at 0x1fb885c1e50>, 'Connection to tneapredictor-production.up.railway.app timed out. (connect timeout=None)')",1,2026-06-30T14:19:43Z,2026-06-30T14:19:43Z
POST,/auth/login [setup],"ConnectTimeoutError(<HTTPSConnection(host='tneapredictor-production.up.railway.app', port=443) at 0x1fbf43cccd0>, 'Connection to tneapredictor-production.up.railway.app timed out. (connect timeout=None)')",1,2026-06-30T14:19:05Z,2026-06-30T14:19:05Z
POST,/auth/login [setup],"ConnectTimeoutError(<HTTPSConnection(host='tneapredictor-production.up.railway.app', port=443) at 0x1fb99f38550>, 'Connection to tneapredictor-production.up.railway.app timed out. (connect timeout=None)')",1,2026-06-30T14:19:28Z,2026-06-30T14:19:28Z
POST,/predict/colleges [premium],"ConnectTimeoutError(<HTTPSConnection(host='tneapredictor-production.up.railway.app', port=443) at 0x1fb905b3c50>, 'Connection to tneapredictor-production.up.railway.app timed out. (connect timeout=None)')",1,2026-06-30T14:19:41Z,2026-06-30T14:19:41Z
POST,/auth/login [setup],"ConnectTimeoutError(<HTTPSConnection(host='tneapredictor-production.up.railway.app', port=443) at 0x1fb912cccd0>, 'Connection to tneapredictor-production.up.railway.app timed out. (connect timeout=None)')",1,2026-06-30T14:19:27Z,2026-06-30T14:19:27Z
POST,/payment/create-order,"ConnectTimeoutError(<HTTPSConnection(host='tneapredictor-production.up.railway.app', port=443) at 0x1fb916739d0>, 'Connection to tneapredictor-production.up.railway.app timed out. (connect timeout=None)')",1,2026-06-30T14:19:42Z,2026-06-30T14:19:42Z
POST,/auth/login [setup],"ConnectTimeoutError(<HTTPSConnection(host='tneapredictor-production.up.railway.app', port=443) at 0x1fb97db4050>, 'Connection to tneapredictor-production.up.railway.app timed out. (connect timeout=None)')",1,2026-06-30T14:19:28Z,2026-06-30T14:19:28Z
GET,/auth/me,"ConnectTimeoutError(<HTTPSConnection(host='tneapredictor-production.up.railway.app', port=443) at 0x1fb90106210>, 'Connection to tneapredictor-production.up.railway.app timed out. (connect timeout=None)')",1,2026-06-30T14:19:41Z,2026-06-30T14:19:41Z
POST,/predict/colleges [premium],"ConnectTimeoutError(<HTTPSConnection(host='tneapredictor-production.up.railway.app', port=443) at 0x1fb89edad50>, 'Connection to tneapredictor-production.up.railway.app timed out. (connect timeout=None)')",1,2026-06-30T14:19:41Z,2026-06-30T14:19:41Z
POST,/auth/login [setup],"ConnectTimeoutError(<HTTPSConnection(host='tneapredictor-production.up.railway.app', port=443) at 0x1fbf960f610>, 'Connection to tneapredictor-production.up.railway.app timed out. (connect timeout=None)')",1,2026-06-30T14:19:05Z,2026-06-30T14:19:05Z
POST,/auth/login [setup],"ConnectTimeoutError(<HTTPSConnection(host='tneapredictor-production.up.railway.app', port=443) at 0x1fb98184e10>, 'Connection to tneapredictor-production.up.railway.app timed out. (connect timeout=None)')",1,2026-06-30T14:19:28Z,2026-06-30T14:19:28Z
POST,/auth/login [setup],"ConnectTimeoutError(<HTTPSConnection(host='tneapredictor-production.up.railway.app', port=443) at 0x1fb91ed1f90>, 'Connection to tneapredictor-production.up.railway.app timed out. (connect timeout=None)')",1,2026-06-30T14:19:27Z,2026-06-30T14:19:27Z
POST,/predict/colleges [premium],"ConnectTimeoutError(<HTTPSConnection(host='tneapredictor-production.up.railway.app', port=443) at 0x1fb89edafd0>, 'Connection to tneapredictor-production.up.railway.app timed out. (connect timeout=None)')",1,2026-06-30T14:19:41Z,2026-06-30T14:19:41Z
POST,/auth/login [setup],"ConnectTimeoutError(<HTTPSConnection(host='tneapredictor-production.up.railway.app', port=443) at 0x1fb989ee710>, 'Connection to tneapredictor-production.up.railway.app timed out. (connect timeout=None)')",1,2026-06-30T14:19:28Z,2026-06-30T14:19:28Z
POST,/auth/login [setup],"ConnectTimeoutError(<HTTPSConnection(host='tneapredictor-production.up.railway.app', port=443) at 0x1fbe85fc2d0>, 'Connection to tneapredictor-production.up.railway.app timed out. (connect timeout=None)')",1,2026-06-30T14:19:04Z,2026-06-30T14:19:04Z
POST,/auth/login [setup],"ConnectTimeoutError(<HTTPSConnection(host='tneapredictor-production.up.railway.app', port=443) at 0x1fb96060cd0>, 'Connection to tneapredictor-production.up.railway.app timed out. (connect timeout=None)')",1,2026-06-30T14:19:28Z,2026-06-30T14:19:28Z
POST,/auth/login [setup],"ConnectTimeoutError(<HTTPSConnection(host='tneapredictor-production.up.railway.app', port=443) at 0x1fb93aa8550>, 'Connection to tneapredictor-production.up.railway.app timed out. (connect timeout=None)')",1,2026-06-30T14:19:27Z,2026-06-30T14:19:27Z
POST,/auth/login [setup],"ConnectTimeoutError(<HTTPSConnection(host='tneapredictor-production.up.railway.app', port=443) at 0x1fb93b19810>, 'Connection to tneapredictor-production.up.railway.app timed out. (connect timeout=None)')",1,2026-06-30T14:19:27Z,2026-06-30T14:19:27Z
GET,/auth/me,"ConnectTimeoutError(<HTTPSConnection(host='tneapredictor-production.up.railway.app', port=443) at 0x1fb8c7bcf50>, 'Connection to tneapredictor-production.up.railway.app timed out. (connect timeout=None)')",1,2026-06-30T14:19:26Z,2026-06-30T14:19:26Z
POST,/auth/login [setup],"ConnectTimeoutError(<HTTPSConnection(host='tneapredictor-production.up.railway.app', port=443) at 0x1fb99a12ad0>, 'Connection to tneapredictor-production.up.railway.app timed out. (connect timeout=None)')",1,2026-06-30T14:19:28Z,2026-06-30T14:19:28Z
POST,/auth/login [setup],"ConnectTimeoutError(<HTTPSConnection(host='tneapredictor-production.up.railway.app', port=443) at 0x1fbf81a79d0>, 'Connection to tneapredictor-production.up.railway.app timed out. (connect timeout=None)')",1,2026-06-30T14:19:05Z,2026-06-30T14:19:05Z
POST,/auth/login [setup],"ConnectTimeoutError(<HTTPSConnection(host='tneapredictor-production.up.railway.app', port=443) at 0x1fbefd0bd90>, 'Connection to tneapredictor-production.up.railway.app timed out. (connect timeout=None)')",1,2026-06-30T14:19:04Z,2026-06-30T14:19:04Z
POST,/auth/login [setup],"ConnectTimeoutError(<HTTPSConnection(host='tneapredictor-production.up.railway.app', port=443) at 0x1fb9017e210>, 'Connection to tneapredictor-production.up.railway.app timed out. (connect timeout=None)')",1,2026-06-30T14:19:21Z,2026-06-30T14:19:21Z
POST,/auth/login [setup],"ConnectTimeoutError(<HTTPSConnection(host='tneapredictor-production.up.railway.app', port=443) at 0x1fb96515a90>, 'Connection to tneapredictor-production.up.railway.app timed out. (connect timeout=None)')",1,2026-06-30T14:19:28Z,2026-06-30T14:19:28Z
POST,/predict/colleges [premium],"ConnectTimeoutError(<HTTPSConnection(host='tneapredictor-production.up.railway.app', port=443) at 0x1fb83ab8e10>, 'Connection to tneapredictor-production.up.railway.app timed out. (connect timeout=None)')",1,2026-06-30T14:19:40Z,2026-06-30T14:19:40Z
POST,/auth/login [setup],"ConnectTimeoutError(<HTTPSConnection(host='tneapredictor-production.up.railway.app', port=443) at 0x1fb95ce5590>, 'Connection to tneapredictor-production.up.railway.app timed out. (connect timeout=None)')",1,2026-06-30T14:19:28Z,2026-06-30T14:19:28Z
GET,/auth/me,"ConnectTimeoutError(<HTTPSConnection(host='tneapredictor-production.up.railway.app', port=443) at 0x1fb8547de50>, 'Connection to tneapredictor-production.up.railway.app timed out. (connect timeout=None)')",1,2026-06-30T14:19:44Z,2026-06-30T14:19:44Z
POST,/auth/login [setup],"ConnectTimeoutError(<HTTPSConnection(host='tneapredictor-production.up.railway.app', port=443) at 0x1fb93b1b110>, 'Connection to tneapredictor-production.up.railway.app timed out. (connect timeout=None)')",1,2026-06-30T14:19:27Z,2026-06-30T14:19:27Z
POST,/auth/login [setup],"ConnectTimeoutError(<HTTPSConnection(host='tneapredictor-production.up.railway.app', port=443) at 0x1fb88542350>, 'Connection to tneapredictor-production.up.railway.app timed out. (connect timeout=None)')",1,2026-06-30T14:19:20Z,2026-06-30T14:19:20Z
POST,/auth/login [setup],"ConnectTimeoutError(<HTTPSConnection(host='tneapredictor-production.up.railway.app', port=443) at 0x1fb895fad50>, 'Connection to tneapredictor-production.up.railway.app timed out. (connect timeout=None)')",1,2026-06-30T14:19:20Z,2026-06-30T14:19:20Z
POST,/predict/colleges [premium],"ConnectTimeoutError(<HTTPSConnection(host='tneapredictor-production.up.railway.app', port=443) at 0x1fb87d4cf50>, 'Connection to tneapredictor-production.up.railway.app timed out. (connect timeout=None)')",1,2026-06-30T14:19:41Z,2026-06-30T14:19:41Z
POST,/auth/login [setup],"ConnectTimeoutError(<HTTPSConnection(host='tneapredictor-production.up.railway.app', port=443) at 0x1fbf4c2aad0>, 'Connection to tneapredictor-production.up.railway.app timed out. (connect timeout=None)')",1,2026-06-30T14:19:05Z,2026-06-30T14:19:05Z
POST,/auth/login [setup],"ConnectTimeoutError(<HTTPSConnection(host='tneapredictor-production.up.railway.app', port=443) at 0x1fb94be8b90>, 'Connection to tneapredictor-production.up.railway.app timed out. (connect timeout=None)')",1,2026-06-30T14:19:27Z,2026-06-30T14:19:27Z
POST,/auth/login [setup],"ConnectTimeoutError(<HTTPSConnection(host='tneapredictor-production.up.railway.app', port=443) at 0x1fb9a719a90>, 'Connection to tneapredictor-production.up.railway.app timed out. (connect timeout=None)')",1,2026-06-30T14:19:28Z,2026-06-30T14:19:28Z
POST,/predict/colleges [auth],"ConnectTimeoutError(<HTTPSConnection(host='tneapredictor-production.up.railway.app', port=443) at 0x1fb85c5a210>, 'Connection to tneapredictor-production.up.railway.app timed out. (connect timeout=None)')",1,2026-06-30T14:19:45Z,2026-06-30T14:19:45Z
POST,/auth/login [setup],"ConnectTimeoutError(<HTTPSConnection(host='tneapredictor-production.up.railway.app', port=443) at 0x1fb91e50550>, 'Connection to tneapredictor-production.up.railway.app timed out. (connect timeout=None)')",1,2026-06-30T14:19:27Z,2026-06-30T14:19:27Z
POST,/auth/login [setup],"ConnectTimeoutError(<HTTPSConnection(host='tneapredictor-production.up.railway.app', port=443) at 0x1fb95429d10>, 'Connection to tneapredictor-production.up.railway.app timed out. (connect timeout=None)')",1,2026-06-30T14:19:27Z,2026-06-30T14:19:27Z
POST,/payment/create-order,"ConnectTimeoutError(<HTTPSConnection(host='tneapredictor-production.up.railway.app', port=443) at 0x1fb8fd70550>, 'Connection to tneapredictor-production.up.railway.app timed out. (connect timeout=None)')",1,2026-06-30T14:19:40Z,2026-06-30T14:19:40Z
POST,/payment/create-order,"ConnectTimeoutError(<HTTPSConnection(host='tneapredictor-production.up.railway.app', port=443) at 0x1fbfa7cd1d0>, 'Connection to tneapredictor-production.up.railway.app timed out. (connect timeout=None)')",1,2026-06-30T14:19:40Z,2026-06-30T14:19:40Z
POST,/auth/login [setup],"ConnectTimeoutError(<HTTPSConnection(host='tneapredictor-production.up.railway.app', port=443) at 0x1fb958079d0>, 'Connection to tneapredictor-production.up.railway.app timed out. (connect timeout=None)')",1,2026-06-30T14:19:27Z,2026-06-30T14:19:27Z
POST,/predict/colleges [premium],"ConnectTimeoutError(<HTTPSConnection(host='tneapredictor-production.up.railway.app', port=443) at 0x1fbf8122ad0>, 'Connection to tneapredictor-production.up.railway.app timed out. (connect timeout=None)')",1,2026-06-30T14:19:40Z,2026-06-30T14:19:40Z
GET,/auth/me,"ConnectTimeoutError(<HTTPSConnection(host='tneapredictor-production.up.railway.app', port=443) at 0x1fb90104b90>, 'Connection to tneapredictor-production.up.railway.app timed out. (connect timeout=None)')",1,2026-06-30T14:19:41Z,2026-06-30T14:19:41Z
POST,/auth/login [setup],"ConnectTimeoutError(<HTTPSConnection(host='tneapredictor-production.up.railway.app', port=443) at 0x1fb99e42850>, 'Connection to tneapredictor-production.up.railway.app timed out. (connect timeout=None)')",1,2026-06-30T14:19:28Z,2026-06-30T14:19:28Z
POST,/auth/login [setup],"ConnectTimeoutError(<HTTPSConnection(host='tneapredictor-production.up.railway.app', port=443) at 0x1fb95883b10>, 'Connection to tneapredictor-production.up.railway.app timed out. (connect timeout=None)')",1,2026-06-30T14:19:28Z,2026-06-30T14:19:28Z
POST,/auth/login [setup],"ConnectTimeoutError(<HTTPSConnection(host='tneapredictor-production.up.railway.app', port=443) at 0x1fbe85ffed0>, 'Connection to tneapredictor-production.up.railway.app timed out. (connect timeout=None)')",1,2026-06-30T14:19:04Z,2026-06-30T14:19:04Z
POST,/auth/login [setup],"ConnectTimeoutError(<HTTPSConnection(host='tneapredictor-production.up.railway.app', port=443) at 0x1fbe9f16350>, 'Connection to tneapredictor-production.up.railway.app timed out. (connect timeout=None)')",1,2026-06-30T14:19:04Z,2026-06-30T14:19:04Z
POST,/auth/update-profile,"ConnectTimeoutError(<HTTPSConnection(host='tneapredictor-production.up.railway.app', port=443) at 0x1fb85cd82d0>, 'Connection to tneapredictor-production.up.railway.app timed out. (connect timeout=None)')",1,2026-06-30T14:19:45Z,2026-06-30T14:19:45Z
POST,/auth/login [setup],"ConnectTimeoutError(<HTTPSConnection(host='tneapredictor-production.up.railway.app', port=443) at 0x1fb91e502d0>, 'Connection to tneapredictor-production.up.railway.app timed out. (connect timeout=None)')",1,2026-06-30T14:19:27Z,2026-06-30T14:19:27Z
POST,/predict/colleges [premium],"ConnectTimeoutError(<HTTPSConnection(host='tneapredictor-production.up.railway.app', port=443) at 0x1fb8bf679d0>, 'Connection to tneapredictor-production.up.railway.app timed out. (connect timeout=None)')",1,2026-06-30T14:19:41Z,2026-06-30T14:19:41Z
POST,/auth/login [setup],"ConnectTimeoutError(<HTTPSConnection(host='tneapredictor-production.up.railway.app', port=443) at 0x1fb8e515a90>, 'Connection to tneapredictor-production.up.railway.app timed out. (connect timeout=None)')",1,2026-06-30T14:19:21Z,2026-06-30T14:19:21Z
POST,/auth/login [setup],"ConnectTimeoutError(<HTTPSConnection(host='tneapredictor-production.up.railway.app', port=443) at 0x1fbfbf86ad0>, 'Connection to tneapredictor-production.up.railway.app timed out. (connect timeout=None)')",1,2026-06-30T14:19:07Z,2026-06-30T14:19:07Z
GET,/auth/me,"ConnectTimeoutError(<HTTPSConnection(host='tneapredictor-production.up.railway.app', port=443) at 0x1fb8a38d090>, 'Connection to tneapredictor-production.up.railway.app timed out. (connect timeout=None)')",1,2026-06-30T14:19:42Z,2026-06-30T14:19:42Z
POST,/auth/login [setup],"ConnectTimeoutError(<HTTPSConnection(host='tneapredictor-production.up.railway.app', port=443) at 0x1fb9440d950>, 'Connection to tneapredictor-production.up.railway.app timed out. (connect timeout=None)')",1,2026-06-30T14:19:27Z,2026-06-30T14:19:27Z
POST,/auth/login [setup],"ConnectTimeoutError(<HTTPSConnection(host='tneapredictor-production.up.railway.app', port=443) at 0x1fb926b2ad0>, 'Connection to tneapredictor-production.up.railway.app timed out. (connect timeout=None)')",1,2026-06-30T14:19:27Z,2026-06-30T14:19:27Z
POST,/auth/login [setup],"ConnectTimeoutError(<HTTPSConnection(host='tneapredictor-production.up.railway.app', port=443) at 0x1fb94c6d1d0>, 'Connection to tneapredictor-production.up.railway.app timed out. (connect timeout=None)')",1,2026-06-30T14:19:27Z,2026-06-30T14:19:27Z
POST,/predict/colleges [premium],"ConnectTimeoutError(<HTTPSConnection(host='tneapredictor-production.up.railway.app', port=443) at 0x1fbf010a850>, 'Connection to tneapredictor-production.up.railway.app timed out. (connect timeout=None)')",1,2026-06-30T14:19:44Z,2026-06-30T14:19:44Z
POST,/auth/login [setup],"ConnectTimeoutError(<HTTPSConnection(host='tneapredictor-production.up.railway.app', port=443) at 0x1fbf61156d0>, 'Connection to tneapredictor-production.up.railway.app timed out. (connect timeout=None)')",1,2026-06-30T14:19:05Z,2026-06-30T14:19:05Z
POST,/auth/login [setup],"ConnectTimeoutError(<HTTPSConnection(host='tneapredictor-production.up.railway.app', port=443) at 0x1fb9baa02d0>, 'Connection to tneapredictor-production.up.railway.app timed out. (connect timeout=None)')",1,2026-06-30T14:19:28Z,2026-06-30T14:19:28Z
POST,/auth/login [setup],"ConnectTimeoutError(<HTTPSConnection(host='tneapredictor-production.up.railway.app', port=443) at 0x1fb96498f50>, 'Connection to tneapredictor-production.up.railway.app timed out. (connect timeout=None)')",1,2026-06-30T14:19:28Z,2026-06-30T14:19:28Z
POST,/auth/login [setup],"ConnectTimeoutError(<HTTPSConnection(host='tneapredictor-production.up.railway.app', port=443) at 0x1fbfa6dae90>, 'Connection to tneapredictor-production.up.railway.app timed out. (connect timeout=None)')",1,2026-06-30T14:19:06Z,2026-06-30T14:19:06Z
POST,/auth/update-profile,"ConnectTimeoutError(<HTTPSConnection(host='tneapredictor-production.up.railway.app', port=443) at 0x1fb8d48a0d0>, 'Connection to tneapredictor-production.up.railway.app timed out. (connect timeout=None)')",1,2026-06-30T14:19:41Z,2026-06-30T14:19:41Z
POST,/auth/login [setup],"ConnectTimeoutError(<HTTPSConnection(host='tneapredictor-production.up.railway.app', port=443) at 0x1fb89240410>, 'Connection to tneapredictor-production.up.railway.app timed out. (connect timeout=None)')",1,2026-06-30T14:19:20Z,2026-06-30T14:19:20Z
POST,/auth/login [setup],"ConnectTimeoutError(<HTTPSConnection(host='tneapredictor-production.up.railway.app', port=443) at 0x1fb9bed2fd0>, 'Connection to tneapredictor-production.up.railway.app timed out. (connect timeout=None)')",1,2026-06-30T14:19:28Z,2026-06-30T14:19:28Z
POST,/auth/login [setup],"ConnectTimeoutError(<HTTPSConnection(host='tneapredictor-production.up.railway.app', port=443) at 0x1fb958051d0>, 'Connection to tneapredictor-production.up.railway.app timed out. (connect timeout=None)')",1,2026-06-30T14:19:27Z,2026-06-30T14:19:27Z
POST,/auth/login [setup],"ConnectTimeoutError(<HTTPSConnection(host='tneapredictor-production.up.railway.app', port=443) at 0x1fb90e8ca50>, 'Connection to tneapredictor-production.up.railway.app timed out. (connect timeout=None)')",1,2026-06-30T14:19:26Z,2026-06-30T14:19:26Z
POST,/predict/colleges [premium],"ConnectTimeoutError(<HTTPSConnection(host='tneapredictor-production.up.railway.app', port=443) at 0x1fb8d48b9d0>, 'Connection to tneapredictor-production.up.railway.app timed out. (connect timeout=None)')",1,2026-06-30T14:19:41Z,2026-06-30T14:19:41Z
POST,/auth/login [setup],"ConnectTimeoutError(<HTTPSConnection(host='tneapredictor-production.up.railway.app', port=443) at 0x1fb99660690>, 'Connection to tneapredictor-production.up.railway.app timed out. (connect timeout=None)')",1,2026-06-30T14:19:28Z,2026-06-30T14:19:28Z
POST,/auth/login [setup],"ConnectTimeoutError(<HTTPSConnection(host='tneapredictor-production.up.railway.app', port=443) at 0x1fbf53f4690>, 'Connection to tneapredictor-production.up.railway.app timed out. (connect timeout=None)')",1,2026-06-30T14:19:05Z,2026-06-30T14:19:05Z
POST,/predict/colleges [premium],"ConnectTimeoutError(<HTTPSConnection(host='tneapredictor-production.up.railway.app', port=443) at 0x1fb99f38410>, 'Connection to tneapredictor-production.up.railway.app timed out. (connect timeout=None)')",1,2026-06-30T14:19:28Z,2026-06-30T14:19:28Z
POST,/predict/colleges [premium],"ConnectTimeoutError(<HTTPSConnection(host='tneapredictor-production.up.railway.app', port=443) at 0x1fb82299810>, 'Connection to tneapredictor-production.up.railway.app timed out. (connect timeout=None)')",1,2026-06-30T14:19:40Z,2026-06-30T14:19:40Z
POST,/payment/create-order,"ConnectTimeoutError(<HTTPSConnection(host='tneapredictor-production.up.railway.app', port=443) at 0x1fb8e064690>, 'Connection to tneapredictor-production.up.railway.app timed out. (connect timeout=None)')",1,2026-06-30T14:19:41Z,2026-06-30T14:19:41Z
POST,/auth/login [setup],"ConnectTimeoutError(<HTTPSConnection(host='tneapredictor-production.up.railway.app', port=443) at 0x1fb94b73250>, 'Connection to tneapredictor-production.up.railway.app timed out. (connect timeout=None)')",1,2026-06-30T14:19:27Z,2026-06-30T14:19:27Z
POST,/auth/login [setup],"ConnectTimeoutError(<HTTPSConnection(host='tneapredictor-production.up.railway.app', port=443) at 0x1fb926b2d50>, 'Connection to tneapredictor-production.up.railway.app timed out. (connect timeout=None)')",1,2026-06-30T14:19:27Z,2026-06-30T14:19:27Z
GET,/auth/me,"ConnectTimeoutError(<HTTPSConnection(host='tneapredictor-production.up.railway.app', port=443) at 0x1fb8f999d10>, 'Connection to tneapredictor-production.up.railway.app timed out. (connect timeout=None)')",1,2026-06-30T14:19:41Z,2026-06-30T14:19:41Z
POST,/auth/login [setup],"ConnectTimeoutError(<HTTPSConnection(host='tneapredictor-production.up.railway.app', port=443) at 0x1fb9a71a210>, 'Connection to tneapredictor-production.up.railway.app timed out. (connect timeout=None)')",1,2026-06-30T14:19:28Z,2026-06-30T14:19:28Z
POST,/auth/login [setup],"ConnectTimeoutError(<HTTPSConnection(host='tneapredictor-production.up.railway.app', port=443) at 0x1fb99ec6c10>, 'Connection to tneapredictor-production.up.railway.app timed out. (connect timeout=None)')",1,2026-06-30T14:19:28Z,2026-06-30T14:19:28Z
POST,/predict/colleges [premium],"ConnectTimeoutError(<HTTPSConnection(host='tneapredictor-production.up.railway.app', port=443) at 0x1fb895f8e10>, 'Connection to tneapredictor-production.up.railway.app timed out. (connect timeout=None)')",1,2026-06-30T14:19:41Z,2026-06-30T14:19:41Z
POST,/auth/login [setup],"ConnectTimeoutError(<HTTPSConnection(host='tneapredictor-production.up.railway.app', port=443) at 0x1fb93eea5d0>, 'Connection to tneapredictor-production.up.railway.app timed out. (connect timeout=None)')",1,2026-06-30T14:19:27Z,2026-06-30T14:19:27Z
POST,/auth/login [setup],"ConnectTimeoutError(<HTTPSConnection(host='tneapredictor-production.up.railway.app', port=443) at 0x1fb978f8b90>, 'Connection to tneapredictor-production.up.railway.app timed out. (connect timeout=None)')",1,2026-06-30T14:19:28Z,2026-06-30T14:19:28Z
POST,/auth/login [setup],"ConnectTimeoutError(<HTTPSConnection(host='tneapredictor-production.up.railway.app', port=443) at 0x1fb912cf250>, 'Connection to tneapredictor-production.up.railway.app timed out. (connect timeout=None)')",1,2026-06-30T14:19:27Z,2026-06-30T14:19:27Z
POST,/payment/create-order,"ConnectTimeoutError(<HTTPSConnection(host='tneapredictor-production.up.railway.app', port=443) at 0x1fb8f99ae90>, 'Connection to tneapredictor-production.up.railway.app timed out. (connect timeout=None)')",1,2026-06-30T14:19:41Z,2026-06-30T14:19:41Z
POST,/auth/login [setup],"ConnectTimeoutError(<HTTPSConnection(host='tneapredictor-production.up.railway.app', port=443) at 0x1fb93b18190>, 'Connection to tneapredictor-production.up.railway.app timed out. (connect timeout=None)')",1,2026-06-30T14:19:27Z,2026-06-30T14:19:27Z
POST,/auth/login [setup],"ConnectTimeoutError(<HTTPSConnection(host='tneapredictor-production.up.railway.app', port=443) at 0x1fb9bb23d90>, 'Connection to tneapredictor-production.up.railway.app timed out. (connect timeout=None)')",1,2026-06-30T14:19:28Z,2026-06-30T14:19:28Z
POST,/auth/login [setup],"ConnectTimeoutError(<HTTPSConnection(host='tneapredictor-production.up.railway.app', port=443) at 0x1fb94393390>, 'Connection to tneapredictor-production.up.railway.app timed out. (connect timeout=None)')",1,2026-06-30T14:19:27Z,2026-06-30T14:19:27Z
POST,/payment/create-order,"ConnectTimeoutError(<HTTPSConnection(host='tneapredictor-production.up.railway.app', port=443) at 0x1fb89672ad0>, 'Connection to tneapredictor-production.up.railway.app timed out. (connect timeout=None)')",1,2026-06-30T14:19:41Z,2026-06-30T14:19:41Z
POST,/auth/login [setup],"ConnectTimeoutError(<HTTPSConnection(host='tneapredictor-production.up.railway.app', port=443) at 0x1fbf5ccad50>, 'Connection to tneapredictor-production.up.railway.app timed out. (connect timeout=None)')",1,2026-06-30T14:19:05Z,2026-06-30T14:19:05Z
POST,/auth/login [setup],"ConnectTimeoutError(<HTTPSConnection(host='tneapredictor-production.up.railway.app', port=443) at 0x1fb98d85450>, 'Connection to tneapredictor-production.up.railway.app timed out. (connect timeout=None)')",1,2026-06-30T14:19:28Z,2026-06-30T14:19:28Z
POST,/auth/update-profile,"ConnectTimeoutError(<HTTPSConnection(host='tneapredictor-production.up.railway.app', port=443) at 0x1fb84fc2210>, 'Connection to tneapredictor-production.up.railway.app timed out. (connect timeout=None)')",1,2026-06-30T14:19:46Z,2026-06-30T14:19:46Z
POST,/auth/login [setup],"ConnectTimeoutError(<HTTPSConnection(host='tneapredictor-production.up.railway.app', port=443) at 0x1fb989ee210>, 'Connection to tneapredictor-production.up.railway.app timed out. (connect timeout=None)')",1,2026-06-30T14:19:28Z,2026-06-30T14:19:28Z
POST,/auth/login [setup],"ConnectTimeoutError(<HTTPSConnection(host='tneapredictor-production.up.railway.app', port=443) at 0x1fbe91e8410>, 'Connection to tneapredictor-production.up.railway.app timed out. (connect timeout=None)')",1,2026-06-30T14:19:04Z,2026-06-30T14:19:04Z
POST,/auth/login [setup],"ConnectTimeoutError(<HTTPSConnection(host='tneapredictor-production.up.railway.app', port=443) at 0x1fbefd87250>, 'Connection to tneapredictor-production.up.railway.app timed out. (connect timeout=None)')",1,2026-06-30T14:19:04Z,2026-06-30T14:19:04Z
POST,/auth/login [setup],"ConnectTimeoutError(<HTTPSConnection(host='tneapredictor-production.up.railway.app', port=443) at 0x1fb97db7ed0>, 'Connection to tneapredictor-production.up.railway.app timed out. (connect timeout=None)')",1,2026-06-30T14:19:28Z,2026-06-30T14:19:28Z
POST,/predict/colleges [premium],"ConnectTimeoutError(<HTTPSConnection(host='tneapredictor-production.up.railway.app', port=443) at 0x1fb8d817610>, 'Connection to tneapredictor-production.up.railway.app timed out. (connect timeout=None)')",1,2026-06-30T14:19:41Z,2026-06-30T14:19:41Z
POST,/auth/login [setup],"ConnectTimeoutError(<HTTPSConnection(host='tneapredictor-production.up.railway.app', port=443) at 0x1fb91aa9590>, 'Connection to tneapredictor-production.up.railway.app timed out. (connect timeout=None)')",1,2026-06-30T14:19:27Z,2026-06-30T14:19:27Z
POST,/predict/colleges [auth],"ConnectTimeoutError(<HTTPSConnection(host='tneapredictor-production.up.railway.app', port=443) at 0x1fb84fc3390>, 'Connection to tneapredictor-production.up.railway.app timed out. (connect timeout=None)')",1,2026-06-30T14:19:47Z,2026-06-30T14:19:47Z
POST,/auth/login [setup],"ConnectTimeoutError(<HTTPSConnection(host='tneapredictor-production.up.railway.app', port=443) at 0x1fbfd3f6710>, 'Connection to tneapredictor-production.up.railway.app timed out. (connect timeout=None)')",1,2026-06-30T14:19:07Z,2026-06-30T14:19:07Z
POST,/auth/login [setup],"ConnectTimeoutError(<HTTPSConnection(host='tneapredictor-production.up.railway.app', port=443) at 0x1fb87cdafd0>, 'Connection to tneapredictor-production.up.railway.app timed out. (connect timeout=None)')",1,2026-06-30T14:19:19Z,2026-06-30T14:19:19Z
POST,/payment/create-order,"ConnectTimeoutError(<HTTPSConnection(host='tneapredictor-production.up.railway.app', port=443) at 0x1fb90967b10>, 'Connection to tneapredictor-production.up.railway.app timed out. (connect timeout=None)')",1,2026-06-30T14:19:41Z,2026-06-30T14:19:41Z
POST,/auth/update-profile,"ConnectTimeoutError(<HTTPSConnection(host='tneapredictor-production.up.railway.app', port=443) at 0x1fb85c5a710>, 'Connection to tneapredictor-production.up.railway.app timed out. (connect timeout=None)')",1,2026-06-30T14:19:45Z,2026-06-30T14:19:45Z
POST,/auth/login [setup],"ConnectTimeoutError(<HTTPSConnection(host='tneapredictor-production.up.railway.app', port=443) at 0x1fb99a10050>, 'Connection to tneapredictor-production.up.railway.app timed out. (connect timeout=None)')",1,2026-06-30T14:19:28Z,2026-06-30T14:19:28Z
POST,/auth/login [setup],"ConnectTimeoutError(<HTTPSConnection(host='tneapredictor-production.up.railway.app', port=443) at 0x1fb9272b610>, 'Connection to tneapredictor-production.up.railway.app timed out. (connect timeout=None)')",1,2026-06-30T14:19:27Z,2026-06-30T14:19:27Z
POST,/auth/login [setup],"ConnectTimeoutError(<HTTPSConnection(host='tneapredictor-production.up.railway.app', port=443) at 0x1fb958f6350>, 'Connection to tneapredictor-production.up.railway.app timed out. (connect timeout=None)')",1,2026-06-30T14:19:28Z,2026-06-30T14:19:28Z
POST,/predict/colleges [premium],"ConnectTimeoutError(<HTTPSConnection(host='tneapredictor-production.up.railway.app', port=443) at 0x1fb90106710>, 'Connection to tneapredictor-production.up.railway.app timed out. (connect timeout=None)')",1,2026-06-30T14:19:41Z,2026-06-30T14:19:41Z
POST,/auth/update-profile,"ConnectTimeoutError(<HTTPSConnection(host='tneapredictor-production.up.railway.app', port=443) at 0x1fb864b3390>, 'Connection to tneapredictor-production.up.railway.app timed out. (connect timeout=None)')",1,2026-06-30T14:19:43Z,2026-06-30T14:19:43Z
POST,/payment/create-order,"ConnectTimeoutError(<HTTPSConnection(host='tneapredictor-production.up.railway.app', port=443) at 0x1fb8e517250>, 'Connection to tneapredictor-production.up.railway.app timed out. (connect timeout=None)')",1,2026-06-30T14:19:42Z,2026-06-30T14:19:42Z
GET,/auth/me,"ConnectTimeoutError(<HTTPSConnection(host='tneapredictor-production.up.railway.app', port=443) at 0x1fb847e42d0>, 'Connection to tneapredictor-production.up.railway.app timed out. (connect timeout=None)')",1,2026-06-30T14:19:49Z,2026-06-30T14:19:49Z
POST,/auth/login [setup],"ConnectTimeoutError(<HTTPSConnection(host='tneapredictor-production.up.railway.app', port=443) at 0x1fb95805950>, 'Connection to tneapredictor-production.up.railway.app timed out. (connect timeout=None)')",1,2026-06-30T14:19:27Z,2026-06-30T14:19:27Z
POST,/auth/login [setup],"ConnectTimeoutError(<HTTPSConnection(host='tneapredictor-production.up.railway.app', port=443) at 0x1fbfcc23ed0>, 'Connection to tneapredictor-production.up.railway.app timed out. (connect timeout=None)')",1,2026-06-30T14:19:07Z,2026-06-30T14:19:07Z
POST,/auth/login [setup],"ConnectTimeoutError(<HTTPSConnection(host='tneapredictor-production.up.railway.app', port=443) at 0x1fbe22c1f90>, 'Connection to tneapredictor-production.up.railway.app timed out. (connect timeout=None)')",1,2026-06-30T14:19:04Z,2026-06-30T14:19:04Z
POST,/auth/login [setup],"ConnectTimeoutError(<HTTPSConnection(host='tneapredictor-production.up.railway.app', port=443) at 0x1fb99e420d0>, 'Connection to tneapredictor-production.up.railway.app timed out. (connect timeout=None)')",1,2026-06-30T14:19:28Z,2026-06-30T14:19:28Z
POST,/auth/login [setup],"ConnectTimeoutError(<HTTPSConnection(host='tneapredictor-production.up.railway.app', port=443) at 0x1fbf43cc2d0>, 'Connection to tneapredictor-production.up.railway.app timed out. (connect timeout=None)')",1,2026-06-30T14:19:05Z,2026-06-30T14:19:05Z
POST,/auth/login [setup],"ConnectTimeoutError(<HTTPSConnection(host='tneapredictor-production.up.railway.app', port=443) at 0x1fb9bed1450>, 'Connection to tneapredictor-production.up.railway.app timed out. (connect timeout=None)')",1,2026-06-30T14:19:28Z,2026-06-30T14:19:28Z
POST,/auth/login [setup],"ConnectTimeoutError(<HTTPSConnection(host='tneapredictor-production.up.railway.app', port=443) at 0x1fbe9262350>, 'Connection to tneapredictor-production.up.railway.app timed out. (connect timeout=None)')",1,2026-06-30T14:19:04Z,2026-06-30T14:19:04Z
POST,/predict/colleges [premium],"ConnectTimeoutError(<HTTPSConnection(host='tneapredictor-production.up.railway.app', port=443) at 0x1fbf896a5d0>, 'Connection to tneapredictor-production.up.railway.app timed out. (connect timeout=None)')",1,2026-06-30T14:19:40Z,2026-06-30T14:19:40Z
POST,/auth/login [setup],"ConnectTimeoutError(<HTTPSConnection(host='tneapredictor-production.up.railway.app', port=443) at 0x1fb978fb890>, 'Connection to tneapredictor-production.up.railway.app timed out. (connect timeout=None)')",1,2026-06-30T14:19:28Z,2026-06-30T14:19:28Z
POST,/predict/colleges [premium],"ConnectTimeoutError(<HTTPSConnection(host='tneapredictor-production.up.railway.app', port=443) at 0x1fb8c83c190>, 'Connection to tneapredictor-production.up.railway.app timed out. (connect timeout=None)')",1,2026-06-30T14:19:40Z,2026-06-30T14:19:40Z
POST,/auth/login [setup],"ConnectTimeoutError(<HTTPSConnection(host='tneapredictor-production.up.railway.app', port=443) at 0x1fb93f5c410>, 'Connection to tneapredictor-production.up.railway.app timed out. (connect timeout=None)')",1,2026-06-30T14:19:27Z,2026-06-30T14:19:27Z
POST,/auth/login [setup],"ConnectTimeoutError(<HTTPSConnection(host='tneapredictor-production.up.railway.app', port=443) at 0x1fb90e8d1d0>, 'Connection to tneapredictor-production.up.railway.app timed out. (connect timeout=None)')",1,2026-06-30T14:19:26Z,2026-06-30T14:19:26Z
POST,/auth/login [setup],"ConnectTimeoutError(<HTTPSConnection(host='tneapredictor-production.up.railway.app', port=443) at 0x1fb94be8410>, 'Connection to tneapredictor-production.up.railway.app timed out. (connect timeout=None)')",1,2026-06-30T14:19:27Z,2026-06-30T14:19:27Z
POST,/auth/login [setup],"ConnectTimeoutError(<HTTPSConnection(host='tneapredictor-production.up.railway.app', port=443) at 0x1fb8d0ac050>, 'Connection to tneapredictor-production.up.railway.app timed out. (connect timeout=None)')",1,2026-06-30T14:19:21Z,2026-06-30T14:19:21Z
POST,/auth/login [setup],"ConnectTimeoutError(<HTTPSConnection(host='tneapredictor-production.up.railway.app', port=443) at 0x1fbf47f5450>, 'Connection to tneapredictor-production.up.railway.app timed out. (connect timeout=None)')",1,2026-06-30T14:19:05Z,2026-06-30T14:19:05Z
POST,/auth/login [setup],"ConnectTimeoutError(<HTTPSConnection(host='tneapredictor-production.up.railway.app', port=443) at 0x1fb96499e50>, 'Connection to tneapredictor-production.up.railway.app timed out. (connect timeout=None)')",1,2026-06-30T14:19:28Z,2026-06-30T14:19:28Z
GET,/auth/me,"ConnectTimeoutError(<HTTPSConnection(host='tneapredictor-production.up.railway.app', port=443) at 0x1fbed03b610>, 'Connection to tneapredictor-production.up.railway.app timed out. (connect timeout=None)')",1,2026-06-30T14:19:40Z,2026-06-30T14:19:40Z
POST,/predict/colleges [premium],"ConnectTimeoutError(<HTTPSConnection(host='tneapredictor-production.up.railway.app', port=443) at 0x1fb94c6e210>, 'Connection to tneapredictor-production.up.railway.app timed out. (connect timeout=None)')",1,2026-06-30T14:19:42Z,2026-06-30T14:19:42Z
POST,/auth/update-profile,"ConnectTimeoutError(<HTTPSConnection(host='tneapredictor-production.up.railway.app', port=443) at 0x1fb84fc2490>, 'Connection to tneapredictor-production.up.railway.app timed out. (connect timeout=None)')",1,2026-06-30T14:19:46Z,2026-06-30T14:19:46Z
POST,/auth/login [setup],"ConnectTimeoutError(<HTTPSConnection(host='tneapredictor-production.up.railway.app', port=443) at 0x1fb94b716d0>, 'Connection to tneapredictor-production.up.railway.app timed out. (connect timeout=None)')",1,2026-06-30T14:19:27Z,2026-06-30T14:19:27Z
POST,/auth/login [setup],"ConnectTimeoutError(<HTTPSConnection(host='tneapredictor-production.up.railway.app', port=443) at 0x1fbe2331950>, 'Connection to tneapredictor-production.up.railway.app timed out. (connect timeout=None)')",1,2026-06-30T14:19:04Z,2026-06-30T14:19:04Z
POST,/predict/colleges [premium],"ConnectTimeoutError(<HTTPSConnection(host='tneapredictor-production.up.railway.app', port=443) at 0x1fb84b94b90>, 'Connection to tneapredictor-production.up.railway.app timed out. (connect timeout=None)')",1,2026-06-30T14:19:42Z,2026-06-30T14:19:42Z
POST,/auth/login [setup],"ConnectTimeoutError(<HTTPSConnection(host='tneapredictor-production.up.railway.app', port=443) at 0x1fbe0dd6210>, 'Connection to tneapredictor-production.up.railway.app timed out. (connect timeout=None)')",1,2026-06-30T14:19:04Z,2026-06-30T14:19:04Z
GET,/auth/me,"ConnectTimeoutError(<HTTPSConnection(host='tneapredictor-production.up.railway.app', port=443) at 0x1fb84c10f50>, 'Connection to tneapredictor-production.up.railway.app timed out. (connect timeout=None)')",1,2026-06-30T14:19:41Z,2026-06-30T14:19:41Z
POST,/auth/login [setup],"ConnectTimeoutError(<HTTPSConnection(host='tneapredictor-production.up.railway.app', port=443) at 0x1fb8e517d90>, 'Connection to tneapredictor-production.up.railway.app timed out. (connect timeout=None)')",1,2026-06-30T14:19:21Z,2026-06-30T14:19:21Z
POST,/predict/colleges [premium],"ConnectTimeoutError(<HTTPSConnection(host='tneapredictor-production.up.railway.app', port=443) at 0x1fb87d4f9d0>, 'Connection to tneapredictor-production.up.railway.app timed out. (connect timeout=None)')",1,2026-06-30T14:19:41Z,2026-06-30T14:19:41Z
POST,/auth/login [setup],"ConnectTimeoutError(<HTTPSConnection(host='tneapredictor-production.up.railway.app', port=443) at 0x1fbe9f14a50>, 'Connection to tneapredictor-production.up.railway.app timed out. (connect timeout=None)')",1,2026-06-30T14:19:04Z,2026-06-30T14:19:04Z
POST,/auth/update-profile,"ConnectTimeoutError(<HTTPSConnection(host='tneapredictor-production.up.railway.app', port=443) at 0x1fb86081310>, 'Connection to tneapredictor-production.up.railway.app timed out. (connect timeout=None)')",1,2026-06-30T14:19:45Z,2026-06-30T14:19:45Z
GET,/auth/me,"ConnectTimeoutError(<HTTPSConnection(host='tneapredictor-production.up.railway.app', port=443) at 0x1fb8e066c10>, 'Connection to tneapredictor-production.up.railway.app timed out. (connect timeout=None)')",1,2026-06-30T14:19:41Z,2026-06-30T14:19:41Z
POST,/auth/login [setup],"ConnectTimeoutError(<HTTPSConnection(host='tneapredictor-production.up.railway.app', port=443) at 0x1fb93aab4d0>, 'Connection to tneapredictor-production.up.railway.app timed out. (connect timeout=None)')",1,2026-06-30T14:19:27Z,2026-06-30T14:19:27Z
POST,/auth/login [setup],"ConnectTimeoutError(<HTTPSConnection(host='tneapredictor-production.up.railway.app', port=443) at 0x1fb98187110>, 'Connection to tneapredictor-production.up.railway.app timed out. (connect timeout=None)')",1,2026-06-30T14:19:28Z,2026-06-30T14:19:28Z
GET,/auth/me,"ConnectTimeoutError(<HTTPSConnection(host='tneapredictor-production.up.railway.app', port=443) at 0x1fbf896afd0>, 'Connection to tneapredictor-production.up.railway.app timed out. (connect timeout=None)')",1,2026-06-30T14:19:40Z,2026-06-30T14:19:40Z
POST,/auth/login [setup],"ConnectTimeoutError(<HTTPSConnection(host='tneapredictor-production.up.railway.app', port=443) at 0x1fbf9f4f110>, 'Connection to tneapredictor-production.up.railway.app timed out. (connect timeout=None)')",1,2026-06-30T14:19:06Z,2026-06-30T14:19:06Z
POST,/auth/update-profile,"ConnectTimeoutError(<HTTPSConnection(host='tneapredictor-production.up.railway.app', port=443) at 0x1fb84fc3110>, 'Connection to tneapredictor-production.up.railway.app timed out. (connect timeout=None)')",1,2026-06-30T14:19:47Z,2026-06-30T14:19:47Z
POST,/auth/login [setup],"ConnectTimeoutError(<HTTPSConnection(host='tneapredictor-production.up.railway.app', port=443) at 0x1fb981fa850>, 'Connection to tneapredictor-production.up.railway.app timed out. (connect timeout=None)')",1,2026-06-30T14:19:28Z,2026-06-30T14:19:28Z
POST,/predict/colleges [premium],"ConnectTimeoutError(<HTTPSConnection(host='tneapredictor-production.up.railway.app', port=443) at 0x1fb9bed3890>, 'Connection to tneapredictor-production.up.railway.app timed out. (connect timeout=None)')",1,2026-06-30T14:19:42Z,2026-06-30T14:19:42Z
POST,/predict/colleges [premium],"ConnectTimeoutError(<HTTPSConnection(host='tneapredictor-production.up.railway.app', port=443) at 0x1fb889f4f50>, 'Connection to tneapredictor-production.up.railway.app timed out. (connect timeout=None)')",1,2026-06-30T14:19:41Z,2026-06-30T14:19:41Z
GET,/auth/me,"ConnectTimeoutError(<HTTPSConnection(host='tneapredictor-production.up.railway.app', port=443) at 0x1fb81ac87d0>, 'Connection to tneapredictor-production.up.railway.app timed out. (connect timeout=None)')",1,2026-06-30T14:19:40Z,2026-06-30T14:19:40Z
POST,/auth/update-profile,"ConnectTimeoutError(<HTTPSConnection(host='tneapredictor-production.up.railway.app', port=443) at 0x1fb8b732350>, 'Connection to tneapredictor-production.up.railway.app timed out. (connect timeout=None)')",1,2026-06-30T14:19:42Z,2026-06-30T14:19:42Z
POST,/payment/create-order,"ConnectTimeoutError(<HTTPSConnection(host='tneapredictor-production.up.railway.app', port=443) at 0x1fb8bf64550>, 'Connection to tneapredictor-production.up.railway.app timed out. (connect timeout=None)')",1,2026-06-30T14:19:41Z,2026-06-30T14:19:41Z
POST,/auth/login [setup],"ConnectTimeoutError(<HTTPSConnection(host='tneapredictor-production.up.railway.app', port=443) at 0x1fb864b0cd0>, 'Connection to tneapredictor-production.up.railway.app timed out. (connect timeout=None)')",1,2026-06-30T14:19:19Z,2026-06-30T14:19:19Z
POST,/predict/colleges [auth],"ConnectTimeoutError(<HTTPSConnection(host='tneapredictor-production.up.railway.app', port=443) at 0x1fb86100550>, 'Connection to tneapredictor-production.up.railway.app timed out. (connect timeout=None)')",1,2026-06-30T14:19:45Z,2026-06-30T14:19:45Z
POST,/auth/login [setup],"ConnectTimeoutError(<HTTPSConnection(host='tneapredictor-production.up.railway.app', port=443) at 0x1fbefd87c50>, 'Connection to tneapredictor-production.up.railway.app timed out. (connect timeout=None)')",1,2026-06-30T14:19:04Z,2026-06-30T14:19:04Z
POST,/auth/login [setup],"ConnectTimeoutError(<HTTPSConnection(host='tneapredictor-production.up.railway.app', port=443) at 0x1fb960dc410>, 'Connection to tneapredictor-production.up.railway.app timed out. (connect timeout=None)')",1,2026-06-30T14:19:28Z,2026-06-30T14:19:28Z
POST,/auth/login [setup],"ConnectTimeoutError(<HTTPSConnection(host='tneapredictor-production.up.railway.app', port=443) at 0x1fb89670690>, 'Connection to tneapredictor-production.up.railway.app timed out. (connect timeout=None)')",1,2026-06-30T14:19:20Z,2026-06-30T14:19:20Z
POST,/predict/colleges [premium],"ConnectTimeoutError(<HTTPSConnection(host='tneapredictor-production.up.railway.app', port=443) at 0x1fbf4ba16d0>, 'Connection to tneapredictor-production.up.railway.app timed out. (connect timeout=None)')",1,2026-06-30T14:19:28Z,2026-06-30T14:19:28Z
POST,/auth/login [setup],"ConnectTimeoutError(<HTTPSConnection(host='tneapredictor-production.up.railway.app', port=443) at 0x1fbf05dbed0>, 'Connection to tneapredictor-production.up.railway.app timed out. (connect timeout=None)')",1,2026-06-30T14:19:04Z,2026-06-30T14:19:04Z
POST,/auth/login [setup],"ConnectTimeoutError(<HTTPSConnection(host='tneapredictor-production.up.railway.app', port=443) at 0x1fb93f5d590>, 'Connection to tneapredictor-production.up.railway.app timed out. (connect timeout=None)')",1,2026-06-30T14:19:27Z,2026-06-30T14:19:27Z
POST,/auth/login [setup],"ConnectTimeoutError(<HTTPSConnection(host='tneapredictor-production.up.railway.app', port=443) at 0x1fb9649afd0>, 'Connection to tneapredictor-production.up.railway.app timed out. (connect timeout=None)')",1,2026-06-30T14:19:28Z,2026-06-30T14:19:28Z
POST,/auth/login [setup],"ConnectTimeoutError(<HTTPSConnection(host='tneapredictor-production.up.railway.app', port=443) at 0x1fb978f9310>, 'Connection to tneapredictor-production.up.railway.app timed out. (connect timeout=None)')",1,2026-06-30T14:19:28Z,2026-06-30T14:19:28Z
POST,/auth/login [setup],"ConnectTimeoutError(<HTTPSConnection(host='tneapredictor-production.up.railway.app', port=443) at 0x1fb96516490>, 'Connection to tneapredictor-production.up.railway.app timed out. (connect timeout=None)')",1,2026-06-30T14:19:28Z,2026-06-30T14:19:28Z
POST,/auth/login [setup],"ConnectTimeoutError(<HTTPSConnection(host='tneapredictor-production.up.railway.app', port=443) at 0x1fb9baa2ad0>, 'Connection to tneapredictor-production.up.railway.app timed out. (connect timeout=None)')",1,2026-06-30T14:19:28Z,2026-06-30T14:19:28Z
POST,/auth/login [setup],"ConnectTimeoutError(<HTTPSConnection(host='tneapredictor-production.up.railway.app', port=443) at 0x1fb9bb23110>, 'Connection to tneapredictor-production.up.railway.app timed out. (connect timeout=None)')",1,2026-06-30T14:19:28Z,2026-06-30T14:19:28Z
POST,/auth/login [setup],"ConnectTimeoutError(<HTTPSConnection(host='tneapredictor-production.up.railway.app', port=443) at 0x1fbfcc9d810>, 'Connection to tneapredictor-production.up.railway.app timed out. (connect timeout=None)')",1,2026-06-30T14:19:07Z,2026-06-30T14:19:07Z
POST,/predict/colleges [premium],"ConnectTimeoutError(<HTTPSConnection(host='tneapredictor-production.up.railway.app', port=443) at 0x1fb8d0325d0>, 'Connection to tneapredictor-production.up.railway.app timed out. (connect timeout=None)')",1,2026-06-30T14:19:41Z,2026-06-30T14:19:41Z
POST,/auth/login [setup],"ConnectTimeoutError(<HTTPSConnection(host='tneapredictor-production.up.railway.app', port=443) at 0x1fb9502d810>, 'Connection to tneapredictor-production.up.railway.app timed out. (connect timeout=None)')",1,2026-06-30T14:19:27Z,2026-06-30T14:19:27Z
POST,/auth/login [setup],"ConnectTimeoutError(<HTTPSConnection(host='tneapredictor-production.up.railway.app', port=443) at 0x1fb94390190>, 'Connection to tneapredictor-production.up.railway.app timed out. (connect timeout=None)')",1,2026-06-30T14:19:27Z,2026-06-30T14:19:27Z
POST,/predict/colleges [premium],"ConnectTimeoutError(<HTTPSConnection(host='tneapredictor-production.up.railway.app', port=443) at 0x1fb91a24190>, 'Connection to tneapredictor-production.up.railway.app timed out. (connect timeout=None)')",1,2026-06-30T14:19:42Z,2026-06-30T14:19:42Z
POST,/auth/login [setup],"ConnectTimeoutError(<HTTPSConnection(host='tneapredictor-production.up.railway.app', port=443) at 0x1fb94b70550>, 'Connection to tneapredictor-production.up.railway.app timed out. (connect timeout=None)')",1,2026-06-30T14:19:27Z,2026-06-30T14:19:27Z
POST,/auth/login [setup],"ConnectTimeoutError(<HTTPSConnection(host='tneapredictor-production.up.railway.app', port=443) at 0x1fb8beeb9d0>, 'Connection to tneapredictor-production.up.railway.app timed out. (connect timeout=None)')",1,2026-06-30T14:19:20Z,2026-06-30T14:19:20Z
POST,/predict/colleges [premium],"ConnectTimeoutError(<HTTPSConnection(host='tneapredictor-production.up.railway.app', port=443) at 0x1fb80e27750>, 'Connection to tneapredictor-production.up.railway.app timed out. (connect timeout=None)')",1,2026-06-30T14:19:40Z,2026-06-30T14:19:40Z
POST,/payment/create-order,"ConnectTimeoutError(<HTTPSConnection(host='tneapredictor-production.up.railway.app', port=443) at 0x1fb8c7bf9d0>, 'Connection to tneapredictor-production.up.railway.app timed out. (connect timeout=None)')",1,2026-06-30T14:19:41Z,2026-06-30T14:19:41Z
POST,/auth/login [setup],"ConnectTimeoutError(<HTTPSConnection(host='tneapredictor-production.up.railway.app', port=443) at 0x1fb99228b90>, 'Connection to tneapredictor-production.up.railway.app timed out. (connect timeout=None)')",1,2026-06-30T14:19:28Z,2026-06-30T14:19:28Z
POST,/payment/create-order,"ConnectTimeoutError(<HTTPSConnection(host='tneapredictor-production.up.railway.app', port=443) at 0x1fb8f9207d0>, 'Connection to tneapredictor-production.up.railway.app timed out. (connect timeout=None)')",1,2026-06-30T14:19:41Z,2026-06-30T14:19:41Z
POST,/auth/login [setup],"ConnectTimeoutError(<HTTPSConnection(host='tneapredictor-production.up.railway.app', port=443) at 0x1fbe4ba4e10>, 'Connection to tneapredictor-production.up.railway.app timed out. (connect timeout=None)')",1,2026-06-30T14:19:04Z,2026-06-30T14:19:04Z
POST,/payment/create-order,"ConnectTimeoutError(<HTTPSConnection(host='tneapredictor-production.up.railway.app', port=443) at 0x1fb960de350>, 'Connection to tneapredictor-production.up.railway.app timed out. (connect timeout=None)')",1,2026-06-30T14:19:42Z,2026-06-30T14:19:42Z
POST,/auth/login [setup],"ConnectTimeoutError(<HTTPSConnection(host='tneapredictor-production.up.railway.app', port=443) at 0x1fb95429590>, 'Connection to tneapredictor-production.up.railway.app timed out. (connect timeout=None)')",1,2026-06-30T14:19:27Z,2026-06-30T14:19:27Z
POST,/auth/login [setup],"ConnectTimeoutError(<HTTPSConnection(host='tneapredictor-production.up.railway.app', port=443) at 0x1fb99229d10>, 'Connection to tneapredictor-production.up.railway.app timed out. (connect timeout=None)')",1,2026-06-30T14:19:28Z,2026-06-30T14:19:28Z
POST,/auth/login [setup],"ConnectTimeoutError(<HTTPSConnection(host='tneapredictor-production.up.railway.app', port=443) at 0x1fb91ed0190>, 'Connection to tneapredictor-production.up.railway.app timed out. (connect timeout=None)')",1,2026-06-30T14:19:27Z,2026-06-30T14:19:27Z
POST,/auth/login [setup],"ConnectTimeoutError(<HTTPSConnection(host='tneapredictor-production.up.railway.app', port=443) at 0x1fbe9f7dd10>, 'Connection to tneapredictor-production.up.railway.app timed out. (connect timeout=None)')",1,2026-06-30T14:19:04Z,2026-06-30T14:19:04Z
POST,/auth/login [setup],"ConnectTimeoutError(<HTTPSConnection(host='tneapredictor-production.up.railway.app', port=443) at 0x1fb891c7ed0>, 'Connection to tneapredictor-production.up.railway.app timed out. (connect timeout=None)')",1,2026-06-30T14:19:20Z,2026-06-30T14:19:20Z
POST,/predict/colleges [premium],"ConnectTimeoutError(<HTTPSConnection(host='tneapredictor-production.up.railway.app', port=443) at 0x1fb9baa0e10>, 'Connection to tneapredictor-production.up.railway.app timed out. (connect timeout=None)')",1,2026-06-30T14:19:42Z,2026-06-30T14:19:42Z
POST,/payment/create-order,"ConnectTimeoutError(<HTTPSConnection(host='tneapredictor-production.up.railway.app', port=443) at 0x1fb89e59a90>, 'Connection to tneapredictor-production.up.railway.app timed out. (connect timeout=None)')",1,2026-06-30T14:19:42Z,2026-06-30T14:19:42Z
POST,/auth/login [setup],"ConnectTimeoutError(<HTTPSConnection(host='tneapredictor-production.up.railway.app', port=443) at 0x1fb90a5efd0>, 'Connection to tneapredictor-production.up.railway.app timed out. (connect timeout=None)')",1,2026-06-30T14:19:26Z,2026-06-30T14:19:26Z
POST,/auth/login [setup],"ConnectTimeoutError(<HTTPSConnection(host='tneapredictor-production.up.railway.app', port=443) at 0x1fb91ed1d10>, 'Connection to tneapredictor-production.up.railway.app timed out. (connect timeout=None)')",1,2026-06-30T14:19:27Z,2026-06-30T14:19:27Z
POST,/predict/rank [guest],"ConnectionResetError(10054, 'An existing connection was forcibly closed by the remote host', None, 10054, None)",1,2026-06-30T14:18:47Z,2026-06-30T14:18:47Z
POST,/predict/colleges [premium],"ConnectTimeoutError(<HTTPSConnection(host='tneapredictor-production.up.railway.app', port=443) at 0x1fb892439d0>, 'Connection to tneapredictor-production.up.railway.app timed out. (connect timeout=None)')",1,2026-06-30T14:19:41Z,2026-06-30T14:19:41Z
GET,/auth/me,"ConnectTimeoutError(<HTTPSConnection(host='tneapredictor-production.up.railway.app', port=443) at 0x1fbf81225d0>, 'Connection to tneapredictor-production.up.railway.app timed out. (connect timeout=None)')",1,2026-06-30T14:19:40Z,2026-06-30T14:19:40Z
POST,/auth/login [setup],"ConnectTimeoutError(<HTTPSConnection(host='tneapredictor-production.up.railway.app', port=443) at 0x1fb94391590>, 'Connection to tneapredictor-production.up.railway.app timed out. (connect timeout=None)')",1,2026-06-30T14:19:27Z,2026-06-30T14:19:27Z
POST,/auth/login [setup],"ConnectTimeoutError(<HTTPSConnection(host='tneapredictor-production.up.railway.app', port=443) at 0x1fbf9f4c190>, 'Connection to tneapredictor-production.up.railway.app timed out. (connect timeout=None)')",1,2026-06-30T14:19:06Z,2026-06-30T14:19:06Z
POST,/auth/login [setup],"ConnectTimeoutError(<HTTPSConnection(host='tneapredictor-production.up.railway.app', port=443) at 0x1fb953c0550>, 'Connection to tneapredictor-production.up.railway.app timed out. (connect timeout=None)')",1,2026-06-30T14:19:27Z,2026-06-30T14:19:27Z
POST,/auth/login [setup],"ConnectTimeoutError(<HTTPSConnection(host='tneapredictor-production.up.railway.app', port=443) at 0x1fb90a5e0d0>, 'Connection to tneapredictor-production.up.railway.app timed out. (connect timeout=None)')",1,2026-06-30T14:19:26Z,2026-06-30T14:19:26Z
POST,/auth/login [setup],"ConnectTimeoutError(<HTTPSConnection(host='tneapredictor-production.up.railway.app', port=443) at 0x1fb99f3a0d0>, 'Connection to tneapredictor-production.up.railway.app timed out. (connect timeout=None)')",1,2026-06-30T14:19:28Z,2026-06-30T14:19:28Z
POST,/auth/login [setup],"ConnectTimeoutError(<HTTPSConnection(host='tneapredictor-production.up.railway.app', port=443) at 0x1fbecfc4910>, 'Connection to tneapredictor-production.up.railway.app timed out. (connect timeout=None)')",1,2026-06-30T14:19:04Z,2026-06-30T14:19:04Z
POST,/auth/login [setup],"ConnectTimeoutError(<HTTPSConnection(host='tneapredictor-production.up.railway.app', port=443) at 0x1fb99661d10>, 'Connection to tneapredictor-production.up.railway.app timed out. (connect timeout=None)')",1,2026-06-30T14:19:28Z,2026-06-30T14:19:28Z
POST,/auth/login [setup],"ConnectTimeoutError(<HTTPSConnection(host='tneapredictor-production.up.railway.app', port=443) at 0x1fbf3b55bd0>, 'Connection to tneapredictor-production.up.railway.app timed out. (connect timeout=None)')",1,2026-06-30T14:19:05Z,2026-06-30T14:19:05Z
POST,/predict/rank [auth],"ConnectTimeoutError(<HTTPSConnection(host='tneapredictor-production.up.railway.app', port=443) at 0x1fb8653bc50>, 'Connection to tneapredictor-production.up.railway.app timed out. (connect timeout=None)')",1,2026-06-30T14:19:44Z,2026-06-30T14:19:44Z
POST,/auth/login [setup],"ConnectTimeoutError(<HTTPSConnection(host='tneapredictor-production.up.railway.app', port=443) at 0x1fb8e4ab9d0>, 'Connection to tneapredictor-production.up.railway.app timed out. (connect timeout=None)')",1,2026-06-30T14:19:21Z,2026-06-30T14:19:21Z
POST,/auth/login [setup],"ConnectTimeoutError(<HTTPSConnection(host='tneapredictor-production.up.railway.app', port=443) at 0x1fb981fbc50>, 'Connection to tneapredictor-production.up.railway.app timed out. (connect timeout=None)')",1,2026-06-30T14:19:28Z,2026-06-30T14:19:28Z
POST,/auth/login [setup],"ConnectTimeoutError(<HTTPSConnection(host='tneapredictor-production.up.railway.app', port=443) at 0x1fb9bed3ed0>, 'Connection to tneapredictor-production.up.railway.app timed out. (connect timeout=None)')",1,2026-06-30T14:19:28Z,2026-06-30T14:19:28Z
POST,/auth/login [setup],"ConnectTimeoutError(<HTTPSConnection(host='tneapredictor-production.up.railway.app', port=443) at 0x1fb99a13c50>, 'Connection to tneapredictor-production.up.railway.app timed out. (connect timeout=None)')",1,2026-06-30T14:19:28Z,2026-06-30T14:19:28Z
POST,/predict/colleges [premium],"ConnectTimeoutError(<HTTPSConnection(host='tneapredictor-production.up.railway.app', port=443) at 0x1fb89240cd0>, 'Connection to tneapredictor-production.up.railway.app timed out. (connect timeout=None)')",1,2026-06-30T14:19:42Z,2026-06-30T14:19:42Z
POST,/auth/login [setup],"ConnectTimeoutError(<HTTPSConnection(host='tneapredictor-production.up.railway.app', port=443) at 0x1fbf5ccb250>, 'Connection to tneapredictor-production.up.railway.app timed out. (connect timeout=None)')",1,2026-06-30T14:19:05Z,2026-06-30T14:19:05Z
POST,/auth/login [setup],"ConnectTimeoutError(<HTTPSConnection(host='tneapredictor-production.up.railway.app', port=443) at 0x1fbfcc9f890>, 'Connection to tneapredictor-production.up.railway.app timed out. (connect timeout=None)')",1,2026-06-30T14:19:07Z,2026-06-30T14:19:07Z
POST,/predict/colleges [premium],"ConnectTimeoutError(<HTTPSConnection(host='tneapredictor-production.up.railway.app', port=443) at 0x1fb89e58690>, 'Connection to tneapredictor-production.up.railway.app timed out. (connect timeout=None)')",1,2026-06-30T14:19:42Z,2026-06-30T14:19:42Z
POST,/predict/colleges [premium],"ConnectTimeoutError(<HTTPSConnection(host='tneapredictor-production.up.railway.app', port=443) at 0x1fbf0a0ce10>, 'Connection to tneapredictor-production.up.railway.app timed out. (connect timeout=None)')",1,2026-06-30T14:19:28Z,2026-06-30T14:19:28Z
POST,/predict/colleges [premium],"ConnectTimeoutError(<HTTPSConnection(host='tneapredictor-production.up.railway.app', port=443) at 0x1fb88df34d0>, 'Connection to tneapredictor-production.up.railway.app timed out. (connect timeout=None)')",1,2026-06-30T14:19:41Z,2026-06-30T14:19:41Z
POST,/auth/login [setup],"ConnectTimeoutError(<HTTPSConnection(host='tneapredictor-production.up.railway.app', port=443) at 0x1fbf3b55450>, 'Connection to tneapredictor-production.up.railway.app timed out. (connect timeout=None)')",1,2026-06-30T14:19:05Z,2026-06-30T14:19:05Z
POST,/auth/login [setup],"ConnectTimeoutError(<HTTPSConnection(host='tneapredictor-production.up.railway.app', port=443) at 0x1fb958f7250>, 'Connection to tneapredictor-production.up.railway.app timed out. (connect timeout=None)')",1,2026-06-30T14:19:28Z,2026-06-30T14:19:28Z
POST,/auth/update-profile,"ConnectTimeoutError(<HTTPSConnection(host='tneapredictor-production.up.railway.app', port=443) at 0x1fb89671450>, 'Connection to tneapredictor-production.up.railway.app timed out. (connect timeout=None)')",1,2026-06-30T14:19:27Z,2026-06-30T14:19:27Z
POST,/auth/login [setup],"ConnectTimeoutError(<HTTPSConnection(host='tneapredictor-production.up.railway.app', port=443) at 0x1fb8d0ad6d0>, 'Connection to tneapredictor-production.up.railway.app timed out. (connect timeout=None)')",1,2026-06-30T14:19:21Z,2026-06-30T14:19:21Z
POST,/auth/login [setup],"ConnectTimeoutError(<HTTPSConnection(host='tneapredictor-production.up.railway.app', port=443) at 0x1fb92302990>, 'Connection to tneapredictor-production.up.railway.app timed out. (connect timeout=None)')",1,2026-06-30T14:19:27Z,2026-06-30T14:19:27Z
GET,/auth/me,"ConnectTimeoutError(<HTTPSConnection(host='tneapredictor-production.up.railway.app', port=443) at 0x1fbe22c2fd0>, 'Connection to tneapredictor-production.up.railway.app timed out. (connect timeout=None)')",1,2026-06-30T14:19:39Z,2026-06-30T14:19:39Z
POST,/auth/login [setup],"ConnectTimeoutError(<HTTPSConnection(host='tneapredictor-production.up.railway.app', port=443) at 0x1fb94310050>, 'Connection to tneapredictor-production.up.railway.app timed out. (connect timeout=None)')",1,2026-06-30T14:19:27Z,2026-06-30T14:19:27Z
POST,/auth/login [setup],"ConnectTimeoutError(<HTTPSConnection(host='tneapredictor-production.up.railway.app', port=443) at 0x1fb922879d0>, 'Connection to tneapredictor-production.up.railway.app timed out. (connect timeout=None)')",1,2026-06-30T14:19:27Z,2026-06-30T14:19:27Z
POST,/auth/login [setup],"ConnectTimeoutError(<HTTPSConnection(host='tneapredictor-production.up.railway.app', port=443) at 0x1fbfc763110>, 'Connection to tneapredictor-production.up.railway.app timed out. (connect timeout=None)')",1,2026-06-30T14:19:07Z,2026-06-30T14:19:07Z
POST,/predict/colleges [premium],"ConnectTimeoutError(<HTTPSConnection(host='tneapredictor-production.up.railway.app', port=443) at 0x1fb8fd73750>, 'Connection to tneapredictor-production.up.railway.app timed out. (connect timeout=None)')",1,2026-06-30T14:19:41Z,2026-06-30T14:19:41Z
POST,/auth/login [setup],"ConnectTimeoutError(<HTTPSConnection(host='tneapredictor-production.up.railway.app', port=443) at 0x1fb9017c690>, 'Connection to tneapredictor-production.up.railway.app timed out. (connect timeout=None)')",1,2026-06-30T14:19:21Z,2026-06-30T14:19:21Z
POST,/auth/login [setup],"ConnectTimeoutError(<HTTPSConnection(host='tneapredictor-production.up.railway.app', port=443) at 0x1fb9bed1e50>, 'Connection to tneapredictor-production.up.railway.app timed out. (connect timeout=None)')",1,2026-06-30T14:19:28Z,2026-06-30T14:19:28Z
GET,/auth/me,"ConnectTimeoutError(<HTTPSConnection(host='tneapredictor-production.up.railway.app', port=443) at 0x1fb8d0af610>, 'Connection to tneapredictor-production.up.railway.app timed out. (connect timeout=None)')",1,2026-06-30T14:19:40Z,2026-06-30T14:19:40Z
POST,/auth/login [setup],"ConnectTimeoutError(<HTTPSConnection(host='tneapredictor-production.up.railway.app', port=443) at 0x1fb8fd72210>, 'Connection to tneapredictor-production.up.railway.app timed out. (connect timeout=None)')",1,2026-06-30T14:19:21Z,2026-06-30T14:19:21Z
POST,/auth/login [setup],"ConnectTimeoutError(<HTTPSConnection(host='tneapredictor-production.up.railway.app', port=443) at 0x1fb99a90190>, 'Connection to tneapredictor-production.up.railway.app timed out. (connect timeout=None)')",1,2026-06-30T14:19:28Z,2026-06-30T14:19:28Z
POST,/auth/login [setup],"ConnectTimeoutError(<HTTPSConnection(host='tneapredictor-production.up.railway.app', port=443) at 0x1fbfbf86850>, 'Connection to tneapredictor-production.up.railway.app timed out. (connect timeout=None)')",1,2026-06-30T14:19:07Z,2026-06-30T14:19:07Z
POST,/auth/login [setup],"ConnectTimeoutError(<HTTPSConnection(host='tneapredictor-production.up.railway.app', port=443) at 0x1fb978fb390>, 'Connection to tneapredictor-production.up.railway.app timed out. (connect timeout=None)')",1,2026-06-30T14:19:28Z,2026-06-30T14:19:28Z
POST,/auth/login [setup],"ConnectTimeoutError(<HTTPSConnection(host='tneapredictor-production.up.railway.app', port=443) at 0x1fb91aaac10>, 'Connection to tneapredictor-production.up.railway.app timed out. (connect timeout=None)')",1,2026-06-30T14:19:27Z,2026-06-30T14:19:27Z
POST,/auth/update-profile,"ConnectTimeoutError(<HTTPSConnection(host='tneapredictor-production.up.railway.app', port=443) at 0x1fb8e4aa210>, 'Connection to tneapredictor-production.up.railway.app timed out. (connect timeout=None)')",1,2026-06-30T14:19:41Z,2026-06-30T14:19:41Z
POST,/auth/login [setup],"ConnectTimeoutError(<HTTPSConnection(host='tneapredictor-production.up.railway.app', port=443) at 0x1fb943120d0>, 'Connection to tneapredictor-production.up.railway.app timed out. (connect timeout=None)')",1,2026-06-30T14:19:27Z,2026-06-30T14:19:27Z
POST,/auth/login [setup],"ConnectTimeoutError(<HTTPSConnection(host='tneapredictor-production.up.railway.app', port=443) at 0x1fb8bfda5d0>, 'Connection to tneapredictor-production.up.railway.app timed out. (connect timeout=None)')",1,2026-06-30T14:19:20Z,2026-06-30T14:19:20Z
POST,/predict/colleges [premium],"ConnectTimeoutError(<HTTPSConnection(host='tneapredictor-production.up.railway.app', port=443) at 0x1fb88d7dd10>, 'Connection to tneapredictor-production.up.railway.app timed out. (connect timeout=None)')",1,2026-06-30T14:19:42Z,2026-06-30T14:19:42Z
POST,/auth/login [setup],"ConnectTimeoutError(<HTTPSConnection(host='tneapredictor-production.up.railway.app', port=443) at 0x1fbe164cb90>, 'Connection to tneapredictor-production.up.railway.app timed out. (connect timeout=None)')",1,2026-06-30T14:19:04Z,2026-06-30T14:19:04Z
POST,/auth/login [setup],"ConnectTimeoutError(<HTTPSConnection(host='tneapredictor-production.up.railway.app', port=443) at 0x1fb96062350>, 'Connection to tneapredictor-production.up.railway.app timed out. (connect timeout=None)')",1,2026-06-30T14:19:28Z,2026-06-30T14:19:28Z
POST,/auth/login [setup],"ConnectTimeoutError(<HTTPSConnection(host='tneapredictor-production.up.railway.app', port=443) at 0x1fb90e8c2d0>, 'Connection to tneapredictor-production.up.railway.app timed out. (connect timeout=None)')",1,2026-06-30T14:19:26Z,2026-06-30T14:19:26Z
POST,/auth/login [setup],"ConnectTimeoutError(<HTTPSConnection(host='tneapredictor-production.up.railway.app', port=443) at 0x1fb9649a350>, 'Connection to tneapredictor-production.up.railway.app timed out. (connect timeout=None)')",1,2026-06-30T14:19:28Z,2026-06-30T14:19:28Z
POST,/auth/login [setup],"ConnectTimeoutError(<HTTPSConnection(host='tneapredictor-production.up.railway.app', port=443) at 0x1fb8a315310>, 'Connection to tneapredictor-production.up.railway.app timed out. (connect timeout=None)')",1,2026-06-30T14:19:20Z,2026-06-30T14:19:20Z
GET,/auth/me,"ConnectTimeoutError(<HTTPSConnection(host='tneapredictor-production.up.railway.app', port=443) at 0x1fb89672350>, 'Connection to tneapredictor-production.up.railway.app timed out. (connect timeout=None)')",1,2026-06-30T14:19:27Z,2026-06-30T14:19:27Z
POST,/payment/create-order,"ConnectTimeoutError(<HTTPSConnection(host='tneapredictor-production.up.railway.app', port=443) at 0x1fb87cd9f90>, 'Connection to tneapredictor-production.up.railway.app timed out. (connect timeout=None)')",1,2026-06-30T14:19:41Z,2026-06-30T14:19:41Z
POST,/auth/login [setup],"ConnectTimeoutError(<HTTPSConnection(host='tneapredictor-production.up.railway.app', port=443) at 0x1fbe899d590>, 'Connection to tneapredictor-production.up.railway.app timed out. (connect timeout=None)')",1,2026-06-30T14:19:04Z,2026-06-30T14:19:04Z
POST,/predict/colleges [premium],"ConnectTimeoutError(<HTTPSConnection(host='tneapredictor-production.up.railway.app', port=443) at 0x1fb8d815a90>, 'Connection to tneapredictor-production.up.railway.app timed out. (connect timeout=None)')",1,2026-06-30T14:19:41Z,2026-06-30T14:19:41Z
POST,/predict/colleges [premium],"ConnectTimeoutError(<HTTPSConnection(host='tneapredictor-production.up.railway.app', port=443) at 0x1fbf4ba1bd0>, 'Connection to tneapredictor-production.up.railway.app timed out. (connect timeout=None)')",1,2026-06-30T14:19:28Z,2026-06-30T14:19:28Z
POST,/auth/login [setup],"ConnectTimeoutError(<HTTPSConnection(host='tneapredictor-production.up.railway.app', port=443) at 0x1fb9a6abc50>, 'Connection to tneapredictor-production.up.railway.app timed out. (connect timeout=None)')",1,2026-06-30T14:19:28Z,2026-06-30T14:19:28Z
POST,/auth/login [setup],"ConnectTimeoutError(<HTTPSConnection(host='tneapredictor-production.up.railway.app', port=443) at 0x1fb93f5ec10>, 'Connection to tneapredictor-production.up.railway.app timed out. (connect timeout=None)')",1,2026-06-30T14:19:27Z,2026-06-30T14:19:27Z
GET,/auth/me,"ConnectTimeoutError(<HTTPSConnection(host='tneapredictor-production.up.railway.app', port=443) at 0x1fb847e7250>, 'Connection to tneapredictor-production.up.railway.app timed out. (connect timeout=None)')",1,2026-06-30T14:19:49Z,2026-06-30T14:19:49Z
POST,/auth/login [setup],"ConnectTimeoutError(<HTTPSConnection(host='tneapredictor-production.up.railway.app', port=443) at 0x1fb92300b90>, 'Connection to tneapredictor-production.up.railway.app timed out. (connect timeout=None)')",1,2026-06-30T14:19:27Z,2026-06-30T14:19:27Z
POST,/auth/login [setup],"ConnectTimeoutError(<HTTPSConnection(host='tneapredictor-production.up.railway.app', port=443) at 0x1fb91aa9f90>, 'Connection to tneapredictor-production.up.railway.app timed out. (connect timeout=None)')",1,2026-06-30T14:19:27Z,2026-06-30T14:19:27Z
POST,/predict/colleges [guest],HTTPError('429 Client Error: Too Many Requests for url: /predict/colleges [guest]'),5789,2026-06-30T14:18:39Z,2026-06-30T14:20:36Z
GET,/auth/me,"ConnectTimeoutError(<HTTPSConnection(host='tneapredictor-production.up.railway.app', port=443) at 0x1fb97884410>, 'Connection to tneapredictor-production.up.railway.app timed out. (connect timeout=None)')",1,2026-06-30T14:19:42Z,2026-06-30T14:19:42Z
GET,/auth/me,"ConnectTimeoutError(<HTTPSConnection(host='tneapredictor-production.up.railway.app', port=443) at 0x1fb9922b250>, 'Connection to tneapredictor-production.up.railway.app timed out. (connect timeout=None)')",1,2026-06-30T14:19:42Z,2026-06-30T14:19:42Z
GET,/auth/me,"ConnectTimeoutError(<HTTPSConnection(host='tneapredictor-production.up.railway.app', port=443) at 0x1fb8fd70a50>, 'Connection to tneapredictor-production.up.railway.app timed out. (connect timeout=None)')",1,2026-06-30T14:19:40Z,2026-06-30T14:19:40Z
GET,/auth/me,"ConnectTimeoutError(<HTTPSConnection(host='tneapredictor-production.up.railway.app', port=443) at 0x1fb8bb3ead0>, 'Connection to tneapredictor-production.up.railway.app timed out. (connect timeout=None)')",1,2026-06-30T14:19:41Z,2026-06-30T14:19:41Z
POST,/predict/colleges [premium],"ConnectTimeoutError(<HTTPSConnection(host='tneapredictor-production.up.railway.app', port=443) at 0x1fb864b2c10>, 'Connection to tneapredictor-production.up.railway.app timed out. (connect timeout=None)')",1,2026-06-30T14:19:43Z,2026-06-30T14:19:43Z
POST,/auth/login [setup],"ConnectTimeoutError(<HTTPSConnection(host='tneapredictor-production.up.railway.app', port=443) at 0x1fb989ef390>, 'Connection to tneapredictor-production.up.railway.app timed out. (connect timeout=None)')",1,2026-06-30T14:19:28Z,2026-06-30T14:19:28Z
POST,/auth/login [setup],"ConnectTimeoutError(<HTTPSConnection(host='tneapredictor-production.up.railway.app', port=443) at 0x1fb943102d0>, 'Connection to tneapredictor-production.up.railway.app timed out. (connect timeout=None)')",1,2026-06-30T14:19:27Z,2026-06-30T14:19:27Z
GET,/auth/me,"ConnectTimeoutError(<HTTPSConnection(host='tneapredictor-production.up.railway.app', port=443) at 0x1fb8f99a990>, 'Connection to tneapredictor-production.up.railway.app timed out. (connect timeout=None)')",1,2026-06-30T14:19:41Z,2026-06-30T14:19:41Z
POST,/auth/update-profile,"ConnectTimeoutError(<HTTPSConnection(host='tneapredictor-production.up.railway.app', port=443) at 0x1fb8793ccd0>, 'Connection to tneapredictor-production.up.railway.app timed out. (connect timeout=None)')",1,2026-06-30T14:19:41Z,2026-06-30T14:19:41Z
POST,/auth/login [setup],"ConnectTimeoutError(<HTTPSConnection(host='tneapredictor-production.up.railway.app', port=443) at 0x1fbf9ee0a50>, 'Connection to tneapredictor-production.up.railway.app timed out. (connect timeout=None)')",1,2026-06-30T14:19:06Z,2026-06-30T14:19:06Z
POST,/auth/login [setup],"ConnectTimeoutError(<HTTPSConnection(host='tneapredictor-production.up.railway.app', port=443) at 0x1fb94390b90>, 'Connection to tneapredictor-production.up.railway.app timed out. (connect timeout=None)')",1,2026-06-30T14:19:27Z,2026-06-30T14:19:27Z
POST,/predict/colleges [premium],"ConnectTimeoutError(<HTTPSConnection(host='tneapredictor-production.up.railway.app', port=443) at 0x1fb90106e90>, 'Connection to tneapredictor-production.up.railway.app timed out. (connect timeout=None)')",1,2026-06-30T14:19:41Z,2026-06-30T14:19:41Z
POST,/auth/login [setup],"ConnectTimeoutError(<HTTPSConnection(host='tneapredictor-production.up.railway.app', port=443) at 0x1fb98187610>, 'Connection to tneapredictor-production.up.railway.app timed out. (connect timeout=None)')",1,2026-06-30T14:19:28Z,2026-06-30T14:19:28Z
POST,/payment/create-order,"ConnectTimeoutError(<HTTPSConnection(host='tneapredictor-production.up.railway.app', port=443) at 0x1fb8bf656d0>, 'Connection to tneapredictor-production.up.railway.app timed out. (connect timeout=None)')",1,2026-06-30T14:19:27Z,2026-06-30T14:19:27Z
POST,/auth/login [setup],"ConnectTimeoutError(<HTTPSConnection(host='tneapredictor-production.up.railway.app', port=443) at 0x1fb99f38f50>, 'Connection to tneapredictor-production.up.railway.app timed out. (connect timeout=None)')",1,2026-06-30T14:19:28Z,2026-06-30T14:19:28Z
POST,/auth/login [setup],"ConnectTimeoutError(<HTTPSConnection(host='tneapredictor-production.up.railway.app', port=443) at 0x1fb8c3b1590>, 'Connection to tneapredictor-production.up.railway.app timed out. (connect timeout=None)')",1,2026-06-30T14:19:20Z,2026-06-30T14:19:20Z
POST,/auth/login [setup],"ConnectTimeoutError(<HTTPSConnection(host='tneapredictor-production.up.railway.app', port=443) at 0x1fb989ec190>, 'Connection to tneapredictor-production.up.railway.app timed out. (connect timeout=None)')",1,2026-06-30T14:19:28Z,2026-06-30T14:19:28Z
POST,/auth/login [setup],"ConnectTimeoutError(<HTTPSConnection(host='tneapredictor-production.up.railway.app', port=443) at 0x1fb885416d0>, 'Connection to tneapredictor-production.up.railway.app timed out. (connect timeout=None)')",1,2026-06-30T14:19:20Z,2026-06-30T14:19:20Z
POST,/auth/login [setup],"ConnectTimeoutError(<HTTPSConnection(host='tneapredictor-production.up.railway.app', port=443) at 0x1fb97885450>, 'Connection to tneapredictor-production.up.railway.app timed out. (connect timeout=None)')",1,2026-06-30T14:19:28Z,2026-06-30T14:19:28Z
POST,/predict/colleges [premium],"ConnectTimeoutError(<HTTPSConnection(host='tneapredictor-production.up.railway.app', port=443) at 0x1fb8e0ebed0>, 'Connection to tneapredictor-production.up.railway.app timed out. (connect timeout=None)')",1,2026-06-30T14:19:41Z,2026-06-30T14:19:41Z
POST,/auth/login [setup],"ConnectTimeoutError(<HTTPSConnection(host='tneapredictor-production.up.railway.app', port=443) at 0x1fb8d0ac550>, 'Connection to tneapredictor-production.up.railway.app timed out. (connect timeout=None)')",1,2026-06-30T14:19:21Z,2026-06-30T14:19:21Z
POST,/predict/colleges [premium],"ConnectTimeoutError(<HTTPSConnection(host='tneapredictor-production.up.railway.app', port=443) at 0x1fb8f99a710>, 'Connection to tneapredictor-production.up.railway.app timed out. (connect timeout=None)')",1,2026-06-30T14:19:41Z,2026-06-30T14:19:41Z
POST,/auth/update-profile,"ConnectTimeoutError(<HTTPSConnection(host='tneapredictor-production.up.railway.app', port=443) at 0x1fb91250a50>, 'Connection to tneapredictor-production.up.railway.app timed out. (connect timeout=None)')",1,2026-06-30T14:19:42Z,2026-06-30T14:19:42Z
POST,/auth/login [setup],"ConnectTimeoutError(<HTTPSConnection(host='tneapredictor-production.up.railway.app', port=443) at 0x1fb8dcd4410>, 'Connection to tneapredictor-production.up.railway.app timed out. (connect timeout=None)')",1,2026-06-30T14:19:21Z,2026-06-30T14:19:21Z
POST,/auth/login [setup],"ConnectTimeoutError(<HTTPSConnection(host='tneapredictor-production.up.railway.app', port=443) at 0x1fb99a90690>, 'Connection to tneapredictor-production.up.railway.app timed out. (connect timeout=None)')",1,2026-06-30T14:19:28Z,2026-06-30T14:19:28Z
POST,/auth/login [setup],"ConnectTimeoutError(<HTTPSConnection(host='tneapredictor-production.up.railway.app', port=443) at 0x1fb978fbb10>, 'Connection to tneapredictor-production.up.railway.app timed out. (connect timeout=None)')",1,2026-06-30T14:19:28Z,2026-06-30T14:19:28Z
POST,/predict/colleges [premium],"ConnectTimeoutError(<HTTPSConnection(host='tneapredictor-production.up.railway.app', port=443) at 0x1fb9bb22d50>, 'Connection to tneapredictor-production.up.railway.app timed out. (connect timeout=None)')",1,2026-06-30T14:19:42Z,2026-06-30T14:19:42Z
POST,/predict/colleges [premium],"ConnectTimeoutError(<HTTPSConnection(host='tneapredictor-production.up.railway.app', port=443) at 0x1fbff89df90>, 'Connection to tneapredictor-production.up.railway.app timed out. (connect timeout=None)')",1,2026-06-30T14:19:40Z,2026-06-30T14:19:40Z
GET,/auth/me,"ConnectTimeoutError(<HTTPSConnection(host='tneapredictor-production.up.railway.app', port=443) at 0x1fbfa75cb90>, 'Connection to tneapredictor-production.up.railway.app timed out. (connect timeout=None)')",1,2026-06-30T14:19:28Z,2026-06-30T14:19:28Z
POST,/auth/login [setup],"ConnectTimeoutError(<HTTPSConnection(host='tneapredictor-production.up.railway.app', port=443) at 0x1fb91a24550>, 'Connection to tneapredictor-production.up.railway.app timed out. (connect timeout=None)')",1,2026-06-30T14:19:27Z,2026-06-30T14:19:27Z
POST,/auth/login [setup],"ConnectTimeoutError(<HTTPSConnection(host='tneapredictor-production.up.railway.app', port=443) at 0x1fb978f9d10>, 'Connection to tneapredictor-production.up.railway.app timed out. (connect timeout=None)')",1,2026-06-30T14:19:28Z,2026-06-30T14:19:28Z
POST,/auth/login [setup],"ConnectTimeoutError(<HTTPSConnection(host='tneapredictor-production.up.railway.app', port=443) at 0x1fb978f8e10>, 'Connection to tneapredictor-production.up.railway.app timed out. (connect timeout=None)')",1,2026-06-30T14:19:28Z,2026-06-30T14:19:28Z
POST,/auth/login [setup],"ConnectTimeoutError(<HTTPSConnection(host='tneapredictor-production.up.railway.app', port=443) at 0x1fb99a107d0>, 'Connection to tneapredictor-production.up.railway.app timed out. (connect timeout=None)')",1,2026-06-30T14:19:28Z,2026-06-30T14:19:28Z
POST,/predict/colleges [premium],"ConnectTimeoutError(<HTTPSConnection(host='tneapredictor-production.up.railway.app', port=443) at 0x1fb80551d10>, 'Connection to tneapredictor-production.up.railway.app timed out. (connect timeout=None)')",1,2026-06-30T14:19:40Z,2026-06-30T14:19:40Z
POST,/auth/login [setup],"ConnectTimeoutError(<HTTPSConnection(host='tneapredictor-production.up.railway.app', port=443) at 0x1fb94b70cd0>, 'Connection to tneapredictor-production.up.railway.app timed out. (connect timeout=None)')",1,2026-06-30T14:19:27Z,2026-06-30T14:19:27Z
POST,/auth/login [setup],"ConnectTimeoutError(<HTTPSConnection(host='tneapredictor-production.up.railway.app', port=443) at 0x1fbfa6da710>, 'Connection to tneapredictor-production.up.railway.app timed out. (connect timeout=None)')",1,2026-06-30T14:19:06Z,2026-06-30T14:19:06Z
POST,/auth/update-profile,"ConnectTimeoutError(<HTTPSConnection(host='tneapredictor-production.up.railway.app', port=443) at 0x1fb8a3179d0>, 'Connection to tneapredictor-production.up.railway.app timed out. (connect timeout=None)')",1,2026-06-30T14:19:41Z,2026-06-30T14:19:41Z
POST,/auth/login [setup],"ConnectTimeoutError(<HTTPSConnection(host='tneapredictor-production.up.railway.app', port=443) at 0x1fb95ce4410>, 'Connection to tneapredictor-production.up.railway.app timed out. (connect timeout=None)')",1,2026-06-30T14:19:28Z,2026-06-30T14:19:28Z
POST,/auth/login [setup],"ConnectTimeoutError(<HTTPSConnection(host='tneapredictor-production.up.railway.app', port=443) at 0x1fb960616d0>, 'Connection to tneapredictor-production.up.railway.app timed out. (connect timeout=None)')",1,2026-06-30T14:19:28Z,2026-06-30T14:19:28Z
POST,/auth/login [setup],"ConnectTimeoutError(<HTTPSConnection(host='tneapredictor-production.up.railway.app', port=443) at 0x1fb98df7b10>, 'Connection to tneapredictor-production.up.railway.app timed out. (connect timeout=None)')",1,2026-06-30T14:19:28Z,2026-06-30T14:19:28Z
POST,/auth/login [setup],"ConnectTimeoutError(<HTTPSConnection(host='tneapredictor-production.up.railway.app', port=443) at 0x1fbf507d6d0>, 'Connection to tneapredictor-production.up.railway.app timed out. (connect timeout=None)')",1,2026-06-30T14:19:05Z,2026-06-30T14:19:05Z
POST,/predict/colleges [premium],"ConnectTimeoutError(<HTTPSConnection(host='tneapredictor-production.up.railway.app', port=443) at 0x1fbfc7ee210>, 'Connection to tneapredictor-production.up.railway.app timed out. (connect timeout=None)')",1,2026-06-30T14:19:40Z,2026-06-30T14:19:40Z
POST,/auth/login [setup],"ConnectTimeoutError(<HTTPSConnection(host='tneapredictor-production.up.railway.app', port=443) at 0x1fb94c6e850>, 'Connection to tneapredictor-production.up.railway.app timed out. (connect timeout=None)')",1,2026-06-30T14:19:27Z,2026-06-30T14:19:27Z
POST,/auth/login [setup],"ConnectTimeoutError(<HTTPSConnection(host='tneapredictor-production.up.railway.app', port=443) at 0x1fb91253110>, 'Connection to tneapredictor-production.up.railway.app timed out. (connect timeout=None)')",1,2026-06-30T14:19:27Z,2026-06-30T14:19:27Z
POST,/auth/login [setup],"ConnectTimeoutError(<HTTPSConnection(host='tneapredictor-production.up.railway.app', port=443) at 0x1fb99a91090>, 'Connection to tneapredictor-production.up.railway.app timed out. (connect timeout=None)')",1,2026-06-30T14:19:28Z,2026-06-30T14:19:28Z
POST,/predict/colleges [premium],"ConnectTimeoutError(<HTTPSConnection(host='tneapredictor-production.up.railway.app', port=443) at 0x1fb8e0ebc50>, 'Connection to tneapredictor-production.up.railway.app timed out. (connect timeout=None)')",1,2026-06-30T14:19:41Z,2026-06-30T14:19:41Z
POST,/auth/login [setup],"ConnectTimeoutError(<HTTPSConnection(host='tneapredictor-production.up.railway.app', port=443) at 0x1fb99e43ed0>, 'Connection to tneapredictor-production.up.railway.app timed out. (connect timeout=None)')",1,2026-06-30T14:19:28Z,2026-06-30T14:19:28Z
POST,/auth/login [setup],"ConnectTimeoutError(<HTTPSConnection(host='tneapredictor-production.up.railway.app', port=443) at 0x1fbefd842d0>, 'Connection to tneapredictor-production.up.railway.app timed out. (connect timeout=None)')",1,2026-06-30T14:19:04Z,2026-06-30T14:19:04Z
GET,/auth/me,"ConnectTimeoutError(<HTTPSConnection(host='tneapredictor-production.up.railway.app', port=443) at 0x1fb8cfb7110>, 'Connection to tneapredictor-production.up.railway.app timed out. (connect timeout=None)')",1,2026-06-30T14:19:25Z,2026-06-30T14:19:25Z
POST,/auth/login [setup],"ConnectTimeoutError(<HTTPSConnection(host='tneapredictor-production.up.railway.app', port=443) at 0x1fbe85fe5d0>, 'Connection to tneapredictor-production.up.railway.app timed out. (connect timeout=None)')",1,2026-06-30T14:19:04Z,2026-06-30T14:19:04Z
POST,/payment/create-order,"ConnectTimeoutError(<HTTPSConnection(host='tneapredictor-production.up.railway.app', port=443) at 0x1fb9922a350>, 'Connection to tneapredictor-production.up.railway.app timed out. (connect timeout=None)')",1,2026-06-30T14:19:42Z,2026-06-30T14:19:42Z
POST,/auth/login [setup],"ConnectTimeoutError(<HTTPSConnection(host='tneapredictor-production.up.railway.app', port=443) at 0x1fb92303b10>, 'Connection to tneapredictor-production.up.railway.app timed out. (connect timeout=None)')",1,2026-06-30T14:19:27Z,2026-06-30T14:19:27Z
POST,/predict/colleges [premium],"ConnectTimeoutError(<HTTPSConnection(host='tneapredictor-production.up.railway.app', port=443) at 0x1fb8bac6210>, 'Connection to tneapredictor-production.up.railway.app timed out. (connect timeout=None)')",1,2026-06-30T14:19:42Z,2026-06-30T14:19:42Z
POST,/auth/login [setup],"ConnectTimeoutError(<HTTPSConnection(host='tneapredictor-production.up.railway.app', port=443) at 0x1fb912cefd0>, 'Connection to tneapredictor-production.up.railway.app timed out. (connect timeout=None)')",1,2026-06-30T14:19:27Z,2026-06-30T14:19:27Z
POST,/auth/login [setup],"ConnectTimeoutError(<HTTPSConnection(host='tneapredictor-production.up.railway.app', port=443) at 0x1fb989edf90>, 'Connection to tneapredictor-production.up.railway.app timed out. (connect timeout=None)')",1,2026-06-30T14:19:28Z,2026-06-30T14:19:28Z
POST,/auth/login [setup],"ConnectTimeoutError(<HTTPSConnection(host='tneapredictor-production.up.railway.app', port=443) at 0x1fb94310a50>, 'Connection to tneapredictor-production.up.railway.app timed out. (connect timeout=None)')",1,2026-06-30T14:19:27Z,2026-06-30T14:19:27Z
POST,/auth/login [setup],"ConnectTimeoutError(<HTTPSConnection(host='tneapredictor-production.up.railway.app', port=443) at 0x1fbe899dd10>, 'Connection to tneapredictor-production.up.railway.app timed out. (connect timeout=None)')",1,2026-06-30T14:19:04Z,2026-06-30T14:19:04Z
POST,/auth/login [setup],"ConnectTimeoutError(<HTTPSConnection(host='tneapredictor-production.up.railway.app', port=443) at 0x1fb91a27750>, 'Connection to tneapredictor-production.up.railway.app timed out. (connect timeout=None)')",1,2026-06-30T14:19:27Z,2026-06-30T14:19:27Z
POST,/auth/login [setup],"ConnectTimeoutError(<HTTPSConnection(host='tneapredictor-production.up.railway.app', port=443) at 0x1fb91a26ad0>, 'Connection to tneapredictor-production.up.railway.app timed out. (connect timeout=None)')",1,2026-06-30T14:19:27Z,2026-06-30T14:19:27Z
POST,/auth/login [setup],"ConnectTimeoutError(<HTTPSConnection(host='tneapredictor-production.up.railway.app', port=443) at 0x1fb953c2ad0>, 'Connection to tneapredictor-production.up.railway.app timed out. (connect timeout=None)')",1,2026-06-30T14:19:27Z,2026-06-30T14:19:27Z
GET,/auth/me,"ConnectTimeoutError(<HTTPSConnection(host='tneapredictor-production.up.railway.app', port=443) at 0x1fb853f5590>, 'Connection to tneapredictor-production.up.railway.app timed out. (connect timeout=None)')",1,2026-06-30T14:19:43Z,2026-06-30T14:19:43Z
POST,/payment/create-order,"ConnectTimeoutError(<HTTPSConnection(host='tneapredictor-production.up.railway.app', port=443) at 0x1fb8b730a50>, 'Connection to tneapredictor-production.up.railway.app timed out. (connect timeout=None)')",1,2026-06-30T14:19:42Z,2026-06-30T14:19:42Z
POST,/auth/login [setup],"ConnectTimeoutError(<HTTPSConnection(host='tneapredictor-production.up.railway.app', port=443) at 0x1fb8dcd5090>, 'Connection to tneapredictor-production.up.railway.app timed out. (connect timeout=None)')",1,2026-06-30T14:19:21Z,2026-06-30T14:19:21Z
POST,/auth/login [setup],"ConnectTimeoutError(<HTTPSConnection(host='tneapredictor-production.up.railway.app', port=443) at 0x1fbe164f110>, 'Connection to tneapredictor-production.up.railway.app timed out. (connect timeout=None)')",1,2026-06-30T14:19:04Z,2026-06-30T14:19:04Z
POST,/auth/login [setup],"ConnectTimeoutError(<HTTPSConnection(host='tneapredictor-production.up.railway.app', port=443) at 0x1fb9bb21d10>, 'Connection to tneapredictor-production.up.railway.app timed out. (connect timeout=None)')",1,2026-06-30T14:19:28Z,2026-06-30T14:19:28Z
POST,/payment/create-order,"ConnectTimeoutError(<HTTPSConnection(host='tneapredictor-production.up.railway.app', port=443) at 0x1fb909e5450>, 'Connection to tneapredictor-production.up.railway.app timed out. (connect timeout=None)')",1,2026-06-30T14:19:42Z,2026-06-30T14:19:42Z
POST,/auth/login [setup],"ConnectTimeoutError(<HTTPSConnection(host='tneapredictor-production.up.railway.app', port=443) at 0x1fbfbf86350>, 'Connection to tneapredictor-production.up.railway.app timed out. (connect timeout=None)')",1,2026-06-30T14:19:07Z,2026-06-30T14:19:07Z
POST,/auth/login [setup],"ConnectTimeoutError(<HTTPSConnection(host='tneapredictor-production.up.railway.app', port=443) at 0x1fb99f387d0>, 'Connection to tneapredictor-production.up.railway.app timed out. (connect timeout=None)')",1,2026-06-30T14:19:28Z,2026-06-30T14:19:28Z
POST,/auth/login [setup],"ConnectTimeoutError(<HTTPSConnection(host='tneapredictor-production.up.railway.app', port=443) at 0x1fb95881d10>, 'Connection to tneapredictor-production.up.railway.app timed out. (connect timeout=None)')",1,2026-06-30T14:19:27Z,2026-06-30T14:19:27Z
POST,/auth/login [setup],"ConnectTimeoutError(<HTTPSConnection(host='tneapredictor-production.up.railway.app', port=443) at 0x1fbe9f15bd0>, 'Connection to tneapredictor-production.up.railway.app timed out. (connect timeout=None)')",1,2026-06-30T14:19:04Z,2026-06-30T14:19:04Z
POST,/auth/update-profile,"ConnectTimeoutError(<HTTPSConnection(host='tneapredictor-production.up.railway.app', port=443) at 0x1fb853f4690>, 'Connection to tneapredictor-production.up.railway.app timed out. (connect timeout=None)')",1,2026-06-30T14:19:43Z,2026-06-30T14:19:43Z
POST,/auth/login [setup],"ConnectTimeoutError(<HTTPSConnection(host='tneapredictor-production.up.railway.app', port=443) at 0x1fbf960cb90>, 'Connection to tneapredictor-production.up.railway.app timed out. (connect timeout=None)')",1,2026-06-30T14:19:05Z,2026-06-30T14:19:05Z
POST,/auth/login [setup],"ConnectTimeoutError(<HTTPSConnection(host='tneapredictor-production.up.railway.app', port=443) at 0x1fbf1adead0>, 'Connection to tneapredictor-production.up.railway.app timed out. (connect timeout=None)')",1,2026-06-30T14:19:05Z,2026-06-30T14:19:05Z
POST,/auth/login [setup],"ConnectTimeoutError(<HTTPSConnection(host='tneapredictor-production.up.railway.app', port=443) at 0x1fb995e0cd0>, 'Connection to tneapredictor-production.up.railway.app timed out. (connect timeout=None)')",1,2026-06-30T14:19:28Z,2026-06-30T14:19:28Z
POST,/auth/login [setup],"ConnectTimeoutError(<HTTPSConnection(host='tneapredictor-production.up.railway.app', port=443) at 0x1fbe899df90>, 'Connection to tneapredictor-production.up.railway.app timed out. (connect timeout=None)')",1,2026-06-30T14:19:04Z,2026-06-30T14:19:04Z
POST,/predict/colleges [premium],"ConnectTimeoutError(<HTTPSConnection(host='tneapredictor-production.up.railway.app', port=443) at 0x1fb81aca5d0>, 'Connection to tneapredictor-production.up.railway.app timed out. (connect timeout=None)')",1,2026-06-30T14:19:40Z,2026-06-30T14:19:40Z
GET,/auth/me,"ConnectTimeoutError(<HTTPSConnection(host='tneapredictor-production.up.railway.app', port=443) at 0x1fb8bf660d0>, 'Connection to tneapredictor-production.up.railway.app timed out. (connect timeout=None)')",1,2026-06-30T14:19:41Z,2026-06-30T14:19:41Z
POST,/predict/colleges [premium],"ConnectTimeoutError(<HTTPSConnection(host='tneapredictor-production.up.railway.app', port=443) at 0x1fb81ee2ad0>, 'Connection to tneapredictor-production.up.railway.app timed out. (connect timeout=None)')",1,2026-06-30T14:19:40Z,2026-06-30T14:19:40Z
POST,/predict/colleges [premium],"ConnectTimeoutError(<HTTPSConnection(host='tneapredictor-production.up.railway.app', port=443) at 0x1fb8cc00f50>, 'Connection to tneapredictor-production.up.railway.app timed out. (connect timeout=None)')",1,2026-06-30T14:19:40Z,2026-06-30T14:19:40Z
POST,/auth/login [setup],"ConnectTimeoutError(<HTTPSConnection(host='tneapredictor-production.up.railway.app', port=443) at 0x1fb99ec4190>, 'Connection to tneapredictor-production.up.railway.app timed out. (connect timeout=None)')",1,2026-06-30T14:19:28Z,2026-06-30T14:19:28Z
POST,/auth/login [setup],"ConnectTimeoutError(<HTTPSConnection(host='tneapredictor-production.up.railway.app', port=443) at 0x1fb97d46e90>, 'Connection to tneapredictor-production.up.railway.app timed out. (connect timeout=None)')",1,2026-06-30T14:19:28Z,2026-06-30T14:19:28Z
POST,/auth/login [setup],"ConnectTimeoutError(<HTTPSConnection(host='tneapredictor-production.up.railway.app', port=443) at 0x1fbf0985f90>, 'Connection to tneapredictor-production.up.railway.app timed out. (connect timeout=None)')",1,2026-06-30T14:19:04Z,2026-06-30T14:19:04Z
POST,/auth/login [setup],"ConnectTimeoutError(<HTTPSConnection(host='tneapredictor-production.up.railway.app', port=443) at 0x1fb960dc690>, 'Connection to tneapredictor-production.up.railway.app timed out. (connect timeout=None)')",1,2026-06-30T14:19:28Z,2026-06-30T14:19:28Z
POST,/auth/login [setup],"ConnectTimeoutError(<HTTPSConnection(host='tneapredictor-production.up.railway.app', port=443) at 0x1fb97db7750>, 'Connection to tneapredictor-production.up.railway.app timed out. (connect timeout=None)')",1,2026-06-30T14:19:28Z,2026-06-30T14:19:28Z
POST,/auth/login [setup],"ConnectTimeoutError(<HTTPSConnection(host='tneapredictor-production.up.railway.app', port=443) at 0x1fb926b3ed0>, 'Connection to tneapredictor-production.up.railway.app timed out. (connect timeout=None)')",1,2026-06-30T14:19:27Z,2026-06-30T14:19:27Z
POST,/auth/login [setup],"ConnectTimeoutError(<HTTPSConnection(host='tneapredictor-production.up.railway.app', port=443) at 0x1fb97887ed0>, 'Connection to tneapredictor-production.up.railway.app timed out. (connect timeout=None)')",1,2026-06-30T14:19:28Z,2026-06-30T14:19:28Z
POST,/auth/login [setup],"ConnectTimeoutError(<HTTPSConnection(host='tneapredictor-production.up.railway.app', port=443) at 0x1fb8dcd6210>, 'Connection to tneapredictor-production.up.railway.app timed out. (connect timeout=None)')",1,2026-06-30T14:19:21Z,2026-06-30T14:19:21Z
POST,/auth/login [setup],"ConnectTimeoutError(<HTTPSConnection(host='tneapredictor-production.up.railway.app', port=443) at 0x1fb8c3b1f90>, 'Connection to tneapredictor-production.up.railway.app timed out. (connect timeout=None)')",1,2026-06-30T14:19:20Z,2026-06-30T14:19:20Z
POST,/auth/login [setup],"ConnectTimeoutError(<HTTPSConnection(host='tneapredictor-production.up.railway.app', port=443) at 0x1fb885411d0>, 'Connection to tneapredictor-production.up.railway.app timed out. (connect timeout=None)')",1,2026-06-30T14:19:20Z,2026-06-30T14:19:20Z
POST,/auth/login [setup],"ConnectTimeoutError(<HTTPSConnection(host='tneapredictor-production.up.railway.app', port=443) at 0x1fbe85fde50>, 'Connection to tneapredictor-production.up.railway.app timed out. (connect timeout=None)')",1,2026-06-30T14:19:04Z,2026-06-30T14:19:04Z
POST,/auth/login [setup],"ConnectTimeoutError(<HTTPSConnection(host='tneapredictor-production.up.railway.app', port=443) at 0x1fb891c7750>, 'Connection to tneapredictor-production.up.railway.app timed out. (connect timeout=None)')",1,2026-06-30T14:19:20Z,2026-06-30T14:19:20Z
POST,/predict/colleges [premium],"ConnectTimeoutError(<HTTPSConnection(host='tneapredictor-production.up.railway.app', port=443) at 0x1fb87cd9090>, 'Connection to tneapredictor-production.up.railway.app timed out. (connect timeout=None)')",1,2026-06-30T14:19:41Z,2026-06-30T14:19:41Z
POST,/auth/login [setup],"ConnectTimeoutError(<HTTPSConnection(host='tneapredictor-production.up.railway.app', port=443) at 0x1fb91a242d0>, 'Connection to tneapredictor-production.up.railway.app timed out. (connect timeout=None)')",1,2026-06-30T14:19:27Z,2026-06-30T14:19:27Z
POST,/auth/login [setup],"ConnectTimeoutError(<HTTPSConnection(host='tneapredictor-production.up.railway.app', port=443) at 0x1fbf3adec10>, 'Connection to tneapredictor-production.up.railway.app timed out. (connect timeout=None)')",1,2026-06-30T14:19:05Z,2026-06-30T14:19:05Z
POST,/auth/login [setup],"ConnectTimeoutError(<HTTPSConnection(host='tneapredictor-production.up.railway.app', port=443) at 0x1fbebf907d0>, 'Connection to tneapredictor-production.up.railway.app timed out. (connect timeout=None)')",1,2026-06-30T14:19:04Z,2026-06-30T14:19:04Z
POST,/auth/login [setup],"ConnectTimeoutError(<HTTPSConnection(host='tneapredictor-production.up.railway.app', port=443) at 0x1fbe0e5c7d0>, 'Connection to tneapredictor-production.up.railway.app timed out. (connect timeout=None)')",1,2026-06-30T14:19:04Z,2026-06-30T14:19:04Z
POST,/auth/login [setup],"ConnectTimeoutError(<HTTPSConnection(host='tneapredictor-production.up.railway.app', port=443) at 0x1fb912cd450>, 'Connection to tneapredictor-production.up.railway.app timed out. (connect timeout=None)')",1,2026-06-30T14:19:27Z,2026-06-30T14:19:27Z
GET,/auth/me,"ConnectTimeoutError(<HTTPSConnection(host='tneapredictor-production.up.railway.app', port=443) at 0x1fb8c7bd6d0>, 'Connection to tneapredictor-production.up.railway.app timed out. (connect timeout=None)')",1,2026-06-30T14:19:40Z,2026-06-30T14:19:40Z
POST,/auth/login [setup],"ConnectTimeoutError(<HTTPSConnection(host='tneapredictor-production.up.railway.app', port=443) at 0x1fb90e15590>, 'Connection to tneapredictor-production.up.railway.app timed out. (connect timeout=None)')",1,2026-06-30T14:19:26Z,2026-06-30T14:19:26Z
POST,/auth/login [setup],"ConnectTimeoutError(<HTTPSConnection(host='tneapredictor-production.up.railway.app', port=443) at 0x1fb8d031d10>, 'Connection to tneapredictor-production.up.railway.app timed out. (connect timeout=None)')",1,2026-06-30T14:19:21Z,2026-06-30T14:19:21Z
POST,/predict/colleges [premium],"ConnectTimeoutError(<HTTPSConnection(host='tneapredictor-production.up.railway.app', port=443) at 0x1fb8a317250>, 'Connection to tneapredictor-production.up.railway.app timed out. (connect timeout=None)')",1,2026-06-30T14:19:41Z,2026-06-30T14:19:41Z
POST,/auth/login [setup],"ConnectTimeoutError(<HTTPSConnection(host='tneapredictor-production.up.railway.app', port=443) at 0x1fb8f998a50>, 'Connection to tneapredictor-production.up.railway.app timed out. (connect timeout=None)')",1,2026-06-30T14:19:21Z,2026-06-30T14:19:21Z
POST,/predict/rank [auth],"gaierror(11001, 'getaddrinfo failed')",4,2026-06-30T14:19:37Z,2026-06-30T14:20:33Z
POST,/auth/login [setup],"ConnectTimeoutError(<HTTPSConnection(host='tneapredictor-production.up.railway.app', port=443) at 0x1fb9649bed0>, 'Connection to tneapredictor-production.up.railway.app timed out. (connect timeout=None)')",1,2026-06-30T14:19:28Z,2026-06-30T14:19:28Z
POST,/auth/login [setup],"ConnectTimeoutError(<HTTPSConnection(host='tneapredictor-production.up.railway.app', port=443) at 0x1fb9a718e10>, 'Connection to tneapredictor-production.up.railway.app timed out. (connect timeout=None)')",1,2026-06-30T14:19:28Z,2026-06-30T14:19:28Z
POST,/auth/login [setup],"ConnectTimeoutError(<HTTPSConnection(host='tneapredictor-production.up.railway.app', port=443) at 0x1fbfbf86fd0>, 'Connection to tneapredictor-production.up.railway.app timed out. (connect timeout=None)')",1,2026-06-30T14:19:07Z,2026-06-30T14:19:07Z
POST,/predict/colleges [premium],"ConnectTimeoutError(<HTTPSConnection(host='tneapredictor-production.up.railway.app', port=443) at 0x1fb89e58410>, 'Connection to tneapredictor-production.up.railway.app timed out. (connect timeout=None)')",1,2026-06-30T14:19:42Z,2026-06-30T14:19:42Z
POST,/auth/login [setup],"ConnectTimeoutError(<HTTPSConnection(host='tneapredictor-production.up.railway.app', port=443) at 0x1fbefd85950>, 'Connection to tneapredictor-production.up.railway.app timed out. (connect timeout=None)')",1,2026-06-30T14:19:04Z,2026-06-30T14:19:04Z
POST,/auth/login [setup],"ConnectTimeoutError(<HTTPSConnection(host='tneapredictor-production.up.railway.app', port=443) at 0x1fb89a3aad0>, 'Connection to tneapredictor-production.up.railway.app timed out. (connect timeout=None)')",1,2026-06-30T14:19:20Z,2026-06-30T14:19:20Z
POST,/predict/colleges [premium],"ConnectTimeoutError(<HTTPSConnection(host='tneapredictor-production.up.railway.app', port=443) at 0x1fb84c120d0>, 'Connection to tneapredictor-production.up.railway.app timed out. (connect timeout=None)')",1,2026-06-30T14:19:41Z,2026-06-30T14:19:41Z
POST,/auth/login [setup],"ConnectTimeoutError(<HTTPSConnection(host='tneapredictor-production.up.railway.app', port=443) at 0x1fb94310550>, 'Connection to tneapredictor-production.up.railway.app timed out. (connect timeout=None)')",1,2026-06-30T14:19:27Z,2026-06-30T14:19:27Z
POST,/auth/login [setup],"ConnectTimeoutError(<HTTPSConnection(host='tneapredictor-production.up.railway.app', port=443) at 0x1fb8dcd5d10>, 'Connection to tneapredictor-production.up.railway.app timed out. (connect timeout=None)')",1,2026-06-30T14:19:21Z,2026-06-30T14:19:21Z
POST,/auth/login [setup],"ConnectTimeoutError(<HTTPSConnection(host='tneapredictor-production.up.railway.app', port=443) at 0x1fbfd040050>, 'Connection to tneapredictor-production.up.railway.app timed out. (connect timeout=None)')",1,2026-06-30T14:19:07Z,2026-06-30T14:19:07Z
POST,/auth/login [setup],"ConnectTimeoutError(<HTTPSConnection(host='tneapredictor-production.up.railway.app', port=443) at 0x1fb94beb390>, 'Connection to tneapredictor-production.up.railway.app timed out. (connect timeout=None)')",1,2026-06-30T14:19:27Z,2026-06-30T14:19:27Z
POST,/auth/login [setup],"ConnectTimeoutError(<HTTPSConnection(host='tneapredictor-production.up.railway.app', port=443) at 0x1fbfd3f6e90>, 'Connection to tneapredictor-production.up.railway.app timed out. (connect timeout=None)')",1,2026-06-30T14:19:07Z,2026-06-30T14:19:07Z
POST,/auth/login [setup],"ConnectTimeoutError(<HTTPSConnection(host='tneapredictor-production.up.railway.app', port=443) at 0x1fbefd85e50>, 'Connection to tneapredictor-production.up.railway.app timed out. (connect timeout=None)')",1,2026-06-30T14:19:04Z,2026-06-30T14:19:04Z
POST,/auth/login [setup],"ConnectTimeoutError(<HTTPSConnection(host='tneapredictor-production.up.railway.app', port=443) at 0x1fb97db60d0>, 'Connection to tneapredictor-production.up.railway.app timed out. (connect timeout=None)')",1,2026-06-30T14:19:28Z,2026-06-30T14:19:28Z
POST,/auth/login [setup],"ConnectTimeoutError(<HTTPSConnection(host='tneapredictor-production.up.railway.app', port=443) at 0x1fb953c3c50>, 'Connection to tneapredictor-production.up.railway.app timed out. (connect timeout=None)')",1,2026-06-30T14:19:27Z,2026-06-30T14:19:27Z
POST,/auth/login [setup],"ConnectTimeoutError(<HTTPSConnection(host='tneapredictor-production.up.railway.app', port=443) at 0x1fb97cc0a50>, 'Connection to tneapredictor-production.up.railway.app timed out. (connect timeout=None)')",1,2026-06-30T14:19:28Z,2026-06-30T14:19:28Z
POST,/auth/login [setup],"ConnectTimeoutError(<HTTPSConnection(host='tneapredictor-production.up.railway.app', port=443) at 0x1fbe4ba5a90>, 'Connection to tneapredictor-production.up.railway.app timed out. (connect timeout=None)')",1,2026-06-30T14:19:04Z,2026-06-30T14:19:04Z
POST,/auth/login [setup],"ConnectTimeoutError(<HTTPSConnection(host='tneapredictor-production.up.railway.app', port=443) at 0x1fb97d47610>, 'Connection to tneapredictor-production.up.railway.app timed out. (connect timeout=None)')",1,2026-06-30T14:19:28Z,2026-06-30T14:19:28Z
POST,/auth/login [setup],"ConnectTimeoutError(<HTTPSConnection(host='tneapredictor-production.up.railway.app', port=443) at 0x1fb98624a50>, 'Connection to tneapredictor-production.up.railway.app timed out. (connect timeout=None)')",1,2026-06-30T14:19:28Z,2026-06-30T14:19:28Z
POST,/auth/login [setup],"ConnectTimeoutError(<HTTPSConnection(host='tneapredictor-production.up.railway.app', port=443) at 0x1fb991b6ad0>, 'Connection to tneapredictor-production.up.railway.app timed out. (connect timeout=None)')",1,2026-06-30T14:19:28Z,2026-06-30T14:19:28Z
POST,/auth/login [setup],"ConnectTimeoutError(<HTTPSConnection(host='tneapredictor-production.up.railway.app', port=443) at 0x1fb958065d0>, 'Connection to tneapredictor-production.up.railway.app timed out. (connect timeout=None)')",1,2026-06-30T14:19:27Z,2026-06-30T14:19:27Z
POST,/payment/create-order,"ConnectTimeoutError(<HTTPSConnection(host='tneapredictor-production.up.railway.app', port=443) at 0x1fb81697750>, 'Connection to tneapredictor-production.up.railway.app timed out. (connect timeout=None)')",1,2026-06-30T14:19:40Z,2026-06-30T14:19:40Z
POST,/auth/login [setup],"ConnectTimeoutError(<HTTPSConnection(host='tneapredictor-production.up.railway.app', port=443) at 0x1fb91671590>, 'Connection to tneapredictor-production.up.railway.app timed out. (connect timeout=None)')",1,2026-06-30T14:19:27Z,2026-06-30T14:19:27Z
POST,/predict/colleges [auth],"ConnectTimeoutError(<HTTPSConnection(host='tneapredictor-production.up.railway.app', port=443) at 0x1fb85040f50>, 'Connection to tneapredictor-production.up.railway.app timed out. (connect timeout=None)')",1,2026-06-30T14:19:46Z,2026-06-30T14:19:46Z
POST,/payment/create-order,"ConnectTimeoutError(<HTTPSConnection(host='tneapredictor-production.up.railway.app', port=443) at 0x1fb8d816e90>, 'Connection to tneapredictor-production.up.railway.app timed out. (connect timeout=None)')",1,2026-06-30T14:19:41Z,2026-06-30T14:19:41Z
POST,/auth/login [setup],"ConnectTimeoutError(<HTTPSConnection(host='tneapredictor-production.up.railway.app', port=443) at 0x1fb94b73c50>, 'Connection to tneapredictor-production.up.railway.app timed out. (connect timeout=None)')",1,2026-06-30T14:19:27Z,2026-06-30T14:19:27Z
POST,/predict/colleges [auth],"ConnectTimeoutError(<HTTPSConnection(host='tneapredictor-production.up.railway.app', port=443) at 0x1fb85c5bb10>, 'Connection to tneapredictor-production.up.railway.app timed out. (connect timeout=None)')",1,2026-06-30T14:19:45Z,2026-06-30T14:19:45Z
POST,/auth/login [setup],"ConnectTimeoutError(<HTTPSConnection(host='tneapredictor-production.up.railway.app', port=443) at 0x1fb91aa9310>, 'Connection to tneapredictor-production.up.railway.app timed out. (connect timeout=None)')",1,2026-06-30T14:19:27Z,2026-06-30T14:19:27Z
POST,/auth/login [setup],"ConnectTimeoutError(<HTTPSConnection(host='tneapredictor-production.up.railway.app', port=443) at 0x1fbf16aa850>, 'Connection to tneapredictor-production.up.railway.app timed out. (connect timeout=None)')",1,2026-06-30T14:19:05Z,2026-06-30T14:19:05Z
POST,/auth/login [setup],"ConnectTimeoutError(<HTTPSConnection(host='tneapredictor-production.up.railway.app', port=443) at 0x1fb9a6aa350>, 'Connection to tneapredictor-production.up.railway.app timed out. (connect timeout=None)')",1,2026-06-30T14:19:28Z,2026-06-30T14:19:28Z
POST,/auth/login [setup],"ConnectTimeoutError(<HTTPSConnection(host='tneapredictor-production.up.railway.app', port=443) at 0x1fb93f5d310>, 'Connection to tneapredictor-production.up.railway.app timed out. (connect timeout=None)')",1,2026-06-30T14:19:27Z,2026-06-30T14:19:27Z
POST,/auth/login [setup],"ConnectTimeoutError(<HTTPSConnection(host='tneapredictor-production.up.railway.app', port=443) at 0x1fbfbf87750>, 'Connection to tneapredictor-production.up.railway.app timed out. (connect timeout=None)')",1,2026-06-30T14:19:07Z,2026-06-30T14:19:07Z
GET,/auth/me,"ConnectTimeoutError(<HTTPSConnection(host='tneapredictor-production.up.railway.app', port=443) at 0x1fb83f00190>, 'Connection to tneapredictor-production.up.railway.app timed out. (connect timeout=None)')",1,2026-06-30T14:19:40Z,2026-06-30T14:19:40Z
POST,/auth/login [setup],"ConnectTimeoutError(<HTTPSConnection(host='tneapredictor-production.up.railway.app', port=443) at 0x1fb9baa3250>, 'Connection to tneapredictor-production.up.railway.app timed out. (connect timeout=None)')",1,2026-06-30T14:19:28Z,2026-06-30T14:19:28Z
GET,/auth/me,"ConnectTimeoutError(<HTTPSConnection(host='tneapredictor-production.up.railway.app', port=443) at 0x1fb853f4e10>, 'Connection to tneapredictor-production.up.railway.app timed out. (connect timeout=None)')",1,2026-06-30T14:19:43Z,2026-06-30T14:19:43Z
POST,/auth/login [setup],"ConnectTimeoutError(<HTTPSConnection(host='tneapredictor-production.up.railway.app', port=443) at 0x1fb8f8a25d0>, 'Connection to tneapredictor-production.up.railway.app timed out. (connect timeout=None)')",1,2026-06-30T14:19:21Z,2026-06-30T14:19:21Z
POST,/auth/login [setup],"ConnectTimeoutError(<HTTPSConnection(host='tneapredictor-production.up.railway.app', port=443) at 0x1fbec3cc550>, 'Connection to tneapredictor-production.up.railway.app timed out. (connect timeout=None)')",1,2026-06-30T14:19:04Z,2026-06-30T14:19:04Z
POST,/predict/colleges [premium],"ConnectTimeoutError(<HTTPSConnection(host='tneapredictor-production.up.railway.app', port=443) at 0x1fb8c7bfc50>, 'Connection to tneapredictor-production.up.railway.app timed out. (connect timeout=None)')",1,2026-06-30T14:19:41Z,2026-06-30T14:19:41Z
POST,/auth/login [setup],"ConnectTimeoutError(<HTTPSConnection(host='tneapredictor-production.up.railway.app', port=443) at 0x1fb92301810>, 'Connection to tneapredictor-production.up.railway.app timed out. (connect timeout=None)')",1,2026-06-30T14:19:27Z,2026-06-30T14:19:27Z
POST,/auth/login [setup],"ConnectTimeoutError(<HTTPSConnection(host='tneapredictor-production.up.railway.app', port=443) at 0x1fbf4343d90>, 'Connection to tneapredictor-production.up.railway.app timed out. (connect timeout=None)')",1,2026-06-30T14:19:05Z,2026-06-30T14:19:05Z
POST,/auth/login [setup],"ConnectTimeoutError(<HTTPSConnection(host='tneapredictor-production.up.railway.app', port=443) at 0x1fb8c3b2e90>, 'Connection to tneapredictor-production.up.railway.app timed out. (connect timeout=None)')",1,2026-06-30T14:19:20Z,2026-06-30T14:19:20Z
POST,/auth/login [setup],"ConnectTimeoutError(<HTTPSConnection(host='tneapredictor-production.up.railway.app', port=443) at 0x1fb97db74d0>, 'Connection to tneapredictor-production.up.railway.app timed out. (connect timeout=None)')",1,2026-06-30T14:19:28Z,2026-06-30T14:19:28Z
POST,/auth/login [setup],"ConnectTimeoutError(<HTTPSConnection(host='tneapredictor-production.up.railway.app', port=443) at 0x1fbfcc9e990>, 'Connection to tneapredictor-production.up.railway.app timed out. (connect timeout=None)')",1,2026-06-30T14:19:07Z,2026-06-30T14:19:07Z
POST,/auth/login [setup],"ConnectTimeoutError(<HTTPSConnection(host='tneapredictor-production.up.railway.app', port=443) at 0x1fb991b4f50>, 'Connection to tneapredictor-production.up.railway.app timed out. (connect timeout=None)')",1,2026-06-30T14:19:28Z,2026-06-30T14:19:28Z
POST,/predict/colleges [premium],"ConnectTimeoutError(<HTTPSConnection(host='tneapredictor-production.up.railway.app', port=443) at 0x1fb895f9d10>, 'Connection to tneapredictor-production.up.railway.app timed out. (connect timeout=None)')",1,2026-06-30T14:19:41Z,2026-06-30T14:19:41Z
POST,/auth/login [setup],"ConnectTimeoutError(<HTTPSConnection(host='tneapredictor-production.up.railway.app', port=443) at 0x1fbf5cca350>, 'Connection to tneapredictor-production.up.railway.app timed out. (connect timeout=None)')",1,2026-06-30T14:19:05Z,2026-06-30T14:19:05Z
GET,/auth/me,"ConnectTimeoutError(<HTTPSConnection(host='tneapredictor-production.up.railway.app', port=443) at 0x1fb86082ad0>, 'Connection to tneapredictor-production.up.railway.app timed out. (connect timeout=None)')",1,2026-06-30T14:19:44Z,2026-06-30T14:19:44Z
POST,/auth/login [setup],"ConnectTimeoutError(<HTTPSConnection(host='tneapredictor-production.up.railway.app', port=443) at 0x1fb99e40a50>, 'Connection to tneapredictor-production.up.railway.app timed out. (connect timeout=None)')",1,2026-06-30T14:19:28Z,2026-06-30T14:19:28Z
POST,/auth/login [setup],"ConnectTimeoutError(<HTTPSConnection(host='tneapredictor-production.up.railway.app', port=443) at 0x1fbf47f6d50>, 'Connection to tneapredictor-production.up.railway.app timed out. (connect timeout=None)')",1,2026-06-30T14:19:05Z,2026-06-30T14:19:05Z
POST,/predict/colleges [premium],"ConnectTimeoutError(<HTTPSConnection(host='tneapredictor-production.up.railway.app', port=443) at 0x1fb87cda490>, 'Connection to tneapredictor-production.up.railway.app timed out. (connect timeout=None)')",1,2026-06-30T14:19:41Z,2026-06-30T14:19:41Z
POST,/auth/login [setup],"ConnectTimeoutError(<HTTPSConnection(host='tneapredictor-production.up.railway.app', port=443) at 0x1fbf3f0f610>, 'Connection to tneapredictor-production.up.railway.app timed out. (connect timeout=None)')",1,2026-06-30T14:19:05Z,2026-06-30T14:19:05Z
POST,/payment/create-order,"ConnectTimeoutError(<HTTPSConnection(host='tneapredictor-production.up.railway.app', port=443) at 0x1fb8f921450>, 'Connection to tneapredictor-production.up.railway.app timed out. (connect timeout=None)')",1,2026-06-30T14:19:41Z,2026-06-30T14:19:41Z
POST,/auth/login [setup],"ConnectTimeoutError(<HTTPSConnection(host='tneapredictor-production.up.railway.app', port=443) at 0x1fbe85fed50>, 'Connection to tneapredictor-production.up.railway.app timed out. (connect timeout=None)')",1,2026-06-30T14:19:04Z,2026-06-30T14:19:04Z
POST,/auth/login [setup],"ConnectTimeoutError(<HTTPSConnection(host='tneapredictor-production.up.railway.app', port=443) at 0x1fb94310cd0>, 'Connection to tneapredictor-production.up.railway.app timed out. (connect timeout=None)')",1,2026-06-30T14:19:27Z,2026-06-30T14:19:27Z
POST,/auth/login [setup],"ConnectTimeoutError(<HTTPSConnection(host='tneapredictor-production.up.railway.app', port=443) at 0x1fb9baa25d0>, 'Connection to tneapredictor-production.up.railway.app timed out. (connect timeout=None)')",1,2026-06-30T14:19:28Z,2026-06-30T14:19:28Z
POST,/payment/create-order,"ConnectTimeoutError(<HTTPSConnection(host='tneapredictor-production.up.railway.app', port=443) at 0x1fb81ac8550>, 'Connection to tneapredictor-production.up.railway.app timed out. (connect timeout=None)')",1,2026-06-30T14:19:40Z,2026-06-30T14:19:40Z
POST,/auth/login [setup],"ConnectTimeoutError(<HTTPSConnection(host='tneapredictor-production.up.railway.app', port=443) at 0x1fb9440dbd0>, 'Connection to tneapredictor-production.up.railway.app timed out. (connect timeout=None)')",1,2026-06-30T14:19:27Z,2026-06-30T14:19:27Z
POST,/predict/colleges [auth],HTTPError('429 Client Error: Too Many Requests for url: /predict/colleges [auth]'),2129,2026-06-30T14:18:41Z,2026-06-30T14:20:36Z
POST,/auth/login [setup],"ConnectTimeoutError(<HTTPSConnection(host='tneapredictor-production.up.railway.app', port=443) at 0x1fb95883890>, 'Connection to tneapredictor-production.up.railway.app timed out. (connect timeout=None)')",1,2026-06-30T14:19:28Z,2026-06-30T14:19:28Z
POST,/auth/login [setup],"ConnectTimeoutError(<HTTPSConnection(host='tneapredictor-production.up.railway.app', port=443) at 0x1fb891c79d0>, 'Connection to tneapredictor-production.up.railway.app timed out. (connect timeout=None)')",1,2026-06-30T14:19:20Z,2026-06-30T14:19:20Z
POST,/predict/colleges [auth],"ConnectTimeoutError(<HTTPSConnection(host='tneapredictor-production.up.railway.app', port=443) at 0x1fb85cd87d0>, 'Connection to tneapredictor-production.up.railway.app timed out. (connect timeout=None)')",1,2026-06-30T14:19:45Z,2026-06-30T14:19:45Z
POST,/auth/login [setup],"ConnectTimeoutError(<HTTPSConnection(host='tneapredictor-production.up.railway.app', port=443) at 0x1fb985b4190>, 'Connection to tneapredictor-production.up.railway.app timed out. (connect timeout=None)')",1,2026-06-30T14:19:28Z,2026-06-30T14:19:28Z
POST,/predict/colleges [premium],"ConnectTimeoutError(<HTTPSConnection(host='tneapredictor-production.up.railway.app', port=443) at 0x1fb8bee8910>, 'Connection to tneapredictor-production.up.railway.app timed out. (connect timeout=None)')",1,2026-06-30T14:19:27Z,2026-06-30T14:19:27Z
POST,/auth/login [setup],"ConnectTimeoutError(<HTTPSConnection(host='tneapredictor-production.up.railway.app', port=443) at 0x1fbfc7ed6d0>, 'Connection to tneapredictor-production.up.railway.app timed out. (connect timeout=None)')",1,2026-06-30T14:19:07Z,2026-06-30T14:19:07Z
POST,/auth/login [setup],"ConnectTimeoutError(<HTTPSConnection(host='tneapredictor-production.up.railway.app', port=443) at 0x1fb98d87c50>, 'Connection to tneapredictor-production.up.railway.app timed out. (connect timeout=None)')",1,2026-06-30T14:19:28Z,2026-06-30T14:19:28Z
POST,/auth/login [setup],"ConnectTimeoutError(<HTTPSConnection(host='tneapredictor-production.up.railway.app', port=443) at 0x1fb99a90e10>, 'Connection to tneapredictor-production.up.railway.app timed out. (connect timeout=None)')",1,2026-06-30T14:19:28Z,2026-06-30T14:19:28Z
POST,/auth/login [setup],"ConnectTimeoutError(<HTTPSConnection(host='tneapredictor-production.up.railway.app', port=443) at 0x1fb97d46990>, 'Connection to tneapredictor-production.up.railway.app timed out. (connect timeout=None)')",1,2026-06-30T14:19:28Z,2026-06-30T14:19:28Z
POST,/auth/login [setup],"ConnectTimeoutError(<HTTPSConnection(host='tneapredictor-production.up.railway.app', port=443) at 0x1fbe1e97d90>, 'Connection to tneapredictor-production.up.railway.app timed out. (connect timeout=None)')",1,2026-06-30T14:19:04Z,2026-06-30T14:19:04Z
POST,/payment/create-order,"ConnectTimeoutError(<HTTPSConnection(host='tneapredictor-production.up.railway.app', port=443) at 0x1fb895f9810>, 'Connection to tneapredictor-production.up.railway.app timed out. (connect timeout=None)')",1,2026-06-30T14:19:41Z,2026-06-30T14:19:41Z
POST,/auth/login [setup],"ConnectTimeoutError(<HTTPSConnection(host='tneapredictor-production.up.railway.app', port=443) at 0x1fb8d033b10>, 'Connection to tneapredictor-production.up.railway.app timed out. (connect timeout=None)')",1,2026-06-30T14:19:21Z,2026-06-30T14:19:21Z
POST,/auth/login [setup],"ConnectTimeoutError(<HTTPSConnection(host='tneapredictor-production.up.railway.app', port=443) at 0x1fb99229090>, 'Connection to tneapredictor-production.up.railway.app timed out. (connect timeout=None)')",1,2026-06-30T14:19:28Z,2026-06-30T14:19:28Z
POST,/auth/login [setup],"ConnectTimeoutError(<HTTPSConnection(host='tneapredictor-production.up.railway.app', port=443) at 0x1fbe1e95810>, 'Connection to tneapredictor-production.up.railway.app timed out. (connect timeout=None)')",1,2026-06-30T14:19:04Z,2026-06-30T14:19:04Z
POST,/predict/colleges [guest],"ConnectTimeoutError(<HTTPSConnection(host='tneapredictor-production.up.railway.app', port=443) at 0x1fb9502c050>, 'Connection to tneapredictor-production.up.railway.app timed out. (connect timeout=None)')",1,2026-06-30T14:19:42Z,2026-06-30T14:19:42Z
POST,/auth/login [setup],"ConnectTimeoutError(<HTTPSConnection(host='tneapredictor-production.up.railway.app', port=443) at 0x1fb905b1a90>, 'Connection to tneapredictor-production.up.railway.app timed out. (connect timeout=None)')",1,2026-06-30T14:19:22Z,2026-06-30T14:19:22Z
POST,/auth/login [setup],"ConnectTimeoutError(<HTTPSConnection(host='tneapredictor-production.up.railway.app', port=443) at 0x1fb96062d50>, 'Connection to tneapredictor-production.up.railway.app timed out. (connect timeout=None)')",1,2026-06-30T14:19:28Z,2026-06-30T14:19:28Z
POST,/auth/login [setup],"ConnectTimeoutError(<HTTPSConnection(host='tneapredictor-production.up.railway.app', port=443) at 0x1fbf853cb90>, 'Connection to tneapredictor-production.up.railway.app timed out. (connect timeout=None)')",1,2026-06-30T14:19:05Z,2026-06-30T14:19:05Z
POST,/auth/login [setup],"ConnectTimeoutError(<HTTPSConnection(host='tneapredictor-production.up.railway.app', port=443) at 0x1fb95ce4690>, 'Connection to tneapredictor-production.up.railway.app timed out. (connect timeout=None)')",1,2026-06-30T14:19:28Z,2026-06-30T14:19:28Z
POST,/auth/login [setup],"ConnectTimeoutError(<HTTPSConnection(host='tneapredictor-production.up.railway.app', port=443) at 0x1fb96498550>, 'Connection to tneapredictor-production.up.railway.app timed out. (connect timeout=None)')",1,2026-06-30T14:19:28Z,2026-06-30T14:19:28Z
POST,/auth/login [setup],"ConnectTimeoutError(<HTTPSConnection(host='tneapredictor-production.up.railway.app', port=443) at 0x1fb91670b90>, 'Connection to tneapredictor-production.up.railway.app timed out. (connect timeout=None)')",1,2026-06-30T14:19:27Z,2026-06-30T14:19:27Z
POST,/auth/login [setup],"ConnectTimeoutError(<HTTPSConnection(host='tneapredictor-production.up.railway.app', port=443) at 0x1fb981f9950>, 'Connection to tneapredictor-production.up.railway.app timed out. (connect timeout=None)')",1,2026-06-30T14:19:28Z,2026-06-30T14:19:28Z
POST,/auth/login [setup],"ConnectTimeoutError(<HTTPSConnection(host='tneapredictor-production.up.railway.app', port=443) at 0x1fb98d84a50>, 'Connection to tneapredictor-production.up.railway.app timed out. (connect timeout=None)')",1,2026-06-30T14:19:28Z,2026-06-30T14:19:28Z
GET,/auth/me,"ConnectTimeoutError(<HTTPSConnection(host='tneapredictor-production.up.railway.app', port=443) at 0x1fb89e5b610>, 'Connection to tneapredictor-production.up.railway.app timed out. (connect timeout=None)')",1,2026-06-30T14:19:42Z,2026-06-30T14:19:42Z
POST,/auth/login [setup],"ConnectTimeoutError(<HTTPSConnection(host='tneapredictor-production.up.railway.app', port=443) at 0x1fb99f3b4d0>, 'Connection to tneapredictor-production.up.railway.app timed out. (connect timeout=None)')",1,2026-06-30T14:19:28Z,2026-06-30T14:19:28Z
POST,/auth/login [setup],"ConnectTimeoutError(<HTTPSConnection(host='tneapredictor-production.up.railway.app', port=443) at 0x1fb93eeaad0>, 'Connection to tneapredictor-production.up.railway.app timed out. (connect timeout=None)')",1,2026-06-30T14:19:27Z,2026-06-30T14:19:27Z
POST,/auth/login [setup],"ConnectTimeoutError(<HTTPSConnection(host='tneapredictor-production.up.railway.app', port=443) at 0x1fbebf90cd0>, 'Connection to tneapredictor-production.up.railway.app timed out. (connect timeout=None)')",1,2026-06-30T14:19:04Z,2026-06-30T14:19:04Z
GET,/auth/me,"ConnectTimeoutError(<HTTPSConnection(host='tneapredictor-production.up.railway.app', port=443) at 0x1fbf7cf82d0>, 'Connection to tneapredictor-production.up.railway.app timed out. (connect timeout=None)')",1,2026-06-30T14:19:28Z,2026-06-30T14:19:28Z
POST,/auth/login [setup],"ConnectTimeoutError(<HTTPSConnection(host='tneapredictor-production.up.railway.app', port=443) at 0x1fbf9ee0550>, 'Connection to tneapredictor-production.up.railway.app timed out. (connect timeout=None)')",1,2026-06-30T14:19:06Z,2026-06-30T14:19:06Z
POST,/auth/update-profile,"ConnectTimeoutError(<HTTPSConnection(host='tneapredictor-production.up.railway.app', port=443) at 0x1fbf9ee3890>, 'Connection to tneapredictor-production.up.railway.app timed out. (connect timeout=None)')",1,2026-06-30T14:19:39Z,2026-06-30T14:19:39Z
POST,/auth/login [setup],"ConnectTimeoutError(<HTTPSConnection(host='tneapredictor-production.up.railway.app', port=443) at 0x1fb99a92710>, 'Connection to tneapredictor-production.up.railway.app timed out. (connect timeout=None)')",1,2026-06-30T14:19:28Z,2026-06-30T14:19:28Z
POST,/auth/login [setup],"ConnectTimeoutError(<HTTPSConnection(host='tneapredictor-production.up.railway.app', port=443) at 0x1fb953c20d0>, 'Connection to tneapredictor-production.up.railway.app timed out. (connect timeout=None)')",1,2026-06-30T14:19:27Z,2026-06-30T14:19:27Z
POST,/auth/login [setup],"ConnectTimeoutError(<HTTPSConnection(host='tneapredictor-production.up.railway.app', port=443) at 0x1fb91ed3d90>, 'Connection to tneapredictor-production.up.railway.app timed out. (connect timeout=None)')",1,2026-06-30T14:19:27Z,2026-06-30T14:19:27Z
POST,/auth/login [setup],"ConnectTimeoutError(<HTTPSConnection(host='tneapredictor-production.up.railway.app', port=443) at 0x1fb91251810>, 'Connection to tneapredictor-production.up.railway.app timed out. (connect timeout=None)')",1,2026-06-30T14:19:27Z,2026-06-30T14:19:27Z
POST,/auth/login [setup],"ConnectTimeoutError(<HTTPSConnection(host='tneapredictor-production.up.railway.app', port=443) at 0x1fb9a71a990>, 'Connection to tneapredictor-production.up.railway.app timed out. (connect timeout=None)')",1,2026-06-30T14:19:28Z,2026-06-30T14:19:28Z
POST,/auth/login [setup],"ConnectTimeoutError(<HTTPSConnection(host='tneapredictor-production.up.railway.app', port=443) at 0x1fb9bed3250>, 'Connection to tneapredictor-production.up.railway.app timed out. (connect timeout=None)')",1,2026-06-30T14:19:28Z,2026-06-30T14:19:28Z
POST,/auth/login [setup],"ConnectTimeoutError(<HTTPSConnection(host='tneapredictor-production.up.railway.app', port=443) at 0x1fb889f6710>, 'Connection to tneapredictor-production.up.railway.app timed out. (connect timeout=None)')",1,2026-06-30T14:19:20Z,2026-06-30T14:19:20Z
POST,/auth/login [setup],"ConnectTimeoutError(<HTTPSConnection(host='tneapredictor-production.up.railway.app', port=443) at 0x1fb9542bb10>, 'Connection to tneapredictor-production.up.railway.app timed out. (connect timeout=None)')",1,2026-06-30T14:19:27Z,2026-06-30T14:19:27Z
POST,/predict/colleges [premium],"ConnectTimeoutError(<HTTPSConnection(host='tneapredictor-production.up.railway.app', port=443) at 0x1fb88df2ad0>, 'Connection to tneapredictor-production.up.railway.app timed out. (connect timeout=None)')",1,2026-06-30T14:19:41Z,2026-06-30T14:19:41Z
POST,/auth/login [setup],"ConnectTimeoutError(<HTTPSConnection(host='tneapredictor-production.up.railway.app', port=443) at 0x1fb91251a90>, 'Connection to tneapredictor-production.up.railway.app timed out. (connect timeout=None)')",1,2026-06-30T14:19:27Z,2026-06-30T14:19:27Z
POST,/auth/login [setup],"ConnectTimeoutError(<HTTPSConnection(host='tneapredictor-production.up.railway.app', port=443) at 0x1fb99663890>, 'Connection to tneapredictor-production.up.railway.app timed out. (connect timeout=None)')",1,2026-06-30T14:19:28Z,2026-06-30T14:19:28Z
POST,/auth/login [setup],"ConnectTimeoutError(<HTTPSConnection(host='tneapredictor-production.up.railway.app', port=443) at 0x1fbedcd60d0>, 'Connection to tneapredictor-production.up.railway.app timed out. (connect timeout=None)')",1,2026-06-30T14:19:04Z,2026-06-30T14:19:04Z
POST,/auth/login [setup],"ConnectTimeoutError(<HTTPSConnection(host='tneapredictor-production.up.railway.app', port=443) at 0x1fb9bed2ad0>, 'Connection to tneapredictor-production.up.railway.app timed out. (connect timeout=None)')",1,2026-06-30T14:19:28Z,2026-06-30T14:19:28Z
POST,/auth/login [setup],"ConnectTimeoutError(<HTTPSConnection(host='tneapredictor-production.up.railway.app', port=443) at 0x1fb94b70a50>, 'Connection to tneapredictor-production.up.railway.app timed out. (connect timeout=None)')",1,2026-06-30T14:19:27Z,2026-06-30T14:19:27Z
POST,/auth/login [setup],"ConnectTimeoutError(<HTTPSConnection(host='tneapredictor-production.up.railway.app', port=443) at 0x1fb93f5e210>, 'Connection to tneapredictor-production.up.railway.app timed out. (connect timeout=None)')",1,2026-06-30T14:19:27Z,2026-06-30T14:19:27Z
POST,/auth/login [setup],"ConnectTimeoutError(<HTTPSConnection(host='tneapredictor-production.up.railway.app', port=443) at 0x1fb978847d0>, 'Connection to tneapredictor-production.up.railway.app timed out. (connect timeout=None)')",1,2026-06-30T14:19:28Z,2026-06-30T14:19:28Z
POST,/auth/login [setup],"ConnectTimeoutError(<HTTPSConnection(host='tneapredictor-production.up.railway.app', port=443) at 0x1fbf1adccd0>, 'Connection to tneapredictor-production.up.railway.app timed out. (connect timeout=None)')",1,2026-06-30T14:19:05Z,2026-06-30T14:19:05Z
POST,/predict/colleges [premium],"ConnectTimeoutError(<HTTPSConnection(host='tneapredictor-production.up.railway.app', port=443) at 0x1fb885c1bd0>, 'Connection to tneapredictor-production.up.railway.app timed out. (connect timeout=None)')",1,2026-06-30T14:19:42Z,2026-06-30T14:19:42Z
POST,/payment/create-order,"ConnectTimeoutError(<HTTPSConnection(host='tneapredictor-production.up.railway.app', port=443) at 0x1fb8beeac10>, 'Connection to tneapredictor-production.up.railway.app timed out. (connect timeout=None)')",1,2026-06-30T14:19:41Z,2026-06-30T14:19:41Z
POST,/auth/login [setup],"ConnectTimeoutError(<HTTPSConnection(host='tneapredictor-production.up.railway.app', port=443) at 0x1fb958060d0>, 'Connection to tneapredictor-production.up.railway.app timed out. (connect timeout=None)')",1,2026-06-30T14:19:27Z,2026-06-30T14:19:27Z
POST,/auth/login [setup],"ConnectTimeoutError(<HTTPSConnection(host='tneapredictor-production.up.railway.app', port=443) at 0x1fb99a11450>, 'Connection to tneapredictor-production.up.railway.app timed out. (connect timeout=None)')",1,2026-06-30T14:19:28Z,2026-06-30T14:19:28Z
GET,/auth/me,"ConnectTimeoutError(<HTTPSConnection(host='tneapredictor-production.up.railway.app', port=443) at 0x1fb889f5450>, 'Connection to tneapredictor-production.up.railway.app timed out. (connect timeout=None)')",1,2026-06-30T14:19:41Z,2026-06-30T14:19:41Z
POST,/auth/login [setup],"ConnectTimeoutError(<HTTPSConnection(host='tneapredictor-production.up.railway.app', port=443) at 0x1fbf6090410>, 'Connection to tneapredictor-production.up.railway.app timed out. (connect timeout=None)')",1,2026-06-30T14:19:05Z,2026-06-30T14:19:05Z
POST,/payment/create-order,"ConnectTimeoutError(<HTTPSConnection(host='tneapredictor-production.up.railway.app', port=443) at 0x1fb8a292490>, 'Connection to tneapredictor-production.up.railway.app timed out. (connect timeout=None)')",1,2026-06-30T14:19:28Z,2026-06-30T14:19:28Z
POST,/auth/login [setup],"ConnectTimeoutError(<HTTPSConnection(host='tneapredictor-production.up.railway.app', port=443) at 0x1fb9a6abed0>, 'Connection to tneapredictor-production.up.railway.app timed out. (connect timeout=None)')",1,2026-06-30T14:19:28Z,2026-06-30T14:19:28Z
POST,/payment/create-order,"ConnectTimeoutError(<HTTPSConnection(host='tneapredictor-production.up.railway.app', port=443) at 0x1fb83b2c2d0>, 'Connection to tneapredictor-production.up.railway.app timed out. (connect timeout=None)')",1,2026-06-30T14:19:40Z,2026-06-30T14:19:40Z
POST,/auth/login [setup],"ConnectTimeoutError(<HTTPSConnection(host='tneapredictor-production.up.railway.app', port=443) at 0x1fb92729f90>, 'Connection to tneapredictor-production.up.railway.app timed out. (connect timeout=None)')",1,2026-06-30T14:19:27Z,2026-06-30T14:19:27Z
POST,/auth/login [setup],"ConnectTimeoutError(<HTTPSConnection(host='tneapredictor-production.up.railway.app', port=443) at 0x1fb95804550>, 'Connection to tneapredictor-production.up.railway.app timed out. (connect timeout=None)')",1,2026-06-30T14:19:27Z,2026-06-30T14:19:27Z
GET,/auth/me,"ConnectTimeoutError(<HTTPSConnection(host='tneapredictor-production.up.railway.app', port=443) at 0x1fb8653bed0>, 'Connection to tneapredictor-production.up.railway.app timed out. (connect timeout=None)')",1,2026-06-30T14:19:44Z,2026-06-30T14:19:44Z
POST,/predict/rank [guest],"ConnectTimeoutError(<HTTPSConnection(host='tneapredictor-production.up.railway.app', port=443) at 0x1fb94b70910>, 'Connection to tneapredictor-production.up.railway.app timed out. (connect timeout=None)')",1,2026-06-30T14:19:27Z,2026-06-30T14:19:27Z
POST,/auth/login [setup],"ConnectTimeoutError(<HTTPSConnection(host='tneapredictor-production.up.railway.app', port=443) at 0x1fbfbf87250>, 'Connection to tneapredictor-production.up.railway.app timed out. (connect timeout=None)')",1,2026-06-30T14:19:07Z,2026-06-30T14:19:07Z
POST,/auth/login [setup],"ConnectTimeoutError(<HTTPSConnection(host='tneapredictor-production.up.railway.app', port=443) at 0x1fb94beac10>, 'Connection to tneapredictor-production.up.railway.app timed out. (connect timeout=None)')",1,2026-06-30T14:19:27Z,2026-06-30T14:19:27Z
POST,/auth/login [setup],"ConnectTimeoutError(<HTTPSConnection(host='tneapredictor-production.up.railway.app', port=443) at 0x1fb9a71ac10>, 'Connection to tneapredictor-production.up.railway.app timed out. (connect timeout=None)')",1,2026-06-30T14:19:28Z,2026-06-30T14:19:28Z
POST,/auth/login [setup],"ConnectTimeoutError(<HTTPSConnection(host='tneapredictor-production.up.railway.app', port=443) at 0x1fb953c0f50>, 'Connection to tneapredictor-production.up.railway.app timed out. (connect timeout=None)')",1,2026-06-30T14:19:27Z,2026-06-30T14:19:27Z
POST,/auth/login [setup],"ConnectTimeoutError(<HTTPSConnection(host='tneapredictor-production.up.railway.app', port=443) at 0x1fb8f8a16d0>, 'Connection to tneapredictor-production.up.railway.app timed out. (connect timeout=None)')",1,2026-06-30T14:19:21Z,2026-06-30T14:19:21Z
POST,/payment/create-order,"ConnectTimeoutError(<HTTPSConnection(host='tneapredictor-production.up.railway.app', port=443) at 0x1fb8811ae90>, 'Connection to tneapredictor-production.up.railway.app timed out. (connect timeout=None)')",1,2026-06-30T14:19:43Z,2026-06-30T14:19:43Z
POST,/payment/create-order,"ConnectTimeoutError(<HTTPSConnection(host='tneapredictor-production.up.railway.app', port=443) at 0x1fb8d817d90>, 'Connection to tneapredictor-production.up.railway.app timed out. (connect timeout=None)')",1,2026-06-30T14:19:41Z,2026-06-30T14:19:41Z
POST,/auth/login [setup],"ConnectTimeoutError(<HTTPSConnection(host='tneapredictor-production.up.railway.app', port=443) at 0x1fb8d0ad450>, 'Connection to tneapredictor-production.up.railway.app timed out. (connect timeout=None)')",1,2026-06-30T14:19:21Z,2026-06-30T14:19:21Z
POST,/auth/login [setup],"ConnectTimeoutError(<HTTPSConnection(host='tneapredictor-production.up.railway.app', port=443) at 0x1fb9272ae90>, 'Connection to tneapredictor-production.up.railway.app timed out. (connect timeout=None)')",1,2026-06-30T14:19:27Z,2026-06-30T14:19:27Z
POST,/predict/colleges [premium],"ConnectTimeoutError(<HTTPSConnection(host='tneapredictor-production.up.railway.app', port=443) at 0x1fbff917ed0>, 'Connection to tneapredictor-production.up.railway.app timed out. (connect timeout=None)')",1,2026-06-30T14:19:40Z,2026-06-30T14:19:40Z
POST,/auth/login [setup],"ConnectTimeoutError(<HTTPSConnection(host='tneapredictor-production.up.railway.app', port=443) at 0x1fb93f5f890>, 'Connection to tneapredictor-production.up.railway.app timed out. (connect timeout=None)')",1,2026-06-30T14:19:27Z,2026-06-30T14:19:27Z
POST,/auth/login [setup],"ConnectTimeoutError(<HTTPSConnection(host='tneapredictor-production.up.railway.app', port=443) at 0x1fbfbf865d0>, 'Connection to tneapredictor-production.up.railway.app timed out. (connect timeout=None)')",1,2026-06-30T14:19:07Z,2026-06-30T14:19:07Z
POST,/predict/colleges [premium],"ConnectTimeoutError(<HTTPSConnection(host='tneapredictor-production.up.railway.app', port=443) at 0x1fbe1acead0>, 'Connection to tneapredictor-production.up.railway.app timed out. (connect timeout=None)')",1,2026-06-30T14:19:28Z,2026-06-30T14:19:28Z
POST,/auth/login [setup],"ConnectTimeoutError(<HTTPSConnection(host='tneapredictor-production.up.railway.app', port=443) at 0x1fbe0e5d1d0>, 'Connection to tneapredictor-production.up.railway.app timed out. (connect timeout=None)')",1,2026-06-30T14:19:04Z,2026-06-30T14:19:04Z
POST,/auth/login [setup],"ConnectTimeoutError(<HTTPSConnection(host='tneapredictor-production.up.railway.app', port=443) at 0x1fb8c3b2710>, 'Connection to tneapredictor-production.up.railway.app timed out. (connect timeout=None)')",1,2026-06-30T14:19:20Z,2026-06-30T14:19:20Z
POST,/auth/login [setup],"ConnectTimeoutError(<HTTPSConnection(host='tneapredictor-production.up.railway.app', port=443) at 0x1fb91aa9090>, 'Connection to tneapredictor-production.up.railway.app timed out. (connect timeout=None)')",1,2026-06-30T14:19:27Z,2026-06-30T14:19:27Z
POST,/auth/login [setup],"ConnectTimeoutError(<HTTPSConnection(host='tneapredictor-production.up.railway.app', port=443) at 0x1fb947d0b90>, 'Connection to tneapredictor-production.up.railway.app timed out. (connect timeout=None)')",1,2026-06-30T14:19:27Z,2026-06-30T14:19:27Z
POST,/auth/login [setup],"ConnectTimeoutError(<HTTPSConnection(host='tneapredictor-production.up.railway.app', port=443) at 0x1fbf3adf890>, 'Connection to tneapredictor-production.up.railway.app timed out. (connect timeout=None)')",1,2026-06-30T14:19:05Z,2026-06-30T14:19:05Z
POST,/auth/login [setup],"ConnectTimeoutError(<HTTPSConnection(host='tneapredictor-production.up.railway.app', port=443) at 0x1fb91671090>, 'Connection to tneapredictor-production.up.railway.app timed out. (connect timeout=None)')",1,2026-06-30T14:19:27Z,2026-06-30T14:19:27Z
POST,/auth/login [setup],"ConnectTimeoutError(<HTTPSConnection(host='tneapredictor-production.up.railway.app', port=443) at 0x1fb90e8d950>, 'Connection to tneapredictor-production.up.railway.app timed out. (connect timeout=None)')",1,2026-06-30T14:19:26Z,2026-06-30T14:19:26Z
GET,/auth/me,"ConnectTimeoutError(<HTTPSConnection(host='tneapredictor-production.up.railway.app', port=443) at 0x1fb88d7e490>, 'Connection to tneapredictor-production.up.railway.app timed out. (connect timeout=None)')",1,2026-06-30T14:19:41Z,2026-06-30T14:19:41Z
POST,/auth/login [setup],"ConnectTimeoutError(<HTTPSConnection(host='tneapredictor-production.up.railway.app', port=443) at 0x1fbf3f0ce10>, 'Connection to tneapredictor-production.up.railway.app timed out. (connect timeout=None)')",1,2026-06-30T14:19:05Z,2026-06-30T14:19:05Z
POST,/predict/colleges [premium],"ConnectTimeoutError(<HTTPSConnection(host='tneapredictor-production.up.railway.app', port=443) at 0x1fb81610410>, 'Connection to tneapredictor-production.up.railway.app timed out. (connect timeout=None)')",1,2026-06-30T14:19:40Z,2026-06-30T14:19:40Z
POST,/auth/login [setup],"ConnectTimeoutError(<HTTPSConnection(host='tneapredictor-production.up.railway.app', port=443) at 0x1fb99ec7110>, 'Connection to tneapredictor-production.up.railway.app timed out. (connect timeout=None)')",1,2026-06-30T14:19:28Z,2026-06-30T14:19:28Z
GET,/auth/me,"ConnectTimeoutError(<HTTPSConnection(host='tneapredictor-production.up.railway.app', port=443) at 0x1fb8c83f390>, 'Connection to tneapredictor-production.up.railway.app timed out. (connect timeout=None)')",1,2026-06-30T14:19:40Z,2026-06-30T14:19:40Z
POST,/predict/colleges [premium],"ConnectTimeoutError(<HTTPSConnection(host='tneapredictor-production.up.railway.app', port=443) at 0x1fbf8120050>, 'Connection to tneapredictor-production.up.railway.app timed out. (connect timeout=None)')",1,2026-06-30T14:19:40Z,2026-06-30T14:19:40Z
POST,/auth/login [setup],"ConnectTimeoutError(<HTTPSConnection(host='tneapredictor-production.up.railway.app', port=443) at 0x1fb94c6ccd0>, 'Connection to tneapredictor-production.up.railway.app timed out. (connect timeout=None)')",1,2026-06-30T14:19:27Z,2026-06-30T14:19:27Z
POST,/auth/login [setup],"ConnectTimeoutError(<HTTPSConnection(host='tneapredictor-production.up.railway.app', port=443) at 0x1fb912ced50>, 'Connection to tneapredictor-production.up.railway.app timed out. (connect timeout=None)')",1,2026-06-30T14:19:27Z,2026-06-30T14:19:27Z
POST,/auth/login [setup],"ConnectTimeoutError(<HTTPSConnection(host='tneapredictor-production.up.railway.app', port=443) at 0x1fbfc762e90>, 'Connection to tneapredictor-production.up.railway.app timed out. (connect timeout=None)')",1,2026-06-30T14:19:07Z,2026-06-30T14:19:07Z
POST,/auth/update-profile,"ConnectTimeoutError(<HTTPSConnection(host='tneapredictor-production.up.railway.app', port=443) at 0x1fb8cfb5a90>, 'Connection to tneapredictor-production.up.railway.app timed out. (connect timeout=None)')",1,2026-06-30T14:19:40Z,2026-06-30T14:19:40Z
POST,/auth/login [setup],"ConnectTimeoutError(<HTTPSConnection(host='tneapredictor-production.up.railway.app', port=443) at 0x1fbf1e64410>, 'Connection to tneapredictor-production.up.railway.app timed out. (connect timeout=None)')",1,2026-06-30T14:19:05Z,2026-06-30T14:19:05Z
POST,/payment/create-order,"ConnectTimeoutError(<HTTPSConnection(host='tneapredictor-production.up.railway.app', port=443) at 0x1fbe1ace990>, 'Connection to tneapredictor-production.up.railway.app timed out. (connect timeout=None)')",1,2026-06-30T14:19:40Z,2026-06-30T14:19:40Z
GET,/auth/me,"ConnectTimeoutError(<HTTPSConnection(host='tneapredictor-production.up.railway.app', port=443) at 0x1fbf0109bd0>, 'Connection to tneapredictor-production.up.railway.app timed out. (connect timeout=None)')",1,2026-06-30T14:19:44Z,2026-06-30T14:19:44Z
POST,/auth/login [setup],"ConnectTimeoutError(<HTTPSConnection(host='tneapredictor-production.up.railway.app', port=443) at 0x1fb94391a90>, 'Connection to tneapredictor-production.up.railway.app timed out. (connect timeout=None)')",1,2026-06-30T14:19:27Z,2026-06-30T14:19:27Z
POST,/auth/login [setup],"ConnectTimeoutError(<HTTPSConnection(host='tneapredictor-production.up.railway.app', port=443) at 0x1fbe9f14cd0>, 'Connection to tneapredictor-production.up.railway.app timed out. (connect timeout=None)')",1,2026-06-30T14:19:04Z,2026-06-30T14:19:04Z
POST,/auth/login [setup],"ConnectTimeoutError(<HTTPSConnection(host='tneapredictor-production.up.railway.app', port=443) at 0x1fb99e42ad0>, 'Connection to tneapredictor-production.up.railway.app timed out. (connect timeout=None)')",1,2026-06-30T14:19:28Z,2026-06-30T14:19:28Z
POST,/auth/login [setup],"ConnectTimeoutError(<HTTPSConnection(host='tneapredictor-production.up.railway.app', port=443) at 0x1fb90a5d6d0>, 'Connection to tneapredictor-production.up.railway.app timed out. (connect timeout=None)')",1,2026-06-30T14:19:26Z,2026-06-30T14:19:26Z
POST,/predict/colleges [guest],"ConnectTimeoutError(<HTTPSConnection(host='tneapredictor-production.up.railway.app', port=443) at 0x1fb9a71bed0>, 'Connection to tneapredictor-production.up.railway.app timed out. (connect timeout=None)')",1,2026-06-30T14:19:42Z,2026-06-30T14:19:42Z
POST,/auth/login [setup],"ConnectTimeoutError(<HTTPSConnection(host='tneapredictor-production.up.railway.app', port=443) at 0x1fb9a2f4690>, 'Connection to tneapredictor-production.up.railway.app timed out. (connect timeout=None)')",1,2026-06-30T14:19:28Z,2026-06-30T14:19:28Z
POST,/auth/login [setup],"ConnectTimeoutError(<HTTPSConnection(host='tneapredictor-production.up.railway.app', port=443) at 0x1fb90a5d950>, 'Connection to tneapredictor-production.up.railway.app timed out. (connect timeout=None)')",1,2026-06-30T14:19:26Z,2026-06-30T14:19:26Z
POST,/auth/update-profile,"gaierror(11001, 'getaddrinfo failed')",11,2026-06-30T14:19:37Z,2026-06-30T14:20:33Z
POST,/payment/create-order,"ConnectTimeoutError(<HTTPSConnection(host='tneapredictor-production.up.railway.app', port=443) at 0x1fbf7cfa0d0>, 'Connection to tneapredictor-production.up.railway.app timed out. (connect timeout=None)')",1,2026-06-30T14:19:40Z,2026-06-30T14:19:40Z
POST,/auth/login [setup],"ConnectTimeoutError(<HTTPSConnection(host='tneapredictor-production.up.railway.app', port=443) at 0x1fbefd0a710>, 'Connection to tneapredictor-production.up.railway.app timed out. (connect timeout=None)')",1,2026-06-30T14:19:04Z,2026-06-30T14:19:04Z
POST,/auth/login [setup],"ConnectTimeoutError(<HTTPSConnection(host='tneapredictor-production.up.railway.app', port=443) at 0x1fb99661090>, 'Connection to tneapredictor-production.up.railway.app timed out. (connect timeout=None)')",1,2026-06-30T14:19:28Z,2026-06-30T14:19:28Z
POST,/auth/login [setup],"ConnectTimeoutError(<HTTPSConnection(host='tneapredictor-production.up.railway.app', port=443) at 0x1fb960dd810>, 'Connection to tneapredictor-production.up.railway.app timed out. (connect timeout=None)')",1,2026-06-30T14:19:28Z,2026-06-30T14:19:28Z
POST,/auth/login [setup],"ConnectTimeoutError(<HTTPSConnection(host='tneapredictor-production.up.railway.app', port=443) at 0x1fb8f9982d0>, 'Connection to tneapredictor-production.up.railway.app timed out. (connect timeout=None)')",1,2026-06-30T14:19:21Z,2026-06-30T14:19:21Z
POST,/payment/create-order,"ConnectTimeoutError(<HTTPSConnection(host='tneapredictor-production.up.railway.app', port=443) at 0x1fb88977890>, 'Connection to tneapredictor-production.up.railway.app timed out. (connect timeout=None)')",1,2026-06-30T14:19:43Z,2026-06-30T14:19:43Z
POST,/auth/login [setup],"ConnectTimeoutError(<HTTPSConnection(host='tneapredictor-production.up.railway.app', port=443) at 0x1fb98185d10>, 'Connection to tneapredictor-production.up.railway.app timed out. (connect timeout=None)')",1,2026-06-30T14:19:28Z,2026-06-30T14:19:28Z
POST,/auth/login [setup],"ConnectTimeoutError(<HTTPSConnection(host='tneapredictor-production.up.railway.app', port=443) at 0x1fb89240690>, 'Connection to tneapredictor-production.up.railway.app timed out. (connect timeout=None)')",1,2026-06-30T14:19:20Z,2026-06-30T14:19:20Z
POST,/auth/login [setup],"ConnectTimeoutError(<HTTPSConnection(host='tneapredictor-production.up.railway.app', port=443) at 0x1fb91a260d0>, 'Connection to tneapredictor-production.up.railway.app timed out. (connect timeout=None)')",1,2026-06-30T14:19:27Z,2026-06-30T14:19:27Z
POST,/auth/login [setup],"ConnectTimeoutError(<HTTPSConnection(host='tneapredictor-production.up.railway.app', port=443) at 0x1fb93b1a490>, 'Connection to tneapredictor-production.up.railway.app timed out. (connect timeout=None)')",1,2026-06-30T14:19:27Z,2026-06-30T14:19:27Z
POST,/auth/login [setup],"ConnectTimeoutError(<HTTPSConnection(host='tneapredictor-production.up.railway.app', port=443) at 0x1fbe899ce10>, 'Connection to tneapredictor-production.up.railway.app timed out. (connect timeout=None)')",1,2026-06-30T14:19:04Z,2026-06-30T14:19:04Z
POST,/predict/colleges [auth],"ConnectTimeoutError(<HTTPSConnection(host='tneapredictor-production.up.railway.app', port=443) at 0x1fb8bac5a90>, 'Connection to tneapredictor-production.up.railway.app timed out. (connect timeout=None)')",1,2026-06-30T14:19:26Z,2026-06-30T14:19:26Z
GET,/auth/me,"ConnectTimeoutError(<HTTPSConnection(host='tneapredictor-production.up.railway.app', port=443) at 0x1fb905b16d0>, 'Connection to tneapredictor-production.up.railway.app timed out. (connect timeout=None)')",1,2026-06-30T14:19:41Z,2026-06-30T14:19:41Z
POST,/auth/login [setup],"ConnectTimeoutError(<HTTPSConnection(host='tneapredictor-production.up.railway.app', port=443) at 0x1fb95882490>, 'Connection to tneapredictor-production.up.railway.app timed out. (connect timeout=None)')",1,2026-06-30T14:19:27Z,2026-06-30T14:19:27Z
POST,/predict/colleges [premium],"ConnectTimeoutError(<HTTPSConnection(host='tneapredictor-production.up.railway.app', port=443) at 0x1fb8d48ad50>, 'Connection to tneapredictor-production.up.railway.app timed out. (connect timeout=None)')",1,2026-06-30T14:19:41Z,2026-06-30T14:19:41Z
POST,/auth/login [setup],"ConnectTimeoutError(<HTTPSConnection(host='tneapredictor-production.up.railway.app', port=443) at 0x1fb91ed0b90>, 'Connection to tneapredictor-production.up.railway.app timed out. (connect timeout=None)')",1,2026-06-30T14:19:27Z,2026-06-30T14:19:27Z
POST,/payment/create-order,"ConnectTimeoutError(<HTTPSConnection(host='tneapredictor-production.up.railway.app', port=443) at 0x1fb9272bed0>, 'Connection to tneapredictor-production.up.railway.app timed out. (connect timeout=None)')",1,2026-06-30T14:19:42Z,2026-06-30T14:19:42Z
POST,/payment/create-order,"ConnectTimeoutError(<HTTPSConnection(host='tneapredictor-production.up.railway.app', port=443) at 0x1fb89a3a990>, 'Connection to tneapredictor-production.up.railway.app timed out. (connect timeout=None)')",1,2026-06-30T14:19:42Z,2026-06-30T14:19:42Z
POST,/auth/login [setup],"ConnectTimeoutError(<HTTPSConnection(host='tneapredictor-production.up.railway.app', port=443) at 0x1fb9440e5d0>, 'Connection to tneapredictor-production.up.railway.app timed out. (connect timeout=None)')",1,2026-06-30T14:19:27Z,2026-06-30T14:19:27Z
POST,/auth/login [setup],"ConnectTimeoutError(<HTTPSConnection(host='tneapredictor-production.up.railway.app', port=443) at 0x1fb9baa2350>, 'Connection to tneapredictor-production.up.railway.app timed out. (connect timeout=None)')",1,2026-06-30T14:19:28Z,2026-06-30T14:19:28Z
POST,/auth/login [setup],"ConnectTimeoutError(<HTTPSConnection(host='tneapredictor-production.up.railway.app', port=443) at 0x1fb90e16e90>, 'Connection to tneapredictor-production.up.railway.app timed out. (connect timeout=None)')",1,2026-06-30T14:19:26Z,2026-06-30T14:19:26Z
POST,/auth/login [setup],"ConnectTimeoutError(<HTTPSConnection(host='tneapredictor-production.up.railway.app', port=443) at 0x1fb9bb21a90>, 'Connection to tneapredictor-production.up.railway.app timed out. (connect timeout=None)')",1,2026-06-30T14:19:28Z,2026-06-30T14:19:28Z
POST,/auth/login [setup],"ConnectTimeoutError(<HTTPSConnection(host='tneapredictor-production.up.railway.app', port=443) at 0x1fb90a5f4d0>, 'Connection to tneapredictor-production.up.railway.app timed out. (connect timeout=None)')",1,2026-06-30T14:19:26Z,2026-06-30T14:19:26Z
POST,/payment/create-order,"ConnectTimeoutError(<HTTPSConnection(host='tneapredictor-production.up.railway.app', port=443) at 0x1fb88df0550>, 'Connection to tneapredictor-production.up.railway.app timed out. (connect timeout=None)')",1,2026-06-30T14:19:42Z,2026-06-30T14:19:42Z
POST,/auth/login [setup],"ConnectTimeoutError(<HTTPSConnection(host='tneapredictor-production.up.railway.app', port=443) at 0x1fb99a93390>, 'Connection to tneapredictor-production.up.railway.app timed out. (connect timeout=None)')",1,2026-06-30T14:19:28Z,2026-06-30T14:19:28Z
POST,/predict/colleges [premium],"ConnectTimeoutError(<HTTPSConnection(host='tneapredictor-production.up.railway.app', port=443) at 0x1fb891c5a90>, 'Connection to tneapredictor-production.up.railway.app timed out. (connect timeout=None)')",1,2026-06-30T14:19:41Z,2026-06-30T14:19:41Z
POST,/auth/login [setup],"ConnectTimeoutError(<HTTPSConnection(host='tneapredictor-production.up.railway.app', port=443) at 0x1fb97cc0550>, 'Connection to tneapredictor-production.up.railway.app timed out. (connect timeout=None)')",1,2026-06-30T14:19:28Z,2026-06-30T14:19:28Z
POST,/auth/login [setup],"ConnectTimeoutError(<HTTPSConnection(host='tneapredictor-production.up.railway.app', port=443) at 0x1fb95880e10>, 'Connection to tneapredictor-production.up.railway.app timed out. (connect timeout=None)')",1,2026-06-30T14:19:27Z,2026-06-30T14:19:27Z
POST,/predict/colleges [premium],"ConnectTimeoutError(<HTTPSConnection(host='tneapredictor-production.up.railway.app', port=443) at 0x1fb89240f50>, 'Connection to tneapredictor-production.up.railway.app timed out. (connect timeout=None)')",1,2026-06-30T14:19:42Z,2026-06-30T14:19:42Z
POST,/auth/login [setup],"ConnectTimeoutError(<HTTPSConnection(host='tneapredictor-production.up.railway.app', port=443) at 0x1fb98df7610>, 'Connection to tneapredictor-production.up.railway.app timed out. (connect timeout=None)')",1,2026-06-30T14:19:28Z,2026-06-30T14:19:28Z
POST,/auth/login [setup],"ConnectTimeoutError(<HTTPSConnection(host='tneapredictor-production.up.railway.app', port=443) at 0x1fb9440ead0>, 'Connection to tneapredictor-production.up.railway.app timed out. (connect timeout=None)')",1,2026-06-30T14:19:27Z,2026-06-30T14:19:27Z
POST,/auth/login [setup],"ConnectTimeoutError(<HTTPSConnection(host='tneapredictor-production.up.railway.app', port=443) at 0x1fb989ec910>, 'Connection to tneapredictor-production.up.railway.app timed out. (connect timeout=None)')",1,2026-06-30T14:19:28Z,2026-06-30T14:19:28Z
POST,/auth/login [setup],"ConnectTimeoutError(<HTTPSConnection(host='tneapredictor-production.up.railway.app', port=443) at 0x1fb93f5fb10>, 'Connection to tneapredictor-production.up.railway.app timed out. (connect timeout=None)')",1,2026-06-30T14:19:27Z,2026-06-30T14:19:27Z
POST,/auth/login [setup],"ConnectTimeoutError(<HTTPSConnection(host='tneapredictor-production.up.railway.app', port=443) at 0x1fb93aaa350>, 'Connection to tneapredictor-production.up.railway.app timed out. (connect timeout=None)')",1,2026-06-30T14:19:27Z,2026-06-30T14:19:27Z
POST,/payment/create-order,"ConnectTimeoutError(<HTTPSConnection(host='tneapredictor-production.up.railway.app', port=443) at 0x1fb87cd8690>, 'Connection to tneapredictor-production.up.railway.app timed out. (connect timeout=None)')",1,2026-06-30T14:19:41Z,2026-06-30T14:19:41Z
POST,/predict/colleges [premium],"ConnectTimeoutError(<HTTPSConnection(host='tneapredictor-production.up.railway.app', port=443) at 0x1fbfa7cead0>, 'Connection to tneapredictor-production.up.railway.app timed out. (connect timeout=None)')",1,2026-06-30T14:19:40Z,2026-06-30T14:19:40Z
POST,/predict/colleges [premium],"ConnectTimeoutError(<HTTPSConnection(host='tneapredictor-production.up.railway.app', port=443) at 0x1fb84c11e50>, 'Connection to tneapredictor-production.up.railway.app timed out. (connect timeout=None)')",1,2026-06-30T14:19:42Z,2026-06-30T14:19:42Z
POST,/auth/update-profile,"ConnectTimeoutError(<HTTPSConnection(host='tneapredictor-production.up.railway.app', port=443) at 0x1fb90104550>, 'Connection to tneapredictor-production.up.railway.app timed out. (connect timeout=None)')",1,2026-06-30T14:19:42Z,2026-06-30T14:19:42Z
POST,/auth/login [setup],"ConnectTimeoutError(<HTTPSConnection(host='tneapredictor-production.up.railway.app', port=443) at 0x1fb98184410>, 'Connection to tneapredictor-production.up.railway.app timed out. (connect timeout=None)')",1,2026-06-30T14:19:28Z,2026-06-30T14:19:28Z
POST,/auth/login [setup],"ConnectTimeoutError(<HTTPSConnection(host='tneapredictor-production.up.railway.app', port=443) at 0x1fb8d033610>, 'Connection to tneapredictor-production.up.railway.app timed out. (connect timeout=None)')",1,2026-06-30T14:19:21Z,2026-06-30T14:19:21Z
POST,/predict/colleges [premium],"ConnectTimeoutError(<HTTPSConnection(host='tneapredictor-production.up.railway.app', port=443) at 0x1fb92300050>, 'Connection to tneapredictor-production.up.railway.app timed out. (connect timeout=None)')",1,2026-06-30T14:19:42Z,2026-06-30T14:19:42Z
GET,/auth/me,"ConnectTimeoutError(<HTTPSConnection(host='tneapredictor-production.up.railway.app', port=443) at 0x1fb93eeb390>, 'Connection to tneapredictor-production.up.railway.app timed out. (connect timeout=None)')",1,2026-06-30T14:19:42Z,2026-06-30T14:19:42Z
POST,/auth/login [setup],"ConnectTimeoutError(<HTTPSConnection(host='tneapredictor-production.up.railway.app', port=443) at 0x1fbf3f8b9d0>, 'Connection to tneapredictor-production.up.railway.app timed out. (connect timeout=None)')",1,2026-06-30T14:19:05Z,2026-06-30T14:19:05Z
POST,/predict/colleges [premium],"ConnectTimeoutError(<HTTPSConnection(host='tneapredictor-production.up.railway.app', port=443) at 0x1fb8a291310>, 'Connection to tneapredictor-production.up.railway.app timed out. (connect timeout=None)')",1,2026-06-30T14:19:42Z,2026-06-30T14:19:42Z
POST,/auth/login [setup],"ConnectTimeoutError(<HTTPSConnection(host='tneapredictor-production.up.railway.app', port=443) at 0x1fb958f5950>, 'Connection to tneapredictor-production.up.railway.app timed out. (connect timeout=None)')",1,2026-06-30T14:19:28Z,2026-06-30T14:19:28Z
POST,/auth/login [setup],"ConnectTimeoutError(<HTTPSConnection(host='tneapredictor-production.up.railway.app', port=443) at 0x1fb93ee9e50>, 'Connection to tneapredictor-production.up.railway.app timed out. (connect timeout=None)')",1,2026-06-30T14:19:27Z,2026-06-30T14:19:27Z
POST,/auth/login [setup],"ConnectTimeoutError(<HTTPSConnection(host='tneapredictor-production.up.railway.app', port=443) at 0x1fb8e4aafd0>, 'Connection to tneapredictor-production.up.railway.app timed out. (connect timeout=None)')",1,2026-06-30T14:19:21Z,2026-06-30T14:19:21Z
POST,/auth/login [setup],"ConnectTimeoutError(<HTTPSConnection(host='tneapredictor-production.up.railway.app', port=443) at 0x1fb91672990>, 'Connection to tneapredictor-production.up.railway.app timed out. (connect timeout=None)')",1,2026-06-30T14:19:27Z,2026-06-30T14:19:27Z
POST,/auth/update-profile,"ConnectTimeoutError(<HTTPSConnection(host='tneapredictor-production.up.railway.app', port=443) at 0x1fb8d0aec10>, 'Connection to tneapredictor-production.up.railway.app timed out. (connect timeout=None)')",1,2026-06-30T14:19:40Z,2026-06-30T14:19:40Z
POST,/auth/login [setup],"ConnectTimeoutError(<HTTPSConnection(host='tneapredictor-production.up.railway.app', port=443) at 0x1fb88541bd0>, 'Connection to tneapredictor-production.up.railway.app timed out. (connect timeout=None)')",1,2026-06-30T14:19:20Z,2026-06-30T14:19:20Z
POST,/auth/login [setup],"ConnectTimeoutError(<HTTPSConnection(host='tneapredictor-production.up.railway.app', port=443) at 0x1fb912ce350>, 'Connection to tneapredictor-production.up.railway.app timed out. (connect timeout=None)')",1,2026-06-30T14:19:27Z,2026-06-30T14:19:27Z
POST,/auth/login [setup],"ConnectTimeoutError(<HTTPSConnection(host='tneapredictor-production.up.railway.app', port=443) at 0x1fb912cc050>, 'Connection to tneapredictor-production.up.railway.app timed out. (connect timeout=None)')",1,2026-06-30T14:19:27Z,2026-06-30T14:19:27Z
POST,/auth/login [setup],"ConnectTimeoutError(<HTTPSConnection(host='tneapredictor-production.up.railway.app', port=443) at 0x1fb99e41e50>, 'Connection to tneapredictor-production.up.railway.app timed out. (connect timeout=None)')",1,2026-06-30T14:19:28Z,2026-06-30T14:19:28Z
POST,/auth/login [setup],"ConnectTimeoutError(<HTTPSConnection(host='tneapredictor-production.up.railway.app', port=443) at 0x1fb96517110>, 'Connection to tneapredictor-production.up.railway.app timed out. (connect timeout=None)')",1,2026-06-30T14:19:28Z,2026-06-30T14:19:28Z
POST,/auth/login [setup],"ConnectTimeoutError(<HTTPSConnection(host='tneapredictor-production.up.railway.app', port=443) at 0x1fb90965950>, 'Connection to tneapredictor-production.up.railway.app timed out. (connect timeout=None)')",1,2026-06-30T14:19:23Z,2026-06-30T14:19:23Z
POST,/auth/login [setup],"ConnectTimeoutError(<HTTPSConnection(host='tneapredictor-production.up.railway.app', port=443) at 0x1fb97db6ad0>, 'Connection to tneapredictor-production.up.railway.app timed out. (connect timeout=None)')",1,2026-06-30T14:19:28Z,2026-06-30T14:19:28Z
POST,/predict/colleges [premium],"ConnectTimeoutError(<HTTPSConnection(host='tneapredictor-production.up.railway.app', port=443) at 0x1fbf010b750>, 'Connection to tneapredictor-production.up.railway.app timed out. (connect timeout=None)')",1,2026-06-30T14:19:44Z,2026-06-30T14:19:44Z
POST,/auth/login [setup],"ConnectTimeoutError(<HTTPSConnection(host='tneapredictor-production.up.railway.app', port=443) at 0x1fb8fd71f90>, 'Connection to tneapredictor-production.up.railway.app timed out. (connect timeout=None)')",1,2026-06-30T14:19:21Z,2026-06-30T14:19:21Z
GET,/auth/me,"ConnectTimeoutError(<HTTPSConnection(host='tneapredictor-production.up.railway.app', port=443) at 0x1fb89a39810>, 'Connection to tneapredictor-production.up.railway.app timed out. (connect timeout=None)')",1,2026-06-30T14:19:27Z,2026-06-30T14:19:27Z
GET,/auth/me,"ConnectTimeoutError(<HTTPSConnection(host='tneapredictor-production.up.railway.app', port=443) at 0x1fb89e58e10>, 'Connection to tneapredictor-production.up.railway.app timed out. (connect timeout=None)')",1,2026-06-30T14:19:43Z,2026-06-30T14:19:43Z
POST,/auth/login [setup],"ConnectTimeoutError(<HTTPSConnection(host='tneapredictor-production.up.railway.app', port=443) at 0x1fb989edd10>, 'Connection to tneapredictor-production.up.railway.app timed out. (connect timeout=None)')",1,2026-06-30T14:19:28Z,2026-06-30T14:19:28Z
POST,/auth/login [setup],"ConnectTimeoutError(<HTTPSConnection(host='tneapredictor-production.up.railway.app', port=443) at 0x1fbe899c690>, 'Connection to tneapredictor-production.up.railway.app timed out. (connect timeout=None)')",1,2026-06-30T14:19:04Z,2026-06-30T14:19:04Z
POST,/auth/login [setup],"ConnectTimeoutError(<HTTPSConnection(host='tneapredictor-production.up.railway.app', port=443) at 0x1fb93f5dd10>, 'Connection to tneapredictor-production.up.railway.app timed out. (connect timeout=None)')",1,2026-06-30T14:19:27Z,2026-06-30T14:19:27Z
POST,/auth/update-profile,"ConnectTimeoutError(<HTTPSConnection(host='tneapredictor-production.up.railway.app', port=443) at 0x1fb8e0eb9d0>, 'Connection to tneapredictor-production.up.railway.app timed out. (connect timeout=None)')",1,2026-06-30T14:19:41Z,2026-06-30T14:19:41Z
POST,/auth/login [setup],"ConnectTimeoutError(<HTTPSConnection(host='tneapredictor-production.up.railway.app', port=443) at 0x1fb99229810>, 'Connection to tneapredictor-production.up.railway.app timed out. (connect timeout=None)')",1,2026-06-30T14:19:28Z,2026-06-30T14:19:28Z
POST,/auth/login [setup],"ConnectTimeoutError(<HTTPSConnection(host='tneapredictor-production.up.railway.app', port=443) at 0x1fb89670410>, 'Connection to tneapredictor-production.up.railway.app timed out. (connect timeout=None)')",1,2026-06-30T14:19:20Z,2026-06-30T14:19:20Z
POST,/auth/login [setup],"ConnectTimeoutError(<HTTPSConnection(host='tneapredictor-production.up.railway.app', port=443) at 0x1fb97884550>, 'Connection to tneapredictor-production.up.railway.app timed out. (connect timeout=None)')",1,2026-06-30T14:19:28Z,2026-06-30T14:19:28Z
GET,/auth/me,"ConnectTimeoutError(<HTTPSConnection(host='tneapredictor-production.up.railway.app', port=443) at 0x1fbf9abd810>, 'Connection to tneapredictor-production.up.railway.app timed out. (connect timeout=None)')",1,2026-06-30T14:19:40Z,2026-06-30T14:19:40Z
POST,/predict/colleges [premium],"ConnectTimeoutError(<HTTPSConnection(host='tneapredictor-production.up.railway.app', port=443) at 0x1fb88976490>, 'Connection to tneapredictor-production.up.railway.app timed out. (connect timeout=None)')",1,2026-06-30T14:19:43Z,2026-06-30T14:19:43Z
POST,/auth/login [setup],"ConnectTimeoutError(<HTTPSConnection(host='tneapredictor-production.up.railway.app', port=443) at 0x1fb88540cd0>, 'Connection to tneapredictor-production.up.railway.app timed out. (connect timeout=None)')",1,2026-06-30T14:19:20Z,2026-06-30T14:19:20Z
POST,/predict/colleges [premium],"ConnectTimeoutError(<HTTPSConnection(host='tneapredictor-production.up.railway.app', port=443) at 0x1fb8cfb6c10>, 'Connection to tneapredictor-production.up.railway.app timed out. (connect timeout=None)')",1,2026-06-30T14:19:40Z,2026-06-30T14:19:40Z
POST,/auth/login [setup],"ConnectTimeoutError(<HTTPSConnection(host='tneapredictor-production.up.railway.app', port=443) at 0x1fb96063ed0>, 'Connection to tneapredictor-production.up.railway.app timed out. (connect timeout=None)')",1,2026-06-30T14:19:28Z,2026-06-30T14:19:28Z
POST,/auth/login [setup],"ConnectTimeoutError(<HTTPSConnection(host='tneapredictor-production.up.railway.app', port=443) at 0x1fbe47f2850>, 'Connection to tneapredictor-production.up.railway.app timed out. (connect timeout=None)')",1,2026-06-30T14:19:04Z,2026-06-30T14:19:04Z
POST,/auth/login [setup],"ConnectTimeoutError(<HTTPSConnection(host='tneapredictor-production.up.railway.app', port=443) at 0x1fb88542d50>, 'Connection to tneapredictor-production.up.railway.app timed out. (connect timeout=None)')",1,2026-06-30T14:19:20Z,2026-06-30T14:19:20Z
POST,/auth/login [setup],"ConnectTimeoutError(<HTTPSConnection(host='tneapredictor-production.up.railway.app', port=443) at 0x1fbe9e8a710>, 'Connection to tneapredictor-production.up.railway.app timed out. (connect timeout=None)')",1,2026-06-30T14:19:04Z,2026-06-30T14:19:04Z
GET,/auth/me,"ConnectTimeoutError(<HTTPSConnection(host='tneapredictor-production.up.railway.app', port=443) at 0x1fb95806c10>, 'Connection to tneapredictor-production.up.railway.app timed out. (connect timeout=None)')",1,2026-06-30T14:19:42Z,2026-06-30T14:19:42Z
POST,/payment/create-order,"ConnectTimeoutError(<HTTPSConnection(host='tneapredictor-production.up.railway.app', port=443) at 0x1fb8d816c10>, 'Connection to tneapredictor-production.up.railway.app timed out. (connect timeout=None)')",1,2026-06-30T14:19:41Z,2026-06-30T14:19:41Z
POST,/predict/colleges [premium],"ConnectTimeoutError(<HTTPSConnection(host='tneapredictor-production.up.railway.app', port=443) at 0x1fb864b3d90>, 'Connection to tneapredictor-production.up.railway.app timed out. (connect timeout=None)')",1,2026-06-30T14:19:43Z,2026-06-30T14:19:43Z
POST,/auth/login [setup],"ConnectTimeoutError(<HTTPSConnection(host='tneapredictor-production.up.railway.app', port=443) at 0x1fb958047d0>, 'Connection to tneapredictor-production.up.railway.app timed out. (connect timeout=None)')",1,2026-06-30T14:19:27Z,2026-06-30T14:19:27Z
POST,/auth/login [setup],"ConnectTimeoutError(<HTTPSConnection(host='tneapredictor-production.up.railway.app', port=443) at 0x1fbf4340e10>, 'Connection to tneapredictor-production.up.railway.app timed out. (connect timeout=None)')",1,2026-06-30T14:19:05Z,2026-06-30T14:19:05Z
POST,/auth/login [setup],"ConnectTimeoutError(<HTTPSConnection(host='tneapredictor-production.up.railway.app', port=443) at 0x1fb978874d0>, 'Connection to tneapredictor-production.up.railway.app timed out. (connect timeout=None)')",1,2026-06-30T14:19:28Z,2026-06-30T14:19:28Z
GET,/auth/me,"ConnectTimeoutError(<HTTPSConnection(host='tneapredictor-production.up.railway.app', port=443) at 0x1fb8f8a2490>, 'Connection to tneapredictor-production.up.railway.app timed out. (connect timeout=None)')",1,2026-06-30T14:19:26Z,2026-06-30T14:19:26Z
POST,/auth/login [setup],"ConnectTimeoutError(<HTTPSConnection(host='tneapredictor-production.up.railway.app', port=443) at 0x1fb8a293c50>, 'Connection to tneapredictor-production.up.railway.app timed out. (connect timeout=None)')",1,2026-06-30T14:19:20Z,2026-06-30T14:19:20Z
POST,/auth/login [setup],"ConnectTimeoutError(<HTTPSConnection(host='tneapredictor-production.up.railway.app', port=443) at 0x1fb91e50050>, 'Connection to tneapredictor-production.up.railway.app timed out. (connect timeout=None)')",1,2026-06-30T14:19:27Z,2026-06-30T14:19:27Z
GET,/auth/me,"ConnectTimeoutError(<HTTPSConnection(host='tneapredictor-production.up.railway.app', port=443) at 0x1fb8a38fb10>, 'Connection to tneapredictor-production.up.railway.app timed out. (connect timeout=None)')",1,2026-06-30T14:19:42Z,2026-06-30T14:19:42Z
POST,/payment/create-order,"ConnectTimeoutError(<HTTPSConnection(host='tneapredictor-production.up.railway.app', port=443) at 0x1fb88542210>, 'Connection to tneapredictor-production.up.railway.app timed out. (connect timeout=None)')",1,2026-06-30T14:19:43Z,2026-06-30T14:19:43Z
GET,/auth/me,"ConnectTimeoutError(<HTTPSConnection(host='tneapredictor-production.up.railway.app', port=443) at 0x1fb8bb3dbd0>, 'Connection to tneapredictor-production.up.railway.app timed out. (connect timeout=None)')",1,2026-06-30T14:19:41Z,2026-06-30T14:19:41Z
POST,/auth/login [setup],"ConnectTimeoutError(<HTTPSConnection(host='tneapredictor-production.up.railway.app', port=443) at 0x1fb98185f90>, 'Connection to tneapredictor-production.up.railway.app timed out. (connect timeout=None)')",1,2026-06-30T14:19:28Z,2026-06-30T14:19:28Z
POST,/auth/login [setup],"ConnectTimeoutError(<HTTPSConnection(host='tneapredictor-production.up.railway.app', port=443) at 0x1fb9bb20410>, 'Connection to tneapredictor-production.up.railway.app timed out. (connect timeout=None)')",1,2026-06-30T14:19:28Z,2026-06-30T14:19:28Z
GET,/auth/me,"gaierror(11001, 'getaddrinfo failed')",13,2026-06-30T14:19:37Z,2026-06-30T14:20:33Z
POST,/auth/login [setup],"ConnectTimeoutError(<HTTPSConnection(host='tneapredictor-production.up.railway.app', port=443) at 0x1fbfbf860d0>, 'Connection to tneapredictor-production.up.railway.app timed out. (connect timeout=None)')",1,2026-06-30T14:19:07Z,2026-06-30T14:19:07Z
GET,/auth/me,"ConnectTimeoutError(<HTTPSConnection(host='tneapredictor-production.up.railway.app', port=443) at 0x1fb8547e350>, 'Connection to tneapredictor-production.up.railway.app timed out. (connect timeout=None)')",1,2026-06-30T14:19:44Z,2026-06-30T14:19:44Z
POST,/auth/login [setup],"ConnectTimeoutError(<HTTPSConnection(host='tneapredictor-production.up.railway.app', port=443) at 0x1fb95ce5d10>, 'Connection to tneapredictor-production.up.railway.app timed out. (connect timeout=None)')",1,2026-06-30T14:19:28Z,2026-06-30T14:19:28Z
POST,/auth/login [setup],"ConnectTimeoutError(<HTTPSConnection(host='tneapredictor-production.up.railway.app', port=443) at 0x1fb985b5a90>, 'Connection to tneapredictor-production.up.railway.app timed out. (connect timeout=None)')",1,2026-06-30T14:19:28Z,2026-06-30T14:19:28Z
POST,/auth/login [setup],"ConnectTimeoutError(<HTTPSConnection(host='tneapredictor-production.up.railway.app', port=443) at 0x1fb922865d0>, 'Connection to tneapredictor-production.up.railway.app timed out. (connect timeout=None)')",1,2026-06-30T14:19:27Z,2026-06-30T14:19:27Z
POST,/auth/login [setup],"ConnectTimeoutError(<HTTPSConnection(host='tneapredictor-production.up.railway.app', port=443) at 0x1fbe9613610>, 'Connection to tneapredictor-production.up.railway.app timed out. (connect timeout=None)')",1,2026-06-30T14:19:04Z,2026-06-30T14:19:04Z
POST,/auth/login [setup],"ConnectTimeoutError(<HTTPSConnection(host='tneapredictor-production.up.railway.app', port=443) at 0x1fbe4ba5d10>, 'Connection to tneapredictor-production.up.railway.app timed out. (connect timeout=None)')",1,2026-06-30T14:19:04Z,2026-06-30T14:19:04Z
POST,/payment/create-order,"ConnectTimeoutError(<HTTPSConnection(host='tneapredictor-production.up.railway.app', port=443) at 0x1fb8c83f610>, 'Connection to tneapredictor-production.up.railway.app timed out. (connect timeout=None)')",1,2026-06-30T14:19:40Z,2026-06-30T14:19:40Z
POST,/auth/login [setup],"ConnectTimeoutError(<HTTPSConnection(host='tneapredictor-production.up.railway.app', port=443) at 0x1fbec345090>, 'Connection to tneapredictor-production.up.railway.app timed out. (connect timeout=None)')",1,2026-06-30T14:19:04Z,2026-06-30T14:19:04Z
POST,/auth/login [setup],"ConnectTimeoutError(<HTTPSConnection(host='tneapredictor-production.up.railway.app', port=443) at 0x1fb98185310>, 'Connection to tneapredictor-production.up.railway.app timed out. (connect timeout=None)')",1,2026-06-30T14:19:28Z,2026-06-30T14:19:28Z
POST,/auth/login [setup],"ConnectTimeoutError(<HTTPSConnection(host='tneapredictor-production.up.railway.app', port=443) at 0x1fbf3b54550>, 'Connection to tneapredictor-production.up.railway.app timed out. (connect timeout=None)')",1,2026-06-30T14:19:05Z,2026-06-30T14:19:05Z
POST,/auth/login [setup],"ConnectTimeoutError(<HTTPSConnection(host='tneapredictor-production.up.railway.app', port=443) at 0x1fb99ec6e90>, 'Connection to tneapredictor-production.up.railway.app timed out. (connect timeout=None)')",1,2026-06-30T14:19:28Z,2026-06-30T14:19:28Z
POST,/auth/login [setup],"ConnectTimeoutError(<HTTPSConnection(host='tneapredictor-production.up.railway.app', port=443) at 0x1fbfcc9d090>, 'Connection to tneapredictor-production.up.railway.app timed out. (connect timeout=None)')",1,2026-06-30T14:19:07Z,2026-06-30T14:19:07Z
POST,/auth/login [setup],"ConnectTimeoutError(<HTTPSConnection(host='tneapredictor-production.up.railway.app', port=443) at 0x1fbe7d9ccd0>, 'Connection to tneapredictor-production.up.railway.app timed out. (connect timeout=None)')",1,2026-06-30T14:19:04Z,2026-06-30T14:19:04Z
POST,/auth/login [setup],"ConnectTimeoutError(<HTTPSConnection(host='tneapredictor-production.up.railway.app', port=443) at 0x1fb93aa9e50>, 'Connection to tneapredictor-production.up.railway.app timed out. (connect timeout=None)')",1,2026-06-30T14:19:27Z,2026-06-30T14:19:27Z
POST,/predict/colleges [premium],"ConnectTimeoutError(<HTTPSConnection(host='tneapredictor-production.up.railway.app', port=443) at 0x1fb80551f90>, 'Connection to tneapredictor-production.up.railway.app timed out. (connect timeout=None)')",1,2026-06-30T14:19:40Z,2026-06-30T14:19:40Z
POST,/auth/login [setup],"ConnectTimeoutError(<HTTPSConnection(host='tneapredictor-production.up.railway.app', port=443) at 0x1fb95880190>, 'Connection to tneapredictor-production.up.railway.app timed out. (connect timeout=None)')",1,2026-06-30T14:19:27Z,2026-06-30T14:19:27Z
POST,/auth/login [setup],"ConnectTimeoutError(<HTTPSConnection(host='tneapredictor-production.up.railway.app', port=443) at 0x1fb8d0ad1d0>, 'Connection to tneapredictor-production.up.railway.app timed out. (connect timeout=None)')",1,2026-06-30T14:19:21Z,2026-06-30T14:19:21Z
POST,/auth/login [setup],"ConnectTimeoutError(<HTTPSConnection(host='tneapredictor-production.up.railway.app', port=443) at 0x1fb9baa0050>, 'Connection to tneapredictor-production.up.railway.app timed out. (connect timeout=None)')",1,2026-06-30T14:19:28Z,2026-06-30T14:19:28Z
POST,/predict/colleges [premium],"ConnectTimeoutError(<HTTPSConnection(host='tneapredictor-production.up.railway.app', port=443) at 0x1fb89243ed0>, 'Connection to tneapredictor-production.up.railway.app timed out. (connect timeout=None)')",1,2026-06-30T14:19:26Z,2026-06-30T14:19:26Z
POST,/predict/colleges [premium],"ConnectTimeoutError(<HTTPSConnection(host='tneapredictor-production.up.railway.app', port=443) at 0x1fb8cfb6710>, 'Connection to tneapredictor-production.up.railway.app timed out. (connect timeout=None)')",1,2026-06-30T14:19:40Z,2026-06-30T14:19:40Z
POST,/auth/login [setup],"ConnectTimeoutError(<HTTPSConnection(host='tneapredictor-production.up.railway.app', port=443) at 0x1fb981fb4d0>, 'Connection to tneapredictor-production.up.railway.app timed out. (connect timeout=None)')",1,2026-06-30T14:19:28Z,2026-06-30T14:19:28Z
POST,/auth/login [setup],"ConnectTimeoutError(<HTTPSConnection(host='tneapredictor-production.up.railway.app', port=443) at 0x1fb98df6990>, 'Connection to tneapredictor-production.up.railway.app timed out. (connect timeout=None)')",1,2026-06-30T14:19:28Z,2026-06-30T14:19:28Z
POST,/predict/colleges [premium],"ConnectTimeoutError(<HTTPSConnection(host='tneapredictor-production.up.railway.app', port=443) at 0x1fb84c139d0>, 'Connection to tneapredictor-production.up.railway.app timed out. (connect timeout=None)')",1,2026-06-30T14:19:41Z,2026-06-30T14:19:41Z
POST,/predict/colleges [premium],"ConnectTimeoutError(<HTTPSConnection(host='tneapredictor-production.up.railway.app', port=443) at 0x1fb8793c550>, 'Connection to tneapredictor-production.up.railway.app timed out. (connect timeout=None)')",1,2026-06-30T14:19:41Z,2026-06-30T14:19:41Z
POST,/auth/login [setup],"ConnectTimeoutError(<HTTPSConnection(host='tneapredictor-production.up.railway.app', port=443) at 0x1fbe7d9ca50>, 'Connection to tneapredictor-production.up.railway.app timed out. (connect timeout=None)')",1,2026-06-30T14:19:04Z,2026-06-30T14:19:04Z
POST,/payment/create-order,"ConnectTimeoutError(<HTTPSConnection(host='tneapredictor-production.up.railway.app', port=443) at 0x1fb8b7311d0>, 'Connection to tneapredictor-production.up.railway.app timed out. (connect timeout=None)')",1,2026-06-30T14:19:42Z,2026-06-30T14:19:42Z
POST,/auth/login [setup],"ConnectTimeoutError(<HTTPSConnection(host='tneapredictor-production.up.railway.app', port=443) at 0x1fb97d44190>, 'Connection to tneapredictor-production.up.railway.app timed out. (connect timeout=None)')",1,2026-06-30T14:19:28Z,2026-06-30T14:19:28Z
POST,/auth/login [setup],"ConnectTimeoutError(<HTTPSConnection(host='tneapredictor-production.up.railway.app', port=443) at 0x1fb9bb23890>, 'Connection to tneapredictor-production.up.railway.app timed out. (connect timeout=None)')",1,2026-06-30T14:19:28Z,2026-06-30T14:19:28Z
GET,/auth/me,"ConnectTimeoutError(<HTTPSConnection(host='tneapredictor-production.up.railway.app', port=443) at 0x1fb864b1310>, 'Connection to tneapredictor-production.up.railway.app timed out. (connect timeout=None)')",1,2026-06-30T14:19:43Z,2026-06-30T14:19:43Z
POST,/auth/login [setup],"ConnectTimeoutError(<HTTPSConnection(host='tneapredictor-production.up.railway.app', port=443) at 0x1fb95429310>, 'Connection to tneapredictor-production.up.railway.app timed out. (connect timeout=None)')",1,2026-06-30T14:19:27Z,2026-06-30T14:19:27Z
POST,/payment/create-order,"ConnectTimeoutError(<HTTPSConnection(host='tneapredictor-production.up.railway.app', port=443) at 0x1fb88974b90>, 'Connection to tneapredictor-production.up.railway.app timed out. (connect timeout=None)')",1,2026-06-30T14:19:43Z,2026-06-30T14:19:43Z
POST,/predict/rank [auth],HTTPError('429 Client Error: Too Many Requests for url: /predict/rank [auth]'),364,2026-06-30T14:18:40Z,2026-06-30T14:20:36Z
POST,/auth/login [setup],"ConnectTimeoutError(<HTTPSConnection(host='tneapredictor-production.up.railway.app', port=443) at 0x1fbe9e8ae90>, 'Connection to tneapredictor-production.up.railway.app timed out. (connect timeout=None)')",1,2026-06-30T14:19:04Z,2026-06-30T14:19:04Z
POST,/auth/login [setup],"ConnectTimeoutError(<HTTPSConnection(host='tneapredictor-production.up.railway.app', port=443) at 0x1fbfd0402d0>, 'Connection to tneapredictor-production.up.railway.app timed out. (connect timeout=None)')",1,2026-06-30T14:19:07Z,2026-06-30T14:19:07Z
POST,/auth/login [setup],"ConnectTimeoutError(<HTTPSConnection(host='tneapredictor-production.up.railway.app', port=443) at 0x1fb9a719590>, 'Connection to tneapredictor-production.up.railway.app timed out. (connect timeout=None)')",1,2026-06-30T14:19:28Z,2026-06-30T14:19:28Z
POST,/payment/create-order,"ConnectTimeoutError(<HTTPSConnection(host='tneapredictor-production.up.railway.app', port=443) at 0x1fb88118410>, 'Connection to tneapredictor-production.up.railway.app timed out. (connect timeout=None)')",1,2026-06-30T14:19:43Z,2026-06-30T14:19:43Z
POST,/predict/colleges [premium],"ConnectTimeoutError(<HTTPSConnection(host='tneapredictor-production.up.railway.app', port=443) at 0x1fbff9142d0>, 'Connection to tneapredictor-production.up.railway.app timed out. (connect timeout=None)')",1,2026-06-30T14:19:40Z,2026-06-30T14:19:40Z
POST,/auth/login [setup],"ConnectTimeoutError(<HTTPSConnection(host='tneapredictor-production.up.railway.app', port=443) at 0x1fbf9f4fb10>, 'Connection to tneapredictor-production.up.railway.app timed out. (connect timeout=None)')",1,2026-06-30T14:19:06Z,2026-06-30T14:19:06Z
POST,/auth/login [setup],"ConnectTimeoutError(<HTTPSConnection(host='tneapredictor-production.up.railway.app', port=443) at 0x1fb9a6aad50>, 'Connection to tneapredictor-production.up.railway.app timed out. (connect timeout=None)')",1,2026-06-30T14:19:28Z,2026-06-30T14:19:28Z
GET,/auth/me,"ConnectTimeoutError(<HTTPSConnection(host='tneapredictor-production.up.railway.app', port=443) at 0x1fbf4c9c2d0>, 'Connection to tneapredictor-production.up.railway.app timed out. (connect timeout=None)')",1,2026-06-30T14:19:40Z,2026-06-30T14:19:40Z
POST,/auth/login [setup],"ConnectTimeoutError(<HTTPSConnection(host='tneapredictor-production.up.railway.app', port=443) at 0x1fb9017df90>, 'Connection to tneapredictor-production.up.railway.app timed out. (connect timeout=None)')",1,2026-06-30T14:19:21Z,2026-06-30T14:19:21Z
POST,/auth/login [setup],"ConnectTimeoutError(<HTTPSConnection(host='tneapredictor-production.up.railway.app', port=443) at 0x1fbf8e38cd0>, 'Connection to tneapredictor-production.up.railway.app timed out. (connect timeout=None)')",1,2026-06-30T14:19:05Z,2026-06-30T14:19:05Z
GET,/auth/me,"ConnectTimeoutError(<HTTPSConnection(host='tneapredictor-production.up.railway.app', port=443) at 0x1fb865ace10>, 'Connection to tneapredictor-production.up.railway.app timed out. (connect timeout=None)')",1,2026-06-30T14:19:44Z,2026-06-30T14:19:44Z
POST,/auth/login [setup],"ConnectTimeoutError(<HTTPSConnection(host='tneapredictor-production.up.railway.app', port=443) at 0x1fb9922a710>, 'Connection to tneapredictor-production.up.railway.app timed out. (connect timeout=None)')",1,2026-06-30T14:19:28Z,2026-06-30T14:19:28Z
POST,/predict/colleges [premium],"ConnectTimeoutError(<HTTPSConnection(host='tneapredictor-production.up.railway.app', port=443) at 0x1fbfa7cd450>, 'Connection to tneapredictor-production.up.railway.app timed out. (connect timeout=None)')",1,2026-06-30T14:19:28Z,2026-06-30T14:19:28Z
POST,/auth/login [setup],"ConnectTimeoutError(<HTTPSConnection(host='tneapredictor-production.up.railway.app', port=443) at 0x1fb98187890>, 'Connection to tneapredictor-production.up.railway.app timed out. (connect timeout=None)')",1,2026-06-30T14:19:28Z,2026-06-30T14:19:28Z
POST,/auth/login [setup],"ConnectTimeoutError(<HTTPSConnection(host='tneapredictor-production.up.railway.app', port=443) at 0x1fb93aab750>, 'Connection to tneapredictor-production.up.railway.app timed out. (connect timeout=None)')",1,2026-06-30T14:19:27Z,2026-06-30T14:19:27Z
POST,/predict/colleges [premium],"ConnectTimeoutError(<HTTPSConnection(host='tneapredictor-production.up.railway.app', port=443) at 0x1fb8c74a990>, 'Connection to tneapredictor-production.up.railway.app timed out. (connect timeout=None)')",1,2026-06-30T14:19:42Z,2026-06-30T14:19:42Z
POST,/auth/login [setup],"ConnectTimeoutError(<HTTPSConnection(host='tneapredictor-production.up.railway.app', port=443) at 0x1fb9a2f6710>, 'Connection to tneapredictor-production.up.railway.app timed out. (connect timeout=None)')",1,2026-06-30T14:19:28Z,2026-06-30T14:19:28Z
POST,/predict/colleges [premium],"ConnectTimeoutError(<HTTPSConnection(host='tneapredictor-production.up.railway.app', port=443) at 0x1fb84fc1090>, 'Connection to tneapredictor-production.up.railway.app timed out. (connect timeout=None)')",1,2026-06-30T14:19:47Z,2026-06-30T14:19:47Z
POST,/auth/login [setup],"ConnectTimeoutError(<HTTPSConnection(host='tneapredictor-production.up.railway.app', port=443) at 0x1fb926b3250>, 'Connection to tneapredictor-production.up.railway.app timed out. (connect timeout=None)')",1,2026-06-30T14:19:27Z,2026-06-30T14:19:27Z
POST,/auth/login [setup],"ConnectTimeoutError(<HTTPSConnection(host='tneapredictor-production.up.railway.app', port=443) at 0x1fb97cc11d0>, 'Connection to tneapredictor-production.up.railway.app timed out. (connect timeout=None)')",1,2026-06-30T14:19:28Z,2026-06-30T14:19:28Z
POST,/auth/login [setup],"ConnectTimeoutError(<HTTPSConnection(host='tneapredictor-production.up.railway.app', port=443) at 0x1fbe47f1950>, 'Connection to tneapredictor-production.up.railway.app timed out. (connect timeout=None)')",1,2026-06-30T14:19:04Z,2026-06-30T14:19:04Z
POST,/auth/login [setup],"ConnectTimeoutError(<HTTPSConnection(host='tneapredictor-production.up.railway.app', port=443) at 0x1fb93f5d810>, 'Connection to tneapredictor-production.up.railway.app timed out. (connect timeout=None)')",1,2026-06-30T14:19:27Z,2026-06-30T14:19:27Z
POST,/predict/colleges [premium],"ConnectTimeoutError(<HTTPSConnection(host='tneapredictor-production.up.railway.app', port=443) at 0x1fb8c74b390>, 'Connection to tneapredictor-production.up.railway.app timed out. (connect timeout=None)')",1,2026-06-30T14:19:41Z,2026-06-30T14:19:41Z
POST,/auth/login [setup],"ConnectTimeoutError(<HTTPSConnection(host='tneapredictor-production.up.railway.app', port=443) at 0x1fbefd0a210>, 'Connection to tneapredictor-production.up.railway.app timed out. (connect timeout=None)')",1,2026-06-30T14:19:04Z,2026-06-30T14:19:04Z
POST,/predict/colleges [premium],"ConnectTimeoutError(<HTTPSConnection(host='tneapredictor-production.up.railway.app', port=443) at 0x1fb8d8960d0>, 'Connection to tneapredictor-production.up.railway.app timed out. (connect timeout=None)')",1,2026-06-30T14:19:41Z,2026-06-30T14:19:41Z
POST,/auth/login [setup],"ConnectTimeoutError(<HTTPSConnection(host='tneapredictor-production.up.railway.app', port=443) at 0x1fbe9e89d10>, 'Connection to tneapredictor-production.up.railway.app timed out. (connect timeout=None)')",1,2026-06-30T14:19:04Z,2026-06-30T14:19:04Z
POST,/auth/login [setup],"ConnectTimeoutError(<HTTPSConnection(host='tneapredictor-production.up.railway.app', port=443) at 0x1fb9542a490>, 'Connection to tneapredictor-production.up.railway.app timed out. (connect timeout=None)')",1,2026-06-30T14:19:27Z,2026-06-30T14:19:27Z
POST,/auth/login [setup],"ConnectTimeoutError(<HTTPSConnection(host='tneapredictor-production.up.railway.app', port=443) at 0x1fb90e17390>, 'Connection to tneapredictor-production.up.railway.app timed out. (connect timeout=None)')",1,2026-06-30T14:19:26Z,2026-06-30T14:19:26Z
POST,/auth/login [setup],"ConnectTimeoutError(<HTTPSConnection(host='tneapredictor-production.up.railway.app', port=443) at 0x1fbfcc9da90>, 'Connection to tneapredictor-production.up.railway.app timed out. (connect timeout=None)')",1,2026-06-30T14:19:07Z,2026-06-30T14:19:07Z
POST,/auth/login [setup],"ConnectTimeoutError(<HTTPSConnection(host='tneapredictor-production.up.railway.app', port=443) at 0x1fb981fb750>, 'Connection to tneapredictor-production.up.railway.app timed out. (connect timeout=None)')",1,2026-06-30T14:19:28Z,2026-06-30T14:19:28Z
POST,/auth/update-profile,"ConnectTimeoutError(<HTTPSConnection(host='tneapredictor-production.up.railway.app', port=443) at 0x1fbf7cf87d0>, 'Connection to tneapredictor-production.up.railway.app timed out. (connect timeout=None)')",1,2026-06-30T14:19:40Z,2026-06-30T14:19:40Z
POST,/payment/create-order,"ConnectTimeoutError(<HTTPSConnection(host='tneapredictor-production.up.railway.app', port=443) at 0x1fb811cd310>, 'Connection to tneapredictor-production.up.railway.app timed out. (connect timeout=None)')",1,2026-06-30T14:19:40Z,2026-06-30T14:19:40Z
POST,/auth/login [setup],"ConnectTimeoutError(<HTTPSConnection(host='tneapredictor-production.up.railway.app', port=443) at 0x1fb8a293750>, 'Connection to tneapredictor-production.up.railway.app timed out. (connect timeout=None)')",1,2026-06-30T14:19:20Z,2026-06-30T14:19:20Z
POST,/auth/login [setup],"ConnectTimeoutError(<HTTPSConnection(host='tneapredictor-production.up.railway.app', port=443) at 0x1fb9bf4c190>, 'Connection to tneapredictor-production.up.railway.app timed out. (connect timeout=None)')",1,2026-06-30T14:19:28Z,2026-06-30T14:19:28Z
GET,/auth/me,"ConnectTimeoutError(<HTTPSConnection(host='tneapredictor-production.up.railway.app', port=443) at 0x1fb8123fed0>, 'Connection to tneapredictor-production.up.railway.app timed out. (connect timeout=None)')",1,2026-06-30T14:19:40Z,2026-06-30T14:19:40Z
POST,/auth/login [setup],"ConnectTimeoutError(<HTTPSConnection(host='tneapredictor-production.up.railway.app', port=443) at 0x1fb99a91810>, 'Connection to tneapredictor-production.up.railway.app timed out. (connect timeout=None)')",1,2026-06-30T14:19:28Z,2026-06-30T14:19:28Z
POST,/predict/colleges [premium],"ConnectTimeoutError(<HTTPSConnection(host='tneapredictor-production.up.railway.app', port=443) at 0x1fb8123e0d0>, 'Connection to tneapredictor-production.up.railway.app timed out. (connect timeout=None)')",1,2026-06-30T14:19:40Z,2026-06-30T14:19:40Z
POST,/auth/login [setup],"ConnectTimeoutError(<HTTPSConnection(host='tneapredictor-production.up.railway.app', port=443) at 0x1fbf3adda90>, 'Connection to tneapredictor-production.up.railway.app timed out. (connect timeout=None)')",1,2026-06-30T14:19:05Z,2026-06-30T14:19:05Z
POST,/auth/login [setup],"ConnectTimeoutError(<HTTPSConnection(host='tneapredictor-production.up.railway.app', port=443) at 0x1fb978f9a90>, 'Connection to tneapredictor-production.up.railway.app timed out. (connect timeout=None)')",1,2026-06-30T14:19:28Z,2026-06-30T14:19:28Z
POST,/auth/login [setup],"ConnectTimeoutError(<HTTPSConnection(host='tneapredictor-production.up.railway.app', port=443) at 0x1fbe9262850>, 'Connection to tneapredictor-production.up.railway.app timed out. (connect timeout=None)')",1,2026-06-30T14:19:04Z,2026-06-30T14:19:04Z
POST,/predict/colleges [premium],"ConnectTimeoutError(<HTTPSConnection(host='tneapredictor-production.up.railway.app', port=443) at 0x1fbf7cf8f50>, 'Connection to tneapredictor-production.up.railway.app timed out. (connect timeout=None)')",1,2026-06-30T14:19:40Z,2026-06-30T14:19:40Z
POST,/auth/login [setup],"ConnectTimeoutError(<HTTPSConnection(host='tneapredictor-production.up.railway.app', port=443) at 0x1fb96063c50>, 'Connection to tneapredictor-production.up.railway.app timed out. (connect timeout=None)')",1,2026-06-30T14:19:28Z,2026-06-30T14:19:28Z
POST,/auth/login [setup],"ConnectTimeoutError(<HTTPSConnection(host='tneapredictor-production.up.railway.app', port=443) at 0x1fbe22c2490>, 'Connection to tneapredictor-production.up.railway.app timed out. (connect timeout=None)')",1,2026-06-30T14:19:04Z,2026-06-30T14:19:04Z
POST,/auth/login [setup],"ConnectTimeoutError(<HTTPSConnection(host='tneapredictor-production.up.railway.app', port=443) at 0x1fb9a71a710>, 'Connection to tneapredictor-production.up.railway.app timed out. (connect timeout=None)')",1,2026-06-30T14:19:28Z,2026-06-30T14:19:28Z
POST,/auth/login [setup],"ConnectTimeoutError(<HTTPSConnection(host='tneapredictor-production.up.railway.app', port=443) at 0x1fb9502c410>, 'Connection to tneapredictor-production.up.railway.app timed out. (connect timeout=None)')",1,2026-06-30T14:19:27Z,2026-06-30T14:19:27Z
POST,/predict/colleges [premium],"ConnectTimeoutError(<HTTPSConnection(host='tneapredictor-production.up.railway.app', port=443) at 0x1fb81695bd0>, 'Connection to tneapredictor-production.up.railway.app timed out. (connect timeout=None)')",1,2026-06-30T14:19:40Z,2026-06-30T14:19:40Z
POST,/auth/login [setup],"ConnectTimeoutError(<HTTPSConnection(host='tneapredictor-production.up.railway.app', port=443) at 0x1fbf4ba3d90>, 'Connection to tneapredictor-production.up.railway.app timed out. (connect timeout=None)')",1,2026-06-30T14:19:05Z,2026-06-30T14:19:05Z
POST,/auth/login [setup],"ConnectTimeoutError(<HTTPSConnection(host='tneapredictor-production.up.railway.app', port=443) at 0x1fb96516e90>, 'Connection to tneapredictor-production.up.railway.app timed out. (connect timeout=None)')",1,2026-06-30T14:19:28Z,2026-06-30T14:19:28Z
POST,/auth/login [setup],"ConnectTimeoutError(<HTTPSConnection(host='tneapredictor-production.up.railway.app', port=443) at 0x1fb9a6a96d0>, 'Connection to tneapredictor-production.up.railway.app timed out. (connect timeout=None)')",1,2026-06-30T14:19:28Z,2026-06-30T14:19:28Z
POST,/auth/login [setup],"ConnectTimeoutError(<HTTPSConnection(host='tneapredictor-production.up.railway.app', port=443) at 0x1fbf4776e90>, 'Connection to tneapredictor-production.up.railway.app timed out. (connect timeout=None)')",1,2026-06-30T14:19:05Z,2026-06-30T14:19:05Z
POST,/auth/login [setup],"ConnectTimeoutError(<HTTPSConnection(host='tneapredictor-production.up.railway.app', port=443) at 0x1fb947d1310>, 'Connection to tneapredictor-production.up.railway.app timed out. (connect timeout=None)')",1,2026-06-30T14:19:27Z,2026-06-30T14:19:27Z
GET,/auth/me,"ConnectTimeoutError(<HTTPSConnection(host='tneapredictor-production.up.railway.app', port=443) at 0x1fb8811a990>, 'Connection to tneapredictor-production.up.railway.app timed out. (connect timeout=None)')",1,2026-06-30T14:19:43Z,2026-06-30T14:19:43Z
POST,/auth/login [setup],"ConnectTimeoutError(<HTTPSConnection(host='tneapredictor-production.up.railway.app', port=443) at 0x1fbe47f3750>, 'Connection to tneapredictor-production.up.railway.app timed out. (connect timeout=None)')",1,2026-06-30T14:19:04Z,2026-06-30T14:19:04Z
POST,/auth/login [setup],"ConnectTimeoutError(<HTTPSConnection(host='tneapredictor-production.up.railway.app', port=443) at 0x1fb96515590>, 'Connection to tneapredictor-production.up.railway.app timed out. (connect timeout=None)')",1,2026-06-30T14:19:28Z,2026-06-30T14:19:28Z
POST,/auth/login [setup],"ConnectTimeoutError(<HTTPSConnection(host='tneapredictor-production.up.railway.app', port=443) at 0x1fb98184b90>, 'Connection to tneapredictor-production.up.railway.app timed out. (connect timeout=None)')",1,2026-06-30T14:19:28Z,2026-06-30T14:19:28Z
GET,/auth/me,"ConnectTimeoutError(<HTTPSConnection(host='tneapredictor-production.up.railway.app', port=443) at 0x1fb8a316850>, 'Connection to tneapredictor-production.up.railway.app timed out. (connect timeout=None)')",1,2026-06-30T14:19:41Z,2026-06-30T14:19:41Z
POST,/predict/colleges [premium],"ConnectTimeoutError(<HTTPSConnection(host='tneapredictor-production.up.railway.app', port=443) at 0x1fb811cdf90>, 'Connection to tneapredictor-production.up.railway.app timed out. (connect timeout=None)')",1,2026-06-30T14:19:40Z,2026-06-30T14:19:40Z
POST,/auth/login [setup],"ConnectTimeoutError(<HTTPSConnection(host='tneapredictor-production.up.railway.app', port=443) at 0x1fb93aab250>, 'Connection to tneapredictor-production.up.railway.app timed out. (connect timeout=None)')",1,2026-06-30T14:19:27Z,2026-06-30T14:19:27Z
POST,/auth/login [setup],"ConnectTimeoutError(<HTTPSConnection(host='tneapredictor-production.up.railway.app', port=443) at 0x1fb91e53c50>, 'Connection to tneapredictor-production.up.railway.app timed out. (connect timeout=None)')",1,2026-06-30T14:19:27Z,2026-06-30T14:19:27Z
GET,/auth/me,"ConnectTimeoutError(<HTTPSConnection(host='tneapredictor-production.up.railway.app', port=443) at 0x1fb811cd090>, 'Connection to tneapredictor-production.up.railway.app timed out. (connect timeout=None)')",1,2026-06-30T14:19:40Z,2026-06-30T14:19:40Z
POST,/predict/colleges [auth],"ConnectTimeoutError(<HTTPSConnection(host='tneapredictor-production.up.railway.app', port=443) at 0x1fb85829f90>, 'Connection to tneapredictor-production.up.railway.app timed out. (connect timeout=None)')",1,2026-06-30T14:19:45Z,2026-06-30T14:19:45Z
POST,/auth/login [setup],"ConnectTimeoutError(<HTTPSConnection(host='tneapredictor-production.up.railway.app', port=443) at 0x1fb9bb21810>, 'Connection to tneapredictor-production.up.railway.app timed out. (connect timeout=None)')",1,2026-06-30T14:19:28Z,2026-06-30T14:19:28Z
POST,/predict/colleges [premium],"ConnectTimeoutError(<HTTPSConnection(host='tneapredictor-production.up.railway.app', port=443) at 0x1fb90965090>, 'Connection to tneapredictor-production.up.railway.app timed out. (connect timeout=None)')",1,2026-06-30T14:19:40Z,2026-06-30T14:19:40Z
POST,/auth/login [setup],"ConnectTimeoutError(<HTTPSConnection(host='tneapredictor-production.up.railway.app', port=443) at 0x1fb991b7ed0>, 'Connection to tneapredictor-production.up.railway.app timed out. (connect timeout=None)')",1,2026-06-30T14:19:28Z,2026-06-30T14:19:28Z
POST,/auth/login [setup],"ConnectTimeoutError(<HTTPSConnection(host='tneapredictor-production.up.railway.app', port=443) at 0x1fb94312350>, 'Connection to tneapredictor-production.up.railway.app timed out. (connect timeout=None)')",1,2026-06-30T14:19:27Z,2026-06-30T14:19:27Z
POST,/auth/login [setup],"ConnectTimeoutError(<HTTPSConnection(host='tneapredictor-production.up.railway.app', port=443) at 0x1fb995e39d0>, 'Connection to tneapredictor-production.up.railway.app timed out. (connect timeout=None)')",1,2026-06-30T14:19:28Z,2026-06-30T14:19:28Z
POST,/auth/login [setup],"ConnectTimeoutError(<HTTPSConnection(host='tneapredictor-production.up.railway.app', port=443) at 0x1fb926b2fd0>, 'Connection to tneapredictor-production.up.railway.app timed out. (connect timeout=None)')",1,2026-06-30T14:19:27Z,2026-06-30T14:19:27Z
POST,/predict/colleges [premium],"ConnectTimeoutError(<HTTPSConnection(host='tneapredictor-production.up.railway.app', port=443) at 0x1fb895f9310>, 'Connection to tneapredictor-production.up.railway.app timed out. (connect timeout=None)')",1,2026-06-30T14:19:41Z,2026-06-30T14:19:41Z
POST,/payment/create-order,"ConnectTimeoutError(<HTTPSConnection(host='tneapredictor-production.up.railway.app', port=443) at 0x1fb8229a990>, 'Connection to tneapredictor-production.up.railway.app timed out. (connect timeout=None)')",1,2026-06-30T14:19:40Z,2026-06-30T14:19:40Z
GET,/auth/me,"ConnectTimeoutError(<HTTPSConnection(host='tneapredictor-production.up.railway.app', port=443) at 0x1fb891c4190>, 'Connection to tneapredictor-production.up.railway.app timed out. (connect timeout=None)')",1,2026-06-30T14:19:41Z,2026-06-30T14:19:41Z
POST,/auth/login [setup],"ConnectTimeoutError(<HTTPSConnection(host='tneapredictor-production.up.railway.app', port=443) at 0x1fb92729090>, 'Connection to tneapredictor-production.up.railway.app timed out. (connect timeout=None)')",1,2026-06-30T14:19:27Z,2026-06-30T14:19:27Z
POST,/auth/login [setup],"ConnectTimeoutError(<HTTPSConnection(host='tneapredictor-production.up.railway.app', port=443) at 0x1fbf5ccafd0>, 'Connection to tneapredictor-production.up.railway.app timed out. (connect timeout=None)')",1,2026-06-30T14:19:05Z,2026-06-30T14:19:05Z
POST,/auth/login [setup],"ConnectTimeoutError(<HTTPSConnection(host='tneapredictor-production.up.railway.app', port=443) at 0x1fb8547fb10>, 'Connection to tneapredictor-production.up.railway.app timed out. (connect timeout=None)')",1,2026-06-30T14:19:18Z,2026-06-30T14:19:18Z
GET,/auth/me,"ConnectTimeoutError(<HTTPSConnection(host='tneapredictor-production.up.railway.app', port=443) at 0x1fbfdcd8690>, 'Connection to tneapredictor-production.up.railway.app timed out. (connect timeout=None)')",1,2026-06-30T14:19:40Z,2026-06-30T14:19:40Z
POST,/auth/login [setup],"ConnectTimeoutError(<HTTPSConnection(host='tneapredictor-production.up.railway.app', port=443) at 0x1fb93f5c190>, 'Connection to tneapredictor-production.up.railway.app timed out. (connect timeout=None)')",1,2026-06-30T14:19:27Z,2026-06-30T14:19:27Z
POST,/predict/colleges [auth],"ConnectTimeoutError(<HTTPSConnection(host='tneapredictor-production.up.railway.app', port=443) at 0x1fb86538050>, 'Connection to tneapredictor-production.up.railway.app timed out. (connect timeout=None)')",1,2026-06-30T14:19:44Z,2026-06-30T14:19:44Z
POST,/payment/create-order,"ConnectTimeoutError(<HTTPSConnection(host='tneapredictor-production.up.railway.app', port=443) at 0x1fb88d7ee90>, 'Connection to tneapredictor-production.up.railway.app timed out. (connect timeout=None)')",1,2026-06-30T14:19:42Z,2026-06-30T14:19:42Z
POST,/auth/login [setup],"ConnectTimeoutError(<HTTPSConnection(host='tneapredictor-production.up.railway.app', port=443) at 0x1fb958f47d0>, 'Connection to tneapredictor-production.up.railway.app timed out. (connect timeout=None)')",1,2026-06-30T14:19:28Z,2026-06-30T14:19:28Z
POST,/auth/login [setup],"ConnectTimeoutError(<HTTPSConnection(host='tneapredictor-production.up.railway.app', port=443) at 0x1fb91aab610>, 'Connection to tneapredictor-production.up.railway.app timed out. (connect timeout=None)')",1,2026-06-30T14:19:27Z,2026-06-30T14:19:27Z
GET,/auth/me,"ConnectTimeoutError(<HTTPSConnection(host='tneapredictor-production.up.railway.app', port=443) at 0x1fb88df1bd0>, 'Connection to tneapredictor-production.up.railway.app timed out. (connect timeout=None)')",1,2026-06-30T14:19:42Z,2026-06-30T14:19:42Z
POST,/payment/create-order,"ConnectTimeoutError(<HTTPSConnection(host='tneapredictor-production.up.railway.app', port=443) at 0x1fb87d4e5d0>, 'Connection to tneapredictor-production.up.railway.app timed out. (connect timeout=None)')",1,2026-06-30T14:19:42Z,2026-06-30T14:19:42Z
POST,/predict/colleges [premium],"ConnectTimeoutError(<HTTPSConnection(host='tneapredictor-production.up.railway.app', port=443) at 0x1fb97887390>, 'Connection to tneapredictor-production.up.railway.app timed out. (connect timeout=None)')",1,2026-06-30T14:19:42Z,2026-06-30T14:19:42Z
POST,/auth/login [setup],"ConnectTimeoutError(<HTTPSConnection(host='tneapredictor-production.up.railway.app', port=443) at 0x1fb99663110>, 'Connection to tneapredictor-production.up.railway.app timed out. (connect timeout=None)')",1,2026-06-30T14:19:28Z,2026-06-30T14:19:28Z
POST,/auth/login [setup],"ConnectTimeoutError(<HTTPSConnection(host='tneapredictor-production.up.railway.app', port=443) at 0x1fbf3adee90>, 'Connection to tneapredictor-production.up.railway.app timed out. (connect timeout=None)')",1,2026-06-30T14:19:05Z,2026-06-30T14:19:05Z
POST,/auth/login [setup],"ConnectTimeoutError(<HTTPSConnection(host='tneapredictor-production.up.railway.app', port=443) at 0x1fb8f8a2850>, 'Connection to tneapredictor-production.up.railway.app timed out. (connect timeout=None)')",1,2026-06-30T14:19:21Z,2026-06-30T14:19:21Z
POST,/auth/login [setup],"ConnectTimeoutError(<HTTPSConnection(host='tneapredictor-production.up.railway.app', port=443) at 0x1fb9649aad0>, 'Connection to tneapredictor-production.up.railway.app timed out. (connect timeout=None)')",1,2026-06-30T14:19:28Z,2026-06-30T14:19:28Z
POST,/payment/create-order,"ConnectTimeoutError(<HTTPSConnection(host='tneapredictor-production.up.railway.app', port=443) at 0x1fbf4c9f4d0>, 'Connection to tneapredictor-production.up.railway.app timed out. (connect timeout=None)')",1,2026-06-30T14:19:40Z,2026-06-30T14:19:40Z
POST,/auth/login [setup],"ConnectTimeoutError(<HTTPSConnection(host='tneapredictor-production.up.railway.app', port=443) at 0x1fb9922bb10>, 'Connection to tneapredictor-production.up.railway.app timed out. (connect timeout=None)')",1,2026-06-30T14:19:28Z,2026-06-30T14:19:28Z
POST,/predict/colleges [premium],"ConnectTimeoutError(<HTTPSConnection(host='tneapredictor-production.up.railway.app', port=443) at 0x1fbfc324a50>, 'Connection to tneapredictor-production.up.railway.app timed out. (connect timeout=None)')",1,2026-06-30T14:19:40Z,2026-06-30T14:19:40Z
POST,/auth/login [setup],"ConnectTimeoutError(<HTTPSConnection(host='tneapredictor-production.up.railway.app', port=443) at 0x1fb99229f90>, 'Connection to tneapredictor-production.up.railway.app timed out. (connect timeout=None)')",1,2026-06-30T14:19:28Z,2026-06-30T14:19:28Z
GET,/auth/me,"ConnectTimeoutError(<HTTPSConnection(host='tneapredictor-production.up.railway.app', port=443) at 0x1fb88974690>, 'Connection to tneapredictor-production.up.railway.app timed out. (connect timeout=None)')",1,2026-06-30T14:19:43Z,2026-06-30T14:19:43Z
POST,/auth/login [setup],"ConnectTimeoutError(<HTTPSConnection(host='tneapredictor-production.up.railway.app', port=443) at 0x1fbf47f56d0>, 'Connection to tneapredictor-production.up.railway.app timed out. (connect timeout=None)')",1,2026-06-30T14:19:05Z,2026-06-30T14:19:05Z
POST,/auth/login [setup],"ConnectTimeoutError(<HTTPSConnection(host='tneapredictor-production.up.railway.app', port=443) at 0x1fbf7cf8910>, 'Connection to tneapredictor-production.up.railway.app timed out. (connect timeout=None)')",1,2026-06-30T14:19:05Z,2026-06-30T14:19:05Z
POST,/auth/update-profile,"ConnectTimeoutError(<HTTPSConnection(host='tneapredictor-production.up.railway.app', port=443) at 0x1fb9017ca50>, 'Connection to tneapredictor-production.up.railway.app timed out. (connect timeout=None)')",1,2026-06-30T14:19:42Z,2026-06-30T14:19:42Z
POST,/auth/login [setup],"ConnectTimeoutError(<HTTPSConnection(host='tneapredictor-production.up.railway.app', port=443) at 0x1fb98d874d0>, 'Connection to tneapredictor-production.up.railway.app timed out. (connect timeout=None)')",1,2026-06-30T14:19:28Z,2026-06-30T14:19:28Z
POST,/auth/login [setup],"ConnectTimeoutError(<HTTPSConnection(host='tneapredictor-production.up.railway.app', port=443) at 0x1fb8dcd5310>, 'Connection to tneapredictor-production.up.railway.app timed out. (connect timeout=None)')",1,2026-06-30T14:19:21Z,2026-06-30T14:19:21Z
POST,/auth/login [setup],"ConnectTimeoutError(<HTTPSConnection(host='tneapredictor-production.up.railway.app', port=443) at 0x1fb99229310>, 'Connection to tneapredictor-production.up.railway.app timed out. (connect timeout=None)')",1,2026-06-30T14:19:28Z,2026-06-30T14:19:28Z
POST,/auth/login [setup],"ConnectTimeoutError(<HTTPSConnection(host='tneapredictor-production.up.railway.app', port=443) at 0x1fb9272a710>, 'Connection to tneapredictor-production.up.railway.app timed out. (connect timeout=None)')",1,2026-06-30T14:19:27Z,2026-06-30T14:19:27Z
POST,/auth/login [setup],"ConnectTimeoutError(<HTTPSConnection(host='tneapredictor-production.up.railway.app', port=443) at 0x1fbfd3f6990>, 'Connection to tneapredictor-production.up.railway.app timed out. (connect timeout=None)')",1,2026-06-30T14:19:07Z,2026-06-30T14:19:07Z
POST,/auth/login [setup],"ConnectTimeoutError(<HTTPSConnection(host='tneapredictor-production.up.railway.app', port=443) at 0x1fb93b18e10>, 'Connection to tneapredictor-production.up.railway.app timed out. (connect timeout=None)')",1,2026-06-30T14:19:27Z,2026-06-30T14:19:27Z
POST,/auth/login [setup],"ConnectTimeoutError(<HTTPSConnection(host='tneapredictor-production.up.railway.app', port=443) at 0x1fb98627750>, 'Connection to tneapredictor-production.up.railway.app timed out. (connect timeout=None)')",1,2026-06-30T14:19:28Z,2026-06-30T14:19:28Z
POST,/predict/colleges [auth],"ConnectTimeoutError(<HTTPSConnection(host='tneapredictor-production.up.railway.app', port=443) at 0x1fb8582a710>, 'Connection to tneapredictor-production.up.railway.app timed out. (connect timeout=None)')",1,2026-06-30T14:19:45Z,2026-06-30T14:19:45Z
POST,/auth/login [setup],"ConnectTimeoutError(<HTTPSConnection(host='tneapredictor-production.up.railway.app', port=443) at 0x1fb8a315590>, 'Connection to tneapredictor-production.up.railway.app timed out. (connect timeout=None)')",1,2026-06-30T14:19:20Z,2026-06-30T14:19:20Z
POST,/predict/colleges [premium],"ConnectTimeoutError(<HTTPSConnection(host='tneapredictor-production.up.railway.app', port=443) at 0x1fbfc760cd0>, 'Connection to tneapredictor-production.up.railway.app timed out. (connect timeout=None)')",1,2026-06-30T14:19:40Z,2026-06-30T14:19:40Z
GET,/auth/me,"ConnectTimeoutError(<HTTPSConnection(host='tneapredictor-production.up.railway.app', port=443) at 0x1fbf853c7d0>, 'Connection to tneapredictor-production.up.railway.app timed out. (connect timeout=None)')",1,2026-06-30T14:19:28Z,2026-06-30T14:19:28Z
POST,/auth/login [setup],"ConnectTimeoutError(<HTTPSConnection(host='tneapredictor-production.up.railway.app', port=443) at 0x1fb8d033390>, 'Connection to tneapredictor-production.up.railway.app timed out. (connect timeout=None)')",1,2026-06-30T14:19:21Z,2026-06-30T14:19:21Z
POST,/predict/colleges [guest],"ConnectTimeoutError(<HTTPSConnection(host='tneapredictor-production.up.railway.app', port=443) at 0x1fb8e4aac10>, 'Connection to tneapredictor-production.up.railway.app timed out. (connect timeout=None)')",1,2026-06-30T14:19:42Z,2026-06-30T14:19:42Z
POST,/auth/login [setup],"ConnectTimeoutError(<HTTPSConnection(host='tneapredictor-production.up.railway.app', port=443) at 0x1fbe7d9cf50>, 'Connection to tneapredictor-production.up.railway.app timed out. (connect timeout=None)')",1,2026-06-30T14:19:04Z,2026-06-30T14:19:04Z
POST,/auth/login [setup],"ConnectTimeoutError(<HTTPSConnection(host='tneapredictor-production.up.railway.app', port=443) at 0x1fb97d45590>, 'Connection to tneapredictor-production.up.railway.app timed out. (connect timeout=None)')",1,2026-06-30T14:19:28Z,2026-06-30T14:19:28Z
POST,/auth/login [setup],"ConnectTimeoutError(<HTTPSConnection(host='tneapredictor-production.up.railway.app', port=443) at 0x1fbe4ba6c10>, 'Connection to tneapredictor-production.up.railway.app timed out. (connect timeout=None)')",1,2026-06-30T14:19:04Z,2026-06-30T14:19:04Z
POST,/auth/login [setup],"ConnectTimeoutError(<HTTPSConnection(host='tneapredictor-production.up.railway.app', port=443) at 0x1fb9a2f5310>, 'Connection to tneapredictor-production.up.railway.app timed out. (connect timeout=None)')",1,2026-06-30T14:19:28Z,2026-06-30T14:19:28Z
POST,/auth/login [setup],"ConnectTimeoutError(<HTTPSConnection(host='tneapredictor-production.up.railway.app', port=443) at 0x1fb8f923b10>, 'Connection to tneapredictor-production.up.railway.app timed out. (connect timeout=None)')",1,2026-06-30T14:19:21Z,2026-06-30T14:19:21Z
POST,/auth/login [setup],"ConnectTimeoutError(<HTTPSConnection(host='tneapredictor-production.up.railway.app', port=443) at 0x1fb96061bd0>, 'Connection to tneapredictor-production.up.railway.app timed out. (connect timeout=None)')",1,2026-06-30T14:19:28Z,2026-06-30T14:19:28Z
POST,/auth/login [setup],"ConnectTimeoutError(<HTTPSConnection(host='tneapredictor-production.up.railway.app', port=443) at 0x1fbe9e8ac10>, 'Connection to tneapredictor-production.up.railway.app timed out. (connect timeout=None)')",1,2026-06-30T14:19:04Z,2026-06-30T14:19:04Z
POST,/auth/login [setup],"ConnectTimeoutError(<HTTPSConnection(host='tneapredictor-production.up.railway.app', port=443) at 0x1fb91671f90>, 'Connection to tneapredictor-production.up.railway.app timed out. (connect timeout=None)')",1,2026-06-30T14:19:27Z,2026-06-30T14:19:27Z
POST,/payment/create-order,"ConnectTimeoutError(<HTTPSConnection(host='tneapredictor-production.up.railway.app', port=443) at 0x1fb8c7befd0>, 'Connection to tneapredictor-production.up.railway.app timed out. (connect timeout=None)')",1,2026-06-30T14:19:40Z,2026-06-30T14:19:40Z
POST,/auth/login [setup],"ConnectTimeoutError(<HTTPSConnection(host='tneapredictor-production.up.railway.app', port=443) at 0x1fb98d86fd0>, 'Connection to tneapredictor-production.up.railway.app timed out. (connect timeout=None)')",1,2026-06-30T14:19:28Z,2026-06-30T14:19:28Z
POST,/payment/create-order,"ConnectTimeoutError(<HTTPSConnection(host='tneapredictor-production.up.railway.app', port=443) at 0x1fb8e4a8690>, 'Connection to tneapredictor-production.up.railway.app timed out. (connect timeout=None)')",1,2026-06-30T14:19:41Z,2026-06-30T14:19:41Z
POST,/payment/create-order,"ConnectTimeoutError(<HTTPSConnection(host='tneapredictor-production.up.railway.app', port=443) at 0x1fb843a47d0>, 'Connection to tneapredictor-production.up.railway.app timed out. (connect timeout=None)')",1,2026-06-30T14:19:40Z,2026-06-30T14:19:40Z
POST,/auth/login [setup],"ConnectTimeoutError(<HTTPSConnection(host='tneapredictor-production.up.railway.app', port=443) at 0x1fb97cc0f50>, 'Connection to tneapredictor-production.up.railway.app timed out. (connect timeout=None)')",1,2026-06-30T14:19:28Z,2026-06-30T14:19:28Z
POST,/auth/login [setup],"ConnectTimeoutError(<HTTPSConnection(host='tneapredictor-production.up.railway.app', port=443) at 0x1fb91aaa710>, 'Connection to tneapredictor-production.up.railway.app timed out. (connect timeout=None)')",1,2026-06-30T14:19:27Z,2026-06-30T14:19:27Z
POST,/auth/login [setup],"ConnectTimeoutError(<HTTPSConnection(host='tneapredictor-production.up.railway.app', port=443) at 0x1fb90e15090>, 'Connection to tneapredictor-production.up.railway.app timed out. (connect timeout=None)')",1,2026-06-30T14:19:26Z,2026-06-30T14:19:26Z
POST,/predict/colleges [premium],"ConnectTimeoutError(<HTTPSConnection(host='tneapredictor-production.up.railway.app', port=443) at 0x1fb8d8956d0>, 'Connection to tneapredictor-production.up.railway.app timed out. (connect timeout=None)')",1,2026-06-30T14:19:41Z,2026-06-30T14:19:41Z
POST,/predict/colleges [premium],"ConnectTimeoutError(<HTTPSConnection(host='tneapredictor-production.up.railway.app', port=443) at 0x1fbed038910>, 'Connection to tneapredictor-production.up.railway.app timed out. (connect timeout=None)')",1,2026-06-30T14:19:40Z,2026-06-30T14:19:40Z
GET,/auth/me,"ConnectTimeoutError(<HTTPSConnection(host='tneapredictor-production.up.railway.app', port=443) at 0x1fbf3adc190>, 'Connection to tneapredictor-production.up.railway.app timed out. (connect timeout=None)')",1,2026-06-30T14:19:40Z,2026-06-30T14:19:40Z
POST,/auth/login [setup],"ConnectTimeoutError(<HTTPSConnection(host='tneapredictor-production.up.railway.app', port=443) at 0x1fb8fd73890>, 'Connection to tneapredictor-production.up.railway.app timed out. (connect timeout=None)')",1,2026-06-30T14:19:21Z,2026-06-30T14:19:21Z
POST,/auth/login [setup],"ConnectTimeoutError(<HTTPSConnection(host='tneapredictor-production.up.railway.app', port=443) at 0x1fb92284550>, 'Connection to tneapredictor-production.up.railway.app timed out. (connect timeout=None)')",1,2026-06-30T14:19:27Z,2026-06-30T14:19:27Z
POST,/auth/login [setup],"ConnectTimeoutError(<HTTPSConnection(host='tneapredictor-production.up.railway.app', port=443) at 0x1fbf1a51810>, 'Connection to tneapredictor-production.up.railway.app timed out. (connect timeout=None)')",1,2026-06-30T14:19:05Z,2026-06-30T14:19:05Z
POST,/auth/login [setup],"ConnectTimeoutError(<HTTPSConnection(host='tneapredictor-production.up.railway.app', port=443) at 0x1fb93eeb4d0>, 'Connection to tneapredictor-production.up.railway.app timed out. (connect timeout=None)')",1,2026-06-30T14:19:27Z,2026-06-30T14:19:27Z
POST,/payment/create-order,"ConnectTimeoutError(<HTTPSConnection(host='tneapredictor-production.up.railway.app', port=443) at 0x1fb93f5ccd0>, 'Connection to tneapredictor-production.up.railway.app timed out. (connect timeout=None)')",1,2026-06-30T14:19:42Z,2026-06-30T14:19:42Z
POST,/auth/login [setup],"ConnectTimeoutError(<HTTPSConnection(host='tneapredictor-production.up.railway.app', port=443) at 0x1fb9922ae90>, 'Connection to tneapredictor-production.up.railway.app timed out. (connect timeout=None)')",1,2026-06-30T14:19:28Z,2026-06-30T14:19:28Z
POST,/auth/login [setup],"ConnectTimeoutError(<HTTPSConnection(host='tneapredictor-production.up.railway.app', port=443) at 0x1fb98df7110>, 'Connection to tneapredictor-production.up.railway.app timed out. (connect timeout=None)')",1,2026-06-30T14:19:28Z,2026-06-30T14:19:28Z
POST,/auth/login [setup],"ConnectTimeoutError(<HTTPSConnection(host='tneapredictor-production.up.railway.app', port=443) at 0x1fb960639d0>, 'Connection to tneapredictor-production.up.railway.app timed out. (connect timeout=None)')",1,2026-06-30T14:19:28Z,2026-06-30T14:19:28Z
POST,/auth/login [setup],"ConnectTimeoutError(<HTTPSConnection(host='tneapredictor-production.up.railway.app', port=443) at 0x1fb995e2850>, 'Connection to tneapredictor-production.up.railway.app timed out. (connect timeout=None)')",1,2026-06-30T14:19:28Z,2026-06-30T14:19:28Z
POST,/predict/colleges [auth],"ConnectTimeoutError(<HTTPSConnection(host='tneapredictor-production.up.railway.app', port=443) at 0x1fb85040550>, 'Connection to tneapredictor-production.up.railway.app timed out. (connect timeout=None)')",1,2026-06-30T14:19:45Z,2026-06-30T14:19:45Z
POST,/auth/login [setup],"ConnectTimeoutError(<HTTPSConnection(host='tneapredictor-production.up.railway.app', port=443) at 0x1fb99a91d10>, 'Connection to tneapredictor-production.up.railway.app timed out. (connect timeout=None)')",1,2026-06-30T14:19:28Z,2026-06-30T14:19:28Z
POST,/auth/update-profile,"ConnectTimeoutError(<HTTPSConnection(host='tneapredictor-production.up.railway.app', port=443) at 0x1fb8e0ea0d0>, 'Connection to tneapredictor-production.up.railway.app timed out. (connect timeout=None)')",1,2026-06-30T14:19:41Z,2026-06-30T14:19:41Z
POST,/auth/login [setup],"ConnectTimeoutError(<HTTPSConnection(host='tneapredictor-production.up.railway.app', port=443) at 0x1fb9baa34d0>, 'Connection to tneapredictor-production.up.railway.app timed out. (connect timeout=None)')",1,2026-06-30T14:19:28Z,2026-06-30T14:19:28Z
POST,/predict/colleges [premium],"ConnectTimeoutError(<HTTPSConnection(host='tneapredictor-production.up.railway.app', port=443) at 0x1fbfa333890>, 'Connection to tneapredictor-production.up.railway.app timed out. (connect timeout=None)')",1,2026-06-30T14:19:40Z,2026-06-30T14:19:40Z
POST,/auth/login [setup],"ConnectTimeoutError(<HTTPSConnection(host='tneapredictor-production.up.railway.app', port=443) at 0x1fb97cc02d0>, 'Connection to tneapredictor-production.up.railway.app timed out. (connect timeout=None)')",1,2026-06-30T14:19:28Z,2026-06-30T14:19:28Z
POST,/auth/login [setup],"ConnectTimeoutError(<HTTPSConnection(host='tneapredictor-production.up.railway.app', port=443) at 0x1fb91250410>, 'Connection to tneapredictor-production.up.railway.app timed out. (connect timeout=None)')",1,2026-06-30T14:19:27Z,2026-06-30T14:19:27Z
POST,/auth/login [setup],"ConnectTimeoutError(<HTTPSConnection(host='tneapredictor-production.up.railway.app', port=443) at 0x1fb9bed0050>, 'Connection to tneapredictor-production.up.railway.app timed out. (connect timeout=None)')",1,2026-06-30T14:19:28Z,2026-06-30T14:19:28Z
POST,/auth/login [setup],"ConnectTimeoutError(<HTTPSConnection(host='tneapredictor-production.up.railway.app', port=443) at 0x1fb926b2850>, 'Connection to tneapredictor-production.up.railway.app timed out. (connect timeout=None)')",1,2026-06-30T14:19:27Z,2026-06-30T14:19:27Z
POST,/payment/create-order,"ConnectTimeoutError(<HTTPSConnection(host='tneapredictor-production.up.railway.app', port=443) at 0x1fb93b1bed0>, 'Connection to tneapredictor-production.up.railway.app timed out. (connect timeout=None)')",1,2026-06-30T14:19:42Z,2026-06-30T14:19:42Z
POST,/predict/colleges [auth],"ConnectTimeoutError(<HTTPSConnection(host='tneapredictor-production.up.railway.app', port=443) at 0x1fb8582ac10>, 'Connection to tneapredictor-production.up.railway.app timed out. (connect timeout=None)')",1,2026-06-30T14:19:45Z,2026-06-30T14:19:45Z
POST,/auth/login [setup],"ConnectTimeoutError(<HTTPSConnection(host='tneapredictor-production.up.railway.app', port=443) at 0x1fb895fbc50>, 'Connection to tneapredictor-production.up.railway.app timed out. (connect timeout=None)')",1,2026-06-30T14:19:20Z,2026-06-30T14:19:20Z
POST,/predict/colleges [premium],"ConnectTimeoutError(<HTTPSConnection(host='tneapredictor-production.up.railway.app', port=443) at 0x1fb88d7c910>, 'Connection to tneapredictor-production.up.railway.app timed out. (connect timeout=None)')",1,2026-06-30T14:19:41Z,2026-06-30T14:19:41Z
POST,/auth/login [setup],"ConnectTimeoutError(<HTTPSConnection(host='tneapredictor-production.up.railway.app', port=443) at 0x1fb90e8fed0>, 'Connection to tneapredictor-production.up.railway.app timed out. (connect timeout=None)')",1,2026-06-30T14:19:27Z,2026-06-30T14:19:27Z
POST,/predict/colleges [premium],"ConnectTimeoutError(<HTTPSConnection(host='tneapredictor-production.up.railway.app', port=443) at 0x1fb8c83f890>, 'Connection to tneapredictor-production.up.railway.app timed out. (connect timeout=None)')",1,2026-06-30T14:19:41Z,2026-06-30T14:19:41Z
POST,/auth/login [setup],"ConnectTimeoutError(<HTTPSConnection(host='tneapredictor-production.up.railway.app', port=443) at 0x1fbe0dd5d10>, 'Connection to tneapredictor-production.up.railway.app timed out. (connect timeout=None)')",1,2026-06-30T14:19:04Z,2026-06-30T14:19:04Z
POST,/auth/login [setup],"ConnectTimeoutError(<HTTPSConnection(host='tneapredictor-production.up.railway.app', port=443) at 0x1fbf1adfc50>, 'Connection to tneapredictor-production.up.railway.app timed out. (connect timeout=None)')",1,2026-06-30T14:19:05Z,2026-06-30T14:19:05Z
GET,/auth/me,"ConnectTimeoutError(<HTTPSConnection(host='tneapredictor-production.up.railway.app', port=443) at 0x1fb87d4ead0>, 'Connection to tneapredictor-production.up.railway.app timed out. (connect timeout=None)')",1,2026-06-30T14:19:42Z,2026-06-30T14:19:42Z
POST,/auth/login [setup],"ConnectTimeoutError(<HTTPSConnection(host='tneapredictor-production.up.railway.app', port=443) at 0x1fb99e407d0>, 'Connection to tneapredictor-production.up.railway.app timed out. (connect timeout=None)')",1,2026-06-30T14:19:28Z,2026-06-30T14:19:28Z
POST,/auth/login [setup],"ConnectTimeoutError(<HTTPSConnection(host='tneapredictor-production.up.railway.app', port=443) at 0x1fb9a719d10>, 'Connection to tneapredictor-production.up.railway.app timed out. (connect timeout=None)')",1,2026-06-30T14:19:28Z,2026-06-30T14:19:28Z
POST,/predict/rank [auth],"ConnectTimeoutError(<HTTPSConnection(host='tneapredictor-production.up.railway.app', port=443) at 0x1fb85cd8a50>, 'Connection to tneapredictor-production.up.railway.app timed out. (connect timeout=None)')",1,2026-06-30T14:19:45Z,2026-06-30T14:19:45Z
POST,/auth/login [setup],"ConnectTimeoutError(<HTTPSConnection(host='tneapredictor-production.up.railway.app', port=443) at 0x1fbf1a51f90>, 'Connection to tneapredictor-production.up.railway.app timed out. (connect timeout=None)')",1,2026-06-30T14:19:05Z,2026-06-30T14:19:05Z
POST,/auth/login [setup],"ConnectTimeoutError(<HTTPSConnection(host='tneapredictor-production.up.railway.app', port=443) at 0x1fbf9e5bb10>, 'Connection to tneapredictor-production.up.railway.app timed out. (connect timeout=None)')",1,2026-06-30T14:19:06Z,2026-06-30T14:19:06Z
POST,/auth/login [setup],"ConnectTimeoutError(<HTTPSConnection(host='tneapredictor-production.up.railway.app', port=443) at 0x1fb94bebd90>, 'Connection to tneapredictor-production.up.railway.app timed out. (connect timeout=None)')",1,2026-06-30T14:19:27Z,2026-06-30T14:19:27Z
POST,/predict/colleges [premium],"ConnectTimeoutError(<HTTPSConnection(host='tneapredictor-production.up.railway.app', port=443) at 0x1fb85040050>, 'Connection to tneapredictor-production.up.railway.app timed out. (connect timeout=None)')",1,2026-06-30T14:19:40Z,2026-06-30T14:19:40Z
POST,/auth/login [setup],"ConnectTimeoutError(<HTTPSConnection(host='tneapredictor-production.up.railway.app', port=443) at 0x1fb98626850>, 'Connection to tneapredictor-production.up.railway.app timed out. (connect timeout=None)')",1,2026-06-30T14:19:28Z,2026-06-30T14:19:28Z
GET,/auth/me,"ConnectTimeoutError(<HTTPSConnection(host='tneapredictor-production.up.railway.app', port=443) at 0x1fb86538a50>, 'Connection to tneapredictor-production.up.railway.app timed out. (connect timeout=None)')",1,2026-06-30T14:19:44Z,2026-06-30T14:19:44Z
POST,/auth/login [setup],"ConnectTimeoutError(<HTTPSConnection(host='tneapredictor-production.up.railway.app', port=443) at 0x1fb91a26850>, 'Connection to tneapredictor-production.up.railway.app timed out. (connect timeout=None)')",1,2026-06-30T14:19:27Z,2026-06-30T14:19:27Z
POST,/auth/login [setup],"ConnectTimeoutError(<HTTPSConnection(host='tneapredictor-production.up.railway.app', port=443) at 0x1fb97cc16d0>, 'Connection to tneapredictor-production.up.railway.app timed out. (connect timeout=None)')",1,2026-06-30T14:19:28Z,2026-06-30T14:19:28Z
POST,/auth/login [setup],"ConnectTimeoutError(<HTTPSConnection(host='tneapredictor-production.up.railway.app', port=443) at 0x1fb8f922c10>, 'Connection to tneapredictor-production.up.railway.app timed out. (connect timeout=None)')",1,2026-06-30T14:19:21Z,2026-06-30T14:19:21Z
POST,/auth/login [setup],"ConnectTimeoutError(<HTTPSConnection(host='tneapredictor-production.up.railway.app', port=443) at 0x1fb90a5de50>, 'Connection to tneapredictor-production.up.railway.app timed out. (connect timeout=None)')",1,2026-06-30T14:19:26Z,2026-06-30T14:19:26Z
POST,/auth/login [setup],"ConnectTimeoutError(<HTTPSConnection(host='tneapredictor-production.up.railway.app', port=443) at 0x1fb926b20d0>, 'Connection to tneapredictor-production.up.railway.app timed out. (connect timeout=None)')",1,2026-06-30T14:19:27Z,2026-06-30T14:19:27Z
POST,/auth/login [setup],"ConnectTimeoutError(<HTTPSConnection(host='tneapredictor-production.up.railway.app', port=443) at 0x1fb960df390>, 'Connection to tneapredictor-production.up.railway.app timed out. (connect timeout=None)')",1,2026-06-30T14:19:28Z,2026-06-30T14:19:28Z
POST,/auth/login [setup],"ConnectTimeoutError(<HTTPSConnection(host='tneapredictor-production.up.railway.app', port=443) at 0x1fbf4c29950>, 'Connection to tneapredictor-production.up.railway.app timed out. (connect timeout=None)')",1,2026-06-30T14:19:05Z,2026-06-30T14:19:05Z
POST,/auth/login [setup],"ConnectTimeoutError(<HTTPSConnection(host='tneapredictor-production.up.railway.app', port=443) at 0x1fb991b7750>, 'Connection to tneapredictor-production.up.railway.app timed out. (connect timeout=None)')",1,2026-06-30T14:19:28Z,2026-06-30T14:19:28Z
POST,/auth/login [setup],"ConnectTimeoutError(<HTTPSConnection(host='tneapredictor-production.up.railway.app', port=443) at 0x1fb905b2e90>, 'Connection to tneapredictor-production.up.railway.app timed out. (connect timeout=None)')",1,2026-06-30T14:19:22Z,2026-06-30T14:19:22Z
POST,/predict/colleges [premium],"ConnectTimeoutError(<HTTPSConnection(host='tneapredictor-production.up.railway.app', port=443) at 0x1fbe96125d0>, 'Connection to tneapredictor-production.up.railway.app timed out. (connect timeout=None)')",1,2026-06-30T14:19:40Z,2026-06-30T14:19:40Z
POST,/payment/create-order,"ConnectTimeoutError(<HTTPSConnection(host='tneapredictor-production.up.railway.app', port=443) at 0x1fbff914cd0>, 'Connection to tneapredictor-production.up.railway.app timed out. (connect timeout=None)')",1,2026-06-30T14:19:40Z,2026-06-30T14:19:40Z
POST,/auth/login [setup],"ConnectTimeoutError(<HTTPSConnection(host='tneapredictor-production.up.railway.app', port=443) at 0x1fb94be9090>, 'Connection to tneapredictor-production.up.railway.app timed out. (connect timeout=None)')",1,2026-06-30T14:19:27Z,2026-06-30T14:19:27Z
POST,/auth/login [setup],"ConnectTimeoutError(<HTTPSConnection(host='tneapredictor-production.up.railway.app', port=443) at 0x1fbfcc9fb10>, 'Connection to tneapredictor-production.up.railway.app timed out. (connect timeout=None)')",1,2026-06-30T14:19:07Z,2026-06-30T14:19:07Z
POST,/auth/login [setup],"ConnectTimeoutError(<HTTPSConnection(host='tneapredictor-production.up.railway.app', port=443) at 0x1fbfc7ec7d0>, 'Connection to tneapredictor-production.up.railway.app timed out. (connect timeout=None)')",1,2026-06-30T14:19:07Z,2026-06-30T14:19:07Z
POST,/auth/login [setup],"ConnectTimeoutError(<HTTPSConnection(host='tneapredictor-production.up.railway.app', port=443) at 0x1fb99661310>, 'Connection to tneapredictor-production.up.railway.app timed out. (connect timeout=None)')",1,2026-06-30T14:19:28Z,2026-06-30T14:19:28Z
POST,/auth/login [setup],"ConnectTimeoutError(<HTTPSConnection(host='tneapredictor-production.up.railway.app', port=443) at 0x1fbf1adfed0>, 'Connection to tneapredictor-production.up.railway.app timed out. (connect timeout=None)')",1,2026-06-30T14:19:05Z,2026-06-30T14:19:05Z
POST,/auth/login [setup],"ConnectTimeoutError(<HTTPSConnection(host='tneapredictor-production.up.railway.app', port=443) at 0x1fb91ed2210>, 'Connection to tneapredictor-production.up.railway.app timed out. (connect timeout=None)')",1,2026-06-30T14:19:27Z,2026-06-30T14:19:27Z
POST,/auth/login [setup],"ConnectTimeoutError(<HTTPSConnection(host='tneapredictor-production.up.railway.app', port=443) at 0x1fb9649bc50>, 'Connection to tneapredictor-production.up.railway.app timed out. (connect timeout=None)')",1,2026-06-30T14:19:28Z,2026-06-30T14:19:28Z
POST,/auth/login [setup],"ConnectTimeoutError(<HTTPSConnection(host='tneapredictor-production.up.railway.app', port=443) at 0x1fb97cc3750>, 'Connection to tneapredictor-production.up.railway.app timed out. (connect timeout=None)')",1,2026-06-30T14:19:28Z,2026-06-30T14:19:28Z
POST,/auth/login [setup],"ConnectTimeoutError(<HTTPSConnection(host='tneapredictor-production.up.railway.app', port=443) at 0x1fb9a71bb10>, 'Connection to tneapredictor-production.up.railway.app timed out. (connect timeout=None)')",1,2026-06-30T14:19:28Z,2026-06-30T14:19:28Z
POST,/auth/login [setup],"ConnectTimeoutError(<HTTPSConnection(host='tneapredictor-production.up.railway.app', port=443) at 0x1fb99a134d0>, 'Connection to tneapredictor-production.up.railway.app timed out. (connect timeout=None)')",1,2026-06-30T14:19:28Z,2026-06-30T14:19:28Z
POST,/auth/login [setup],"ConnectTimeoutError(<HTTPSConnection(host='tneapredictor-production.up.railway.app', port=443) at 0x1fb985b4690>, 'Connection to tneapredictor-production.up.railway.app timed out. (connect timeout=None)')",1,2026-06-30T14:19:28Z,2026-06-30T14:19:28Z
POST,/predict/colleges [premium],"ConnectTimeoutError(<HTTPSConnection(host='tneapredictor-production.up.railway.app', port=443) at 0x1fb816951d0>, 'Connection to tneapredictor-production.up.railway.app timed out. (connect timeout=None)')",1,2026-06-30T14:19:40Z,2026-06-30T14:19:40Z
GET,/auth/me,"ConnectTimeoutError(<HTTPSConnection(host='tneapredictor-production.up.railway.app', port=443) at 0x1fb93b19e50>, 'Connection to tneapredictor-production.up.railway.app timed out. (connect timeout=None)')",1,2026-06-30T14:19:42Z,2026-06-30T14:19:42Z
POST,/auth/login [setup],"ConnectTimeoutError(<HTTPSConnection(host='tneapredictor-production.up.railway.app', port=443) at 0x1fb99660910>, 'Connection to tneapredictor-production.up.railway.app timed out. (connect timeout=None)')",1,2026-06-30T14:19:28Z,2026-06-30T14:19:28Z
POST,/auth/login [setup],"ConnectTimeoutError(<HTTPSConnection(host='tneapredictor-production.up.railway.app', port=443) at 0x1fb99f39e50>, 'Connection to tneapredictor-production.up.railway.app timed out. (connect timeout=None)')",1,2026-06-30T14:19:28Z,2026-06-30T14:19:28Z
GET,/auth/me,"ConnectTimeoutError(<HTTPSConnection(host='tneapredictor-production.up.railway.app', port=443) at 0x1fb865acb90>, 'Connection to tneapredictor-production.up.railway.app timed out. (connect timeout=None)')",1,2026-06-30T14:19:44Z,2026-06-30T14:19:44Z
POST,/auth/login [setup],"ConnectTimeoutError(<HTTPSConnection(host='tneapredictor-production.up.railway.app', port=443) at 0x1fb995e0a50>, 'Connection to tneapredictor-production.up.railway.app timed out. (connect timeout=None)')",1,2026-06-30T14:19:28Z,2026-06-30T14:19:28Z
POST,/predict/colleges [premium],"ConnectTimeoutError(<HTTPSConnection(host='tneapredictor-production.up.railway.app', port=443) at 0x1fbff916350>, 'Connection to tneapredictor-production.up.railway.app timed out. (connect timeout=None)')",1,2026-06-30T14:19:40Z,2026-06-30T14:19:40Z
GET,/auth/me,"ConnectTimeoutError(<HTTPSConnection(host='tneapredictor-production.up.railway.app', port=443) at 0x1fb85cdaad0>, 'Connection to tneapredictor-production.up.railway.app timed out. (connect timeout=None)')",1,2026-06-30T14:19:45Z,2026-06-30T14:19:45Z
POST,/auth/login [setup],"ConnectTimeoutError(<HTTPSConnection(host='tneapredictor-production.up.railway.app', port=443) at 0x1fb93b18690>, 'Connection to tneapredictor-production.up.railway.app timed out. (connect timeout=None)')",1,2026-06-30T14:19:27Z,2026-06-30T14:19:27Z
POST,/auth/login [setup],"ConnectTimeoutError(<HTTPSConnection(host='tneapredictor-production.up.railway.app', port=443) at 0x1fb97884f50>, 'Connection to tneapredictor-production.up.railway.app timed out. (connect timeout=None)')",1,2026-06-30T14:19:28Z,2026-06-30T14:19:28Z
POST,/auth/login [setup],"ConnectTimeoutError(<HTTPSConnection(host='tneapredictor-production.up.railway.app', port=443) at 0x1fb94311bd0>, 'Connection to tneapredictor-production.up.railway.app timed out. (connect timeout=None)')",1,2026-06-30T14:19:27Z,2026-06-30T14:19:27Z
POST,/auth/login [setup],"ConnectTimeoutError(<HTTPSConnection(host='tneapredictor-production.up.railway.app', port=443) at 0x1fbe91e9310>, 'Connection to tneapredictor-production.up.railway.app timed out. (connect timeout=None)')",1,2026-06-30T14:19:04Z,2026-06-30T14:19:04Z
POST,/auth/login [setup],"ConnectTimeoutError(<HTTPSConnection(host='tneapredictor-production.up.railway.app', port=443) at 0x1fb8a292d50>, 'Connection to tneapredictor-production.up.railway.app timed out. (connect timeout=None)')",1,2026-06-30T14:19:20Z,2026-06-30T14:19:20Z
POST,/auth/login [setup],"ConnectTimeoutError(<HTTPSConnection(host='tneapredictor-production.up.railway.app', port=443) at 0x1fb98187b10>, 'Connection to tneapredictor-production.up.railway.app timed out. (connect timeout=None)')",1,2026-06-30T14:19:28Z,2026-06-30T14:19:28Z
POST,/auth/login [setup],"ConnectTimeoutError(<HTTPSConnection(host='tneapredictor-production.up.railway.app', port=443) at 0x1fb958f4050>, 'Connection to tneapredictor-production.up.railway.app timed out. (connect timeout=None)')",1,2026-06-30T14:19:28Z,2026-06-30T14:19:28Z
POST,/predict/colleges [premium],"ConnectTimeoutError(<HTTPSConnection(host='tneapredictor-production.up.railway.app', port=443) at 0x1fbf8123750>, 'Connection to tneapredictor-production.up.railway.app timed out. (connect timeout=None)')",1,2026-06-30T14:19:40Z,2026-06-30T14:19:40Z
POST,/auth/login [setup],"ConnectTimeoutError(<HTTPSConnection(host='tneapredictor-production.up.railway.app', port=443) at 0x1fb9baa1450>, 'Connection to tneapredictor-production.up.railway.app timed out. (connect timeout=None)')",1,2026-06-30T14:19:28Z,2026-06-30T14:19:28Z
POST,/auth/login [setup],"ConnectTimeoutError(<HTTPSConnection(host='tneapredictor-production.up.railway.app', port=443) at 0x1fbe2331e50>, 'Connection to tneapredictor-production.up.railway.app timed out. (connect timeout=None)')",1,2026-06-30T14:19:04Z,2026-06-30T14:19:04Z
POST,/auth/login [setup],"ConnectTimeoutError(<HTTPSConnection(host='tneapredictor-production.up.railway.app', port=443) at 0x1fbfc762710>, 'Connection to tneapredictor-production.up.railway.app timed out. (connect timeout=None)')",1,2026-06-30T14:19:07Z,2026-06-30T14:19:07Z
POST,/auth/login [setup],"ConnectTimeoutError(<HTTPSConnection(host='tneapredictor-production.up.railway.app', port=443) at 0x1fb96515090>, 'Connection to tneapredictor-production.up.railway.app timed out. (connect timeout=None)')",1,2026-06-30T14:19:28Z,2026-06-30T14:19:28Z
POST,/auth/login [setup],"ConnectTimeoutError(<HTTPSConnection(host='tneapredictor-production.up.railway.app', port=443) at 0x1fbe47f3250>, 'Connection to tneapredictor-production.up.railway.app timed out. (connect timeout=None)')",1,2026-06-30T14:19:04Z,2026-06-30T14:19:04Z
POST,/auth/login [setup],"ConnectTimeoutError(<HTTPSConnection(host='tneapredictor-production.up.railway.app', port=443) at 0x1fb947d0410>, 'Connection to tneapredictor-production.up.railway.app timed out. (connect timeout=None)')",1,2026-06-30T14:19:27Z,2026-06-30T14:19:27Z
POST,/auth/login [setup],"ConnectTimeoutError(<HTTPSConnection(host='tneapredictor-production.up.railway.app', port=443) at 0x1fb98d842d0>, 'Connection to tneapredictor-production.up.railway.app timed out. (connect timeout=None)')",1,2026-06-30T14:19:28Z,2026-06-30T14:19:28Z
POST,/predict/colleges [guest],"ConnectTimeoutError(<HTTPSConnection(host='tneapredictor-production.up.railway.app', port=443) at 0x1fbfbb75810>, 'Connection to tneapredictor-production.up.railway.app timed out. (connect timeout=None)')",1,2026-06-30T14:19:11Z,2026-06-30T14:19:11Z
POST,/auth/login [setup],"ConnectTimeoutError(<HTTPSConnection(host='tneapredictor-production.up.railway.app', port=443) at 0x1fb99f39950>, 'Connection to tneapredictor-production.up.railway.app timed out. (connect timeout=None)')",1,2026-06-30T14:19:28Z,2026-06-30T14:19:28Z
POST,/auth/login [setup],"ConnectTimeoutError(<HTTPSConnection(host='tneapredictor-production.up.railway.app', port=443) at 0x1fbf81a7ed0>, 'Connection to tneapredictor-production.up.railway.app timed out. (connect timeout=None)')",1,2026-06-30T14:19:05Z,2026-06-30T14:19:05Z
POST,/auth/login [setup],"ConnectTimeoutError(<HTTPSConnection(host='tneapredictor-production.up.railway.app', port=443) at 0x1fb91e507d0>, 'Connection to tneapredictor-production.up.railway.app timed out. (connect timeout=None)')",1,2026-06-30T14:19:27Z,2026-06-30T14:19:27Z
POST,/auth/login [setup],"ConnectTimeoutError(<HTTPSConnection(host='tneapredictor-production.up.railway.app', port=443) at 0x1fb8f8a2d50>, 'Connection to tneapredictor-production.up.railway.app timed out. (connect timeout=None)')",1,2026-06-30T14:19:21Z,2026-06-30T14:19:21Z
GET,/auth/me,"ConnectTimeoutError(<HTTPSConnection(host='tneapredictor-production.up.railway.app', port=443) at 0x1fb87d4d6d0>, 'Connection to tneapredictor-production.up.railway.app timed out. (connect timeout=None)')",1,2026-06-30T14:19:42Z,2026-06-30T14:19:42Z
POST,/predict/colleges [premium],"ConnectTimeoutError(<HTTPSConnection(host='tneapredictor-production.up.railway.app', port=443) at 0x1fb89a38e10>, 'Connection to tneapredictor-production.up.railway.app timed out. (connect timeout=None)')",1,2026-06-30T14:19:41Z,2026-06-30T14:19:41Z
POST,/auth/login [setup],"ConnectTimeoutError(<HTTPSConnection(host='tneapredictor-production.up.railway.app', port=443) at 0x1fb953c3250>, 'Connection to tneapredictor-production.up.railway.app timed out. (connect timeout=None)')",1,2026-06-30T14:19:27Z,2026-06-30T14:19:27Z
POST,/auth/login [setup],"ConnectTimeoutError(<HTTPSConnection(host='tneapredictor-production.up.railway.app', port=443) at 0x1fbe0e5cf50>, 'Connection to tneapredictor-production.up.railway.app timed out. (connect timeout=None)')",1,2026-06-30T14:19:04Z,2026-06-30T14:19:04Z
POST,/predict/colleges [premium],"ConnectTimeoutError(<HTTPSConnection(host='tneapredictor-production.up.railway.app', port=443) at 0x1fb90966c10>, 'Connection to tneapredictor-production.up.railway.app timed out. (connect timeout=None)')",1,2026-06-30T14:19:40Z,2026-06-30T14:19:40Z
POST,/auth/login [setup],"ConnectTimeoutError(<HTTPSConnection(host='tneapredictor-production.up.railway.app', port=443) at 0x1fb995e11d0>, 'Connection to tneapredictor-production.up.railway.app timed out. (connect timeout=None)')",1,2026-06-30T14:19:28Z,2026-06-30T14:19:28Z
POST,/auth/login [setup],"ConnectTimeoutError(<HTTPSConnection(host='tneapredictor-production.up.railway.app', port=443) at 0x1fbfc7ec2d0>, 'Connection to tneapredictor-production.up.railway.app timed out. (connect timeout=None)')",1,2026-06-30T14:19:07Z,2026-06-30T14:19:07Z
POST,/auth/login [setup],"ConnectTimeoutError(<HTTPSConnection(host='tneapredictor-production.up.railway.app', port=443) at 0x1fb995e2d50>, 'Connection to tneapredictor-production.up.railway.app timed out. (connect timeout=None)')",1,2026-06-30T14:19:28Z,2026-06-30T14:19:28Z
POST,/auth/login [setup],"ConnectTimeoutError(<HTTPSConnection(host='tneapredictor-production.up.railway.app', port=443) at 0x1fbe1e96490>, 'Connection to tneapredictor-production.up.railway.app timed out. (connect timeout=None)')",1,2026-06-30T14:19:04Z,2026-06-30T14:19:04Z
POST,/auth/login [setup],"ConnectTimeoutError(<HTTPSConnection(host='tneapredictor-production.up.railway.app', port=443) at 0x1fb947d3b10>, 'Connection to tneapredictor-production.up.railway.app timed out. (connect timeout=None)')",1,2026-06-30T14:19:27Z,2026-06-30T14:19:27Z
POST,/auth/login [setup],"ConnectTimeoutError(<HTTPSConnection(host='tneapredictor-production.up.railway.app', port=443) at 0x1fbf4777390>, 'Connection to tneapredictor-production.up.railway.app timed out. (connect timeout=None)')",1,2026-06-30T14:19:05Z,2026-06-30T14:19:05Z
POST,/payment/create-order,"ConnectTimeoutError(<HTTPSConnection(host='tneapredictor-production.up.railway.app', port=443) at 0x1fbf8120a50>, 'Connection to tneapredictor-production.up.railway.app timed out. (connect timeout=None)')",1,2026-06-30T14:19:40Z,2026-06-30T14:19:40Z
POST,/auth/login [setup],"ConnectTimeoutError(<HTTPSConnection(host='tneapredictor-production.up.railway.app', port=443) at 0x1fb9440f4d0>, 'Connection to tneapredictor-production.up.railway.app timed out. (connect timeout=None)')",1,2026-06-30T14:19:27Z,2026-06-30T14:19:27Z
POST,/auth/login [setup],"ConnectTimeoutError(<HTTPSConnection(host='tneapredictor-production.up.railway.app', port=443) at 0x1fb90e8e5d0>, 'Connection to tneapredictor-production.up.railway.app timed out. (connect timeout=None)')",1,2026-06-30T14:19:26Z,2026-06-30T14:19:26Z
POST,/auth/login [setup],"ConnectTimeoutError(<HTTPSConnection(host='tneapredictor-production.up.railway.app', port=443) at 0x1fb8f99b250>, 'Connection to tneapredictor-production.up.railway.app timed out. (connect timeout=None)')",1,2026-06-30T14:19:21Z,2026-06-30T14:19:21Z
POST,/auth/login [setup],"ConnectTimeoutError(<HTTPSConnection(host='tneapredictor-production.up.railway.app', port=443) at 0x1fbedcd74d0>, 'Connection to tneapredictor-production.up.railway.app timed out. (connect timeout=None)')",1,2026-06-30T14:19:04Z,2026-06-30T14:19:04Z
POST,/predict/colleges [premium],"ConnectTimeoutError(<HTTPSConnection(host='tneapredictor-production.up.railway.app', port=443) at 0x1fb885c2350>, 'Connection to tneapredictor-production.up.railway.app timed out. (connect timeout=None)')",1,2026-06-30T14:19:43Z,2026-06-30T14:19:43Z
POST,/auth/login [setup],"ConnectTimeoutError(<HTTPSConnection(host='tneapredictor-production.up.railway.app', port=443) at 0x1fbe3faa0d0>, 'Connection to tneapredictor-production.up.railway.app timed out. (connect timeout=None)')",1,2026-06-30T14:19:04Z,2026-06-30T14:19:04Z
POST,/auth/login [setup],"ConnectTimeoutError(<HTTPSConnection(host='tneapredictor-production.up.railway.app', port=443) at 0x1fb93f5f390>, 'Connection to tneapredictor-production.up.railway.app timed out. (connect timeout=None)')",1,2026-06-30T14:19:27Z,2026-06-30T14:19:27Z
POST,/predict/colleges [premium],"ConnectTimeoutError(<HTTPSConnection(host='tneapredictor-production.up.railway.app', port=443) at 0x1fb8b7339d0>, 'Connection to tneapredictor-production.up.railway.app timed out. (connect timeout=None)')",1,2026-06-30T14:19:42Z,2026-06-30T14:19:42Z
POST,/auth/login [setup],"ConnectTimeoutError(<HTTPSConnection(host='tneapredictor-production.up.railway.app', port=443) at 0x1fb978f8190>, 'Connection to tneapredictor-production.up.railway.app timed out. (connect timeout=None)')",1,2026-06-30T14:19:28Z,2026-06-30T14:19:28Z
POST,/predict/colleges [premium],"ConnectTimeoutError(<HTTPSConnection(host='tneapredictor-production.up.railway.app', port=443) at 0x1fb92285810>, 'Connection to tneapredictor-production.up.railway.app timed out. (connect timeout=None)')",1,2026-06-30T14:19:42Z,2026-06-30T14:19:42Z
POST,/auth/login [setup],"ConnectTimeoutError(<HTTPSConnection(host='tneapredictor-production.up.railway.app', port=443) at 0x1fb981f9e50>, 'Connection to tneapredictor-production.up.railway.app timed out. (connect timeout=None)')",1,2026-06-30T14:19:28Z,2026-06-30T14:19:28Z
POST,/auth/login [setup],"ConnectTimeoutError(<HTTPSConnection(host='tneapredictor-production.up.railway.app', port=443) at 0x1fb90e8f750>, 'Connection to tneapredictor-production.up.railway.app timed out. (connect timeout=None)')",1,2026-06-30T14:19:26Z,2026-06-30T14:19:26Z
POST,/auth/login [setup],"ConnectTimeoutError(<HTTPSConnection(host='tneapredictor-production.up.railway.app', port=443) at 0x1fb9bf4d090>, 'Connection to tneapredictor-production.up.railway.app timed out. (connect timeout=None)')",1,2026-06-30T14:19:28Z,2026-06-30T14:19:28Z
POST,/auth/login [setup],"ConnectTimeoutError(<HTTPSConnection(host='tneapredictor-production.up.railway.app', port=443) at 0x1fb8e517b10>, 'Connection to tneapredictor-production.up.railway.app timed out. (connect timeout=None)')",1,2026-06-30T14:19:21Z,2026-06-30T14:19:21Z
POST,/auth/login [setup],"ConnectTimeoutError(<HTTPSConnection(host='tneapredictor-production.up.railway.app', port=443) at 0x1fb8a315810>, 'Connection to tneapredictor-production.up.railway.app timed out. (connect timeout=None)')",1,2026-06-30T14:19:20Z,2026-06-30T14:19:20Z
POST,/auth/login [setup],"ConnectTimeoutError(<HTTPSConnection(host='tneapredictor-production.up.railway.app', port=443) at 0x1fbf4343110>, 'Connection to tneapredictor-production.up.railway.app timed out. (connect timeout=None)')",1,2026-06-30T14:19:05Z,2026-06-30T14:19:05Z
POST,/auth/login [setup],"ConnectTimeoutError(<HTTPSConnection(host='tneapredictor-production.up.railway.app', port=443) at 0x1fb92286350>, 'Connection to tneapredictor-production.up.railway.app timed out. (connect timeout=None)')",1,2026-06-30T14:19:27Z,2026-06-30T14:19:27Z
GET,/predict/colleges-list,"ConnectTimeoutError(<HTTPSConnection(host='tneapredictor-production.up.railway.app', port=443) at 0x1fb8c83d310>, 'Connection to tneapredictor-production.up.railway.app timed out. (connect timeout=None)')",1,2026-06-30T14:19:42Z,2026-06-30T14:19:42Z
POST,/payment/create-order,"ConnectTimeoutError(<HTTPSConnection(host='tneapredictor-production.up.railway.app', port=443) at 0x1fb8e0eb250>, 'Connection to tneapredictor-production.up.railway.app timed out. (connect timeout=None)')",1,2026-06-30T14:19:41Z,2026-06-30T14:19:41Z
POST,/auth/login [setup],"ConnectTimeoutError(<HTTPSConnection(host='tneapredictor-production.up.railway.app', port=443) at 0x1fb97d47d90>, 'Connection to tneapredictor-production.up.railway.app timed out. (connect timeout=None)')",1,2026-06-30T14:19:28Z,2026-06-30T14:19:28Z
POST,/auth/login [setup],"ConnectTimeoutError(<HTTPSConnection(host='tneapredictor-production.up.railway.app', port=443) at 0x1fb92286fd0>, 'Connection to tneapredictor-production.up.railway.app timed out. (connect timeout=None)')",1,2026-06-30T14:19:27Z,2026-06-30T14:19:27Z
POST,/auth/login [setup],"ConnectTimeoutError(<HTTPSConnection(host='tneapredictor-production.up.railway.app', port=443) at 0x1fb90e15810>, 'Connection to tneapredictor-production.up.railway.app timed out. (connect timeout=None)')",1,2026-06-30T14:19:26Z,2026-06-30T14:19:26Z
POST,/predict/colleges [premium],"ConnectTimeoutError(<HTTPSConnection(host='tneapredictor-production.up.railway.app', port=443) at 0x1fb864b3110>, 'Connection to tneapredictor-production.up.railway.app timed out. (connect timeout=None)')",1,2026-06-30T14:19:43Z,2026-06-30T14:19:43Z
POST,/auth/login [setup],"ConnectTimeoutError(<HTTPSConnection(host='tneapredictor-production.up.railway.app', port=443) at 0x1fb94311e50>, 'Connection to tneapredictor-production.up.railway.app timed out. (connect timeout=None)')",1,2026-06-30T14:19:27Z,2026-06-30T14:19:27Z
GET,/auth/me,"ConnectTimeoutError(<HTTPSConnection(host='tneapredictor-production.up.railway.app', port=443) at 0x1fb891c5d10>, 'Connection to tneapredictor-production.up.railway.app timed out. (connect timeout=None)')",1,2026-06-30T14:19:41Z,2026-06-30T14:19:41Z
POST,/predict/colleges [premium],"ConnectTimeoutError(<HTTPSConnection(host='tneapredictor-production.up.railway.app', port=443) at 0x1fb8a38e990>, 'Connection to tneapredictor-production.up.railway.app timed out. (connect timeout=None)')",1,2026-06-30T14:19:42Z,2026-06-30T14:19:42Z
POST,/auth/login [setup],"ConnectTimeoutError(<HTTPSConnection(host='tneapredictor-production.up.railway.app', port=443) at 0x1fb9017c410>, 'Connection to tneapredictor-production.up.railway.app timed out. (connect timeout=None)')",1,2026-06-30T14:19:21Z,2026-06-30T14:19:21Z
POST,/auth/update-profile,"ConnectTimeoutError(<HTTPSConnection(host='tneapredictor-production.up.railway.app', port=443) at 0x1fb84c12ad0>, 'Connection to tneapredictor-production.up.railway.app timed out. (connect timeout=None)')",1,2026-06-30T14:19:42Z,2026-06-30T14:19:42Z
POST,/predict/colleges [premium],"ConnectTimeoutError(<HTTPSConnection(host='tneapredictor-production.up.railway.app', port=443) at 0x1fb94313390>, 'Connection to tneapredictor-production.up.railway.app timed out. (connect timeout=None)')",1,2026-06-30T14:19:42Z,2026-06-30T14:19:42Z
POST,/predict/colleges [premium],"ConnectTimeoutError(<HTTPSConnection(host='tneapredictor-production.up.railway.app', port=443) at 0x1fbfa6dbed0>, 'Connection to tneapredictor-production.up.railway.app timed out. (connect timeout=None)')",1,2026-06-30T14:19:40Z,2026-06-30T14:19:40Z
POST,/auth/login [setup],"ConnectTimeoutError(<HTTPSConnection(host='tneapredictor-production.up.railway.app', port=443) at 0x1fbf1a51310>, 'Connection to tneapredictor-production.up.railway.app timed out. (connect timeout=None)')",1,2026-06-30T14:19:05Z,2026-06-30T14:19:05Z
POST,/auth/login [setup],"ConnectTimeoutError(<HTTPSConnection(host='tneapredictor-production.up.railway.app', port=443) at 0x1fb8d0aca50>, 'Connection to tneapredictor-production.up.railway.app timed out. (connect timeout=None)')",1,2026-06-30T14:19:21Z,2026-06-30T14:19:21Z
POST,/auth/login [setup],"ConnectTimeoutError(<HTTPSConnection(host='tneapredictor-production.up.railway.app', port=443) at 0x1fb953c0a50>, 'Connection to tneapredictor-production.up.railway.app timed out. (connect timeout=None)')",1,2026-06-30T14:19:27Z,2026-06-30T14:19:27Z
POST,/payment/create-order,"ConnectTimeoutError(<HTTPSConnection(host='tneapredictor-production.up.railway.app', port=443) at 0x1fb83707ed0>, 'Connection to tneapredictor-production.up.railway.app timed out. (connect timeout=None)')",1,2026-06-30T14:19:40Z,2026-06-30T14:19:40Z
POST,/auth/login [setup],"ConnectTimeoutError(<HTTPSConnection(host='tneapredictor-production.up.railway.app', port=443) at 0x1fb99f39bd0>, 'Connection to tneapredictor-production.up.railway.app timed out. (connect timeout=None)')",1,2026-06-30T14:19:28Z,2026-06-30T14:19:28Z
POST,/auth/login [setup],"ConnectTimeoutError(<HTTPSConnection(host='tneapredictor-production.up.railway.app', port=443) at 0x1fbefd84550>, 'Connection to tneapredictor-production.up.railway.app timed out. (connect timeout=None)')",1,2026-06-30T14:19:04Z,2026-06-30T14:19:04Z
POST,/auth/login [setup],"ConnectTimeoutError(<HTTPSConnection(host='tneapredictor-production.up.railway.app', port=443) at 0x1fbf1e64910>, 'Connection to tneapredictor-production.up.railway.app timed out. (connect timeout=None)')",1,2026-06-30T14:19:05Z,2026-06-30T14:19:05Z
POST,/auth/login [setup],"ConnectTimeoutError(<HTTPSConnection(host='tneapredictor-production.up.railway.app', port=443) at 0x1fb89670190>, 'Connection to tneapredictor-production.up.railway.app timed out. (connect timeout=None)')",1,2026-06-30T14:19:20Z,2026-06-30T14:19:20Z
POST,/auth/login [setup],"ConnectTimeoutError(<HTTPSConnection(host='tneapredictor-production.up.railway.app', port=443) at 0x1fbe85fead0>, 'Connection to tneapredictor-production.up.railway.app timed out. (connect timeout=None)')",1,2026-06-30T14:19:04Z,2026-06-30T14:19:04Z
POST,/auth/login [setup],"ConnectTimeoutError(<HTTPSConnection(host='tneapredictor-production.up.railway.app', port=443) at 0x1fbe899d090>, 'Connection to tneapredictor-production.up.railway.app timed out. (connect timeout=None)')",1,2026-06-30T14:19:04Z,2026-06-30T14:19:04Z
POST,/auth/login [setup],"ConnectTimeoutError(<HTTPSConnection(host='tneapredictor-production.up.railway.app', port=443) at 0x1fbe23316d0>, 'Connection to tneapredictor-production.up.railway.app timed out. (connect timeout=None)')",1,2026-06-30T14:19:04Z,2026-06-30T14:19:04Z
POST,/predict/colleges [auth],"ConnectTimeoutError(<HTTPSConnection(host='tneapredictor-production.up.railway.app', port=443) at 0x1fb86103c50>, 'Connection to tneapredictor-production.up.railway.app timed out. (connect timeout=None)')",1,2026-06-30T14:19:45Z,2026-06-30T14:19:45Z
POST,/predict/colleges [guest],"ConnectTimeoutError(<HTTPSConnection(host='tneapredictor-production.up.railway.app', port=443) at 0x1fb87cd8190>, 'Connection to tneapredictor-production.up.railway.app timed out. (connect timeout=None)')",1,2026-06-30T14:19:41Z,2026-06-30T14:19:41Z
POST,/auth/login [setup],"ConnectTimeoutError(<HTTPSConnection(host='tneapredictor-production.up.railway.app', port=443) at 0x1fb99ec7b10>, 'Connection to tneapredictor-production.up.railway.app timed out. (connect timeout=None)')",1,2026-06-30T14:19:28Z,2026-06-30T14:19:28Z
POST,/payment/create-order,"ConnectTimeoutError(<HTTPSConnection(host='tneapredictor-production.up.railway.app', port=443) at 0x1fb89eda850>, 'Connection to tneapredictor-production.up.railway.app timed out. (connect timeout=None)')",1,2026-06-30T14:19:41Z,2026-06-30T14:19:41Z
POST,/auth/login [setup],"ConnectTimeoutError(<HTTPSConnection(host='tneapredictor-production.up.railway.app', port=443) at 0x1fb93eea0d0>, 'Connection to tneapredictor-production.up.railway.app timed out. (connect timeout=None)')",1,2026-06-30T14:19:27Z,2026-06-30T14:19:27Z
POST,/auth/login [setup],"ConnectTimeoutError(<HTTPSConnection(host='tneapredictor-production.up.railway.app', port=443) at 0x1fb985b7890>, 'Connection to tneapredictor-production.up.railway.app timed out. (connect timeout=None)')",1,2026-06-30T14:19:28Z,2026-06-30T14:19:28Z
GET,/auth/me,"ConnectTimeoutError(<HTTPSConnection(host='tneapredictor-production.up.railway.app', port=443) at 0x1fb8bac4190>, 'Connection to tneapredictor-production.up.railway.app timed out. (connect timeout=None)')",1,2026-06-30T14:19:42Z,2026-06-30T14:19:42Z
POST,/auth/login [setup],"ConnectTimeoutError(<HTTPSConnection(host='tneapredictor-production.up.railway.app', port=443) at 0x1fb981fa0d0>, 'Connection to tneapredictor-production.up.railway.app timed out. (connect timeout=None)')",1,2026-06-30T14:19:28Z,2026-06-30T14:19:28Z
POST,/auth/login [setup],"ConnectTimeoutError(<HTTPSConnection(host='tneapredictor-production.up.railway.app', port=443) at 0x1fb89241a90>, 'Connection to tneapredictor-production.up.railway.app timed out. (connect timeout=None)')",1,2026-06-30T14:19:20Z,2026-06-30T14:19:20Z
GET,/auth/me,"ConnectTimeoutError(<HTTPSConnection(host='tneapredictor-production.up.railway.app', port=443) at 0x1fb83f00910>, 'Connection to tneapredictor-production.up.railway.app timed out. (connect timeout=None)')",1,2026-06-30T14:19:40Z,2026-06-30T14:19:40Z
POST,/predict/colleges [premium],"ConnectTimeoutError(<HTTPSConnection(host='tneapredictor-production.up.railway.app', port=443) at 0x1fb88119590>, 'Connection to tneapredictor-production.up.railway.app timed out. (connect timeout=None)')",1,2026-06-30T14:19:43Z,2026-06-30T14:19:43Z
POST,/auth/login [setup],"ConnectTimeoutError(<HTTPSConnection(host='tneapredictor-production.up.railway.app', port=443) at 0x1fb97cc3250>, 'Connection to tneapredictor-production.up.railway.app timed out. (connect timeout=None)')",1,2026-06-30T14:19:28Z,2026-06-30T14:19:28Z
POST,/auth/login [setup],"ConnectTimeoutError(<HTTPSConnection(host='tneapredictor-production.up.railway.app', port=443) at 0x1fb99a10550>, 'Connection to tneapredictor-production.up.railway.app timed out. (connect timeout=None)')",1,2026-06-30T14:19:28Z,2026-06-30T14:19:28Z
POST,/auth/login [setup],"ConnectTimeoutError(<HTTPSConnection(host='tneapredictor-production.up.railway.app', port=443) at 0x1fbf0558690>, 'Connection to tneapredictor-production.up.railway.app timed out. (connect timeout=None)')",1,2026-06-30T14:19:04Z,2026-06-30T14:19:04Z
POST,/auth/update-profile,"ConnectTimeoutError(<HTTPSConnection(host='tneapredictor-production.up.railway.app', port=443) at 0x1fb8cc03ed0>, 'Connection to tneapredictor-production.up.railway.app timed out. (connect timeout=None)')",1,2026-06-30T14:19:40Z,2026-06-30T14:19:40Z
POST,/auth/login [setup],"ConnectTimeoutError(<HTTPSConnection(host='tneapredictor-production.up.railway.app', port=443) at 0x1fb991b6850>, 'Connection to tneapredictor-production.up.railway.app timed out. (connect timeout=None)')",1,2026-06-30T14:19:28Z,2026-06-30T14:19:28Z
POST,/auth/login [setup],"ConnectTimeoutError(<HTTPSConnection(host='tneapredictor-production.up.railway.app', port=443) at 0x1fb92287c50>, 'Connection to tneapredictor-production.up.railway.app timed out. (connect timeout=None)')",1,2026-06-30T14:19:27Z,2026-06-30T14:19:27Z
POST,/auth/login [setup],"ConnectTimeoutError(<HTTPSConnection(host='tneapredictor-production.up.railway.app', port=443) at 0x1fb960de710>, 'Connection to tneapredictor-production.up.railway.app timed out. (connect timeout=None)')",1,2026-06-30T14:19:28Z,2026-06-30T14:19:28Z
POST,/auth/login [setup],"ConnectTimeoutError(<HTTPSConnection(host='tneapredictor-production.up.railway.app', port=443) at 0x1fbf81a5450>, 'Connection to tneapredictor-production.up.railway.app timed out. (connect timeout=None)')",1,2026-06-30T14:19:05Z,2026-06-30T14:19:05Z
POST,/predict/colleges [auth],"ConnectTimeoutError(<HTTPSConnection(host='tneapredictor-production.up.railway.app', port=443) at 0x1fb84fc2990>, 'Connection to tneapredictor-production.up.railway.app timed out. (connect timeout=None)')",1,2026-06-30T14:19:46Z,2026-06-30T14:19:46Z
POST,/predict/colleges [premium],"ConnectTimeoutError(<HTTPSConnection(host='tneapredictor-production.up.railway.app', port=443) at 0x1fb8e067610>, 'Connection to tneapredictor-production.up.railway.app timed out. (connect timeout=None)')",1,2026-06-30T14:19:42Z,2026-06-30T14:19:42Z
POST,/predict/colleges [premium],"ConnectTimeoutError(<HTTPSConnection(host='tneapredictor-production.up.railway.app', port=443) at 0x1fb805e2d50>, 'Connection to tneapredictor-production.up.railway.app timed out. (connect timeout=None)')",1,2026-06-30T14:19:40Z,2026-06-30T14:19:40Z
POST,/payment/create-order,"ConnectTimeoutError(<HTTPSConnection(host='tneapredictor-production.up.railway.app', port=443) at 0x1fb864b2710>, 'Connection to tneapredictor-production.up.railway.app timed out. (connect timeout=None)')",1,2026-06-30T14:19:43Z,2026-06-30T14:19:43Z
POST,/auth/update-profile,"ConnectTimeoutError(<HTTPSConnection(host='tneapredictor-production.up.railway.app', port=443) at 0x1fbe9e887d0>, 'Connection to tneapredictor-production.up.railway.app timed out. (connect timeout=None)')",1,2026-06-30T14:19:40Z,2026-06-30T14:19:40Z
POST,/auth/login [setup],"ConnectTimeoutError(<HTTPSConnection(host='tneapredictor-production.up.railway.app', port=443) at 0x1fb93f5e490>, 'Connection to tneapredictor-production.up.railway.app timed out. (connect timeout=None)')",1,2026-06-30T14:19:27Z,2026-06-30T14:19:27Z
POST,/auth/login [setup],"ConnectTimeoutError(<HTTPSConnection(host='tneapredictor-production.up.railway.app', port=443) at 0x1fb926b1e50>, 'Connection to tneapredictor-production.up.railway.app timed out. (connect timeout=None)')",1,2026-06-30T14:19:27Z,2026-06-30T14:19:27Z
POST,/auth/login [setup],"ConnectTimeoutError(<HTTPSConnection(host='tneapredictor-production.up.railway.app', port=443) at 0x1fb92284050>, 'Connection to tneapredictor-production.up.railway.app timed out. (connect timeout=None)')",1,2026-06-30T14:19:27Z,2026-06-30T14:19:27Z
POST,/auth/login [setup],"ConnectTimeoutError(<HTTPSConnection(host='tneapredictor-production.up.railway.app', port=443) at 0x1fbfd3f6490>, 'Connection to tneapredictor-production.up.railway.app timed out. (connect timeout=None)')",1,2026-06-30T14:19:07Z,2026-06-30T14:19:07Z
POST,/auth/login [setup],"ConnectTimeoutError(<HTTPSConnection(host='tneapredictor-production.up.railway.app', port=443) at 0x1fb98187d90>, 'Connection to tneapredictor-production.up.railway.app timed out. (connect timeout=None)')",1,2026-06-30T14:19:28Z,2026-06-30T14:19:28Z
POST,/auth/login [setup],"ConnectTimeoutError(<HTTPSConnection(host='tneapredictor-production.up.railway.app', port=443) at 0x1fb90e16990>, 'Connection to tneapredictor-production.up.railway.app timed out. (connect timeout=None)')",1,2026-06-30T14:19:26Z,2026-06-30T14:19:26Z
POST,/auth/login [setup],"ConnectTimeoutError(<HTTPSConnection(host='tneapredictor-production.up.railway.app', port=443) at 0x1fb93eeafd0>, 'Connection to tneapredictor-production.up.railway.app timed out. (connect timeout=None)')",1,2026-06-30T14:19:27Z,2026-06-30T14:19:27Z
POST,/auth/login [setup],"ConnectTimeoutError(<HTTPSConnection(host='tneapredictor-production.up.railway.app', port=443) at 0x1fb953c16d0>, 'Connection to tneapredictor-production.up.railway.app timed out. (connect timeout=None)')",1,2026-06-30T14:19:27Z,2026-06-30T14:19:27Z
POST,/auth/login [setup],"ConnectTimeoutError(<HTTPSConnection(host='tneapredictor-production.up.railway.app', port=443) at 0x1fbf47f65d0>, 'Connection to tneapredictor-production.up.railway.app timed out. (connect timeout=None)')",1,2026-06-30T14:19:05Z,2026-06-30T14:19:05Z
POST,/auth/login [setup],"ConnectTimeoutError(<HTTPSConnection(host='tneapredictor-production.up.railway.app', port=443) at 0x1fb90e8f250>, 'Connection to tneapredictor-production.up.railway.app timed out. (connect timeout=None)')",1,2026-06-30T14:19:26Z,2026-06-30T14:19:26Z
POST,/auth/login [setup],"ConnectTimeoutError(<HTTPSConnection(host='tneapredictor-production.up.railway.app', port=443) at 0x1fb96061450>, 'Connection to tneapredictor-production.up.railway.app timed out. (connect timeout=None)')",1,2026-06-30T14:19:28Z,2026-06-30T14:19:28Z
POST,/auth/login [setup],"ConnectTimeoutError(<HTTPSConnection(host='tneapredictor-production.up.railway.app', port=443) at 0x1fbf4775810>, 'Connection to tneapredictor-production.up.railway.app timed out. (connect timeout=None)')",1,2026-06-30T14:19:05Z,2026-06-30T14:19:05Z
POST,/auth/login [setup],"ConnectTimeoutError(<HTTPSConnection(host='tneapredictor-production.up.railway.app', port=443) at 0x1fb995e20d0>, 'Connection to tneapredictor-production.up.railway.app timed out. (connect timeout=None)')",1,2026-06-30T14:19:28Z,2026-06-30T14:19:28Z
POST,/auth/login [setup],"ConnectTimeoutError(<HTTPSConnection(host='tneapredictor-production.up.railway.app', port=443) at 0x1fb94c6d950>, 'Connection to tneapredictor-production.up.railway.app timed out. (connect timeout=None)')",1,2026-06-30T14:19:27Z,2026-06-30T14:19:27Z
POST,/predict/colleges [premium],"ConnectTimeoutError(<HTTPSConnection(host='tneapredictor-production.up.railway.app', port=443) at 0x1fb8cc01950>, 'Connection to tneapredictor-production.up.railway.app timed out. (connect timeout=None)')",1,2026-06-30T14:19:25Z,2026-06-30T14:19:25Z
POST,/auth/login [setup],"ConnectTimeoutError(<HTTPSConnection(host='tneapredictor-production.up.railway.app', port=443) at 0x1fb943125d0>, 'Connection to tneapredictor-production.up.railway.app timed out. (connect timeout=None)')",1,2026-06-30T14:19:27Z,2026-06-30T14:19:27Z
POST,/auth/login [setup],"ConnectTimeoutError(<HTTPSConnection(host='tneapredictor-production.up.railway.app', port=443) at 0x1fb8bfdb4d0>, 'Connection to tneapredictor-production.up.railway.app timed out. (connect timeout=None)')",1,2026-06-30T14:19:20Z,2026-06-30T14:19:20Z
POST,/auth/login [setup],"ConnectTimeoutError(<HTTPSConnection(host='tneapredictor-production.up.railway.app', port=443) at 0x1fb91e53250>, 'Connection to tneapredictor-production.up.railway.app timed out. (connect timeout=None)')",1,2026-06-30T14:19:27Z,2026-06-30T14:19:27Z
POST,/auth/login [setup],"ConnectTimeoutError(<HTTPSConnection(host='tneapredictor-production.up.railway.app', port=443) at 0x1fbe47f39d0>, 'Connection to tneapredictor-production.up.railway.app timed out. (connect timeout=None)')",1,2026-06-30T14:19:04Z,2026-06-30T14:19:04Z
POST,/auth/login [setup],"ConnectTimeoutError(<HTTPSConnection(host='tneapredictor-production.up.railway.app', port=443) at 0x1fb99f396d0>, 'Connection to tneapredictor-production.up.railway.app timed out. (connect timeout=None)')",1,2026-06-30T14:19:28Z,2026-06-30T14:19:28Z
POST,/auth/login [setup],"ConnectTimeoutError(<HTTPSConnection(host='tneapredictor-production.up.railway.app', port=443) at 0x1fbe22c3b10>, 'Connection to tneapredictor-production.up.railway.app timed out. (connect timeout=None)')",1,2026-06-30T14:19:04Z,2026-06-30T14:19:04Z
POST,/auth/login [setup],"ConnectTimeoutError(<HTTPSConnection(host='tneapredictor-production.up.railway.app', port=443) at 0x1fb978865d0>, 'Connection to tneapredictor-production.up.railway.app timed out. (connect timeout=None)')",1,2026-06-30T14:19:28Z,2026-06-30T14:19:28Z
POST,/auth/login [setup],"ConnectTimeoutError(<HTTPSConnection(host='tneapredictor-production.up.railway.app', port=443) at 0x1fb91670910>, 'Connection to tneapredictor-production.up.railway.app timed out. (connect timeout=None)')",1,2026-06-30T14:19:27Z,2026-06-30T14:19:27Z
POST,/auth/update-profile,"ConnectTimeoutError(<HTTPSConnection(host='tneapredictor-production.up.railway.app', port=443) at 0x1fb88977d90>, 'Connection to tneapredictor-production.up.railway.app timed out. (connect timeout=None)')",1,2026-06-30T14:19:43Z,2026-06-30T14:19:43Z
POST,/auth/login [setup],"ConnectTimeoutError(<HTTPSConnection(host='tneapredictor-production.up.railway.app', port=443) at 0x1fb9502fb10>, 'Connection to tneapredictor-production.up.railway.app timed out. (connect timeout=None)')",1,2026-06-30T14:19:27Z,2026-06-30T14:19:27Z
POST,/auth/login [setup],"ConnectTimeoutError(<HTTPSConnection(host='tneapredictor-production.up.railway.app', port=443) at 0x1fbe8577390>, 'Connection to tneapredictor-production.up.railway.app timed out. (connect timeout=None)')",1,2026-06-30T14:19:04Z,2026-06-30T14:19:04Z
POST,/predict/rank [guest],"ConnectTimeoutError(<HTTPSConnection(host='tneapredictor-production.up.railway.app', port=443) at 0x1fb94b72490>, 'Connection to tneapredictor-production.up.railway.app timed out. (connect timeout=None)')",1,2026-06-30T14:19:42Z,2026-06-30T14:19:42Z
GET,/auth/me,"ConnectTimeoutError(<HTTPSConnection(host='tneapredictor-production.up.railway.app', port=443) at 0x1fbfc7edd10>, 'Connection to tneapredictor-production.up.railway.app timed out. (connect timeout=None)')",1,2026-06-30T14:19:40Z,2026-06-30T14:19:40Z
POST,/payment/create-order,"ConnectTimeoutError(<HTTPSConnection(host='tneapredictor-production.up.railway.app', port=443) at 0x1fb8b730f50>, 'Connection to tneapredictor-production.up.railway.app timed out. (connect timeout=None)')",1,2026-06-30T14:19:42Z,2026-06-30T14:19:42Z
POST,/predict/colleges [premium],"ConnectTimeoutError(<HTTPSConnection(host='tneapredictor-production.up.railway.app', port=443) at 0x1fbfcc20b90>, 'Connection to tneapredictor-production.up.railway.app timed out. (connect timeout=None)')",1,2026-06-30T14:19:40Z,2026-06-30T14:19:40Z
POST,/predict/colleges [premium],"ConnectTimeoutError(<HTTPSConnection(host='tneapredictor-production.up.railway.app', port=443) at 0x1fb90a5e990>, 'Connection to tneapredictor-production.up.railway.app timed out. (connect timeout=None)')",1,2026-06-30T14:19:27Z,2026-06-30T14:19:27Z
POST,/auth/login [setup],"ConnectTimeoutError(<HTTPSConnection(host='tneapredictor-production.up.railway.app', port=443) at 0x1fb9baa11d0>, 'Connection to tneapredictor-production.up.railway.app timed out. (connect timeout=None)')",1,2026-06-30T14:19:28Z,2026-06-30T14:19:28Z
POST,/predict/colleges [premium],"ConnectTimeoutError(<HTTPSConnection(host='tneapredictor-production.up.railway.app', port=443) at 0x1fb88540410>, 'Connection to tneapredictor-production.up.railway.app timed out. (connect timeout=None)')",1,2026-06-30T14:19:43Z,2026-06-30T14:19:43Z
POST,/auth/login [setup],"ConnectTimeoutError(<HTTPSConnection(host='tneapredictor-production.up.railway.app', port=443) at 0x1fbf1a53d90>, 'Connection to tneapredictor-production.up.railway.app timed out. (connect timeout=None)')",1,2026-06-30T14:19:05Z,2026-06-30T14:19:05Z
POST,/predict/colleges [premium],"ConnectTimeoutError(<HTTPSConnection(host='tneapredictor-production.up.railway.app', port=443) at 0x1fb916707d0>, 'Connection to tneapredictor-production.up.railway.app timed out. (connect timeout=None)')",1,2026-06-30T14:19:42Z,2026-06-30T14:19:42Z
POST,/auth/login [setup],"ConnectTimeoutError(<HTTPSConnection(host='tneapredictor-production.up.railway.app', port=443) at 0x1fbe8e3a0d0>, 'Connection to tneapredictor-production.up.railway.app timed out. (connect timeout=None)')",1,2026-06-30T14:19:04Z,2026-06-30T14:19:04Z
POST,/predict/colleges [auth],"ConnectTimeoutError(<HTTPSConnection(host='tneapredictor-production.up.railway.app', port=443) at 0x1fb84fc0190>, 'Connection to tneapredictor-production.up.railway.app timed out. (connect timeout=None)')",1,2026-06-30T14:19:46Z,2026-06-30T14:19:46Z
POST,/auth/update-profile,"ConnectTimeoutError(<HTTPSConnection(host='tneapredictor-production.up.railway.app', port=443) at 0x1fb90a5dd10>, 'Connection to tneapredictor-production.up.railway.app timed out. (connect timeout=None)')",1,2026-06-30T14:19:42Z,2026-06-30T14:19:42Z
POST,/auth/login [setup],"ConnectTimeoutError(<HTTPSConnection(host='tneapredictor-production.up.railway.app', port=443) at 0x1fb97db5e50>, 'Connection to tneapredictor-production.up.railway.app timed out. (connect timeout=None)')",1,2026-06-30T14:19:28Z,2026-06-30T14:19:28Z
GET,/auth/me,"ConnectTimeoutError(<HTTPSConnection(host='tneapredictor-production.up.railway.app', port=443) at 0x1fb86083b10>, 'Connection to tneapredictor-production.up.railway.app timed out. (connect timeout=None)')",1,2026-06-30T14:19:45Z,2026-06-30T14:19:45Z
POST,/predict/colleges [auth],"ConnectTimeoutError(<HTTPSConnection(host='tneapredictor-production.up.railway.app', port=443) at 0x1fb85c59310>, 'Connection to tneapredictor-production.up.railway.app timed out. (connect timeout=None)')",1,2026-06-30T14:19:45Z,2026-06-30T14:19:45Z
POST,/auth/login [setup],"ConnectTimeoutError(<HTTPSConnection(host='tneapredictor-production.up.railway.app', port=443) at 0x1fbe85fd950>, 'Connection to tneapredictor-production.up.railway.app timed out. (connect timeout=None)')",1,2026-06-30T14:19:04Z,2026-06-30T14:19:04Z
POST,/auth/login [setup],"ConnectTimeoutError(<HTTPSConnection(host='tneapredictor-production.up.railway.app', port=443) at 0x1fb960dfb10>, 'Connection to tneapredictor-production.up.railway.app timed out. (connect timeout=None)')",1,2026-06-30T14:19:28Z,2026-06-30T14:19:28Z
POST,/predict/colleges [premium],"ConnectTimeoutError(<HTTPSConnection(host='tneapredictor-production.up.railway.app', port=443) at 0x1fb853f6e90>, 'Connection to tneapredictor-production.up.railway.app timed out. (connect timeout=None)')",1,2026-06-30T14:19:43Z,2026-06-30T14:19:43Z
POST,/auth/login [setup],"ConnectTimeoutError(<HTTPSConnection(host='tneapredictor-production.up.railway.app', port=443) at 0x1fb9bed16d0>, 'Connection to tneapredictor-production.up.railway.app timed out. (connect timeout=None)')",1,2026-06-30T14:19:28Z,2026-06-30T14:19:28Z
POST,/auth/login [setup],"ConnectTimeoutError(<HTTPSConnection(host='tneapredictor-production.up.railway.app', port=443) at 0x1fb960dc190>, 'Connection to tneapredictor-production.up.railway.app timed out. (connect timeout=None)')",1,2026-06-30T14:19:28Z,2026-06-30T14:19:28Z
POST,/auth/login [setup],"ConnectTimeoutError(<HTTPSConnection(host='tneapredictor-production.up.railway.app', port=443) at 0x1fb91aa8b90>, 'Connection to tneapredictor-production.up.railway.app timed out. (connect timeout=None)')",1,2026-06-30T14:19:27Z,2026-06-30T14:19:27Z
POST,/payment/create-order,"ConnectTimeoutError(<HTTPSConnection(host='tneapredictor-production.up.railway.app', port=443) at 0x1fbf8121450>, 'Connection to tneapredictor-production.up.railway.app timed out. (connect timeout=None)')",1,2026-06-30T14:19:40Z,2026-06-30T14:19:40Z
POST,/auth/login [setup],"ConnectTimeoutError(<HTTPSConnection(host='tneapredictor-production.up.railway.app', port=443) at 0x1fb981f87d0>, 'Connection to tneapredictor-production.up.railway.app timed out. (connect timeout=None)')",1,2026-06-30T14:19:28Z,2026-06-30T14:19:28Z
POST,/payment/create-order,"ConnectTimeoutError(<HTTPSConnection(host='tneapredictor-production.up.railway.app', port=443) at 0x1fb84b95a90>, 'Connection to tneapredictor-production.up.railway.app timed out. (connect timeout=None)')",1,2026-06-30T14:19:42Z,2026-06-30T14:19:42Z
GET,/auth/me,"ConnectTimeoutError(<HTTPSConnection(host='tneapredictor-production.up.railway.app', port=443) at 0x1fb8d0320d0>, 'Connection to tneapredictor-production.up.railway.app timed out. (connect timeout=None)')",1,2026-06-30T14:19:42Z,2026-06-30T14:19:42Z
POST,/auth/login [setup],"ConnectTimeoutError(<HTTPSConnection(host='tneapredictor-production.up.railway.app', port=443) at 0x1fb9baa3ed0>, 'Connection to tneapredictor-production.up.railway.app timed out. (connect timeout=None)')",1,2026-06-30T14:19:28Z,2026-06-30T14:19:28Z
POST,/payment/create-order,"ConnectTimeoutError(<HTTPSConnection(host='tneapredictor-production.up.railway.app', port=443) at 0x1fb99663750>, 'Connection to tneapredictor-production.up.railway.app timed out. (connect timeout=None)')",1,2026-06-30T14:19:42Z,2026-06-30T14:19:42Z
POST,/auth/update-profile,"ConnectTimeoutError(<HTTPSConnection(host='tneapredictor-production.up.railway.app', port=443) at 0x1fbf9ee1810>, 'Connection to tneapredictor-production.up.railway.app timed out. (connect timeout=None)')",1,2026-06-30T14:19:40Z,2026-06-30T14:19:40Z
POST,/auth/login [setup],"ConnectTimeoutError(<HTTPSConnection(host='tneapredictor-production.up.railway.app', port=443) at 0x1fb958074d0>, 'Connection to tneapredictor-production.up.railway.app timed out. (connect timeout=None)')",1,2026-06-30T14:19:27Z,2026-06-30T14:19:27Z
POST,/auth/login [setup],"ConnectTimeoutError(<HTTPSConnection(host='tneapredictor-production.up.railway.app', port=443) at 0x1fb9502d310>, 'Connection to tneapredictor-production.up.railway.app timed out. (connect timeout=None)')",1,2026-06-30T14:19:27Z,2026-06-30T14:19:27Z
POST,/auth/login [setup],"ConnectTimeoutError(<HTTPSConnection(host='tneapredictor-production.up.railway.app', port=443) at 0x1fbf7cfa710>, 'Connection to tneapredictor-production.up.railway.app timed out. (connect timeout=None)')",1,2026-06-30T14:19:05Z,2026-06-30T14:19:05Z
POST,/auth/login [setup],"ConnectTimeoutError(<HTTPSConnection(host='tneapredictor-production.up.railway.app', port=443) at 0x1fb989eee90>, 'Connection to tneapredictor-production.up.railway.app timed out. (connect timeout=None)')",1,2026-06-30T14:19:28Z,2026-06-30T14:19:28Z
POST,/auth/login [setup],"ConnectTimeoutError(<HTTPSConnection(host='tneapredictor-production.up.railway.app', port=443) at 0x1fb99a92210>, 'Connection to tneapredictor-production.up.railway.app timed out. (connect timeout=None)')",1,2026-06-30T14:19:28Z,2026-06-30T14:19:28Z
POST,/auth/login [setup],"ConnectTimeoutError(<HTTPSConnection(host='tneapredictor-production.up.railway.app', port=443) at 0x1fbe1acd950>, 'Connection to tneapredictor-production.up.railway.app timed out. (connect timeout=None)')",1,2026-06-30T14:19:04Z,2026-06-30T14:19:04Z
GET,/auth/me,"ConnectTimeoutError(<HTTPSConnection(host='tneapredictor-production.up.railway.app', port=443) at 0x1fbfc3b0b90>, 'Connection to tneapredictor-production.up.railway.app timed out. (connect timeout=None)')",1,2026-06-30T14:19:40Z,2026-06-30T14:19:40Z
POST,/auth/login [setup],"ConnectTimeoutError(<HTTPSConnection(host='tneapredictor-production.up.railway.app', port=443) at 0x1fb90e15d10>, 'Connection to tneapredictor-production.up.railway.app timed out. (connect timeout=None)')",1,2026-06-30T14:19:26Z,2026-06-30T14:19:26Z
POST,/predict/colleges [premium],"ConnectTimeoutError(<HTTPSConnection(host='tneapredictor-production.up.railway.app', port=443) at 0x1fb9017e5d0>, 'Connection to tneapredictor-production.up.railway.app timed out. (connect timeout=None)')",1,2026-06-30T14:19:40Z,2026-06-30T14:19:40Z
POST,/auth/login [setup],"ConnectTimeoutError(<HTTPSConnection(host='tneapredictor-production.up.railway.app', port=443) at 0x1fbe3b911d0>, 'Connection to tneapredictor-production.up.railway.app timed out. (connect timeout=None)')",1,2026-06-30T14:19:04Z,2026-06-30T14:19:04Z
POST,/auth/login [setup],"ConnectTimeoutError(<HTTPSConnection(host='tneapredictor-production.up.railway.app', port=443) at 0x1fbf05d9e50>, 'Connection to tneapredictor-production.up.railway.app timed out. (connect timeout=None)')",1,2026-06-30T14:19:04Z,2026-06-30T14:19:04Z
POST,/predict/colleges [premium],"ConnectTimeoutError(<HTTPSConnection(host='tneapredictor-production.up.railway.app', port=443) at 0x1fbf4343750>, 'Connection to tneapredictor-production.up.railway.app timed out. (connect timeout=None)')",1,2026-06-30T14:19:40Z,2026-06-30T14:19:40Z
POST,/auth/login [setup],"ConnectTimeoutError(<HTTPSConnection(host='tneapredictor-production.up.railway.app', port=443) at 0x1fb98624f50>, 'Connection to tneapredictor-production.up.railway.app timed out. (connect timeout=None)')",1,2026-06-30T14:19:28Z,2026-06-30T14:19:28Z
POST,/auth/login [setup],"ConnectTimeoutError(<HTTPSConnection(host='tneapredictor-production.up.railway.app', port=443) at 0x1fb91a279d0>, 'Connection to tneapredictor-production.up.railway.app timed out. (connect timeout=None)')",1,2026-06-30T14:19:27Z,2026-06-30T14:19:27Z
POST,/auth/login [setup],"ConnectTimeoutError(<HTTPSConnection(host='tneapredictor-production.up.railway.app', port=443) at 0x1fb90e8fc50>, 'Connection to tneapredictor-production.up.railway.app timed out. (connect timeout=None)')",1,2026-06-30T14:19:26Z,2026-06-30T14:19:26Z
POST,/auth/login [setup],"ConnectTimeoutError(<HTTPSConnection(host='tneapredictor-production.up.railway.app', port=443) at 0x1fb93f5e990>, 'Connection to tneapredictor-production.up.railway.app timed out. (connect timeout=None)')",1,2026-06-30T14:19:27Z,2026-06-30T14:19:27Z
POST,/auth/login [setup],"ConnectTimeoutError(<HTTPSConnection(host='tneapredictor-production.up.railway.app', port=443) at 0x1fb96514910>, 'Connection to tneapredictor-production.up.railway.app timed out. (connect timeout=None)')",1,2026-06-30T14:19:28Z,2026-06-30T14:19:28Z
POST,/predict/colleges [premium],"ConnectTimeoutError(<HTTPSConnection(host='tneapredictor-production.up.railway.app', port=443) at 0x1fb8d894a50>, 'Connection to tneapredictor-production.up.railway.app timed out. (connect timeout=None)')",1,2026-06-30T14:19:41Z,2026-06-30T14:19:41Z
POST,/auth/login [setup],"ConnectTimeoutError(<HTTPSConnection(host='tneapredictor-production.up.railway.app', port=443) at 0x1fb853f79d0>, 'Connection to tneapredictor-production.up.railway.app timed out. (connect timeout=None)')",1,2026-06-30T14:19:18Z,2026-06-30T14:19:18Z
POST,/auth/update-profile,"ConnectTimeoutError(<HTTPSConnection(host='tneapredictor-production.up.railway.app', port=443) at 0x1fb84fc0410>, 'Connection to tneapredictor-production.up.railway.app timed out. (connect timeout=None)')",1,2026-06-30T14:19:47Z,2026-06-30T14:19:47Z
POST,/predict/colleges [premium],"ConnectTimeoutError(<HTTPSConnection(host='tneapredictor-production.up.railway.app', port=443) at 0x1fbf5892c10>, 'Connection to tneapredictor-production.up.railway.app timed out. (connect timeout=None)')",1,2026-06-30T14:19:40Z,2026-06-30T14:19:40Z
POST,/predict/colleges [premium],"ConnectTimeoutError(<HTTPSConnection(host='tneapredictor-production.up.railway.app', port=443) at 0x1fb89672d50>, 'Connection to tneapredictor-production.up.railway.app timed out. (connect timeout=None)')",1,2026-06-30T14:19:41Z,2026-06-30T14:19:41Z
GET,/auth/me,"ConnectTimeoutError(<HTTPSConnection(host='tneapredictor-production.up.railway.app', port=443) at 0x1fb847e47d0>, 'Connection to tneapredictor-production.up.railway.app timed out. (connect timeout=None)')",1,2026-06-30T14:19:49Z,2026-06-30T14:19:49Z
POST,/auth/login [setup],"ConnectTimeoutError(<HTTPSConnection(host='tneapredictor-production.up.railway.app', port=443) at 0x1fbf3addf90>, 'Connection to tneapredictor-production.up.railway.app timed out. (connect timeout=None)')",1,2026-06-30T14:19:05Z,2026-06-30T14:19:05Z
POST,/auth/login [setup],"ConnectTimeoutError(<HTTPSConnection(host='tneapredictor-production.up.railway.app', port=443) at 0x1fb8d0accd0>, 'Connection to tneapredictor-production.up.railway.app timed out. (connect timeout=None)')",1,2026-06-30T14:19:21Z,2026-06-30T14:19:21Z
GET,/auth/me,"ConnectTimeoutError(<HTTPSConnection(host='tneapredictor-production.up.railway.app', port=443) at 0x1fbfd042710>, 'Connection to tneapredictor-production.up.railway.app timed out. (connect timeout=None)')",1,2026-06-30T14:19:40Z,2026-06-30T14:19:40Z
POST,/auth/login [setup],"ConnectTimeoutError(<HTTPSConnection(host='tneapredictor-production.up.railway.app', port=443) at 0x1fbf229dd10>, 'Connection to tneapredictor-production.up.railway.app timed out. (connect timeout=None)')",1,2026-06-30T14:19:05Z,2026-06-30T14:19:05Z
POST,/predict/colleges [premium],"ConnectTimeoutError(<HTTPSConnection(host='tneapredictor-production.up.railway.app', port=443) at 0x1fb8c7bc2d0>, 'Connection to tneapredictor-production.up.railway.app timed out. (connect timeout=None)')",1,2026-06-30T14:19:40Z,2026-06-30T14:19:40Z
POST,/auth/login [setup],"ConnectTimeoutError(<HTTPSConnection(host='tneapredictor-production.up.railway.app', port=443) at 0x1fb90a5cf50>, 'Connection to tneapredictor-production.up.railway.app timed out. (connect timeout=None)')",1,2026-06-30T14:19:26Z,2026-06-30T14:19:26Z
POST,/auth/login [setup],"ConnectTimeoutError(<HTTPSConnection(host='tneapredictor-production.up.railway.app', port=443) at 0x1fbe8db9310>, 'Connection to tneapredictor-production.up.railway.app timed out. (connect timeout=None)')",1,2026-06-30T14:19:04Z,2026-06-30T14:19:04Z
POST,/auth/login [setup],"ConnectTimeoutError(<HTTPSConnection(host='tneapredictor-production.up.railway.app', port=443) at 0x1fb960607d0>, 'Connection to tneapredictor-production.up.railway.app timed out. (connect timeout=None)')",1,2026-06-30T14:19:28Z,2026-06-30T14:19:28Z
POST,/auth/login [setup],"ConnectTimeoutError(<HTTPSConnection(host='tneapredictor-production.up.railway.app', port=443) at 0x1fbe85ff4d0>, 'Connection to tneapredictor-production.up.railway.app timed out. (connect timeout=None)')",1,2026-06-30T14:19:04Z,2026-06-30T14:19:04Z
POST,/auth/login [setup],"ConnectTimeoutError(<HTTPSConnection(host='tneapredictor-production.up.railway.app', port=443) at 0x1fb912ce5d0>, 'Connection to tneapredictor-production.up.railway.app timed out. (connect timeout=None)')",1,2026-06-30T14:19:27Z,2026-06-30T14:19:27Z
GET,/auth/me,"ConnectTimeoutError(<HTTPSConnection(host='tneapredictor-production.up.railway.app', port=443) at 0x1fb85c59090>, 'Connection to tneapredictor-production.up.railway.app timed out. (connect timeout=None)')",1,2026-06-30T14:19:45Z,2026-06-30T14:19:45Z
POST,/auth/login [setup],"ConnectTimeoutError(<HTTPSConnection(host='tneapredictor-production.up.railway.app', port=443) at 0x1fb94bea210>, 'Connection to tneapredictor-production.up.railway.app timed out. (connect timeout=None)')",1,2026-06-30T14:19:27Z,2026-06-30T14:19:27Z
POST,/auth/login [setup],"ConnectTimeoutError(<HTTPSConnection(host='tneapredictor-production.up.railway.app', port=443) at 0x1fb8c3b3390>, 'Connection to tneapredictor-production.up.railway.app timed out. (connect timeout=None)')",1,2026-06-30T14:19:20Z,2026-06-30T14:19:20Z
POST,/auth/login [setup],"ConnectTimeoutError(<HTTPSConnection(host='tneapredictor-production.up.railway.app', port=443) at 0x1fb9a718190>, 'Connection to tneapredictor-production.up.railway.app timed out. (connect timeout=None)')",1,2026-06-30T14:19:28Z,2026-06-30T14:19:28Z
POST,/auth/login [setup],"ConnectTimeoutError(<HTTPSConnection(host='tneapredictor-production.up.railway.app', port=443) at 0x1fbe4ba7110>, 'Connection to tneapredictor-production.up.railway.app timed out. (connect timeout=None)')",1,2026-06-30T14:19:04Z,2026-06-30T14:19:04Z
POST,/auth/login [setup],"ConnectTimeoutError(<HTTPSConnection(host='tneapredictor-production.up.railway.app', port=443) at 0x1fb99e43750>, 'Connection to tneapredictor-production.up.railway.app timed out. (connect timeout=None)')",1,2026-06-30T14:19:28Z,2026-06-30T14:19:28Z
GET,/auth/me,"ConnectTimeoutError(<HTTPSConnection(host='tneapredictor-production.up.railway.app', port=443) at 0x1fbe78dde50>, 'Connection to tneapredictor-production.up.railway.app timed out. (connect timeout=None)')",1,2026-06-30T14:19:39Z,2026-06-30T14:19:39Z
POST,/auth/update-profile,"ConnectTimeoutError(<HTTPSConnection(host='tneapredictor-production.up.railway.app', port=443) at 0x1fb916734d0>, 'Connection to tneapredictor-production.up.railway.app timed out. (connect timeout=None)')",1,2026-06-30T14:19:42Z,2026-06-30T14:19:42Z
POST,/auth/login [setup],"ConnectTimeoutError(<HTTPSConnection(host='tneapredictor-production.up.railway.app', port=443) at 0x1fb99a12850>, 'Connection to tneapredictor-production.up.railway.app timed out. (connect timeout=None)')",1,2026-06-30T14:19:28Z,2026-06-30T14:19:28Z
POST,/auth/login [setup],"ConnectTimeoutError(<HTTPSConnection(host='tneapredictor-production.up.railway.app', port=443) at 0x1fb97d45810>, 'Connection to tneapredictor-production.up.railway.app timed out. (connect timeout=None)')",1,2026-06-30T14:19:28Z,2026-06-30T14:19:28Z
POST,/auth/login [setup],"ConnectTimeoutError(<HTTPSConnection(host='tneapredictor-production.up.railway.app', port=443) at 0x1fb99f3b250>, 'Connection to tneapredictor-production.up.railway.app timed out. (connect timeout=None)')",1,2026-06-30T14:19:28Z,2026-06-30T14:19:28Z
POST,/auth/login [setup],"ConnectTimeoutError(<HTTPSConnection(host='tneapredictor-production.up.railway.app', port=443) at 0x1fb99e402d0>, 'Connection to tneapredictor-production.up.railway.app timed out. (connect timeout=None)')",1,2026-06-30T14:19:28Z,2026-06-30T14:19:28Z
POST,/auth/login [setup],"ConnectTimeoutError(<HTTPSConnection(host='tneapredictor-production.up.railway.app', port=443) at 0x1fb8a38dbd0>, 'Connection to tneapredictor-production.up.railway.app timed out. (connect timeout=None)')",1,2026-06-30T14:19:20Z,2026-06-30T14:19:20Z
POST,/auth/login [setup],"ConnectTimeoutError(<HTTPSConnection(host='tneapredictor-production.up.railway.app', port=443) at 0x1fb9502df90>, 'Connection to tneapredictor-production.up.railway.app timed out. (connect timeout=None)')",1,2026-06-30T14:19:27Z,2026-06-30T14:19:27Z
GET,/auth/me,"ConnectTimeoutError(<HTTPSConnection(host='tneapredictor-production.up.railway.app', port=443) at 0x1fb9baa1f90>, 'Connection to tneapredictor-production.up.railway.app timed out. (connect timeout=None)')",1,2026-06-30T14:19:42Z,2026-06-30T14:19:42Z
POST,/auth/login [setup],"ConnectTimeoutError(<HTTPSConnection(host='tneapredictor-production.up.railway.app', port=443) at 0x1fb8a38e350>, 'Connection to tneapredictor-production.up.railway.app timed out. (connect timeout=None)')",1,2026-06-30T14:19:20Z,2026-06-30T14:19:20Z
POST,/auth/login [setup],"ConnectTimeoutError(<HTTPSConnection(host='tneapredictor-production.up.railway.app', port=443) at 0x1fb922860d0>, 'Connection to tneapredictor-production.up.railway.app timed out. (connect timeout=None)')",1,2026-06-30T14:19:27Z,2026-06-30T14:19:27Z
POST,/auth/login [setup],"ConnectTimeoutError(<HTTPSConnection(host='tneapredictor-production.up.railway.app', port=443) at 0x1fb8547d090>, 'Connection to tneapredictor-production.up.railway.app timed out. (connect timeout=None)')",1,2026-06-30T14:19:18Z,2026-06-30T14:19:18Z
POST,/auth/login [setup],"ConnectTimeoutError(<HTTPSConnection(host='tneapredictor-production.up.railway.app', port=443) at 0x1fbe9f7f390>, 'Connection to tneapredictor-production.up.railway.app timed out. (connect timeout=None)')",1,2026-06-30T14:19:04Z,2026-06-30T14:19:04Z
POST,/auth/login [setup],"ConnectTimeoutError(<HTTPSConnection(host='tneapredictor-production.up.railway.app', port=443) at 0x1fb843a6c10>, 'Connection to tneapredictor-production.up.railway.app timed out. (connect timeout=None)')",1,2026-06-30T14:19:18Z,2026-06-30T14:19:18Z
POST,/auth/login [setup],"ConnectTimeoutError(<HTTPSConnection(host='tneapredictor-production.up.railway.app', port=443) at 0x1fbf1a50b90>, 'Connection to tneapredictor-production.up.railway.app timed out. (connect timeout=None)')",1,2026-06-30T14:19:05Z,2026-06-30T14:19:05Z
POST,/auth/login [setup],"ConnectTimeoutError(<HTTPSConnection(host='tneapredictor-production.up.railway.app', port=443) at 0x1fbe7d9d6d0>, 'Connection to tneapredictor-production.up.railway.app timed out. (connect timeout=None)')",1,2026-06-30T14:19:04Z,2026-06-30T14:19:04Z
POST,/auth/login [setup],"ConnectTimeoutError(<HTTPSConnection(host='tneapredictor-production.up.railway.app', port=443) at 0x1fbf1adf250>, 'Connection to tneapredictor-production.up.railway.app timed out. (connect timeout=None)')",1,2026-06-30T14:19:05Z,2026-06-30T14:19:05Z
POST,/payment/create-order,"ConnectTimeoutError(<HTTPSConnection(host='tneapredictor-production.up.railway.app', port=443) at 0x1fb90105d10>, 'Connection to tneapredictor-production.up.railway.app timed out. (connect timeout=None)')",1,2026-06-30T14:19:41Z,2026-06-30T14:19:41Z
POST,/auth/login [setup],"ConnectTimeoutError(<HTTPSConnection(host='tneapredictor-production.up.railway.app', port=443) at 0x1fbe3b93750>, 'Connection to tneapredictor-production.up.railway.app timed out. (connect timeout=None)')",1,2026-06-30T14:19:04Z,2026-06-30T14:19:04Z
POST,/predict/colleges [premium],"ConnectTimeoutError(<HTTPSConnection(host='tneapredictor-production.up.railway.app', port=443) at 0x1fbe1acfb10>, 'Connection to tneapredictor-production.up.railway.app timed out. (connect timeout=None)')",1,2026-06-30T14:19:28Z,2026-06-30T14:19:28Z
POST,/predict/colleges [premium],"ConnectTimeoutError(<HTTPSConnection(host='tneapredictor-production.up.railway.app', port=443) at 0x1fb87cdae90>, 'Connection to tneapredictor-production.up.railway.app timed out. (connect timeout=None)')",1,2026-06-30T14:19:41Z,2026-06-30T14:19:41Z
POST,/auth/login [setup],"ConnectTimeoutError(<HTTPSConnection(host='tneapredictor-production.up.railway.app', port=443) at 0x1fb978fae90>, 'Connection to tneapredictor-production.up.railway.app timed out. (connect timeout=None)')",1,2026-06-30T14:19:28Z,2026-06-30T14:19:28Z
GET,/auth/me,"ConnectTimeoutError(<HTTPSConnection(host='tneapredictor-production.up.railway.app', port=443) at 0x1fb8bac7d90>, 'Connection to tneapredictor-production.up.railway.app timed out. (connect timeout=None)')",1,2026-06-30T14:19:42Z,2026-06-30T14:19:42Z
POST,/auth/login [setup],"ConnectTimeoutError(<HTTPSConnection(host='tneapredictor-production.up.railway.app', port=443) at 0x1fb9a6a8050>, 'Connection to tneapredictor-production.up.railway.app timed out. (connect timeout=None)')",1,2026-06-30T14:19:28Z,2026-06-30T14:19:28Z
POST,/predict/colleges [premium],"ConnectTimeoutError(<HTTPSConnection(host='tneapredictor-production.up.railway.app', port=443) at 0x1fbf5891590>, 'Connection to tneapredictor-production.up.railway.app timed out. (connect timeout=None)')",1,2026-06-30T14:19:40Z,2026-06-30T14:19:40Z
POST,/predict/colleges [premium],"ConnectTimeoutError(<HTTPSConnection(host='tneapredictor-production.up.railway.app', port=443) at 0x1fb8bee8e10>, 'Connection to tneapredictor-production.up.railway.app timed out. (connect timeout=None)')",1,2026-06-30T14:19:41Z,2026-06-30T14:19:41Z
POST,/auth/update-profile,"ConnectTimeoutError(<HTTPSConnection(host='tneapredictor-production.up.railway.app', port=443) at 0x1fb8cfb5310>, 'Connection to tneapredictor-production.up.railway.app timed out. (connect timeout=None)')",1,2026-06-30T14:19:40Z,2026-06-30T14:19:40Z
POST,/predict/colleges [premium],"ConnectTimeoutError(<HTTPSConnection(host='tneapredictor-production.up.railway.app', port=443) at 0x1fb8123f250>, 'Connection to tneapredictor-production.up.railway.app timed out. (connect timeout=None)')",1,2026-06-30T14:19:40Z,2026-06-30T14:19:40Z
POST,/payment/create-order,"ConnectTimeoutError(<HTTPSConnection(host='tneapredictor-production.up.railway.app', port=443) at 0x1fb8d895950>, 'Connection to tneapredictor-production.up.railway.app timed out. (connect timeout=None)')",1,2026-06-30T14:19:41Z,2026-06-30T14:19:41Z
POST,/auth/login [setup],"ConnectTimeoutError(<HTTPSConnection(host='tneapredictor-production.up.railway.app', port=443) at 0x1fb97d46710>, 'Connection to tneapredictor-production.up.railway.app timed out. (connect timeout=None)')",1,2026-06-30T14:19:28Z,2026-06-30T14:19:28Z
GET,/auth/me,"ConnectTimeoutError(<HTTPSConnection(host='tneapredictor-production.up.railway.app', port=443) at 0x1fb909e74d0>, 'Connection to tneapredictor-production.up.railway.app timed out. (connect timeout=None)')",1,2026-06-30T14:19:42Z,2026-06-30T14:19:42Z
POST,/predict/colleges [premium],"ConnectTimeoutError(<HTTPSConnection(host='tneapredictor-production.up.railway.app', port=443) at 0x1fb88975a90>, 'Connection to tneapredictor-production.up.railway.app timed out. (connect timeout=None)')",1,2026-06-30T14:19:43Z,2026-06-30T14:19:43Z
POST,/auth/update-profile,"ConnectTimeoutError(<HTTPSConnection(host='tneapredictor-production.up.railway.app', port=443) at 0x1fbfa7ce0d0>, 'Connection to tneapredictor-production.up.railway.app timed out. (connect timeout=None)')",1,2026-06-30T14:19:40Z,2026-06-30T14:19:40Z
POST,/auth/login [setup],"ConnectTimeoutError(<HTTPSConnection(host='tneapredictor-production.up.railway.app', port=443) at 0x1fb87cdb4d0>, 'Connection to tneapredictor-production.up.railway.app timed out. (connect timeout=None)')",1,2026-06-30T14:19:19Z,2026-06-30T14:19:19Z
POST,/auth/login [setup],"ConnectTimeoutError(<HTTPSConnection(host='tneapredictor-production.up.railway.app', port=443) at 0x1fb958f7ed0>, 'Connection to tneapredictor-production.up.railway.app timed out. (connect timeout=None)')",1,2026-06-30T14:19:28Z,2026-06-30T14:19:28Z
POST,/auth/login [setup],"ConnectTimeoutError(<HTTPSConnection(host='tneapredictor-production.up.railway.app', port=443) at 0x1fb98df6c10>, 'Connection to tneapredictor-production.up.railway.app timed out. (connect timeout=None)')",1,2026-06-30T14:19:28Z,2026-06-30T14:19:28Z
POST,/auth/login [setup],"ConnectTimeoutError(<HTTPSConnection(host='tneapredictor-production.up.railway.app', port=443) at 0x1fb98625450>, 'Connection to tneapredictor-production.up.railway.app timed out. (connect timeout=None)')",1,2026-06-30T14:19:28Z,2026-06-30T14:19:28Z
POST,/auth/login [setup],"ConnectTimeoutError(<HTTPSConnection(host='tneapredictor-production.up.railway.app', port=443) at 0x1fb99f3bc50>, 'Connection to tneapredictor-production.up.railway.app timed out. (connect timeout=None)')",1,2026-06-30T14:19:28Z,2026-06-30T14:19:28Z
POST,/auth/login [setup],"ConnectTimeoutError(<HTTPSConnection(host='tneapredictor-production.up.railway.app', port=443) at 0x1fbe9e8bd90>, 'Connection to tneapredictor-production.up.railway.app timed out. (connect timeout=None)')",1,2026-06-30T14:19:04Z,2026-06-30T14:19:04Z
POST,/auth/login [setup],"ConnectTimeoutError(<HTTPSConnection(host='tneapredictor-production.up.railway.app', port=443) at 0x1fbe85fc550>, 'Connection to tneapredictor-production.up.railway.app timed out. (connect timeout=None)')",1,2026-06-30T14:19:04Z,2026-06-30T14:19:04Z
POST,/auth/login [setup],"ConnectTimeoutError(<HTTPSConnection(host='tneapredictor-production.up.railway.app', port=443) at 0x1fb94c6f250>, 'Connection to tneapredictor-production.up.railway.app timed out. (connect timeout=None)')",1,2026-06-30T14:19:27Z,2026-06-30T14:19:27Z
POST,/auth/login [setup],"ConnectTimeoutError(<HTTPSConnection(host='tneapredictor-production.up.railway.app', port=443) at 0x1fb885407d0>, 'Connection to tneapredictor-production.up.railway.app timed out. (connect timeout=None)')",1,2026-06-30T14:19:20Z,2026-06-30T14:19:20Z
POST,/payment/create-order,"ConnectTimeoutError(<HTTPSConnection(host='tneapredictor-production.up.railway.app', port=443) at 0x1fbfd8fe0d0>, 'Connection to tneapredictor-production.up.railway.app timed out. (connect timeout=None)')",1,2026-06-30T14:19:40Z,2026-06-30T14:19:40Z
POST,/auth/update-profile,"ConnectTimeoutError(<HTTPSConnection(host='tneapredictor-production.up.railway.app', port=443) at 0x1fb84fc2c10>, 'Connection to tneapredictor-production.up.railway.app timed out. (connect timeout=None)')",1,2026-06-30T14:19:46Z,2026-06-30T14:19:46Z
GET,/auth/me,"ConnectTimeoutError(<HTTPSConnection(host='tneapredictor-production.up.railway.app', port=443) at 0x1fb853f5810>, 'Connection to tneapredictor-production.up.railway.app timed out. (connect timeout=None)')",1,2026-06-30T14:19:43Z,2026-06-30T14:19:43Z
POST,/auth/login [setup],"ConnectTimeoutError(<HTTPSConnection(host='tneapredictor-production.up.railway.app', port=443) at 0x1fb95883d90>, 'Connection to tneapredictor-production.up.railway.app timed out. (connect timeout=None)')",1,2026-06-30T14:19:28Z,2026-06-30T14:19:28Z
POST,/auth/login [setup],"ConnectTimeoutError(<HTTPSConnection(host='tneapredictor-production.up.railway.app', port=443) at 0x1fbefd0ac10>, 'Connection to tneapredictor-production.up.railway.app timed out. (connect timeout=None)')",1,2026-06-30T14:19:04Z,2026-06-30T14:19:04Z
POST,/auth/login [setup],"ConnectTimeoutError(<HTTPSConnection(host='tneapredictor-production.up.railway.app', port=443) at 0x1fb960ddf90>, 'Connection to tneapredictor-production.up.railway.app timed out. (connect timeout=None)')",1,2026-06-30T14:19:28Z,2026-06-30T14:19:28Z
POST,/auth/login [setup],"ConnectTimeoutError(<HTTPSConnection(host='tneapredictor-production.up.railway.app', port=443) at 0x1fb95883110>, 'Connection to tneapredictor-production.up.railway.app timed out. (connect timeout=None)')",1,2026-06-30T14:19:27Z,2026-06-30T14:19:27Z
POST,/auth/login [setup],"ConnectTimeoutError(<HTTPSConnection(host='tneapredictor-production.up.railway.app', port=443) at 0x1fb981f9bd0>, 'Connection to tneapredictor-production.up.railway.app timed out. (connect timeout=None)')",1,2026-06-30T14:19:28Z,2026-06-30T14:19:28Z
POST,/auth/login [setup],"ConnectTimeoutError(<HTTPSConnection(host='tneapredictor-production.up.railway.app', port=443) at 0x1fb91e525d0>, 'Connection to tneapredictor-production.up.railway.app timed out. (connect timeout=None)')",1,2026-06-30T14:19:27Z,2026-06-30T14:19:27Z
POST,/auth/login [setup],"ConnectTimeoutError(<HTTPSConnection(host='tneapredictor-production.up.railway.app', port=443) at 0x1fb97d44b90>, 'Connection to tneapredictor-production.up.railway.app timed out. (connect timeout=None)')",1,2026-06-30T14:19:28Z,2026-06-30T14:19:28Z
POST,/auth/login [setup],"ConnectTimeoutError(<HTTPSConnection(host='tneapredictor-production.up.railway.app', port=443) at 0x1fb95804f50>, 'Connection to tneapredictor-production.up.railway.app timed out. (connect timeout=None)')",1,2026-06-30T14:19:27Z,2026-06-30T14:19:27Z
POST,/auth/login [setup],"ConnectTimeoutError(<HTTPSConnection(host='tneapredictor-production.up.railway.app', port=443) at 0x1fb912cd1d0>, 'Connection to tneapredictor-production.up.railway.app timed out. (connect timeout=None)')",1,2026-06-30T14:19:27Z,2026-06-30T14:19:27Z
POST,/payment/create-order,"ConnectTimeoutError(<HTTPSConnection(host='tneapredictor-production.up.railway.app', port=443) at 0x1fbfc3b3610>, 'Connection to tneapredictor-production.up.railway.app timed out. (connect timeout=None)')",1,2026-06-30T14:19:40Z,2026-06-30T14:19:40Z
POST,/auth/login [setup],"ConnectTimeoutError(<HTTPSConnection(host='tneapredictor-production.up.railway.app', port=443) at 0x1fb97885bd0>, 'Connection to tneapredictor-production.up.railway.app timed out. (connect timeout=None)')",1,2026-06-30T14:19:28Z,2026-06-30T14:19:28Z
GET,/auth/me,"ConnectTimeoutError(<HTTPSConnection(host='tneapredictor-production.up.railway.app', port=443) at 0x1fb9542b750>, 'Connection to tneapredictor-production.up.railway.app timed out. (connect timeout=None)')",1,2026-06-30T14:19:42Z,2026-06-30T14:19:42Z
POST,/auth/login [setup],"ConnectTimeoutError(<HTTPSConnection(host='tneapredictor-production.up.railway.app', port=443) at 0x1fb947d3110>, 'Connection to tneapredictor-production.up.railway.app timed out. (connect timeout=None)')",1,2026-06-30T14:19:27Z,2026-06-30T14:19:27Z
POST,/auth/login [setup],"ConnectTimeoutError(<HTTPSConnection(host='tneapredictor-production.up.railway.app', port=443) at 0x1fb9440efd0>, 'Connection to tneapredictor-production.up.railway.app timed out. (connect timeout=None)')",1,2026-06-30T14:19:27Z,2026-06-30T14:19:27Z
POST,/auth/login [setup],"ConnectTimeoutError(<HTTPSConnection(host='tneapredictor-production.up.railway.app', port=443) at 0x1fbe22c1310>, 'Connection to tneapredictor-production.up.railway.app timed out. (connect timeout=None)')",1,2026-06-30T14:19:04Z,2026-06-30T14:19:04Z
POST,/auth/login [setup],"ConnectTimeoutError(<HTTPSConnection(host='tneapredictor-production.up.railway.app', port=443) at 0x1fb93eead50>, 'Connection to tneapredictor-production.up.railway.app timed out. (connect timeout=None)')",1,2026-06-30T14:19:27Z,2026-06-30T14:19:27Z
POST,/auth/login [setup],"ConnectTimeoutError(<HTTPSConnection(host='tneapredictor-production.up.railway.app', port=443) at 0x1fbf3f0c910>, 'Connection to tneapredictor-production.up.railway.app timed out. (connect timeout=None)')",1,2026-06-30T14:19:05Z,2026-06-30T14:19:05Z
POST,/auth/login [setup],"ConnectTimeoutError(<HTTPSConnection(host='tneapredictor-production.up.railway.app', port=443) at 0x1fbfc7ecf50>, 'Connection to tneapredictor-production.up.railway.app timed out. (connect timeout=None)')",1,2026-06-30T14:19:07Z,2026-06-30T14:19:07Z
GET,/auth/me,"ConnectTimeoutError(<HTTPSConnection(host='tneapredictor-production.up.railway.app', port=443) at 0x1fb86083d90>, 'Connection to tneapredictor-production.up.railway.app timed out. (connect timeout=None)')",1,2026-06-30T14:19:45Z,2026-06-30T14:19:45Z
POST,/auth/login [setup],"ConnectTimeoutError(<HTTPSConnection(host='tneapredictor-production.up.railway.app', port=443) at 0x1fb92286850>, 'Connection to tneapredictor-production.up.railway.app timed out. (connect timeout=None)')",1,2026-06-30T14:19:27Z,2026-06-30T14:19:27Z
POST,/predict/colleges [auth],"ConnectTimeoutError(<HTTPSConnection(host='tneapredictor-production.up.railway.app', port=443) at 0x1fb8653a850>, 'Connection to tneapredictor-production.up.railway.app timed out. (connect timeout=None)')",1,2026-06-30T14:19:44Z,2026-06-30T14:19:44Z
POST,/predict/colleges [auth],"ConnectTimeoutError(<HTTPSConnection(host='tneapredictor-production.up.railway.app', port=443) at 0x1fb85828690>, 'Connection to tneapredictor-production.up.railway.app timed out. (connect timeout=None)')",1,2026-06-30T14:19:45Z,2026-06-30T14:19:45Z
POST,/auth/login [setup],"ConnectTimeoutError(<HTTPSConnection(host='tneapredictor-production.up.railway.app', port=443) at 0x1fb93ee8550>, 'Connection to tneapredictor-production.up.railway.app timed out. (connect timeout=None)')",1,2026-06-30T14:19:27Z,2026-06-30T14:19:27Z
POST,/auth/login [setup],"ConnectTimeoutError(<HTTPSConnection(host='tneapredictor-production.up.railway.app', port=443) at 0x1fb93b19310>, 'Connection to tneapredictor-production.up.railway.app timed out. (connect timeout=None)')",1,2026-06-30T14:19:27Z,2026-06-30T14:19:27Z
POST,/auth/login [setup],"ConnectTimeoutError(<HTTPSConnection(host='tneapredictor-production.up.railway.app', port=443) at 0x1fbe8576710>, 'Connection to tneapredictor-production.up.railway.app timed out. (connect timeout=None)')",1,2026-06-30T14:19:04Z,2026-06-30T14:19:04Z
POST,/auth/login [setup],"ConnectTimeoutError(<HTTPSConnection(host='tneapredictor-production.up.railway.app', port=443) at 0x1fbfc7ed1d0>, 'Connection to tneapredictor-production.up.railway.app timed out. (connect timeout=None)')",1,2026-06-30T14:19:07Z,2026-06-30T14:19:07Z
POST,/predict/colleges [premium],"ConnectTimeoutError(<HTTPSConnection(host='tneapredictor-production.up.railway.app', port=443) at 0x1fb8d896350>, 'Connection to tneapredictor-production.up.railway.app timed out. (connect timeout=None)')",1,2026-06-30T14:19:41Z,2026-06-30T14:19:41Z
POST,/auth/login [setup],"ConnectTimeoutError(<HTTPSConnection(host='tneapredictor-production.up.railway.app', port=443) at 0x1fb93ee8cd0>, 'Connection to tneapredictor-production.up.railway.app timed out. (connect timeout=None)')",1,2026-06-30T14:19:27Z,2026-06-30T14:19:27Z
POST,/predict/colleges [premium],"ConnectTimeoutError(<HTTPSConnection(host='tneapredictor-production.up.railway.app', port=443) at 0x1fb8547cf50>, 'Connection to tneapredictor-production.up.railway.app timed out. (connect timeout=None)')",1,2026-06-30T14:19:44Z,2026-06-30T14:19:44Z
POST,/auth/login [setup],"ConnectTimeoutError(<HTTPSConnection(host='tneapredictor-production.up.railway.app', port=443) at 0x1fb8e515d10>, 'Connection to tneapredictor-production.up.railway.app timed out. (connect timeout=None)')",1,2026-06-30T14:19:21Z,2026-06-30T14:19:21Z
POST,/auth/login [setup],"ConnectTimeoutError(<HTTPSConnection(host='tneapredictor-production.up.railway.app', port=443) at 0x1fb95429090>, 'Connection to tneapredictor-production.up.railway.app timed out. (connect timeout=None)')",1,2026-06-30T14:19:27Z,2026-06-30T14:19:27Z
GET,/auth/me,"ConnectTimeoutError(<HTTPSConnection(host='tneapredictor-production.up.railway.app', port=443) at 0x1fbf7cfa5d0>, 'Connection to tneapredictor-production.up.railway.app timed out. (connect timeout=None)')",1,2026-06-30T14:19:40Z,2026-06-30T14:19:40Z
POST,/predict/colleges [premium],"ConnectTimeoutError(<HTTPSConnection(host='tneapredictor-production.up.railway.app', port=443) at 0x1fb89a39090>, 'Connection to tneapredictor-production.up.railway.app timed out. (connect timeout=None)')",1,2026-06-30T14:19:27Z,2026-06-30T14:19:27Z
POST,/auth/login [setup],"ConnectTimeoutError(<HTTPSConnection(host='tneapredictor-production.up.railway.app', port=443) at 0x1fb99ec7390>, 'Connection to tneapredictor-production.up.railway.app timed out. (connect timeout=None)')",1,2026-06-30T14:19:28Z,2026-06-30T14:19:28Z
GET,/auth/me,"ConnectTimeoutError(<HTTPSConnection(host='tneapredictor-production.up.railway.app', port=443) at 0x1fb85042ad0>, 'Connection to tneapredictor-production.up.railway.app timed out. (connect timeout=None)')",1,2026-06-30T14:19:45Z,2026-06-30T14:19:45Z
POST,/auth/login [setup],"ConnectTimeoutError(<HTTPSConnection(host='tneapredictor-production.up.railway.app', port=443) at 0x1fbf1a51090>, 'Connection to tneapredictor-production.up.railway.app timed out. (connect timeout=None)')",1,2026-06-30T14:19:05Z,2026-06-30T14:19:05Z
POST,/auth/login [setup],"ConnectTimeoutError(<HTTPSConnection(host='tneapredictor-production.up.railway.app', port=443) at 0x1fbe85fcf50>, 'Connection to tneapredictor-production.up.railway.app timed out. (connect timeout=None)')",1,2026-06-30T14:19:04Z,2026-06-30T14:19:04Z
POST,/predict/colleges [premium],"ConnectTimeoutError(<HTTPSConnection(host='tneapredictor-production.up.railway.app', port=443) at 0x1fb9017dbd0>, 'Connection to tneapredictor-production.up.railway.app timed out. (connect timeout=None)')",1,2026-06-30T14:19:40Z,2026-06-30T14:19:40Z
POST,/auth/login [setup],"ConnectTimeoutError(<HTTPSConnection(host='tneapredictor-production.up.railway.app', port=443) at 0x1fbe91e8190>, 'Connection to tneapredictor-production.up.railway.app timed out. (connect timeout=None)')",1,2026-06-30T14:19:04Z,2026-06-30T14:19:04Z
POST,/payment/create-order,"ConnectTimeoutError(<HTTPSConnection(host='tneapredictor-production.up.railway.app', port=443) at 0x1fb8e4ab390>, 'Connection to tneapredictor-production.up.railway.app timed out. (connect timeout=None)')",1,2026-06-30T14:19:41Z,2026-06-30T14:19:41Z
POST,/auth/login [setup],"ConnectTimeoutError(<HTTPSConnection(host='tneapredictor-production.up.railway.app', port=443) at 0x1fbfa3302d0>, 'Connection to tneapredictor-production.up.railway.app timed out. (connect timeout=None)')",1,2026-06-30T14:19:06Z,2026-06-30T14:19:06Z
POST,/auth/login [setup],"ConnectTimeoutError(<HTTPSConnection(host='tneapredictor-production.up.railway.app', port=443) at 0x1fbe1a4c910>, 'Connection to tneapredictor-production.up.railway.app timed out. (connect timeout=None)')",1,2026-06-30T14:19:04Z,2026-06-30T14:19:04Z
GET,/auth/me,"ConnectTimeoutError(<HTTPSConnection(host='tneapredictor-production.up.railway.app', port=443) at 0x1fbf4ba2fd0>, 'Connection to tneapredictor-production.up.railway.app timed out. (connect timeout=None)')",1,2026-06-30T14:19:28Z,2026-06-30T14:19:28Z
POST,/predict/colleges [auth],"ConnectTimeoutError(<HTTPSConnection(host='tneapredictor-production.up.railway.app', port=443) at 0x1fb850411d0>, 'Connection to tneapredictor-production.up.railway.app timed out. (connect timeout=None)')",1,2026-06-30T14:19:46Z,2026-06-30T14:19:46Z
POST,/auth/login [setup],"ConnectTimeoutError(<HTTPSConnection(host='tneapredictor-production.up.railway.app', port=443) at 0x1fb96062850>, 'Connection to tneapredictor-production.up.railway.app timed out. (connect timeout=None)')",1,2026-06-30T14:19:28Z,2026-06-30T14:19:28Z
POST,/auth/login [setup],"ConnectTimeoutError(<HTTPSConnection(host='tneapredictor-production.up.railway.app', port=443) at 0x1fb9a6a8f50>, 'Connection to tneapredictor-production.up.railway.app timed out. (connect timeout=None)')",1,2026-06-30T14:19:28Z,2026-06-30T14:19:28Z
POST,/auth/login [setup],"ConnectTimeoutError(<HTTPSConnection(host='tneapredictor-production.up.railway.app', port=443) at 0x1fb93b1ae90>, 'Connection to tneapredictor-production.up.railway.app timed out. (connect timeout=None)')",1,2026-06-30T14:19:27Z,2026-06-30T14:19:27Z
POST,/auth/login [setup],"ConnectTimeoutError(<HTTPSConnection(host='tneapredictor-production.up.railway.app', port=443) at 0x1fbe899d310>, 'Connection to tneapredictor-production.up.railway.app timed out. (connect timeout=None)')",1,2026-06-30T14:19:04Z,2026-06-30T14:19:04Z
POST,/auth/login [setup],"ConnectTimeoutError(<HTTPSConnection(host='tneapredictor-production.up.railway.app', port=443) at 0x1fb92287250>, 'Connection to tneapredictor-production.up.railway.app timed out. (connect timeout=None)')",1,2026-06-30T14:19:27Z,2026-06-30T14:19:27Z
GET,/auth/me,"ConnectTimeoutError(<HTTPSConnection(host='tneapredictor-production.up.railway.app', port=443) at 0x1fb93f5dbd0>, 'Connection to tneapredictor-production.up.railway.app timed out. (connect timeout=None)')",1,2026-06-30T14:19:27Z,2026-06-30T14:19:27Z
POST,/predict/colleges [premium],"ConnectTimeoutError(<HTTPSConnection(host='tneapredictor-production.up.railway.app', port=443) at 0x1fb8bf64cd0>, 'Connection to tneapredictor-production.up.railway.app timed out. (connect timeout=None)')",1,2026-06-30T14:19:41Z,2026-06-30T14:19:41Z
POST,/auth/login [setup],"ConnectTimeoutError(<HTTPSConnection(host='tneapredictor-production.up.railway.app', port=443) at 0x1fb9a2f5a90>, 'Connection to tneapredictor-production.up.railway.app timed out. (connect timeout=None)')",1,2026-06-30T14:19:28Z,2026-06-30T14:19:28Z
GET,/auth/me,"ConnectTimeoutError(<HTTPSConnection(host='tneapredictor-production.up.railway.app', port=443) at 0x1fb89e5b390>, 'Connection to tneapredictor-production.up.railway.app timed out. (connect timeout=None)')",1,2026-06-30T14:19:42Z,2026-06-30T14:19:42Z
POST,/auth/login [setup],"ConnectTimeoutError(<HTTPSConnection(host='tneapredictor-production.up.railway.app', port=443) at 0x1fb9bb22990>, 'Connection to tneapredictor-production.up.railway.app timed out. (connect timeout=None)')",1,2026-06-30T14:19:28Z,2026-06-30T14:19:28Z
POST,/auth/login [setup],"ConnectTimeoutError(<HTTPSConnection(host='tneapredictor-production.up.railway.app', port=443) at 0x1fbe1acd450>, 'Connection to tneapredictor-production.up.railway.app timed out. (connect timeout=None)')",1,2026-06-30T14:19:04Z,2026-06-30T14:19:04Z
POST,/auth/login [setup],"ConnectTimeoutError(<HTTPSConnection(host='tneapredictor-production.up.railway.app', port=443) at 0x1fb99e439d0>, 'Connection to tneapredictor-production.up.railway.app timed out. (connect timeout=None)')",1,2026-06-30T14:19:28Z,2026-06-30T14:19:28Z
POST,/auth/login [setup],"ConnectTimeoutError(<HTTPSConnection(host='tneapredictor-production.up.railway.app', port=443) at 0x1fb981fb250>, 'Connection to tneapredictor-production.up.railway.app timed out. (connect timeout=None)')",1,2026-06-30T14:19:28Z,2026-06-30T14:19:28Z
POST,/auth/login [setup],"ConnectTimeoutError(<HTTPSConnection(host='tneapredictor-production.up.railway.app', port=443) at 0x1fbf3b547d0>, 'Connection to tneapredictor-production.up.railway.app timed out. (connect timeout=None)')",1,2026-06-30T14:19:05Z,2026-06-30T14:19:05Z
POST,/auth/login [setup],"ConnectTimeoutError(<HTTPSConnection(host='tneapredictor-production.up.railway.app', port=443) at 0x1fbf3add590>, 'Connection to tneapredictor-production.up.railway.app timed out. (connect timeout=None)')",1,2026-06-30T14:19:05Z,2026-06-30T14:19:05Z
POST,/predict/colleges [auth],"ConnectTimeoutError(<HTTPSConnection(host='tneapredictor-production.up.railway.app', port=443) at 0x1fb85cdb750>, 'Connection to tneapredictor-production.up.railway.app timed out. (connect timeout=None)')",1,2026-06-30T14:19:45Z,2026-06-30T14:19:45Z
POST,/payment/create-order,"ConnectTimeoutError(<HTTPSConnection(host='tneapredictor-production.up.railway.app', port=443) at 0x1fb811cc690>, 'Connection to tneapredictor-production.up.railway.app timed out. (connect timeout=None)')",1,2026-06-30T14:19:40Z,2026-06-30T14:19:40Z
POST,/auth/login [setup],"ConnectTimeoutError(<HTTPSConnection(host='tneapredictor-production.up.railway.app', port=443) at 0x1fb93aabed0>, 'Connection to tneapredictor-production.up.railway.app timed out. (connect timeout=None)')",1,2026-06-30T14:19:27Z,2026-06-30T14:19:27Z
POST,/payment/create-order,"ConnectTimeoutError(<HTTPSConnection(host='tneapredictor-production.up.railway.app', port=443) at 0x1fbfc3b0910>, 'Connection to tneapredictor-production.up.railway.app timed out. (connect timeout=None)')",1,2026-06-30T14:19:40Z,2026-06-30T14:19:40Z
POST,/auth/login [setup],"ConnectTimeoutError(<HTTPSConnection(host='tneapredictor-production.up.railway.app', port=443) at 0x1fb995e0f50>, 'Connection to tneapredictor-production.up.railway.app timed out. (connect timeout=None)')",1,2026-06-30T14:19:28Z,2026-06-30T14:19:28Z
POST,/auth/login [setup],"ConnectTimeoutError(<HTTPSConnection(host='tneapredictor-production.up.railway.app', port=443) at 0x1fb95ce4910>, 'Connection to tneapredictor-production.up.railway.app timed out. (connect timeout=None)')",1,2026-06-30T14:19:28Z,2026-06-30T14:19:28Z
GET,/auth/me,"ConnectTimeoutError(<HTTPSConnection(host='tneapredictor-production.up.railway.app', port=443) at 0x1fb996620d0>, 'Connection to tneapredictor-production.up.railway.app timed out. (connect timeout=None)')",1,2026-06-30T14:19:42Z,2026-06-30T14:19:42Z
GET,/auth/me,"ConnectTimeoutError(<HTTPSConnection(host='tneapredictor-production.up.railway.app', port=443) at 0x1fbff89c410>, 'Connection to tneapredictor-production.up.railway.app timed out. (connect timeout=None)')",1,2026-06-30T14:19:40Z,2026-06-30T14:19:40Z
POST,/predict/colleges [premium],"ConnectTimeoutError(<HTTPSConnection(host='tneapredictor-production.up.railway.app', port=443) at 0x1fb8c74ac10>, 'Connection to tneapredictor-production.up.railway.app timed out. (connect timeout=None)')",1,2026-06-30T14:19:42Z,2026-06-30T14:19:42Z
POST,/auth/login [setup],"ConnectTimeoutError(<HTTPSConnection(host='tneapredictor-production.up.railway.app', port=443) at 0x1fb989ecb90>, 'Connection to tneapredictor-production.up.railway.app timed out. (connect timeout=None)')",1,2026-06-30T14:19:28Z,2026-06-30T14:19:28Z
POST,/auth/login [setup],"ConnectTimeoutError(<HTTPSConnection(host='tneapredictor-production.up.railway.app', port=443) at 0x1fb98df6490>, 'Connection to tneapredictor-production.up.railway.app timed out. (connect timeout=None)')",1,2026-06-30T14:19:28Z,2026-06-30T14:19:28Z
POST,/auth/login [setup],"ConnectTimeoutError(<HTTPSConnection(host='tneapredictor-production.up.railway.app', port=443) at 0x1fb93ee9bd0>, 'Connection to tneapredictor-production.up.railway.app timed out. (connect timeout=None)')",1,2026-06-30T14:19:27Z,2026-06-30T14:19:27Z
POST,/auth/login [setup],"ConnectTimeoutError(<HTTPSConnection(host='tneapredictor-production.up.railway.app', port=443) at 0x1fbe164d090>, 'Connection to tneapredictor-production.up.railway.app timed out. (connect timeout=None)')",1,2026-06-30T14:19:04Z,2026-06-30T14:19:04Z
POST,/auth/login [setup],"ConnectTimeoutError(<HTTPSConnection(host='tneapredictor-production.up.railway.app', port=443) at 0x1fb9a2f7610>, 'Connection to tneapredictor-production.up.railway.app timed out. (connect timeout=None)')",1,2026-06-30T14:19:28Z,2026-06-30T14:19:28Z
GET,/auth/me,"ConnectTimeoutError(<HTTPSConnection(host='tneapredictor-production.up.railway.app', port=443) at 0x1fb8a38f610>, 'Connection to tneapredictor-production.up.railway.app timed out. (connect timeout=None)')",1,2026-06-30T14:19:42Z,2026-06-30T14:19:42Z
POST,/auth/login [setup],"ConnectTimeoutError(<HTTPSConnection(host='tneapredictor-production.up.railway.app', port=443) at 0x1fb8a316210>, 'Connection to tneapredictor-production.up.railway.app timed out. (connect timeout=None)')",1,2026-06-30T14:19:20Z,2026-06-30T14:19:20Z
POST,/auth/login [setup],"ConnectTimeoutError(<HTTPSConnection(host='tneapredictor-production.up.railway.app', port=443) at 0x1fb92300690>, 'Connection to tneapredictor-production.up.railway.app timed out. (connect timeout=None)')",1,2026-06-30T14:19:27Z,2026-06-30T14:19:27Z
POST,/predict/colleges [premium],"ConnectTimeoutError(<HTTPSConnection(host='tneapredictor-production.up.railway.app', port=443) at 0x1fb8d896ad0>, 'Connection to tneapredictor-production.up.railway.app timed out. (connect timeout=None)')",1,2026-06-30T14:19:41Z,2026-06-30T14:19:41Z
POST,/auth/login [setup],"ConnectTimeoutError(<HTTPSConnection(host='tneapredictor-production.up.railway.app', port=443) at 0x1fbfcc9e490>, 'Connection to tneapredictor-production.up.railway.app timed out. (connect timeout=None)')",1,2026-06-30T14:19:07Z,2026-06-30T14:19:07Z
POST,/auth/login [setup],"ConnectTimeoutError(<HTTPSConnection(host='tneapredictor-production.up.railway.app', port=443) at 0x1fbf3b565d0>, 'Connection to tneapredictor-production.up.railway.app timed out. (connect timeout=None)')",1,2026-06-30T14:19:05Z,2026-06-30T14:19:05Z
POST,/auth/login [setup],"ConnectTimeoutError(<HTTPSConnection(host='tneapredictor-production.up.railway.app', port=443) at 0x1fb93aaaad0>, 'Connection to tneapredictor-production.up.railway.app timed out. (connect timeout=None)')",1,2026-06-30T14:19:27Z,2026-06-30T14:19:27Z
POST,/auth/login [setup],"ConnectTimeoutError(<HTTPSConnection(host='tneapredictor-production.up.railway.app', port=443) at 0x1fb958f7750>, 'Connection to tneapredictor-production.up.railway.app timed out. (connect timeout=None)')",1,2026-06-30T14:19:28Z,2026-06-30T14:19:28Z
POST,/predict/colleges [premium],"ConnectTimeoutError(<HTTPSConnection(host='tneapredictor-production.up.railway.app', port=443) at 0x1fb8c749590>, 'Connection to tneapredictor-production.up.railway.app timed out. (connect timeout=None)')",1,2026-06-30T14:19:42Z,2026-06-30T14:19:42Z
POST,/auth/login [setup],"ConnectTimeoutError(<HTTPSConnection(host='tneapredictor-production.up.railway.app', port=443) at 0x1fb99228190>, 'Connection to tneapredictor-production.up.railway.app timed out. (connect timeout=None)')",1,2026-06-30T14:19:28Z,2026-06-30T14:19:28Z
GET,/auth/me,"ConnectTimeoutError(<HTTPSConnection(host='tneapredictor-production.up.railway.app', port=443) at 0x1fb885c07d0>, 'Connection to tneapredictor-production.up.railway.app timed out. (connect timeout=None)')",1,2026-06-30T14:19:43Z,2026-06-30T14:19:43Z
POST,/auth/login [setup],"ConnectTimeoutError(<HTTPSConnection(host='tneapredictor-production.up.railway.app', port=443) at 0x1fb95ce5090>, 'Connection to tneapredictor-production.up.railway.app timed out. (connect timeout=None)')",1,2026-06-30T14:19:28Z,2026-06-30T14:19:28Z
POST,/auth/login [setup],"ConnectTimeoutError(<HTTPSConnection(host='tneapredictor-production.up.railway.app', port=443) at 0x1fbe9f151d0>, 'Connection to tneapredictor-production.up.railway.app timed out. (connect timeout=None)')",1,2026-06-30T14:19:04Z,2026-06-30T14:19:04Z
POST,/auth/update-profile,"ConnectTimeoutError(<HTTPSConnection(host='tneapredictor-production.up.railway.app', port=443) at 0x1fb88d7c190>, 'Connection to tneapredictor-production.up.railway.app timed out. (connect timeout=None)')",1,2026-06-30T14:19:42Z,2026-06-30T14:19:42Z
POST,/auth/login [setup],"ConnectTimeoutError(<HTTPSConnection(host='tneapredictor-production.up.railway.app', port=443) at 0x1fb891c42d0>, 'Connection to tneapredictor-production.up.railway.app timed out. (connect timeout=None)')",1,2026-06-30T14:19:20Z,2026-06-30T14:19:20Z
GET,/auth/me,"ConnectTimeoutError(<HTTPSConnection(host='tneapredictor-production.up.railway.app', port=443) at 0x1fb8d814910>, 'Connection to tneapredictor-production.up.railway.app timed out. (connect timeout=None)')",1,2026-06-30T14:19:41Z,2026-06-30T14:19:41Z
POST,/auth/login [setup],"ConnectTimeoutError(<HTTPSConnection(host='tneapredictor-production.up.railway.app', port=443) at 0x1fb98d860d0>, 'Connection to tneapredictor-production.up.railway.app timed out. (connect timeout=None)')",1,2026-06-30T14:19:28Z,2026-06-30T14:19:28Z
POST,/auth/login [setup],"ConnectTimeoutError(<HTTPSConnection(host='tneapredictor-production.up.railway.app', port=443) at 0x1fb93b1bb10>, 'Connection to tneapredictor-production.up.railway.app timed out. (connect timeout=None)')",1,2026-06-30T14:19:27Z,2026-06-30T14:19:27Z
POST,/auth/login [setup],"ConnectTimeoutError(<HTTPSConnection(host='tneapredictor-production.up.railway.app', port=443) at 0x1fb91ed3390>, 'Connection to tneapredictor-production.up.railway.app timed out. (connect timeout=None)')",1,2026-06-30T14:19:27Z,2026-06-30T14:19:27Z
POST,/auth/login [setup],"ConnectTimeoutError(<HTTPSConnection(host='tneapredictor-production.up.railway.app', port=443) at 0x1fb98d87750>, 'Connection to tneapredictor-production.up.railway.app timed out. (connect timeout=None)')",1,2026-06-30T14:19:28Z,2026-06-30T14:19:28Z
POST,/auth/login [setup],"ConnectTimeoutError(<HTTPSConnection(host='tneapredictor-production.up.railway.app', port=443) at 0x1fb90e8c050>, 'Connection to tneapredictor-production.up.railway.app timed out. (connect timeout=None)')",1,2026-06-30T14:19:26Z,2026-06-30T14:19:26Z
POST,/predict/colleges [premium],"ConnectTimeoutError(<HTTPSConnection(host='tneapredictor-production.up.railway.app', port=443) at 0x1fb84b95f90>, 'Connection to tneapredictor-production.up.railway.app timed out. (connect timeout=None)')",1,2026-06-30T14:19:42Z,2026-06-30T14:19:42Z
POST,/predict/colleges [auth],"ConnectTimeoutError(<HTTPSConnection(host='tneapredictor-production.up.railway.app', port=443) at 0x1fb8582bb10>, 'Connection to tneapredictor-production.up.railway.app timed out. (connect timeout=None)')",1,2026-06-30T14:19:45Z,2026-06-30T14:19:45Z
POST,/auth/login [setup],"ConnectTimeoutError(<HTTPSConnection(host='tneapredictor-production.up.railway.app', port=443) at 0x1fb95804050>, 'Connection to tneapredictor-production.up.railway.app timed out. (connect timeout=None)')",1,2026-06-30T14:19:27Z,2026-06-30T14:19:27Z
POST,/predict/colleges [premium],"ConnectTimeoutError(<HTTPSConnection(host='tneapredictor-production.up.railway.app', port=443) at 0x1fb8bac5590>, 'Connection to tneapredictor-production.up.railway.app timed out. (connect timeout=None)')",1,2026-06-30T14:19:42Z,2026-06-30T14:19:42Z
POST,/predict/colleges [auth],"ConnectTimeoutError(<HTTPSConnection(host='tneapredictor-production.up.railway.app', port=443) at 0x1fb84fc3890>, 'Connection to tneapredictor-production.up.railway.app timed out. (connect timeout=None)')",1,2026-06-30T14:19:46Z,2026-06-30T14:19:46Z
POST,/auth/login [setup],"ConnectTimeoutError(<HTTPSConnection(host='tneapredictor-production.up.railway.app', port=443) at 0x1fb922842d0>, 'Connection to tneapredictor-production.up.railway.app timed out. (connect timeout=None)')",1,2026-06-30T14:19:27Z,2026-06-30T14:19:27Z
GET,/auth/me,"ConnectTimeoutError(<HTTPSConnection(host='tneapredictor-production.up.railway.app', port=443) at 0x1fb865ae210>, 'Connection to tneapredictor-production.up.railway.app timed out. (connect timeout=None)')",1,2026-06-30T14:19:44Z,2026-06-30T14:19:44Z
POST,/auth/login [setup],"ConnectTimeoutError(<HTTPSConnection(host='tneapredictor-production.up.railway.app', port=443) at 0x1fb9922b390>, 'Connection to tneapredictor-production.up.railway.app timed out. (connect timeout=None)')",1,2026-06-30T14:19:28Z,2026-06-30T14:19:28Z
POST,/auth/login [setup],"ConnectTimeoutError(<HTTPSConnection(host='tneapredictor-production.up.railway.app', port=443) at 0x1fb96061950>, 'Connection to tneapredictor-production.up.railway.app timed out. (connect timeout=None)')",1,2026-06-30T14:19:28Z,2026-06-30T14:19:28Z
POST,/auth/login [setup],"ConnectTimeoutError(<HTTPSConnection(host='tneapredictor-production.up.railway.app', port=443) at 0x1fb92728410>, 'Connection to tneapredictor-production.up.railway.app timed out. (connect timeout=None)')",1,2026-06-30T14:19:27Z,2026-06-30T14:19:27Z
POST,/auth/login [setup],"ConnectTimeoutError(<HTTPSConnection(host='tneapredictor-production.up.railway.app', port=443) at 0x1fb98627c50>, 'Connection to tneapredictor-production.up.railway.app timed out. (connect timeout=None)')",1,2026-06-30T14:19:28Z,2026-06-30T14:19:28Z
POST,/auth/login [setup],"ConnectTimeoutError(<HTTPSConnection(host='tneapredictor-production.up.railway.app', port=443) at 0x1fb91ed2e90>, 'Connection to tneapredictor-production.up.railway.app timed out. (connect timeout=None)')",1,2026-06-30T14:19:27Z,2026-06-30T14:19:27Z
POST,/predict/colleges [guest],"ConnectTimeoutError(<HTTPSConnection(host='tneapredictor-production.up.railway.app', port=443) at 0x1fbd9d65950>, 'Connection to tneapredictor-production.up.railway.app timed out. (connect timeout=None)')",1,2026-06-30T14:18:59Z,2026-06-30T14:18:59Z
POST,/payment/create-order,"ConnectTimeoutError(<HTTPSConnection(host='tneapredictor-production.up.railway.app', port=443) at 0x1fb891c6c10>, 'Connection to tneapredictor-production.up.railway.app timed out. (connect timeout=None)')",1,2026-06-30T14:19:42Z,2026-06-30T14:19:42Z
POST,/auth/login [setup],"ConnectTimeoutError(<HTTPSConnection(host='tneapredictor-production.up.railway.app', port=443) at 0x1fb912cf4d0>, 'Connection to tneapredictor-production.up.railway.app timed out. (connect timeout=None)')",1,2026-06-30T14:19:27Z,2026-06-30T14:19:27Z
POST,/auth/login [setup],"ConnectTimeoutError(<HTTPSConnection(host='tneapredictor-production.up.railway.app', port=443) at 0x1fb94c6d450>, 'Connection to tneapredictor-production.up.railway.app timed out. (connect timeout=None)')",1,2026-06-30T14:19:27Z,2026-06-30T14:19:27Z
POST,/auth/login [setup],"ConnectTimeoutError(<HTTPSConnection(host='tneapredictor-production.up.railway.app', port=443) at 0x1fb9a718910>, 'Connection to tneapredictor-production.up.railway.app timed out. (connect timeout=None)')",1,2026-06-30T14:19:28Z,2026-06-30T14:19:28Z
POST,/predict/colleges [premium],"ConnectTimeoutError(<HTTPSConnection(host='tneapredictor-production.up.railway.app', port=443) at 0x1fb87d4d450>, 'Connection to tneapredictor-production.up.railway.app timed out. (connect timeout=None)')",1,2026-06-30T14:19:41Z,2026-06-30T14:19:41Z
POST,/auth/login [setup],"ConnectTimeoutError(<HTTPSConnection(host='tneapredictor-production.up.railway.app', port=443) at 0x1fb86101590>, 'Connection to tneapredictor-production.up.railway.app timed out. (connect timeout=None)')",1,2026-06-30T14:19:19Z,2026-06-30T14:19:19Z
POST,/predict/colleges [premium],"ConnectTimeoutError(<HTTPSConnection(host='tneapredictor-production.up.railway.app', port=443) at 0x1fb8d895bd0>, 'Connection to tneapredictor-production.up.railway.app timed out. (connect timeout=None)')",1,2026-06-30T14:19:41Z,2026-06-30T14:19:41Z
POST,/predict/colleges [auth],"ConnectTimeoutError(<HTTPSConnection(host='tneapredictor-production.up.railway.app', port=443) at 0x1fb86081d10>, 'Connection to tneapredictor-production.up.railway.app timed out. (connect timeout=None)')",1,2026-06-30T14:19:44Z,2026-06-30T14:19:44Z
POST,/predict/colleges [premium],"ConnectTimeoutError(<HTTPSConnection(host='tneapredictor-production.up.railway.app', port=443) at 0x1fb8c7bc050>, 'Connection to tneapredictor-production.up.railway.app timed out. (connect timeout=None)')",1,2026-06-30T14:19:41Z,2026-06-30T14:19:41Z
POST,/auth/login [setup],"ConnectTimeoutError(<HTTPSConnection(host='tneapredictor-production.up.railway.app', port=443) at 0x1fb94c6de50>, 'Connection to tneapredictor-production.up.railway.app timed out. (connect timeout=None)')",1,2026-06-30T14:19:27Z,2026-06-30T14:19:27Z
POST,/auth/login [setup],"ConnectTimeoutError(<HTTPSConnection(host='tneapredictor-production.up.railway.app', port=443) at 0x1fb99e411d0>, 'Connection to tneapredictor-production.up.railway.app timed out. (connect timeout=None)')",1,2026-06-30T14:19:28Z,2026-06-30T14:19:28Z
GET,/auth/me,"ConnectTimeoutError(<HTTPSConnection(host='tneapredictor-production.up.railway.app', port=443) at 0x1fb8a316d50>, 'Connection to tneapredictor-production.up.railway.app timed out. (connect timeout=None)')",1,2026-06-30T14:19:41Z,2026-06-30T14:19:41Z
POST,/predict/colleges [auth],"ConnectTimeoutError(<HTTPSConnection(host='tneapredictor-production.up.railway.app', port=443) at 0x1fb86539950>, 'Connection to tneapredictor-production.up.railway.app timed out. (connect timeout=None)')",1,2026-06-30T14:19:44Z,2026-06-30T14:19:44Z
POST,/predict/colleges [premium],"ConnectTimeoutError(<HTTPSConnection(host='tneapredictor-production.up.railway.app', port=443) at 0x1fb81ac8050>, 'Connection to tneapredictor-production.up.railway.app timed out. (connect timeout=None)')",1,2026-06-30T14:19:40Z,2026-06-30T14:19:40Z
POST,/auth/login [setup],"ConnectTimeoutError(<HTTPSConnection(host='tneapredictor-production.up.railway.app', port=443) at 0x1fb93aaa5d0>, 'Connection to tneapredictor-production.up.railway.app timed out. (connect timeout=None)')",1,2026-06-30T14:19:27Z,2026-06-30T14:19:27Z
POST,/auth/login [setup],"ConnectTimeoutError(<HTTPSConnection(host='tneapredictor-production.up.railway.app', port=443) at 0x1fb98d87250>, 'Connection to tneapredictor-production.up.railway.app timed out. (connect timeout=None)')",1,2026-06-30T14:19:28Z,2026-06-30T14:19:28Z
GET,/auth/me,"ConnectTimeoutError(<HTTPSConnection(host='tneapredictor-production.up.railway.app', port=443) at 0x1fb8bf65450>, 'Connection to tneapredictor-production.up.railway.app timed out. (connect timeout=None)')",1,2026-06-30T14:19:41Z,2026-06-30T14:19:41Z
POST,/auth/login [setup],"ConnectTimeoutError(<HTTPSConnection(host='tneapredictor-production.up.railway.app', port=443) at 0x1fbe85ff250>, 'Connection to tneapredictor-production.up.railway.app timed out. (connect timeout=None)')",1,2026-06-30T14:19:04Z,2026-06-30T14:19:04Z
POST,/auth/login [setup],"ConnectTimeoutError(<HTTPSConnection(host='tneapredictor-production.up.railway.app', port=443) at 0x1fb92301310>, 'Connection to tneapredictor-production.up.railway.app timed out. (connect timeout=None)')",1,2026-06-30T14:19:27Z,2026-06-30T14:19:27Z
GET,/auth/me,"ConnectTimeoutError(<HTTPSConnection(host='tneapredictor-production.up.railway.app', port=443) at 0x1fbf0a0f610>, 'Connection to tneapredictor-production.up.railway.app timed out. (connect timeout=None)')",1,2026-06-30T14:19:39Z,2026-06-30T14:19:39Z
POST,/auth/login [setup],"ConnectTimeoutError(<HTTPSConnection(host='tneapredictor-production.up.railway.app', port=443) at 0x1fbfcc22fd0>, 'Connection to tneapredictor-production.up.railway.app timed out. (connect timeout=None)')",1,2026-06-30T14:19:07Z,2026-06-30T14:19:07Z
POST,/predict/colleges [premium],"ConnectTimeoutError(<HTTPSConnection(host='tneapredictor-production.up.railway.app', port=443) at 0x1fb8bee8690>, 'Connection to tneapredictor-production.up.railway.app timed out. (connect timeout=None)')",1,2026-06-30T14:19:41Z,2026-06-30T14:19:41Z
POST,/auth/login [setup],"ConnectTimeoutError(<HTTPSConnection(host='tneapredictor-production.up.railway.app', port=443) at 0x1fbe9f179d0>, 'Connection to tneapredictor-production.up.railway.app timed out. (connect timeout=None)')",1,2026-06-30T14:19:04Z,2026-06-30T14:19:04Z
POST,/auth/login [setup],"ConnectTimeoutError(<HTTPSConnection(host='tneapredictor-production.up.railway.app', port=443) at 0x1fb90e8d6d0>, 'Connection to tneapredictor-production.up.railway.app timed out. (connect timeout=None)')",1,2026-06-30T14:19:26Z,2026-06-30T14:19:26Z
GET,/auth/me,"ConnectTimeoutError(<HTTPSConnection(host='tneapredictor-production.up.railway.app', port=443) at 0x1fb8793e350>, 'Connection to tneapredictor-production.up.railway.app timed out. (connect timeout=None)')",1,2026-06-30T14:19:41Z,2026-06-30T14:19:41Z
POST,/auth/login [setup],"ConnectTimeoutError(<HTTPSConnection(host='tneapredictor-production.up.railway.app', port=443) at 0x1fb92285e50>, 'Connection to tneapredictor-production.up.railway.app timed out. (connect timeout=None)')",1,2026-06-30T14:19:27Z,2026-06-30T14:19:27Z
GET,/auth/me,"ConnectTimeoutError(<HTTPSConnection(host='tneapredictor-production.up.railway.app', port=443) at 0x1fb88d7d590>, 'Connection to tneapredictor-production.up.railway.app timed out. (connect timeout=None)')",1,2026-06-30T14:19:42Z,2026-06-30T14:19:42Z
POST,/auth/login [setup],"ConnectTimeoutError(<HTTPSConnection(host='tneapredictor-production.up.railway.app', port=443) at 0x1fb9502f110>, 'Connection to tneapredictor-production.up.railway.app timed out. (connect timeout=None)')",1,2026-06-30T14:19:27Z,2026-06-30T14:19:27Z
POST,/auth/login [setup],"ConnectTimeoutError(<HTTPSConnection(host='tneapredictor-production.up.railway.app', port=443) at 0x1fb91a24a50>, 'Connection to tneapredictor-production.up.railway.app timed out. (connect timeout=None)')",1,2026-06-30T14:19:27Z,2026-06-30T14:19:27Z
POST,/auth/login [setup],"ConnectTimeoutError(<HTTPSConnection(host='tneapredictor-production.up.railway.app', port=443) at 0x1fb958f4f50>, 'Connection to tneapredictor-production.up.railway.app timed out. (connect timeout=None)')",1,2026-06-30T14:19:27Z,2026-06-30T14:19:27Z
GET,/auth/me,"ConnectTimeoutError(<HTTPSConnection(host='tneapredictor-production.up.railway.app', port=443) at 0x1fb8e064190>, 'Connection to tneapredictor-production.up.railway.app timed out. (connect timeout=None)')",1,2026-06-30T14:19:41Z,2026-06-30T14:19:41Z
GET,/auth/me,"ConnectTimeoutError(<HTTPSConnection(host='tneapredictor-production.up.railway.app', port=443) at 0x1fbf0109450>, 'Connection to tneapredictor-production.up.railway.app timed out. (connect timeout=None)')",1,2026-06-30T14:19:44Z,2026-06-30T14:19:44Z
GET,/auth/me,"ConnectTimeoutError(<HTTPSConnection(host='tneapredictor-production.up.railway.app', port=443) at 0x1fb889f4a50>, 'Connection to tneapredictor-production.up.railway.app timed out. (connect timeout=None)')",1,2026-06-30T14:19:41Z,2026-06-30T14:19:41Z
POST,/auth/login [setup],"ConnectTimeoutError(<HTTPSConnection(host='tneapredictor-production.up.railway.app', port=443) at 0x1fb8f8a0050>, 'Connection to tneapredictor-production.up.railway.app timed out. (connect timeout=None)')",1,2026-06-30T14:19:21Z,2026-06-30T14:19:21Z
POST,/predict/colleges [premium],"ConnectTimeoutError(<HTTPSConnection(host='tneapredictor-production.up.railway.app', port=443) at 0x1fbfa333390>, 'Connection to tneapredictor-production.up.railway.app timed out. (connect timeout=None)')",1,2026-06-30T14:19:40Z,2026-06-30T14:19:40Z
POST,/auth/login [setup],"ConnectTimeoutError(<HTTPSConnection(host='tneapredictor-production.up.railway.app', port=443) at 0x1fb90e8ead0>, 'Connection to tneapredictor-production.up.railway.app timed out. (connect timeout=None)')",1,2026-06-30T14:19:26Z,2026-06-30T14:19:26Z
POST,/auth/login [setup],"ConnectTimeoutError(<HTTPSConnection(host='tneapredictor-production.up.railway.app', port=443) at 0x1fb91a247d0>, 'Connection to tneapredictor-production.up.railway.app timed out. (connect timeout=None)')",1,2026-06-30T14:19:27Z,2026-06-30T14:19:27Z
POST,/auth/login [setup],"ConnectTimeoutError(<HTTPSConnection(host='tneapredictor-production.up.railway.app', port=443) at 0x1fbf9ee0f50>, 'Connection to tneapredictor-production.up.railway.app timed out. (connect timeout=None)')",1,2026-06-30T14:19:06Z,2026-06-30T14:19:06Z
POST,/predict/colleges [premium],"ConnectTimeoutError(<HTTPSConnection(host='tneapredictor-production.up.railway.app', port=443) at 0x1fb87d4e0d0>, 'Connection to tneapredictor-production.up.railway.app timed out. (connect timeout=None)')",1,2026-06-30T14:19:41Z,2026-06-30T14:19:41Z
POST,/auth/login [setup],"ConnectTimeoutError(<HTTPSConnection(host='tneapredictor-production.up.railway.app', port=443) at 0x1fbe164ce10>, 'Connection to tneapredictor-production.up.railway.app timed out. (connect timeout=None)')",1,2026-06-30T14:19:04Z,2026-06-30T14:19:04Z
POST,/auth/login [setup],"ConnectTimeoutError(<HTTPSConnection(host='tneapredictor-production.up.railway.app', port=443) at 0x1fb9bb21310>, 'Connection to tneapredictor-production.up.railway.app timed out. (connect timeout=None)')",1,2026-06-30T14:19:28Z,2026-06-30T14:19:28Z
POST,/auth/login [setup],"ConnectTimeoutError(<HTTPSConnection(host='tneapredictor-production.up.railway.app', port=443) at 0x1fbf16abc50>, 'Connection to tneapredictor-production.up.railway.app timed out. (connect timeout=None)')",1,2026-06-30T14:19:05Z,2026-06-30T14:19:05Z
POST,/predict/colleges [premium],"ConnectTimeoutError(<HTTPSConnection(host='tneapredictor-production.up.railway.app', port=443) at 0x1fb8c74b110>, 'Connection to tneapredictor-production.up.railway.app timed out. (connect timeout=None)')",1,2026-06-30T14:19:42Z,2026-06-30T14:19:42Z
POST,/auth/login [setup],"ConnectTimeoutError(<HTTPSConnection(host='tneapredictor-production.up.railway.app', port=443) at 0x1fb92301590>, 'Connection to tneapredictor-production.up.railway.app timed out. (connect timeout=None)')",1,2026-06-30T14:19:27Z,2026-06-30T14:19:27Z
POST,/auth/update-profile,"ConnectTimeoutError(<HTTPSConnection(host='tneapredictor-production.up.railway.app', port=443) at 0x1fb81695950>, 'Connection to tneapredictor-production.up.railway.app timed out. (connect timeout=None)')",1,2026-06-30T14:19:40Z,2026-06-30T14:19:40Z
POST,/auth/login [setup],"ConnectTimeoutError(<HTTPSConnection(host='tneapredictor-production.up.railway.app', port=443) at 0x1fb912cc550>, 'Connection to tneapredictor-production.up.railway.app timed out. (connect timeout=None)')",1,2026-06-30T14:19:27Z,2026-06-30T14:19:27Z
POST,/predict/colleges [premium],"ConnectTimeoutError(<HTTPSConnection(host='tneapredictor-production.up.railway.app', port=443) at 0x1fb885c11d0>, 'Connection to tneapredictor-production.up.railway.app timed out. (connect timeout=None)')",1,2026-06-30T14:19:43Z,2026-06-30T14:19:43Z
POST,/predict/colleges [premium],"ConnectTimeoutError(<HTTPSConnection(host='tneapredictor-production.up.railway.app', port=443) at 0x1fb8b730cd0>, 'Connection to tneapredictor-production.up.railway.app timed out. (connect timeout=None)')",1,2026-06-30T14:19:42Z,2026-06-30T14:19:42Z
POST,/predict/colleges [premium],"ConnectTimeoutError(<HTTPSConnection(host='tneapredictor-production.up.railway.app', port=443) at 0x1fb8bac4410>, 'Connection to tneapredictor-production.up.railway.app timed out. (connect timeout=None)')",1,2026-06-30T14:19:42Z,2026-06-30T14:19:42Z
POST,/auth/login [setup],"ConnectTimeoutError(<HTTPSConnection(host='tneapredictor-production.up.railway.app', port=443) at 0x1fb97d45090>, 'Connection to tneapredictor-production.up.railway.app timed out. (connect timeout=None)')",1,2026-06-30T14:19:28Z,2026-06-30T14:19:28Z
POST,/auth/login [setup],"ConnectTimeoutError(<HTTPSConnection(host='tneapredictor-production.up.railway.app', port=443) at 0x1fb912cdbd0>, 'Connection to tneapredictor-production.up.railway.app timed out. (connect timeout=None)')",1,2026-06-30T14:19:27Z,2026-06-30T14:19:27Z
POST,/auth/login [setup],"ConnectTimeoutError(<HTTPSConnection(host='tneapredictor-production.up.railway.app', port=443) at 0x1fb985b4e10>, 'Connection to tneapredictor-production.up.railway.app timed out. (connect timeout=None)')",1,2026-06-30T14:19:28Z,2026-06-30T14:19:28Z
POST,/auth/login [setup],"ConnectTimeoutError(<HTTPSConnection(host='tneapredictor-production.up.railway.app', port=443) at 0x1fb96063750>, 'Connection to tneapredictor-production.up.railway.app timed out. (connect timeout=None)')",1,2026-06-30T14:19:28Z,2026-06-30T14:19:28Z
POST,/auth/login [setup],"ConnectTimeoutError(<HTTPSConnection(host='tneapredictor-production.up.railway.app', port=443) at 0x1fbe85fd450>, 'Connection to tneapredictor-production.up.railway.app timed out. (connect timeout=None)')",1,2026-06-30T14:19:04Z,2026-06-30T14:19:04Z
POST,/auth/login [setup],"ConnectTimeoutError(<HTTPSConnection(host='tneapredictor-production.up.railway.app', port=443) at 0x1fb99f3bed0>, 'Connection to tneapredictor-production.up.railway.app timed out. (connect timeout=None)')",1,2026-06-30T14:19:28Z,2026-06-30T14:19:28Z
POST,/auth/login [setup],"ConnectTimeoutError(<HTTPSConnection(host='tneapredictor-production.up.railway.app', port=443) at 0x1fbe899c190>, 'Connection to tneapredictor-production.up.railway.app timed out. (connect timeout=None)')",1,2026-06-30T14:19:04Z,2026-06-30T14:19:04Z
POST,/auth/login [setup],"ConnectTimeoutError(<HTTPSConnection(host='tneapredictor-production.up.railway.app', port=443) at 0x1fb99a116d0>, 'Connection to tneapredictor-production.up.railway.app timed out. (connect timeout=None)')",1,2026-06-30T14:19:28Z,2026-06-30T14:19:28Z
POST,/predict/colleges [premium],"ConnectTimeoutError(<HTTPSConnection(host='tneapredictor-production.up.railway.app', port=443) at 0x1fb8cc03c50>, 'Connection to tneapredictor-production.up.railway.app timed out. (connect timeout=None)')",1,2026-06-30T14:19:40Z,2026-06-30T14:19:40Z
POST,/auth/login [setup],"ConnectTimeoutError(<HTTPSConnection(host='tneapredictor-production.up.railway.app', port=443) at 0x1fb96516710>, 'Connection to tneapredictor-production.up.railway.app timed out. (connect timeout=None)')",1,2026-06-30T14:19:28Z,2026-06-30T14:19:28Z
POST,/auth/login [setup],"ConnectTimeoutError(<HTTPSConnection(host='tneapredictor-production.up.railway.app', port=443) at 0x1fb94b739d0>, 'Connection to tneapredictor-production.up.railway.app timed out. (connect timeout=None)')",1,2026-06-30T14:19:27Z,2026-06-30T14:19:27Z
POST,/auth/login [setup],"ConnectTimeoutError(<HTTPSConnection(host='tneapredictor-production.up.railway.app', port=443) at 0x1fb8bf64910>, 'Connection to tneapredictor-production.up.railway.app timed out. (connect timeout=None)')",1,2026-06-30T14:19:20Z,2026-06-30T14:19:20Z
POST,/payment/create-order,"ConnectTimeoutError(<HTTPSConnection(host='tneapredictor-production.up.railway.app', port=443) at 0x1fbff915e50>, 'Connection to tneapredictor-production.up.railway.app timed out. (connect timeout=None)')",1,2026-06-30T14:19:40Z,2026-06-30T14:19:40Z
POST,/predict/colleges [premium],"ConnectTimeoutError(<HTTPSConnection(host='tneapredictor-production.up.railway.app', port=443) at 0x1fb91ed1bd0>, 'Connection to tneapredictor-production.up.railway.app timed out. (connect timeout=None)')",1,2026-06-30T14:19:42Z,2026-06-30T14:19:42Z
POST,/auth/login [setup],"ConnectTimeoutError(<HTTPSConnection(host='tneapredictor-production.up.railway.app', port=443) at 0x1fb91ed0e10>, 'Connection to tneapredictor-production.up.railway.app timed out. (connect timeout=None)')",1,2026-06-30T14:19:27Z,2026-06-30T14:19:27Z
POST,/auth/login [setup],"ConnectTimeoutError(<HTTPSConnection(host='tneapredictor-production.up.railway.app', port=443) at 0x1fb97d47890>, 'Connection to tneapredictor-production.up.railway.app timed out. (connect timeout=None)')",1,2026-06-30T14:19:28Z,2026-06-30T14:19:28Z
POST,/payment/create-order,"ConnectTimeoutError(<HTTPSConnection(host='tneapredictor-production.up.railway.app', port=443) at 0x1fb8f9202d0>, 'Connection to tneapredictor-production.up.railway.app timed out. (connect timeout=None)')",1,2026-06-30T14:19:41Z,2026-06-30T14:19:41Z
POST,/auth/login [setup],"ConnectTimeoutError(<HTTPSConnection(host='tneapredictor-production.up.railway.app', port=443) at 0x1fb9a6a8a50>, 'Connection to tneapredictor-production.up.railway.app timed out. (connect timeout=None)')",1,2026-06-30T14:19:28Z,2026-06-30T14:19:28Z
POST,/auth/login [setup],"ConnectTimeoutError(<HTTPSConnection(host='tneapredictor-production.up.railway.app', port=443) at 0x1fb9bf4c690>, 'Connection to tneapredictor-production.up.railway.app timed out. (connect timeout=None)')",1,2026-06-30T14:19:28Z,2026-06-30T14:19:28Z
POST,/auth/update-profile,"ConnectTimeoutError(<HTTPSConnection(host='tneapredictor-production.up.railway.app', port=443) at 0x1fb889f56d0>, 'Connection to tneapredictor-production.up.railway.app timed out. (connect timeout=None)')",1,2026-06-30T14:19:41Z,2026-06-30T14:19:41Z
POST,/auth/login [setup],"ConnectTimeoutError(<HTTPSConnection(host='tneapredictor-production.up.railway.app', port=443) at 0x1fb964987d0>, 'Connection to tneapredictor-production.up.railway.app timed out. (connect timeout=None)')",1,2026-06-30T14:19:28Z,2026-06-30T14:19:28Z
POST,/auth/login [setup],"ConnectTimeoutError(<HTTPSConnection(host='tneapredictor-production.up.railway.app', port=443) at 0x1fb953c2850>, 'Connection to tneapredictor-production.up.railway.app timed out. (connect timeout=None)')",1,2026-06-30T14:19:27Z,2026-06-30T14:19:27Z
POST,/auth/update-profile,"ConnectTimeoutError(<HTTPSConnection(host='tneapredictor-production.up.railway.app', port=443) at 0x1fb88976710>, 'Connection to tneapredictor-production.up.railway.app timed out. (connect timeout=None)')",1,2026-06-30T14:19:43Z,2026-06-30T14:19:43Z
POST,/auth/login [setup],"ConnectTimeoutError(<HTTPSConnection(host='tneapredictor-production.up.railway.app', port=443) at 0x1fbe899e210>, 'Connection to tneapredictor-production.up.railway.app timed out. (connect timeout=None)')",1,2026-06-30T14:19:04Z,2026-06-30T14:19:04Z
POST,/auth/login [setup],"ConnectTimeoutError(<HTTPSConnection(host='tneapredictor-production.up.railway.app', port=443) at 0x1fb9bed2850>, 'Connection to tneapredictor-production.up.railway.app timed out. (connect timeout=None)')",1,2026-06-30T14:19:28Z,2026-06-30T14:19:28Z
POST,/predict/colleges [premium],"ConnectTimeoutError(<HTTPSConnection(host='tneapredictor-production.up.railway.app', port=443) at 0x1fb81ee07d0>, 'Connection to tneapredictor-production.up.railway.app timed out. (connect timeout=None)')",1,2026-06-30T14:19:40Z,2026-06-30T14:19:40Z
POST,/auth/login [setup],"ConnectTimeoutError(<HTTPSConnection(host='tneapredictor-production.up.railway.app', port=443) at 0x1fb986247d0>, 'Connection to tneapredictor-production.up.railway.app timed out. (connect timeout=None)')",1,2026-06-30T14:19:28Z,2026-06-30T14:19:28Z
GET,/auth/me,"ConnectTimeoutError(<HTTPSConnection(host='tneapredictor-production.up.railway.app', port=443) at 0x1fb89a38b90>, 'Connection to tneapredictor-production.up.railway.app timed out. (connect timeout=None)')",1,2026-06-30T14:19:41Z,2026-06-30T14:19:41Z
POST,/auth/login [setup],"ConnectTimeoutError(<HTTPSConnection(host='tneapredictor-production.up.railway.app', port=443) at 0x1fb93b1ac10>, 'Connection to tneapredictor-production.up.railway.app timed out. (connect timeout=None)')",1,2026-06-30T14:19:27Z,2026-06-30T14:19:27Z
POST,/auth/update-profile,"ConnectTimeoutError(<HTTPSConnection(host='tneapredictor-production.up.railway.app', port=443) at 0x1fb81e6d090>, 'Connection to tneapredictor-production.up.railway.app timed out. (connect timeout=None)')",1,2026-06-30T14:19:40Z,2026-06-30T14:19:40Z
POST,/predict/colleges [premium],"ConnectTimeoutError(<HTTPSConnection(host='tneapredictor-production.up.railway.app', port=443) at 0x1fb8c7be350>, 'Connection to tneapredictor-production.up.railway.app timed out. (connect timeout=None)')",1,2026-06-30T14:19:41Z,2026-06-30T14:19:41Z
GET,/auth/me,"ConnectTimeoutError(<HTTPSConnection(host='tneapredictor-production.up.railway.app', port=443) at 0x1fbf9ee2490>, 'Connection to tneapredictor-production.up.railway.app timed out. (connect timeout=None)')",1,2026-06-30T14:19:40Z,2026-06-30T14:19:40Z
POST,/auth/login [setup],"ConnectTimeoutError(<HTTPSConnection(host='tneapredictor-production.up.railway.app', port=443) at 0x1fb947d0e10>, 'Connection to tneapredictor-production.up.railway.app timed out. (connect timeout=None)')",1,2026-06-30T14:19:27Z,2026-06-30T14:19:27Z
POST,/auth/login [setup],"ConnectTimeoutError(<HTTPSConnection(host='tneapredictor-production.up.railway.app', port=443) at 0x1fbf1a50410>, 'Connection to tneapredictor-production.up.railway.app timed out. (connect timeout=None)')",1,2026-06-30T14:19:05Z,2026-06-30T14:19:05Z
GET,/auth/me,"ConnectTimeoutError(<HTTPSConnection(host='tneapredictor-production.up.railway.app', port=443) at 0x1fb84b94e10>, 'Connection to tneapredictor-production.up.railway.app timed out. (connect timeout=None)')",1,2026-06-30T14:19:42Z,2026-06-30T14:19:42Z
POST,/auth/login [setup],"ConnectTimeoutError(<HTTPSConnection(host='tneapredictor-production.up.railway.app', port=443) at 0x1fb97887c50>, 'Connection to tneapredictor-production.up.railway.app timed out. (connect timeout=None)')",1,2026-06-30T14:19:28Z,2026-06-30T14:19:28Z
POST,/auth/login [setup],"ConnectTimeoutError(<HTTPSConnection(host='tneapredictor-production.up.railway.app', port=443) at 0x1fb8d031a90>, 'Connection to tneapredictor-production.up.railway.app timed out. (connect timeout=None)')",1,2026-06-30T14:19:21Z,2026-06-30T14:19:21Z
POST,/auth/login [setup],"ConnectTimeoutError(<HTTPSConnection(host='tneapredictor-production.up.railway.app', port=443) at 0x1fb99f3ad50>, 'Connection to tneapredictor-production.up.railway.app timed out. (connect timeout=None)')",1,2026-06-30T14:19:28Z,2026-06-30T14:19:28Z
POST,/auth/login [setup],"ConnectTimeoutError(<HTTPSConnection(host='tneapredictor-production.up.railway.app', port=443) at 0x1fb958f4cd0>, 'Connection to tneapredictor-production.up.railway.app timed out. (connect timeout=None)')",1,2026-06-30T14:19:28Z,2026-06-30T14:19:28Z
POST,/auth/login [setup],"ConnectTimeoutError(<HTTPSConnection(host='tneapredictor-production.up.railway.app', port=443) at 0x1fb95428910>, 'Connection to tneapredictor-production.up.railway.app timed out. (connect timeout=None)')",1,2026-06-30T14:19:27Z,2026-06-30T14:19:27Z
POST,/auth/login [setup],"ConnectTimeoutError(<HTTPSConnection(host='tneapredictor-production.up.railway.app', port=443) at 0x1fbfbf879d0>, 'Connection to tneapredictor-production.up.railway.app timed out. (connect timeout=None)')",1,2026-06-30T14:19:07Z,2026-06-30T14:19:07Z
POST,/auth/login [setup],"ConnectTimeoutError(<HTTPSConnection(host='tneapredictor-production.up.railway.app', port=443) at 0x1fb92302490>, 'Connection to tneapredictor-production.up.railway.app timed out. (connect timeout=None)')",1,2026-06-30T14:19:27Z,2026-06-30T14:19:27Z
POST,/auth/login [setup],"ConnectTimeoutError(<HTTPSConnection(host='tneapredictor-production.up.railway.app', port=443) at 0x1fb960df110>, 'Connection to tneapredictor-production.up.railway.app timed out. (connect timeout=None)')",1,2026-06-30T14:19:28Z,2026-06-30T14:19:28Z
POST,/auth/login [setup],"ConnectTimeoutError(<HTTPSConnection(host='tneapredictor-production.up.railway.app', port=443) at 0x1fbe7d9d950>, 'Connection to tneapredictor-production.up.railway.app timed out. (connect timeout=None)')",1,2026-06-30T14:19:04Z,2026-06-30T14:19:04Z
POST,/auth/login [setup],"ConnectTimeoutError(<HTTPSConnection(host='tneapredictor-production.up.railway.app', port=443) at 0x1fb96062ad0>, 'Connection to tneapredictor-production.up.railway.app timed out. (connect timeout=None)')",1,2026-06-30T14:19:28Z,2026-06-30T14:19:28Z
POST,/auth/login [setup],"ConnectTimeoutError(<HTTPSConnection(host='tneapredictor-production.up.railway.app', port=443) at 0x1fbfd8ff110>, 'Connection to tneapredictor-production.up.railway.app timed out. (connect timeout=None)')",1,2026-06-30T14:19:07Z,2026-06-30T14:19:07Z
POST,/auth/login [setup],"ConnectTimeoutError(<HTTPSConnection(host='tneapredictor-production.up.railway.app', port=443) at 0x1fb95881310>, 'Connection to tneapredictor-production.up.railway.app timed out. (connect timeout=None)')",1,2026-06-30T14:19:27Z,2026-06-30T14:19:27Z
POST,/auth/login [setup],"ConnectTimeoutError(<HTTPSConnection(host='tneapredictor-production.up.railway.app', port=443) at 0x1fbebf92850>, 'Connection to tneapredictor-production.up.railway.app timed out. (connect timeout=None)')",1,2026-06-30T14:19:04Z,2026-06-30T14:19:04Z
POST,/predict/colleges [premium],"ConnectTimeoutError(<HTTPSConnection(host='tneapredictor-production.up.railway.app', port=443) at 0x1fb9017d950>, 'Connection to tneapredictor-production.up.railway.app timed out. (connect timeout=None)')",1,2026-06-30T14:19:41Z,2026-06-30T14:19:41Z
POST,/auth/login [setup],"ConnectTimeoutError(<HTTPSConnection(host='tneapredictor-production.up.railway.app', port=443) at 0x1fb99e41450>, 'Connection to tneapredictor-production.up.railway.app timed out. (connect timeout=None)')",1,2026-06-30T14:19:28Z,2026-06-30T14:19:28Z
GET,/auth/me,"ConnectTimeoutError(<HTTPSConnection(host='tneapredictor-production.up.railway.app', port=443) at 0x1fb8bac7890>, 'Connection to tneapredictor-production.up.railway.app timed out. (connect timeout=None)')",1,2026-06-30T14:19:42Z,2026-06-30T14:19:42Z
POST,/auth/login [setup],"ConnectTimeoutError(<HTTPSConnection(host='tneapredictor-production.up.railway.app', port=443) at 0x1fb99a93d90>, 'Connection to tneapredictor-production.up.railway.app timed out. (connect timeout=None)')",1,2026-06-30T14:19:28Z,2026-06-30T14:19:28Z
GET,/auth/me,"ConnectTimeoutError(<HTTPSConnection(host='tneapredictor-production.up.railway.app', port=443) at 0x1fb8e067390>, 'Connection to tneapredictor-production.up.railway.app timed out. (connect timeout=None)')",1,2026-06-30T14:19:41Z,2026-06-30T14:19:41Z
POST,/auth/login [setup],"ConnectTimeoutError(<HTTPSConnection(host='tneapredictor-production.up.railway.app', port=443) at 0x1fb98d86ad0>, 'Connection to tneapredictor-production.up.railway.app timed out. (connect timeout=None)')",1,2026-06-30T14:19:28Z,2026-06-30T14:19:28Z
POST,/payment/create-order,"ConnectTimeoutError(<HTTPSConnection(host='tneapredictor-production.up.railway.app', port=443) at 0x1fbfbb74e10>, 'Connection to tneapredictor-production.up.railway.app timed out. (connect timeout=None)')",1,2026-06-30T14:19:40Z,2026-06-30T14:19:40Z
POST,/auth/login [setup],"ConnectTimeoutError(<HTTPSConnection(host='tneapredictor-production.up.railway.app', port=443) at 0x1fb98d847d0>, 'Connection to tneapredictor-production.up.railway.app timed out. (connect timeout=None)')",1,2026-06-30T14:19:28Z,2026-06-30T14:19:28Z
POST,/auth/update-profile,"ConnectTimeoutError(<HTTPSConnection(host='tneapredictor-production.up.railway.app', port=443) at 0x1fbfc3b0410>, 'Connection to tneapredictor-production.up.railway.app timed out. (connect timeout=None)')",1,2026-06-30T14:19:40Z,2026-06-30T14:19:40Z
POST,/auth/login [setup],"ConnectTimeoutError(<HTTPSConnection(host='tneapredictor-production.up.railway.app', port=443) at 0x1fb88542ad0>, 'Connection to tneapredictor-production.up.railway.app timed out. (connect timeout=None)')",1,2026-06-30T14:19:20Z,2026-06-30T14:19:20Z
POST,/predict/colleges [premium],"ConnectTimeoutError(<HTTPSConnection(host='tneapredictor-production.up.railway.app', port=443) at 0x1fb81ee0050>, 'Connection to tneapredictor-production.up.railway.app timed out. (connect timeout=None)')",1,2026-06-30T14:19:40Z,2026-06-30T14:19:40Z
POST,/auth/login [setup],"ConnectTimeoutError(<HTTPSConnection(host='tneapredictor-production.up.railway.app', port=443) at 0x1fbe899e710>, 'Connection to tneapredictor-production.up.railway.app timed out. (connect timeout=None)')",1,2026-06-30T14:19:04Z,2026-06-30T14:19:04Z
POST,/payment/create-order,"ConnectTimeoutError(<HTTPSConnection(host='tneapredictor-production.up.railway.app', port=443) at 0x1fb8a291590>, 'Connection to tneapredictor-production.up.railway.app timed out. (connect timeout=None)')",1,2026-06-30T14:19:41Z,2026-06-30T14:19:41Z
POST,/auth/login [setup],"ConnectTimeoutError(<HTTPSConnection(host='tneapredictor-production.up.railway.app', port=443) at 0x1fb9a6a9950>, 'Connection to tneapredictor-production.up.railway.app timed out. (connect timeout=None)')",1,2026-06-30T14:19:28Z,2026-06-30T14:19:28Z
POST,/auth/login [setup],"ConnectTimeoutError(<HTTPSConnection(host='tneapredictor-production.up.railway.app', port=443) at 0x1fb94beb890>, 'Connection to tneapredictor-production.up.railway.app timed out. (connect timeout=None)')",1,2026-06-30T14:19:27Z,2026-06-30T14:19:27Z
POST,/auth/login [setup],"ConnectTimeoutError(<HTTPSConnection(host='tneapredictor-production.up.railway.app', port=443) at 0x1fbf8122e90>, 'Connection to tneapredictor-production.up.railway.app timed out. (connect timeout=None)')",1,2026-06-30T14:19:05Z,2026-06-30T14:19:05Z
POST,/auth/login [setup],"ConnectTimeoutError(<HTTPSConnection(host='tneapredictor-production.up.railway.app', port=443) at 0x1fb985b5090>, 'Connection to tneapredictor-production.up.railway.app timed out. (connect timeout=None)')",1,2026-06-30T14:19:28Z,2026-06-30T14:19:28Z
GET,/auth/me,"ConnectTimeoutError(<HTTPSConnection(host='tneapredictor-production.up.railway.app', port=443) at 0x1fb811ccb90>, 'Connection to tneapredictor-production.up.railway.app timed out. (connect timeout=None)')",1,2026-06-30T14:19:40Z,2026-06-30T14:19:40Z
POST,/predict/colleges [auth],"ConnectTimeoutError(<HTTPSConnection(host='tneapredictor-production.up.railway.app', port=443) at 0x1fb847e4050>, 'Connection to tneapredictor-production.up.railway.app timed out. (connect timeout=None)')",1,2026-06-30T14:19:48Z,2026-06-30T14:19:48Z
POST,/predict/colleges [auth],"ConnectTimeoutError(<HTTPSConnection(host='tneapredictor-production.up.railway.app', port=443) at 0x1fb85828b90>, 'Connection to tneapredictor-production.up.railway.app timed out. (connect timeout=None)')",1,2026-06-30T14:19:45Z,2026-06-30T14:19:45Z
POST,/auth/login [setup],"ConnectTimeoutError(<HTTPSConnection(host='tneapredictor-production.up.railway.app', port=443) at 0x1fb9922b610>, 'Connection to tneapredictor-production.up.railway.app timed out. (connect timeout=None)')",1,2026-06-30T14:19:28Z,2026-06-30T14:19:28Z
POST,/auth/login [setup],"ConnectTimeoutError(<HTTPSConnection(host='tneapredictor-production.up.railway.app', port=443) at 0x1fb88542850>, 'Connection to tneapredictor-production.up.railway.app timed out. (connect timeout=None)')",1,2026-06-30T14:19:20Z,2026-06-30T14:19:20Z
POST,/auth/login [setup],"ConnectTimeoutError(<HTTPSConnection(host='tneapredictor-production.up.railway.app', port=443) at 0x1fb9baa0f50>, 'Connection to tneapredictor-production.up.railway.app timed out. (connect timeout=None)')",1,2026-06-30T14:19:28Z,2026-06-30T14:19:28Z
GET,/auth/me,"ConnectTimeoutError(<HTTPSConnection(host='tneapredictor-production.up.railway.app', port=443) at 0x1fb85c59a90>, 'Connection to tneapredictor-production.up.railway.app timed out. (connect timeout=None)')",1,2026-06-30T14:19:45Z,2026-06-30T14:19:45Z
POST,/auth/login [setup],"ConnectTimeoutError(<HTTPSConnection(host='tneapredictor-production.up.railway.app', port=443) at 0x1fb947d2c10>, 'Connection to tneapredictor-production.up.railway.app timed out. (connect timeout=None)')",1,2026-06-30T14:19:27Z,2026-06-30T14:19:27Z
POST,/auth/login [setup],"ConnectTimeoutError(<HTTPSConnection(host='tneapredictor-production.up.railway.app', port=443) at 0x1fb947d3610>, 'Connection to tneapredictor-production.up.railway.app timed out. (connect timeout=None)')",1,2026-06-30T14:19:27Z,2026-06-30T14:19:27Z
GET,/auth/me,"ConnectTimeoutError(<HTTPSConnection(host='tneapredictor-production.up.railway.app', port=443) at 0x1fb81ac91d0>, 'Connection to tneapredictor-production.up.railway.app timed out. (connect timeout=None)')",1,2026-06-30T14:19:40Z,2026-06-30T14:19:40Z
POST,/auth/login [setup],"ConnectTimeoutError(<HTTPSConnection(host='tneapredictor-production.up.railway.app', port=443) at 0x1fbf960dd10>, 'Connection to tneapredictor-production.up.railway.app timed out. (connect timeout=None)')",1,2026-06-30T14:19:05Z,2026-06-30T14:19:05Z
POST,/auth/login [setup],"ConnectTimeoutError(<HTTPSConnection(host='tneapredictor-production.up.railway.app', port=443) at 0x1fb8d0acf50>, 'Connection to tneapredictor-production.up.railway.app timed out. (connect timeout=None)')",1,2026-06-30T14:19:21Z,2026-06-30T14:19:21Z
POST,/auth/login [setup],"ConnectTimeoutError(<HTTPSConnection(host='tneapredictor-production.up.railway.app', port=443) at 0x1fb960dcb90>, 'Connection to tneapredictor-production.up.railway.app timed out. (connect timeout=None)')",1,2026-06-30T14:19:28Z,2026-06-30T14:19:28Z
POST,/auth/login [setup],"ConnectTimeoutError(<HTTPSConnection(host='tneapredictor-production.up.railway.app', port=443) at 0x1fb99662e90>, 'Connection to tneapredictor-production.up.railway.app timed out. (connect timeout=None)')",1,2026-06-30T14:19:28Z,2026-06-30T14:19:28Z
GET,/auth/me,"ConnectTimeoutError(<HTTPSConnection(host='tneapredictor-production.up.railway.app', port=443) at 0x1fb8e065a90>, 'Connection to tneapredictor-production.up.railway.app timed out. (connect timeout=None)')",1,2026-06-30T14:19:41Z,2026-06-30T14:19:41Z
POST,/auth/login [setup],"ConnectTimeoutError(<HTTPSConnection(host='tneapredictor-production.up.railway.app', port=443) at 0x1fb9bb21590>, 'Connection to tneapredictor-production.up.railway.app timed out. (connect timeout=None)')",1,2026-06-30T14:19:28Z,2026-06-30T14:19:28Z
GET,/auth/me,"ConnectTimeoutError(<HTTPSConnection(host='tneapredictor-production.up.railway.app', port=443) at 0x1fb88119810>, 'Connection to tneapredictor-production.up.railway.app timed out. (connect timeout=None)')",1,2026-06-30T14:19:43Z,2026-06-30T14:19:43Z
POST,/auth/update-profile,"ConnectTimeoutError(<HTTPSConnection(host='tneapredictor-production.up.railway.app', port=443) at 0x1fbf85b5310>, 'Connection to tneapredictor-production.up.railway.app timed out. (connect timeout=None)')",1,2026-06-30T14:19:28Z,2026-06-30T14:19:28Z
POST,/predict/colleges [premium],"ConnectTimeoutError(<HTTPSConnection(host='tneapredictor-production.up.railway.app', port=443) at 0x1fb8811b110>, 'Connection to tneapredictor-production.up.railway.app timed out. (connect timeout=None)')",1,2026-06-30T14:19:43Z,2026-06-30T14:19:43Z
POST,/auth/login [setup],"ConnectTimeoutError(<HTTPSConnection(host='tneapredictor-production.up.railway.app', port=443) at 0x1fb91a25bd0>, 'Connection to tneapredictor-production.up.railway.app timed out. (connect timeout=None)')",1,2026-06-30T14:19:27Z,2026-06-30T14:19:27Z
POST,/auth/login [setup],"ConnectTimeoutError(<HTTPSConnection(host='tneapredictor-production.up.railway.app', port=443) at 0x1fb91aaa990>, 'Connection to tneapredictor-production.up.railway.app timed out. (connect timeout=None)')",1,2026-06-30T14:19:27Z,2026-06-30T14:19:27Z
POST,/auth/login [setup],"ConnectTimeoutError(<HTTPSConnection(host='tneapredictor-production.up.railway.app', port=443) at 0x1fb989efd90>, 'Connection to tneapredictor-production.up.railway.app timed out. (connect timeout=None)')",1,2026-06-30T14:19:28Z,2026-06-30T14:19:28Z
POST,/auth/login [setup],"ConnectTimeoutError(<HTTPSConnection(host='tneapredictor-production.up.railway.app', port=443) at 0x1fb95805e50>, 'Connection to tneapredictor-production.up.railway.app timed out. (connect timeout=None)')",1,2026-06-30T14:19:27Z,2026-06-30T14:19:27Z
POST,/payment/create-order,"ConnectTimeoutError(<HTTPSConnection(host='tneapredictor-production.up.railway.app', port=443) at 0x1fbff9156d0>, 'Connection to tneapredictor-production.up.railway.app timed out. (connect timeout=None)')",1,2026-06-30T14:19:40Z,2026-06-30T14:19:40Z
POST,/auth/update-profile,"ConnectTimeoutError(<HTTPSConnection(host='tneapredictor-production.up.railway.app', port=443) at 0x1fb80daae90>, 'Connection to tneapredictor-production.up.railway.app timed out. (connect timeout=None)')",1,2026-06-30T14:19:40Z,2026-06-30T14:19:40Z
POST,/auth/login [setup],"ConnectTimeoutError(<HTTPSConnection(host='tneapredictor-production.up.railway.app', port=443) at 0x1fbe91e9f90>, 'Connection to tneapredictor-production.up.railway.app timed out. (connect timeout=None)')",1,2026-06-30T14:19:04Z,2026-06-30T14:19:04Z
POST,/auth/login [setup],"ConnectTimeoutError(<HTTPSConnection(host='tneapredictor-production.up.railway.app', port=443) at 0x1fb891c7c50>, 'Connection to tneapredictor-production.up.railway.app timed out. (connect timeout=None)')",1,2026-06-30T14:19:20Z,2026-06-30T14:19:20Z
POST,/predict/colleges [premium],"ConnectTimeoutError(<HTTPSConnection(host='tneapredictor-production.up.railway.app', port=443) at 0x1fb94be8f50>, 'Connection to tneapredictor-production.up.railway.app timed out. (connect timeout=None)')",1,2026-06-30T14:19:42Z,2026-06-30T14:19:42Z
POST,/predict/colleges [premium],"ConnectTimeoutError(<HTTPSConnection(host='tneapredictor-production.up.railway.app', port=443) at 0x1fbfcc21590>, 'Connection to tneapredictor-production.up.railway.app timed out. (connect timeout=None)')",1,2026-06-30T14:19:40Z,2026-06-30T14:19:40Z
GET,/auth/me,"ConnectTimeoutError(<HTTPSConnection(host='tneapredictor-production.up.railway.app', port=443) at 0x1fbf5893b10>, 'Connection to tneapredictor-production.up.railway.app timed out. (connect timeout=None)')",1,2026-06-30T14:19:40Z,2026-06-30T14:19:40Z
POST,/auth/login [setup],"ConnectTimeoutError(<HTTPSConnection(host='tneapredictor-production.up.railway.app', port=443) at 0x1fb99a93b10>, 'Connection to tneapredictor-production.up.railway.app timed out. (connect timeout=None)')",1,2026-06-30T14:19:28Z,2026-06-30T14:19:28Z
POST,/auth/login [setup],"ConnectTimeoutError(<HTTPSConnection(host='tneapredictor-production.up.railway.app', port=443) at 0x1fb958f5bd0>, 'Connection to tneapredictor-production.up.railway.app timed out. (connect timeout=None)')",1,2026-06-30T14:19:28Z,2026-06-30T14:19:28Z
POST,/auth/login [setup],"ConnectTimeoutError(<HTTPSConnection(host='tneapredictor-production.up.railway.app', port=443) at 0x1fb91250190>, 'Connection to tneapredictor-production.up.railway.app timed out. (connect timeout=None)')",1,2026-06-30T14:19:26Z,2026-06-30T14:19:26Z
POST,/auth/login [setup],"ConnectTimeoutError(<HTTPSConnection(host='tneapredictor-production.up.railway.app', port=443) at 0x1fb905b1310>, 'Connection to tneapredictor-production.up.railway.app timed out. (connect timeout=None)')",1,2026-06-30T14:19:22Z,2026-06-30T14:19:22Z
POST,/predict/colleges [auth],"ConnectTimeoutError(<HTTPSConnection(host='tneapredictor-production.up.railway.app', port=443) at 0x1fb85043750>, 'Connection to tneapredictor-production.up.railway.app timed out. (connect timeout=None)')",1,2026-06-30T14:19:45Z,2026-06-30T14:19:45Z
GET,/auth/me,"ConnectTimeoutError(<HTTPSConnection(host='tneapredictor-production.up.railway.app', port=443) at 0x1fb8b733750>, 'Connection to tneapredictor-production.up.railway.app timed out. (connect timeout=None)')",1,2026-06-30T14:19:42Z,2026-06-30T14:19:42Z
POST,/payment/create-order,"ConnectTimeoutError(<HTTPSConnection(host='tneapredictor-production.up.railway.app', port=443) at 0x1fb87d4d1d0>, 'Connection to tneapredictor-production.up.railway.app timed out. (connect timeout=None)')",1,2026-06-30T14:19:41Z,2026-06-30T14:19:41Z
POST,/auth/login [setup],"ConnectTimeoutError(<HTTPSConnection(host='tneapredictor-production.up.railway.app', port=443) at 0x1fb9649a5d0>, 'Connection to tneapredictor-production.up.railway.app timed out. (connect timeout=None)')",1,2026-06-30T14:19:28Z,2026-06-30T14:19:28Z
POST,/auth/login [setup],"ConnectTimeoutError(<HTTPSConnection(host='tneapredictor-production.up.railway.app', port=443) at 0x1fb9272b390>, 'Connection to tneapredictor-production.up.railway.app timed out. (connect timeout=None)')",1,2026-06-30T14:19:27Z,2026-06-30T14:19:27Z
POST,/predict/colleges [premium],"ConnectTimeoutError(<HTTPSConnection(host='tneapredictor-production.up.railway.app', port=443) at 0x1fb864b3b10>, 'Connection to tneapredictor-production.up.railway.app timed out. (connect timeout=None)')",1,2026-06-30T14:19:43Z,2026-06-30T14:19:43Z
POST,/auth/login [setup],"ConnectTimeoutError(<HTTPSConnection(host='tneapredictor-production.up.railway.app', port=443) at 0x1fbf5814190>, 'Connection to tneapredictor-production.up.railway.app timed out. (connect timeout=None)')",1,2026-06-30T14:19:05Z,2026-06-30T14:19:05Z
POST,/auth/login [setup],"ConnectTimeoutError(<HTTPSConnection(host='tneapredictor-production.up.railway.app', port=443) at 0x1fbfa6db110>, 'Connection to tneapredictor-production.up.railway.app timed out. (connect timeout=None)')",1,2026-06-30T14:19:06Z,2026-06-30T14:19:06Z
POST,/predict/colleges [premium],"ConnectTimeoutError(<HTTPSConnection(host='tneapredictor-production.up.railway.app', port=443) at 0x1fbf010bed0>, 'Connection to tneapredictor-production.up.railway.app timed out. (connect timeout=None)')",1,2026-06-30T14:19:44Z,2026-06-30T14:19:44Z
POST,/payment/create-order,"ConnectTimeoutError(<HTTPSConnection(host='tneapredictor-production.up.railway.app', port=443) at 0x1fb81ee0550>, 'Connection to tneapredictor-production.up.railway.app timed out. (connect timeout=None)')",1,2026-06-30T14:19:40Z,2026-06-30T14:19:40Z
POST,/auth/login [setup],"ConnectTimeoutError(<HTTPSConnection(host='tneapredictor-production.up.railway.app', port=443) at 0x1fb981f8cd0>, 'Connection to tneapredictor-production.up.railway.app timed out. (connect timeout=None)')",1,2026-06-30T14:19:28Z,2026-06-30T14:19:28Z
POST,/auth/update-profile,"ConnectTimeoutError(<HTTPSConnection(host='tneapredictor-production.up.railway.app', port=443) at 0x1fbf89ef110>, 'Connection to tneapredictor-production.up.railway.app timed out. (connect timeout=None)')",1,2026-06-30T14:19:40Z,2026-06-30T14:19:40Z
POST,/payment/create-order,"ConnectTimeoutError(<HTTPSConnection(host='tneapredictor-production.up.railway.app', port=443) at 0x1fb88df2350>, 'Connection to tneapredictor-production.up.railway.app timed out. (connect timeout=None)')",1,2026-06-30T14:19:42Z,2026-06-30T14:19:42Z
POST,/predict/colleges [premium],"ConnectTimeoutError(<HTTPSConnection(host='tneapredictor-production.up.railway.app', port=443) at 0x1fb8e0eafd0>, 'Connection to tneapredictor-production.up.railway.app timed out. (connect timeout=None)')",1,2026-06-30T14:19:41Z,2026-06-30T14:19:41Z
POST,/auth/login [setup],"ConnectTimeoutError(<HTTPSConnection(host='tneapredictor-production.up.railway.app', port=443) at 0x1fb9a6aa0d0>, 'Connection to tneapredictor-production.up.railway.app timed out. (connect timeout=None)')",1,2026-06-30T14:19:28Z,2026-06-30T14:19:28Z
POST,/auth/login [setup],"ConnectTimeoutError(<HTTPSConnection(host='tneapredictor-production.up.railway.app', port=443) at 0x1fb978fac10>, 'Connection to tneapredictor-production.up.railway.app timed out. (connect timeout=None)')",1,2026-06-30T14:19:28Z,2026-06-30T14:19:28Z
POST,/auth/login [setup],"ConnectTimeoutError(<HTTPSConnection(host='tneapredictor-production.up.railway.app', port=443) at 0x1fbe1a4d810>, 'Connection to tneapredictor-production.up.railway.app timed out. (connect timeout=None)')",1,2026-06-30T14:19:04Z,2026-06-30T14:19:04Z
POST,/auth/login [setup],"ConnectTimeoutError(<HTTPSConnection(host='tneapredictor-production.up.railway.app', port=443) at 0x1fb90a5ed50>, 'Connection to tneapredictor-production.up.railway.app timed out. (connect timeout=None)')",1,2026-06-30T14:19:26Z,2026-06-30T14:19:26Z
POST,/auth/login [setup],"ConnectTimeoutError(<HTTPSConnection(host='tneapredictor-production.up.railway.app', port=443) at 0x1fb989eec10>, 'Connection to tneapredictor-production.up.railway.app timed out. (connect timeout=None)')",1,2026-06-30T14:19:28Z,2026-06-30T14:19:28Z
POST,/predict/colleges [premium],"ConnectTimeoutError(<HTTPSConnection(host='tneapredictor-production.up.railway.app', port=443) at 0x1fbfc7ee490>, 'Connection to tneapredictor-production.up.railway.app timed out. (connect timeout=None)')",1,2026-06-30T14:19:40Z,2026-06-30T14:19:40Z
POST,/auth/login [setup],"ConnectTimeoutError(<HTTPSConnection(host='tneapredictor-production.up.railway.app', port=443) at 0x1fb99e41bd0>, 'Connection to tneapredictor-production.up.railway.app timed out. (connect timeout=None)')",1,2026-06-30T14:19:28Z,2026-06-30T14:19:28Z
GET,/auth/me,"ConnectTimeoutError(<HTTPSConnection(host='tneapredictor-production.up.railway.app', port=443) at 0x1fbe9611e50>, 'Connection to tneapredictor-production.up.railway.app timed out. (connect timeout=None)')",1,2026-06-30T14:19:40Z,2026-06-30T14:19:40Z
POST,/payment/create-order,"ConnectTimeoutError(<HTTPSConnection(host='tneapredictor-production.up.railway.app', port=443) at 0x1fb89eda5d0>, 'Connection to tneapredictor-production.up.railway.app timed out. (connect timeout=None)')",1,2026-06-30T14:19:41Z,2026-06-30T14:19:41Z
POST,/auth/update-profile,"ConnectTimeoutError(<HTTPSConnection(host='tneapredictor-production.up.railway.app', port=443) at 0x1fb8d894050>, 'Connection to tneapredictor-production.up.railway.app timed out. (connect timeout=None)')",1,2026-06-30T14:19:41Z,2026-06-30T14:19:41Z
POST,/predict/colleges [premium],"ConnectTimeoutError(<HTTPSConnection(host='tneapredictor-production.up.railway.app', port=443) at 0x1fb93aa9d10>, 'Connection to tneapredictor-production.up.railway.app timed out. (connect timeout=None)')",1,2026-06-30T14:19:42Z,2026-06-30T14:19:42Z
POST,/auth/login [setup],"ConnectTimeoutError(<HTTPSConnection(host='tneapredictor-production.up.railway.app', port=443) at 0x1fb912cf9d0>, 'Connection to tneapredictor-production.up.railway.app timed out. (connect timeout=None)')",1,2026-06-30T14:19:27Z,2026-06-30T14:19:27Z
POST,/auth/login [setup],"ConnectTimeoutError(<HTTPSConnection(host='tneapredictor-production.up.railway.app', port=443) at 0x1fb99228410>, 'Connection to tneapredictor-production.up.railway.app timed out. (connect timeout=None)')",1,2026-06-30T14:19:28Z,2026-06-30T14:19:28Z
POST,/auth/login [setup],"ConnectTimeoutError(<HTTPSConnection(host='tneapredictor-production.up.railway.app', port=443) at 0x1fb91a27c50>, 'Connection to tneapredictor-production.up.railway.app timed out. (connect timeout=None)')",1,2026-06-30T14:19:27Z,2026-06-30T14:19:27Z
POST,/auth/login [setup],"ConnectTimeoutError(<HTTPSConnection(host='tneapredictor-production.up.railway.app', port=443) at 0x1fbe8e3a350>, 'Connection to tneapredictor-production.up.railway.app timed out. (connect timeout=None)')",1,2026-06-30T14:19:04Z,2026-06-30T14:19:04Z
POST,/auth/login [setup],"ConnectTimeoutError(<HTTPSConnection(host='tneapredictor-production.up.railway.app', port=443) at 0x1fb98d851d0>, 'Connection to tneapredictor-production.up.railway.app timed out. (connect timeout=None)')",1,2026-06-30T14:19:28Z,2026-06-30T14:19:28Z
POST,/auth/login [setup],"ConnectTimeoutError(<HTTPSConnection(host='tneapredictor-production.up.railway.app', port=443) at 0x1fb9bb20190>, 'Connection to tneapredictor-production.up.railway.app timed out. (connect timeout=None)')",1,2026-06-30T14:19:28Z,2026-06-30T14:19:28Z
GET,/auth/me,"ConnectTimeoutError(<HTTPSConnection(host='tneapredictor-production.up.railway.app', port=443) at 0x1fb81e6ce10>, 'Connection to tneapredictor-production.up.railway.app timed out. (connect timeout=None)')",1,2026-06-30T14:19:40Z,2026-06-30T14:19:40Z
POST,/predict/colleges [premium],"ConnectTimeoutError(<HTTPSConnection(host='tneapredictor-production.up.railway.app', port=443) at 0x1fbfc324f50>, 'Connection to tneapredictor-production.up.railway.app timed out. (connect timeout=None)')",1,2026-06-30T14:19:40Z,2026-06-30T14:19:40Z
POST,/auth/login [setup],"ConnectTimeoutError(<HTTPSConnection(host='tneapredictor-production.up.railway.app', port=443) at 0x1fb90e8d450>, 'Connection to tneapredictor-production.up.railway.app timed out. (connect timeout=None)')",1,2026-06-30T14:19:26Z,2026-06-30T14:19:26Z
POST,/auth/login [setup],"ConnectTimeoutError(<HTTPSConnection(host='tneapredictor-production.up.railway.app', port=443) at 0x1fb95882e90>, 'Connection to tneapredictor-production.up.railway.app timed out. (connect timeout=None)')",1,2026-06-30T14:19:28Z,2026-06-30T14:19:28Z
POST,/payment/create-order,"ConnectTimeoutError(<HTTPSConnection(host='tneapredictor-production.up.railway.app', port=443) at 0x1fb926b0910>, 'Connection to tneapredictor-production.up.railway.app timed out. (connect timeout=None)')",1,2026-06-30T14:19:42Z,2026-06-30T14:19:42Z
POST,/auth/update-profile,HTTPError('401 Client Error: Unauthorized for url: /auth/update-profile'),56,2026-06-30T14:19:08Z,2026-06-30T14:20:40Z
POST,/auth/login [setup],"ConnectTimeoutError(<HTTPSConnection(host='tneapredictor-production.up.railway.app', port=443) at 0x1fbe85ffc50>, 'Connection to tneapredictor-production.up.railway.app timed out. (connect timeout=None)')",1,2026-06-30T14:19:04Z,2026-06-30T14:19:04Z
POST,/auth/login [setup],"ConnectTimeoutError(<HTTPSConnection(host='tneapredictor-production.up.railway.app', port=443) at 0x1fb99a91310>, 'Connection to tneapredictor-production.up.railway.app timed out. (connect timeout=None)')",1,2026-06-30T14:19:28Z,2026-06-30T14:19:28Z
POST,/auth/login [setup],"ConnectTimeoutError(<HTTPSConnection(host='tneapredictor-production.up.railway.app', port=443) at 0x1fb91672c10>, 'Connection to tneapredictor-production.up.railway.app timed out. (connect timeout=None)')",1,2026-06-30T14:19:27Z,2026-06-30T14:19:27Z
POST,/predict/colleges [auth],"ConnectTimeoutError(<HTTPSConnection(host='tneapredictor-production.up.railway.app', port=443) at 0x1fb85c59590>, 'Connection to tneapredictor-production.up.railway.app timed out. (connect timeout=None)')",1,2026-06-30T14:19:45Z,2026-06-30T14:19:45Z
POST,/payment/create-order,"ConnectTimeoutError(<HTTPSConnection(host='tneapredictor-production.up.railway.app', port=443) at 0x1fb81697c50>, 'Connection to tneapredictor-production.up.railway.app timed out. (connect timeout=None)')",1,2026-06-30T14:19:40Z,2026-06-30T14:19:40Z
POST,/auth/login [setup],"ConnectTimeoutError(<HTTPSConnection(host='tneapredictor-production.up.railway.app', port=443) at 0x1fb97db4a50>, 'Connection to tneapredictor-production.up.railway.app timed out. (connect timeout=None)')",1,2026-06-30T14:19:28Z,2026-06-30T14:19:28Z
POST,/auth/login [setup],"ConnectTimeoutError(<HTTPSConnection(host='tneapredictor-production.up.railway.app', port=443) at 0x1fb981fa5d0>, 'Connection to tneapredictor-production.up.railway.app timed out. (connect timeout=None)')",1,2026-06-30T14:19:28Z,2026-06-30T14:19:28Z
POST,/auth/login [setup],"ConnectTimeoutError(<HTTPSConnection(host='tneapredictor-production.up.railway.app', port=443) at 0x1fb94b72ad0>, 'Connection to tneapredictor-production.up.railway.app timed out. (connect timeout=None)')",1,2026-06-30T14:19:27Z,2026-06-30T14:19:27Z
POST,/auth/login [setup],"ConnectTimeoutError(<HTTPSConnection(host='tneapredictor-production.up.railway.app', port=443) at 0x1fb95881f90>, 'Connection to tneapredictor-production.up.railway.app timed out. (connect timeout=None)')",1,2026-06-30T14:19:27Z,2026-06-30T14:19:27Z
POST,/payment/create-order,"ConnectTimeoutError(<HTTPSConnection(host='tneapredictor-production.up.railway.app', port=443) at 0x1fbed038190>, 'Connection to tneapredictor-production.up.railway.app timed out. (connect timeout=None)')",1,2026-06-30T14:19:40Z,2026-06-30T14:19:40Z
POST,/auth/update-profile,"ConnectTimeoutError(<HTTPSConnection(host='tneapredictor-production.up.railway.app', port=443) at 0x1fbfc326850>, 'Connection to tneapredictor-production.up.railway.app timed out. (connect timeout=None)')",1,2026-06-30T14:19:40Z,2026-06-30T14:19:40Z
POST,/auth/login [setup],"ConnectTimeoutError(<HTTPSConnection(host='tneapredictor-production.up.railway.app', port=443) at 0x1fb95807c50>, 'Connection to tneapredictor-production.up.railway.app timed out. (connect timeout=None)')",1,2026-06-30T14:19:27Z,2026-06-30T14:19:27Z
POST,/auth/login [setup],"ConnectTimeoutError(<HTTPSConnection(host='tneapredictor-production.up.railway.app', port=443) at 0x1fbf3b56350>, 'Connection to tneapredictor-production.up.railway.app timed out. (connect timeout=None)')",1,2026-06-30T14:19:05Z,2026-06-30T14:19:05Z
POST,/predict/colleges [premium],"ConnectTimeoutError(<HTTPSConnection(host='tneapredictor-production.up.railway.app', port=443) at 0x1fb889f7250>, 'Connection to tneapredictor-production.up.railway.app timed out. (connect timeout=None)')",1,2026-06-30T14:19:41Z,2026-06-30T14:19:41Z
POST,/auth/login [setup],"ConnectTimeoutError(<HTTPSConnection(host='tneapredictor-production.up.railway.app', port=443) at 0x1fb9440f9d0>, 'Connection to tneapredictor-production.up.railway.app timed out. (connect timeout=None)')",1,2026-06-30T14:19:27Z,2026-06-30T14:19:27Z
POST,/auth/login [setup],"ConnectTimeoutError(<HTTPSConnection(host='tneapredictor-production.up.railway.app', port=443) at 0x1fb978f9590>, 'Connection to tneapredictor-production.up.railway.app timed out. (connect timeout=None)')",1,2026-06-30T14:19:28Z,2026-06-30T14:19:28Z
POST,/auth/login [setup],"ConnectTimeoutError(<HTTPSConnection(host='tneapredictor-production.up.railway.app', port=443) at 0x1fb94391810>, 'Connection to tneapredictor-production.up.railway.app timed out. (connect timeout=None)')",1,2026-06-30T14:19:27Z,2026-06-30T14:19:27Z
POST,/auth/login [setup],"ConnectTimeoutError(<HTTPSConnection(host='tneapredictor-production.up.railway.app', port=443) at 0x1fbe1a4d090>, 'Connection to tneapredictor-production.up.railway.app timed out. (connect timeout=None)')",1,2026-06-30T14:19:04Z,2026-06-30T14:19:04Z
POST,/auth/login [setup],"ConnectTimeoutError(<HTTPSConnection(host='tneapredictor-production.up.railway.app', port=443) at 0x1fbf5ccb4d0>, 'Connection to tneapredictor-production.up.railway.app timed out. (connect timeout=None)')",1,2026-06-30T14:19:05Z,2026-06-30T14:19:05Z
POST,/auth/login [setup],"ConnectTimeoutError(<HTTPSConnection(host='tneapredictor-production.up.railway.app', port=443) at 0x1fb98df4910>, 'Connection to tneapredictor-production.up.railway.app timed out. (connect timeout=None)')",1,2026-06-30T14:19:28Z,2026-06-30T14:19:28Z
POST,/auth/login [setup],"ConnectTimeoutError(<HTTPSConnection(host='tneapredictor-production.up.railway.app', port=443) at 0x1fb95ce5f90>, 'Connection to tneapredictor-production.up.railway.app timed out. (connect timeout=None)')",1,2026-06-30T14:19:28Z,2026-06-30T14:19:28Z
POST,/auth/login [setup],"ConnectTimeoutError(<HTTPSConnection(host='tneapredictor-production.up.railway.app', port=443) at 0x1fb991b79d0>, 'Connection to tneapredictor-production.up.railway.app timed out. (connect timeout=None)')",1,2026-06-30T14:19:28Z,2026-06-30T14:19:28Z
POST,/payment/create-order,"ConnectTimeoutError(<HTTPSConnection(host='tneapredictor-production.up.railway.app', port=443) at 0x1fb84b94190>, 'Connection to tneapredictor-production.up.railway.app timed out. (connect timeout=None)')",1,2026-06-30T14:19:28Z,2026-06-30T14:19:28Z
POST,/auth/login [setup],"ConnectTimeoutError(<HTTPSConnection(host='tneapredictor-production.up.railway.app', port=443) at 0x1fb91aaa490>, 'Connection to tneapredictor-production.up.railway.app timed out. (connect timeout=None)')",1,2026-06-30T14:19:27Z,2026-06-30T14:19:27Z
POST,/auth/login [setup],"ConnectTimeoutError(<HTTPSConnection(host='tneapredictor-production.up.railway.app', port=443) at 0x1fb989ee490>, 'Connection to tneapredictor-production.up.railway.app timed out. (connect timeout=None)')",1,2026-06-30T14:19:28Z,2026-06-30T14:19:28Z
POST,/auth/login [setup],"ConnectTimeoutError(<HTTPSConnection(host='tneapredictor-production.up.railway.app', port=443) at 0x1fb909e7d90>, 'Connection to tneapredictor-production.up.railway.app timed out. (connect timeout=None)')",1,2026-06-30T14:19:26Z,2026-06-30T14:19:26Z
GET,/auth/me,"ConnectTimeoutError(<HTTPSConnection(host='tneapredictor-production.up.railway.app', port=443) at 0x1fb91a25a90>, 'Connection to tneapredictor-production.up.railway.app timed out. (connect timeout=None)')",1,2026-06-30T14:19:42Z,2026-06-30T14:19:42Z
POST,/auth/login [setup],"ConnectTimeoutError(<HTTPSConnection(host='tneapredictor-production.up.railway.app', port=443) at 0x1fbfcc9f610>, 'Connection to tneapredictor-production.up.railway.app timed out. (connect timeout=None)')",1,2026-06-30T14:19:07Z,2026-06-30T14:19:07Z
GET,/auth/me,"ConnectTimeoutError(<HTTPSConnection(host='tneapredictor-production.up.railway.app', port=443) at 0x1fb8b732850>, 'Connection to tneapredictor-production.up.railway.app timed out. (connect timeout=None)')",1,2026-06-30T14:19:42Z,2026-06-30T14:19:42Z
POST,/auth/login [setup],"ConnectTimeoutError(<HTTPSConnection(host='tneapredictor-production.up.railway.app', port=443) at 0x1fbf3add810>, 'Connection to tneapredictor-production.up.railway.app timed out. (connect timeout=None)')",1,2026-06-30T14:19:05Z,2026-06-30T14:19:05Z
POST,/auth/login [setup],"ConnectTimeoutError(<HTTPSConnection(host='tneapredictor-production.up.railway.app', port=443) at 0x1fbe22c1a90>, 'Connection to tneapredictor-production.up.railway.app timed out. (connect timeout=None)')",1,2026-06-30T14:19:04Z,2026-06-30T14:19:04Z
GET,/auth/me,"ConnectTimeoutError(<HTTPSConnection(host='tneapredictor-production.up.railway.app', port=443) at 0x1fb88df16d0>, 'Connection to tneapredictor-production.up.railway.app timed out. (connect timeout=None)')",1,2026-06-30T14:19:42Z,2026-06-30T14:19:42Z
POST,/auth/login [setup],"ConnectTimeoutError(<HTTPSConnection(host='tneapredictor-production.up.railway.app', port=443) at 0x1fb9a6a9bd0>, 'Connection to tneapredictor-production.up.railway.app timed out. (connect timeout=None)')",1,2026-06-30T14:19:28Z,2026-06-30T14:19:28Z
POST,/predict/colleges [auth],"ConnectTimeoutError(<HTTPSConnection(host='tneapredictor-production.up.railway.app', port=443) at 0x1fb86538550>, 'Connection to tneapredictor-production.up.railway.app timed out. (connect timeout=None)')",1,2026-06-30T14:19:44Z,2026-06-30T14:19:44Z
POST,/auth/login [setup],"ConnectTimeoutError(<HTTPSConnection(host='tneapredictor-production.up.railway.app', port=443) at 0x1fb93f5d090>, 'Connection to tneapredictor-production.up.railway.app timed out. (connect timeout=None)')",1,2026-06-30T14:19:27Z,2026-06-30T14:19:27Z
POST,/auth/login [setup],"ConnectTimeoutError(<HTTPSConnection(host='tneapredictor-production.up.railway.app', port=443) at 0x1fb98df5f90>, 'Connection to tneapredictor-production.up.railway.app timed out. (connect timeout=None)')",1,2026-06-30T14:19:28Z,2026-06-30T14:19:28Z
POST,/payment/create-order,"ConnectTimeoutError(<HTTPSConnection(host='tneapredictor-production.up.railway.app', port=443) at 0x1fb90107890>, 'Connection to tneapredictor-production.up.railway.app timed out. (connect timeout=None)')",1,2026-06-30T14:19:41Z,2026-06-30T14:19:41Z
POST,/auth/login [setup],"ConnectTimeoutError(<HTTPSConnection(host='tneapredictor-production.up.railway.app', port=443) at 0x1fb94c6f750>, 'Connection to tneapredictor-production.up.railway.app timed out. (connect timeout=None)')",1,2026-06-30T14:19:27Z,2026-06-30T14:19:27Z
POST,/predict/colleges [auth],"ConnectTimeoutError(<HTTPSConnection(host='tneapredictor-production.up.railway.app', port=443) at 0x1fb85042350>, 'Connection to tneapredictor-production.up.railway.app timed out. (connect timeout=None)')",1,2026-06-30T14:19:45Z,2026-06-30T14:19:45Z
POST,/auth/login [setup],"ConnectTimeoutError(<HTTPSConnection(host='tneapredictor-production.up.railway.app', port=443) at 0x1fb847e4410>, 'Connection to tneapredictor-production.up.railway.app timed out. (connect timeout=None)')",1,2026-06-30T14:19:18Z,2026-06-30T14:19:18Z
POST,/auth/login [setup],"ConnectTimeoutError(<HTTPSConnection(host='tneapredictor-production.up.railway.app', port=443) at 0x1fb8dcd6e90>, 'Connection to tneapredictor-production.up.railway.app timed out. (connect timeout=None)')",1,2026-06-30T14:19:21Z,2026-06-30T14:19:21Z
POST,/auth/login [setup],"ConnectTimeoutError(<HTTPSConnection(host='tneapredictor-production.up.railway.app', port=443) at 0x1fb995e3750>, 'Connection to tneapredictor-production.up.railway.app timed out. (connect timeout=None)')",1,2026-06-30T14:19:28Z,2026-06-30T14:19:28Z
POST,/auth/login [setup],"ConnectTimeoutError(<HTTPSConnection(host='tneapredictor-production.up.railway.app', port=443) at 0x1fb96517890>, 'Connection to tneapredictor-production.up.railway.app timed out. (connect timeout=None)')",1,2026-06-30T14:19:28Z,2026-06-30T14:19:28Z
POST,/auth/login [setup],"ConnectTimeoutError(<HTTPSConnection(host='tneapredictor-production.up.railway.app', port=443) at 0x1fb91a26d50>, 'Connection to tneapredictor-production.up.railway.app timed out. (connect timeout=None)')",1,2026-06-30T14:19:27Z,2026-06-30T14:19:27Z
POST,/auth/login [setup],"ConnectTimeoutError(<HTTPSConnection(host='tneapredictor-production.up.railway.app', port=443) at 0x1fb99662c10>, 'Connection to tneapredictor-production.up.railway.app timed out. (connect timeout=None)')",1,2026-06-30T14:19:28Z,2026-06-30T14:19:28Z
POST,/predict/colleges [premium],"ConnectTimeoutError(<HTTPSConnection(host='tneapredictor-production.up.railway.app', port=443) at 0x1fb94311090>, 'Connection to tneapredictor-production.up.railway.app timed out. (connect timeout=None)')",1,2026-06-30T14:19:42Z,2026-06-30T14:19:42Z
POST,/auth/login [setup],"ConnectTimeoutError(<HTTPSConnection(host='tneapredictor-production.up.railway.app', port=443) at 0x1fb96514410>, 'Connection to tneapredictor-production.up.railway.app timed out. (connect timeout=None)')",1,2026-06-30T14:19:28Z,2026-06-30T14:19:28Z
POST,/auth/login [setup],"ConnectTimeoutError(<HTTPSConnection(host='tneapredictor-production.up.railway.app', port=443) at 0x1fb909656d0>, 'Connection to tneapredictor-production.up.railway.app timed out. (connect timeout=None)')",1,2026-06-30T14:19:23Z,2026-06-30T14:19:23Z
POST,/auth/login [setup],"ConnectTimeoutError(<HTTPSConnection(host='tneapredictor-production.up.railway.app', port=443) at 0x1fb94be9a90>, 'Connection to tneapredictor-production.up.railway.app timed out. (connect timeout=None)')",1,2026-06-30T14:19:27Z,2026-06-30T14:19:27Z
POST,/auth/login [setup],"ConnectTimeoutError(<HTTPSConnection(host='tneapredictor-production.up.railway.app', port=443) at 0x1fb95ce6710>, 'Connection to tneapredictor-production.up.railway.app timed out. (connect timeout=None)')",1,2026-06-30T14:19:28Z,2026-06-30T14:19:28Z
POST,/auth/login [setup],"ConnectTimeoutError(<HTTPSConnection(host='tneapredictor-production.up.railway.app', port=443) at 0x1fb985b5810>, 'Connection to tneapredictor-production.up.railway.app timed out. (connect timeout=None)')",1,2026-06-30T14:19:28Z,2026-06-30T14:19:28Z
POST,/auth/login [setup],"ConnectTimeoutError(<HTTPSConnection(host='tneapredictor-production.up.railway.app', port=443) at 0x1fbf5cca850>, 'Connection to tneapredictor-production.up.railway.app timed out. (connect timeout=None)')",1,2026-06-30T14:19:05Z,2026-06-30T14:19:05Z
POST,/predict/colleges [premium],"ConnectTimeoutError(<HTTPSConnection(host='tneapredictor-production.up.railway.app', port=443) at 0x1fbefd84190>, 'Connection to tneapredictor-production.up.railway.app timed out. (connect timeout=None)')",1,2026-06-30T14:19:40Z,2026-06-30T14:19:40Z
POST,/auth/login [setup],"ConnectTimeoutError(<HTTPSConnection(host='tneapredictor-production.up.railway.app', port=443) at 0x1fb91ed1590>, 'Connection to tneapredictor-production.up.railway.app timed out. (connect timeout=None)')",1,2026-06-30T14:19:27Z,2026-06-30T14:19:27Z
POST,/auth/login [setup],"ConnectTimeoutError(<HTTPSConnection(host='tneapredictor-production.up.railway.app', port=443) at 0x1fb93f5f110>, 'Connection to tneapredictor-production.up.railway.app timed out. (connect timeout=None)')",1,2026-06-30T14:19:27Z,2026-06-30T14:19:27Z
POST,/auth/login [setup],"ConnectTimeoutError(<HTTPSConnection(host='tneapredictor-production.up.railway.app', port=443) at 0x1fb9a2f5590>, 'Connection to tneapredictor-production.up.railway.app timed out. (connect timeout=None)')",1,2026-06-30T14:19:28Z,2026-06-30T14:19:28Z
POST,/auth/login [setup],"ConnectTimeoutError(<HTTPSConnection(host='tneapredictor-production.up.railway.app', port=443) at 0x1fb99228910>, 'Connection to tneapredictor-production.up.railway.app timed out. (connect timeout=None)')",1,2026-06-30T14:19:28Z,2026-06-30T14:19:28Z
POST,/auth/login [setup],"ConnectTimeoutError(<HTTPSConnection(host='tneapredictor-production.up.railway.app', port=443) at 0x1fb98185810>, 'Connection to tneapredictor-production.up.railway.app timed out. (connect timeout=None)')",1,2026-06-30T14:19:28Z,2026-06-30T14:19:28Z
POST,/auth/login [setup],"ConnectTimeoutError(<HTTPSConnection(host='tneapredictor-production.up.railway.app', port=443) at 0x1fb8d032210>, 'Connection to tneapredictor-production.up.railway.app timed out. (connect timeout=None)')",1,2026-06-30T14:19:21Z,2026-06-30T14:19:21Z
POST,/predict/colleges [auth],"ConnectTimeoutError(<HTTPSConnection(host='tneapredictor-production.up.railway.app', port=443) at 0x1fb86539e50>, 'Connection to tneapredictor-production.up.railway.app timed out. (connect timeout=None)')",1,2026-06-30T14:19:44Z,2026-06-30T14:19:44Z
POST,/auth/login [setup],"ConnectTimeoutError(<HTTPSConnection(host='tneapredictor-production.up.railway.app', port=443) at 0x1fb947d0910>, 'Connection to tneapredictor-production.up.railway.app timed out. (connect timeout=None)')",1,2026-06-30T14:19:27Z,2026-06-30T14:19:27Z
POST,/auth/login [setup],"ConnectTimeoutError(<HTTPSConnection(host='tneapredictor-production.up.railway.app', port=443) at 0x1fb91ed3610>, 'Connection to tneapredictor-production.up.railway.app timed out. (connect timeout=None)')",1,2026-06-30T14:19:27Z,2026-06-30T14:19:27Z
POST,/auth/login [setup],"ConnectTimeoutError(<HTTPSConnection(host='tneapredictor-production.up.railway.app', port=443) at 0x1fb9922a990>, 'Connection to tneapredictor-production.up.railway.app timed out. (connect timeout=None)')",1,2026-06-30T14:19:28Z,2026-06-30T14:19:28Z
POST,/auth/login [setup],"ConnectTimeoutError(<HTTPSConnection(host='tneapredictor-production.up.railway.app', port=443) at 0x1fb94beb610>, 'Connection to tneapredictor-production.up.railway.app timed out. (connect timeout=None)')",1,2026-06-30T14:19:27Z,2026-06-30T14:19:27Z
POST,/auth/login [setup],"ConnectTimeoutError(<HTTPSConnection(host='tneapredictor-production.up.railway.app', port=443) at 0x1fb97cc3c50>, 'Connection to tneapredictor-production.up.railway.app timed out. (connect timeout=None)')",1,2026-06-30T14:19:28Z,2026-06-30T14:19:28Z
POST,/auth/login [setup],"ConnectTimeoutError(<HTTPSConnection(host='tneapredictor-production.up.railway.app', port=443) at 0x1fb991b51d0>, 'Connection to tneapredictor-production.up.railway.app timed out. (connect timeout=None)')",1,2026-06-30T14:19:28Z,2026-06-30T14:19:28Z
POST,/auth/login [setup],"ConnectTimeoutError(<HTTPSConnection(host='tneapredictor-production.up.railway.app', port=443) at 0x1fb8f8a0a50>, 'Connection to tneapredictor-production.up.railway.app timed out. (connect timeout=None)')",1,2026-06-30T14:19:21Z,2026-06-30T14:19:21Z
POST,/auth/login [setup],"ConnectTimeoutError(<HTTPSConnection(host='tneapredictor-production.up.railway.app', port=443) at 0x1fb92300910>, 'Connection to tneapredictor-production.up.railway.app timed out. (connect timeout=None)')",1,2026-06-30T14:19:27Z,2026-06-30T14:19:27Z
GET,/auth/me,"ConnectTimeoutError(<HTTPSConnection(host='tneapredictor-production.up.railway.app', port=443) at 0x1fb89e5b110>, 'Connection to tneapredictor-production.up.railway.app timed out. (connect timeout=None)')",1,2026-06-30T14:19:42Z,2026-06-30T14:19:42Z
POST,/auth/login [setup],"ConnectTimeoutError(<HTTPSConnection(host='tneapredictor-production.up.railway.app', port=443) at 0x1fb90e16490>, 'Connection to tneapredictor-production.up.railway.app timed out. (connect timeout=None)')",1,2026-06-30T14:19:26Z,2026-06-30T14:19:26Z
POST,/auth/login [setup],"ConnectTimeoutError(<HTTPSConnection(host='tneapredictor-production.up.railway.app', port=443) at 0x1fb8f998cd0>, 'Connection to tneapredictor-production.up.railway.app timed out. (connect timeout=None)')",1,2026-06-30T14:19:21Z,2026-06-30T14:19:21Z
POST,/auth/login [setup],"ConnectTimeoutError(<HTTPSConnection(host='tneapredictor-production.up.railway.app', port=443) at 0x1fb99a12d50>, 'Connection to tneapredictor-production.up.railway.app timed out. (connect timeout=None)')",1,2026-06-30T14:19:28Z,2026-06-30T14:19:28Z
POST,/auth/login [setup],"ConnectTimeoutError(<HTTPSConnection(host='tneapredictor-production.up.railway.app', port=443) at 0x1fb8d90e5d0>, 'Connection to tneapredictor-production.up.railway.app timed out. (connect timeout=None)')",1,2026-06-30T14:19:21Z,2026-06-30T14:19:21Z
POST,/auth/login [setup],"ConnectTimeoutError(<HTTPSConnection(host='tneapredictor-production.up.railway.app', port=443) at 0x1fb9502d090>, 'Connection to tneapredictor-production.up.railway.app timed out. (connect timeout=None)')",1,2026-06-30T14:19:27Z,2026-06-30T14:19:27Z
POST,/auth/login [setup],"ConnectTimeoutError(<HTTPSConnection(host='tneapredictor-production.up.railway.app', port=443) at 0x1fb90e16710>, 'Connection to tneapredictor-production.up.railway.app timed out. (connect timeout=None)')",1,2026-06-30T14:19:26Z,2026-06-30T14:19:26Z
POST,/auth/login [setup],"ConnectTimeoutError(<HTTPSConnection(host='tneapredictor-production.up.railway.app', port=443) at 0x1fb96498cd0>, 'Connection to tneapredictor-production.up.railway.app timed out. (connect timeout=None)')",1,2026-06-30T14:19:28Z,2026-06-30T14:19:28Z
POST,/auth/login [setup],"ConnectTimeoutError(<HTTPSConnection(host='tneapredictor-production.up.railway.app', port=443) at 0x1fb96499450>, 'Connection to tneapredictor-production.up.railway.app timed out. (connect timeout=None)')",1,2026-06-30T14:19:28Z,2026-06-30T14:19:28Z
POST,/auth/login [setup],"ConnectTimeoutError(<HTTPSConnection(host='tneapredictor-production.up.railway.app', port=443) at 0x1fb9a6ab4d0>, 'Connection to tneapredictor-production.up.railway.app timed out. (connect timeout=None)')",1,2026-06-30T14:19:28Z,2026-06-30T14:19:28Z
GET,/auth/me,"ConnectTimeoutError(<HTTPSConnection(host='tneapredictor-production.up.railway.app', port=443) at 0x1fb8cfb4690>, 'Connection to tneapredictor-production.up.railway.app timed out. (connect timeout=None)')",1,2026-06-30T14:19:40Z,2026-06-30T14:19:40Z
POST,/auth/login [setup],"ConnectTimeoutError(<HTTPSConnection(host='tneapredictor-production.up.railway.app', port=443) at 0x1fb98187390>, 'Connection to tneapredictor-production.up.railway.app timed out. (connect timeout=None)')",1,2026-06-30T14:19:28Z,2026-06-30T14:19:28Z
POST,/auth/login [setup],"ConnectTimeoutError(<HTTPSConnection(host='tneapredictor-production.up.railway.app', port=443) at 0x1fb958f7c50>, 'Connection to tneapredictor-production.up.railway.app timed out. (connect timeout=None)')",1,2026-06-30T14:19:28Z,2026-06-30T14:19:28Z
GET,/auth/me,"ConnectTimeoutError(<HTTPSConnection(host='tneapredictor-production.up.railway.app', port=443) at 0x1fb9a71b9d0>, 'Connection to tneapredictor-production.up.railway.app timed out. (connect timeout=None)')",1,2026-06-30T14:19:49Z,2026-06-30T14:19:49Z
POST,/predict/colleges [premium],"ConnectTimeoutError(<HTTPSConnection(host='tneapredictor-production.up.railway.app', port=443) at 0x1fbe9611950>, 'Connection to tneapredictor-production.up.railway.app timed out. (connect timeout=None)')",1,2026-06-30T14:19:40Z,2026-06-30T14:19:40Z
POST,/auth/login [setup],"ConnectTimeoutError(<HTTPSConnection(host='tneapredictor-production.up.railway.app', port=443) at 0x1fb895fb750>, 'Connection to tneapredictor-production.up.railway.app timed out. (connect timeout=None)')",1,2026-06-30T14:19:20Z,2026-06-30T14:19:20Z
POST,/auth/update-profile,"ConnectTimeoutError(<HTTPSConnection(host='tneapredictor-production.up.railway.app', port=443) at 0x1fb8c74ae90>, 'Connection to tneapredictor-production.up.railway.app timed out. (connect timeout=None)')",1,2026-06-30T14:19:42Z,2026-06-30T14:19:42Z
POST,/auth/login [setup],"ConnectTimeoutError(<HTTPSConnection(host='tneapredictor-production.up.railway.app', port=443) at 0x1fb926b02d0>, 'Connection to tneapredictor-production.up.railway.app timed out. (connect timeout=None)')",1,2026-06-30T14:19:27Z,2026-06-30T14:19:27Z
POST,/auth/update-profile,"ConnectTimeoutError(<HTTPSConnection(host='tneapredictor-production.up.railway.app', port=443) at 0x1fb94bea0d0>, 'Connection to tneapredictor-production.up.railway.app timed out. (connect timeout=None)')",1,2026-06-30T14:19:42Z,2026-06-30T14:19:42Z
POST,/auth/login [setup],"ConnectTimeoutError(<HTTPSConnection(host='tneapredictor-production.up.railway.app', port=443) at 0x1fb978fa210>, 'Connection to tneapredictor-production.up.railway.app timed out. (connect timeout=None)')",1,2026-06-30T14:19:28Z,2026-06-30T14:19:28Z
POST,/payment/create-order,"ConnectTimeoutError(<HTTPSConnection(host='tneapredictor-production.up.railway.app', port=443) at 0x1fb83b2f250>, 'Connection to tneapredictor-production.up.railway.app timed out. (connect timeout=None)')",1,2026-06-30T14:19:40Z,2026-06-30T14:19:40Z
POST,/auth/login [setup],"ConnectTimeoutError(<HTTPSConnection(host='tneapredictor-production.up.railway.app', port=443) at 0x1fb97d44410>, 'Connection to tneapredictor-production.up.railway.app timed out. (connect timeout=None)')",1,2026-06-30T14:19:28Z,2026-06-30T14:19:28Z
POST,/auth/login [setup],"ConnectTimeoutError(<HTTPSConnection(host='tneapredictor-production.up.railway.app', port=443) at 0x1fb94c6d6d0>, 'Connection to tneapredictor-production.up.railway.app timed out. (connect timeout=None)')",1,2026-06-30T14:19:27Z,2026-06-30T14:19:27Z
POST,/payment/create-order,"ConnectTimeoutError(<HTTPSConnection(host='tneapredictor-production.up.railway.app', port=443) at 0x1fb93b196d0>, 'Connection to tneapredictor-production.up.railway.app timed out. (connect timeout=None)')",1,2026-06-30T14:19:42Z,2026-06-30T14:19:42Z
POST,/auth/login [setup],"ConnectTimeoutError(<HTTPSConnection(host='tneapredictor-production.up.railway.app', port=443) at 0x1fb8547c690>, 'Connection to tneapredictor-production.up.railway.app timed out. (connect timeout=None)')",1,2026-06-30T14:19:18Z,2026-06-30T14:19:18Z
POST,/auth/update-profile,"ConnectTimeoutError(<HTTPSConnection(host='tneapredictor-production.up.railway.app', port=443) at 0x1fb8e4aae90>, 'Connection to tneapredictor-production.up.railway.app timed out. (connect timeout=None)')",1,2026-06-30T14:19:42Z,2026-06-30T14:19:42Z
GET,/auth/me,"ConnectTimeoutError(<HTTPSConnection(host='tneapredictor-production.up.railway.app', port=443) at 0x1fb8547d950>, 'Connection to tneapredictor-production.up.railway.app timed out. (connect timeout=None)')",1,2026-06-30T14:19:44Z,2026-06-30T14:19:44Z
POST,/predict/colleges [premium],"ConnectTimeoutError(<HTTPSConnection(host='tneapredictor-production.up.railway.app', port=443) at 0x1fb83aba210>, 'Connection to tneapredictor-production.up.railway.app timed out. (connect timeout=None)')",1,2026-06-30T14:19:40Z,2026-06-30T14:19:40Z
POST,/auth/login [setup],"ConnectTimeoutError(<HTTPSConnection(host='tneapredictor-production.up.railway.app', port=443) at 0x1fbe4ba4910>, 'Connection to tneapredictor-production.up.railway.app timed out. (connect timeout=None)')",1,2026-06-30T14:19:04Z,2026-06-30T14:19:04Z
POST,/predict/colleges [premium],"ConnectTimeoutError(<HTTPSConnection(host='tneapredictor-production.up.railway.app', port=443) at 0x1fb8793c050>, 'Connection to tneapredictor-production.up.railway.app timed out. (connect timeout=None)')",1,2026-06-30T14:19:41Z,2026-06-30T14:19:41Z
POST,/auth/login [setup],"ConnectTimeoutError(<HTTPSConnection(host='tneapredictor-production.up.railway.app', port=443) at 0x1fb964991d0>, 'Connection to tneapredictor-production.up.railway.app timed out. (connect timeout=None)')",1,2026-06-30T14:19:28Z,2026-06-30T14:19:28Z
POST,/auth/login [setup],"ConnectTimeoutError(<HTTPSConnection(host='tneapredictor-production.up.railway.app', port=443) at 0x1fb90107ed0>, 'Connection to tneapredictor-production.up.railway.app timed out. (connect timeout=None)')",1,2026-06-30T14:19:21Z,2026-06-30T14:19:21Z
POST,/auth/login [setup],"ConnectTimeoutError(<HTTPSConnection(host='tneapredictor-production.up.railway.app', port=443) at 0x1fbf3addd10>, 'Connection to tneapredictor-production.up.railway.app timed out. (connect timeout=None)')",1,2026-06-30T14:19:05Z,2026-06-30T14:19:05Z
POST,/auth/login [setup],"ConnectTimeoutError(<HTTPSConnection(host='tneapredictor-production.up.railway.app', port=443) at 0x1fb94b72fd0>, 'Connection to tneapredictor-production.up.railway.app timed out. (connect timeout=None)')",1,2026-06-30T14:19:27Z,2026-06-30T14:19:27Z
POST,/auth/login [setup],"ConnectTimeoutError(<HTTPSConnection(host='tneapredictor-production.up.railway.app', port=443) at 0x1fb94390910>, 'Connection to tneapredictor-production.up.railway.app timed out. (connect timeout=None)')",1,2026-06-30T14:19:27Z,2026-06-30T14:19:27Z
POST,/auth/login [setup],"ConnectTimeoutError(<HTTPSConnection(host='tneapredictor-production.up.railway.app', port=443) at 0x1fb98df5810>, 'Connection to tneapredictor-production.up.railway.app timed out. (connect timeout=None)')",1,2026-06-30T14:19:28Z,2026-06-30T14:19:28Z
POST,/auth/login [setup],"ConnectTimeoutError(<HTTPSConnection(host='tneapredictor-production.up.railway.app', port=443) at 0x1fbf47f6ad0>, 'Connection to tneapredictor-production.up.railway.app timed out. (connect timeout=None)')",1,2026-06-30T14:19:05Z,2026-06-30T14:19:05Z
POST,/predict/colleges [premium],"ConnectTimeoutError(<HTTPSConnection(host='tneapredictor-production.up.railway.app', port=443) at 0x1fb9017f9d0>, 'Connection to tneapredictor-production.up.railway.app timed out. (connect timeout=None)')",1,2026-06-30T14:19:25Z,2026-06-30T14:19:25Z
POST,/predict/colleges [premium],"ConnectTimeoutError(<HTTPSConnection(host='tneapredictor-production.up.railway.app', port=443) at 0x1fb84c10050>, 'Connection to tneapredictor-production.up.railway.app timed out. (connect timeout=None)')",1,2026-06-30T14:19:41Z,2026-06-30T14:19:41Z
POST,/auth/login [setup],"ConnectTimeoutError(<HTTPSConnection(host='tneapredictor-production.up.railway.app', port=443) at 0x1fb92284a50>, 'Connection to tneapredictor-production.up.railway.app timed out. (connect timeout=None)')",1,2026-06-30T14:19:27Z,2026-06-30T14:19:27Z
POST,/auth/login [setup],"ConnectTimeoutError(<HTTPSConnection(host='tneapredictor-production.up.railway.app', port=443) at 0x1fb9502da90>, 'Connection to tneapredictor-production.up.railway.app timed out. (connect timeout=None)')",1,2026-06-30T14:19:27Z,2026-06-30T14:19:27Z
POST,/auth/login [setup],"ConnectTimeoutError(<HTTPSConnection(host='tneapredictor-production.up.railway.app', port=443) at 0x1fb90e16210>, 'Connection to tneapredictor-production.up.railway.app timed out. (connect timeout=None)')",1,2026-06-30T14:19:26Z,2026-06-30T14:19:26Z
POST,/auth/login [setup],"ConnectTimeoutError(<HTTPSConnection(host='tneapredictor-production.up.railway.app', port=443) at 0x1fb99e40550>, 'Connection to tneapredictor-production.up.railway.app timed out. (connect timeout=None)')",1,2026-06-30T14:19:28Z,2026-06-30T14:19:28Z
POST,/predict/colleges [premium],"ConnectTimeoutError(<HTTPSConnection(host='tneapredictor-production.up.railway.app', port=443) at 0x1fb8547c550>, 'Connection to tneapredictor-production.up.railway.app timed out. (connect timeout=None)')",1,2026-06-30T14:19:43Z,2026-06-30T14:19:43Z
POST,/auth/login [setup],"ConnectTimeoutError(<HTTPSConnection(host='tneapredictor-production.up.railway.app', port=443) at 0x1fbe899e490>, 'Connection to tneapredictor-production.up.railway.app timed out. (connect timeout=None)')",1,2026-06-30T14:19:04Z,2026-06-30T14:19:04Z
POST,/auth/login [setup],"ConnectTimeoutError(<HTTPSConnection(host='tneapredictor-production.up.railway.app', port=443) at 0x1fb92301d10>, 'Connection to tneapredictor-production.up.railway.app timed out. (connect timeout=None)')",1,2026-06-30T14:19:27Z,2026-06-30T14:19:27Z
POST,/auth/login [setup],"ConnectTimeoutError(<HTTPSConnection(host='tneapredictor-production.up.railway.app', port=443) at 0x1fb8c3b1a90>, 'Connection to tneapredictor-production.up.railway.app timed out. (connect timeout=None)')",1,2026-06-30T14:19:20Z,2026-06-30T14:19:20Z
POST,/auth/login [setup],"ConnectTimeoutError(<HTTPSConnection(host='tneapredictor-production.up.railway.app', port=443) at 0x1fb991b56d0>, 'Connection to tneapredictor-production.up.railway.app timed out. (connect timeout=None)')",1,2026-06-30T14:19:28Z,2026-06-30T14:19:28Z
POST,/auth/login [setup],"ConnectTimeoutError(<HTTPSConnection(host='tneapredictor-production.up.railway.app', port=443) at 0x1fb981fa350>, 'Connection to tneapredictor-production.up.railway.app timed out. (connect timeout=None)')",1,2026-06-30T14:19:28Z,2026-06-30T14:19:28Z
POST,/auth/login [setup],"ConnectTimeoutError(<HTTPSConnection(host='tneapredictor-production.up.railway.app', port=443) at 0x1fb99a10a50>, 'Connection to tneapredictor-production.up.railway.app timed out. (connect timeout=None)')",1,2026-06-30T14:19:28Z,2026-06-30T14:19:28Z
POST,/payment/create-order,"ConnectTimeoutError(<HTTPSConnection(host='tneapredictor-production.up.railway.app', port=443) at 0x1fbf4c9dbd0>, 'Connection to tneapredictor-production.up.railway.app timed out. (connect timeout=None)')",1,2026-06-30T14:19:40Z,2026-06-30T14:19:40Z
POST,/auth/login [setup],"ConnectTimeoutError(<HTTPSConnection(host='tneapredictor-production.up.railway.app', port=443) at 0x1fb9a6a91d0>, 'Connection to tneapredictor-production.up.railway.app timed out. (connect timeout=None)')",1,2026-06-30T14:19:28Z,2026-06-30T14:19:28Z
POST,/auth/login [setup],"ConnectTimeoutError(<HTTPSConnection(host='tneapredictor-production.up.railway.app', port=443) at 0x1fb93ee8f50>, 'Connection to tneapredictor-production.up.railway.app timed out. (connect timeout=None)')",1,2026-06-30T14:19:27Z,2026-06-30T14:19:27Z
POST,/payment/create-order,"ConnectTimeoutError(<HTTPSConnection(host='tneapredictor-production.up.railway.app', port=443) at 0x1fb8c7bd450>, 'Connection to tneapredictor-production.up.railway.app timed out. (connect timeout=None)')",1,2026-06-30T14:19:41Z,2026-06-30T14:19:41Z
POST,/predict/colleges [premium],"ConnectTimeoutError(<HTTPSConnection(host='tneapredictor-production.up.railway.app', port=443) at 0x1fb94312c10>, 'Connection to tneapredictor-production.up.railway.app timed out. (connect timeout=None)')",1,2026-06-30T14:19:28Z,2026-06-30T14:19:28Z
POST,/predict/colleges [premium],"ConnectTimeoutError(<HTTPSConnection(host='tneapredictor-production.up.railway.app', port=443) at 0x1fb8d030f50>, 'Connection to tneapredictor-production.up.railway.app timed out. (connect timeout=None)')",1,2026-06-30T14:19:40Z,2026-06-30T14:19:40Z
POST,/auth/login [setup],"ConnectTimeoutError(<HTTPSConnection(host='tneapredictor-production.up.railway.app', port=443) at 0x1fb912cc2d0>, 'Connection to tneapredictor-production.up.railway.app timed out. (connect timeout=None)')",1,2026-06-30T14:19:27Z,2026-06-30T14:19:27Z
POST,/auth/login [setup],"ConnectTimeoutError(<HTTPSConnection(host='tneapredictor-production.up.railway.app', port=443) at 0x1fb8a314190>, 'Connection to tneapredictor-production.up.railway.app timed out. (connect timeout=None)')",1,2026-06-30T14:19:20Z,2026-06-30T14:19:20Z
POST,/auth/login [setup],"ConnectTimeoutError(<HTTPSConnection(host='tneapredictor-production.up.railway.app', port=443) at 0x1fb8fd71090>, 'Connection to tneapredictor-production.up.railway.app timed out. (connect timeout=None)')",1,2026-06-30T14:19:21Z,2026-06-30T14:19:21Z
POST,/auth/login [setup],"ConnectTimeoutError(<HTTPSConnection(host='tneapredictor-production.up.railway.app', port=443) at 0x1fbf5815590>, 'Connection to tneapredictor-production.up.railway.app timed out. (connect timeout=None)')",1,2026-06-30T14:19:05Z,2026-06-30T14:19:05Z
POST,/auth/login [setup],"ConnectTimeoutError(<HTTPSConnection(host='tneapredictor-production.up.railway.app', port=443) at 0x1fb99f3b9d0>, 'Connection to tneapredictor-production.up.railway.app timed out. (connect timeout=None)')",1,2026-06-30T14:19:28Z,2026-06-30T14:19:28Z
POST,/auth/login [setup],"ConnectTimeoutError(<HTTPSConnection(host='tneapredictor-production.up.railway.app', port=443) at 0x1fb99ec4b90>, 'Connection to tneapredictor-production.up.railway.app timed out. (connect timeout=None)')",1,2026-06-30T14:19:28Z,2026-06-30T14:19:28Z
POST,/auth/login [setup],"ConnectTimeoutError(<HTTPSConnection(host='tneapredictor-production.up.railway.app', port=443) at 0x1fbf16abed0>, 'Connection to tneapredictor-production.up.railway.app timed out. (connect timeout=None)')",1,2026-06-30T14:19:05Z,2026-06-30T14:19:05Z
GET,/auth/me,"ConnectTimeoutError(<HTTPSConnection(host='tneapredictor-production.up.railway.app', port=443) at 0x1fb84b94910>, 'Connection to tneapredictor-production.up.railway.app timed out. (connect timeout=None)')",1,2026-06-30T14:19:42Z,2026-06-30T14:19:42Z
POST,/auth/login [setup],"ConnectTimeoutError(<HTTPSConnection(host='tneapredictor-production.up.railway.app', port=443) at 0x1fb93b19a90>, 'Connection to tneapredictor-production.up.railway.app timed out. (connect timeout=None)')",1,2026-06-30T14:19:27Z,2026-06-30T14:19:27Z
POST,/auth/login [setup],"ConnectTimeoutError(<HTTPSConnection(host='tneapredictor-production.up.railway.app', port=443) at 0x1fb9502fd90>, 'Connection to tneapredictor-production.up.railway.app timed out. (connect timeout=None)')",1,2026-06-30T14:19:27Z,2026-06-30T14:19:27Z
POST,/auth/login [setup],"ConnectTimeoutError(<HTTPSConnection(host='tneapredictor-production.up.railway.app', port=443) at 0x1fb978f9810>, 'Connection to tneapredictor-production.up.railway.app timed out. (connect timeout=None)')",1,2026-06-30T14:19:28Z,2026-06-30T14:19:28Z
POST,/auth/login [setup],"ConnectTimeoutError(<HTTPSConnection(host='tneapredictor-production.up.railway.app', port=443) at 0x1fb958f56d0>, 'Connection to tneapredictor-production.up.railway.app timed out. (connect timeout=None)')",1,2026-06-30T14:19:28Z,2026-06-30T14:19:28Z
POST,/auth/login [setup],"ConnectTimeoutError(<HTTPSConnection(host='tneapredictor-production.up.railway.app', port=443) at 0x1fb89a3a350>, 'Connection to tneapredictor-production.up.railway.app timed out. (connect timeout=None)')",1,2026-06-30T14:19:20Z,2026-06-30T14:19:20Z
POST,/auth/login [setup],"ConnectTimeoutError(<HTTPSConnection(host='tneapredictor-production.up.railway.app', port=443) at 0x1fb960df610>, 'Connection to tneapredictor-production.up.railway.app timed out. (connect timeout=None)')",1,2026-06-30T14:19:28Z,2026-06-30T14:19:28Z
POST,/auth/login [setup],"ConnectTimeoutError(<HTTPSConnection(host='tneapredictor-production.up.railway.app', port=443) at 0x1fb953c39d0>, 'Connection to tneapredictor-production.up.railway.app timed out. (connect timeout=None)')",1,2026-06-30T14:19:27Z,2026-06-30T14:19:27Z
POST,/auth/login [setup],"ConnectTimeoutError(<HTTPSConnection(host='tneapredictor-production.up.railway.app', port=443) at 0x1fb94bea490>, 'Connection to tneapredictor-production.up.railway.app timed out. (connect timeout=None)')",1,2026-06-30T14:19:27Z,2026-06-30T14:19:27Z
POST,/auth/login [setup],"ConnectTimeoutError(<HTTPSConnection(host='tneapredictor-production.up.railway.app', port=443) at 0x1fb91ed2c10>, 'Connection to tneapredictor-production.up.railway.app timed out. (connect timeout=None)')",1,2026-06-30T14:19:27Z,2026-06-30T14:19:27Z
POST,/auth/login [setup],"ConnectTimeoutError(<HTTPSConnection(host='tneapredictor-production.up.railway.app', port=443) at 0x1fb8cc01d10>, 'Connection to tneapredictor-production.up.railway.app timed out. (connect timeout=None)')",1,2026-06-30T14:19:20Z,2026-06-30T14:19:20Z
POST,/predict/colleges [guest],"ConnectTimeoutError(<HTTPSConnection(host='tneapredictor-production.up.railway.app', port=443) at 0x1fb96514f50>, 'Connection to tneapredictor-production.up.railway.app timed out. (connect timeout=None)')",1,2026-06-30T14:19:42Z,2026-06-30T14:19:42Z
POST,/auth/login [setup],"ConnectTimeoutError(<HTTPSConnection(host='tneapredictor-production.up.railway.app', port=443) at 0x1fb89242210>, 'Connection to tneapredictor-production.up.railway.app timed out. (connect timeout=None)')",1,2026-06-30T14:19:20Z,2026-06-30T14:19:20Z
POST,/auth/login [setup],"ConnectTimeoutError(<HTTPSConnection(host='tneapredictor-production.up.railway.app', port=443) at 0x1fbe9f17ed0>, 'Connection to tneapredictor-production.up.railway.app timed out. (connect timeout=None)')",1,2026-06-30T14:19:04Z,2026-06-30T14:19:04Z
POST,/auth/login [setup],"ConnectTimeoutError(<HTTPSConnection(host='tneapredictor-production.up.railway.app', port=443) at 0x1fb91e53750>, 'Connection to tneapredictor-production.up.railway.app timed out. (connect timeout=None)')",1,2026-06-30T14:19:27Z,2026-06-30T14:19:27Z
POST,/auth/login [setup],"ConnectTimeoutError(<HTTPSConnection(host='tneapredictor-production.up.railway.app', port=443) at 0x1fb98186710>, 'Connection to tneapredictor-production.up.railway.app timed out. (connect timeout=None)')",1,2026-06-30T14:19:28Z,2026-06-30T14:19:28Z
POST,/payment/create-order,"ConnectTimeoutError(<HTTPSConnection(host='tneapredictor-production.up.railway.app', port=443) at 0x1fb80e24a50>, 'Connection to tneapredictor-production.up.railway.app timed out. (connect timeout=None)')",1,2026-06-30T14:19:40Z,2026-06-30T14:19:40Z
POST,/auth/login [setup],"ConnectTimeoutError(<HTTPSConnection(host='tneapredictor-production.up.railway.app', port=443) at 0x1fb953c02d0>, 'Connection to tneapredictor-production.up.railway.app timed out. (connect timeout=None)')",1,2026-06-30T14:19:27Z,2026-06-30T14:19:27Z
POST,/auth/login [setup],"ConnectTimeoutError(<HTTPSConnection(host='tneapredictor-production.up.railway.app', port=443) at 0x1fb9a2f7d90>, 'Connection to tneapredictor-production.up.railway.app timed out. (connect timeout=None)')",1,2026-06-30T14:19:28Z,2026-06-30T14:19:28Z
POST,/auth/login [setup],"ConnectTimeoutError(<HTTPSConnection(host='tneapredictor-production.up.railway.app', port=443) at 0x1fb92729810>, 'Connection to tneapredictor-production.up.railway.app timed out. (connect timeout=None)')",1,2026-06-30T14:19:27Z,2026-06-30T14:19:27Z
POST,/predict/colleges [auth],"ConnectTimeoutError(<HTTPSConnection(host='tneapredictor-production.up.railway.app', port=443) at 0x1fb905b3ed0>, 'Connection to tneapredictor-production.up.railway.app timed out. (connect timeout=None)')",1,2026-06-30T14:19:26Z,2026-06-30T14:19:26Z
GET,/auth/me,"ConnectTimeoutError(<HTTPSConnection(host='tneapredictor-production.up.railway.app', port=443) at 0x1fb865af610>, 'Connection to tneapredictor-production.up.railway.app timed out. (connect timeout=None)')",1,2026-06-30T14:19:44Z,2026-06-30T14:19:44Z
POST,/predict/colleges [premium],"ConnectTimeoutError(<HTTPSConnection(host='tneapredictor-production.up.railway.app', port=443) at 0x1fb91a24e10>, 'Connection to tneapredictor-production.up.railway.app timed out. (connect timeout=None)')",1,2026-06-30T14:19:42Z,2026-06-30T14:19:42Z
POST,/auth/login [setup],"ConnectTimeoutError(<HTTPSConnection(host='tneapredictor-production.up.railway.app', port=443) at 0x1fb92284cd0>, 'Connection to tneapredictor-production.up.railway.app timed out. (connect timeout=None)')",1,2026-06-30T14:19:27Z,2026-06-30T14:19:27Z
POST,/auth/login [setup],"ConnectTimeoutError(<HTTPSConnection(host='tneapredictor-production.up.railway.app', port=443) at 0x1fb93eea850>, 'Connection to tneapredictor-production.up.railway.app timed out. (connect timeout=None)')",1,2026-06-30T14:19:27Z,2026-06-30T14:19:27Z
POST,/auth/login [setup],"ConnectTimeoutError(<HTTPSConnection(host='tneapredictor-production.up.railway.app', port=443) at 0x1fb981f8a50>, 'Connection to tneapredictor-production.up.railway.app timed out. (connect timeout=None)')",1,2026-06-30T14:19:28Z,2026-06-30T14:19:28Z
POST,/predict/colleges [premium],"ConnectTimeoutError(<HTTPSConnection(host='tneapredictor-production.up.railway.app', port=443) at 0x1fb8547ed50>, 'Connection to tneapredictor-production.up.railway.app timed out. (connect timeout=None)')",1,2026-06-30T14:19:44Z,2026-06-30T14:19:44Z
GET,/auth/me,"ConnectTimeoutError(<HTTPSConnection(host='tneapredictor-production.up.railway.app', port=443) at 0x1fb8a290690>, 'Connection to tneapredictor-production.up.railway.app timed out. (connect timeout=None)')",1,2026-06-30T14:19:41Z,2026-06-30T14:19:41Z
GET,/auth/me,"ConnectTimeoutError(<HTTPSConnection(host='tneapredictor-production.up.railway.app', port=443) at 0x1fb8f920f50>, 'Connection to tneapredictor-production.up.railway.app timed out. (connect timeout=None)')",1,2026-06-30T14:19:41Z,2026-06-30T14:19:41Z
POST,/predict/colleges [premium],"ConnectTimeoutError(<HTTPSConnection(host='tneapredictor-production.up.railway.app', port=443) at 0x1fb8123e350>, 'Connection to tneapredictor-production.up.railway.app timed out. (connect timeout=None)')",1,2026-06-30T14:19:40Z,2026-06-30T14:19:40Z
POST,/auth/login [setup],"ConnectTimeoutError(<HTTPSConnection(host='tneapredictor-production.up.railway.app', port=443) at 0x1fb9440ed50>, 'Connection to tneapredictor-production.up.railway.app timed out. (connect timeout=None)')",1,2026-06-30T14:19:27Z,2026-06-30T14:19:27Z
POST,/auth/login [setup],"ConnectTimeoutError(<HTTPSConnection(host='tneapredictor-production.up.railway.app', port=443) at 0x1fb93aa87d0>, 'Connection to tneapredictor-production.up.railway.app timed out. (connect timeout=None)')",1,2026-06-30T14:19:27Z,2026-06-30T14:19:27Z
POST,/auth/login [setup],"ConnectTimeoutError(<HTTPSConnection(host='tneapredictor-production.up.railway.app', port=443) at 0x1fb9bb23390>, 'Connection to tneapredictor-production.up.railway.app timed out. (connect timeout=None)')",1,2026-06-30T14:19:28Z,2026-06-30T14:19:28Z
POST,/auth/login [setup],"ConnectTimeoutError(<HTTPSConnection(host='tneapredictor-production.up.railway.app', port=443) at 0x1fb8e515310>, 'Connection to tneapredictor-production.up.railway.app timed out. (connect timeout=None)')",1,2026-06-30T14:19:21Z,2026-06-30T14:19:21Z
POST,/predict/colleges [premium],"ConnectTimeoutError(<HTTPSConnection(host='tneapredictor-production.up.railway.app', port=443) at 0x1fbf4c9cf50>, 'Connection to tneapredictor-production.up.railway.app timed out. (connect timeout=None)')",1,2026-06-30T14:19:40Z,2026-06-30T14:19:40Z
POST,/predict/colleges [premium],"ConnectTimeoutError(<HTTPSConnection(host='tneapredictor-production.up.railway.app', port=443) at 0x1fb84c107d0>, 'Connection to tneapredictor-production.up.railway.app timed out. (connect timeout=None)')",1,2026-06-30T14:19:41Z,2026-06-30T14:19:41Z
POST,/auth/login [setup],"ConnectTimeoutError(<HTTPSConnection(host='tneapredictor-production.up.railway.app', port=443) at 0x1fb989eda90>, 'Connection to tneapredictor-production.up.railway.app timed out. (connect timeout=None)')",1,2026-06-30T14:19:28Z,2026-06-30T14:19:28Z
POST,/auth/login [setup],"ConnectTimeoutError(<HTTPSConnection(host='tneapredictor-production.up.railway.app', port=443) at 0x1fb905b1810>, 'Connection to tneapredictor-production.up.railway.app timed out. (connect timeout=None)')",1,2026-06-30T14:19:22Z,2026-06-30T14:19:22Z
POST,/auth/login [setup],"ConnectTimeoutError(<HTTPSConnection(host='tneapredictor-production.up.railway.app', port=443) at 0x1fb991b60d0>, 'Connection to tneapredictor-production.up.railway.app timed out. (connect timeout=None)')",1,2026-06-30T14:19:28Z,2026-06-30T14:19:28Z
POST,/auth/login [setup],"ConnectTimeoutError(<HTTPSConnection(host='tneapredictor-production.up.railway.app', port=443) at 0x1fb98627ed0>, 'Connection to tneapredictor-production.up.railway.app timed out. (connect timeout=None)')",1,2026-06-30T14:19:28Z,2026-06-30T14:19:28Z
POST,/payment/create-order,"ConnectTimeoutError(<HTTPSConnection(host='tneapredictor-production.up.railway.app', port=443) at 0x1fbff89e710>, 'Connection to tneapredictor-production.up.railway.app timed out. (connect timeout=None)')",1,2026-06-30T14:19:40Z,2026-06-30T14:19:40Z
POST,/auth/update-profile,"ConnectTimeoutError(<HTTPSConnection(host='tneapredictor-production.up.railway.app', port=443) at 0x1fb8b7307d0>, 'Connection to tneapredictor-production.up.railway.app timed out. (connect timeout=None)')",1,2026-06-30T14:19:42Z,2026-06-30T14:19:42Z
POST,/auth/login [setup],"ConnectTimeoutError(<HTTPSConnection(host='tneapredictor-production.up.railway.app', port=443) at 0x1fb981f91d0>, 'Connection to tneapredictor-production.up.railway.app timed out. (connect timeout=None)')",1,2026-06-30T14:19:28Z,2026-06-30T14:19:28Z
GET,/auth/me,"ConnectTimeoutError(<HTTPSConnection(host='tneapredictor-production.up.railway.app', port=443) at 0x1fb8a293610>, 'Connection to tneapredictor-production.up.railway.app timed out. (connect timeout=None)')",1,2026-06-30T14:19:41Z,2026-06-30T14:19:41Z
GET,/auth/me,"ConnectTimeoutError(<HTTPSConnection(host='tneapredictor-production.up.railway.app', port=443) at 0x1fb8c748e10>, 'Connection to tneapredictor-production.up.railway.app timed out. (connect timeout=None)')",1,2026-06-30T14:19:42Z,2026-06-30T14:19:42Z
POST,/predict/colleges [auth],"ConnectTimeoutError(<HTTPSConnection(host='tneapredictor-production.up.railway.app', port=443) at 0x1fb85cd9e50>, 'Connection to tneapredictor-production.up.railway.app timed out. (connect timeout=None)')",1,2026-06-30T14:19:45Z,2026-06-30T14:19:45Z
POST,/auth/login [setup],"ConnectTimeoutError(<HTTPSConnection(host='tneapredictor-production.up.railway.app', port=443) at 0x1fbff917890>, 'Connection to tneapredictor-production.up.railway.app timed out. (connect timeout=None)')",1,2026-06-30T14:19:09Z,2026-06-30T14:19:09Z
POST,/auth/login [setup],"ConnectTimeoutError(<HTTPSConnection(host='tneapredictor-production.up.railway.app', port=443) at 0x1fb95880910>, 'Connection to tneapredictor-production.up.railway.app timed out. (connect timeout=None)')",1,2026-06-30T14:19:27Z,2026-06-30T14:19:27Z
POST,/payment/create-order,"ConnectTimeoutError(<HTTPSConnection(host='tneapredictor-production.up.railway.app', port=443) at 0x1fb8c749a90>, 'Connection to tneapredictor-production.up.railway.app timed out. (connect timeout=None)')",1,2026-06-30T14:19:41Z,2026-06-30T14:19:41Z
POST,/auth/login [setup],"ConnectTimeoutError(<HTTPSConnection(host='tneapredictor-production.up.railway.app', port=443) at 0x1fb9bb20690>, 'Connection to tneapredictor-production.up.railway.app timed out. (connect timeout=None)')",1,2026-06-30T14:19:28Z,2026-06-30T14:19:28Z
POST,/auth/update-profile,"ConnectTimeoutError(<HTTPSConnection(host='tneapredictor-production.up.railway.app', port=443) at 0x1fb89e59d10>, 'Connection to tneapredictor-production.up.railway.app timed out. (connect timeout=None)')",1,2026-06-30T14:19:42Z,2026-06-30T14:19:42Z
POST,/auth/login [setup],"ConnectTimeoutError(<HTTPSConnection(host='tneapredictor-production.up.railway.app', port=443) at 0x1fb90e14410>, 'Connection to tneapredictor-production.up.railway.app timed out. (connect timeout=None)')",1,2026-06-30T14:19:26Z,2026-06-30T14:19:26Z
POST,/auth/login [setup],"ConnectTimeoutError(<HTTPSConnection(host='tneapredictor-production.up.railway.app', port=443) at 0x1fb985b5310>, 'Connection to tneapredictor-production.up.railway.app timed out. (connect timeout=None)')",1,2026-06-30T14:19:28Z,2026-06-30T14:19:28Z
POST,/auth/login [setup],"ConnectTimeoutError(<HTTPSConnection(host='tneapredictor-production.up.railway.app', port=443) at 0x1fb9bed2d50>, 'Connection to tneapredictor-production.up.railway.app timed out. (connect timeout=None)')",1,2026-06-30T14:19:28Z,2026-06-30T14:19:28Z
POST,/predict/colleges [premium],HTTPError('429 Client Error: Too Many Requests for url: /predict/colleges [premium]'),13519,2026-06-30T14:18:41Z,2026-06-30T14:20:40Z
POST,/auth/login [setup],"ConnectTimeoutError(<HTTPSConnection(host='tneapredictor-production.up.railway.app', port=443) at 0x1fb99a13750>, 'Connection to tneapredictor-production.up.railway.app timed out. (connect timeout=None)')",1,2026-06-30T14:19:28Z,2026-06-30T14:19:28Z
POST,/payment/create-order,"ConnectTimeoutError(<HTTPSConnection(host='tneapredictor-production.up.railway.app', port=443) at 0x1fbf4c9c050>, 'Connection to tneapredictor-production.up.railway.app timed out. (connect timeout=None)')",1,2026-06-30T14:19:40Z,2026-06-30T14:19:40Z
POST,/predict/colleges [premium],"ConnectTimeoutError(<HTTPSConnection(host='tneapredictor-production.up.railway.app', port=443) at 0x1fb81611d10>, 'Connection to tneapredictor-production.up.railway.app timed out. (connect timeout=None)')",1,2026-06-30T14:19:40Z,2026-06-30T14:19:40Z
POST,/auth/login [setup],"ConnectTimeoutError(<HTTPSConnection(host='tneapredictor-production.up.railway.app', port=443) at 0x1fb91ed1810>, 'Connection to tneapredictor-production.up.railway.app timed out. (connect timeout=None)')",1,2026-06-30T14:19:27Z,2026-06-30T14:19:27Z
POST,/auth/login [setup],"ConnectTimeoutError(<HTTPSConnection(host='tneapredictor-production.up.railway.app', port=443) at 0x1fbea364550>, 'Connection to tneapredictor-production.up.railway.app timed out. (connect timeout=None)')",1,2026-06-30T14:19:04Z,2026-06-30T14:19:04Z
POST,/auth/login [setup],"ConnectTimeoutError(<HTTPSConnection(host='tneapredictor-production.up.railway.app', port=443) at 0x1fb93ee82d0>, 'Connection to tneapredictor-production.up.railway.app timed out. (connect timeout=None)')",1,2026-06-30T14:19:27Z,2026-06-30T14:19:27Z
POST,/auth/login [setup],"ConnectTimeoutError(<HTTPSConnection(host='tneapredictor-production.up.railway.app', port=443) at 0x1fbfbf86d50>, 'Connection to tneapredictor-production.up.railway.app timed out. (connect timeout=None)')",1,2026-06-30T14:19:07Z,2026-06-30T14:19:07Z
POST,/payment/create-order,"ConnectTimeoutError(<HTTPSConnection(host='tneapredictor-production.up.railway.app', port=443) at 0x1fb81ee2850>, 'Connection to tneapredictor-production.up.railway.app timed out. (connect timeout=None)')",1,2026-06-30T14:19:40Z,2026-06-30T14:19:40Z
POST,/auth/login [setup],"ConnectTimeoutError(<HTTPSConnection(host='tneapredictor-production.up.railway.app', port=443) at 0x1fbe1a4cb90>, 'Connection to tneapredictor-production.up.railway.app timed out. (connect timeout=None)')",1,2026-06-30T14:19:04Z,2026-06-30T14:19:04Z
POST,/auth/login [setup],"ConnectTimeoutError(<HTTPSConnection(host='tneapredictor-production.up.railway.app', port=443) at 0x1fb95428190>, 'Connection to tneapredictor-production.up.railway.app timed out. (connect timeout=None)')",1,2026-06-30T14:19:27Z,2026-06-30T14:19:27Z
POST,/auth/login [setup],"ConnectTimeoutError(<HTTPSConnection(host='tneapredictor-production.up.railway.app', port=443) at 0x1fb995e1950>, 'Connection to tneapredictor-production.up.railway.app timed out. (connect timeout=None)')",1,2026-06-30T14:19:28Z,2026-06-30T14:19:28Z
POST,/auth/login [setup],"ConnectTimeoutError(<HTTPSConnection(host='tneapredictor-production.up.railway.app', port=443) at 0x1fb94b70f50>, 'Connection to tneapredictor-production.up.railway.app timed out. (connect timeout=None)')",1,2026-06-30T14:19:27Z,2026-06-30T14:19:27Z
POST,/auth/login [setup],"ConnectTimeoutError(<HTTPSConnection(host='tneapredictor-production.up.railway.app', port=443) at 0x1fbf792bed0>, 'Connection to tneapredictor-production.up.railway.app timed out. (connect timeout=None)')",1,2026-06-30T14:19:05Z,2026-06-30T14:19:05Z
POST,/auth/login [setup],"ConnectTimeoutError(<HTTPSConnection(host='tneapredictor-production.up.railway.app', port=443) at 0x1fbf7cf9d10>, 'Connection to tneapredictor-production.up.railway.app timed out. (connect timeout=None)')",1,2026-06-30T14:19:05Z,2026-06-30T14:19:05Z
POST,/predict/colleges [premium],"ConnectTimeoutError(<HTTPSConnection(host='tneapredictor-production.up.railway.app', port=443) at 0x1fb99a10410>, 'Connection to tneapredictor-production.up.railway.app timed out. (connect timeout=None)')",1,2026-06-30T14:19:42Z,2026-06-30T14:19:42Z
POST,/auth/login [setup],"ConnectTimeoutError(<HTTPSConnection(host='tneapredictor-production.up.railway.app', port=443) at 0x1fb98df6e90>, 'Connection to tneapredictor-production.up.railway.app timed out. (connect timeout=None)')",1,2026-06-30T14:19:28Z,2026-06-30T14:19:28Z
GET,/auth/me,"ConnectTimeoutError(<HTTPSConnection(host='tneapredictor-production.up.railway.app', port=443) at 0x1fbf4c9f250>, 'Connection to tneapredictor-production.up.railway.app timed out. (connect timeout=None)')",1,2026-06-30T14:19:40Z,2026-06-30T14:19:40Z
POST,/auth/login [setup],"ConnectTimeoutError(<HTTPSConnection(host='tneapredictor-production.up.railway.app', port=443) at 0x1fb991b5450>, 'Connection to tneapredictor-production.up.railway.app timed out. (connect timeout=None)')",1,2026-06-30T14:19:28Z,2026-06-30T14:19:28Z
POST,/auth/login [setup],"ConnectTimeoutError(<HTTPSConnection(host='tneapredictor-production.up.railway.app', port=443) at 0x1fb90e17d90>, 'Connection to tneapredictor-production.up.railway.app timed out. (connect timeout=None)')",1,2026-06-30T14:19:26Z,2026-06-30T14:19:26Z
POST,/auth/login [setup],"ConnectTimeoutError(<HTTPSConnection(host='tneapredictor-production.up.railway.app', port=443) at 0x1fb98df5590>, 'Connection to tneapredictor-production.up.railway.app timed out. (connect timeout=None)')",1,2026-06-30T14:19:28Z,2026-06-30T14:19:28Z
POST,/auth/update-profile,"ConnectTimeoutError(<HTTPSConnection(host='tneapredictor-production.up.railway.app', port=443) at 0x1fb885c3250>, 'Connection to tneapredictor-production.up.railway.app timed out. (connect timeout=None)')",1,2026-06-30T14:19:42Z,2026-06-30T14:19:42Z
POST,/auth/login [setup],"ConnectTimeoutError(<HTTPSConnection(host='tneapredictor-production.up.railway.app', port=443) at 0x1fb99660190>, 'Connection to tneapredictor-production.up.railway.app timed out. (connect timeout=None)')",1,2026-06-30T14:19:28Z,2026-06-30T14:19:28Z
POST,/auth/login [setup],"ConnectTimeoutError(<HTTPSConnection(host='tneapredictor-production.up.railway.app', port=443) at 0x1fb97db7250>, 'Connection to tneapredictor-production.up.railway.app timed out. (connect timeout=None)')",1,2026-06-30T14:19:28Z,2026-06-30T14:19:28Z
GET,/auth/me,"ConnectTimeoutError(<HTTPSConnection(host='tneapredictor-production.up.railway.app', port=443) at 0x1fb8bf64f50>, 'Connection to tneapredictor-production.up.railway.app timed out. (connect timeout=None)')",1,2026-06-30T14:19:41Z,2026-06-30T14:19:41Z
POST,/predict/colleges [premium],"ConnectTimeoutError(<HTTPSConnection(host='tneapredictor-production.up.railway.app', port=443) at 0x1fb8c7bead0>, 'Connection to tneapredictor-production.up.railway.app timed out. (connect timeout=None)')",1,2026-06-30T14:19:41Z,2026-06-30T14:19:41Z
POST,/payment/create-order,"ConnectTimeoutError(<HTTPSConnection(host='tneapredictor-production.up.railway.app', port=443) at 0x1fbf1adc690>, 'Connection to tneapredictor-production.up.railway.app timed out. (connect timeout=None)')",1,2026-06-30T14:19:40Z,2026-06-30T14:19:40Z
POST,/auth/login [setup],"ConnectTimeoutError(<HTTPSConnection(host='tneapredictor-production.up.railway.app', port=443) at 0x1fb978856d0>, 'Connection to tneapredictor-production.up.railway.app timed out. (connect timeout=None)')",1,2026-06-30T14:19:28Z,2026-06-30T14:19:28Z
POST,/auth/login [setup],"ConnectTimeoutError(<HTTPSConnection(host='tneapredictor-production.up.railway.app', port=443) at 0x1fb9502f390>, 'Connection to tneapredictor-production.up.railway.app timed out. (connect timeout=None)')",1,2026-06-30T14:19:27Z,2026-06-30T14:19:27Z
POST,/auth/login [setup],"ConnectTimeoutError(<HTTPSConnection(host='tneapredictor-production.up.railway.app', port=443) at 0x1fb9bf4d590>, 'Connection to tneapredictor-production.up.railway.app timed out. (connect timeout=None)')",1,2026-06-30T14:19:28Z,2026-06-30T14:19:28Z
POST,/payment/create-order,"ConnectTimeoutError(<HTTPSConnection(host='tneapredictor-production.up.railway.app', port=443) at 0x1fb98624190>, 'Connection to tneapredictor-production.up.railway.app timed out. (connect timeout=None)')",1,2026-06-30T14:19:42Z,2026-06-30T14:19:42Z
POST,/predict/colleges [premium],"ConnectTimeoutError(<HTTPSConnection(host='tneapredictor-production.up.railway.app', port=443) at 0x1fbe96107d0>, 'Connection to tneapredictor-production.up.railway.app timed out. (connect timeout=None)')",1,2026-06-30T14:19:40Z,2026-06-30T14:19:40Z
POST,/auth/login [setup],"ConnectTimeoutError(<HTTPSConnection(host='tneapredictor-production.up.railway.app', port=443) at 0x1fb94be8190>, 'Connection to tneapredictor-production.up.railway.app timed out. (connect timeout=None)')",1,2026-06-30T14:19:27Z,2026-06-30T14:19:27Z
POST,/auth/login [setup],"ConnectTimeoutError(<HTTPSConnection(host='tneapredictor-production.up.railway.app', port=443) at 0x1fb991b6350>, 'Connection to tneapredictor-production.up.railway.app timed out. (connect timeout=None)')",1,2026-06-30T14:19:28Z,2026-06-30T14:19:28Z
POST,/auth/update-profile,"ConnectTimeoutError(<HTTPSConnection(host='tneapredictor-production.up.railway.app', port=443) at 0x1fb89ed9950>, 'Connection to tneapredictor-production.up.railway.app timed out. (connect timeout=None)')",1,2026-06-30T14:19:42Z,2026-06-30T14:19:42Z
POST,/payment/create-order,"ConnectTimeoutError(<HTTPSConnection(host='tneapredictor-production.up.railway.app', port=443) at 0x1fbfbb74690>, 'Connection to tneapredictor-production.up.railway.app timed out. (connect timeout=None)')",1,2026-06-30T14:19:40Z,2026-06-30T14:19:40Z
POST,/auth/login [setup],"ConnectTimeoutError(<HTTPSConnection(host='tneapredictor-production.up.railway.app', port=443) at 0x1fbf58911d0>, 'Connection to tneapredictor-production.up.railway.app timed out. (connect timeout=None)')",1,2026-06-30T14:19:05Z,2026-06-30T14:19:05Z
POST,/auth/login [setup],"ConnectTimeoutError(<HTTPSConnection(host='tneapredictor-production.up.railway.app', port=443) at 0x1fb99a13250>, 'Connection to tneapredictor-production.up.railway.app timed out. (connect timeout=None)')",1,2026-06-30T14:19:28Z,2026-06-30T14:19:28Z
POST,/auth/login [setup],"ConnectTimeoutError(<HTTPSConnection(host='tneapredictor-production.up.railway.app', port=443) at 0x1fb92303890>, 'Connection to tneapredictor-production.up.railway.app timed out. (connect timeout=None)')",1,2026-06-30T14:19:27Z,2026-06-30T14:19:27Z
POST,/payment/create-order,"ConnectTimeoutError(<HTTPSConnection(host='tneapredictor-production.up.railway.app', port=443) at 0x1fb8bf647d0>, 'Connection to tneapredictor-production.up.railway.app timed out. (connect timeout=None)')",1,2026-06-30T14:19:41Z,2026-06-30T14:19:41Z
POST,/auth/login [setup],"ConnectTimeoutError(<HTTPSConnection(host='tneapredictor-production.up.railway.app', port=443) at 0x1fbe9f147d0>, 'Connection to tneapredictor-production.up.railway.app timed out. (connect timeout=None)')",1,2026-06-30T14:19:04Z,2026-06-30T14:19:04Z
POST,/auth/login [setup],"ConnectTimeoutError(<HTTPSConnection(host='tneapredictor-production.up.railway.app', port=443) at 0x1fb9a6aaad0>, 'Connection to tneapredictor-production.up.railway.app timed out. (connect timeout=None)')",1,2026-06-30T14:19:28Z,2026-06-30T14:19:28Z
POST,/predict/colleges [premium],"ConnectTimeoutError(<HTTPSConnection(host='tneapredictor-production.up.railway.app', port=443) at 0x1fb90a5c690>, 'Connection to tneapredictor-production.up.railway.app timed out. (connect timeout=None)')",1,2026-06-30T14:19:26Z,2026-06-30T14:19:26Z
POST,/auth/login [setup],"ConnectTimeoutError(<HTTPSConnection(host='tneapredictor-production.up.railway.app', port=443) at 0x1fb989ed090>, 'Connection to tneapredictor-production.up.railway.app timed out. (connect timeout=None)')",1,2026-06-30T14:19:28Z,2026-06-30T14:19:28Z
POST,/auth/update-profile,"ConnectTimeoutError(<HTTPSConnection(host='tneapredictor-production.up.railway.app', port=443) at 0x1fb89243250>, 'Connection to tneapredictor-production.up.railway.app timed out. (connect timeout=None)')",1,2026-06-30T14:19:26Z,2026-06-30T14:19:26Z
POST,/auth/login [setup],"ConnectTimeoutError(<HTTPSConnection(host='tneapredictor-production.up.railway.app', port=443) at 0x1fbf47f47d0>, 'Connection to tneapredictor-production.up.railway.app timed out. (connect timeout=None)')",1,2026-06-30T14:19:05Z,2026-06-30T14:19:05Z
POST,/auth/login [setup],"ConnectTimeoutError(<HTTPSConnection(host='tneapredictor-production.up.railway.app', port=443) at 0x1fb91ed0410>, 'Connection to tneapredictor-production.up.railway.app timed out. (connect timeout=None)')",1,2026-06-30T14:19:27Z,2026-06-30T14:19:27Z
POST,/auth/login [setup],"ConnectTimeoutError(<HTTPSConnection(host='tneapredictor-production.up.railway.app', port=443) at 0x1fbf3b55e50>, 'Connection to tneapredictor-production.up.railway.app timed out. (connect timeout=None)')",1,2026-06-30T14:19:05Z,2026-06-30T14:19:05Z
POST,/auth/login [setup],"ConnectTimeoutError(<HTTPSConnection(host='tneapredictor-production.up.railway.app', port=443) at 0x1fb912cfed0>, 'Connection to tneapredictor-production.up.railway.app timed out. (connect timeout=None)')",1,2026-06-30T14:19:27Z,2026-06-30T14:19:27Z
POST,/predict/colleges [premium],"ConnectTimeoutError(<HTTPSConnection(host='tneapredictor-production.up.railway.app', port=443) at 0x1fb9272ad50>, 'Connection to tneapredictor-production.up.railway.app timed out. (connect timeout=None)')",1,2026-06-30T14:19:42Z,2026-06-30T14:19:42Z
POST,/auth/login [setup],"ConnectTimeoutError(<HTTPSConnection(host='tneapredictor-production.up.railway.app', port=443) at 0x1fb99a11950>, 'Connection to tneapredictor-production.up.railway.app timed out. (connect timeout=None)')",1,2026-06-30T14:19:28Z,2026-06-30T14:19:28Z
POST,/predict/colleges [premium],"ConnectTimeoutError(<HTTPSConnection(host='tneapredictor-production.up.railway.app', port=443) at 0x1fb889f79d0>, 'Connection to tneapredictor-production.up.railway.app timed out. (connect timeout=None)')",1,2026-06-30T14:19:42Z,2026-06-30T14:19:42Z
POST,/auth/login [setup],"ConnectTimeoutError(<HTTPSConnection(host='tneapredictor-production.up.railway.app', port=443) at 0x1fb98185590>, 'Connection to tneapredictor-production.up.railway.app timed out. (connect timeout=None)')",1,2026-06-30T14:19:28Z,2026-06-30T14:19:28Z
POST,/auth/login [setup],"ConnectTimeoutError(<HTTPSConnection(host='tneapredictor-production.up.railway.app', port=443) at 0x1fb912cd6d0>, 'Connection to tneapredictor-production.up.railway.app timed out. (connect timeout=None)')",1,2026-06-30T14:19:27Z,2026-06-30T14:19:27Z
POST,/auth/login [setup],"ConnectTimeoutError(<HTTPSConnection(host='tneapredictor-production.up.railway.app', port=443) at 0x1fbe3fa9e50>, 'Connection to tneapredictor-production.up.railway.app timed out. (connect timeout=None)')",1,2026-06-30T14:19:04Z,2026-06-30T14:19:04Z
POST,/auth/login [setup],"ConnectTimeoutError(<HTTPSConnection(host='tneapredictor-production.up.railway.app', port=443) at 0x1fb99a92c10>, 'Connection to tneapredictor-production.up.railway.app timed out. (connect timeout=None)')",1,2026-06-30T14:19:28Z,2026-06-30T14:19:28Z
POST,/auth/login [setup],"ConnectTimeoutError(<HTTPSConnection(host='tneapredictor-production.up.railway.app', port=443) at 0x1fb95882c10>, 'Connection to tneapredictor-production.up.railway.app timed out. (connect timeout=None)')",1,2026-06-30T14:19:27Z,2026-06-30T14:19:27Z
POST,/auth/login [setup],"ConnectTimeoutError(<HTTPSConnection(host='tneapredictor-production.up.railway.app', port=443) at 0x1fbf7cfb110>, 'Connection to tneapredictor-production.up.railway.app timed out. (connect timeout=None)')",1,2026-06-30T14:19:05Z,2026-06-30T14:19:05Z
POST,/auth/login [setup],"ConnectTimeoutError(<HTTPSConnection(host='tneapredictor-production.up.railway.app', port=443) at 0x1fb864b07d0>, 'Connection to tneapredictor-production.up.railway.app timed out. (connect timeout=None)')",1,2026-06-30T14:19:19Z,2026-06-30T14:19:19Z
POST,/auth/login [setup],"ConnectTimeoutError(<HTTPSConnection(host='tneapredictor-production.up.railway.app', port=443) at 0x1fb926b2350>, 'Connection to tneapredictor-production.up.railway.app timed out. (connect timeout=None)')",1,2026-06-30T14:19:27Z,2026-06-30T14:19:27Z
POST,/auth/login [setup],"ConnectTimeoutError(<HTTPSConnection(host='tneapredictor-production.up.railway.app', port=443) at 0x1fbfc763b10>, 'Connection to tneapredictor-production.up.railway.app timed out. (connect timeout=None)')",1,2026-06-30T14:19:07Z,2026-06-30T14:19:07Z
POST,/auth/login [setup],"ConnectTimeoutError(<HTTPSConnection(host='tneapredictor-production.up.railway.app', port=443) at 0x1fb9bed25d0>, 'Connection to tneapredictor-production.up.railway.app timed out. (connect timeout=None)')",1,2026-06-30T14:19:28Z,2026-06-30T14:19:28Z
GET,/auth/me,"ConnectTimeoutError(<HTTPSConnection(host='tneapredictor-production.up.railway.app', port=443) at 0x1fb8f920a50>, 'Connection to tneapredictor-production.up.railway.app timed out. (connect timeout=None)')",1,2026-06-30T14:19:41Z,2026-06-30T14:19:41Z
POST,/auth/login [setup],"ConnectTimeoutError(<HTTPSConnection(host='tneapredictor-production.up.railway.app', port=443) at 0x1fb94393110>, 'Connection to tneapredictor-production.up.railway.app timed out. (connect timeout=None)')",1,2026-06-30T14:19:27Z,2026-06-30T14:19:27Z
POST,/auth/login [setup],"ConnectTimeoutError(<HTTPSConnection(host='tneapredictor-production.up.railway.app', port=443) at 0x1fbf960e490>, 'Connection to tneapredictor-production.up.railway.app timed out. (connect timeout=None)')",1,2026-06-30T14:19:05Z,2026-06-30T14:19:05Z
POST,/auth/login [setup],"ConnectTimeoutError(<HTTPSConnection(host='tneapredictor-production.up.railway.app', port=443) at 0x1fb92286d50>, 'Connection to tneapredictor-production.up.railway.app timed out. (connect timeout=None)')",1,2026-06-30T14:19:27Z,2026-06-30T14:19:27Z
POST,/auth/login [setup],"ConnectTimeoutError(<HTTPSConnection(host='tneapredictor-production.up.railway.app', port=443) at 0x1fb9baa20d0>, 'Connection to tneapredictor-production.up.railway.app timed out. (connect timeout=None)')",1,2026-06-30T14:19:28Z,2026-06-30T14:19:28Z
POST,/auth/login [setup],"ConnectTimeoutError(<HTTPSConnection(host='tneapredictor-production.up.railway.app', port=443) at 0x1fbe85fd6d0>, 'Connection to tneapredictor-production.up.railway.app timed out. (connect timeout=None)')",1,2026-06-30T14:19:04Z,2026-06-30T14:19:04Z
POST,/auth/login [setup],"ConnectTimeoutError(<HTTPSConnection(host='tneapredictor-production.up.railway.app', port=443) at 0x1fb99f3afd0>, 'Connection to tneapredictor-production.up.railway.app timed out. (connect timeout=None)')",1,2026-06-30T14:19:28Z,2026-06-30T14:19:28Z
POST,/auth/login [setup],"ConnectTimeoutError(<HTTPSConnection(host='tneapredictor-production.up.railway.app', port=443) at 0x1fb98df7390>, 'Connection to tneapredictor-production.up.railway.app timed out. (connect timeout=None)')",1,2026-06-30T14:19:28Z,2026-06-30T14:19:28Z
POST,/auth/login [setup],"ConnectTimeoutError(<HTTPSConnection(host='tneapredictor-production.up.railway.app', port=443) at 0x1fb98186e90>, 'Connection to tneapredictor-production.up.railway.app timed out. (connect timeout=None)')",1,2026-06-30T14:19:28Z,2026-06-30T14:19:28Z
POST,/auth/login [setup],"ConnectTimeoutError(<HTTPSConnection(host='tneapredictor-production.up.railway.app', port=443) at 0x1fb99f391d0>, 'Connection to tneapredictor-production.up.railway.app timed out. (connect timeout=None)')",1,2026-06-30T14:19:28Z,2026-06-30T14:19:28Z
POST,/auth/login [setup],"ConnectTimeoutError(<HTTPSConnection(host='tneapredictor-production.up.railway.app', port=443) at 0x1fb8e516710>, 'Connection to tneapredictor-production.up.railway.app timed out. (connect timeout=None)')",1,2026-06-30T14:19:21Z,2026-06-30T14:19:21Z
POST,/auth/login [setup],"ConnectTimeoutError(<HTTPSConnection(host='tneapredictor-production.up.railway.app', port=443) at 0x1fb926b16d0>, 'Connection to tneapredictor-production.up.railway.app timed out. (connect timeout=None)')",1,2026-06-30T14:19:27Z,2026-06-30T14:19:27Z
POST,/auth/login [setup],"ConnectTimeoutError(<HTTPSConnection(host='tneapredictor-production.up.railway.app', port=443) at 0x1fb97885e50>, 'Connection to tneapredictor-production.up.railway.app timed out. (connect timeout=None)')",1,2026-06-30T14:19:28Z,2026-06-30T14:19:28Z
POST,/auth/login [setup],"ConnectTimeoutError(<HTTPSConnection(host='tneapredictor-production.up.railway.app', port=443) at 0x1fb91253390>, 'Connection to tneapredictor-production.up.railway.app timed out. (connect timeout=None)')",1,2026-06-30T14:19:27Z,2026-06-30T14:19:27Z
POST,/auth/login [setup],"ConnectTimeoutError(<HTTPSConnection(host='tneapredictor-production.up.railway.app', port=443) at 0x1fbfc7ec050>, 'Connection to tneapredictor-production.up.railway.app timed out. (connect timeout=None)')",1,2026-06-30T14:19:07Z,2026-06-30T14:19:07Z
POST,/auth/login [setup],"ConnectTimeoutError(<HTTPSConnection(host='tneapredictor-production.up.railway.app', port=443) at 0x1fb91aa8910>, 'Connection to tneapredictor-production.up.railway.app timed out. (connect timeout=None)')",1,2026-06-30T14:19:27Z,2026-06-30T14:19:27Z
POST,/auth/login [setup],"ConnectTimeoutError(<HTTPSConnection(host='tneapredictor-production.up.railway.app', port=443) at 0x1fb96517390>, 'Connection to tneapredictor-production.up.railway.app timed out. (connect timeout=None)')",1,2026-06-30T14:19:28Z,2026-06-30T14:19:28Z
POST,/auth/login [setup],"ConnectTimeoutError(<HTTPSConnection(host='tneapredictor-production.up.railway.app', port=443) at 0x1fbf4340190>, 'Connection to tneapredictor-production.up.railway.app timed out. (connect timeout=None)')",1,2026-06-30T14:19:05Z,2026-06-30T14:19:05Z
POST,/auth/login [setup],"ConnectTimeoutError(<HTTPSConnection(host='tneapredictor-production.up.railway.app', port=443) at 0x1fb958f4550>, 'Connection to tneapredictor-production.up.railway.app timed out. (connect timeout=None)')",1,2026-06-30T14:19:28Z,2026-06-30T14:19:28Z
POST,/auth/login [setup],"ConnectTimeoutError(<HTTPSConnection(host='tneapredictor-production.up.railway.app', port=443) at 0x1fb8d033110>, 'Connection to tneapredictor-production.up.railway.app timed out. (connect timeout=None)')",1,2026-06-30T14:19:21Z,2026-06-30T14:19:21Z
POST,/auth/login [setup],"ConnectTimeoutError(<HTTPSConnection(host='tneapredictor-production.up.railway.app', port=443) at 0x1fb953c3750>, 'Connection to tneapredictor-production.up.railway.app timed out. (connect timeout=None)')",1,2026-06-30T14:19:27Z,2026-06-30T14:19:27Z
POST,/auth/login [setup],"ConnectTimeoutError(<HTTPSConnection(host='tneapredictor-production.up.railway.app', port=443) at 0x1fb99a91590>, 'Connection to tneapredictor-production.up.railway.app timed out. (connect timeout=None)')",1,2026-06-30T14:19:28Z,2026-06-30T14:19:28Z
POST,/auth/login [setup],"ConnectTimeoutError(<HTTPSConnection(host='tneapredictor-production.up.railway.app', port=443) at 0x1fb98184910>, 'Connection to tneapredictor-production.up.railway.app timed out. (connect timeout=None)')",1,2026-06-30T14:19:28Z,2026-06-30T14:19:28Z
POST,/auth/login [setup],"ConnectTimeoutError(<HTTPSConnection(host='tneapredictor-production.up.railway.app', port=443) at 0x1fb9bb20e10>, 'Connection to tneapredictor-production.up.railway.app timed out. (connect timeout=None)')",1,2026-06-30T14:19:28Z,2026-06-30T14:19:28Z
POST,/auth/login [setup],"ConnectTimeoutError(<HTTPSConnection(host='tneapredictor-production.up.railway.app', port=443) at 0x1fbefd0bb10>, 'Connection to tneapredictor-production.up.railway.app timed out. (connect timeout=None)')",1,2026-06-30T14:19:04Z,2026-06-30T14:19:04Z
POST,/predict/colleges [premium],"ConnectTimeoutError(<HTTPSConnection(host='tneapredictor-production.up.railway.app', port=443) at 0x1fbf8968f50>, 'Connection to tneapredictor-production.up.railway.app timed out. (connect timeout=None)')",1,2026-06-30T14:19:40Z,2026-06-30T14:19:40Z
POST,/predict/colleges [auth],"ConnectTimeoutError(<HTTPSConnection(host='tneapredictor-production.up.railway.app', port=443) at 0x1fb85c58e10>, 'Connection to tneapredictor-production.up.railway.app timed out. (connect timeout=None)')",1,2026-06-30T14:19:45Z,2026-06-30T14:19:45Z
POST,/predict/colleges [premium],"ConnectTimeoutError(<HTTPSConnection(host='tneapredictor-production.up.railway.app', port=443) at 0x1fb90105a90>, 'Connection to tneapredictor-production.up.railway.app timed out. (connect timeout=None)')",1,2026-06-30T14:19:41Z,2026-06-30T14:19:41Z
GET,/auth/me,"ConnectTimeoutError(<HTTPSConnection(host='tneapredictor-production.up.railway.app', port=443) at 0x1fb86081090>, 'Connection to tneapredictor-production.up.railway.app timed out. (connect timeout=None)')",1,2026-06-30T14:19:45Z,2026-06-30T14:19:45Z
POST,/predict/colleges [premium],"ConnectTimeoutError(<HTTPSConnection(host='tneapredictor-production.up.railway.app', port=443) at 0x1fbf4ba02d0>, 'Connection to tneapredictor-production.up.railway.app timed out. (connect timeout=None)')",1,2026-06-30T14:19:28Z,2026-06-30T14:19:28Z
POST,/auth/login [setup],"ConnectTimeoutError(<HTTPSConnection(host='tneapredictor-production.up.railway.app', port=443) at 0x1fb9542b390>, 'Connection to tneapredictor-production.up.railway.app timed out. (connect timeout=None)')",1,2026-06-30T14:19:27Z,2026-06-30T14:19:27Z
POST,/auth/login [setup],"ConnectTimeoutError(<HTTPSConnection(host='tneapredictor-production.up.railway.app', port=443) at 0x1fb88540f50>, 'Connection to tneapredictor-production.up.railway.app timed out. (connect timeout=None)')",1,2026-06-30T14:19:20Z,2026-06-30T14:19:20Z
POST,/auth/login [setup],"ConnectTimeoutError(<HTTPSConnection(host='tneapredictor-production.up.railway.app', port=443) at 0x1fb9542ac10>, 'Connection to tneapredictor-production.up.railway.app timed out. (connect timeout=None)')",1,2026-06-30T14:19:27Z,2026-06-30T14:19:27Z
POST,/payment/create-order,"ConnectTimeoutError(<HTTPSConnection(host='tneapredictor-production.up.railway.app', port=443) at 0x1fb89671bd0>, 'Connection to tneapredictor-production.up.railway.app timed out. (connect timeout=None)')",1,2026-06-30T14:19:41Z,2026-06-30T14:19:41Z
POST,/payment/create-order,"ConnectTimeoutError(<HTTPSConnection(host='tneapredictor-production.up.railway.app', port=443) at 0x1fb89670cd0>, 'Connection to tneapredictor-production.up.railway.app timed out. (connect timeout=None)')",1,2026-06-30T14:19:41Z,2026-06-30T14:19:41Z
POST,/auth/login [setup],"ConnectTimeoutError(<HTTPSConnection(host='tneapredictor-production.up.railway.app', port=443) at 0x1fbf3ade210>, 'Connection to tneapredictor-production.up.railway.app timed out. (connect timeout=None)')",1,2026-06-30T14:19:05Z,2026-06-30T14:19:05Z
POST,/payment/create-order,"ConnectTimeoutError(<HTTPSConnection(host='tneapredictor-production.up.railway.app', port=443) at 0x1fb958f6c10>, 'Connection to tneapredictor-production.up.railway.app timed out. (connect timeout=None)')",1,2026-06-30T14:19:42Z,2026-06-30T14:19:42Z
POST,/predict/colleges [premium],"ConnectTimeoutError(<HTTPSConnection(host='tneapredictor-production.up.railway.app', port=443) at 0x1fbe1acf890>, 'Connection to tneapredictor-production.up.railway.app timed out. (connect timeout=None)')",1,2026-06-30T14:19:28Z,2026-06-30T14:19:28Z
POST,/predict/colleges [premium],"ConnectTimeoutError(<HTTPSConnection(host='tneapredictor-production.up.railway.app', port=443) at 0x1fb8d032fd0>, 'Connection to tneapredictor-production.up.railway.app timed out. (connect timeout=None)')",1,2026-06-30T14:19:41Z,2026-06-30T14:19:41Z
POST,/auth/login [setup],"ConnectTimeoutError(<HTTPSConnection(host='tneapredictor-production.up.railway.app', port=443) at 0x1fb891c7250>, 'Connection to tneapredictor-production.up.railway.app timed out. (connect timeout=None)')",1,2026-06-30T14:19:20Z,2026-06-30T14:19:20Z
GET,/auth/me,"ConnectTimeoutError(<HTTPSConnection(host='tneapredictor-production.up.railway.app', port=443) at 0x1fb82299310>, 'Connection to tneapredictor-production.up.railway.app timed out. (connect timeout=None)')",1,2026-06-30T14:19:40Z,2026-06-30T14:19:40Z
POST,/predict/colleges [guest],"ConnectTimeoutError(<HTTPSConnection(host='tneapredictor-production.up.railway.app', port=443) at 0x1fb909e6fd0>, 'Connection to tneapredictor-production.up.railway.app timed out. (connect timeout=None)')",1,2026-06-30T14:19:42Z,2026-06-30T14:19:42Z
POST,/auth/login [setup],"ConnectTimeoutError(<HTTPSConnection(host='tneapredictor-production.up.railway.app', port=443) at 0x1fbfc324410>, 'Connection to tneapredictor-production.up.railway.app timed out. (connect timeout=None)')",1,2026-06-30T14:19:07Z,2026-06-30T14:19:07Z
POST,/auth/login [setup],"ConnectTimeoutError(<HTTPSConnection(host='tneapredictor-production.up.railway.app', port=443) at 0x1fb99e42fd0>, 'Connection to tneapredictor-production.up.railway.app timed out. (connect timeout=None)')",1,2026-06-30T14:19:28Z,2026-06-30T14:19:28Z
POST,/auth/login [setup],"ConnectTimeoutError(<HTTPSConnection(host='tneapredictor-production.up.railway.app', port=443) at 0x1fb88540a50>, 'Connection to tneapredictor-production.up.railway.app timed out. (connect timeout=None)')",1,2026-06-30T14:19:20Z,2026-06-30T14:19:20Z
POST,/auth/login [setup],"ConnectTimeoutError(<HTTPSConnection(host='tneapredictor-production.up.railway.app', port=443) at 0x1fb8dcd5f90>, 'Connection to tneapredictor-production.up.railway.app timed out. (connect timeout=None)')",1,2026-06-30T14:19:21Z,2026-06-30T14:19:21Z
GET,/auth/me,"ConnectTimeoutError(<HTTPSConnection(host='tneapredictor-production.up.railway.app', port=443) at 0x1fbe96102d0>, 'Connection to tneapredictor-production.up.railway.app timed out. (connect timeout=None)')",1,2026-06-30T14:19:40Z,2026-06-30T14:19:40Z
POST,/auth/login [setup],"ConnectTimeoutError(<HTTPSConnection(host='tneapredictor-production.up.railway.app', port=443) at 0x1fb912cd950>, 'Connection to tneapredictor-production.up.railway.app timed out. (connect timeout=None)')",1,2026-06-30T14:19:27Z,2026-06-30T14:19:27Z
POST,/auth/login [setup],"ConnectTimeoutError(<HTTPSConnection(host='tneapredictor-production.up.railway.app', port=443) at 0x1fb99660410>, 'Connection to tneapredictor-production.up.railway.app timed out. (connect timeout=None)')",1,2026-06-30T14:19:28Z,2026-06-30T14:19:28Z
POST,/auth/login [setup],"ConnectTimeoutError(<HTTPSConnection(host='tneapredictor-production.up.railway.app', port=443) at 0x1fb981faad0>, 'Connection to tneapredictor-production.up.railway.app timed out. (connect timeout=None)')",1,2026-06-30T14:19:28Z,2026-06-30T14:19:28Z
POST,/auth/login [setup],"ConnectTimeoutError(<HTTPSConnection(host='tneapredictor-production.up.railway.app', port=443) at 0x1fb926b0f50>, 'Connection to tneapredictor-production.up.railway.app timed out. (connect timeout=None)')",1,2026-06-30T14:19:27Z,2026-06-30T14:19:27Z
POST,/auth/login [setup],"ConnectTimeoutError(<HTTPSConnection(host='tneapredictor-production.up.railway.app', port=443) at 0x1fb95428e10>, 'Connection to tneapredictor-production.up.railway.app timed out. (connect timeout=None)')",1,2026-06-30T14:19:27Z,2026-06-30T14:19:27Z
POST,/auth/login [setup],"ConnectTimeoutError(<HTTPSConnection(host='tneapredictor-production.up.railway.app', port=443) at 0x1fb91e52ad0>, 'Connection to tneapredictor-production.up.railway.app timed out. (connect timeout=None)')",1,2026-06-30T14:19:27Z,2026-06-30T14:19:27Z
POST,/payment/create-order,"ConnectTimeoutError(<HTTPSConnection(host='tneapredictor-production.up.railway.app', port=443) at 0x1fb8beeb390>, 'Connection to tneapredictor-production.up.railway.app timed out. (connect timeout=None)')",1,2026-06-30T14:19:41Z,2026-06-30T14:19:41Z
POST,/auth/login [setup],"ConnectTimeoutError(<HTTPSConnection(host='tneapredictor-production.up.railway.app', port=443) at 0x1fbe899da90>, 'Connection to tneapredictor-production.up.railway.app timed out. (connect timeout=None)')",1,2026-06-30T14:19:04Z,2026-06-30T14:19:04Z
POST,/auth/login [setup],"ConnectTimeoutError(<HTTPSConnection(host='tneapredictor-production.up.railway.app', port=443) at 0x1fb9502e210>, 'Connection to tneapredictor-production.up.railway.app timed out. (connect timeout=None)')",1,2026-06-30T14:19:27Z,2026-06-30T14:19:27Z
POST,/auth/login [setup],"ConnectTimeoutError(<HTTPSConnection(host='tneapredictor-production.up.railway.app', port=443) at 0x1fb985b7b10>, 'Connection to tneapredictor-production.up.railway.app timed out. (connect timeout=None)')",1,2026-06-30T14:19:28Z,2026-06-30T14:19:28Z
POST,/auth/login [setup],"ConnectTimeoutError(<HTTPSConnection(host='tneapredictor-production.up.railway.app', port=443) at 0x1fb93f5df90>, 'Connection to tneapredictor-production.up.railway.app timed out. (connect timeout=None)')",1,2026-06-30T14:19:27Z,2026-06-30T14:19:27Z
POST,/auth/login [setup],"ConnectTimeoutError(<HTTPSConnection(host='tneapredictor-production.up.railway.app', port=443) at 0x1fbe4ba7610>, 'Connection to tneapredictor-production.up.railway.app timed out. (connect timeout=None)')",1,2026-06-30T14:19:04Z,2026-06-30T14:19:04Z
POST,/auth/login [setup],"ConnectTimeoutError(<HTTPSConnection(host='tneapredictor-production.up.railway.app', port=443) at 0x1fbf3b56850>, 'Connection to tneapredictor-production.up.railway.app timed out. (connect timeout=None)')",1,2026-06-30T14:19:05Z,2026-06-30T14:19:05Z
POST,/auth/login [setup],"ConnectTimeoutError(<HTTPSConnection(host='tneapredictor-production.up.railway.app', port=443) at 0x1fb91ed1090>, 'Connection to tneapredictor-production.up.railway.app timed out. (connect timeout=None)')",1,2026-06-30T14:19:27Z,2026-06-30T14:19:27Z
POST,/auth/login [setup],"ConnectTimeoutError(<HTTPSConnection(host='tneapredictor-production.up.railway.app', port=443) at 0x1fb8bfdb250>, 'Connection to tneapredictor-production.up.railway.app timed out. (connect timeout=None)')",1,2026-06-30T14:19:20Z,2026-06-30T14:19:20Z
POST,/auth/login [setup],"ConnectTimeoutError(<HTTPSConnection(host='tneapredictor-production.up.railway.app', port=443) at 0x1fbf16aad50>, 'Connection to tneapredictor-production.up.railway.app timed out. (connect timeout=None)')",1,2026-06-30T14:19:05Z,2026-06-30T14:19:05Z
POST,/auth/login [setup],"ConnectTimeoutError(<HTTPSConnection(host='tneapredictor-production.up.railway.app', port=443) at 0x1fbe8577b10>, 'Connection to tneapredictor-production.up.railway.app timed out. (connect timeout=None)')",1,2026-06-30T14:19:04Z,2026-06-30T14:19:04Z
POST,/auth/login [setup],"ConnectTimeoutError(<HTTPSConnection(host='tneapredictor-production.up.railway.app', port=443) at 0x1fb953c1bd0>, 'Connection to tneapredictor-production.up.railway.app timed out. (connect timeout=None)')",1,2026-06-30T14:19:27Z,2026-06-30T14:19:27Z
POST,/payment/create-order,"ConnectTimeoutError(<HTTPSConnection(host='tneapredictor-production.up.railway.app', port=443) at 0x1fb905b0550>, 'Connection to tneapredictor-production.up.railway.app timed out. (connect timeout=None)')",1,2026-06-30T14:19:40Z,2026-06-30T14:19:40Z
POST,/auth/login [setup],"ConnectTimeoutError(<HTTPSConnection(host='tneapredictor-production.up.railway.app', port=443) at 0x1fb93ee9950>, 'Connection to tneapredictor-production.up.railway.app timed out. (connect timeout=None)')",1,2026-06-30T14:19:27Z,2026-06-30T14:19:27Z
GET,/auth/me,"ConnectTimeoutError(<HTTPSConnection(host='tneapredictor-production.up.railway.app', port=443) at 0x1fb8cc00cd0>, 'Connection to tneapredictor-production.up.railway.app timed out. (connect timeout=None)')",1,2026-06-30T14:19:41Z,2026-06-30T14:19:41Z
POST,/predict/colleges [premium],"ConnectTimeoutError(<HTTPSConnection(host='tneapredictor-production.up.railway.app', port=443) at 0x1fb8bf67c50>, 'Connection to tneapredictor-production.up.railway.app timed out. (connect timeout=None)')",1,2026-06-30T14:19:41Z,2026-06-30T14:19:41Z
POST,/auth/login [setup],"ConnectTimeoutError(<HTTPSConnection(host='tneapredictor-production.up.railway.app', port=443) at 0x1fb92300410>, 'Connection to tneapredictor-production.up.railway.app timed out. (connect timeout=None)')",1,2026-06-30T14:19:27Z,2026-06-30T14:19:27Z
GET,/auth/me,"ConnectTimeoutError(<HTTPSConnection(host='tneapredictor-production.up.railway.app', port=443) at 0x1fb88d7e210>, 'Connection to tneapredictor-production.up.railway.app timed out. (connect timeout=None)')",1,2026-06-30T14:19:42Z,2026-06-30T14:19:42Z
POST,/auth/login [setup],"ConnectTimeoutError(<HTTPSConnection(host='tneapredictor-production.up.railway.app', port=443) at 0x1fb91a265d0>, 'Connection to tneapredictor-production.up.railway.app timed out. (connect timeout=None)')",1,2026-06-30T14:19:27Z,2026-06-30T14:19:27Z
POST,/auth/login [setup],"ConnectTimeoutError(<HTTPSConnection(host='tneapredictor-production.up.railway.app', port=443) at 0x1fb95ce6490>, 'Connection to tneapredictor-production.up.railway.app timed out. (connect timeout=None)')",1,2026-06-30T14:19:28Z,2026-06-30T14:19:28Z
GET,/auth/me,"ConnectTimeoutError(<HTTPSConnection(host='tneapredictor-production.up.railway.app', port=443) at 0x1fb8d817110>, 'Connection to tneapredictor-production.up.railway.app timed out. (connect timeout=None)')",1,2026-06-30T14:19:41Z,2026-06-30T14:19:41Z
POST,/auth/login [setup],"ConnectTimeoutError(<HTTPSConnection(host='tneapredictor-production.up.railway.app', port=443) at 0x1fb9922bd90>, 'Connection to tneapredictor-production.up.railway.app timed out. (connect timeout=None)')",1,2026-06-30T14:19:28Z,2026-06-30T14:19:28Z
POST,/auth/login [setup],"ConnectTimeoutError(<HTTPSConnection(host='tneapredictor-production.up.railway.app', port=443) at 0x1fb99e425d0>, 'Connection to tneapredictor-production.up.railway.app timed out. (connect timeout=None)')",1,2026-06-30T14:19:28Z,2026-06-30T14:19:28Z
POST,/auth/login [setup],"ConnectTimeoutError(<HTTPSConnection(host='tneapredictor-production.up.railway.app', port=443) at 0x1fb98185090>, 'Connection to tneapredictor-production.up.railway.app timed out. (connect timeout=None)')",1,2026-06-30T14:19:28Z,2026-06-30T14:19:28Z
POST,/auth/login [setup],"ConnectTimeoutError(<HTTPSConnection(host='tneapredictor-production.up.railway.app', port=443) at 0x1fb9a2f5f90>, 'Connection to tneapredictor-production.up.railway.app timed out. (connect timeout=None)')",1,2026-06-30T14:19:28Z,2026-06-30T14:19:28Z
POST,/auth/login [setup],"ConnectTimeoutError(<HTTPSConnection(host='tneapredictor-production.up.railway.app', port=443) at 0x1fb91253890>, 'Connection to tneapredictor-production.up.railway.app timed out. (connect timeout=None)')",1,2026-06-30T14:19:27Z,2026-06-30T14:19:27Z
GET,/auth/me,"ConnectTimeoutError(<HTTPSConnection(host='tneapredictor-production.up.railway.app', port=443) at 0x1fb89e5a490>, 'Connection to tneapredictor-production.up.railway.app timed out. (connect timeout=None)')",1,2026-06-30T14:19:43Z,2026-06-30T14:19:43Z
POST,/auth/login [setup],"ConnectTimeoutError(<HTTPSConnection(host='tneapredictor-production.up.railway.app', port=443) at 0x1fb9a719310>, 'Connection to tneapredictor-production.up.railway.app timed out. (connect timeout=None)')",1,2026-06-30T14:19:28Z,2026-06-30T14:19:28Z
POST,/auth/login [setup],"ConnectTimeoutError(<HTTPSConnection(host='tneapredictor-production.up.railway.app', port=443) at 0x1fb8a314e10>, 'Connection to tneapredictor-production.up.railway.app timed out. (connect timeout=None)')",1,2026-06-30T14:19:20Z,2026-06-30T14:19:20Z
GET,/auth/me,"ConnectTimeoutError(<HTTPSConnection(host='tneapredictor-production.up.railway.app', port=443) at 0x1fb8793cf50>, 'Connection to tneapredictor-production.up.railway.app timed out. (connect timeout=None)')",1,2026-06-30T14:19:41Z,2026-06-30T14:19:41Z
POST,/auth/login [setup],"ConnectTimeoutError(<HTTPSConnection(host='tneapredictor-production.up.railway.app', port=443) at 0x1fb94311450>, 'Connection to tneapredictor-production.up.railway.app timed out. (connect timeout=None)')",1,2026-06-30T14:19:27Z,2026-06-30T14:19:27Z
POST,/payment/create-order,"ConnectTimeoutError(<HTTPSConnection(host='tneapredictor-production.up.railway.app', port=443) at 0x1fb90e15bd0>, 'Connection to tneapredictor-production.up.railway.app timed out. (connect timeout=None)')",1,2026-06-30T14:19:27Z,2026-06-30T14:19:27Z
POST,/auth/login [setup],"ConnectTimeoutError(<HTTPSConnection(host='tneapredictor-production.up.railway.app', port=443) at 0x1fb91a26350>, 'Connection to tneapredictor-production.up.railway.app timed out. (connect timeout=None)')",1,2026-06-30T14:19:27Z,2026-06-30T14:19:27Z
GET,/auth/me,"ConnectTimeoutError(<HTTPSConnection(host='tneapredictor-production.up.railway.app', port=443) at 0x1fb909e4050>, 'Connection to tneapredictor-production.up.railway.app timed out. (connect timeout=None)')",1,2026-06-30T14:19:42Z,2026-06-30T14:19:42Z
POST,/auth/login [setup],"ConnectTimeoutError(<HTTPSConnection(host='tneapredictor-production.up.railway.app', port=443) at 0x1fb912ce850>, 'Connection to tneapredictor-production.up.railway.app timed out. (connect timeout=None)')",1,2026-06-30T14:19:27Z,2026-06-30T14:19:27Z
POST,/predict/colleges [premium],"ConnectTimeoutError(<HTTPSConnection(host='tneapredictor-production.up.railway.app', port=443) at 0x1fb90107390>, 'Connection to tneapredictor-production.up.railway.app timed out. (connect timeout=None)')",1,2026-06-30T14:19:41Z,2026-06-30T14:19:41Z
POST,/predict/colleges [auth],"ConnectTimeoutError(<HTTPSConnection(host='tneapredictor-production.up.railway.app', port=443) at 0x1fb86081590>, 'Connection to tneapredictor-production.up.railway.app timed out. (connect timeout=None)')",1,2026-06-30T14:19:44Z,2026-06-30T14:19:44Z
GET,/auth/me,"ConnectTimeoutError(<HTTPSConnection(host='tneapredictor-production.up.railway.app', port=443) at 0x1fb8beea210>, 'Connection to tneapredictor-production.up.railway.app timed out. (connect timeout=None)')",1,2026-06-30T14:19:41Z,2026-06-30T14:19:41Z
POST,/auth/login [setup],"ConnectTimeoutError(<HTTPSConnection(host='tneapredictor-production.up.railway.app', port=443) at 0x1fb95807750>, 'Connection to tneapredictor-production.up.railway.app timed out. (connect timeout=None)')",1,2026-06-30T14:19:27Z,2026-06-30T14:19:27Z
POST,/auth/login [setup],"ConnectTimeoutError(<HTTPSConnection(host='tneapredictor-production.up.railway.app', port=443) at 0x1fb98185a90>, 'Connection to tneapredictor-production.up.railway.app timed out. (connect timeout=None)')",1,2026-06-30T14:19:28Z,2026-06-30T14:19:28Z
POST,/payment/create-order,"ConnectTimeoutError(<HTTPSConnection(host='tneapredictor-production.up.railway.app', port=443) at 0x1fbfa6d8cd0>, 'Connection to tneapredictor-production.up.railway.app timed out. (connect timeout=None)')",1,2026-06-30T14:19:40Z,2026-06-30T14:19:40Z
POST,/auth/login [setup],"ConnectTimeoutError(<HTTPSConnection(host='tneapredictor-production.up.railway.app', port=443) at 0x1fb9440d6d0>, 'Connection to tneapredictor-production.up.railway.app timed out. (connect timeout=None)')",1,2026-06-30T14:19:27Z,2026-06-30T14:19:27Z
POST,/auth/login [setup],"ConnectTimeoutError(<HTTPSConnection(host='tneapredictor-production.up.railway.app', port=443) at 0x1fb9a2f5d10>, 'Connection to tneapredictor-production.up.railway.app timed out. (connect timeout=None)')",1,2026-06-30T14:19:28Z,2026-06-30T14:19:28Z
GET,/auth/me,"ConnectTimeoutError(<HTTPSConnection(host='tneapredictor-production.up.railway.app', port=443) at 0x1fbf792ac10>, 'Connection to tneapredictor-production.up.railway.app timed out. (connect timeout=None)')",1,2026-06-30T14:19:40Z,2026-06-30T14:19:40Z
POST,/auth/login [setup],"ConnectTimeoutError(<HTTPSConnection(host='tneapredictor-production.up.railway.app', port=443) at 0x1fb9502c190>, 'Connection to tneapredictor-production.up.railway.app timed out. (connect timeout=None)')",1,2026-06-30T14:19:27Z,2026-06-30T14:19:27Z
GET,/auth/me,"ConnectTimeoutError(<HTTPSConnection(host='tneapredictor-production.up.railway.app', port=443) at 0x1fb853f5a90>, 'Connection to tneapredictor-production.up.railway.app timed out. (connect timeout=None)')",1,2026-06-30T14:19:43Z,2026-06-30T14:19:43Z
POST,/auth/login [setup],"ConnectTimeoutError(<HTTPSConnection(host='tneapredictor-production.up.railway.app', port=443) at 0x1fb991b74d0>, 'Connection to tneapredictor-production.up.railway.app timed out. (connect timeout=None)')",1,2026-06-30T14:19:28Z,2026-06-30T14:19:28Z
POST,/auth/login [setup],"ConnectTimeoutError(<HTTPSConnection(host='tneapredictor-production.up.railway.app', port=443) at 0x1fb99e416d0>, 'Connection to tneapredictor-production.up.railway.app timed out. (connect timeout=None)')",1,2026-06-30T14:19:28Z,2026-06-30T14:19:28Z
POST,/predict/colleges [premium],"ConnectTimeoutError(<HTTPSConnection(host='tneapredictor-production.up.railway.app', port=443) at 0x1fb991b7390>, 'Connection to tneapredictor-production.up.railway.app timed out. (connect timeout=None)')",1,2026-06-30T14:19:42Z,2026-06-30T14:19:42Z
GET,/auth/me,"ConnectTimeoutError(<HTTPSConnection(host='tneapredictor-production.up.railway.app', port=443) at 0x1fbf0a0f890>, 'Connection to tneapredictor-production.up.railway.app timed out. (connect timeout=None)')",1,2026-06-30T14:19:28Z,2026-06-30T14:19:28Z
POST,/auth/login [setup],"ConnectTimeoutError(<HTTPSConnection(host='tneapredictor-production.up.railway.app', port=443) at 0x1fb9a2f5090>, 'Connection to tneapredictor-production.up.railway.app timed out. (connect timeout=None)')",1,2026-06-30T14:19:28Z,2026-06-30T14:19:28Z
POST,/auth/login [setup],"ConnectTimeoutError(<HTTPSConnection(host='tneapredictor-production.up.railway.app', port=443) at 0x1fb958f6d50>, 'Connection to tneapredictor-production.up.railway.app timed out. (connect timeout=None)')",1,2026-06-30T14:19:28Z,2026-06-30T14:19:28Z
POST,/auth/login [setup],"ConnectTimeoutError(<HTTPSConnection(host='tneapredictor-production.up.railway.app', port=443) at 0x1fb98d84550>, 'Connection to tneapredictor-production.up.railway.app timed out. (connect timeout=None)')",1,2026-06-30T14:19:28Z,2026-06-30T14:19:28Z
POST,/auth/login [setup],"ConnectTimeoutError(<HTTPSConnection(host='tneapredictor-production.up.railway.app', port=443) at 0x1fb98625e50>, 'Connection to tneapredictor-production.up.railway.app timed out. (connect timeout=None)')",1,2026-06-30T14:19:28Z,2026-06-30T14:19:28Z
POST,/auth/login [setup],"ConnectTimeoutError(<HTTPSConnection(host='tneapredictor-production.up.railway.app', port=443) at 0x1fb9baa2fd0>, 'Connection to tneapredictor-production.up.railway.app timed out. (connect timeout=None)')",1,2026-06-30T14:19:28Z,2026-06-30T14:19:28Z
GET,/auth/me,"ConnectTimeoutError(<HTTPSConnection(host='tneapredictor-production.up.railway.app', port=443) at 0x1fb8c74a710>, 'Connection to tneapredictor-production.up.railway.app timed out. (connect timeout=None)')",1,2026-06-30T14:19:41Z,2026-06-30T14:19:41Z
POST,/auth/update-profile,"ConnectTimeoutError(<HTTPSConnection(host='tneapredictor-production.up.railway.app', port=443) at 0x1fb8d817390>, 'Connection to tneapredictor-production.up.railway.app timed out. (connect timeout=None)')",1,2026-06-30T14:19:41Z,2026-06-30T14:19:41Z
GET,/auth/me,"ConnectTimeoutError(<HTTPSConnection(host='tneapredictor-production.up.railway.app', port=443) at 0x1fb8d897ed0>, 'Connection to tneapredictor-production.up.railway.app timed out. (connect timeout=None)')",1,2026-06-30T14:19:41Z,2026-06-30T14:19:41Z
POST,/auth/login [setup],"ConnectTimeoutError(<HTTPSConnection(host='tneapredictor-production.up.railway.app', port=443) at 0x1fb9bb21090>, 'Connection to tneapredictor-production.up.railway.app timed out. (connect timeout=None)')",1,2026-06-30T14:19:28Z,2026-06-30T14:19:28Z
POST,/auth/login [setup],"ConnectTimeoutError(<HTTPSConnection(host='tneapredictor-production.up.railway.app', port=443) at 0x1fb960625d0>, 'Connection to tneapredictor-production.up.railway.app timed out. (connect timeout=None)')",1,2026-06-30T14:19:28Z,2026-06-30T14:19:28Z
POST,/auth/login [setup],"ConnectTimeoutError(<HTTPSConnection(host='tneapredictor-production.up.railway.app', port=443) at 0x1fb93ee87d0>, 'Connection to tneapredictor-production.up.railway.app timed out. (connect timeout=None)')",1,2026-06-30T14:19:27Z,2026-06-30T14:19:27Z
POST,/auth/login [setup],"ConnectTimeoutError(<HTTPSConnection(host='tneapredictor-production.up.railway.app', port=443) at 0x1fb89a3b250>, 'Connection to tneapredictor-production.up.railway.app timed out. (connect timeout=None)')",1,2026-06-30T14:19:20Z,2026-06-30T14:19:20Z
POST,/auth/login [setup],"ConnectTimeoutError(<HTTPSConnection(host='tneapredictor-production.up.railway.app', port=443) at 0x1fb97d46c10>, 'Connection to tneapredictor-production.up.railway.app timed out. (connect timeout=None)')",1,2026-06-30T14:19:28Z,2026-06-30T14:19:28Z
POST,/auth/login [setup],"ConnectTimeoutError(<HTTPSConnection(host='tneapredictor-production.up.railway.app', port=443) at 0x1fbf43cc050>, 'Connection to tneapredictor-production.up.railway.app timed out. (connect timeout=None)')",1,2026-06-30T14:19:05Z,2026-06-30T14:19:05Z
GET,/auth/me,"ConnectTimeoutError(<HTTPSConnection(host='tneapredictor-production.up.railway.app', port=443) at 0x1fb8e0e91d0>, 'Connection to tneapredictor-production.up.railway.app timed out. (connect timeout=None)')",1,2026-06-30T14:19:41Z,2026-06-30T14:19:41Z
GET,/auth/me,"ConnectTimeoutError(<HTTPSConnection(host='tneapredictor-production.up.railway.app', port=443) at 0x1fb8bf67750>, 'Connection to tneapredictor-production.up.railway.app timed out. (connect timeout=None)')",1,2026-06-30T14:19:41Z,2026-06-30T14:19:41Z
POST,/auth/login [setup],"ConnectTimeoutError(<HTTPSConnection(host='tneapredictor-production.up.railway.app', port=443) at 0x1fb88df3b10>, 'Connection to tneapredictor-production.up.railway.app timed out. (connect timeout=None)')",1,2026-06-30T14:19:20Z,2026-06-30T14:19:20Z
GET,/auth/me,"ConnectTimeoutError(<HTTPSConnection(host='tneapredictor-production.up.railway.app', port=443) at 0x1fbfd470190>, 'Connection to tneapredictor-production.up.railway.app timed out. (connect timeout=None)')",1,2026-06-30T14:19:40Z,2026-06-30T14:19:40Z
POST,/auth/login [setup],"ConnectTimeoutError(<HTTPSConnection(host='tneapredictor-production.up.railway.app', port=443) at 0x1fb94be8910>, 'Connection to tneapredictor-production.up.railway.app timed out. (connect timeout=None)')",1,2026-06-30T14:19:27Z,2026-06-30T14:19:27Z
POST,/auth/login [setup],"ConnectTimeoutError(<HTTPSConnection(host='tneapredictor-production.up.railway.app', port=443) at 0x1fb90e17110>, 'Connection to tneapredictor-production.up.railway.app timed out. (connect timeout=None)')",1,2026-06-30T14:19:26Z,2026-06-30T14:19:26Z
POST,/auth/login [setup],"ConnectTimeoutError(<HTTPSConnection(host='tneapredictor-production.up.railway.app', port=443) at 0x1fbf9f4ee90>, 'Connection to tneapredictor-production.up.railway.app timed out. (connect timeout=None)')",1,2026-06-30T14:19:06Z,2026-06-30T14:19:06Z
POST,/auth/login [setup],"ConnectTimeoutError(<HTTPSConnection(host='tneapredictor-production.up.railway.app', port=443) at 0x1fb981f8550>, 'Connection to tneapredictor-production.up.railway.app timed out. (connect timeout=None)')",1,2026-06-30T14:19:28Z,2026-06-30T14:19:28Z
POST,/auth/login [setup],"ConnectTimeoutError(<HTTPSConnection(host='tneapredictor-production.up.railway.app', port=443) at 0x1fb8f9987d0>, 'Connection to tneapredictor-production.up.railway.app timed out. (connect timeout=None)')",1,2026-06-30T14:19:21Z,2026-06-30T14:19:21Z
POST,/auth/login [setup],"ConnectTimeoutError(<HTTPSConnection(host='tneapredictor-production.up.railway.app', port=443) at 0x1fb90965bd0>, 'Connection to tneapredictor-production.up.railway.app timed out. (connect timeout=None)')",1,2026-06-30T14:19:23Z,2026-06-30T14:19:23Z
POST,/auth/login [setup],"ConnectTimeoutError(<HTTPSConnection(host='tneapredictor-production.up.railway.app', port=443) at 0x1fb960dd590>, 'Connection to tneapredictor-production.up.railway.app timed out. (connect timeout=None)')",1,2026-06-30T14:19:28Z,2026-06-30T14:19:28Z
POST,/auth/login [setup],"ConnectTimeoutError(<HTTPSConnection(host='tneapredictor-production.up.railway.app', port=443) at 0x1fbe120b110>, 'Connection to tneapredictor-production.up.railway.app timed out. (connect timeout=None)')",1,2026-06-30T14:19:04Z,2026-06-30T14:19:04Z
POST,/auth/login [setup],"ConnectTimeoutError(<HTTPSConnection(host='tneapredictor-production.up.railway.app', port=443) at 0x1fbf3adce10>, 'Connection to tneapredictor-production.up.railway.app timed out. (connect timeout=None)')",1,2026-06-30T14:19:05Z,2026-06-30T14:19:05Z
GET,/auth/me,"ConnectTimeoutError(<HTTPSConnection(host='tneapredictor-production.up.railway.app', port=443) at 0x1fb8a38d310>, 'Connection to tneapredictor-production.up.railway.app timed out. (connect timeout=None)')",1,2026-06-30T14:19:42Z,2026-06-30T14:19:42Z
POST,/auth/login [setup],"ConnectTimeoutError(<HTTPSConnection(host='tneapredictor-production.up.railway.app', port=443) at 0x1fb9922ac10>, 'Connection to tneapredictor-production.up.railway.app timed out. (connect timeout=None)')",1,2026-06-30T14:19:28Z,2026-06-30T14:19:28Z
POST,/auth/login [setup],"ConnectTimeoutError(<HTTPSConnection(host='tneapredictor-production.up.railway.app', port=443) at 0x1fbf1add6d0>, 'Connection to tneapredictor-production.up.railway.app timed out. (connect timeout=None)')",1,2026-06-30T14:19:05Z,2026-06-30T14:19:05Z
POST,/predict/colleges [premium],"ConnectTimeoutError(<HTTPSConnection(host='tneapredictor-production.up.railway.app', port=443) at 0x1fb87cd9d10>, 'Connection to tneapredictor-production.up.railway.app timed out. (connect timeout=None)')",1,2026-06-30T14:19:41Z,2026-06-30T14:19:41Z
POST,/predict/colleges [premium],"ConnectTimeoutError(<HTTPSConnection(host='tneapredictor-production.up.railway.app', port=443) at 0x1fb89ed8f50>, 'Connection to tneapredictor-production.up.railway.app timed out. (connect timeout=None)')",1,2026-06-30T14:19:41Z,2026-06-30T14:19:41Z
POST,/auth/login [setup],"ConnectTimeoutError(<HTTPSConnection(host='tneapredictor-production.up.railway.app', port=443) at 0x1fb93aa9450>, 'Connection to tneapredictor-production.up.railway.app timed out. (connect timeout=None)')",1,2026-06-30T14:19:27Z,2026-06-30T14:19:27Z
POST,/auth/login [setup],"ConnectTimeoutError(<HTTPSConnection(host='tneapredictor-production.up.railway.app', port=443) at 0x1fb9a71a490>, 'Connection to tneapredictor-production.up.railway.app timed out. (connect timeout=None)')",1,2026-06-30T14:19:28Z,2026-06-30T14:19:28Z
GET,/auth/me,"ConnectTimeoutError(<HTTPSConnection(host='tneapredictor-production.up.railway.app', port=443) at 0x1fb889f65d0>, 'Connection to tneapredictor-production.up.railway.app timed out. (connect timeout=None)')",1,2026-06-30T14:19:42Z,2026-06-30T14:19:42Z
POST,/predict/colleges [guest],"ConnectTimeoutError(<HTTPSConnection(host='tneapredictor-production.up.railway.app', port=443) at 0x1fb8fd70050>, 'Connection to tneapredictor-production.up.railway.app timed out. (connect timeout=None)')",1,2026-06-30T14:19:40Z,2026-06-30T14:19:40Z
POST,/auth/login [setup],"ConnectTimeoutError(<HTTPSConnection(host='tneapredictor-production.up.railway.app', port=443) at 0x1fbf01891d0>, 'Connection to tneapredictor-production.up.railway.app timed out. (connect timeout=None)')",1,2026-06-30T14:19:04Z,2026-06-30T14:19:04Z
POST,/predict/colleges [premium],"ConnectTimeoutError(<HTTPSConnection(host='tneapredictor-production.up.railway.app', port=443) at 0x1fb8e064e10>, 'Connection to tneapredictor-production.up.railway.app timed out. (connect timeout=None)')",1,2026-06-30T14:19:42Z,2026-06-30T14:19:42Z
GET,/auth/me,"ConnectTimeoutError(<HTTPSConnection(host='tneapredictor-production.up.railway.app', port=443) at 0x1fb93aa9310>, 'Connection to tneapredictor-production.up.railway.app timed out. (connect timeout=None)')",1,2026-06-30T14:19:42Z,2026-06-30T14:19:42Z
POST,/payment/create-order,"ConnectTimeoutError(<HTTPSConnection(host='tneapredictor-production.up.railway.app', port=443) at 0x1fb8e4a8910>, 'Connection to tneapredictor-production.up.railway.app timed out. (connect timeout=None)')",1,2026-06-30T14:19:41Z,2026-06-30T14:19:41Z
POST,/auth/login [setup],"ConnectTimeoutError(<HTTPSConnection(host='tneapredictor-production.up.railway.app', port=443) at 0x1fb91252e90>, 'Connection to tneapredictor-production.up.railway.app timed out. (connect timeout=None)')",1,2026-06-30T14:19:27Z,2026-06-30T14:19:27Z
POST,/auth/update-profile,"ConnectTimeoutError(<HTTPSConnection(host='tneapredictor-production.up.railway.app', port=443) at 0x1fbf4c9d450>, 'Connection to tneapredictor-production.up.railway.app timed out. (connect timeout=None)')",1,2026-06-30T14:19:40Z,2026-06-30T14:19:40Z
POST,/auth/login [setup],"ConnectTimeoutError(<HTTPSConnection(host='tneapredictor-production.up.railway.app', port=443) at 0x1fbf853c910>, 'Connection to tneapredictor-production.up.railway.app timed out. (connect timeout=None)')",1,2026-06-30T14:19:05Z,2026-06-30T14:19:05Z
POST,/auth/login [setup],"ConnectTimeoutError(<HTTPSConnection(host='tneapredictor-production.up.railway.app', port=443) at 0x1fb943111d0>, 'Connection to tneapredictor-production.up.railway.app timed out. (connect timeout=None)')",1,2026-06-30T14:19:27Z,2026-06-30T14:19:27Z
POST,/auth/login [setup],"ConnectTimeoutError(<HTTPSConnection(host='tneapredictor-production.up.railway.app', port=443) at 0x1fb99660e10>, 'Connection to tneapredictor-production.up.railway.app timed out. (connect timeout=None)')",1,2026-06-30T14:19:28Z,2026-06-30T14:19:28Z
POST,/auth/login [setup],"ConnectTimeoutError(<HTTPSConnection(host='tneapredictor-production.up.railway.app', port=443) at 0x1fbf4c2a0d0>, 'Connection to tneapredictor-production.up.railway.app timed out. (connect timeout=None)')",1,2026-06-30T14:19:05Z,2026-06-30T14:19:05Z
POST,/auth/login [setup],"ConnectTimeoutError(<HTTPSConnection(host='tneapredictor-production.up.railway.app', port=443) at 0x1fb8c3b3110>, 'Connection to tneapredictor-production.up.railway.app timed out. (connect timeout=None)')",1,2026-06-30T14:19:20Z,2026-06-30T14:19:20Z
POST,/auth/login [setup],"ConnectTimeoutError(<HTTPSConnection(host='tneapredictor-production.up.railway.app', port=443) at 0x1fb9baa39d0>, 'Connection to tneapredictor-production.up.railway.app timed out. (connect timeout=None)')",1,2026-06-30T14:19:28Z,2026-06-30T14:19:28Z
POST,/auth/update-profile,"ConnectTimeoutError(<HTTPSConnection(host='tneapredictor-production.up.railway.app', port=443) at 0x1fb8c83df90>, 'Connection to tneapredictor-production.up.railway.app timed out. (connect timeout=None)')",1,2026-06-30T14:19:41Z,2026-06-30T14:19:41Z
POST,/auth/login [setup],"ConnectTimeoutError(<HTTPSConnection(host='tneapredictor-production.up.railway.app', port=443) at 0x1fb8a314910>, 'Connection to tneapredictor-production.up.railway.app timed out. (connect timeout=None)')",1,2026-06-30T14:19:20Z,2026-06-30T14:19:20Z
POST,/payment/create-order,"ConnectTimeoutError(<HTTPSConnection(host='tneapredictor-production.up.railway.app', port=443) at 0x1fb83ab9310>, 'Connection to tneapredictor-production.up.railway.app timed out. (connect timeout=None)')",1,2026-06-30T14:19:40Z,2026-06-30T14:19:40Z
POST,/predict/colleges [premium],"ConnectTimeoutError(<HTTPSConnection(host='tneapredictor-production.up.railway.app', port=443) at 0x1fb90966e90>, 'Connection to tneapredictor-production.up.railway.app timed out. (connect timeout=None)')",1,2026-06-30T14:19:42Z,2026-06-30T14:19:42Z
POST,/auth/login [setup],"ConnectTimeoutError(<HTTPSConnection(host='tneapredictor-production.up.railway.app', port=443) at 0x1fb98626350>, 'Connection to tneapredictor-production.up.railway.app timed out. (connect timeout=None)')",1,2026-06-30T14:19:28Z,2026-06-30T14:19:28Z
POST,/auth/login [setup],"ConnectTimeoutError(<HTTPSConnection(host='tneapredictor-production.up.railway.app', port=443) at 0x1fb91aabd90>, 'Connection to tneapredictor-production.up.railway.app timed out. (connect timeout=None)')",1,2026-06-30T14:19:27Z,2026-06-30T14:19:27Z
POST,/auth/login [setup],"ConnectTimeoutError(<HTTPSConnection(host='tneapredictor-production.up.railway.app', port=443) at 0x1fbefd09f90>, 'Connection to tneapredictor-production.up.railway.app timed out. (connect timeout=None)')",1,2026-06-30T14:19:04Z,2026-06-30T14:19:04Z
POST,/auth/login [setup],"ConnectTimeoutError(<HTTPSConnection(host='tneapredictor-production.up.railway.app', port=443) at 0x1fb97886850>, 'Connection to tneapredictor-production.up.railway.app timed out. (connect timeout=None)')",1,2026-06-30T14:19:28Z,2026-06-30T14:19:28Z
POST,/predict/colleges [premium],"ConnectTimeoutError(<HTTPSConnection(host='tneapredictor-production.up.railway.app', port=443) at 0x1fbf1ade210>, 'Connection to tneapredictor-production.up.railway.app timed out. (connect timeout=None)')",1,2026-06-30T14:19:40Z,2026-06-30T14:19:40Z
POST,/auth/login [setup],"ConnectTimeoutError(<HTTPSConnection(host='tneapredictor-production.up.railway.app', port=443) at 0x1fb891c6850>, 'Connection to tneapredictor-production.up.railway.app timed out. (connect timeout=None)')",1,2026-06-30T14:19:20Z,2026-06-30T14:19:20Z
POST,/auth/login [setup],"ConnectTimeoutError(<HTTPSConnection(host='tneapredictor-production.up.railway.app', port=443) at 0x1fb93ee8a50>, 'Connection to tneapredictor-production.up.railway.app timed out. (connect timeout=None)')",1,2026-06-30T14:19:27Z,2026-06-30T14:19:27Z
POST,/auth/login [setup],"ConnectTimeoutError(<HTTPSConnection(host='tneapredictor-production.up.railway.app', port=443) at 0x1fb889f5a90>, 'Connection to tneapredictor-production.up.railway.app timed out. (connect timeout=None)')",1,2026-06-30T14:19:20Z,2026-06-30T14:19:20Z
POST,/auth/update-profile,"ConnectTimeoutError(<HTTPSConnection(host='tneapredictor-production.up.railway.app', port=443) at 0x1fb87cda210>, 'Connection to tneapredictor-production.up.railway.app timed out. (connect timeout=None)')",1,2026-06-30T14:19:41Z,2026-06-30T14:19:41Z
POST,/auth/login [setup],"ConnectTimeoutError(<HTTPSConnection(host='tneapredictor-production.up.railway.app', port=443) at 0x1fb90e8efd0>, 'Connection to tneapredictor-production.up.railway.app timed out. (connect timeout=None)')",1,2026-06-30T14:19:26Z,2026-06-30T14:19:26Z
POST,/predict/colleges [auth],"ConnectTimeoutError(<HTTPSConnection(host='tneapredictor-production.up.railway.app', port=443) at 0x1fb85829090>, 'Connection to tneapredictor-production.up.railway.app timed out. (connect timeout=None)')",1,2026-06-30T14:19:45Z,2026-06-30T14:19:45Z
POST,/auth/login [setup],"ConnectTimeoutError(<HTTPSConnection(host='tneapredictor-production.up.railway.app', port=443) at 0x1fb89a3afd0>, 'Connection to tneapredictor-production.up.railway.app timed out. (connect timeout=None)')",1,2026-06-30T14:19:20Z,2026-06-30T14:19:20Z
POST,/auth/login [setup],"ConnectTimeoutError(<HTTPSConnection(host='tneapredictor-production.up.railway.app', port=443) at 0x1fb9a6a9e50>, 'Connection to tneapredictor-production.up.railway.app timed out. (connect timeout=None)')",1,2026-06-30T14:19:28Z,2026-06-30T14:19:28Z
GET,/auth/me,"ConnectTimeoutError(<HTTPSConnection(host='tneapredictor-production.up.railway.app', port=443) at 0x1fb8e4aa710>, 'Connection to tneapredictor-production.up.railway.app timed out. (connect timeout=None)')",1,2026-06-30T14:19:41Z,2026-06-30T14:19:41Z
POST,/auth/login [setup],"ConnectTimeoutError(<HTTPSConnection(host='tneapredictor-production.up.railway.app', port=443) at 0x1fb9bf4d810>, 'Connection to tneapredictor-production.up.railway.app timed out. (connect timeout=None)')",1,2026-06-30T14:19:28Z,2026-06-30T14:19:28Z
POST,/auth/login [setup],"ConnectTimeoutError(<HTTPSConnection(host='tneapredictor-production.up.railway.app', port=443) at 0x1fbe1ace5d0>, 'Connection to tneapredictor-production.up.railway.app timed out. (connect timeout=None)')",1,2026-06-30T14:19:04Z,2026-06-30T14:19:04Z
GET,/auth/me,"ConnectTimeoutError(<HTTPSConnection(host='tneapredictor-production.up.railway.app', port=443) at 0x1fbf4c28e10>, 'Connection to tneapredictor-production.up.railway.app timed out. (connect timeout=None)')",1,2026-06-30T14:19:39Z,2026-06-30T14:19:39Z
POST,/auth/login [setup],"ConnectTimeoutError(<HTTPSConnection(host='tneapredictor-production.up.railway.app', port=443) at 0x1fb9542a710>, 'Connection to tneapredictor-production.up.railway.app timed out. (connect timeout=None)')",1,2026-06-30T14:19:27Z,2026-06-30T14:19:27Z
POST,/auth/login [setup],"ConnectTimeoutError(<HTTPSConnection(host='tneapredictor-production.up.railway.app', port=443) at 0x1fb94beb110>, 'Connection to tneapredictor-production.up.railway.app timed out. (connect timeout=None)')",1,2026-06-30T14:19:27Z,2026-06-30T14:19:27Z
POST,/predict/colleges [premium],"ConnectTimeoutError(<HTTPSConnection(host='tneapredictor-production.up.railway.app', port=443) at 0x1fb9baa3d90>, 'Connection to tneapredictor-production.up.railway.app timed out. (connect timeout=None)')",1,2026-06-30T14:19:42Z,2026-06-30T14:19:42Z
POST,/auth/login [setup],"ConnectTimeoutError(<HTTPSConnection(host='tneapredictor-production.up.railway.app', port=443) at 0x1fb97db47d0>, 'Connection to tneapredictor-production.up.railway.app timed out. (connect timeout=None)')",1,2026-06-30T14:19:28Z,2026-06-30T14:19:28Z
POST,/auth/login [setup],"ConnectTimeoutError(<HTTPSConnection(host='tneapredictor-production.up.railway.app', port=443) at 0x1fbf6090b90>, 'Connection to tneapredictor-production.up.railway.app timed out. (connect timeout=None)')",1,2026-06-30T14:19:05Z,2026-06-30T14:19:05Z
POST,/auth/login [setup],"ConnectTimeoutError(<HTTPSConnection(host='tneapredictor-production.up.railway.app', port=443) at 0x1fb960df890>, 'Connection to tneapredictor-production.up.railway.app timed out. (connect timeout=None)')",1,2026-06-30T14:19:28Z,2026-06-30T14:19:28Z
POST,/auth/login [setup],"ConnectTimeoutError(<HTTPSConnection(host='tneapredictor-production.up.railway.app', port=443) at 0x1fb9a718690>, 'Connection to tneapredictor-production.up.railway.app timed out. (connect timeout=None)')",1,2026-06-30T14:19:28Z,2026-06-30T14:19:28Z
POST,/auth/login [setup],"ConnectTimeoutError(<HTTPSConnection(host='tneapredictor-production.up.railway.app', port=443) at 0x1fb947d0190>, 'Connection to tneapredictor-production.up.railway.app timed out. (connect timeout=None)')",1,2026-06-30T14:19:27Z,2026-06-30T14:19:27Z
POST,/auth/login [setup],"ConnectTimeoutError(<HTTPSConnection(host='tneapredictor-production.up.railway.app', port=443) at 0x1fb8c3b2210>, 'Connection to tneapredictor-production.up.railway.app timed out. (connect timeout=None)')",1,2026-06-30T14:19:20Z,2026-06-30T14:19:20Z
POST,/auth/login [setup],"ConnectTimeoutError(<HTTPSConnection(host='tneapredictor-production.up.railway.app', port=443) at 0x1fbe9f15950>, 'Connection to tneapredictor-production.up.railway.app timed out. (connect timeout=None)')",1,2026-06-30T14:19:04Z,2026-06-30T14:19:04Z
POST,/auth/login [setup],"ConnectTimeoutError(<HTTPSConnection(host='tneapredictor-production.up.railway.app', port=443) at 0x1fbefd0a490>, 'Connection to tneapredictor-production.up.railway.app timed out. (connect timeout=None)')",1,2026-06-30T14:19:04Z,2026-06-30T14:19:04Z
GET,/auth/me,"ConnectTimeoutError(<HTTPSConnection(host='tneapredictor-production.up.railway.app', port=443) at 0x1fb9542afd0>, 'Connection to tneapredictor-production.up.railway.app timed out. (connect timeout=None)')",1,2026-06-30T14:19:42Z,2026-06-30T14:19:42Z
POST,/auth/login [setup],"ConnectTimeoutError(<HTTPSConnection(host='tneapredictor-production.up.railway.app', port=443) at 0x1fb98d86d50>, 'Connection to tneapredictor-production.up.railway.app timed out. (connect timeout=None)')",1,2026-06-30T14:19:28Z,2026-06-30T14:19:28Z
POST,/auth/login [setup],"ConnectTimeoutError(<HTTPSConnection(host='tneapredictor-production.up.railway.app', port=443) at 0x1fb9649a0d0>, 'Connection to tneapredictor-production.up.railway.app timed out. (connect timeout=None)')",1,2026-06-30T14:19:28Z,2026-06-30T14:19:28Z
POST,/predict/colleges [premium],"ConnectTimeoutError(<HTTPSConnection(host='tneapredictor-production.up.railway.app', port=443) at 0x1fb905b2d50>, 'Connection to tneapredictor-production.up.railway.app timed out. (connect timeout=None)')",1,2026-06-30T14:19:40Z,2026-06-30T14:19:40Z
POST,/auth/login [setup],"ConnectTimeoutError(<HTTPSConnection(host='tneapredictor-production.up.railway.app', port=443) at 0x1fb91ed2990>, 'Connection to tneapredictor-production.up.railway.app timed out. (connect timeout=None)')",1,2026-06-30T14:19:27Z,2026-06-30T14:19:27Z
POST,/payment/create-order,"ConnectTimeoutError(<HTTPSConnection(host='tneapredictor-production.up.railway.app', port=443) at 0x1fb8547ccd0>, 'Connection to tneapredictor-production.up.railway.app timed out. (connect timeout=None)')",1,2026-06-30T14:19:44Z,2026-06-30T14:19:44Z
POST,/auth/login [setup],"ConnectTimeoutError(<HTTPSConnection(host='tneapredictor-production.up.railway.app', port=443) at 0x1fbf0189950>, 'Connection to tneapredictor-production.up.railway.app timed out. (connect timeout=None)')",1,2026-06-30T14:19:04Z,2026-06-30T14:19:04Z
POST,/auth/login [setup],"ConnectTimeoutError(<HTTPSConnection(host='tneapredictor-production.up.railway.app', port=443) at 0x1fb958f65d0>, 'Connection to tneapredictor-production.up.railway.app timed out. (connect timeout=None)')",1,2026-06-30T14:19:28Z,2026-06-30T14:19:28Z
POST,/auth/login [setup],"ConnectTimeoutError(<HTTPSConnection(host='tneapredictor-production.up.railway.app', port=443) at 0x1fb9272b110>, 'Connection to tneapredictor-production.up.railway.app timed out. (connect timeout=None)')",1,2026-06-30T14:19:27Z,2026-06-30T14:19:27Z
POST,/payment/create-order,"ConnectTimeoutError(<HTTPSConnection(host='tneapredictor-production.up.railway.app', port=443) at 0x1fb8e4abd90>, 'Connection to tneapredictor-production.up.railway.app timed out. (connect timeout=None)')",1,2026-06-30T14:19:41Z,2026-06-30T14:19:41Z
POST,/predict/colleges [premium],"ConnectTimeoutError(<HTTPSConnection(host='tneapredictor-production.up.railway.app', port=443) at 0x1fb8e0e96d0>, 'Connection to tneapredictor-production.up.railway.app timed out. (connect timeout=None)')",1,2026-06-30T14:19:41Z,2026-06-30T14:19:41Z
POST,/auth/login [setup],"ConnectTimeoutError(<HTTPSConnection(host='tneapredictor-production.up.railway.app', port=443) at 0x1fb9502ce10>, 'Connection to tneapredictor-production.up.railway.app timed out. (connect timeout=None)')",1,2026-06-30T14:19:27Z,2026-06-30T14:19:27Z
POST,/auth/login [setup],"ConnectTimeoutError(<HTTPSConnection(host='tneapredictor-production.up.railway.app', port=443) at 0x1fb96517610>, 'Connection to tneapredictor-production.up.railway.app timed out. (connect timeout=None)')",1,2026-06-30T14:19:28Z,2026-06-30T14:19:28Z
GET,/predict/colleges-list,"ConnectTimeoutError(<HTTPSConnection(host='tneapredictor-production.up.railway.app', port=443) at 0x1fb8d0ae210>, 'Connection to tneapredictor-production.up.railway.app timed out. (connect timeout=None)')",1,2026-06-30T14:19:40Z,2026-06-30T14:19:40Z
POST,/auth/login [setup],"ConnectTimeoutError(<HTTPSConnection(host='tneapredictor-production.up.railway.app', port=443) at 0x1fbe4c18550>, 'Connection to tneapredictor-production.up.railway.app timed out. (connect timeout=None)')",1,2026-06-30T14:19:04Z,2026-06-30T14:19:04Z
POST,/auth/login [setup],"ConnectTimeoutError(<HTTPSConnection(host='tneapredictor-production.up.railway.app', port=443) at 0x1fb943107d0>, 'Connection to tneapredictor-production.up.railway.app timed out. (connect timeout=None)')",1,2026-06-30T14:19:27Z,2026-06-30T14:19:27Z
POST,/auth/login [setup],"ConnectTimeoutError(<HTTPSConnection(host='tneapredictor-production.up.railway.app', port=443) at 0x1fbec3cdbd0>, 'Connection to tneapredictor-production.up.railway.app timed out. (connect timeout=None)')",1,2026-06-30T14:19:04Z,2026-06-30T14:19:04Z
POST,/auth/login [setup],"ConnectTimeoutError(<HTTPSConnection(host='tneapredictor-production.up.railway.app', port=443) at 0x1fb92287750>, 'Connection to tneapredictor-production.up.railway.app timed out. (connect timeout=None)')",1,2026-06-30T14:19:27Z,2026-06-30T14:19:27Z
POST,/auth/login [setup],"ConnectTimeoutError(<HTTPSConnection(host='tneapredictor-production.up.railway.app', port=443) at 0x1fb93aa8f50>, 'Connection to tneapredictor-production.up.railway.app timed out. (connect timeout=None)')",1,2026-06-30T14:19:27Z,2026-06-30T14:19:27Z
POST,/auth/login [setup],"ConnectTimeoutError(<HTTPSConnection(host='tneapredictor-production.up.railway.app', port=443) at 0x1fb92728910>, 'Connection to tneapredictor-production.up.railway.app timed out. (connect timeout=None)')",1,2026-06-30T14:19:27Z,2026-06-30T14:19:27Z
POST,/auth/login [setup],"ConnectTimeoutError(<HTTPSConnection(host='tneapredictor-production.up.railway.app', port=443) at 0x1fb985b4b90>, 'Connection to tneapredictor-production.up.railway.app timed out. (connect timeout=None)')",1,2026-06-30T14:19:28Z,2026-06-30T14:19:28Z
POST,/auth/login [setup],"ConnectTimeoutError(<HTTPSConnection(host='tneapredictor-production.up.railway.app', port=443) at 0x1fb95ce5310>, 'Connection to tneapredictor-production.up.railway.app timed out. (connect timeout=None)')",1,2026-06-30T14:19:28Z,2026-06-30T14:19:28Z
POST,/auth/login [setup],"ConnectTimeoutError(<HTTPSConnection(host='tneapredictor-production.up.railway.app', port=443) at 0x1fb91ed0690>, 'Connection to tneapredictor-production.up.railway.app timed out. (connect timeout=None)')",1,2026-06-30T14:19:27Z,2026-06-30T14:19:27Z
POST,/payment/create-order,"ConnectTimeoutError(<HTTPSConnection(host='tneapredictor-production.up.railway.app', port=443) at 0x1fb8bb3d1d0>, 'Connection to tneapredictor-production.up.railway.app timed out. (connect timeout=None)')",1,2026-06-30T14:19:41Z,2026-06-30T14:19:41Z
POST,/auth/login [setup],"ConnectTimeoutError(<HTTPSConnection(host='tneapredictor-production.up.railway.app', port=443) at 0x1fb99f3aad0>, 'Connection to tneapredictor-production.up.railway.app timed out. (connect timeout=None)')",1,2026-06-30T14:19:28Z,2026-06-30T14:19:28Z
POST,/auth/login [setup],"ConnectTimeoutError(<HTTPSConnection(host='tneapredictor-production.up.railway.app', port=443) at 0x1fb8f921f90>, 'Connection to tneapredictor-production.up.railway.app timed out. (connect timeout=None)')",1,2026-06-30T14:19:21Z,2026-06-30T14:19:21Z
POST,/payment/create-order,"ConnectTimeoutError(<HTTPSConnection(host='tneapredictor-production.up.railway.app', port=443) at 0x1fb82299d10>, 'Connection to tneapredictor-production.up.railway.app timed out. (connect timeout=None)')",1,2026-06-30T14:19:40Z,2026-06-30T14:19:40Z
POST,/auth/login [setup],"ConnectTimeoutError(<HTTPSConnection(host='tneapredictor-production.up.railway.app', port=443) at 0x1fb94b73750>, 'Connection to tneapredictor-production.up.railway.app timed out. (connect timeout=None)')",1,2026-06-30T14:19:27Z,2026-06-30T14:19:27Z
POST,/auth/login [setup],"ConnectTimeoutError(<HTTPSConnection(host='tneapredictor-production.up.railway.app', port=443) at 0x1fbfd040f50>, 'Connection to tneapredictor-production.up.railway.app timed out. (connect timeout=None)')",1,2026-06-30T14:19:07Z,2026-06-30T14:19:07Z
POST,/predict/colleges [premium],"ConnectTimeoutError(<HTTPSConnection(host='tneapredictor-production.up.railway.app', port=443) at 0x1fb90106c10>, 'Connection to tneapredictor-production.up.railway.app timed out. (connect timeout=None)')",1,2026-06-30T14:19:41Z,2026-06-30T14:19:41Z
POST,/auth/login [setup],"ConnectTimeoutError(<HTTPSConnection(host='tneapredictor-production.up.railway.app', port=443) at 0x1fbe7d9d1d0>, 'Connection to tneapredictor-production.up.railway.app timed out. (connect timeout=None)')",1,2026-06-30T14:19:04Z,2026-06-30T14:19:04Z
POST,/auth/login [setup],"ConnectTimeoutError(<HTTPSConnection(host='tneapredictor-production.up.railway.app', port=443) at 0x1fb92729d10>, 'Connection to tneapredictor-production.up.railway.app timed out. (connect timeout=None)')",1,2026-06-30T14:19:27Z,2026-06-30T14:19:27Z
POST,/auth/login [setup],"ConnectTimeoutError(<HTTPSConnection(host='tneapredictor-production.up.railway.app', port=443) at 0x1fb9542a210>, 'Connection to tneapredictor-production.up.railway.app timed out. (connect timeout=None)')",1,2026-06-30T14:19:27Z,2026-06-30T14:19:27Z
POST,/predict/colleges [premium],"ConnectTimeoutError(<HTTPSConnection(host='tneapredictor-production.up.railway.app', port=443) at 0x1fb89a3a710>, 'Connection to tneapredictor-production.up.railway.app timed out. (connect timeout=None)')",1,2026-06-30T14:19:42Z,2026-06-30T14:19:42Z
POST,/auth/login [setup],"ConnectTimeoutError(<HTTPSConnection(host='tneapredictor-production.up.railway.app', port=443) at 0x1fbe3f2cb90>, 'Connection to tneapredictor-production.up.railway.app timed out. (connect timeout=None)')",1,2026-06-30T14:19:04Z,2026-06-30T14:19:04Z
GET,/auth/me,"ConnectTimeoutError(<HTTPSConnection(host='tneapredictor-production.up.railway.app', port=443) at 0x1fb909e79d0>, 'Connection to tneapredictor-production.up.railway.app timed out. (connect timeout=None)')",1,2026-06-30T14:19:42Z,2026-06-30T14:19:42Z
POST,/auth/login [setup],"ConnectTimeoutError(<HTTPSConnection(host='tneapredictor-production.up.railway.app', port=443) at 0x1fb94beae90>, 'Connection to tneapredictor-production.up.railway.app timed out. (connect timeout=None)')",1,2026-06-30T14:19:27Z,2026-06-30T14:19:27Z
POST,/payment/create-order,"ConnectTimeoutError(<HTTPSConnection(host='tneapredictor-production.up.railway.app', port=443) at 0x1fb8cc025d0>, 'Connection to tneapredictor-production.up.railway.app timed out. (connect timeout=None)')",1,2026-06-30T14:19:41Z,2026-06-30T14:19:41Z
POST,/auth/login [setup],"ConnectTimeoutError(<HTTPSConnection(host='tneapredictor-production.up.railway.app', port=443) at 0x1fb95807ed0>, 'Connection to tneapredictor-production.up.railway.app timed out. (connect timeout=None)')",1,2026-06-30T14:19:27Z,2026-06-30T14:19:27Z
POST,/predict/colleges [premium],"ConnectTimeoutError(<HTTPSConnection(host='tneapredictor-production.up.railway.app', port=443) at 0x1fbfdcd8190>, 'Connection to tneapredictor-production.up.railway.app timed out. (connect timeout=None)')",1,2026-06-30T14:19:40Z,2026-06-30T14:19:40Z
POST,/auth/login [setup],"ConnectTimeoutError(<HTTPSConnection(host='tneapredictor-production.up.railway.app', port=443) at 0x1fb89240190>, 'Connection to tneapredictor-production.up.railway.app timed out. (connect timeout=None)')",1,2026-06-30T14:19:20Z,2026-06-30T14:19:20Z
POST,/auth/login [setup],"ConnectTimeoutError(<HTTPSConnection(host='tneapredictor-production.up.railway.app', port=443) at 0x1fb981f82d0>, 'Connection to tneapredictor-production.up.railway.app timed out. (connect timeout=None)')",1,2026-06-30T14:19:28Z,2026-06-30T14:19:28Z
POST,/auth/login [setup],"ConnectTimeoutError(<HTTPSConnection(host='tneapredictor-production.up.railway.app', port=443) at 0x1fb95ce4e10>, 'Connection to tneapredictor-production.up.railway.app timed out. (connect timeout=None)')",1,2026-06-30T14:19:28Z,2026-06-30T14:19:28Z
POST,/predict/colleges [auth],"ConnectTimeoutError(<HTTPSConnection(host='tneapredictor-production.up.railway.app', port=443) at 0x1fb85cdafd0>, 'Connection to tneapredictor-production.up.railway.app timed out. (connect timeout=None)')",1,2026-06-30T14:19:45Z,2026-06-30T14:19:45Z
POST,/predict/colleges [auth],"ConnectTimeoutError(<HTTPSConnection(host='tneapredictor-production.up.railway.app', port=443) at 0x1fb98d85a90>, 'Connection to tneapredictor-production.up.railway.app timed out. (connect timeout=None)')",1,2026-06-30T14:19:48Z,2026-06-30T14:19:48Z
POST,/predict/colleges [premium],"ConnectTimeoutError(<HTTPSConnection(host='tneapredictor-production.up.railway.app', port=443) at 0x1fb8bf65e50>, 'Connection to tneapredictor-production.up.railway.app timed out. (connect timeout=None)')",1,2026-06-30T14:19:41Z,2026-06-30T14:19:41Z
POST,/auth/login [setup],"ConnectTimeoutError(<HTTPSConnection(host='tneapredictor-production.up.railway.app', port=443) at 0x1fb94b720d0>, 'Connection to tneapredictor-production.up.railway.app timed out. (connect timeout=None)')",1,2026-06-30T14:19:27Z,2026-06-30T14:19:27Z
POST,/auth/login [setup],"ConnectTimeoutError(<HTTPSConnection(host='tneapredictor-production.up.railway.app', port=443) at 0x1fb94b71450>, 'Connection to tneapredictor-production.up.railway.app timed out. (connect timeout=None)')",1,2026-06-30T14:19:27Z,2026-06-30T14:19:27Z
POST,/auth/login [setup],"ConnectTimeoutError(<HTTPSConnection(host='tneapredictor-production.up.railway.app', port=443) at 0x1fb93b1a210>, 'Connection to tneapredictor-production.up.railway.app timed out. (connect timeout=None)')",1,2026-06-30T14:19:27Z,2026-06-30T14:19:27Z
POST,/auth/login [setup],"ConnectTimeoutError(<HTTPSConnection(host='tneapredictor-production.up.railway.app', port=443) at 0x1fb99661810>, 'Connection to tneapredictor-production.up.railway.app timed out. (connect timeout=None)')",1,2026-06-30T14:19:28Z,2026-06-30T14:19:28Z
POST,/auth/login [setup],"ConnectTimeoutError(<HTTPSConnection(host='tneapredictor-production.up.railway.app', port=443) at 0x1fb985b5590>, 'Connection to tneapredictor-production.up.railway.app timed out. (connect timeout=None)')",1,2026-06-30T14:19:28Z,2026-06-30T14:19:28Z
POST,/auth/login [setup],"ConnectTimeoutError(<HTTPSConnection(host='tneapredictor-production.up.railway.app', port=443) at 0x1fb95806350>, 'Connection to tneapredictor-production.up.railway.app timed out. (connect timeout=None)')",1,2026-06-30T14:19:27Z,2026-06-30T14:19:27Z
POST,/payment/create-order,"ConnectTimeoutError(<HTTPSConnection(host='tneapredictor-production.up.railway.app', port=443) at 0x1fb8fd71e50>, 'Connection to tneapredictor-production.up.railway.app timed out. (connect timeout=None)')",1,2026-06-30T14:19:41Z,2026-06-30T14:19:41Z
POST,/auth/login [setup],"ConnectTimeoutError(<HTTPSConnection(host='tneapredictor-production.up.railway.app', port=443) at 0x1fb91672210>, 'Connection to tneapredictor-production.up.railway.app timed out. (connect timeout=None)')",1,2026-06-30T14:19:27Z,2026-06-30T14:19:27Z
GET,/auth/me,"ConnectTimeoutError(<HTTPSConnection(host='tneapredictor-production.up.railway.app', port=443) at 0x1fb8e0eb4d0>, 'Connection to tneapredictor-production.up.railway.app timed out. (connect timeout=None)')",1,2026-06-30T14:19:42Z,2026-06-30T14:19:42Z
POST,/auth/login [setup],"ConnectTimeoutError(<HTTPSConnection(host='tneapredictor-production.up.railway.app', port=443) at 0x1fbefd08190>, 'Connection to tneapredictor-production.up.railway.app timed out. (connect timeout=None)')",1,2026-06-30T14:19:04Z,2026-06-30T14:19:04Z
POST,/auth/login [setup],"ConnectTimeoutError(<HTTPSConnection(host='tneapredictor-production.up.railway.app', port=443) at 0x1fb87cdb9d0>, 'Connection to tneapredictor-production.up.railway.app timed out. (connect timeout=None)')",1,2026-06-30T14:19:19Z,2026-06-30T14:19:19Z
POST,/auth/login [setup],"ConnectTimeoutError(<HTTPSConnection(host='tneapredictor-production.up.railway.app', port=443) at 0x1fb90a5f250>, 'Connection to tneapredictor-production.up.railway.app timed out. (connect timeout=None)')",1,2026-06-30T14:19:26Z,2026-06-30T14:19:26Z
POST,/predict/colleges [premium],"ConnectTimeoutError(<HTTPSConnection(host='tneapredictor-production.up.railway.app', port=443) at 0x1fb8d488f50>, 'Connection to tneapredictor-production.up.railway.app timed out. (connect timeout=None)')",1,2026-06-30T14:19:41Z,2026-06-30T14:19:41Z
POST,/auth/login [setup],"ConnectTimeoutError(<HTTPSConnection(host='tneapredictor-production.up.railway.app', port=443) at 0x1fb99f38cd0>, 'Connection to tneapredictor-production.up.railway.app timed out. (connect timeout=None)')",1,2026-06-30T14:19:28Z,2026-06-30T14:19:28Z
POST,/auth/login [setup],"ConnectTimeoutError(<HTTPSConnection(host='tneapredictor-production.up.railway.app', port=443) at 0x1fbe85fe350>, 'Connection to tneapredictor-production.up.railway.app timed out. (connect timeout=None)')",1,2026-06-30T14:19:04Z,2026-06-30T14:19:04Z
POST,/predict/colleges [premium],"ConnectTimeoutError(<HTTPSConnection(host='tneapredictor-production.up.railway.app', port=443) at 0x1fb88d7f890>, 'Connection to tneapredictor-production.up.railway.app timed out. (connect timeout=None)')",1,2026-06-30T14:19:41Z,2026-06-30T14:19:41Z
POST,/auth/login [setup],"ConnectTimeoutError(<HTTPSConnection(host='tneapredictor-production.up.railway.app', port=443) at 0x1fb92302c10>, 'Connection to tneapredictor-production.up.railway.app timed out. (connect timeout=None)')",1,2026-06-30T14:19:27Z,2026-06-30T14:19:27Z
POST,/auth/login [setup],"ConnectTimeoutError(<HTTPSConnection(host='tneapredictor-production.up.railway.app', port=443) at 0x1fbf9ee02d0>, 'Connection to tneapredictor-production.up.railway.app timed out. (connect timeout=None)')",1,2026-06-30T14:19:06Z,2026-06-30T14:19:06Z
POST,/auth/login [setup],"ConnectTimeoutError(<HTTPSConnection(host='tneapredictor-production.up.railway.app', port=443) at 0x1fbf5816210>, 'Connection to tneapredictor-production.up.railway.app timed out. (connect timeout=None)')",1,2026-06-30T14:19:05Z,2026-06-30T14:19:05Z
POST,/auth/login [setup],"ConnectTimeoutError(<HTTPSConnection(host='tneapredictor-production.up.railway.app', port=443) at 0x1fbfa6da210>, 'Connection to tneapredictor-production.up.railway.app timed out. (connect timeout=None)')",1,2026-06-30T14:19:06Z,2026-06-30T14:19:06Z
POST,/auth/login [setup],"ConnectTimeoutError(<HTTPSConnection(host='tneapredictor-production.up.railway.app', port=443) at 0x1fb93aaa850>, 'Connection to tneapredictor-production.up.railway.app timed out. (connect timeout=None)')",1,2026-06-30T14:19:27Z,2026-06-30T14:19:27Z
POST,/payment/create-order,"ConnectTimeoutError(<HTTPSConnection(host='tneapredictor-production.up.railway.app', port=443) at 0x1fbff9151d0>, 'Connection to tneapredictor-production.up.railway.app timed out. (connect timeout=None)')",1,2026-06-30T14:19:40Z,2026-06-30T14:19:40Z
POST,/auth/login [setup],"ConnectTimeoutError(<HTTPSConnection(host='tneapredictor-production.up.railway.app', port=443) at 0x1fb94b73ed0>, 'Connection to tneapredictor-production.up.railway.app timed out. (connect timeout=None)')",1,2026-06-30T14:19:27Z,2026-06-30T14:19:27Z
POST,/payment/create-order,"ConnectTimeoutError(<HTTPSConnection(host='tneapredictor-production.up.railway.app', port=443) at 0x1fb98df4050>, 'Connection to tneapredictor-production.up.railway.app timed out. (connect timeout=None)')",1,2026-06-30T14:19:28Z,2026-06-30T14:19:28Z
GET,/auth/me,"ConnectTimeoutError(<HTTPSConnection(host='tneapredictor-production.up.railway.app', port=443) at 0x1fb8d031450>, 'Connection to tneapredictor-production.up.railway.app timed out. (connect timeout=None)')",1,2026-06-30T14:19:40Z,2026-06-30T14:19:40Z
POST,/auth/login [setup],"ConnectTimeoutError(<HTTPSConnection(host='tneapredictor-production.up.railway.app', port=443) at 0x1fbec345590>, 'Connection to tneapredictor-production.up.railway.app timed out. (connect timeout=None)')",1,2026-06-30T14:19:04Z,2026-06-30T14:19:04Z
POST,/auth/login [setup],"ConnectTimeoutError(<HTTPSConnection(host='tneapredictor-production.up.railway.app', port=443) at 0x1fb97cc20d0>, 'Connection to tneapredictor-production.up.railway.app timed out. (connect timeout=None)')",1,2026-06-30T14:19:28Z,2026-06-30T14:19:28Z
POST,/predict/colleges [premium],"ConnectTimeoutError(<HTTPSConnection(host='tneapredictor-production.up.railway.app', port=443) at 0x1fb8f921950>, 'Connection to tneapredictor-production.up.railway.app timed out. (connect timeout=None)')",1,2026-06-30T14:19:41Z,2026-06-30T14:19:41Z
POST,/payment/create-order,"ConnectTimeoutError(<HTTPSConnection(host='tneapredictor-production.up.railway.app', port=443) at 0x1fb8d48a850>, 'Connection to tneapredictor-production.up.railway.app timed out. (connect timeout=None)')",1,2026-06-30T14:19:41Z,2026-06-30T14:19:41Z
POST,/auth/login [setup],"ConnectTimeoutError(<HTTPSConnection(host='tneapredictor-production.up.railway.app', port=443) at 0x1fb99ec6990>, 'Connection to tneapredictor-production.up.railway.app timed out. (connect timeout=None)')",1,2026-06-30T14:19:28Z,2026-06-30T14:19:28Z
POST,/auth/login [setup],"ConnectTimeoutError(<HTTPSConnection(host='tneapredictor-production.up.railway.app', port=443) at 0x1fb95881090>, 'Connection to tneapredictor-production.up.railway.app timed out. (connect timeout=None)')",1,2026-06-30T14:19:27Z,2026-06-30T14:19:27Z
POST,/auth/login [setup],"ConnectTimeoutError(<HTTPSConnection(host='tneapredictor-production.up.railway.app', port=443) at 0x1fb91e52850>, 'Connection to tneapredictor-production.up.railway.app timed out. (connect timeout=None)')",1,2026-06-30T14:19:27Z,2026-06-30T14:19:27Z
POST,/auth/login [setup],"ConnectTimeoutError(<HTTPSConnection(host='tneapredictor-production.up.railway.app', port=443) at 0x1fb89670910>, 'Connection to tneapredictor-production.up.railway.app timed out. (connect timeout=None)')",1,2026-06-30T14:19:20Z,2026-06-30T14:19:20Z
POST,/auth/login [setup],"ConnectTimeoutError(<HTTPSConnection(host='tneapredictor-production.up.railway.app', port=443) at 0x1fb91e52fd0>, 'Connection to tneapredictor-production.up.railway.app timed out. (connect timeout=None)')",1,2026-06-30T14:19:27Z,2026-06-30T14:19:27Z
POST,/predict/colleges [premium],"ConnectTimeoutError(<HTTPSConnection(host='tneapredictor-production.up.railway.app', port=443) at 0x1fb80e242d0>, 'Connection to tneapredictor-production.up.railway.app timed out. (connect timeout=None)')",1,2026-06-30T14:19:40Z,2026-06-30T14:19:40Z
GET,/auth/me,"ConnectTimeoutError(<HTTPSConnection(host='tneapredictor-production.up.railway.app', port=443) at 0x1fbf896b4d0>, 'Connection to tneapredictor-production.up.railway.app timed out. (connect timeout=None)')",1,2026-06-30T14:19:40Z,2026-06-30T14:19:40Z
POST,/auth/update-profile,"ConnectTimeoutError(<HTTPSConnection(host='tneapredictor-production.up.railway.app', port=443) at 0x1fb8beeb610>, 'Connection to tneapredictor-production.up.railway.app timed out. (connect timeout=None)')",1,2026-06-30T14:19:41Z,2026-06-30T14:19:41Z
POST,/auth/login [setup],"ConnectTimeoutError(<HTTPSConnection(host='tneapredictor-production.up.railway.app', port=443) at 0x1fb97884a50>, 'Connection to tneapredictor-production.up.railway.app timed out. (connect timeout=None)')",1,2026-06-30T14:19:28Z,2026-06-30T14:19:28Z
POST,/auth/login [setup],"ConnectTimeoutError(<HTTPSConnection(host='tneapredictor-production.up.railway.app', port=443) at 0x1fb8e515090>, 'Connection to tneapredictor-production.up.railway.app timed out. (connect timeout=None)')",1,2026-06-30T14:19:21Z,2026-06-30T14:19:21Z
POST,/auth/login [setup],"ConnectTimeoutError(<HTTPSConnection(host='tneapredictor-production.up.railway.app', port=443) at 0x1fb947d2e90>, 'Connection to tneapredictor-production.up.railway.app timed out. (connect timeout=None)')",1,2026-06-30T14:19:27Z,2026-06-30T14:19:27Z
GET,/auth/me,"ConnectTimeoutError(<HTTPSConnection(host='tneapredictor-production.up.railway.app', port=443) at 0x1fb86102fd0>, 'Connection to tneapredictor-production.up.railway.app timed out. (connect timeout=None)')",1,2026-06-30T14:19:45Z,2026-06-30T14:19:45Z
POST,/predict/colleges [premium],"ConnectTimeoutError(<HTTPSConnection(host='tneapredictor-production.up.railway.app', port=443) at 0x1fbf8122d50>, 'Connection to tneapredictor-production.up.railway.app timed out. (connect timeout=None)')",1,2026-06-30T14:19:40Z,2026-06-30T14:19:40Z
POST,/predict/colleges [premium],"ConnectTimeoutError(<HTTPSConnection(host='tneapredictor-production.up.railway.app', port=443) at 0x1fbf9f4c050>, 'Connection to tneapredictor-production.up.railway.app timed out. (connect timeout=None)')",1,2026-06-30T14:19:28Z,2026-06-30T14:19:28Z
POST,/predict/colleges [premium],"ConnectTimeoutError(<HTTPSConnection(host='tneapredictor-production.up.railway.app', port=443) at 0x1fb885c3750>, 'Connection to tneapredictor-production.up.railway.app timed out. (connect timeout=None)')",1,2026-06-30T14:19:43Z,2026-06-30T14:19:43Z
POST,/auth/login [setup],"ConnectTimeoutError(<HTTPSConnection(host='tneapredictor-production.up.railway.app', port=443) at 0x1fb912cc7d0>, 'Connection to tneapredictor-production.up.railway.app timed out. (connect timeout=None)')",1,2026-06-30T14:19:27Z,2026-06-30T14:19:27Z
POST,/auth/login [setup],"ConnectTimeoutError(<HTTPSConnection(host='tneapredictor-production.up.railway.app', port=443) at 0x1fb91e539d0>, 'Connection to tneapredictor-production.up.railway.app timed out. (connect timeout=None)')",1,2026-06-30T14:19:27Z,2026-06-30T14:19:27Z
GET,/auth/me,"ConnectTimeoutError(<HTTPSConnection(host='tneapredictor-production.up.railway.app', port=443) at 0x1fb889f6350>, 'Connection to tneapredictor-production.up.railway.app timed out. (connect timeout=None)')",1,2026-06-30T14:19:41Z,2026-06-30T14:19:41Z
POST,/auth/login [setup],"ConnectTimeoutError(<HTTPSConnection(host='tneapredictor-production.up.railway.app', port=443) at 0x1fbe9e88e10>, 'Connection to tneapredictor-production.up.railway.app timed out. (connect timeout=None)')",1,2026-06-30T14:19:04Z,2026-06-30T14:19:04Z
GET,/auth/me,"ConnectTimeoutError(<HTTPSConnection(host='tneapredictor-production.up.railway.app', port=443) at 0x1fb8793d6d0>, 'Connection to tneapredictor-production.up.railway.app timed out. (connect timeout=None)')",1,2026-06-30T14:19:20Z,2026-06-30T14:19:20Z
POST,/auth/login [setup],"ConnectTimeoutError(<HTTPSConnection(host='tneapredictor-production.up.railway.app', port=443) at 0x1fb94313ed0>, 'Connection to tneapredictor-production.up.railway.app timed out. (connect timeout=None)')",1,2026-06-30T14:19:27Z,2026-06-30T14:19:27Z
GET,/auth/me,"ConnectTimeoutError(<HTTPSConnection(host='tneapredictor-production.up.railway.app', port=443) at 0x1fb947d16d0>, 'Connection to tneapredictor-production.up.railway.app timed out. (connect timeout=None)')",1,2026-06-30T14:19:42Z,2026-06-30T14:19:42Z
POST,/auth/login [setup],"ConnectTimeoutError(<HTTPSConnection(host='tneapredictor-production.up.railway.app', port=443) at 0x1fb978fa490>, 'Connection to tneapredictor-production.up.railway.app timed out. (connect timeout=None)')",1,2026-06-30T14:19:28Z,2026-06-30T14:19:28Z
POST,/auth/login [setup],"ConnectTimeoutError(<HTTPSConnection(host='tneapredictor-production.up.railway.app', port=443) at 0x1fb9502f610>, 'Connection to tneapredictor-production.up.railway.app timed out. (connect timeout=None)')",1,2026-06-30T14:19:27Z,2026-06-30T14:19:27Z
POST,/auth/login [setup],"ConnectTimeoutError(<HTTPSConnection(host='tneapredictor-production.up.railway.app', port=443) at 0x1fb93f5fd90>, 'Connection to tneapredictor-production.up.railway.app timed out. (connect timeout=None)')",1,2026-06-30T14:19:27Z,2026-06-30T14:19:27Z
POST,/auth/login [setup],"ConnectTimeoutError(<HTTPSConnection(host='tneapredictor-production.up.railway.app', port=443) at 0x1fb93f5c910>, 'Connection to tneapredictor-production.up.railway.app timed out. (connect timeout=None)')",1,2026-06-30T14:19:27Z,2026-06-30T14:19:27Z
POST,/auth/login [setup],"ConnectTimeoutError(<HTTPSConnection(host='tneapredictor-production.up.railway.app', port=443) at 0x1fb90e14910>, 'Connection to tneapredictor-production.up.railway.app timed out. (connect timeout=None)')",1,2026-06-30T14:19:26Z,2026-06-30T14:19:26Z
POST,/auth/login [setup],"ConnectTimeoutError(<HTTPSConnection(host='tneapredictor-production.up.railway.app', port=443) at 0x1fb991b5bd0>, 'Connection to tneapredictor-production.up.railway.app timed out. (connect timeout=None)')",1,2026-06-30T14:19:28Z,2026-06-30T14:19:28Z
POST,/auth/login [setup],"ConnectTimeoutError(<HTTPSConnection(host='tneapredictor-production.up.railway.app', port=443) at 0x1fb98df5a90>, 'Connection to tneapredictor-production.up.railway.app timed out. (connect timeout=None)')",1,2026-06-30T14:19:28Z,2026-06-30T14:19:28Z
POST,/auth/login [setup],"ConnectTimeoutError(<HTTPSConnection(host='tneapredictor-production.up.railway.app', port=443) at 0x1fb92303d90>, 'Connection to tneapredictor-production.up.railway.app timed out. (connect timeout=None)')",1,2026-06-30T14:19:27Z,2026-06-30T14:19:27Z
POST,/auth/login [setup],"ConnectTimeoutError(<HTTPSConnection(host='tneapredictor-production.up.railway.app', port=443) at 0x1fb8d0ac7d0>, 'Connection to tneapredictor-production.up.railway.app timed out. (connect timeout=None)')",1,2026-06-30T14:19:21Z,2026-06-30T14:19:21Z
POST,/auth/login [setup],"ConnectTimeoutError(<HTTPSConnection(host='tneapredictor-production.up.railway.app', port=443) at 0x1fb96061e50>, 'Connection to tneapredictor-production.up.railway.app timed out. (connect timeout=None)')",1,2026-06-30T14:19:28Z,2026-06-30T14:19:28Z
GET,/predict/colleges-list,"ConnectionResetError(10054, 'An existing connection was forcibly closed by the remote host', None, 10054, None)",3,2026-06-30T14:18:53Z,2026-06-30T14:19:09Z
POST,/auth/login [setup],"ConnectTimeoutError(<HTTPSConnection(host='tneapredictor-production.up.railway.app', port=443) at 0x1fb960611d0>, 'Connection to tneapredictor-production.up.railway.app timed out. (connect timeout=None)')",1,2026-06-30T14:19:28Z,2026-06-30T14:19:28Z
POST,/auth/login [setup],"ConnectTimeoutError(<HTTPSConnection(host='tneapredictor-production.up.railway.app', port=443) at 0x1fb95ce6990>, 'Connection to tneapredictor-production.up.railway.app timed out. (connect timeout=None)')",1,2026-06-30T14:19:28Z,2026-06-30T14:19:28Z
POST,/predict/colleges [auth],"gaierror(11001, 'getaddrinfo failed')",23,2026-06-30T14:19:37Z,2026-06-30T14:20:33Z
POST,/auth/login [setup],"ConnectTimeoutError(<HTTPSConnection(host='tneapredictor-production.up.railway.app', port=443) at 0x1fb986274d0>, 'Connection to tneapredictor-production.up.railway.app timed out. (connect timeout=None)')",1,2026-06-30T14:19:28Z,2026-06-30T14:19:28Z
POST,/predict/colleges [auth],"ConnectTimeoutError(<HTTPSConnection(host='tneapredictor-production.up.railway.app', port=443) at 0x1fb850420d0>, 'Connection to tneapredictor-production.up.railway.app timed out. (connect timeout=None)')",1,2026-06-30T14:19:46Z,2026-06-30T14:19:46Z
POST,/auth/login [setup],"ConnectTimeoutError(<HTTPSConnection(host='tneapredictor-production.up.railway.app', port=443) at 0x1fb92302e90>, 'Connection to tneapredictor-production.up.railway.app timed out. (connect timeout=None)')",1,2026-06-30T14:19:27Z,2026-06-30T14:19:27Z
POST,/predict/colleges [premium],"ConnectTimeoutError(<HTTPSConnection(host='tneapredictor-production.up.railway.app', port=443) at 0x1fb8d814190>, 'Connection to tneapredictor-production.up.railway.app timed out. (connect timeout=None)')",1,2026-06-30T14:19:41Z,2026-06-30T14:19:41Z
POST,/payment/create-order,"ConnectTimeoutError(<HTTPSConnection(host='tneapredictor-production.up.railway.app', port=443) at 0x1fb95805d10>, 'Connection to tneapredictor-production.up.railway.app timed out. (connect timeout=None)')",1,2026-06-30T14:19:42Z,2026-06-30T14:19:42Z
POST,/predict/colleges [premium],"ConnectTimeoutError(<HTTPSConnection(host='tneapredictor-production.up.railway.app', port=443) at 0x1fbf010b250>, 'Connection to tneapredictor-production.up.railway.app timed out. (connect timeout=None)')",1,2026-06-30T14:19:44Z,2026-06-30T14:19:44Z
POST,/predict/colleges [premium],"ConnectTimeoutError(<HTTPSConnection(host='tneapredictor-production.up.railway.app', port=443) at 0x1fb91252350>, 'Connection to tneapredictor-production.up.railway.app timed out. (connect timeout=None)')",1,2026-06-30T14:19:42Z,2026-06-30T14:19:42Z
POST,/predict/colleges [premium],"ConnectTimeoutError(<HTTPSConnection(host='tneapredictor-production.up.railway.app', port=443) at 0x1fb8bb3fc50>, 'Connection to tneapredictor-production.up.railway.app timed out. (connect timeout=None)')",1,2026-06-30T14:19:41Z,2026-06-30T14:19:41Z
POST,/auth/login [setup],"ConnectTimeoutError(<HTTPSConnection(host='tneapredictor-production.up.railway.app', port=443) at 0x1fb91ed2710>, 'Connection to tneapredictor-production.up.railway.app timed out. (connect timeout=None)')",1,2026-06-30T14:19:27Z,2026-06-30T14:19:27Z
POST,/auth/login [setup],"ConnectTimeoutError(<HTTPSConnection(host='tneapredictor-production.up.railway.app', port=443) at 0x1fb88541e50>, 'Connection to tneapredictor-production.up.railway.app timed out. (connect timeout=None)')",1,2026-06-30T14:19:20Z,2026-06-30T14:19:20Z
POST,/auth/login [setup],"ConnectTimeoutError(<HTTPSConnection(host='tneapredictor-production.up.railway.app', port=443) at 0x1fb99a12fd0>, 'Connection to tneapredictor-production.up.railway.app timed out. (connect timeout=None)')",1,2026-06-30T14:19:28Z,2026-06-30T14:19:28Z
POST,/auth/login [setup],"ConnectTimeoutError(<HTTPSConnection(host='tneapredictor-production.up.railway.app', port=443) at 0x1fb985b4410>, 'Connection to tneapredictor-production.up.railway.app timed out. (connect timeout=None)')",1,2026-06-30T14:19:28Z,2026-06-30T14:19:28Z
GET,/auth/me,"ConnectTimeoutError(<HTTPSConnection(host='tneapredictor-production.up.railway.app', port=443) at 0x1fb8d4891d0>, 'Connection to tneapredictor-production.up.railway.app timed out. (connect timeout=None)')",1,2026-06-30T14:19:41Z,2026-06-30T14:19:41Z
POST,/payment/create-order,"ConnectTimeoutError(<HTTPSConnection(host='tneapredictor-production.up.railway.app', port=443) at 0x1fb8e5142d0>, 'Connection to tneapredictor-production.up.railway.app timed out. (connect timeout=None)')",1,2026-06-30T14:19:42Z,2026-06-30T14:19:42Z
POST,/auth/login [setup],"ConnectTimeoutError(<HTTPSConnection(host='tneapredictor-production.up.railway.app', port=443) at 0x1fb98d856d0>, 'Connection to tneapredictor-production.up.railway.app timed out. (connect timeout=None)')",1,2026-06-30T14:19:28Z,2026-06-30T14:19:28Z
POST,/auth/login [setup],"ConnectTimeoutError(<HTTPSConnection(host='tneapredictor-production.up.railway.app', port=443) at 0x1fb989ef890>, 'Connection to tneapredictor-production.up.railway.app timed out. (connect timeout=None)')",1,2026-06-30T14:19:28Z,2026-06-30T14:19:28Z
POST,/auth/login [setup],"ConnectTimeoutError(<HTTPSConnection(host='tneapredictor-production.up.railway.app', port=443) at 0x1fb98df4410>, 'Connection to tneapredictor-production.up.railway.app timed out. (connect timeout=None)')",1,2026-06-30T14:19:28Z,2026-06-30T14:19:28Z
POST,/auth/login [setup],"ConnectTimeoutError(<HTTPSConnection(host='tneapredictor-production.up.railway.app', port=443) at 0x1fbfc326990>, 'Connection to tneapredictor-production.up.railway.app timed out. (connect timeout=None)')",1,2026-06-30T14:19:07Z,2026-06-30T14:19:07Z
GET,/auth/me,"ConnectTimeoutError(<HTTPSConnection(host='tneapredictor-production.up.railway.app', port=443) at 0x1fb8beea490>, 'Connection to tneapredictor-production.up.railway.app timed out. (connect timeout=None)')",1,2026-06-30T14:19:41Z,2026-06-30T14:19:41Z
POST,/auth/login [setup],"ConnectTimeoutError(<HTTPSConnection(host='tneapredictor-production.up.railway.app', port=443) at 0x1fb8f8a34d0>, 'Connection to tneapredictor-production.up.railway.app timed out. (connect timeout=None)')",1,2026-06-30T14:19:21Z,2026-06-30T14:19:21Z
POST,/auth/login [setup],"ConnectTimeoutError(<HTTPSConnection(host='tneapredictor-production.up.railway.app', port=443) at 0x1fbf1adefd0>, 'Connection to tneapredictor-production.up.railway.app timed out. (connect timeout=None)')",1,2026-06-30T14:19:05Z,2026-06-30T14:19:05Z
POST,/auth/login [setup],"ConnectTimeoutError(<HTTPSConnection(host='tneapredictor-production.up.railway.app', port=443) at 0x1fb89241810>, 'Connection to tneapredictor-production.up.railway.app timed out. (connect timeout=None)')",1,2026-06-30T14:19:20Z,2026-06-30T14:19:20Z
POST,/auth/update-profile,"ConnectTimeoutError(<HTTPSConnection(host='tneapredictor-production.up.railway.app', port=443) at 0x1fbf010ad50>, 'Connection to tneapredictor-production.up.railway.app timed out. (connect timeout=None)')",1,2026-06-30T14:19:44Z,2026-06-30T14:19:44Z
POST,/predict/colleges [premium],"ConnectTimeoutError(<HTTPSConnection(host='tneapredictor-production.up.railway.app', port=443) at 0x1fbe9613c50>, 'Connection to tneapredictor-production.up.railway.app timed out. (connect timeout=None)')",1,2026-06-30T14:19:39Z,2026-06-30T14:19:39Z
POST,/auth/login [setup],"ConnectTimeoutError(<HTTPSConnection(host='tneapredictor-production.up.railway.app', port=443) at 0x1fb9baa3750>, 'Connection to tneapredictor-production.up.railway.app timed out. (connect timeout=None)')",1,2026-06-30T14:19:28Z,2026-06-30T14:19:28Z
POST,/auth/login [setup],"ConnectTimeoutError(<HTTPSConnection(host='tneapredictor-production.up.railway.app', port=443) at 0x1fb958f74d0>, 'Connection to tneapredictor-production.up.railway.app timed out. (connect timeout=None)')",1,2026-06-30T14:19:28Z,2026-06-30T14:19:28Z
POST,/auth/login [setup],"ConnectTimeoutError(<HTTPSConnection(host='tneapredictor-production.up.railway.app', port=443) at 0x1fb9a2f4e10>, 'Connection to tneapredictor-production.up.railway.app timed out. (connect timeout=None)')",1,2026-06-30T14:19:28Z,2026-06-30T14:19:28Z
POST,/auth/login [setup],"ConnectTimeoutError(<HTTPSConnection(host='tneapredictor-production.up.railway.app', port=443) at 0x1fb91ed1310>, 'Connection to tneapredictor-production.up.railway.app timed out. (connect timeout=None)')",1,2026-06-30T14:19:27Z,2026-06-30T14:19:27Z
POST,/auth/login [setup],"ConnectTimeoutError(<HTTPSConnection(host='tneapredictor-production.up.railway.app', port=443) at 0x1fb8fd73d90>, 'Connection to tneapredictor-production.up.railway.app timed out. (connect timeout=None)')",1,2026-06-30T14:19:21Z,2026-06-30T14:19:21Z
POST,/auth/login [setup],"ConnectTimeoutError(<HTTPSConnection(host='tneapredictor-production.up.railway.app', port=443) at 0x1fb9a2f7b10>, 'Connection to tneapredictor-production.up.railway.app timed out. (connect timeout=None)')",1,2026-06-30T14:19:28Z,2026-06-30T14:19:28Z
POST,/auth/login [setup],"ConnectTimeoutError(<HTTPSConnection(host='tneapredictor-production.up.railway.app', port=443) at 0x1fb98df5310>, 'Connection to tneapredictor-production.up.railway.app timed out. (connect timeout=None)')",1,2026-06-30T14:19:28Z,2026-06-30T14:19:28Z
GET,/auth/me,"ConnectTimeoutError(<HTTPSConnection(host='tneapredictor-production.up.railway.app', port=443) at 0x1fb8582a990>, 'Connection to tneapredictor-production.up.railway.app timed out. (connect timeout=None)')",1,2026-06-30T14:19:45Z,2026-06-30T14:19:45Z
POST,/auth/login [setup],"ConnectTimeoutError(<HTTPSConnection(host='tneapredictor-production.up.railway.app', port=443) at 0x1fb97d45f90>, 'Connection to tneapredictor-production.up.railway.app timed out. (connect timeout=None)')",1,2026-06-30T14:19:28Z,2026-06-30T14:19:28Z
POST,/auth/login [setup],"ConnectTimeoutError(<HTTPSConnection(host='tneapredictor-production.up.railway.app', port=443) at 0x1fb98df6710>, 'Connection to tneapredictor-production.up.railway.app timed out. (connect timeout=None)')",1,2026-06-30T14:19:28Z,2026-06-30T14:19:28Z
GET,/auth/me,"ConnectTimeoutError(<HTTPSConnection(host='tneapredictor-production.up.railway.app', port=443) at 0x1fbf792b610>, 'Connection to tneapredictor-production.up.railway.app timed out. (connect timeout=None)')",1,2026-06-30T14:19:40Z,2026-06-30T14:19:40Z
POST,/auth/update-profile,"ConnectTimeoutError(<HTTPSConnection(host='tneapredictor-production.up.railway.app', port=443) at 0x1fb8cc00a50>, 'Connection to tneapredictor-production.up.railway.app timed out. (connect timeout=None)')",1,2026-06-30T14:19:40Z,2026-06-30T14:19:40Z
POST,/auth/update-profile,"ConnectTimeoutError(<HTTPSConnection(host='tneapredictor-production.up.railway.app', port=443) at 0x1fb8f999590>, 'Connection to tneapredictor-production.up.railway.app timed out. (connect timeout=None)')",1,2026-06-30T14:19:41Z,2026-06-30T14:19:41Z
POST,/auth/update-profile,"ConnectTimeoutError(<HTTPSConnection(host='tneapredictor-production.up.railway.app', port=443) at 0x1fbf5c4c550>, 'Connection to tneapredictor-production.up.railway.app timed out. (connect timeout=None)')",1,2026-06-30T14:19:40Z,2026-06-30T14:19:40Z
POST,/auth/login [setup],"ConnectTimeoutError(<HTTPSConnection(host='tneapredictor-production.up.railway.app', port=443) at 0x1fb926b39d0>, 'Connection to tneapredictor-production.up.railway.app timed out. (connect timeout=None)')",1,2026-06-30T14:19:27Z,2026-06-30T14:19:27Z
POST,/auth/login [setup],"ConnectTimeoutError(<HTTPSConnection(host='tneapredictor-production.up.railway.app', port=443) at 0x1fb89ab3610>, 'Connection to tneapredictor-production.up.railway.app timed out. (connect timeout=None)')",1,2026-06-30T14:19:20Z,2026-06-30T14:19:20Z
POST,/auth/login [setup],"ConnectTimeoutError(<HTTPSConnection(host='tneapredictor-production.up.railway.app', port=443) at 0x1fbe164df90>, 'Connection to tneapredictor-production.up.railway.app timed out. (connect timeout=None)')",1,2026-06-30T14:19:04Z,2026-06-30T14:19:04Z
GET,/auth/me,"ConnectTimeoutError(<HTTPSConnection(host='tneapredictor-production.up.railway.app', port=443) at 0x1fbfc7eec10>, 'Connection to tneapredictor-production.up.railway.app timed out. (connect timeout=None)')",1,2026-06-30T14:19:40Z,2026-06-30T14:19:40Z
POST,/auth/login [setup],"ConnectTimeoutError(<HTTPSConnection(host='tneapredictor-production.up.railway.app', port=443) at 0x1fb99662710>, 'Connection to tneapredictor-production.up.railway.app timed out. (connect timeout=None)')",1,2026-06-30T14:19:28Z,2026-06-30T14:19:28Z
POST,/auth/login [setup],"ConnectTimeoutError(<HTTPSConnection(host='tneapredictor-production.up.railway.app', port=443) at 0x1fbe2330550>, 'Connection to tneapredictor-production.up.railway.app timed out. (connect timeout=None)')",1,2026-06-30T14:19:04Z,2026-06-30T14:19:04Z
POST,/auth/login [setup],"ConnectTimeoutError(<HTTPSConnection(host='tneapredictor-production.up.railway.app', port=443) at 0x1fbfa75ccd0>, 'Connection to tneapredictor-production.up.railway.app timed out. (connect timeout=None)')",1,2026-06-30T14:19:06Z,2026-06-30T14:19:06Z
POST,/auth/login [setup],"ConnectTimeoutError(<HTTPSConnection(host='tneapredictor-production.up.railway.app', port=443) at 0x1fb92729590>, 'Connection to tneapredictor-production.up.railway.app timed out. (connect timeout=None)')",1,2026-06-30T14:19:27Z,2026-06-30T14:19:27Z
GET,/auth/me,"ConnectTimeoutError(<HTTPSConnection(host='tneapredictor-production.up.railway.app', port=443) at 0x1fb847e65d0>, 'Connection to tneapredictor-production.up.railway.app timed out. (connect timeout=None)')",1,2026-06-30T14:19:49Z,2026-06-30T14:19:49Z
POST,/predict/colleges [premium],"ConnectTimeoutError(<HTTPSConnection(host='tneapredictor-production.up.railway.app', port=443) at 0x1fb8f998190>, 'Connection to tneapredictor-production.up.railway.app timed out. (connect timeout=None)')",1,2026-06-30T14:19:41Z,2026-06-30T14:19:41Z
POST,/auth/login [setup],"ConnectTimeoutError(<HTTPSConnection(host='tneapredictor-production.up.railway.app', port=443) at 0x1fb99ec4910>, 'Connection to tneapredictor-production.up.railway.app timed out. (connect timeout=None)')",1,2026-06-30T14:19:28Z,2026-06-30T14:19:28Z
GET,/auth/me,"ConnectTimeoutError(<HTTPSConnection(host='tneapredictor-production.up.railway.app', port=443) at 0x1fbfdcd8410>, 'Connection to tneapredictor-production.up.railway.app timed out. (connect timeout=None)')",1,2026-06-30T14:19:40Z,2026-06-30T14:19:40Z
POST,/payment/create-order,HTTPError('401 Client Error: Unauthorized for url: /payment/create-order'),145,2026-06-30T14:19:01Z,2026-06-30T14:20:37Z
POST,/auth/login [setup],"ConnectTimeoutError(<HTTPSConnection(host='tneapredictor-production.up.railway.app', port=443) at 0x1fb8bac5bd0>, 'Connection to tneapredictor-production.up.railway.app timed out. (connect timeout=None)')",1,2026-06-30T14:19:20Z,2026-06-30T14:19:20Z
POST,/auth/login [setup],"ConnectTimeoutError(<HTTPSConnection(host='tneapredictor-production.up.railway.app', port=443) at 0x1fb9bed0f50>, 'Connection to tneapredictor-production.up.railway.app timed out. (connect timeout=None)')",1,2026-06-30T14:19:28Z,2026-06-30T14:19:28Z
POST,/auth/login [setup],"ConnectTimeoutError(<HTTPSConnection(host='tneapredictor-production.up.railway.app', port=443) at 0x1fbe899c910>, 'Connection to tneapredictor-production.up.railway.app timed out. (connect timeout=None)')",1,2026-06-30T14:19:04Z,2026-06-30T14:19:04Z
POST,/payment/create-order,"ConnectTimeoutError(<HTTPSConnection(host='tneapredictor-production.up.railway.app', port=443) at 0x1fb84b96210>, 'Connection to tneapredictor-production.up.railway.app timed out. (connect timeout=None)')",1,2026-06-30T14:19:42Z,2026-06-30T14:19:42Z
POST,/auth/login [setup],"ConnectTimeoutError(<HTTPSConnection(host='tneapredictor-production.up.railway.app', port=443) at 0x1fb912cca50>, 'Connection to tneapredictor-production.up.railway.app timed out. (connect timeout=None)')",1,2026-06-30T14:19:27Z,2026-06-30T14:19:27Z
POST,/auth/login [setup],"ConnectTimeoutError(<HTTPSConnection(host='tneapredictor-production.up.railway.app', port=443) at 0x1fbf3b55950>, 'Connection to tneapredictor-production.up.railway.app timed out. (connect timeout=None)')",1,2026-06-30T14:19:05Z,2026-06-30T14:19:05Z
POST,/auth/login [setup],"ConnectTimeoutError(<HTTPSConnection(host='tneapredictor-production.up.railway.app', port=443) at 0x1fb926b0550>, 'Connection to tneapredictor-production.up.railway.app timed out. (connect timeout=None)')",1,2026-06-30T14:19:27Z,2026-06-30T14:19:27Z
POST,/auth/login [setup],"ConnectTimeoutError(<HTTPSConnection(host='tneapredictor-production.up.railway.app', port=443) at 0x1fb94b71bd0>, 'Connection to tneapredictor-production.up.railway.app timed out. (connect timeout=None)')",1,2026-06-30T14:19:27Z,2026-06-30T14:19:27Z
POST,/auth/login [setup],"ConnectTimeoutError(<HTTPSConnection(host='tneapredictor-production.up.railway.app', port=443) at 0x1fb978f8910>, 'Connection to tneapredictor-production.up.railway.app timed out. (connect timeout=None)')",1,2026-06-30T14:19:28Z,2026-06-30T14:19:28Z
GET,/auth/me,"ConnectTimeoutError(<HTTPSConnection(host='tneapredictor-production.up.railway.app', port=443) at 0x1fb90e14050>, 'Connection to tneapredictor-production.up.railway.app timed out. (connect timeout=None)')",1,2026-06-30T14:19:42Z,2026-06-30T14:19:42Z
POST,/auth/login [setup],"ConnectTimeoutError(<HTTPSConnection(host='tneapredictor-production.up.railway.app', port=443) at 0x1fb97cc34d0>, 'Connection to tneapredictor-production.up.railway.app timed out. (connect timeout=None)')",1,2026-06-30T14:19:28Z,2026-06-30T14:19:28Z
POST,/auth/login [setup],"ConnectTimeoutError(<HTTPSConnection(host='tneapredictor-production.up.railway.app', port=443) at 0x1fbf8db2490>, 'Connection to tneapredictor-production.up.railway.app timed out. (connect timeout=None)')",1,2026-06-30T14:19:05Z,2026-06-30T14:19:05Z
POST,/auth/login [setup],"ConnectTimeoutError(<HTTPSConnection(host='tneapredictor-production.up.railway.app', port=443) at 0x1fb986260d0>, 'Connection to tneapredictor-production.up.railway.app timed out. (connect timeout=None)')",1,2026-06-30T14:19:28Z,2026-06-30T14:19:28Z
POST,/auth/login [setup],"ConnectTimeoutError(<HTTPSConnection(host='tneapredictor-production.up.railway.app', port=443) at 0x1fb991b5950>, 'Connection to tneapredictor-production.up.railway.app timed out. (connect timeout=None)')",1,2026-06-30T14:19:28Z,2026-06-30T14:19:28Z
POST,/auth/login [setup],"ConnectTimeoutError(<HTTPSConnection(host='tneapredictor-production.up.railway.app', port=443) at 0x1fb99229a90>, 'Connection to tneapredictor-production.up.railway.app timed out. (connect timeout=None)')",1,2026-06-30T14:19:28Z,2026-06-30T14:19:28Z
POST,/auth/login [setup],"ConnectTimeoutError(<HTTPSConnection(host='tneapredictor-production.up.railway.app', port=443) at 0x1fb96515810>, 'Connection to tneapredictor-production.up.railway.app timed out. (connect timeout=None)')",1,2026-06-30T14:19:28Z,2026-06-30T14:19:28Z
POST,/auth/login [setup],"ConnectTimeoutError(<HTTPSConnection(host='tneapredictor-production.up.railway.app', port=443) at 0x1fbf3b54cd0>, 'Connection to tneapredictor-production.up.railway.app timed out. (connect timeout=None)')",1,2026-06-30T14:19:05Z,2026-06-30T14:19:05Z
POST,/auth/login [setup],"ConnectTimeoutError(<HTTPSConnection(host='tneapredictor-production.up.railway.app', port=443) at 0x1fb97db56d0>, 'Connection to tneapredictor-production.up.railway.app timed out. (connect timeout=None)')",1,2026-06-30T14:19:28Z,2026-06-30T14:19:28Z
POST,/auth/login [setup],"ConnectTimeoutError(<HTTPSConnection(host='tneapredictor-production.up.railway.app', port=443) at 0x1fbe4ba4190>, 'Connection to tneapredictor-production.up.railway.app timed out. (connect timeout=None)')",1,2026-06-30T14:19:04Z,2026-06-30T14:19:04Z
POST,/predict/colleges [premium],"ConnectTimeoutError(<HTTPSConnection(host='tneapredictor-production.up.railway.app', port=443) at 0x1fb891c5810>, 'Connection to tneapredictor-production.up.railway.app timed out. (connect timeout=None)')",1,2026-06-30T14:19:41Z,2026-06-30T14:19:41Z
POST,/auth/update-profile,"ConnectTimeoutError(<HTTPSConnection(host='tneapredictor-production.up.railway.app', port=443) at 0x1fb909e47d0>, 'Connection to tneapredictor-production.up.railway.app timed out. (connect timeout=None)')",1,2026-06-30T14:19:41Z,2026-06-30T14:19:41Z
POST,/auth/login [setup],"ConnectTimeoutError(<HTTPSConnection(host='tneapredictor-production.up.railway.app', port=443) at 0x1fb995e3250>, 'Connection to tneapredictor-production.up.railway.app timed out. (connect timeout=None)')",1,2026-06-30T14:19:28Z,2026-06-30T14:19:28Z
POST,/auth/login [setup],"ConnectTimeoutError(<HTTPSConnection(host='tneapredictor-production.up.railway.app', port=443) at 0x1fb90a5d1d0>, 'Connection to tneapredictor-production.up.railway.app timed out. (connect timeout=None)')",1,2026-06-30T14:19:26Z,2026-06-30T14:19:26Z
POST,/auth/login [setup],"ConnectTimeoutError(<HTTPSConnection(host='tneapredictor-production.up.railway.app', port=443) at 0x1fb953c07d0>, 'Connection to tneapredictor-production.up.railway.app timed out. (connect timeout=None)')",1,2026-06-30T14:19:27Z,2026-06-30T14:19:27Z
POST,/auth/login [setup],"ConnectTimeoutError(<HTTPSConnection(host='tneapredictor-production.up.railway.app', port=443) at 0x1fb995e16d0>, 'Connection to tneapredictor-production.up.railway.app timed out. (connect timeout=None)')",1,2026-06-30T14:19:28Z,2026-06-30T14:19:28Z
GET,/auth/me,"ConnectTimeoutError(<HTTPSConnection(host='tneapredictor-production.up.railway.app', port=443) at 0x1fb81e6c410>, 'Connection to tneapredictor-production.up.railway.app timed out. (connect timeout=None)')",1,2026-06-30T14:19:40Z,2026-06-30T14:19:40Z
POST,/auth/login [setup],"ConnectTimeoutError(<HTTPSConnection(host='tneapredictor-production.up.railway.app', port=443) at 0x1fb905b2210>, 'Connection to tneapredictor-production.up.railway.app timed out. (connect timeout=None)')",1,2026-06-30T14:19:22Z,2026-06-30T14:19:22Z
POST,/auth/login [setup],"ConnectTimeoutError(<HTTPSConnection(host='tneapredictor-production.up.railway.app', port=443) at 0x1fb97db4f50>, 'Connection to tneapredictor-production.up.railway.app timed out. (connect timeout=None)')",1,2026-06-30T14:19:28Z,2026-06-30T14:19:28Z
POST,/auth/login [setup],"ConnectTimeoutError(<HTTPSConnection(host='tneapredictor-production.up.railway.app', port=443) at 0x1fb9a6a8cd0>, 'Connection to tneapredictor-production.up.railway.app timed out. (connect timeout=None)')",1,2026-06-30T14:19:28Z,2026-06-30T14:19:28Z
POST,/payment/create-order,"ConnectTimeoutError(<HTTPSConnection(host='tneapredictor-production.up.railway.app', port=443) at 0x1fb8c83c910>, 'Connection to tneapredictor-production.up.railway.app timed out. (connect timeout=None)')",1,2026-06-30T14:19:41Z,2026-06-30T14:19:41Z
POST,/auth/login [setup],"ConnectTimeoutError(<HTTPSConnection(host='tneapredictor-production.up.railway.app', port=443) at 0x1fb9440d1d0>, 'Connection to tneapredictor-production.up.railway.app timed out. (connect timeout=None)')",1,2026-06-30T14:19:27Z,2026-06-30T14:19:27Z
POST,/auth/login [setup],"ConnectTimeoutError(<HTTPSConnection(host='tneapredictor-production.up.railway.app', port=443) at 0x1fb9a6ab250>, 'Connection to tneapredictor-production.up.railway.app timed out. (connect timeout=None)')",1,2026-06-30T14:19:28Z,2026-06-30T14:19:28Z
POST,/payment/create-order,"ConnectTimeoutError(<HTTPSConnection(host='tneapredictor-production.up.railway.app', port=443) at 0x1fb864b0410>, 'Connection to tneapredictor-production.up.railway.app timed out. (connect timeout=None)')",1,2026-06-30T14:19:43Z,2026-06-30T14:19:43Z
POST,/predict/colleges [premium],"ConnectTimeoutError(<HTTPSConnection(host='tneapredictor-production.up.railway.app', port=443) at 0x1fb8e067d90>, 'Connection to tneapredictor-production.up.railway.app timed out. (connect timeout=None)')",1,2026-06-30T14:19:42Z,2026-06-30T14:19:42Z
POST,/auth/login [setup],"ConnectTimeoutError(<HTTPSConnection(host='tneapredictor-production.up.railway.app', port=443) at 0x1fb991b4cd0>, 'Connection to tneapredictor-production.up.railway.app timed out. (connect timeout=None)')",1,2026-06-30T14:19:28Z,2026-06-30T14:19:28Z
POST,/auth/login [setup],"ConnectTimeoutError(<HTTPSConnection(host='tneapredictor-production.up.railway.app', port=443) at 0x1fb90e15f90>, 'Connection to tneapredictor-production.up.railway.app timed out. (connect timeout=None)')",1,2026-06-30T14:19:26Z,2026-06-30T14:19:26Z
POST,/auth/login [setup],"ConnectTimeoutError(<HTTPSConnection(host='tneapredictor-production.up.railway.app', port=443) at 0x1fbf8db2990>, 'Connection to tneapredictor-production.up.railway.app timed out. (connect timeout=None)')",1,2026-06-30T14:19:05Z,2026-06-30T14:19:05Z
POST,/auth/login [setup],"ConnectTimeoutError(<HTTPSConnection(host='tneapredictor-production.up.railway.app', port=443) at 0x1fb989ed310>, 'Connection to tneapredictor-production.up.railway.app timed out. (connect timeout=None)')",1,2026-06-30T14:19:28Z,2026-06-30T14:19:28Z
POST,/predict/colleges [auth],"ConnectTimeoutError(<HTTPSConnection(host='tneapredictor-production.up.railway.app', port=443) at 0x1fb865af890>, 'Connection to tneapredictor-production.up.railway.app timed out. (connect timeout=None)')",1,2026-06-30T14:19:44Z,2026-06-30T14:19:44Z
POST,/auth/login [setup],"ConnectTimeoutError(<HTTPSConnection(host='tneapredictor-production.up.railway.app', port=443) at 0x1fb9bb22e90>, 'Connection to tneapredictor-production.up.railway.app timed out. (connect timeout=None)')",1,2026-06-30T14:19:28Z,2026-06-30T14:19:28Z
POST,/auth/login [setup],"ConnectTimeoutError(<HTTPSConnection(host='tneapredictor-production.up.railway.app', port=443) at 0x1fbf4343890>, 'Connection to tneapredictor-production.up.railway.app timed out. (connect timeout=None)')",1,2026-06-30T14:19:05Z,2026-06-30T14:19:05Z
POST,/auth/login [setup],"ConnectTimeoutError(<HTTPSConnection(host='tneapredictor-production.up.railway.app', port=443) at 0x1fb9649ad50>, 'Connection to tneapredictor-production.up.railway.app timed out. (connect timeout=None)')",1,2026-06-30T14:19:28Z,2026-06-30T14:19:28Z
POST,/payment/create-order,"ConnectTimeoutError(<HTTPSConnection(host='tneapredictor-production.up.railway.app', port=443) at 0x1fbfd041810>, 'Connection to tneapredictor-production.up.railway.app timed out. (connect timeout=None)')",1,2026-06-30T14:19:40Z,2026-06-30T14:19:40Z
POST,/auth/login [setup],"ConnectTimeoutError(<HTTPSConnection(host='tneapredictor-production.up.railway.app', port=443) at 0x1fb8fd73b10>, 'Connection to tneapredictor-production.up.railway.app timed out. (connect timeout=None)')",1,2026-06-30T14:19:21Z,2026-06-30T14:19:21Z
POST,/auth/login [setup],"ConnectTimeoutError(<HTTPSConnection(host='tneapredictor-production.up.railway.app', port=443) at 0x1fb96499bd0>, 'Connection to tneapredictor-production.up.railway.app timed out. (connect timeout=None)')",1,2026-06-30T14:19:28Z,2026-06-30T14:19:28Z
POST,/auth/login [setup],"ConnectTimeoutError(<HTTPSConnection(host='tneapredictor-production.up.railway.app', port=443) at 0x1fb94392990>, 'Connection to tneapredictor-production.up.railway.app timed out. (connect timeout=None)')",1,2026-06-30T14:19:27Z,2026-06-30T14:19:27Z
POST,/auth/login [setup],"ConnectTimeoutError(<HTTPSConnection(host='tneapredictor-production.up.railway.app', port=443) at 0x1fb93f5c690>, 'Connection to tneapredictor-production.up.railway.app timed out. (connect timeout=None)')",1,2026-06-30T14:19:27Z,2026-06-30T14:19:27Z
POST,/auth/login [setup],"ConnectTimeoutError(<HTTPSConnection(host='tneapredictor-production.up.railway.app', port=443) at 0x1fbf4c291d0>, 'Connection to tneapredictor-production.up.railway.app timed out. (connect timeout=None)')",1,2026-06-30T14:19:05Z,2026-06-30T14:19:05Z
POST,/predict/colleges [premium],"ConnectTimeoutError(<HTTPSConnection(host='tneapredictor-production.up.railway.app', port=443) at 0x1fbe1acd6d0>, 'Connection to tneapredictor-production.up.railway.app timed out. (connect timeout=None)')",1,2026-06-30T14:19:39Z,2026-06-30T14:19:39Z
POST,/payment/create-order,"ConnectTimeoutError(<HTTPSConnection(host='tneapredictor-production.up.railway.app', port=443) at 0x1fb8f99bb10>, 'Connection to tneapredictor-production.up.railway.app timed out. (connect timeout=None)')",1,2026-06-30T14:19:41Z,2026-06-30T14:19:41Z
GET,/auth/me,"ConnectTimeoutError(<HTTPSConnection(host='tneapredictor-production.up.railway.app', port=443) at 0x1fb8f922ad0>, 'Connection to tneapredictor-production.up.railway.app timed out. (connect timeout=None)')",1,2026-06-30T14:19:42Z,2026-06-30T14:19:42Z
POST,/auth/login [setup],"ConnectTimeoutError(<HTTPSConnection(host='tneapredictor-production.up.railway.app', port=443) at 0x1fb93f5ee90>, 'Connection to tneapredictor-production.up.railway.app timed out. (connect timeout=None)')",1,2026-06-30T14:19:27Z,2026-06-30T14:19:27Z
POST,/predict/colleges [premium],"ConnectTimeoutError(<HTTPSConnection(host='tneapredictor-production.up.railway.app', port=443) at 0x1fb8811a710>, 'Connection to tneapredictor-production.up.railway.app timed out. (connect timeout=None)')",1,2026-06-30T14:19:43Z,2026-06-30T14:19:43Z
GET,/auth/me,"ConnectTimeoutError(<HTTPSConnection(host='tneapredictor-production.up.railway.app', port=443) at 0x1fbe9e88550>, 'Connection to tneapredictor-production.up.railway.app timed out. (connect timeout=None)')",1,2026-06-30T14:19:40Z,2026-06-30T14:19:40Z
POST,/auth/login [setup],"ConnectTimeoutError(<HTTPSConnection(host='tneapredictor-production.up.railway.app', port=443) at 0x1fbf9e5bd90>, 'Connection to tneapredictor-production.up.railway.app timed out. (connect timeout=None)')",1,2026-06-30T14:19:06Z,2026-06-30T14:19:06Z
POST,/auth/login [setup],"ConnectTimeoutError(<HTTPSConnection(host='tneapredictor-production.up.railway.app', port=443) at 0x1fb91aaae90>, 'Connection to tneapredictor-production.up.railway.app timed out. (connect timeout=None)')",1,2026-06-30T14:19:27Z,2026-06-30T14:19:27Z
POST,/auth/update-profile,"ConnectTimeoutError(<HTTPSConnection(host='tneapredictor-production.up.railway.app', port=443) at 0x1fb90a5e710>, 'Connection to tneapredictor-production.up.railway.app timed out. (connect timeout=None)')",1,2026-06-30T14:19:42Z,2026-06-30T14:19:42Z
POST,/auth/login [setup],"ConnectTimeoutError(<HTTPSConnection(host='tneapredictor-production.up.railway.app', port=443) at 0x1fb91251d10>, 'Connection to tneapredictor-production.up.railway.app timed out. (connect timeout=None)')",1,2026-06-30T14:19:27Z,2026-06-30T14:19:27Z
POST,/payment/create-order,"ConnectTimeoutError(<HTTPSConnection(host='tneapredictor-production.up.railway.app', port=443) at 0x1fb8d0ae990>, 'Connection to tneapredictor-production.up.railway.app timed out. (connect timeout=None)')",1,2026-06-30T14:19:42Z,2026-06-30T14:19:42Z
POST,/auth/login [setup],"ConnectTimeoutError(<HTTPSConnection(host='tneapredictor-production.up.railway.app', port=443) at 0x1fb9bed39d0>, 'Connection to tneapredictor-production.up.railway.app timed out. (connect timeout=None)')",1,2026-06-30T14:19:28Z,2026-06-30T14:19:28Z
POST,/auth/login [setup],"ConnectTimeoutError(<HTTPSConnection(host='tneapredictor-production.up.railway.app', port=443) at 0x1fb947d3890>, 'Connection to tneapredictor-production.up.railway.app timed out. (connect timeout=None)')",1,2026-06-30T14:19:27Z,2026-06-30T14:19:27Z
POST,/auth/login [setup],"ConnectTimeoutError(<HTTPSConnection(host='tneapredictor-production.up.railway.app', port=443) at 0x1fb99f3a850>, 'Connection to tneapredictor-production.up.railway.app timed out. (connect timeout=None)')",1,2026-06-30T14:19:28Z,2026-06-30T14:19:28Z
POST,/auth/login [setup],"ConnectTimeoutError(<HTTPSConnection(host='tneapredictor-production.up.railway.app', port=443) at 0x1fb9649b750>, 'Connection to tneapredictor-production.up.railway.app timed out. (connect timeout=None)')",1,2026-06-30T14:19:28Z,2026-06-30T14:19:28Z
POST,/auth/login [setup],"ConnectTimeoutError(<HTTPSConnection(host='tneapredictor-production.up.railway.app', port=443) at 0x1fb99f38050>, 'Connection to tneapredictor-production.up.railway.app timed out. (connect timeout=None)')",1,2026-06-30T14:19:28Z,2026-06-30T14:19:28Z
POST,/auth/login [setup],"ConnectTimeoutError(<HTTPSConnection(host='tneapredictor-production.up.railway.app', port=443) at 0x1fb96516990>, 'Connection to tneapredictor-production.up.railway.app timed out. (connect timeout=None)')",1,2026-06-30T14:19:28Z,2026-06-30T14:19:28Z
POST,/auth/login [setup],"ConnectTimeoutError(<HTTPSConnection(host='tneapredictor-production.up.railway.app', port=443) at 0x1fb9bed02d0>, 'Connection to tneapredictor-production.up.railway.app timed out. (connect timeout=None)')",1,2026-06-30T14:19:28Z,2026-06-30T14:19:28Z
POST,/auth/login [setup],"ConnectTimeoutError(<HTTPSConnection(host='tneapredictor-production.up.railway.app', port=443) at 0x1fb99e42d50>, 'Connection to tneapredictor-production.up.railway.app timed out. (connect timeout=None)')",1,2026-06-30T14:19:28Z,2026-06-30T14:19:28Z
POST,/auth/login [setup],"ConnectTimeoutError(<HTTPSConnection(host='tneapredictor-production.up.railway.app', port=443) at 0x1fb90e8f9d0>, 'Connection to tneapredictor-production.up.railway.app timed out. (connect timeout=None)')",1,2026-06-30T14:19:26Z,2026-06-30T14:19:26Z
POST,/auth/login [setup],"ConnectTimeoutError(<HTTPSConnection(host='tneapredictor-production.up.railway.app', port=443) at 0x1fb90e8dbd0>, 'Connection to tneapredictor-production.up.railway.app timed out. (connect timeout=None)')",1,2026-06-30T14:19:26Z,2026-06-30T14:19:26Z
POST,/auth/login [setup],"ConnectTimeoutError(<HTTPSConnection(host='tneapredictor-production.up.railway.app', port=443) at 0x1fb864b16d0>, 'Connection to tneapredictor-production.up.railway.app timed out. (connect timeout=None)')",1,2026-06-30T14:19:19Z,2026-06-30T14:19:19Z
POST,/auth/login [setup],"ConnectTimeoutError(<HTTPSConnection(host='tneapredictor-production.up.railway.app', port=443) at 0x1fb947d2490>, 'Connection to tneapredictor-production.up.railway.app timed out. (connect timeout=None)')",1,2026-06-30T14:19:27Z,2026-06-30T14:19:27Z
POST,/predict/rank [auth],"ConnectTimeoutError(<HTTPSConnection(host='tneapredictor-production.up.railway.app', port=443) at 0x1fb86082490>, 'Connection to tneapredictor-production.up.railway.app timed out. (connect timeout=None)')",1,2026-06-30T14:19:44Z,2026-06-30T14:19:44Z
POST,/auth/login [setup],"ConnectTimeoutError(<HTTPSConnection(host='tneapredictor-production.up.railway.app', port=443) at 0x1fbefd0a990>, 'Connection to tneapredictor-production.up.railway.app timed out. (connect timeout=None)')",1,2026-06-30T14:19:04Z,2026-06-30T14:19:04Z
POST,/auth/login [setup],"ConnectTimeoutError(<HTTPSConnection(host='tneapredictor-production.up.railway.app', port=443) at 0x1fb922874d0>, 'Connection to tneapredictor-production.up.railway.app timed out. (connect timeout=None)')",1,2026-06-30T14:19:27Z,2026-06-30T14:19:27Z
POST,/predict/colleges [premium],"ConnectTimeoutError(<HTTPSConnection(host='tneapredictor-production.up.railway.app', port=443) at 0x1fb8beeae90>, 'Connection to tneapredictor-production.up.railway.app timed out. (connect timeout=None)')",1,2026-06-30T14:19:41Z,2026-06-30T14:19:41Z
POST,/auth/login [setup],"ConnectTimeoutError(<HTTPSConnection(host='tneapredictor-production.up.railway.app', port=443) at 0x1fb93aa82d0>, 'Connection to tneapredictor-production.up.railway.app timed out. (connect timeout=None)')",1,2026-06-30T14:19:27Z,2026-06-30T14:19:27Z
POST,/predict/colleges [premium],"ConnectTimeoutError(<HTTPSConnection(host='tneapredictor-production.up.railway.app', port=443) at 0x1fbf9f4e350>, 'Connection to tneapredictor-production.up.railway.app timed out. (connect timeout=None)')",1,2026-06-30T14:19:28Z,2026-06-30T14:19:28Z
POST,/auth/login [setup],"ConnectTimeoutError(<HTTPSConnection(host='tneapredictor-production.up.railway.app', port=443) at 0x1fb958f51d0>, 'Connection to tneapredictor-production.up.railway.app timed out. (connect timeout=None)')",1,2026-06-30T14:19:28Z,2026-06-30T14:19:28Z
POST,/auth/login [setup],"ConnectTimeoutError(<HTTPSConnection(host='tneapredictor-production.up.railway.app', port=443) at 0x1fb99a93890>, 'Connection to tneapredictor-production.up.railway.app timed out. (connect timeout=None)')",1,2026-06-30T14:19:28Z,2026-06-30T14:19:28Z
GET,/auth/me,"ConnectTimeoutError(<HTTPSConnection(host='tneapredictor-production.up.railway.app', port=443) at 0x1fb85040cd0>, 'Connection to tneapredictor-production.up.railway.app timed out. (connect timeout=None)')",1,2026-06-30T14:19:45Z,2026-06-30T14:19:45Z
POST,/predict/colleges [premium],"ConnectTimeoutError(<HTTPSConnection(host='tneapredictor-production.up.railway.app', port=443) at 0x1fb909e5950>, 'Connection to tneapredictor-production.up.railway.app timed out. (connect timeout=None)')",1,2026-06-30T14:19:41Z,2026-06-30T14:19:41Z
POST,/auth/login [setup],"ConnectTimeoutError(<HTTPSConnection(host='tneapredictor-production.up.railway.app', port=443) at 0x1fb9017cb90>, 'Connection to tneapredictor-production.up.railway.app timed out. (connect timeout=None)')",1,2026-06-30T14:19:21Z,2026-06-30T14:19:21Z
POST,/predict/colleges [premium],"ConnectTimeoutError(<HTTPSConnection(host='tneapredictor-production.up.railway.app', port=443) at 0x1fb88df0cd0>, 'Connection to tneapredictor-production.up.railway.app timed out. (connect timeout=None)')",1,2026-06-30T14:19:41Z,2026-06-30T14:19:41Z
POST,/auth/login [setup],"ConnectTimeoutError(<HTTPSConnection(host='tneapredictor-production.up.railway.app', port=443) at 0x1fb960dfd90>, 'Connection to tneapredictor-production.up.railway.app timed out. (connect timeout=None)')",1,2026-06-30T14:19:28Z,2026-06-30T14:19:28Z
POST,/payment/create-order,"ConnectTimeoutError(<HTTPSConnection(host='tneapredictor-production.up.railway.app', port=443) at 0x1fb8cfb7610>, 'Connection to tneapredictor-production.up.railway.app timed out. (connect timeout=None)')",1,2026-06-30T14:19:40Z,2026-06-30T14:19:40Z
POST,/predict/colleges [premium],"ConnectTimeoutError(<HTTPSConnection(host='tneapredictor-production.up.railway.app', port=443) at 0x1fbf01082d0>, 'Connection to tneapredictor-production.up.railway.app timed out. (connect timeout=None)')",1,2026-06-30T14:19:44Z,2026-06-30T14:19:44Z
POST,/auth/login [setup],"ConnectTimeoutError(<HTTPSConnection(host='tneapredictor-production.up.railway.app', port=443) at 0x1fbe0e5e850>, 'Connection to tneapredictor-production.up.railway.app timed out. (connect timeout=None)')",1,2026-06-30T14:19:04Z,2026-06-30T14:19:04Z
GET,/auth/me,"ConnectTimeoutError(<HTTPSConnection(host='tneapredictor-production.up.railway.app', port=443) at 0x1fbf0a0dd10>, 'Connection to tneapredictor-production.up.railway.app timed out. (connect timeout=None)')",1,2026-06-30T14:19:40Z,2026-06-30T14:19:40Z
POST,/auth/login [setup],"ConnectTimeoutError(<HTTPSConnection(host='tneapredictor-production.up.railway.app', port=443) at 0x1fb96498a50>, 'Connection to tneapredictor-production.up.railway.app timed out. (connect timeout=None)')",1,2026-06-30T14:19:28Z,2026-06-30T14:19:28Z
POST,/auth/login [setup],"ConnectTimeoutError(<HTTPSConnection(host='tneapredictor-production.up.railway.app', port=443) at 0x1fb89a3ad50>, 'Connection to tneapredictor-production.up.railway.app timed out. (connect timeout=None)')",1,2026-06-30T14:19:20Z,2026-06-30T14:19:20Z
POST,/auth/login [setup],"ConnectTimeoutError(<HTTPSConnection(host='tneapredictor-production.up.railway.app', port=443) at 0x1fb991b6fd0>, 'Connection to tneapredictor-production.up.railway.app timed out. (connect timeout=None)')",1,2026-06-30T14:19:28Z,2026-06-30T14:19:28Z
GET,/auth/me,"ConnectTimeoutError(<HTTPSConnection(host='tneapredictor-production.up.railway.app', port=443) at 0x1fb847e4cd0>, 'Connection to tneapredictor-production.up.railway.app timed out. (connect timeout=None)')",1,2026-06-30T14:19:48Z,2026-06-30T14:19:48Z
POST,/auth/login [setup],"ConnectTimeoutError(<HTTPSConnection(host='tneapredictor-production.up.railway.app', port=443) at 0x1fbf47f4050>, 'Connection to tneapredictor-production.up.railway.app timed out. (connect timeout=None)')",1,2026-06-30T14:19:05Z,2026-06-30T14:19:05Z
POST,/auth/login [setup],"ConnectTimeoutError(<HTTPSConnection(host='tneapredictor-production.up.railway.app', port=443) at 0x1fb9a718410>, 'Connection to tneapredictor-production.up.railway.app timed out. (connect timeout=None)')",1,2026-06-30T14:19:28Z,2026-06-30T14:19:28Z
GET,/auth/me,"ConnectTimeoutError(<HTTPSConnection(host='tneapredictor-production.up.railway.app', port=443) at 0x1fb85cd8f50>, 'Connection to tneapredictor-production.up.railway.app timed out. (connect timeout=None)')",1,2026-06-30T14:19:45Z,2026-06-30T14:19:45Z
POST,/auth/login [setup],"ConnectTimeoutError(<HTTPSConnection(host='tneapredictor-production.up.railway.app', port=443) at 0x1fb96499950>, 'Connection to tneapredictor-production.up.railway.app timed out. (connect timeout=None)')",1,2026-06-30T14:19:28Z,2026-06-30T14:19:28Z
POST,/auth/login [setup],"ConnectTimeoutError(<HTTPSConnection(host='tneapredictor-production.up.railway.app', port=443) at 0x1fb98d86350>, 'Connection to tneapredictor-production.up.railway.app timed out. (connect timeout=None)')",1,2026-06-30T14:19:28Z,2026-06-30T14:19:28Z
POST,/auth/login [setup],"ConnectTimeoutError(<HTTPSConnection(host='tneapredictor-production.up.railway.app', port=443) at 0x1fb989ef110>, 'Connection to tneapredictor-production.up.railway.app timed out. (connect timeout=None)')",1,2026-06-30T14:19:28Z,2026-06-30T14:19:28Z
POST,/auth/login [setup],"ConnectTimeoutError(<HTTPSConnection(host='tneapredictor-production.up.railway.app', port=443) at 0x1fbe8e38cd0>, 'Connection to tneapredictor-production.up.railway.app timed out. (connect timeout=None)')",1,2026-06-30T14:19:04Z,2026-06-30T14:19:04Z
POST,/auth/login [setup],"ConnectTimeoutError(<HTTPSConnection(host='tneapredictor-production.up.railway.app', port=443) at 0x1fb981f96d0>, 'Connection to tneapredictor-production.up.railway.app timed out. (connect timeout=None)')",1,2026-06-30T14:19:28Z,2026-06-30T14:19:28Z
POST,/auth/login [setup],"ConnectTimeoutError(<HTTPSConnection(host='tneapredictor-production.up.railway.app', port=443) at 0x1fb94313750>, 'Connection to tneapredictor-production.up.railway.app timed out. (connect timeout=None)')",1,2026-06-30T14:19:27Z,2026-06-30T14:19:27Z
POST,/auth/login [setup],"ConnectTimeoutError(<HTTPSConnection(host='tneapredictor-production.up.railway.app', port=443) at 0x1fb97db6850>, 'Connection to tneapredictor-production.up.railway.app timed out. (connect timeout=None)')",1,2026-06-30T14:19:28Z,2026-06-30T14:19:28Z
POST,/auth/login [setup],"ConnectTimeoutError(<HTTPSConnection(host='tneapredictor-production.up.railway.app', port=443) at 0x1fb9baa2850>, 'Connection to tneapredictor-production.up.railway.app timed out. (connect timeout=None)')",1,2026-06-30T14:19:28Z,2026-06-30T14:19:28Z
POST,/auth/login [setup],"ConnectTimeoutError(<HTTPSConnection(host='tneapredictor-production.up.railway.app', port=443) at 0x1fb92728690>, 'Connection to tneapredictor-production.up.railway.app timed out. (connect timeout=None)')",1,2026-06-30T14:19:27Z,2026-06-30T14:19:27Z
POST,/auth/login [setup],"ConnectTimeoutError(<HTTPSConnection(host='tneapredictor-production.up.railway.app', port=443) at 0x1fb953c2350>, 'Connection to tneapredictor-production.up.railway.app timed out. (connect timeout=None)')",1,2026-06-30T14:19:27Z,2026-06-30T14:19:27Z
POST,/auth/login [setup],"ConnectTimeoutError(<HTTPSConnection(host='tneapredictor-production.up.railway.app', port=443) at 0x1fb953c0050>, 'Connection to tneapredictor-production.up.railway.app timed out. (connect timeout=None)')",1,2026-06-30T14:19:27Z,2026-06-30T14:19:27Z
POST,/auth/login [setup],"ConnectTimeoutError(<HTTPSConnection(host='tneapredictor-production.up.railway.app', port=443) at 0x1fb953c25d0>, 'Connection to tneapredictor-production.up.railway.app timed out. (connect timeout=None)')",1,2026-06-30T14:19:27Z,2026-06-30T14:19:27Z
POST,/predict/colleges [premium],"ConnectTimeoutError(<HTTPSConnection(host='tneapredictor-production.up.railway.app', port=443) at 0x1fb8f922fd0>, 'Connection to tneapredictor-production.up.railway.app timed out. (connect timeout=None)')",1,2026-06-30T14:19:41Z,2026-06-30T14:19:41Z
POST,/auth/login [setup],"ConnectTimeoutError(<HTTPSConnection(host='tneapredictor-production.up.railway.app', port=443) at 0x1fb960dda90>, 'Connection to tneapredictor-production.up.railway.app timed out. (connect timeout=None)')",1,2026-06-30T14:19:28Z,2026-06-30T14:19:28Z
POST,/auth/login [setup],"ConnectTimeoutError(<HTTPSConnection(host='tneapredictor-production.up.railway.app', port=443) at 0x1fb9502ee90>, 'Connection to tneapredictor-production.up.railway.app timed out. (connect timeout=None)')",1,2026-06-30T14:19:27Z,2026-06-30T14:19:27Z
POST,/auth/login [setup],"ConnectTimeoutError(<HTTPSConnection(host='tneapredictor-production.up.railway.app', port=443) at 0x1fb97884cd0>, 'Connection to tneapredictor-production.up.railway.app timed out. (connect timeout=None)')",1,2026-06-30T14:19:28Z,2026-06-30T14:19:28Z
POST,/auth/login [setup],"ConnectTimeoutError(<HTTPSConnection(host='tneapredictor-production.up.railway.app', port=443) at 0x1fb8f923390>, 'Connection to tneapredictor-production.up.railway.app timed out. (connect timeout=None)')",1,2026-06-30T14:19:21Z,2026-06-30T14:19:21Z
POST,/payment/create-order,"ConnectTimeoutError(<HTTPSConnection(host='tneapredictor-production.up.railway.app', port=443) at 0x1fbf010bc50>, 'Connection to tneapredictor-production.up.railway.app timed out. (connect timeout=None)')",1,2026-06-30T14:19:44Z,2026-06-30T14:19:44Z
POST,/auth/login [setup],"ConnectTimeoutError(<HTTPSConnection(host='tneapredictor-production.up.railway.app', port=443) at 0x1fb97cc1950>, 'Connection to tneapredictor-production.up.railway.app timed out. (connect timeout=None)')",1,2026-06-30T14:19:28Z,2026-06-30T14:19:28Z
POST,/auth/login [setup],"ConnectTimeoutError(<HTTPSConnection(host='tneapredictor-production.up.railway.app', port=443) at 0x1fb8f923890>, 'Connection to tneapredictor-production.up.railway.app timed out. (connect timeout=None)')",1,2026-06-30T14:19:21Z,2026-06-30T14:19:21Z
POST,/auth/login [setup],"ConnectTimeoutError(<HTTPSConnection(host='tneapredictor-production.up.railway.app', port=443) at 0x1fb978879d0>, 'Connection to tneapredictor-production.up.railway.app timed out. (connect timeout=None)')",1,2026-06-30T14:19:28Z,2026-06-30T14:19:28Z
POST,/auth/login [setup],"ConnectTimeoutError(<HTTPSConnection(host='tneapredictor-production.up.railway.app', port=443) at 0x1fb8dcd6710>, 'Connection to tneapredictor-production.up.railway.app timed out. (connect timeout=None)')",1,2026-06-30T14:19:21Z,2026-06-30T14:19:21Z
POST,/predict/colleges [premium],"ConnectTimeoutError(<HTTPSConnection(host='tneapredictor-production.up.railway.app', port=443) at 0x1fb865ad590>, 'Connection to tneapredictor-production.up.railway.app timed out. (connect timeout=None)')",1,2026-06-30T14:19:44Z,2026-06-30T14:19:44Z
POST,/auth/login [setup],"ConnectTimeoutError(<HTTPSConnection(host='tneapredictor-production.up.railway.app', port=443) at 0x1fbfa6db890>, 'Connection to tneapredictor-production.up.railway.app timed out. (connect timeout=None)')",1,2026-06-30T14:19:06Z,2026-06-30T14:19:06Z
POST,/predict/colleges [premium],"ConnectTimeoutError(<HTTPSConnection(host='tneapredictor-production.up.railway.app', port=443) at 0x1fb90107610>, 'Connection to tneapredictor-production.up.railway.app timed out. (connect timeout=None)')",1,2026-06-30T14:19:42Z,2026-06-30T14:19:42Z
GET,/auth/me,"ConnectTimeoutError(<HTTPSConnection(host='tneapredictor-production.up.railway.app', port=443) at 0x1fb85c5a490>, 'Connection to tneapredictor-production.up.railway.app timed out. (connect timeout=None)')",1,2026-06-30T14:19:40Z,2026-06-30T14:19:40Z
POST,/auth/login [setup],"ConnectTimeoutError(<HTTPSConnection(host='tneapredictor-production.up.railway.app', port=443) at 0x1fbe85fe850>, 'Connection to tneapredictor-production.up.railway.app timed out. (connect timeout=None)')",1,2026-06-30T14:19:04Z,2026-06-30T14:19:04Z
POST,/auth/login [setup],"ConnectTimeoutError(<HTTPSConnection(host='tneapredictor-production.up.railway.app', port=443) at 0x1fbe9e8bb10>, 'Connection to tneapredictor-production.up.railway.app timed out. (connect timeout=None)')",1,2026-06-30T14:19:04Z,2026-06-30T14:19:04Z
POST,/auth/login [setup],"ConnectTimeoutError(<HTTPSConnection(host='tneapredictor-production.up.railway.app', port=443) at 0x1fb87d4c190>, 'Connection to tneapredictor-production.up.railway.app timed out. (connect timeout=None)')",1,2026-06-30T14:19:19Z,2026-06-30T14:19:19Z
POST,/auth/login [setup],"ConnectTimeoutError(<HTTPSConnection(host='tneapredictor-production.up.railway.app', port=443) at 0x1fb9440f250>, 'Connection to tneapredictor-production.up.railway.app timed out. (connect timeout=None)')",1,2026-06-30T14:19:27Z,2026-06-30T14:19:27Z
POST,/auth/login [setup],"ConnectTimeoutError(<HTTPSConnection(host='tneapredictor-production.up.railway.app', port=443) at 0x1fb8a314690>, 'Connection to tneapredictor-production.up.railway.app timed out. (connect timeout=None)')",1,2026-06-30T14:19:20Z,2026-06-30T14:19:20Z
POST,/payment/create-order,"ConnectTimeoutError(<HTTPSConnection(host='tneapredictor-production.up.railway.app', port=443) at 0x1fbf91e4a50>, 'Connection to tneapredictor-production.up.railway.app timed out. (connect timeout=None)')",1,2026-06-30T14:19:28Z,2026-06-30T14:19:28Z
POST,/auth/login [setup],"ConnectTimeoutError(<HTTPSConnection(host='tneapredictor-production.up.railway.app', port=443) at 0x1fb978fbd90>, 'Connection to tneapredictor-production.up.railway.app timed out. (connect timeout=None)')",1,2026-06-30T14:19:28Z,2026-06-30T14:19:28Z
POST,/auth/login [setup],"ConnectTimeoutError(<HTTPSConnection(host='tneapredictor-production.up.railway.app', port=443) at 0x1fb9bed0cd0>, 'Connection to tneapredictor-production.up.railway.app timed out. (connect timeout=None)')",1,2026-06-30T14:19:28Z,2026-06-30T14:19:28Z
POST,/auth/login [setup],"ConnectTimeoutError(<HTTPSConnection(host='tneapredictor-production.up.railway.app', port=443) at 0x1fb99662990>, 'Connection to tneapredictor-production.up.railway.app timed out. (connect timeout=None)')",1,2026-06-30T14:19:28Z,2026-06-30T14:19:28Z
POST,/auth/login [setup],"ConnectTimeoutError(<HTTPSConnection(host='tneapredictor-production.up.railway.app', port=443) at 0x1fb947d1a90>, 'Connection to tneapredictor-production.up.railway.app timed out. (connect timeout=None)')",1,2026-06-30T14:19:27Z,2026-06-30T14:19:27Z
POST,/auth/login [setup],"ConnectTimeoutError(<HTTPSConnection(host='tneapredictor-production.up.railway.app', port=443) at 0x1fb90e14190>, 'Connection to tneapredictor-production.up.railway.app timed out. (connect timeout=None)')",1,2026-06-30T14:19:26Z,2026-06-30T14:19:26Z
POST,/auth/login [setup],"ConnectTimeoutError(<HTTPSConnection(host='tneapredictor-production.up.railway.app', port=443) at 0x1fb995e0550>, 'Connection to tneapredictor-production.up.railway.app timed out. (connect timeout=None)')",1,2026-06-30T14:19:28Z,2026-06-30T14:19:28Z
POST,/auth/login [setup],"ConnectTimeoutError(<HTTPSConnection(host='tneapredictor-production.up.railway.app', port=443) at 0x1fb9a6ab750>, 'Connection to tneapredictor-production.up.railway.app timed out. (connect timeout=None)')",1,2026-06-30T14:19:28Z,2026-06-30T14:19:28Z
POST,/auth/login [setup],"ConnectTimeoutError(<HTTPSConnection(host='tneapredictor-production.up.railway.app', port=443) at 0x1fb9baa2d50>, 'Connection to tneapredictor-production.up.railway.app timed out. (connect timeout=None)')",1,2026-06-30T14:19:28Z,2026-06-30T14:19:28Z
POST,/auth/login [setup],"ConnectTimeoutError(<HTTPSConnection(host='tneapredictor-production.up.railway.app', port=443) at 0x1fbf16ab4d0>, 'Connection to tneapredictor-production.up.railway.app timed out. (connect timeout=None)')",1,2026-06-30T14:19:05Z,2026-06-30T14:19:05Z
POST,/auth/login [setup],"ConnectTimeoutError(<HTTPSConnection(host='tneapredictor-production.up.railway.app', port=443) at 0x1fb98626d50>, 'Connection to tneapredictor-production.up.railway.app timed out. (connect timeout=None)')",1,2026-06-30T14:19:28Z,2026-06-30T14:19:28Z
POST,/auth/login [setup],"ConnectTimeoutError(<HTTPSConnection(host='tneapredictor-production.up.railway.app', port=443) at 0x1fb995e3ed0>, 'Connection to tneapredictor-production.up.railway.app timed out. (connect timeout=None)')",1,2026-06-30T14:19:28Z,2026-06-30T14:19:28Z
POST,/auth/login [setup],"ConnectTimeoutError(<HTTPSConnection(host='tneapredictor-production.up.railway.app', port=443) at 0x1fb91ed3890>, 'Connection to tneapredictor-production.up.railway.app timed out. (connect timeout=None)')",1,2026-06-30T14:19:27Z,2026-06-30T14:19:27Z
POST,/predict/colleges [premium],"ConnectTimeoutError(<HTTPSConnection(host='tneapredictor-production.up.railway.app', port=443) at 0x1fb8793f250>, 'Connection to tneapredictor-production.up.railway.app timed out. (connect timeout=None)')",1,2026-06-30T14:19:41Z,2026-06-30T14:19:41Z
POST,/payment/create-order,"ConnectTimeoutError(<HTTPSConnection(host='tneapredictor-production.up.railway.app', port=443) at 0x1fb811ce710>, 'Connection to tneapredictor-production.up.railway.app timed out. (connect timeout=None)')",1,2026-06-30T14:19:40Z,2026-06-30T14:19:40Z
POST,/auth/login [setup],"ConnectTimeoutError(<HTTPSConnection(host='tneapredictor-production.up.railway.app', port=443) at 0x1fb91a274d0>, 'Connection to tneapredictor-production.up.railway.app timed out. (connect timeout=None)')",1,2026-06-30T14:19:27Z,2026-06-30T14:19:27Z
POST,/auth/login [setup],"ConnectTimeoutError(<HTTPSConnection(host='tneapredictor-production.up.railway.app', port=443) at 0x1fbe85ff750>, 'Connection to tneapredictor-production.up.railway.app timed out. (connect timeout=None)')",1,2026-06-30T14:19:04Z,2026-06-30T14:19:04Z
POST,/auth/login [setup],"ConnectTimeoutError(<HTTPSConnection(host='tneapredictor-production.up.railway.app', port=443) at 0x1fbe7d9e0d0>, 'Connection to tneapredictor-production.up.railway.app timed out. (connect timeout=None)')",1,2026-06-30T14:19:04Z,2026-06-30T14:19:04Z
POST,/auth/login [setup],"ConnectTimeoutError(<HTTPSConnection(host='tneapredictor-production.up.railway.app', port=443) at 0x1fb953c3ed0>, 'Connection to tneapredictor-production.up.railway.app timed out. (connect timeout=None)')",1,2026-06-30T14:19:27Z,2026-06-30T14:19:27Z
POST,/auth/login [setup],"ConnectTimeoutError(<HTTPSConnection(host='tneapredictor-production.up.railway.app', port=443) at 0x1fb91a251d0>, 'Connection to tneapredictor-production.up.railway.app timed out. (connect timeout=None)')",1,2026-06-30T14:19:27Z,2026-06-30T14:19:27Z
POST,/auth/login [setup],"ConnectTimeoutError(<HTTPSConnection(host='tneapredictor-production.up.railway.app', port=443) at 0x1fb89241f90>, 'Connection to tneapredictor-production.up.railway.app timed out. (connect timeout=None)')",1,2026-06-30T14:19:20Z,2026-06-30T14:19:20Z
POST,/predict/colleges [premium],"ConnectTimeoutError(<HTTPSConnection(host='tneapredictor-production.up.railway.app', port=443) at 0x1fb909e6ad0>, 'Connection to tneapredictor-production.up.railway.app timed out. (connect timeout=None)')",1,2026-06-30T14:19:41Z,2026-06-30T14:19:41Z
POST,/auth/login [setup],"ConnectTimeoutError(<HTTPSConnection(host='tneapredictor-production.up.railway.app', port=443) at 0x1fb95880b90>, 'Connection to tneapredictor-production.up.railway.app timed out. (connect timeout=None)')",1,2026-06-30T14:19:27Z,2026-06-30T14:19:27Z
GET,/auth/me,"ConnectionResetError(10054, 'An existing connection was forcibly closed by the remote host', None, 10054, None)",4,2026-06-30T14:19:05Z,2026-06-30T14:19:09Z
POST,/auth/login [setup],"ConnectTimeoutError(<HTTPSConnection(host='tneapredictor-production.up.railway.app', port=443) at 0x1fb91aa8190>, 'Connection to tneapredictor-production.up.railway.app timed out. (connect timeout=None)')",1,2026-06-30T14:19:27Z,2026-06-30T14:19:27Z
POST,/auth/login [setup],"ConnectTimeoutError(<HTTPSConnection(host='tneapredictor-production.up.railway.app', port=443) at 0x1fb98624550>, 'Connection to tneapredictor-production.up.railway.app timed out. (connect timeout=None)')",1,2026-06-30T14:19:28Z,2026-06-30T14:19:28Z
POST,/auth/login [setup],"ConnectTimeoutError(<HTTPSConnection(host='tneapredictor-production.up.railway.app', port=443) at 0x1fb98625bd0>, 'Connection to tneapredictor-production.up.railway.app timed out. (connect timeout=None)')",1,2026-06-30T14:19:28Z,2026-06-30T14:19:28Z
POST,/auth/update-profile,"ConnectTimeoutError(<HTTPSConnection(host='tneapredictor-production.up.railway.app', port=443) at 0x1fb8e066710>, 'Connection to tneapredictor-production.up.railway.app timed out. (connect timeout=None)')",1,2026-06-30T14:19:41Z,2026-06-30T14:19:41Z
POST,/auth/update-profile,"ConnectTimeoutError(<HTTPSConnection(host='tneapredictor-production.up.railway.app', port=443) at 0x1fb8d030a50>, 'Connection to tneapredictor-production.up.railway.app timed out. (connect timeout=None)')",1,2026-06-30T14:19:41Z,2026-06-30T14:19:41Z
POST,/auth/login [setup],"ConnectTimeoutError(<HTTPSConnection(host='tneapredictor-production.up.railway.app', port=443) at 0x1fb8a315090>, 'Connection to tneapredictor-production.up.railway.app timed out. (connect timeout=None)')",1,2026-06-30T14:19:20Z,2026-06-30T14:19:20Z
POST,/payment/create-order,"ConnectTimeoutError(<HTTPSConnection(host='tneapredictor-production.up.railway.app', port=443) at 0x1fb8e066490>, 'Connection to tneapredictor-production.up.railway.app timed out. (connect timeout=None)')",1,2026-06-30T14:19:41Z,2026-06-30T14:19:41Z
POST,/predict/colleges [premium],"ConnectTimeoutError(<HTTPSConnection(host='tneapredictor-production.up.railway.app', port=443) at 0x1fb8793d950>, 'Connection to tneapredictor-production.up.railway.app timed out. (connect timeout=None)')",1,2026-06-30T14:19:41Z,2026-06-30T14:19:41Z
POST,/auth/login [setup],"ConnectTimeoutError(<HTTPSConnection(host='tneapredictor-production.up.railway.app', port=443) at 0x1fb89a3b4d0>, 'Connection to tneapredictor-production.up.railway.app timed out. (connect timeout=None)')",1,2026-06-30T14:19:20Z,2026-06-30T14:19:20Z
GET,/auth/me,"ConnectTimeoutError(<HTTPSConnection(host='tneapredictor-production.up.railway.app', port=443) at 0x1fb81696ad0>, 'Connection to tneapredictor-production.up.railway.app timed out. (connect timeout=None)')",1,2026-06-30T14:19:40Z,2026-06-30T14:19:40Z
GET,/auth/me,"ConnectTimeoutError(<HTTPSConnection(host='tneapredictor-production.up.railway.app', port=443) at 0x1fb811cc190>, 'Connection to tneapredictor-production.up.railway.app timed out. (connect timeout=None)')",1,2026-06-30T14:19:40Z,2026-06-30T14:19:40Z
POST,/auth/login [setup],"ConnectTimeoutError(<HTTPSConnection(host='tneapredictor-production.up.railway.app', port=443) at 0x1fb9bed11d0>, 'Connection to tneapredictor-production.up.railway.app timed out. (connect timeout=None)')",1,2026-06-30T14:19:28Z,2026-06-30T14:19:28Z
POST,/auth/login [setup],"ConnectTimeoutError(<HTTPSConnection(host='tneapredictor-production.up.railway.app', port=443) at 0x1fbf1a52490>, 'Connection to tneapredictor-production.up.railway.app timed out. (connect timeout=None)')",1,2026-06-30T14:19:05Z,2026-06-30T14:19:05Z
POST,/auth/login [setup],"ConnectTimeoutError(<HTTPSConnection(host='tneapredictor-production.up.railway.app', port=443) at 0x1fb8d0ac2d0>, 'Connection to tneapredictor-production.up.railway.app timed out. (connect timeout=None)')",1,2026-06-30T14:19:21Z,2026-06-30T14:19:21Z
POST,/auth/login [setup],"ConnectTimeoutError(<HTTPSConnection(host='tneapredictor-production.up.railway.app', port=443) at 0x1fb995e2fd0>, 'Connection to tneapredictor-production.up.railway.app timed out. (connect timeout=None)')",1,2026-06-30T14:19:28Z,2026-06-30T14:19:28Z
GET,/auth/me,"ConnectTimeoutError(<HTTPSConnection(host='tneapredictor-production.up.railway.app', port=443) at 0x1fbf7cfaad0>, 'Connection to tneapredictor-production.up.railway.app timed out. (connect timeout=None)')",1,2026-06-30T14:19:40Z,2026-06-30T14:19:40Z
POST,/auth/login [setup],"ConnectTimeoutError(<HTTPSConnection(host='tneapredictor-production.up.railway.app', port=443) at 0x1fbe8e3aad0>, 'Connection to tneapredictor-production.up.railway.app timed out. (connect timeout=None)')",1,2026-06-30T14:19:04Z,2026-06-30T14:19:04Z
POST,/auth/login [setup],"ConnectTimeoutError(<HTTPSConnection(host='tneapredictor-production.up.railway.app', port=443) at 0x1fb9440e0d0>, 'Connection to tneapredictor-production.up.railway.app timed out. (connect timeout=None)')",1,2026-06-30T14:19:27Z,2026-06-30T14:19:27Z
GET,/auth/me,"ConnectTimeoutError(<HTTPSConnection(host='tneapredictor-production.up.railway.app', port=443) at 0x1fb847e60d0>, 'Connection to tneapredictor-production.up.railway.app timed out. (connect timeout=None)')",1,2026-06-30T14:19:40Z,2026-06-30T14:19:40Z
POST,/predict/colleges [premium],"ConnectTimeoutError(<HTTPSConnection(host='tneapredictor-production.up.railway.app', port=443) at 0x1fb98625810>, 'Connection to tneapredictor-production.up.railway.app timed out. (connect timeout=None)')",1,2026-06-30T14:19:42Z,2026-06-30T14:19:42Z
POST,/auth/login [setup],"ConnectTimeoutError(<HTTPSConnection(host='tneapredictor-production.up.railway.app', port=443) at 0x1fbfcc9dd10>, 'Connection to tneapredictor-production.up.railway.app timed out. (connect timeout=None)')",1,2026-06-30T14:19:07Z,2026-06-30T14:19:07Z
POST,/predict/colleges [premium],"ConnectTimeoutError(<HTTPSConnection(host='tneapredictor-production.up.railway.app', port=443) at 0x1fbf01087d0>, 'Connection to tneapredictor-production.up.railway.app timed out. (connect timeout=None)')",1,2026-06-30T14:19:44Z,2026-06-30T14:19:44Z
POST,/auth/login [setup],"ConnectTimeoutError(<HTTPSConnection(host='tneapredictor-production.up.railway.app', port=443) at 0x1fb99a91f90>, 'Connection to tneapredictor-production.up.railway.app timed out. (connect timeout=None)')",1,2026-06-30T14:19:28Z,2026-06-30T14:19:28Z
POST,/auth/login [setup],"ConnectTimeoutError(<HTTPSConnection(host='tneapredictor-production.up.railway.app', port=443) at 0x1fbfcc9df90>, 'Connection to tneapredictor-production.up.railway.app timed out. (connect timeout=None)')",1,2026-06-30T14:19:07Z,2026-06-30T14:19:07Z
POST,/auth/login [setup],"ConnectTimeoutError(<HTTPSConnection(host='tneapredictor-production.up.railway.app', port=443) at 0x1fbec347d90>, 'Connection to tneapredictor-production.up.railway.app timed out. (connect timeout=None)')",1,2026-06-30T14:19:04Z,2026-06-30T14:19:04Z
POST,/auth/login [setup],"ConnectTimeoutError(<HTTPSConnection(host='tneapredictor-production.up.railway.app', port=443) at 0x1fb9542b110>, 'Connection to tneapredictor-production.up.railway.app timed out. (connect timeout=None)')",1,2026-06-30T14:19:27Z,2026-06-30T14:19:27Z
POST,/auth/login [setup],"ConnectTimeoutError(<HTTPSConnection(host='tneapredictor-production.up.railway.app', port=443) at 0x1fb8a38f750>, 'Connection to tneapredictor-production.up.railway.app timed out. (connect timeout=None)')",1,2026-06-30T14:19:20Z,2026-06-30T14:19:20Z
POST,/auth/login [setup],"ConnectTimeoutError(<HTTPSConnection(host='tneapredictor-production.up.railway.app', port=443) at 0x1fbe9f7ee90>, 'Connection to tneapredictor-production.up.railway.app timed out. (connect timeout=None)')",1,2026-06-30T14:19:04Z,2026-06-30T14:19:04Z
POST,/auth/login [setup],"ConnectTimeoutError(<HTTPSConnection(host='tneapredictor-production.up.railway.app', port=443) at 0x1fb99a11e50>, 'Connection to tneapredictor-production.up.railway.app timed out. (connect timeout=None)')",1,2026-06-30T14:19:28Z,2026-06-30T14:19:28Z
POST,/predict/colleges [premium],"ConnectTimeoutError(<HTTPSConnection(host='tneapredictor-production.up.railway.app', port=443) at 0x1fb84c116d0>, 'Connection to tneapredictor-production.up.railway.app timed out. (connect timeout=None)')",1,2026-06-30T14:19:41Z,2026-06-30T14:19:41Z
GET,/auth/me,"ConnectTimeoutError(<HTTPSConnection(host='tneapredictor-production.up.railway.app', port=443) at 0x1fb8bac6990>, 'Connection to tneapredictor-production.up.railway.app timed out. (connect timeout=None)')",1,2026-06-30T14:19:42Z,2026-06-30T14:19:42Z
POST,/auth/login [setup],"ConnectTimeoutError(<HTTPSConnection(host='tneapredictor-production.up.railway.app', port=443) at 0x1fbf5cc9e50>, 'Connection to tneapredictor-production.up.railway.app timed out. (connect timeout=None)')",1,2026-06-30T14:19:05Z,2026-06-30T14:19:05Z
POST,/auth/update-profile,"ConnectTimeoutError(<HTTPSConnection(host='tneapredictor-production.up.railway.app', port=443) at 0x1fbfa7cdbd0>, 'Connection to tneapredictor-production.up.railway.app timed out. (connect timeout=None)')",1,2026-06-30T14:19:40Z,2026-06-30T14:19:40Z
POST,/predict/colleges [premium],"ConnectTimeoutError(<HTTPSConnection(host='tneapredictor-production.up.railway.app', port=443) at 0x1fb947d34d0>, 'Connection to tneapredictor-production.up.railway.app timed out. (connect timeout=None)')",1,2026-06-30T14:19:42Z,2026-06-30T14:19:42Z
POST,/auth/login [setup],"ConnectTimeoutError(<HTTPSConnection(host='tneapredictor-production.up.railway.app', port=443) at 0x1fb8a291950>, 'Connection to tneapredictor-production.up.railway.app timed out. (connect timeout=None)')",1,2026-06-30T14:19:20Z,2026-06-30T14:19:20Z
POST,/auth/login [setup],"ConnectTimeoutError(<HTTPSConnection(host='tneapredictor-production.up.railway.app', port=443) at 0x1fb995e02d0>, 'Connection to tneapredictor-production.up.railway.app timed out. (connect timeout=None)')",1,2026-06-30T14:19:28Z,2026-06-30T14:19:28Z
POST,/predict/colleges [guest],"ConnectTimeoutError(<HTTPSConnection(host='tneapredictor-production.up.railway.app', port=443) at 0x1fbd9d656d0>, 'Connection to tneapredictor-production.up.railway.app timed out. (connect timeout=None)')",1,2026-06-30T14:18:59Z,2026-06-30T14:18:59Z
GET,/auth/me,"ConnectTimeoutError(<HTTPSConnection(host='tneapredictor-production.up.railway.app', port=443) at 0x1fbf8120cd0>, 'Connection to tneapredictor-production.up.railway.app timed out. (connect timeout=None)')",1,2026-06-30T14:19:40Z,2026-06-30T14:19:40Z
POST,/predict/colleges [premium],"ConnectTimeoutError(<HTTPSConnection(host='tneapredictor-production.up.railway.app', port=443) at 0x1fb88119090>, 'Connection to tneapredictor-production.up.railway.app timed out. (connect timeout=None)')",1,2026-06-30T14:19:43Z,2026-06-30T14:19:43Z
GET,/auth/me,"ConnectTimeoutError(<HTTPSConnection(host='tneapredictor-production.up.railway.app', port=443) at 0x1fb8d488a50>, 'Connection to tneapredictor-production.up.railway.app timed out. (connect timeout=None)')",1,2026-06-30T14:19:41Z,2026-06-30T14:19:41Z
POST,/auth/login [setup],"ConnectTimeoutError(<HTTPSConnection(host='tneapredictor-production.up.railway.app', port=443) at 0x1fbf7cfb390>, 'Connection to tneapredictor-production.up.railway.app timed out. (connect timeout=None)')",1,2026-06-30T14:19:05Z,2026-06-30T14:19:05Z
POST,/auth/login [setup],"ConnectTimeoutError(<HTTPSConnection(host='tneapredictor-production.up.railway.app', port=443) at 0x1fb8fd70b90>, 'Connection to tneapredictor-production.up.railway.app timed out. (connect timeout=None)')",1,2026-06-30T14:19:21Z,2026-06-30T14:19:21Z
POST,/predict/colleges [premium],"ConnectTimeoutError(<HTTPSConnection(host='tneapredictor-production.up.railway.app', port=443) at 0x1fb90a5c410>, 'Connection to tneapredictor-production.up.railway.app timed out. (connect timeout=None)')",1,2026-06-30T14:19:42Z,2026-06-30T14:19:42Z
POST,/auth/login [setup],"ConnectTimeoutError(<HTTPSConnection(host='tneapredictor-production.up.railway.app', port=443) at 0x1fb9440e850>, 'Connection to tneapredictor-production.up.railway.app timed out. (connect timeout=None)')",1,2026-06-30T14:19:27Z,2026-06-30T14:19:27Z
POST,/predict/colleges [premium],"ConnectTimeoutError(<HTTPSConnection(host='tneapredictor-production.up.railway.app', port=443) at 0x1fb88974190>, 'Connection to tneapredictor-production.up.railway.app timed out. (connect timeout=None)')",1,2026-06-30T14:19:43Z,2026-06-30T14:19:43Z
POST,/auth/login [setup],"ConnectTimeoutError(<HTTPSConnection(host='tneapredictor-production.up.railway.app', port=443) at 0x1fb9272a490>, 'Connection to tneapredictor-production.up.railway.app timed out. (connect timeout=None)')",1,2026-06-30T14:19:27Z,2026-06-30T14:19:27Z
POST,/auth/update-profile,"ConnectTimeoutError(<HTTPSConnection(host='tneapredictor-production.up.railway.app', port=443) at 0x1fb86101950>, 'Connection to tneapredictor-production.up.railway.app timed out. (connect timeout=None)')",1,2026-06-30T14:19:45Z,2026-06-30T14:19:45Z
POST,/auth/login [setup],"ConnectTimeoutError(<HTTPSConnection(host='tneapredictor-production.up.railway.app', port=443) at 0x1fb978f8690>, 'Connection to tneapredictor-production.up.railway.app timed out. (connect timeout=None)')",1,2026-06-30T14:19:28Z,2026-06-30T14:19:28Z
POST,/auth/login [setup],"ConnectTimeoutError(<HTTPSConnection(host='tneapredictor-production.up.railway.app', port=443) at 0x1fb97db5450>, 'Connection to tneapredictor-production.up.railway.app timed out. (connect timeout=None)')",1,2026-06-30T14:19:28Z,2026-06-30T14:19:28Z
POST,/auth/login [setup],"ConnectTimeoutError(<HTTPSConnection(host='tneapredictor-production.up.railway.app', port=443) at 0x1fb97db51d0>, 'Connection to tneapredictor-production.up.railway.app timed out. (connect timeout=None)')",1,2026-06-30T14:19:28Z,2026-06-30T14:19:28Z
POST,/auth/login [setup],"ConnectTimeoutError(<HTTPSConnection(host='tneapredictor-production.up.railway.app', port=443) at 0x1fb8bfda350>, 'Connection to tneapredictor-production.up.railway.app timed out. (connect timeout=None)')",1,2026-06-30T14:19:20Z,2026-06-30T14:19:20Z
POST,/auth/login [setup],"ConnectTimeoutError(<HTTPSConnection(host='tneapredictor-production.up.railway.app', port=443) at 0x1fbf6093110>, 'Connection to tneapredictor-production.up.railway.app timed out. (connect timeout=None)')",1,2026-06-30T14:19:05Z,2026-06-30T14:19:05Z
GET,/auth/me,"ConnectTimeoutError(<HTTPSConnection(host='tneapredictor-production.up.railway.app', port=443) at 0x1fb905b25d0>, 'Connection to tneapredictor-production.up.railway.app timed out. (connect timeout=None)')",1,2026-06-30T14:19:40Z,2026-06-30T14:19:40Z
POST,/auth/login [setup],"ConnectTimeoutError(<HTTPSConnection(host='tneapredictor-production.up.railway.app', port=443) at 0x1fb99ec7610>, 'Connection to tneapredictor-production.up.railway.app timed out. (connect timeout=None)')",1,2026-06-30T14:19:28Z,2026-06-30T14:19:28Z
POST,/auth/login [setup],"ConnectTimeoutError(<HTTPSConnection(host='tneapredictor-production.up.railway.app', port=443) at 0x1fb9272a210>, 'Connection to tneapredictor-production.up.railway.app timed out. (connect timeout=None)')",1,2026-06-30T14:19:27Z,2026-06-30T14:19:27Z
POST,/auth/login [setup],"ConnectTimeoutError(<HTTPSConnection(host='tneapredictor-production.up.railway.app', port=443) at 0x1fb8c3b2990>, 'Connection to tneapredictor-production.up.railway.app timed out. (connect timeout=None)')",1,2026-06-30T14:19:20Z,2026-06-30T14:19:20Z
POST,/auth/login [setup],"ConnectTimeoutError(<HTTPSConnection(host='tneapredictor-production.up.railway.app', port=443) at 0x1fb9017d090>, 'Connection to tneapredictor-production.up.railway.app timed out. (connect timeout=None)')",1,2026-06-30T14:19:21Z,2026-06-30T14:19:21Z
POST,/auth/login [setup],"ConnectTimeoutError(<HTTPSConnection(host='tneapredictor-production.up.railway.app', port=443) at 0x1fb96498050>, 'Connection to tneapredictor-production.up.railway.app timed out. (connect timeout=None)')",1,2026-06-30T14:19:28Z,2026-06-30T14:19:28Z
POST,/auth/login [setup],"ConnectTimeoutError(<HTTPSConnection(host='tneapredictor-production.up.railway.app', port=443) at 0x1fb947d0690>, 'Connection to tneapredictor-production.up.railway.app timed out. (connect timeout=None)')",1,2026-06-30T14:19:27Z,2026-06-30T14:19:27Z
GET,/auth/me,"ConnectTimeoutError(<HTTPSConnection(host='tneapredictor-production.up.railway.app', port=443) at 0x1fb88543110>, 'Connection to tneapredictor-production.up.railway.app timed out. (connect timeout=None)')",1,2026-06-30T14:19:43Z,2026-06-30T14:19:43Z
POST,/auth/login [setup],"ConnectTimeoutError(<HTTPSConnection(host='tneapredictor-production.up.railway.app', port=443) at 0x1fb97db7c50>, 'Connection to tneapredictor-production.up.railway.app timed out. (connect timeout=None)')",1,2026-06-30T14:19:28Z,2026-06-30T14:19:28Z
POST,/predict/colleges [premium],"ConnectTimeoutError(<HTTPSConnection(host='tneapredictor-production.up.railway.app', port=443) at 0x1fb8f999a90>, 'Connection to tneapredictor-production.up.railway.app timed out. (connect timeout=None)')",1,2026-06-30T14:19:41Z,2026-06-30T14:19:41Z
POST,/auth/login [setup],"ConnectTimeoutError(<HTTPSConnection(host='tneapredictor-production.up.railway.app', port=443) at 0x1fb93ee9450>, 'Connection to tneapredictor-production.up.railway.app timed out. (connect timeout=None)')",1,2026-06-30T14:19:27Z,2026-06-30T14:19:27Z
POST,/auth/login [setup],"ConnectTimeoutError(<HTTPSConnection(host='tneapredictor-production.up.railway.app', port=443) at 0x1fb99a93110>, 'Connection to tneapredictor-production.up.railway.app timed out. (connect timeout=None)')",1,2026-06-30T14:19:28Z,2026-06-30T14:19:28Z
POST,/predict/colleges [premium],"ConnectTimeoutError(<HTTPSConnection(host='tneapredictor-production.up.railway.app', port=443) at 0x1fb8cc007d0>, 'Connection to tneapredictor-production.up.railway.app timed out. (connect timeout=None)')",1,2026-06-30T14:19:41Z,2026-06-30T14:19:41Z
POST,/predict/colleges [premium],"ConnectionResetError(10054, 'An existing connection was forcibly closed by the remote host', None, 10054, None)",3,2026-06-30T14:19:05Z,2026-06-30T14:19:09Z
GET,/auth/me,"ConnectTimeoutError(<HTTPSConnection(host='tneapredictor-production.up.railway.app', port=443) at 0x1fb85c58410>, 'Connection to tneapredictor-production.up.railway.app timed out. (connect timeout=None)')",1,2026-06-30T14:19:45Z,2026-06-30T14:19:45Z
POST,/auth/login [setup],"ConnectTimeoutError(<HTTPSConnection(host='tneapredictor-production.up.railway.app', port=443) at 0x1fbf3adf610>, 'Connection to tneapredictor-production.up.railway.app timed out. (connect timeout=None)')",1,2026-06-30T14:19:05Z,2026-06-30T14:19:05Z
GET,/auth/me,"ConnectTimeoutError(<HTTPSConnection(host='tneapredictor-production.up.railway.app', port=443) at 0x1fb8c83dd10>, 'Connection to tneapredictor-production.up.railway.app timed out. (connect timeout=None)')",1,2026-06-30T14:19:40Z,2026-06-30T14:19:40Z
POST,/auth/login [setup],"ConnectTimeoutError(<HTTPSConnection(host='tneapredictor-production.up.railway.app', port=443) at 0x1fb99a10cd0>, 'Connection to tneapredictor-production.up.railway.app timed out. (connect timeout=None)')",1,2026-06-30T14:19:28Z,2026-06-30T14:19:28Z
POST,/predict/colleges [premium],"ConnectTimeoutError(<HTTPSConnection(host='tneapredictor-production.up.railway.app', port=443) at 0x1fbfc3242d0>, 'Connection to tneapredictor-production.up.railway.app timed out. (connect timeout=None)')",1,2026-06-30T14:19:40Z,2026-06-30T14:19:40Z
POST,/auth/login [setup],"ConnectTimeoutError(<HTTPSConnection(host='tneapredictor-production.up.railway.app', port=443) at 0x1fbf5814e10>, 'Connection to tneapredictor-production.up.railway.app timed out. (connect timeout=None)')",1,2026-06-30T14:19:05Z,2026-06-30T14:19:05Z
GET,/auth/me,"ConnectTimeoutError(<HTTPSConnection(host='tneapredictor-production.up.railway.app', port=443) at 0x1fb8fd72fd0>, 'Connection to tneapredictor-production.up.railway.app timed out. (connect timeout=None)')",1,2026-06-30T14:19:40Z,2026-06-30T14:19:40Z
POST,/auth/login [setup],"ConnectTimeoutError(<HTTPSConnection(host='tneapredictor-production.up.railway.app', port=443) at 0x1fb9a2f6990>, 'Connection to tneapredictor-production.up.railway.app timed out. (connect timeout=None)')",1,2026-06-30T14:19:28Z,2026-06-30T14:19:28Z
POST,/auth/login [setup],"ConnectTimeoutError(<HTTPSConnection(host='tneapredictor-production.up.railway.app', port=443) at 0x1fb9a2f7890>, 'Connection to tneapredictor-production.up.railway.app timed out. (connect timeout=None)')",1,2026-06-30T14:19:28Z,2026-06-30T14:19:28Z
GET,/auth/me,"ConnectTimeoutError(<HTTPSConnection(host='tneapredictor-production.up.railway.app', port=443) at 0x1fb82298b90>, 'Connection to tneapredictor-production.up.railway.app timed out. (connect timeout=None)')",1,2026-06-30T14:19:40Z,2026-06-30T14:19:40Z
POST,/auth/login [setup],"ConnectTimeoutError(<HTTPSConnection(host='tneapredictor-production.up.railway.app', port=443) at 0x1fbe91e8690>, 'Connection to tneapredictor-production.up.railway.app timed out. (connect timeout=None)')",1,2026-06-30T14:19:04Z,2026-06-30T14:19:04Z
GET,/auth/me,"ConnectTimeoutError(<HTTPSConnection(host='tneapredictor-production.up.railway.app', port=443) at 0x1fb805e2ad0>, 'Connection to tneapredictor-production.up.railway.app timed out. (connect timeout=None)')",1,2026-06-30T14:19:40Z,2026-06-30T14:19:40Z
POST,/auth/login [setup],"ConnectTimeoutError(<HTTPSConnection(host='tneapredictor-production.up.railway.app', port=443) at 0x1fb91670190>, 'Connection to tneapredictor-production.up.railway.app timed out. (connect timeout=None)')",1,2026-06-30T14:19:27Z,2026-06-30T14:19:27Z
POST,/auth/login [setup],"ConnectTimeoutError(<HTTPSConnection(host='tneapredictor-production.up.railway.app', port=443) at 0x1fb96514190>, 'Connection to tneapredictor-production.up.railway.app timed out. (connect timeout=None)')",1,2026-06-30T14:19:28Z,2026-06-30T14:19:28Z
POST,/auth/login [setup],"ConnectTimeoutError(<HTTPSConnection(host='tneapredictor-production.up.railway.app', port=443) at 0x1fb958f5450>, 'Connection to tneapredictor-production.up.railway.app timed out. (connect timeout=None)')",1,2026-06-30T14:19:28Z,2026-06-30T14:19:28Z
POST,/auth/update-profile,"ConnectTimeoutError(<HTTPSConnection(host='tneapredictor-production.up.railway.app', port=443) at 0x1fb95882ad0>, 'Connection to tneapredictor-production.up.railway.app timed out. (connect timeout=None)')",1,2026-06-30T14:19:42Z,2026-06-30T14:19:42Z
POST,/auth/login [setup],"ConnectTimeoutError(<HTTPSConnection(host='tneapredictor-production.up.railway.app', port=443) at 0x1fb95805450>, 'Connection to tneapredictor-production.up.railway.app timed out. (connect timeout=None)')",1,2026-06-30T14:19:27Z,2026-06-30T14:19:27Z
POST,/auth/login [setup],"ConnectTimeoutError(<HTTPSConnection(host='tneapredictor-production.up.railway.app', port=443) at 0x1fb986279d0>, 'Connection to tneapredictor-production.up.railway.app timed out. (connect timeout=None)')",1,2026-06-30T14:19:28Z,2026-06-30T14:19:28Z
POST,/auth/login [setup],"ConnectTimeoutError(<HTTPSConnection(host='tneapredictor-production.up.railway.app', port=443) at 0x1fb97db6350>, 'Connection to tneapredictor-production.up.railway.app timed out. (connect timeout=None)')",1,2026-06-30T14:19:28Z,2026-06-30T14:19:28Z
POST,/auth/login [setup],"ConnectTimeoutError(<HTTPSConnection(host='tneapredictor-production.up.railway.app', port=443) at 0x1fb97885950>, 'Connection to tneapredictor-production.up.railway.app timed out. (connect timeout=None)')",1,2026-06-30T14:19:28Z,2026-06-30T14:19:28Z
POST,/auth/login [setup],"ConnectTimeoutError(<HTTPSConnection(host='tneapredictor-production.up.railway.app', port=443) at 0x1fb9272b890>, 'Connection to tneapredictor-production.up.railway.app timed out. (connect timeout=None)')",1,2026-06-30T14:19:27Z,2026-06-30T14:19:27Z
POST,/predict/colleges [premium],"ConnectTimeoutError(<HTTPSConnection(host='tneapredictor-production.up.railway.app', port=443) at 0x1fb8c749310>, 'Connection to tneapredictor-production.up.railway.app timed out. (connect timeout=None)')",1,2026-06-30T14:19:42Z,2026-06-30T14:19:42Z
POST,/auth/login [setup],"ConnectTimeoutError(<HTTPSConnection(host='tneapredictor-production.up.railway.app', port=443) at 0x1fbf1adc2d0>, 'Connection to tneapredictor-production.up.railway.app timed out. (connect timeout=None)')",1,2026-06-30T14:19:05Z,2026-06-30T14:19:05Z
GET,/auth/me,"ConnectTimeoutError(<HTTPSConnection(host='tneapredictor-production.up.railway.app', port=443) at 0x1fb8793de50>, 'Connection to tneapredictor-production.up.railway.app timed out. (connect timeout=None)')",1,2026-06-30T14:19:41Z,2026-06-30T14:19:41Z
POST,/auth/update-profile,"ConnectTimeoutError(<HTTPSConnection(host='tneapredictor-production.up.railway.app', port=443) at 0x1fbf1a539d0>, 'Connection to tneapredictor-production.up.railway.app timed out. (connect timeout=None)')",1,2026-06-30T14:19:40Z,2026-06-30T14:19:40Z
POST,/predict/colleges [premium],"ConnectTimeoutError(<HTTPSConnection(host='tneapredictor-production.up.railway.app', port=443) at 0x1fb891c4690>, 'Connection to tneapredictor-production.up.railway.app timed out. (connect timeout=None)')",1,2026-06-30T14:19:41Z,2026-06-30T14:19:41Z
POST,/auth/login [setup],"ConnectTimeoutError(<HTTPSConnection(host='tneapredictor-production.up.railway.app', port=443) at 0x1fb905b3610>, 'Connection to tneapredictor-production.up.railway.app timed out. (connect timeout=None)')",1,2026-06-30T14:19:22Z,2026-06-30T14:19:22Z
GET,/auth/me,"ConnectTimeoutError(<HTTPSConnection(host='tneapredictor-production.up.railway.app', port=443) at 0x1fbe9610cd0>, 'Connection to tneapredictor-production.up.railway.app timed out. (connect timeout=None)')",1,2026-06-30T14:19:40Z,2026-06-30T14:19:40Z
POST,/auth/login [setup],"ConnectTimeoutError(<HTTPSConnection(host='tneapredictor-production.up.railway.app', port=443) at 0x1fb90e8e350>, 'Connection to tneapredictor-production.up.railway.app timed out. (connect timeout=None)')",1,2026-06-30T14:19:26Z,2026-06-30T14:19:26Z
POST,/auth/login [setup],"ConnectTimeoutError(<HTTPSConnection(host='tneapredictor-production.up.railway.app', port=443) at 0x1fbf3b54a50>, 'Connection to tneapredictor-production.up.railway.app timed out. (connect timeout=None)')",1,2026-06-30T14:19:05Z,2026-06-30T14:19:05Z
POST,/auth/login [setup],"ConnectTimeoutError(<HTTPSConnection(host='tneapredictor-production.up.railway.app', port=443) at 0x1fb87cdb750>, 'Connection to tneapredictor-production.up.railway.app timed out. (connect timeout=None)')",1,2026-06-30T14:19:19Z,2026-06-30T14:19:19Z
POST,/auth/login [setup],"ConnectTimeoutError(<HTTPSConnection(host='tneapredictor-production.up.railway.app', port=443) at 0x1fb9bb20b90>, 'Connection to tneapredictor-production.up.railway.app timed out. (connect timeout=None)')",1,2026-06-30T14:19:28Z,2026-06-30T14:19:28Z
POST,/auth/login [setup],"ConnectTimeoutError(<HTTPSConnection(host='tneapredictor-production.up.railway.app', port=443) at 0x1fbf7cf9a90>, 'Connection to tneapredictor-production.up.railway.app timed out. (connect timeout=None)')",1,2026-06-30T14:19:05Z,2026-06-30T14:19:05Z
POST,/auth/login [setup],"ConnectTimeoutError(<HTTPSConnection(host='tneapredictor-production.up.railway.app', port=443) at 0x1fbe0e5c550>, 'Connection to tneapredictor-production.up.railway.app timed out. (connect timeout=None)')",1,2026-06-30T14:19:04Z,2026-06-30T14:19:04Z
POST,/auth/login [setup],"ConnectTimeoutError(<HTTPSConnection(host='tneapredictor-production.up.railway.app', port=443) at 0x1fb9a719f90>, 'Connection to tneapredictor-production.up.railway.app timed out. (connect timeout=None)')",1,2026-06-30T14:19:28Z,2026-06-30T14:19:28Z
POST,/predict/colleges [premium],"ConnectTimeoutError(<HTTPSConnection(host='tneapredictor-production.up.railway.app', port=443) at 0x1fbff914f50>, 'Connection to tneapredictor-production.up.railway.app timed out. (connect timeout=None)')",1,2026-06-30T14:19:40Z,2026-06-30T14:19:40Z
POST,/auth/update-profile,"ConnectTimeoutError(<HTTPSConnection(host='tneapredictor-production.up.railway.app', port=443) at 0x1fb88541a90>, 'Connection to tneapredictor-production.up.railway.app timed out. (connect timeout=None)')",1,2026-06-30T14:19:43Z,2026-06-30T14:19:43Z
POST,/auth/login [setup],"ConnectTimeoutError(<HTTPSConnection(host='tneapredictor-production.up.railway.app', port=443) at 0x1fb8fd70e10>, 'Connection to tneapredictor-production.up.railway.app timed out. (connect timeout=None)')",1,2026-06-30T14:19:21Z,2026-06-30T14:19:21Z
POST,/predict/colleges [premium],"ConnectTimeoutError(<HTTPSConnection(host='tneapredictor-production.up.railway.app', port=443) at 0x1fb8a38d590>, 'Connection to tneapredictor-production.up.railway.app timed out. (connect timeout=None)')",1,2026-06-30T14:19:42Z,2026-06-30T14:19:42Z
GET,/auth/me,"ConnectTimeoutError(<HTTPSConnection(host='tneapredictor-production.up.railway.app', port=443) at 0x1fb8cc039d0>, 'Connection to tneapredictor-production.up.railway.app timed out. (connect timeout=None)')",1,2026-06-30T14:19:25Z,2026-06-30T14:19:25Z
POST,/predict/colleges [premium],"ConnectTimeoutError(<HTTPSConnection(host='tneapredictor-production.up.railway.app', port=443) at 0x1fbf1ade710>, 'Connection to tneapredictor-production.up.railway.app timed out. (connect timeout=None)')",1,2026-06-30T14:19:40Z,2026-06-30T14:19:40Z
POST,/auth/update-profile,"ConnectTimeoutError(<HTTPSConnection(host='tneapredictor-production.up.railway.app', port=443) at 0x1fbf3adccd0>, 'Connection to tneapredictor-production.up.railway.app timed out. (connect timeout=None)')",1,2026-06-30T14:19:40Z,2026-06-30T14:19:40Z
GET,/auth/me,"ConnectTimeoutError(<HTTPSConnection(host='tneapredictor-production.up.railway.app', port=443) at 0x1fb816960d0>, 'Connection to tneapredictor-production.up.railway.app timed out. (connect timeout=None)')",1,2026-06-30T14:19:40Z,2026-06-30T14:19:40Z
POST,/auth/login [setup],"ConnectTimeoutError(<HTTPSConnection(host='tneapredictor-production.up.railway.app', port=443) at 0x1fb95880410>, 'Connection to tneapredictor-production.up.railway.app timed out. (connect timeout=None)')",1,2026-06-30T14:19:27Z,2026-06-30T14:19:27Z
POST,/auth/login [setup],"ConnectTimeoutError(<HTTPSConnection(host='tneapredictor-production.up.railway.app', port=443) at 0x1fb98186490>, 'Connection to tneapredictor-production.up.railway.app timed out. (connect timeout=None)')",1,2026-06-30T14:19:28Z,2026-06-30T14:19:28Z
POST,/auth/login [setup],"ConnectTimeoutError(<HTTPSConnection(host='tneapredictor-production.up.railway.app', port=443) at 0x1fb8c83c550>, 'Connection to tneapredictor-production.up.railway.app timed out. (connect timeout=None)')",1,2026-06-30T14:19:20Z,2026-06-30T14:19:20Z
POST,/auth/login [setup],"ConnectTimeoutError(<HTTPSConnection(host='tneapredictor-production.up.railway.app', port=443) at 0x1fb8e517390>, 'Connection to tneapredictor-production.up.railway.app timed out. (connect timeout=None)')",1,2026-06-30T14:19:21Z,2026-06-30T14:19:21Z
POST,/auth/login [setup],"ConnectTimeoutError(<HTTPSConnection(host='tneapredictor-production.up.railway.app', port=443) at 0x1fb9542bd90>, 'Connection to tneapredictor-production.up.railway.app timed out. (connect timeout=None)')",1,2026-06-30T14:19:27Z,2026-06-30T14:19:27Z
POST,/auth/login [setup],"ConnectTimeoutError(<HTTPSConnection(host='tneapredictor-production.up.railway.app', port=443) at 0x1fb96062fd0>, 'Connection to tneapredictor-production.up.railway.app timed out. (connect timeout=None)')",1,2026-06-30T14:19:28Z,2026-06-30T14:19:28Z
POST,/predict/colleges [premium],"ConnectTimeoutError(<HTTPSConnection(host='tneapredictor-production.up.railway.app', port=443) at 0x1fb8bb3efd0>, 'Connection to tneapredictor-production.up.railway.app timed out. (connect timeout=None)')",1,2026-06-30T14:19:41Z,2026-06-30T14:19:41Z
POST,/auth/login [setup],"ConnectTimeoutError(<HTTPSConnection(host='tneapredictor-production.up.railway.app', port=443) at 0x1fb8f921590>, 'Connection to tneapredictor-production.up.railway.app timed out. (connect timeout=None)')",1,2026-06-30T14:19:21Z,2026-06-30T14:19:21Z
GET,/auth/me,"ConnectTimeoutError(<HTTPSConnection(host='tneapredictor-production.up.railway.app', port=443) at 0x1fbf4c9e0d0>, 'Connection to tneapredictor-production.up.railway.app timed out. (connect timeout=None)')",1,2026-06-30T14:19:42Z,2026-06-30T14:19:42Z
POST,/auth/login [setup],"ConnectTimeoutError(<HTTPSConnection(host='tneapredictor-production.up.railway.app', port=443) at 0x1fb9a71b610>, 'Connection to tneapredictor-production.up.railway.app timed out. (connect timeout=None)')",1,2026-06-30T14:19:28Z,2026-06-30T14:19:28Z
POST,/auth/login [setup],"ConnectTimeoutError(<HTTPSConnection(host='tneapredictor-production.up.railway.app', port=443) at 0x1fb93f5ce10>, 'Connection to tneapredictor-production.up.railway.app timed out. (connect timeout=None)')",1,2026-06-30T14:19:27Z,2026-06-30T14:19:27Z
POST,/predict/colleges [premium],"ConnectTimeoutError(<HTTPSConnection(host='tneapredictor-production.up.railway.app', port=443) at 0x1fb84c12fd0>, 'Connection to tneapredictor-production.up.railway.app timed out. (connect timeout=None)')",1,2026-06-30T14:19:41Z,2026-06-30T14:19:41Z
POST,/auth/login [setup],"ConnectTimeoutError(<HTTPSConnection(host='tneapredictor-production.up.railway.app', port=443) at 0x1fbf960ec10>, 'Connection to tneapredictor-production.up.railway.app timed out. (connect timeout=None)')",1,2026-06-30T14:19:05Z,2026-06-30T14:19:05Z
POST,/auth/login [setup],"ConnectTimeoutError(<HTTPSConnection(host='tneapredictor-production.up.railway.app', port=443) at 0x1fbf3ade710>, 'Connection to tneapredictor-production.up.railway.app timed out. (connect timeout=None)')",1,2026-06-30T14:19:05Z,2026-06-30T14:19:05Z
POST,/auth/login [setup],"ConnectTimeoutError(<HTTPSConnection(host='tneapredictor-production.up.railway.app', port=443) at 0x1fbf853fd90>, 'Connection to tneapredictor-production.up.railway.app timed out. (connect timeout=None)')",1,2026-06-30T14:19:05Z,2026-06-30T14:19:05Z
GET,/auth/me,"ConnectTimeoutError(<HTTPSConnection(host='tneapredictor-production.up.railway.app', port=443) at 0x1fb84fc2e90>, 'Connection to tneapredictor-production.up.railway.app timed out. (connect timeout=None)')",1,2026-06-30T14:19:46Z,2026-06-30T14:19:46Z
POST,/auth/login [setup],"ConnectTimeoutError(<HTTPSConnection(host='tneapredictor-production.up.railway.app', port=443) at 0x1fb97db4cd0>, 'Connection to tneapredictor-production.up.railway.app timed out. (connect timeout=None)')",1,2026-06-30T14:19:28Z,2026-06-30T14:19:28Z
POST,/predict/colleges [premium],"ConnectTimeoutError(<HTTPSConnection(host='tneapredictor-production.up.railway.app', port=443) at 0x1fb96514cd0>, 'Connection to tneapredictor-production.up.railway.app timed out. (connect timeout=None)')",1,2026-06-30T14:19:28Z,2026-06-30T14:19:28Z
POST,/auth/login [setup],"ConnectTimeoutError(<HTTPSConnection(host='tneapredictor-production.up.railway.app', port=443) at 0x1fb93ee91d0>, 'Connection to tneapredictor-production.up.railway.app timed out. (connect timeout=None)')",1,2026-06-30T14:19:27Z,2026-06-30T14:19:27Z
POST,/predict/colleges [auth],"ConnectTimeoutError(<HTTPSConnection(host='tneapredictor-production.up.railway.app', port=443) at 0x1fb85828910>, 'Connection to tneapredictor-production.up.railway.app timed out. (connect timeout=None)')",1,2026-06-30T14:19:45Z,2026-06-30T14:19:45Z
POST,/predict/colleges [premium],"ConnectTimeoutError(<HTTPSConnection(host='tneapredictor-production.up.railway.app', port=443) at 0x1fb88d7fd90>, 'Connection to tneapredictor-production.up.railway.app timed out. (connect timeout=None)')",1,2026-06-30T14:19:41Z,2026-06-30T14:19:41Z
POST,/auth/login [setup],"ConnectTimeoutError(<HTTPSConnection(host='tneapredictor-production.up.railway.app', port=443) at 0x1fb98627250>, 'Connection to tneapredictor-production.up.railway.app timed out. (connect timeout=None)')",1,2026-06-30T14:19:28Z,2026-06-30T14:19:28Z
POST,/predict/colleges [premium],"ConnectTimeoutError(<HTTPSConnection(host='tneapredictor-production.up.railway.app', port=443) at 0x1fb923011d0>, 'Connection to tneapredictor-production.up.railway.app timed out. (connect timeout=None)')",1,2026-06-30T14:19:42Z,2026-06-30T14:19:42Z
POST,/auth/login [setup],"ConnectTimeoutError(<HTTPSConnection(host='tneapredictor-production.up.railway.app', port=443) at 0x1fb95804cd0>, 'Connection to tneapredictor-production.up.railway.app timed out. (connect timeout=None)')",1,2026-06-30T14:19:27Z,2026-06-30T14:19:27Z
POST,/predict/colleges [premium],"ConnectTimeoutError(<HTTPSConnection(host='tneapredictor-production.up.railway.app', port=443) at 0x1fb9017fed0>, 'Connection to tneapredictor-production.up.railway.app timed out. (connect timeout=None)')",1,2026-06-30T14:19:41Z,2026-06-30T14:19:41Z
GET,/auth/me,"ConnectTimeoutError(<HTTPSConnection(host='tneapredictor-production.up.railway.app', port=443) at 0x1fb865ae710>, 'Connection to tneapredictor-production.up.railway.app timed out. (connect timeout=None)')",1,2026-06-30T14:19:44Z,2026-06-30T14:19:44Z
POST,/auth/login [setup],"ConnectTimeoutError(<HTTPSConnection(host='tneapredictor-production.up.railway.app', port=443) at 0x1fb991b7c50>, 'Connection to tneapredictor-production.up.railway.app timed out. (connect timeout=None)')",1,2026-06-30T14:19:28Z,2026-06-30T14:19:28Z
POST,/auth/login [setup],"ConnectTimeoutError(<HTTPSConnection(host='tneapredictor-production.up.railway.app', port=443) at 0x1fbe85fd1d0>, 'Connection to tneapredictor-production.up.railway.app timed out. (connect timeout=None)')",1,2026-06-30T14:19:04Z,2026-06-30T14:19:04Z
GET,/auth/me,"ConnectTimeoutError(<HTTPSConnection(host='tneapredictor-production.up.railway.app', port=443) at 0x1fb8582b890>, 'Connection to tneapredictor-production.up.railway.app timed out. (connect timeout=None)')",1,2026-06-30T14:19:45Z,2026-06-30T14:19:45Z
POST,/auth/login [setup],"ConnectTimeoutError(<HTTPSConnection(host='tneapredictor-production.up.railway.app', port=443) at 0x1fbf3ade990>, 'Connection to tneapredictor-production.up.railway.app timed out. (connect timeout=None)')",1,2026-06-30T14:19:05Z,2026-06-30T14:19:05Z
POST,/predict/colleges [premium],"ConnectTimeoutError(<HTTPSConnection(host='tneapredictor-production.up.railway.app', port=443) at 0x1fb90104190>, 'Connection to tneapredictor-production.up.railway.app timed out. (connect timeout=None)')",1,2026-06-30T14:19:41Z,2026-06-30T14:19:41Z
POST,/auth/login [setup],"ConnectTimeoutError(<HTTPSConnection(host='tneapredictor-production.up.railway.app', port=443) at 0x1fb97d46210>, 'Connection to tneapredictor-production.up.railway.app timed out. (connect timeout=None)')",1,2026-06-30T14:19:28Z,2026-06-30T14:19:28Z
POST,/auth/login [setup],"ConnectTimeoutError(<HTTPSConnection(host='tneapredictor-production.up.railway.app', port=443) at 0x1fbf8db2710>, 'Connection to tneapredictor-production.up.railway.app timed out. (connect timeout=None)')",1,2026-06-30T14:19:05Z,2026-06-30T14:19:05Z
GET,/auth/me,"ConnectTimeoutError(<HTTPSConnection(host='tneapredictor-production.up.railway.app', port=443) at 0x1fbffd665d0>, 'Connection to tneapredictor-production.up.railway.app timed out. (connect timeout=None)')",1,2026-06-30T14:19:40Z,2026-06-30T14:19:40Z
POST,/auth/update-profile,"ConnectTimeoutError(<HTTPSConnection(host='tneapredictor-production.up.railway.app', port=443) at 0x1fb8cfb4910>, 'Connection to tneapredictor-production.up.railway.app timed out. (connect timeout=None)')",1,2026-06-30T14:19:40Z,2026-06-30T14:19:40Z
POST,/predict/colleges [premium],"ConnectTimeoutError(<HTTPSConnection(host='tneapredictor-production.up.railway.app', port=443) at 0x1fbfcc9fed0>, 'Connection to tneapredictor-production.up.railway.app timed out. (connect timeout=None)')",1,2026-06-30T14:19:40Z,2026-06-30T14:19:40Z
POST,/auth/login [setup],"ConnectTimeoutError(<HTTPSConnection(host='tneapredictor-production.up.railway.app', port=443) at 0x1fb95807250>, 'Connection to tneapredictor-production.up.railway.app timed out. (connect timeout=None)')",1,2026-06-30T14:19:27Z,2026-06-30T14:19:27Z
POST,/auth/login [setup],"ConnectTimeoutError(<HTTPSConnection(host='tneapredictor-production.up.railway.app', port=443) at 0x1fb8a292fd0>, 'Connection to tneapredictor-production.up.railway.app timed out. (connect timeout=None)')",1,2026-06-30T14:19:20Z,2026-06-30T14:19:20Z
POST,/auth/login [setup],"ConnectTimeoutError(<HTTPSConnection(host='tneapredictor-production.up.railway.app', port=443) at 0x1fb8a38efd0>, 'Connection to tneapredictor-production.up.railway.app timed out. (connect timeout=None)')",1,2026-06-30T14:19:20Z,2026-06-30T14:19:20Z
POST,/auth/login [setup],"ConnectTimeoutError(<HTTPSConnection(host='tneapredictor-production.up.railway.app', port=443) at 0x1fb926b0a50>, 'Connection to tneapredictor-production.up.railway.app timed out. (connect timeout=None)')",1,2026-06-30T14:19:27Z,2026-06-30T14:19:27Z
POST,/auth/login [setup],"ConnectTimeoutError(<HTTPSConnection(host='tneapredictor-production.up.railway.app', port=443) at 0x1fb90a5ca50>, 'Connection to tneapredictor-production.up.railway.app timed out. (connect timeout=None)')",1,2026-06-30T14:19:26Z,2026-06-30T14:19:26Z
POST,/predict/colleges [auth],"ConnectTimeoutError(<HTTPSConnection(host='tneapredictor-production.up.railway.app', port=443) at 0x1fb86102850>, 'Connection to tneapredictor-production.up.railway.app timed out. (connect timeout=None)')",1,2026-06-30T14:19:45Z,2026-06-30T14:19:45Z
POST,/auth/login [setup],"ConnectTimeoutError(<HTTPSConnection(host='tneapredictor-production.up.railway.app', port=443) at 0x1fb90e8ed50>, 'Connection to tneapredictor-production.up.railway.app timed out. (connect timeout=None)')",1,2026-06-30T14:19:26Z,2026-06-30T14:19:26Z
GET,/predict/colleges-list,"ConnectTimeoutError(<HTTPSConnection(host='tneapredictor-production.up.railway.app', port=443) at 0x1fb8a290190>, 'Connection to tneapredictor-production.up.railway.app timed out. (connect timeout=None)')",1,2026-06-30T14:19:42Z,2026-06-30T14:19:42Z
POST,/predict/colleges [premium],"ConnectTimeoutError(<HTTPSConnection(host='tneapredictor-production.up.railway.app', port=443) at 0x1fb953c0e10>, 'Connection to tneapredictor-production.up.railway.app timed out. (connect timeout=None)')",1,2026-06-30T14:19:42Z,2026-06-30T14:19:42Z
POST,/auth/login [setup],"ConnectTimeoutError(<HTTPSConnection(host='tneapredictor-production.up.railway.app', port=443) at 0x1fb95804a50>, 'Connection to tneapredictor-production.up.railway.app timed out. (connect timeout=None)')",1,2026-06-30T14:19:27Z,2026-06-30T14:19:27Z
POST,/auth/login [setup],"ConnectTimeoutError(<HTTPSConnection(host='tneapredictor-production.up.railway.app', port=443) at 0x1fb981f8f50>, 'Connection to tneapredictor-production.up.railway.app timed out. (connect timeout=None)')",1,2026-06-30T14:19:28Z,2026-06-30T14:19:28Z
POST,/auth/login [setup],"ConnectTimeoutError(<HTTPSConnection(host='tneapredictor-production.up.railway.app', port=443) at 0x1fb98625950>, 'Connection to tneapredictor-production.up.railway.app timed out. (connect timeout=None)')",1,2026-06-30T14:19:28Z,2026-06-30T14:19:28Z
POST,/auth/login [setup],"ConnectTimeoutError(<HTTPSConnection(host='tneapredictor-production.up.railway.app', port=443) at 0x1fb97cc1450>, 'Connection to tneapredictor-production.up.railway.app timed out. (connect timeout=None)')",1,2026-06-30T14:19:28Z,2026-06-30T14:19:28Z
POST,/payment/create-order,"ConnectTimeoutError(<HTTPSConnection(host='tneapredictor-production.up.railway.app', port=443) at 0x1fb83704550>, 'Connection to tneapredictor-production.up.railway.app timed out. (connect timeout=None)')",1,2026-06-30T14:19:40Z,2026-06-30T14:19:40Z
POST,/auth/login [setup],"ConnectTimeoutError(<HTTPSConnection(host='tneapredictor-production.up.railway.app', port=443) at 0x1fb93eea350>, 'Connection to tneapredictor-production.up.railway.app timed out. (connect timeout=None)')",1,2026-06-30T14:19:27Z,2026-06-30T14:19:27Z
POST,/auth/login [setup],"ConnectTimeoutError(<HTTPSConnection(host='tneapredictor-production.up.railway.app', port=443) at 0x1fb99e40050>, 'Connection to tneapredictor-production.up.railway.app timed out. (connect timeout=None)')",1,2026-06-30T14:19:28Z,2026-06-30T14:19:28Z
POST,/auth/login [setup],"ConnectTimeoutError(<HTTPSConnection(host='tneapredictor-production.up.railway.app', port=443) at 0x1fb926b0050>, 'Connection to tneapredictor-production.up.railway.app timed out. (connect timeout=None)')",1,2026-06-30T14:19:27Z,2026-06-30T14:19:27Z
POST,/predict/colleges [premium],"ConnectTimeoutError(<HTTPSConnection(host='tneapredictor-production.up.railway.app', port=443) at 0x1fb88d7f110>, 'Connection to tneapredictor-production.up.railway.app timed out. (connect timeout=None)')",1,2026-06-30T14:19:42Z,2026-06-30T14:19:42Z
POST,/auth/login [setup],"ConnectTimeoutError(<HTTPSConnection(host='tneapredictor-production.up.railway.app', port=443) at 0x1fb99ec4690>, 'Connection to tneapredictor-production.up.railway.app timed out. (connect timeout=None)')",1,2026-06-30T14:19:28Z,2026-06-30T14:19:28Z
POST,/auth/login [setup],"ConnectTimeoutError(<HTTPSConnection(host='tneapredictor-production.up.railway.app', port=443) at 0x1fb90965e50>, 'Connection to tneapredictor-production.up.railway.app timed out. (connect timeout=None)')",1,2026-06-30T14:19:23Z,2026-06-30T14:19:23Z
POST,/auth/update-profile,"ConnectTimeoutError(<HTTPSConnection(host='tneapredictor-production.up.railway.app', port=443) at 0x1fbfa6d9450>, 'Connection to tneapredictor-production.up.railway.app timed out. (connect timeout=None)')",1,2026-06-30T14:19:40Z,2026-06-30T14:19:40Z
POST,/auth/login [setup],"ConnectTimeoutError(<HTTPSConnection(host='tneapredictor-production.up.railway.app', port=443) at 0x1fb9a718b90>, 'Connection to tneapredictor-production.up.railway.app timed out. (connect timeout=None)')",1,2026-06-30T14:19:28Z,2026-06-30T14:19:28Z
GET,/auth/me,"ConnectTimeoutError(<HTTPSConnection(host='tneapredictor-production.up.railway.app', port=443) at 0x1fb89242fd0>, 'Connection to tneapredictor-production.up.railway.app timed out. (connect timeout=None)')",1,2026-06-30T14:19:42Z,2026-06-30T14:19:42Z
POST,/auth/login [setup],"ConnectTimeoutError(<HTTPSConnection(host='tneapredictor-production.up.railway.app', port=443) at 0x1fb97db42d0>, 'Connection to tneapredictor-production.up.railway.app timed out. (connect timeout=None)')",1,2026-06-30T14:19:28Z,2026-06-30T14:19:28Z
POST,/predict/colleges [auth],"ConnectTimeoutError(<HTTPSConnection(host='tneapredictor-production.up.railway.app', port=443) at 0x1fb8582ae90>, 'Connection to tneapredictor-production.up.railway.app timed out. (connect timeout=None)')",1,2026-06-30T14:19:45Z,2026-06-30T14:19:45Z
POST,/auth/login [setup],"ConnectTimeoutError(<HTTPSConnection(host='tneapredictor-production.up.railway.app', port=443) at 0x1fb90e8e850>, 'Connection to tneapredictor-production.up.railway.app timed out. (connect timeout=None)')",1,2026-06-30T14:19:26Z,2026-06-30T14:19:26Z
POST,/auth/login [setup],"ConnectTimeoutError(<HTTPSConnection(host='tneapredictor-production.up.railway.app', port=443) at 0x1fb99660b90>, 'Connection to tneapredictor-production.up.railway.app timed out. (connect timeout=None)')",1,2026-06-30T14:19:28Z,2026-06-30T14:19:28Z
POST,/predict/colleges [premium],"ConnectTimeoutError(<HTTPSConnection(host='tneapredictor-production.up.railway.app', port=443) at 0x1fb811cfb10>, 'Connection to tneapredictor-production.up.railway.app timed out. (connect timeout=None)')",1,2026-06-30T14:19:40Z,2026-06-30T14:19:40Z
POST,/auth/login [setup],"ConnectTimeoutError(<HTTPSConnection(host='tneapredictor-production.up.railway.app', port=443) at 0x1fbe0e5d450>, 'Connection to tneapredictor-production.up.railway.app timed out. (connect timeout=None)')",1,2026-06-30T14:19:04Z,2026-06-30T14:19:04Z
POST,/auth/login [setup],"ConnectTimeoutError(<HTTPSConnection(host='tneapredictor-production.up.railway.app', port=443) at 0x1fbf4c2a350>, 'Connection to tneapredictor-production.up.railway.app timed out. (connect timeout=None)')",1,2026-06-30T14:19:05Z,2026-06-30T14:19:05Z
POST,/auth/login [setup],"ConnectTimeoutError(<HTTPSConnection(host='tneapredictor-production.up.railway.app', port=443) at 0x1fb95882210>, 'Connection to tneapredictor-production.up.railway.app timed out. (connect timeout=None)')",1,2026-06-30T14:19:27Z,2026-06-30T14:19:27Z
POST,/auth/login [setup],"ConnectTimeoutError(<HTTPSConnection(host='tneapredictor-production.up.railway.app', port=443) at 0x1fb995e34d0>, 'Connection to tneapredictor-production.up.railway.app timed out. (connect timeout=None)')",1,2026-06-30T14:19:28Z,2026-06-30T14:19:28Z
POST,/predict/colleges [premium],"ConnectTimeoutError(<HTTPSConnection(host='tneapredictor-production.up.railway.app', port=443) at 0x1fbf792ae90>, 'Connection to tneapredictor-production.up.railway.app timed out. (connect timeout=None)')",1,2026-06-30T14:19:40Z,2026-06-30T14:19:40Z
POST,/payment/create-order,"ConnectTimeoutError(<HTTPSConnection(host='tneapredictor-production.up.railway.app', port=443) at 0x1fbf3adfed0>, 'Connection to tneapredictor-production.up.railway.app timed out. (connect timeout=None)')",1,2026-06-30T14:19:40Z,2026-06-30T14:19:40Z
POST,/auth/login [setup],"ConnectTimeoutError(<HTTPSConnection(host='tneapredictor-production.up.railway.app', port=443) at 0x1fb989ee990>, 'Connection to tneapredictor-production.up.railway.app timed out. (connect timeout=None)')",1,2026-06-30T14:19:28Z,2026-06-30T14:19:28Z
POST,/auth/login [setup],"ConnectTimeoutError(<HTTPSConnection(host='tneapredictor-production.up.railway.app', port=443) at 0x1fb8e516490>, 'Connection to tneapredictor-production.up.railway.app timed out. (connect timeout=None)')",1,2026-06-30T14:19:21Z,2026-06-30T14:19:21Z
POST,/auth/login [setup],"ConnectTimeoutError(<HTTPSConnection(host='tneapredictor-production.up.railway.app', port=443) at 0x1fb960dce10>, 'Connection to tneapredictor-production.up.railway.app timed out. (connect timeout=None)')",1,2026-06-30T14:19:28Z,2026-06-30T14:19:28Z
GET,/auth/me,"ConnectTimeoutError(<HTTPSConnection(host='tneapredictor-production.up.railway.app', port=443) at 0x1fb8a315e50>, 'Connection to tneapredictor-production.up.railway.app timed out. (connect timeout=None)')",1,2026-06-30T14:19:41Z,2026-06-30T14:19:41Z
POST,/auth/update-profile,"ConnectTimeoutError(<HTTPSConnection(host='tneapredictor-production.up.railway.app', port=443) at 0x1fbfa7ce350>, 'Connection to tneapredictor-production.up.railway.app timed out. (connect timeout=None)')",1,2026-06-30T14:19:40Z,2026-06-30T14:19:40Z
POST,/auth/login [setup],"ConnectTimeoutError(<HTTPSConnection(host='tneapredictor-production.up.railway.app', port=443) at 0x1fb94bea710>, 'Connection to tneapredictor-production.up.railway.app timed out. (connect timeout=None)')",1,2026-06-30T14:19:27Z,2026-06-30T14:19:27Z
POST,/auth/update-profile,"ConnectTimeoutError(<HTTPSConnection(host='tneapredictor-production.up.railway.app', port=443) at 0x1fb850439d0>, 'Connection to tneapredictor-production.up.railway.app timed out. (connect timeout=None)')",1,2026-06-30T14:19:46Z,2026-06-30T14:19:46Z
POST,/auth/login [setup],"ConnectTimeoutError(<HTTPSConnection(host='tneapredictor-production.up.railway.app', port=443) at 0x1fb98d879d0>, 'Connection to tneapredictor-production.up.railway.app timed out. (connect timeout=None)')",1,2026-06-30T14:19:28Z,2026-06-30T14:19:28Z
GET,/auth/me,"ConnectTimeoutError(<HTTPSConnection(host='tneapredictor-production.up.railway.app', port=443) at 0x1fb84b96710>, 'Connection to tneapredictor-production.up.railway.app timed out. (connect timeout=None)')",1,2026-06-30T14:19:42Z,2026-06-30T14:19:42Z
POST,/auth/login [setup],"ConnectTimeoutError(<HTTPSConnection(host='tneapredictor-production.up.railway.app', port=443) at 0x1fbe899c410>, 'Connection to tneapredictor-production.up.railway.app timed out. (connect timeout=None)')",1,2026-06-30T14:19:04Z,2026-06-30T14:19:04Z
GET,/auth/me,"ConnectTimeoutError(<HTTPSConnection(host='tneapredictor-production.up.railway.app', port=443) at 0x1fb88975810>, 'Connection to tneapredictor-production.up.railway.app timed out. (connect timeout=None)')",1,2026-06-30T14:19:43Z,2026-06-30T14:19:43Z
POST,/auth/login [setup],"ConnectTimeoutError(<HTTPSConnection(host='tneapredictor-production.up.railway.app', port=443) at 0x1fb8c3b1810>, 'Connection to tneapredictor-production.up.railway.app timed out. (connect timeout=None)')",1,2026-06-30T14:19:20Z,2026-06-30T14:19:20Z
POST,/auth/login [setup],"ConnectTimeoutError(<HTTPSConnection(host='tneapredictor-production.up.railway.app', port=443) at 0x1fbf1a51590>, 'Connection to tneapredictor-production.up.railway.app timed out. (connect timeout=None)')",1,2026-06-30T14:19:05Z,2026-06-30T14:19:05Z
POST,/auth/login [setup],"ConnectTimeoutError(<HTTPSConnection(host='tneapredictor-production.up.railway.app', port=443) at 0x1fbe164dd10>, 'Connection to tneapredictor-production.up.railway.app timed out. (connect timeout=None)')",1,2026-06-30T14:19:04Z,2026-06-30T14:19:04Z
POST,/auth/login [setup],"ConnectTimeoutError(<HTTPSConnection(host='tneapredictor-production.up.railway.app', port=443) at 0x1fb93b19090>, 'Connection to tneapredictor-production.up.railway.app timed out. (connect timeout=None)')",1,2026-06-30T14:19:27Z,2026-06-30T14:19:27Z
POST,/auth/login [setup],"ConnectTimeoutError(<HTTPSConnection(host='tneapredictor-production.up.railway.app', port=443) at 0x1fb97cc1e50>, 'Connection to tneapredictor-production.up.railway.app timed out. (connect timeout=None)')",1,2026-06-30T14:19:28Z,2026-06-30T14:19:28Z
POST,/auth/login [setup],"ConnectTimeoutError(<HTTPSConnection(host='tneapredictor-production.up.railway.app', port=443) at 0x1fb985b4910>, 'Connection to tneapredictor-production.up.railway.app timed out. (connect timeout=None)')",1,2026-06-30T14:19:28Z,2026-06-30T14:19:28Z
POST,/auth/login [setup],"ConnectTimeoutError(<HTTPSConnection(host='tneapredictor-production.up.railway.app', port=443) at 0x1fb98626fd0>, 'Connection to tneapredictor-production.up.railway.app timed out. (connect timeout=None)')",1,2026-06-30T14:19:28Z,2026-06-30T14:19:28Z
POST,/predict/colleges [premium],"ConnectTimeoutError(<HTTPSConnection(host='tneapredictor-production.up.railway.app', port=443) at 0x1fb8cfb5f90>, 'Connection to tneapredictor-production.up.railway.app timed out. (connect timeout=None)')",1,2026-06-30T14:19:40Z,2026-06-30T14:19:40Z
POST,/auth/login [setup],"ConnectTimeoutError(<HTTPSConnection(host='tneapredictor-production.up.railway.app', port=443) at 0x1fb91aa8e10>, 'Connection to tneapredictor-production.up.railway.app timed out. (connect timeout=None)')",1,2026-06-30T14:19:27Z,2026-06-30T14:19:27Z
POST,/auth/login [setup],"ConnectTimeoutError(<HTTPSConnection(host='tneapredictor-production.up.railway.app', port=443) at 0x1fb99e40f50>, 'Connection to tneapredictor-production.up.railway.app timed out. (connect timeout=None)')",1,2026-06-30T14:19:28Z,2026-06-30T14:19:28Z
POST,/predict/colleges [premium],"ConnectTimeoutError(<HTTPSConnection(host='tneapredictor-production.up.railway.app', port=443) at 0x1fb97d47250>, 'Connection to tneapredictor-production.up.railway.app timed out. (connect timeout=None)')",1,2026-06-30T14:19:42Z,2026-06-30T14:19:42Z
POST,/auth/login [setup],"ConnectTimeoutError(<HTTPSConnection(host='tneapredictor-production.up.railway.app', port=443) at 0x1fbebf91e50>, 'Connection to tneapredictor-production.up.railway.app timed out. (connect timeout=None)')",1,2026-06-30T14:19:04Z,2026-06-30T14:19:04Z
POST,/predict/colleges [premium],"ConnectTimeoutError(<HTTPSConnection(host='tneapredictor-production.up.railway.app', port=443) at 0x1fb8793e5d0>, 'Connection to tneapredictor-production.up.railway.app timed out. (connect timeout=None)')",1,2026-06-30T14:19:41Z,2026-06-30T14:19:41Z
POST,/auth/login [setup],"ConnectTimeoutError(<HTTPSConnection(host='tneapredictor-production.up.railway.app', port=443) at 0x1fb98d86850>, 'Connection to tneapredictor-production.up.railway.app timed out. (connect timeout=None)')",1,2026-06-30T14:19:28Z,2026-06-30T14:19:28Z
POST,/auth/login [setup],"ConnectTimeoutError(<HTTPSConnection(host='tneapredictor-production.up.railway.app', port=443) at 0x1fbfd3f7b10>, 'Connection to tneapredictor-production.up.railway.app timed out. (connect timeout=None)')",1,2026-06-30T14:19:07Z,2026-06-30T14:19:07Z
POST,/predict/colleges [auth],"ConnectTimeoutError(<HTTPSConnection(host='tneapredictor-production.up.railway.app', port=443) at 0x1fb8653aad0>, 'Connection to tneapredictor-production.up.railway.app timed out. (connect timeout=None)')",1,2026-06-30T14:19:44Z,2026-06-30T14:19:44Z
GET,/auth/me,"ConnectTimeoutError(<HTTPSConnection(host='tneapredictor-production.up.railway.app', port=443) at 0x1fb86102ad0>, 'Connection to tneapredictor-production.up.railway.app timed out. (connect timeout=None)')",1,2026-06-30T14:19:45Z,2026-06-30T14:19:45Z
POST,/auth/login [setup],"ConnectTimeoutError(<HTTPSConnection(host='tneapredictor-production.up.railway.app', port=443) at 0x1fbf960f390>, 'Connection to tneapredictor-production.up.railway.app timed out. (connect timeout=None)')",1,2026-06-30T14:19:05Z,2026-06-30T14:19:05Z
POST,/auth/login [setup],"ConnectTimeoutError(<HTTPSConnection(host='tneapredictor-production.up.railway.app', port=443) at 0x1fbec346990>, 'Connection to tneapredictor-production.up.railway.app timed out. (connect timeout=None)')",1,2026-06-30T14:19:04Z,2026-06-30T14:19:04Z
POST,/auth/login [setup],"ConnectTimeoutError(<HTTPSConnection(host='tneapredictor-production.up.railway.app', port=443) at 0x1fb8fd71a90>, 'Connection to tneapredictor-production.up.railway.app timed out. (connect timeout=None)')",1,2026-06-30T14:19:21Z,2026-06-30T14:19:21Z
POST,/auth/login [setup],"ConnectTimeoutError(<HTTPSConnection(host='tneapredictor-production.up.railway.app', port=443) at 0x1fb99a92490>, 'Connection to tneapredictor-production.up.railway.app timed out. (connect timeout=None)')",1,2026-06-30T14:19:28Z,2026-06-30T14:19:28Z
GET,/auth/me,"ConnectTimeoutError(<HTTPSConnection(host='tneapredictor-production.up.railway.app', port=443) at 0x1fb8f8a1590>, 'Connection to tneapredictor-production.up.railway.app timed out. (connect timeout=None)')",1,2026-06-30T14:19:42Z,2026-06-30T14:19:42Z
POST,/auth/login [setup],"ConnectTimeoutError(<HTTPSConnection(host='tneapredictor-production.up.railway.app', port=443) at 0x1fbefd86350>, 'Connection to tneapredictor-production.up.railway.app timed out. (connect timeout=None)')",1,2026-06-30T14:19:04Z,2026-06-30T14:19:04Z
POST,/auth/login [setup],"ConnectTimeoutError(<HTTPSConnection(host='tneapredictor-production.up.railway.app', port=443) at 0x1fb94b71950>, 'Connection to tneapredictor-production.up.railway.app timed out. (connect timeout=None)')",1,2026-06-30T14:19:27Z,2026-06-30T14:19:27Z
POST,/auth/login [setup],"ConnectTimeoutError(<HTTPSConnection(host='tneapredictor-production.up.railway.app', port=443) at 0x1fbf1a52710>, 'Connection to tneapredictor-production.up.railway.app timed out. (connect timeout=None)')",1,2026-06-30T14:19:05Z,2026-06-30T14:19:05Z
POST,/auth/login [setup],"ConnectTimeoutError(<HTTPSConnection(host='tneapredictor-production.up.railway.app', port=443) at 0x1fb94c6c7d0>, 'Connection to tneapredictor-production.up.railway.app timed out. (connect timeout=None)')",1,2026-06-30T14:19:27Z,2026-06-30T14:19:27Z
POST,/auth/login [setup],"ConnectTimeoutError(<HTTPSConnection(host='tneapredictor-production.up.railway.app', port=443) at 0x1fb98d85bd0>, 'Connection to tneapredictor-production.up.railway.app timed out. (connect timeout=None)')",1,2026-06-30T14:19:28Z,2026-06-30T14:19:28Z
GET,/auth/me,"ConnectTimeoutError(<HTTPSConnection(host='tneapredictor-production.up.railway.app', port=443) at 0x1fb847e6850>, 'Connection to tneapredictor-production.up.railway.app timed out. (connect timeout=None)')",1,2026-06-30T14:19:49Z,2026-06-30T14:19:49Z
POST,/auth/login [setup],"ConnectTimeoutError(<HTTPSConnection(host='tneapredictor-production.up.railway.app', port=443) at 0x1fbf960e710>, 'Connection to tneapredictor-production.up.railway.app timed out. (connect timeout=None)')",1,2026-06-30T14:19:05Z,2026-06-30T14:19:05Z
POST,/auth/login [setup],"ConnectTimeoutError(<HTTPSConnection(host='tneapredictor-production.up.railway.app', port=443) at 0x1fb92300e10>, 'Connection to tneapredictor-production.up.railway.app timed out. (connect timeout=None)')",1,2026-06-30T14:19:27Z,2026-06-30T14:19:27Z
POST,/auth/login [setup],"ConnectTimeoutError(<HTTPSConnection(host='tneapredictor-production.up.railway.app', port=443) at 0x1fb8c3b2c10>, 'Connection to tneapredictor-production.up.railway.app timed out. (connect timeout=None)')",1,2026-06-30T14:19:20Z,2026-06-30T14:19:20Z
POST,/auth/login [setup],"ConnectTimeoutError(<HTTPSConnection(host='tneapredictor-production.up.railway.app', port=443) at 0x1fbe3f2c690>, 'Connection to tneapredictor-production.up.railway.app timed out. (connect timeout=None)')",1,2026-06-30T14:19:04Z,2026-06-30T14:19:04Z
POST,/auth/login [setup],"ConnectTimeoutError(<HTTPSConnection(host='tneapredictor-production.up.railway.app', port=443) at 0x1fb926b3750>, 'Connection to tneapredictor-production.up.railway.app timed out. (connect timeout=None)')",1,2026-06-30T14:19:27Z,2026-06-30T14:19:27Z
POST,/auth/login [setup],"ConnectTimeoutError(<HTTPSConnection(host='tneapredictor-production.up.railway.app', port=443) at 0x1fb90965450>, 'Connection to tneapredictor-production.up.railway.app timed out. (connect timeout=None)')",1,2026-06-30T14:19:23Z,2026-06-30T14:19:23Z
POST,/predict/colleges [auth],"ConnectTimeoutError(<HTTPSConnection(host='tneapredictor-production.up.railway.app', port=443) at 0x1fb850407d0>, 'Connection to tneapredictor-production.up.railway.app timed out. (connect timeout=None)')",1,2026-06-30T14:19:46Z,2026-06-30T14:19:46Z
POST,/auth/login [setup],"ConnectTimeoutError(<HTTPSConnection(host='tneapredictor-production.up.railway.app', port=443) at 0x1fbf47f5950>, 'Connection to tneapredictor-production.up.railway.app timed out. (connect timeout=None)')",1,2026-06-30T14:19:05Z,2026-06-30T14:19:05Z
POST,/auth/login [setup],"ConnectTimeoutError(<HTTPSConnection(host='tneapredictor-production.up.railway.app', port=443) at 0x1fb87cdbc50>, 'Connection to tneapredictor-production.up.railway.app timed out. (connect timeout=None)')",1,2026-06-30T14:19:19Z,2026-06-30T14:19:19Z
POST,/auth/login [setup],"ConnectTimeoutError(<HTTPSConnection(host='tneapredictor-production.up.railway.app', port=443) at 0x1fb960dee90>, 'Connection to tneapredictor-production.up.railway.app timed out. (connect timeout=None)')",1,2026-06-30T14:19:28Z,2026-06-30T14:19:28Z
POST,/auth/login [setup],"ConnectTimeoutError(<HTTPSConnection(host='tneapredictor-production.up.railway.app', port=443) at 0x1fb95ce4b90>, 'Connection to tneapredictor-production.up.railway.app timed out. (connect timeout=None)')",1,2026-06-30T14:19:28Z,2026-06-30T14:19:28Z
POST,/auth/login [setup],"ConnectTimeoutError(<HTTPSConnection(host='tneapredictor-production.up.railway.app', port=443) at 0x1fb99f3a5d0>, 'Connection to tneapredictor-production.up.railway.app timed out. (connect timeout=None)')",1,2026-06-30T14:19:28Z,2026-06-30T14:19:28Z
POST,/auth/login [setup],"ConnectTimeoutError(<HTTPSConnection(host='tneapredictor-production.up.railway.app', port=443) at 0x1fb93eebed0>, 'Connection to tneapredictor-production.up.railway.app timed out. (connect timeout=None)')",1,2026-06-30T14:19:27Z,2026-06-30T14:19:27Z
GET,/auth/me,"ConnectTimeoutError(<HTTPSConnection(host='tneapredictor-production.up.railway.app', port=443) at 0x1fb8bac6710>, 'Connection to tneapredictor-production.up.railway.app timed out. (connect timeout=None)')",1,2026-06-30T14:19:42Z,2026-06-30T14:19:42Z
POST,/auth/login [setup],"ConnectTimeoutError(<HTTPSConnection(host='tneapredictor-production.up.railway.app', port=443) at 0x1fbfc762490>, 'Connection to tneapredictor-production.up.railway.app timed out. (connect timeout=None)')",1,2026-06-30T14:19:07Z,2026-06-30T14:19:07Z
POST,/predict/colleges [premium],"ConnectTimeoutError(<HTTPSConnection(host='tneapredictor-production.up.railway.app', port=443) at 0x1fb909e7c50>, 'Connection to tneapredictor-production.up.railway.app timed out. (connect timeout=None)')",1,2026-06-30T14:19:26Z,2026-06-30T14:19:26Z
POST,/payment/create-order,"ConnectTimeoutError(<HTTPSConnection(host='tneapredictor-production.up.railway.app', port=443) at 0x1fb864b0b90>, 'Connection to tneapredictor-production.up.railway.app timed out. (connect timeout=None)')",1,2026-06-30T14:19:43Z,2026-06-30T14:19:43Z
GET,/auth/me,"ConnectTimeoutError(<HTTPSConnection(host='tneapredictor-production.up.railway.app', port=443) at 0x1fb811cd810>, 'Connection to tneapredictor-production.up.railway.app timed out. (connect timeout=None)')",1,2026-06-30T14:19:40Z,2026-06-30T14:19:40Z
POST,/predict/colleges [premium],"ConnectTimeoutError(<HTTPSConnection(host='tneapredictor-production.up.railway.app', port=443) at 0x1fbfa333610>, 'Connection to tneapredictor-production.up.railway.app timed out. (connect timeout=None)')",1,2026-06-30T14:19:40Z,2026-06-30T14:19:40Z
POST,/auth/login [setup],"ConnectTimeoutError(<HTTPSConnection(host='tneapredictor-production.up.railway.app', port=443) at 0x1fb9a719090>, 'Connection to tneapredictor-production.up.railway.app timed out. (connect timeout=None)')",1,2026-06-30T14:19:28Z,2026-06-30T14:19:28Z
POST,/predict/colleges [guest],"ConnectTimeoutError(<HTTPSConnection(host='tneapredictor-production.up.railway.app', port=443) at 0x1fb94b70410>, 'Connection to tneapredictor-production.up.railway.app timed out. (connect timeout=None)')",1,2026-06-30T14:19:42Z,2026-06-30T14:19:42Z
POST,/predict/colleges [premium],"ConnectTimeoutError(<HTTPSConnection(host='tneapredictor-production.up.railway.app', port=443) at 0x1fb8bb3e850>, 'Connection to tneapredictor-production.up.railway.app timed out. (connect timeout=None)')",1,2026-06-30T14:19:41Z,2026-06-30T14:19:41Z
POST,/predict/colleges [premium],"ConnectTimeoutError(<HTTPSConnection(host='tneapredictor-production.up.railway.app', port=443) at 0x1fb8b730050>, 'Connection to tneapredictor-production.up.railway.app timed out. (connect timeout=None)')",1,2026-06-30T14:19:42Z,2026-06-30T14:19:42Z
POST,/auth/login [setup],"ConnectTimeoutError(<HTTPSConnection(host='tneapredictor-production.up.railway.app', port=443) at 0x1fb991b4050>, 'Connection to tneapredictor-production.up.railway.app timed out. (connect timeout=None)')",1,2026-06-30T14:19:28Z,2026-06-30T14:19:28Z
POST,/payment/create-order,"ConnectTimeoutError(<HTTPSConnection(host='tneapredictor-production.up.railway.app', port=443) at 0x1fb8123c050>, 'Connection to tneapredictor-production.up.railway.app timed out. (connect timeout=None)')",1,2026-06-30T14:19:40Z,2026-06-30T14:19:40Z
GET,/auth/me,"ConnectTimeoutError(<HTTPSConnection(host='tneapredictor-production.up.railway.app', port=443) at 0x1fb8bac5090>, 'Connection to tneapredictor-production.up.railway.app timed out. (connect timeout=None)')",1,2026-06-30T14:19:42Z,2026-06-30T14:19:42Z
POST,/auth/login [setup],"ConnectTimeoutError(<HTTPSConnection(host='tneapredictor-production.up.railway.app', port=443) at 0x1fbe9e8a210>, 'Connection to tneapredictor-production.up.railway.app timed out. (connect timeout=None)')",1,2026-06-30T14:19:04Z,2026-06-30T14:19:04Z
POST,/predict/colleges [premium],"ConnectTimeoutError(<HTTPSConnection(host='tneapredictor-production.up.railway.app', port=443) at 0x1fb8811bed0>, 'Connection to tneapredictor-production.up.railway.app timed out. (connect timeout=None)')",1,2026-06-30T14:19:43Z,2026-06-30T14:19:43Z
GET,/auth/me,"ConnectTimeoutError(<HTTPSConnection(host='tneapredictor-production.up.railway.app', port=443) at 0x1fb8d0af110>, 'Connection to tneapredictor-production.up.railway.app timed out. (connect timeout=None)')",1,2026-06-30T14:19:40Z,2026-06-30T14:19:40Z
POST,/auth/login [setup],"ConnectTimeoutError(<HTTPSConnection(host='tneapredictor-production.up.railway.app', port=443) at 0x1fb9649b4d0>, 'Connection to tneapredictor-production.up.railway.app timed out. (connect timeout=None)')",1,2026-06-30T14:19:28Z,2026-06-30T14:19:28Z
POST,/predict/colleges [premium],"ConnectTimeoutError(<HTTPSConnection(host='tneapredictor-production.up.railway.app', port=443) at 0x1fb89edb250>, 'Connection to tneapredictor-production.up.railway.app timed out. (connect timeout=None)')",1,2026-06-30T14:19:41Z,2026-06-30T14:19:41Z
POST,/auth/login [setup],"ConnectTimeoutError(<HTTPSConnection(host='tneapredictor-production.up.railway.app', port=443) at 0x1fb97cc25d0>, 'Connection to tneapredictor-production.up.railway.app timed out. (connect timeout=None)')",1,2026-06-30T14:19:28Z,2026-06-30T14:19:28Z
POST,/auth/login [setup],"ConnectTimeoutError(<HTTPSConnection(host='tneapredictor-production.up.railway.app', port=443) at 0x1fbf9ee0cd0>, 'Connection to tneapredictor-production.up.railway.app timed out. (connect timeout=None)')",1,2026-06-30T14:19:06Z,2026-06-30T14:19:06Z
POST,/auth/login [setup],"ConnectTimeoutError(<HTTPSConnection(host='tneapredictor-production.up.railway.app', port=443) at 0x1fb92301a90>, 'Connection to tneapredictor-production.up.railway.app timed out. (connect timeout=None)')",1,2026-06-30T14:19:27Z,2026-06-30T14:19:27Z
GET,/auth/me,"ConnectTimeoutError(<HTTPSConnection(host='tneapredictor-production.up.railway.app', port=443) at 0x1fb89ed96d0>, 'Connection to tneapredictor-production.up.railway.app timed out. (connect timeout=None)')",1,2026-06-30T14:19:42Z,2026-06-30T14:19:42Z
POST,/auth/login [setup],"ConnectTimeoutError(<HTTPSConnection(host='tneapredictor-production.up.railway.app', port=443) at 0x1fb9272a990>, 'Connection to tneapredictor-production.up.railway.app timed out. (connect timeout=None)')",1,2026-06-30T14:19:27Z,2026-06-30T14:19:27Z
POST,/auth/login [setup],"ConnectTimeoutError(<HTTPSConnection(host='tneapredictor-production.up.railway.app', port=443) at 0x1fb9440e350>, 'Connection to tneapredictor-production.up.railway.app timed out. (connect timeout=None)')",1,2026-06-30T14:19:27Z,2026-06-30T14:19:27Z
POST,/predict/colleges [premium],"ConnectTimeoutError(<HTTPSConnection(host='tneapredictor-production.up.railway.app', port=443) at 0x1fb89a39a90>, 'Connection to tneapredictor-production.up.railway.app timed out. (connect timeout=None)')",1,2026-06-30T14:19:41Z,2026-06-30T14:19:41Z
POST,/predict/colleges [premium],"ConnectTimeoutError(<HTTPSConnection(host='tneapredictor-production.up.railway.app', port=443) at 0x1fbf7cfafd0>, 'Connection to tneapredictor-production.up.railway.app timed out. (connect timeout=None)')",1,2026-06-30T14:19:40Z,2026-06-30T14:19:40Z
POST,/auth/login [setup],"ConnectTimeoutError(<HTTPSConnection(host='tneapredictor-production.up.railway.app', port=443) at 0x1fb92302710>, 'Connection to tneapredictor-production.up.railway.app timed out. (connect timeout=None)')",1,2026-06-30T14:19:27Z,2026-06-30T14:19:27Z
POST,/auth/login [setup],"ConnectTimeoutError(<HTTPSConnection(host='tneapredictor-production.up.railway.app', port=443) at 0x1fb8bfda0d0>, 'Connection to tneapredictor-production.up.railway.app timed out. (connect timeout=None)')",1,2026-06-30T14:19:20Z,2026-06-30T14:19:20Z
POST,/auth/login [setup],"ConnectTimeoutError(<HTTPSConnection(host='tneapredictor-production.up.railway.app', port=443) at 0x1fb90a5f750>, 'Connection to tneapredictor-production.up.railway.app timed out. (connect timeout=None)')",1,2026-06-30T14:19:26Z,2026-06-30T14:19:26Z
POST,/auth/login [setup],"ConnectTimeoutError(<HTTPSConnection(host='tneapredictor-production.up.railway.app', port=443) at 0x1fb978851d0>, 'Connection to tneapredictor-production.up.railway.app timed out. (connect timeout=None)')",1,2026-06-30T14:19:28Z,2026-06-30T14:19:28Z
POST,/auth/login [setup],"ConnectTimeoutError(<HTTPSConnection(host='tneapredictor-production.up.railway.app', port=443) at 0x1fb94b71e50>, 'Connection to tneapredictor-production.up.railway.app timed out. (connect timeout=None)')",1,2026-06-30T14:19:27Z,2026-06-30T14:19:27Z
POST,/predict/colleges [premium],"ConnectTimeoutError(<HTTPSConnection(host='tneapredictor-production.up.railway.app', port=443) at 0x1fb8d897c50>, 'Connection to tneapredictor-production.up.railway.app timed out. (connect timeout=None)')",1,2026-06-30T14:19:41Z,2026-06-30T14:19:41Z
GET,/auth/me,"ConnectTimeoutError(<HTTPSConnection(host='tneapredictor-production.up.railway.app', port=443) at 0x1fb8d48a350>, 'Connection to tneapredictor-production.up.railway.app timed out. (connect timeout=None)')",1,2026-06-30T14:19:41Z,2026-06-30T14:19:41Z
POST,/predict/colleges [premium],"ConnectTimeoutError(<HTTPSConnection(host='tneapredictor-production.up.railway.app', port=443) at 0x1fb853f5310>, 'Connection to tneapredictor-production.up.railway.app timed out. (connect timeout=None)')",1,2026-06-30T14:19:43Z,2026-06-30T14:19:43Z
POST,/auth/login [setup],"ConnectTimeoutError(<HTTPSConnection(host='tneapredictor-production.up.railway.app', port=443) at 0x1fbf16ab750>, 'Connection to tneapredictor-production.up.railway.app timed out. (connect timeout=None)')",1,2026-06-30T14:19:05Z,2026-06-30T14:19:05Z
POST,/payment/create-order,"ConnectTimeoutError(<HTTPSConnection(host='tneapredictor-production.up.railway.app', port=443) at 0x1fbf8121bd0>, 'Connection to tneapredictor-production.up.railway.app timed out. (connect timeout=None)')",1,2026-06-30T14:19:40Z,2026-06-30T14:19:40Z
POST,/auth/update-profile,"ConnectTimeoutError(<HTTPSConnection(host='tneapredictor-production.up.railway.app', port=443) at 0x1fb88d7e710>, 'Connection to tneapredictor-production.up.railway.app timed out. (connect timeout=None)')",1,2026-06-30T14:19:41Z,2026-06-30T14:19:41Z
POST,/auth/login [setup],"ConnectTimeoutError(<HTTPSConnection(host='tneapredictor-production.up.railway.app', port=443) at 0x1fb89671d10>, 'Connection to tneapredictor-production.up.railway.app timed out. (connect timeout=None)')",1,2026-06-30T14:19:20Z,2026-06-30T14:19:20Z
POST,/auth/login [setup],"ConnectTimeoutError(<HTTPSConnection(host='tneapredictor-production.up.railway.app', port=443) at 0x1fb97cc07d0>, 'Connection to tneapredictor-production.up.railway.app timed out. (connect timeout=None)')",1,2026-06-30T14:19:28Z,2026-06-30T14:19:28Z
POST,/auth/login [setup],"ConnectTimeoutError(<HTTPSConnection(host='tneapredictor-production.up.railway.app', port=443) at 0x1fbe4ba5590>, 'Connection to tneapredictor-production.up.railway.app timed out. (connect timeout=None)')",1,2026-06-30T14:19:04Z,2026-06-30T14:19:04Z
POST,/auth/login [setup],"ConnectTimeoutError(<HTTPSConnection(host='tneapredictor-production.up.railway.app', port=443) at 0x1fb86101d10>, 'Connection to tneapredictor-production.up.railway.app timed out. (connect timeout=None)')",1,2026-06-30T14:19:19Z,2026-06-30T14:19:19Z
POST,/auth/login [setup],"ConnectTimeoutError(<HTTPSConnection(host='tneapredictor-production.up.railway.app', port=443) at 0x1fbf8121810>, 'Connection to tneapredictor-production.up.railway.app timed out. (connect timeout=None)')",1,2026-06-30T14:19:05Z,2026-06-30T14:19:05Z
GET,/auth/me,"ConnectTimeoutError(<HTTPSConnection(host='tneapredictor-production.up.railway.app', port=443) at 0x1fbf7cfb750>, 'Connection to tneapredictor-production.up.railway.app timed out. (connect timeout=None)')",1,2026-06-30T14:19:40Z,2026-06-30T14:19:40Z
POST,/auth/login [setup],"ConnectTimeoutError(<HTTPSConnection(host='tneapredictor-production.up.railway.app', port=443) at 0x1fb947d1090>, 'Connection to tneapredictor-production.up.railway.app timed out. (connect timeout=None)')",1,2026-06-30T14:19:27Z,2026-06-30T14:19:27Z
POST,/auth/login [setup],"ConnectTimeoutError(<HTTPSConnection(host='tneapredictor-production.up.railway.app', port=443) at 0x1fb99663b10>, 'Connection to tneapredictor-production.up.railway.app timed out. (connect timeout=None)')",1,2026-06-30T14:19:28Z,2026-06-30T14:19:28Z
POST,/auth/login [setup],"ConnectTimeoutError(<HTTPSConnection(host='tneapredictor-production.up.railway.app', port=443) at 0x1fb97886350>, 'Connection to tneapredictor-production.up.railway.app timed out. (connect timeout=None)')",1,2026-06-30T14:19:28Z,2026-06-30T14:19:28Z
POST,/payment/create-order,"ConnectTimeoutError(<HTTPSConnection(host='tneapredictor-production.up.railway.app', port=443) at 0x1fb8d8942d0>, 'Connection to tneapredictor-production.up.railway.app timed out. (connect timeout=None)')",1,2026-06-30T14:19:41Z,2026-06-30T14:19:41Z
POST,/auth/login [setup],"ConnectTimeoutError(<HTTPSConnection(host='tneapredictor-production.up.railway.app', port=443) at 0x1fb89242c10>, 'Connection to tneapredictor-production.up.railway.app timed out. (connect timeout=None)')",1,2026-06-30T14:19:20Z,2026-06-30T14:19:20Z
POST,/auth/login [setup],"ConnectTimeoutError(<HTTPSConnection(host='tneapredictor-production.up.railway.app', port=443) at 0x1fb9a6ab9d0>, 'Connection to tneapredictor-production.up.railway.app timed out. (connect timeout=None)')",1,2026-06-30T14:19:28Z,2026-06-30T14:19:28Z
POST,/auth/login [setup],"ConnectTimeoutError(<HTTPSConnection(host='tneapredictor-production.up.railway.app', port=443) at 0x1fb8f923d90>, 'Connection to tneapredictor-production.up.railway.app timed out. (connect timeout=None)')",1,2026-06-30T14:19:21Z,2026-06-30T14:19:21Z
POST,/auth/login [setup],"ConnectTimeoutError(<HTTPSConnection(host='tneapredictor-production.up.railway.app', port=443) at 0x1fbf16aaad0>, 'Connection to tneapredictor-production.up.railway.app timed out. (connect timeout=None)')",1,2026-06-30T14:19:05Z,2026-06-30T14:19:05Z
POST,/predict/colleges [guest],"ConnectionResetError(10054, 'An existing connection was forcibly closed by the remote host', None, 10054, None)",9,2026-06-30T14:19:00Z,2026-06-30T14:19:26Z
POST,/auth/login [setup],"ConnectTimeoutError(<HTTPSConnection(host='tneapredictor-production.up.railway.app', port=443) at 0x1fb89241090>, 'Connection to tneapredictor-production.up.railway.app timed out. (connect timeout=None)')",1,2026-06-30T14:19:20Z,2026-06-30T14:19:20Z
POST,/auth/login [setup],"ConnectTimeoutError(<HTTPSConnection(host='tneapredictor-production.up.railway.app', port=443) at 0x1fb95883610>, 'Connection to tneapredictor-production.up.railway.app timed out. (connect timeout=None)')",1,2026-06-30T14:19:28Z,2026-06-30T14:19:28Z
POST,/predict/colleges [premium],"ConnectTimeoutError(<HTTPSConnection(host='tneapredictor-production.up.railway.app', port=443) at 0x1fb98186350>, 'Connection to tneapredictor-production.up.railway.app timed out. (connect timeout=None)')",1,2026-06-30T14:19:42Z,2026-06-30T14:19:42Z
POST,/predict/colleges [premium],"ConnectTimeoutError(<HTTPSConnection(host='tneapredictor-production.up.railway.app', port=443) at 0x1fb8e064410>, 'Connection to tneapredictor-production.up.railway.app timed out. (connect timeout=None)')",1,2026-06-30T14:19:41Z,2026-06-30T14:19:41Z
POST,/auth/login [setup],"ConnectTimeoutError(<HTTPSConnection(host='tneapredictor-production.up.railway.app', port=443) at 0x1fbf5815f90>, 'Connection to tneapredictor-production.up.railway.app timed out. (connect timeout=None)')",1,2026-06-30T14:19:05Z,2026-06-30T14:19:05Z
POST,/auth/login [setup],"ConnectTimeoutError(<HTTPSConnection(host='tneapredictor-production.up.railway.app', port=443) at 0x1fbe8119f90>, 'Connection to tneapredictor-production.up.railway.app timed out. (connect timeout=None)')",1,2026-06-30T14:19:04Z,2026-06-30T14:19:04Z
GET,/auth/me,"ConnectTimeoutError(<HTTPSConnection(host='tneapredictor-production.up.railway.app', port=443) at 0x1fb8bf65bd0>, 'Connection to tneapredictor-production.up.railway.app timed out. (connect timeout=None)')",1,2026-06-30T14:19:41Z,2026-06-30T14:19:41Z
POST,/auth/login [setup],"ConnectTimeoutError(<HTTPSConnection(host='tneapredictor-production.up.railway.app', port=443) at 0x1fb960dec10>, 'Connection to tneapredictor-production.up.railway.app timed out. (connect timeout=None)')",1,2026-06-30T14:19:28Z,2026-06-30T14:19:28Z
POST,/predict/colleges [auth],"ConnectTimeoutError(<HTTPSConnection(host='tneapredictor-production.up.railway.app', port=443) at 0x1fb861007d0>, 'Connection to tneapredictor-production.up.railway.app timed out. (connect timeout=None)')",1,2026-06-30T14:19:45Z,2026-06-30T14:19:45Z
POST,/auth/login [setup],"ConnectTimeoutError(<HTTPSConnection(host='tneapredictor-production.up.railway.app', port=443) at 0x1fb91ed0910>, 'Connection to tneapredictor-production.up.railway.app timed out. (connect timeout=None)')",1,2026-06-30T14:19:27Z,2026-06-30T14:19:27Z
POST,/auth/login [setup],"ConnectTimeoutError(<HTTPSConnection(host='tneapredictor-production.up.railway.app', port=443) at 0x1fb978fa710>, 'Connection to tneapredictor-production.up.railway.app timed out. (connect timeout=None)')",1,2026-06-30T14:19:28Z,2026-06-30T14:19:28Z
POST,/auth/login [setup],"ConnectTimeoutError(<HTTPSConnection(host='tneapredictor-production.up.railway.app', port=443) at 0x1fb94c6ead0>, 'Connection to tneapredictor-production.up.railway.app timed out. (connect timeout=None)')",1,2026-06-30T14:19:27Z,2026-06-30T14:19:27Z
POST,/auth/login [setup],"ConnectTimeoutError(<HTTPSConnection(host='tneapredictor-production.up.railway.app', port=443) at 0x1fb90966350>, 'Connection to tneapredictor-production.up.railway.app timed out. (connect timeout=None)')",1,2026-06-30T14:19:23Z,2026-06-30T14:19:23Z
POST,/payment/create-order,"ConnectTimeoutError(<HTTPSConnection(host='tneapredictor-production.up.railway.app', port=443) at 0x1fb8c748410>, 'Connection to tneapredictor-production.up.railway.app timed out. (connect timeout=None)')",1,2026-06-30T14:19:42Z,2026-06-30T14:19:42Z
POST,/predict/colleges [premium],"ConnectTimeoutError(<HTTPSConnection(host='tneapredictor-production.up.railway.app', port=443) at 0x1fb84c12850>, 'Connection to tneapredictor-production.up.railway.app timed out. (connect timeout=None)')",1,2026-06-30T14:19:41Z,2026-06-30T14:19:41Z
POST,/auth/login [setup],"ConnectTimeoutError(<HTTPSConnection(host='tneapredictor-production.up.railway.app', port=443) at 0x1fb93b1b390>, 'Connection to tneapredictor-production.up.railway.app timed out. (connect timeout=None)')",1,2026-06-30T14:19:27Z,2026-06-30T14:19:27Z
POST,/auth/login [setup],"ConnectTimeoutError(<HTTPSConnection(host='tneapredictor-production.up.railway.app', port=443) at 0x1fb9a2f7110>, 'Connection to tneapredictor-production.up.railway.app timed out. (connect timeout=None)')",1,2026-06-30T14:19:28Z,2026-06-30T14:19:28Z
POST,/auth/login [setup],"ConnectTimeoutError(<HTTPSConnection(host='tneapredictor-production.up.railway.app', port=443) at 0x1fb95881a90>, 'Connection to tneapredictor-production.up.railway.app timed out. (connect timeout=None)')",1,2026-06-30T14:19:27Z,2026-06-30T14:19:27Z
POST,/auth/login [setup],"ConnectTimeoutError(<HTTPSConnection(host='tneapredictor-production.up.railway.app', port=443) at 0x1fb989ec690>, 'Connection to tneapredictor-production.up.railway.app timed out. (connect timeout=None)')",1,2026-06-30T14:19:28Z,2026-06-30T14:19:28Z
POST,/auth/login [setup],"ConnectTimeoutError(<HTTPSConnection(host='tneapredictor-production.up.railway.app', port=443) at 0x1fb91aab390>, 'Connection to tneapredictor-production.up.railway.app timed out. (connect timeout=None)')",1,2026-06-30T14:19:27Z,2026-06-30T14:19:27Z
POST,/auth/update-profile,"ConnectTimeoutError(<HTTPSConnection(host='tneapredictor-production.up.railway.app', port=443) at 0x1fb8e0e8550>, 'Connection to tneapredictor-production.up.railway.app timed out. (connect timeout=None)')",1,2026-06-30T14:19:42Z,2026-06-30T14:19:42Z
POST,/auth/login [setup],"ConnectTimeoutError(<HTTPSConnection(host='tneapredictor-production.up.railway.app', port=443) at 0x1fbefd865d0>, 'Connection to tneapredictor-production.up.railway.app timed out. (connect timeout=None)')",1,2026-06-30T14:19:04Z,2026-06-30T14:19:04Z
GET,/auth/me,"ConnectTimeoutError(<HTTPSConnection(host='tneapredictor-production.up.railway.app', port=443) at 0x1fb8793e850>, 'Connection to tneapredictor-production.up.railway.app timed out. (connect timeout=None)')",1,2026-06-30T14:19:41Z,2026-06-30T14:19:41Z
POST,/auth/login [setup],"ConnectTimeoutError(<HTTPSConnection(host='tneapredictor-production.up.railway.app', port=443) at 0x1fb88193d90>, 'Connection to tneapredictor-production.up.railway.app timed out. (connect timeout=None)')",1,2026-06-30T14:19:20Z,2026-06-30T14:19:20Z
POST,/auth/login [setup],"ConnectTimeoutError(<HTTPSConnection(host='tneapredictor-production.up.railway.app', port=443) at 0x1fb99229590>, 'Connection to tneapredictor-production.up.railway.app timed out. (connect timeout=None)')",1,2026-06-30T14:19:28Z,2026-06-30T14:19:28Z
POST,/auth/login [setup],"ConnectTimeoutError(<HTTPSConnection(host='tneapredictor-production.up.railway.app', port=443) at 0x1fb94392210>, 'Connection to tneapredictor-production.up.railway.app timed out. (connect timeout=None)')",1,2026-06-30T14:19:27Z,2026-06-30T14:19:27Z
POST,/auth/login [setup],"ConnectTimeoutError(<HTTPSConnection(host='tneapredictor-production.up.railway.app', port=443) at 0x1fb981f9450>, 'Connection to tneapredictor-production.up.railway.app timed out. (connect timeout=None)')",1,2026-06-30T14:19:28Z,2026-06-30T14:19:28Z
POST,/auth/login [setup],"ConnectTimeoutError(<HTTPSConnection(host='tneapredictor-production.up.railway.app', port=443) at 0x1fb95881590>, 'Connection to tneapredictor-production.up.railway.app timed out. (connect timeout=None)')",1,2026-06-30T14:19:27Z,2026-06-30T14:19:27Z
GET,/config,"ConnectionResetError(10054, 'An existing connection was forcibly closed by the remote host', None, 10054, None)",2,2026-06-30T14:19:07Z,2026-06-30T14:19:21Z
POST,/auth/login [setup],"ConnectTimeoutError(<HTTPSConnection(host='tneapredictor-production.up.railway.app', port=443) at 0x1fb991b4550>, 'Connection to tneapredictor-production.up.railway.app timed out. (connect timeout=None)')",1,2026-06-30T14:19:28Z,2026-06-30T14:19:28Z
POST,/auth/login [setup],"ConnectTimeoutError(<HTTPSConnection(host='tneapredictor-production.up.railway.app', port=443) at 0x1fb91672710>, 'Connection to tneapredictor-production.up.railway.app timed out. (connect timeout=None)')",1,2026-06-30T14:19:27Z,2026-06-30T14:19:27Z
POST,/auth/login [setup],"ConnectTimeoutError(<HTTPSConnection(host='tneapredictor-production.up.railway.app', port=443) at 0x1fb991b65d0>, 'Connection to tneapredictor-production.up.railway.app timed out. (connect timeout=None)')",1,2026-06-30T14:19:28Z,2026-06-30T14:19:28Z
POST,/auth/login [setup],"ConnectTimeoutError(<HTTPSConnection(host='tneapredictor-production.up.railway.app', port=443) at 0x1fbf4340690>, 'Connection to tneapredictor-production.up.railway.app timed out. (connect timeout=None)')",1,2026-06-30T14:19:05Z,2026-06-30T14:19:05Z
POST,/auth/login [setup],"ConnectTimeoutError(<HTTPSConnection(host='tneapredictor-production.up.railway.app', port=443) at 0x1fb991b47d0>, 'Connection to tneapredictor-production.up.railway.app timed out. (connect timeout=None)')",1,2026-06-30T14:19:28Z,2026-06-30T14:19:28Z
POST,/auth/login [setup],"ConnectTimeoutError(<HTTPSConnection(host='tneapredictor-production.up.railway.app', port=443) at 0x1fb9bed0550>, 'Connection to tneapredictor-production.up.railway.app timed out. (connect timeout=None)')",1,2026-06-30T14:19:28Z,2026-06-30T14:19:28Z
POST,/predict/colleges [auth],"ConnectTimeoutError(<HTTPSConnection(host='tneapredictor-production.up.railway.app', port=443) at 0x1fb865ad810>, 'Connection to tneapredictor-production.up.railway.app timed out. (connect timeout=None)')",1,2026-06-30T14:19:44Z,2026-06-30T14:19:44Z
POST,/payment/create-order,"ConnectTimeoutError(<HTTPSConnection(host='tneapredictor-production.up.railway.app', port=443) at 0x1fb8c7bd950>, 'Connection to tneapredictor-production.up.railway.app timed out. (connect timeout=None)')",1,2026-06-30T14:19:40Z,2026-06-30T14:19:40Z
POST,/auth/login [setup],"ConnectTimeoutError(<HTTPSConnection(host='tneapredictor-production.up.railway.app', port=443) at 0x1fb97d47b10>, 'Connection to tneapredictor-production.up.railway.app timed out. (connect timeout=None)')",1,2026-06-30T14:19:28Z,2026-06-30T14:19:28Z
POST,/auth/login [setup],"ConnectTimeoutError(<HTTPSConnection(host='tneapredictor-production.up.railway.app', port=443) at 0x1fb981fbed0>, 'Connection to tneapredictor-production.up.railway.app timed out. (connect timeout=None)')",1,2026-06-30T14:19:28Z,2026-06-30T14:19:28Z
POST,/predict/colleges [premium],"ConnectTimeoutError(<HTTPSConnection(host='tneapredictor-production.up.railway.app', port=443) at 0x1fbfbb77b10>, 'Connection to tneapredictor-production.up.railway.app timed out. (connect timeout=None)')",1,2026-06-30T14:19:40Z,2026-06-30T14:19:40Z
POST,/auth/login [setup],"ConnectTimeoutError(<HTTPSConnection(host='tneapredictor-production.up.railway.app', port=443) at 0x1fbe8db9f90>, 'Connection to tneapredictor-production.up.railway.app timed out. (connect timeout=None)')",1,2026-06-30T14:19:04Z,2026-06-30T14:19:04Z
POST,/predict/rank [auth],"ConnectTimeoutError(<HTTPSConnection(host='tneapredictor-production.up.railway.app', port=443) at 0x1fb847e56d0>, 'Connection to tneapredictor-production.up.railway.app timed out. (connect timeout=None)')",1,2026-06-30T14:19:49Z,2026-06-30T14:19:49Z
POST,/auth/login [setup],"ConnectTimeoutError(<HTTPSConnection(host='tneapredictor-production.up.railway.app', port=443) at 0x1fb94392c10>, 'Connection to tneapredictor-production.up.railway.app timed out. (connect timeout=None)')",1,2026-06-30T14:19:27Z,2026-06-30T14:19:27Z
POST,/auth/login [setup],"ConnectTimeoutError(<HTTPSConnection(host='tneapredictor-production.up.railway.app', port=443) at 0x1fb995e1450>, 'Connection to tneapredictor-production.up.railway.app timed out. (connect timeout=None)')",1,2026-06-30T14:19:28Z,2026-06-30T14:19:28Z
GET,/auth/me,"ConnectTimeoutError(<HTTPSConnection(host='tneapredictor-production.up.railway.app', port=443) at 0x1fb8123ccd0>, 'Connection to tneapredictor-production.up.railway.app timed out. (connect timeout=None)')",1,2026-06-30T14:19:40Z,2026-06-30T14:19:40Z
POST,/predict/colleges [premium],"ConnectTimeoutError(<HTTPSConnection(host='tneapredictor-production.up.railway.app', port=443) at 0x1fb905b20d0>, 'Connection to tneapredictor-production.up.railway.app timed out. (connect timeout=None)')",1,2026-06-30T14:19:40Z,2026-06-30T14:19:40Z
GET,/auth/me,"ConnectTimeoutError(<HTTPSConnection(host='tneapredictor-production.up.railway.app', port=443) at 0x1fbf8db3250>, 'Connection to tneapredictor-production.up.railway.app timed out. (connect timeout=None)')",1,2026-06-30T14:19:28Z,2026-06-30T14:19:28Z
GET,/auth/me,"ConnectTimeoutError(<HTTPSConnection(host='tneapredictor-production.up.railway.app', port=443) at 0x1fb88df11d0>, 'Connection to tneapredictor-production.up.railway.app timed out. (connect timeout=None)')",1,2026-06-30T14:19:41Z,2026-06-30T14:19:41Z
POST,/predict/colleges [premium],"ConnectTimeoutError(<HTTPSConnection(host='tneapredictor-production.up.railway.app', port=443) at 0x1fbf7cf9810>, 'Connection to tneapredictor-production.up.railway.app timed out. (connect timeout=None)')",1,2026-06-30T14:19:40Z,2026-06-30T14:19:40Z
GET,/auth/me,"ConnectTimeoutError(<HTTPSConnection(host='tneapredictor-production.up.railway.app', port=443) at 0x1fb8cc03250>, 'Connection to tneapredictor-production.up.railway.app timed out. (connect timeout=None)')",1,2026-06-30T14:19:42Z,2026-06-30T14:19:42Z
POST,/auth/login [setup],"ConnectTimeoutError(<HTTPSConnection(host='tneapredictor-production.up.railway.app', port=443) at 0x1fb88190e10>, 'Connection to tneapredictor-production.up.railway.app timed out. (connect timeout=None)')",1,2026-06-30T14:19:20Z,2026-06-30T14:19:20Z
POST,/auth/login [setup],"ConnectTimeoutError(<HTTPSConnection(host='tneapredictor-production.up.railway.app', port=443) at 0x1fb93aa9950>, 'Connection to tneapredictor-production.up.railway.app timed out. (connect timeout=None)')",1,2026-06-30T14:19:27Z,2026-06-30T14:19:27Z
GET,/auth/me,"ConnectTimeoutError(<HTTPSConnection(host='tneapredictor-production.up.railway.app', port=443) at 0x1fbed03a210>, 'Connection to tneapredictor-production.up.railway.app timed out. (connect timeout=None)')",1,2026-06-30T14:19:40Z,2026-06-30T14:19:40Z
POST,/auth/login [setup],"ConnectTimeoutError(<HTTPSConnection(host='tneapredictor-production.up.railway.app', port=443) at 0x1fbe3fa8550>, 'Connection to tneapredictor-production.up.railway.app timed out. (connect timeout=None)')",1,2026-06-30T14:19:04Z,2026-06-30T14:19:04Z
POST,/auth/login [setup],"ConnectTimeoutError(<HTTPSConnection(host='tneapredictor-production.up.railway.app', port=443) at 0x1fb9bed1bd0>, 'Connection to tneapredictor-production.up.railway.app timed out. (connect timeout=None)')",1,2026-06-30T14:19:28Z,2026-06-30T14:19:28Z
POST,/predict/colleges [premium],"ConnectTimeoutError(<HTTPSConnection(host='tneapredictor-production.up.railway.app', port=443) at 0x1fb93eebb10>, 'Connection to tneapredictor-production.up.railway.app timed out. (connect timeout=None)')",1,2026-06-30T14:19:42Z,2026-06-30T14:19:42Z
POST,/auth/login [setup],"ConnectTimeoutError(<HTTPSConnection(host='tneapredictor-production.up.railway.app', port=443) at 0x1fb91a25e50>, 'Connection to tneapredictor-production.up.railway.app timed out. (connect timeout=None)')",1,2026-06-30T14:19:27Z,2026-06-30T14:19:27Z
POST,/auth/login [setup],"ConnectTimeoutError(<HTTPSConnection(host='tneapredictor-production.up.railway.app', port=443) at 0x1fbefd0ae90>, 'Connection to tneapredictor-production.up.railway.app timed out. (connect timeout=None)')",1,2026-06-30T14:19:04Z,2026-06-30T14:19:04Z
POST,/payment/create-order,"ConnectTimeoutError(<HTTPSConnection(host='tneapredictor-production.up.railway.app', port=443) at 0x1fb84c10550>, 'Connection to tneapredictor-production.up.railway.app timed out. (connect timeout=None)')",1,2026-06-30T14:19:41Z,2026-06-30T14:19:41Z
POST,/predict/colleges [premium],"ConnectTimeoutError(<HTTPSConnection(host='tneapredictor-production.up.railway.app', port=443) at 0x1fb9017cf50>, 'Connection to tneapredictor-production.up.railway.app timed out. (connect timeout=None)')",1,2026-06-30T14:19:41Z,2026-06-30T14:19:41Z
POST,/payment/create-order,"ConnectTimeoutError(<HTTPSConnection(host='tneapredictor-production.up.railway.app', port=443) at 0x1fb8d815810>, 'Connection to tneapredictor-production.up.railway.app timed out. (connect timeout=None)')",1,2026-06-30T14:19:41Z,2026-06-30T14:19:41Z
POST,/auth/login [setup],"ConnectTimeoutError(<HTTPSConnection(host='tneapredictor-production.up.railway.app', port=443) at 0x1fb99a13ed0>, 'Connection to tneapredictor-production.up.railway.app timed out. (connect timeout=None)')",1,2026-06-30T14:19:28Z,2026-06-30T14:19:28Z
POST,/auth/login [setup],"ConnectTimeoutError(<HTTPSConnection(host='tneapredictor-production.up.railway.app', port=443) at 0x1fb98df4e10>, 'Connection to tneapredictor-production.up.railway.app timed out. (connect timeout=None)')",1,2026-06-30T14:19:28Z,2026-06-30T14:19:28Z
POST,/auth/login [setup],"ConnectTimeoutError(<HTTPSConnection(host='tneapredictor-production.up.railway.app', port=443) at 0x1fb93f5e710>, 'Connection to tneapredictor-production.up.railway.app timed out. (connect timeout=None)')",1,2026-06-30T14:19:27Z,2026-06-30T14:19:27Z
POST,/auth/login [setup],"ConnectTimeoutError(<HTTPSConnection(host='tneapredictor-production.up.railway.app', port=443) at 0x1fbe1ace0d0>, 'Connection to tneapredictor-production.up.railway.app timed out. (connect timeout=None)')",1,2026-06-30T14:19:04Z,2026-06-30T14:19:04Z
POST,/auth/login [setup],"ConnectTimeoutError(<HTTPSConnection(host='tneapredictor-production.up.railway.app', port=443) at 0x1fb95806d50>, 'Connection to tneapredictor-production.up.railway.app timed out. (connect timeout=None)')",1,2026-06-30T14:19:27Z,2026-06-30T14:19:27Z
POST,/auth/update-profile,"ConnectTimeoutError(<HTTPSConnection(host='tneapredictor-production.up.railway.app', port=443) at 0x1fb8cfb5810>, 'Connection to tneapredictor-production.up.railway.app timed out. (connect timeout=None)')",1,2026-06-30T14:19:40Z,2026-06-30T14:19:40Z
GET,/auth/me,"ConnectTimeoutError(<HTTPSConnection(host='tneapredictor-production.up.railway.app', port=443) at 0x1fb909e4cd0>, 'Connection to tneapredictor-production.up.railway.app timed out. (connect timeout=None)')",1,2026-06-30T14:19:42Z,2026-06-30T14:19:42Z
POST,/auth/login [setup],"ConnectTimeoutError(<HTTPSConnection(host='tneapredictor-production.up.railway.app', port=443) at 0x1fb99a90b90>, 'Connection to tneapredictor-production.up.railway.app timed out. (connect timeout=None)')",1,2026-06-30T14:19:28Z,2026-06-30T14:19:28Z
GET,/auth/me,"ConnectTimeoutError(<HTTPSConnection(host='tneapredictor-production.up.railway.app', port=443) at 0x1fb87d4fc50>, 'Connection to tneapredictor-production.up.railway.app timed out. (connect timeout=None)')",1,2026-06-30T14:19:42Z,2026-06-30T14:19:42Z
POST,/predict/colleges [auth],"ConnectTimeoutError(<HTTPSConnection(host='tneapredictor-production.up.railway.app', port=443) at 0x1fb85cdbc50>, 'Connection to tneapredictor-production.up.railway.app timed out. (connect timeout=None)')",1,2026-06-30T14:19:45Z,2026-06-30T14:19:45Z
POST,/auth/login [setup],"ConnectTimeoutError(<HTTPSConnection(host='tneapredictor-production.up.railway.app', port=443) at 0x1fb8f998550>, 'Connection to tneapredictor-production.up.railway.app timed out. (connect timeout=None)')",1,2026-06-30T14:19:21Z,2026-06-30T14:19:21Z
POST,/predict/colleges [premium],"ConnectTimeoutError(<HTTPSConnection(host='tneapredictor-production.up.railway.app', port=443) at 0x1fb8793fc50>, 'Connection to tneapredictor-production.up.railway.app timed out. (connect timeout=None)')",1,2026-06-30T14:19:41Z,2026-06-30T14:19:41Z
POST,/auth/login [setup],"ConnectTimeoutError(<HTTPSConnection(host='tneapredictor-production.up.railway.app', port=443) at 0x1fb926b3c50>, 'Connection to tneapredictor-production.up.railway.app timed out. (connect timeout=None)')",1,2026-06-30T14:19:27Z,2026-06-30T14:19:27Z
POST,/auth/login [setup],"ConnectTimeoutError(<HTTPSConnection(host='tneapredictor-production.up.railway.app', port=443) at 0x1fbf0987610>, 'Connection to tneapredictor-production.up.railway.app timed out. (connect timeout=None)')",1,2026-06-30T14:19:04Z,2026-06-30T14:19:04Z
POST,/predict/colleges [premium],"ConnectTimeoutError(<HTTPSConnection(host='tneapredictor-production.up.railway.app', port=443) at 0x1fb8e514cd0>, 'Connection to tneapredictor-production.up.railway.app timed out. (connect timeout=None)')",1,2026-06-30T14:19:42Z,2026-06-30T14:19:42Z
POST,/auth/login [setup],"ConnectTimeoutError(<HTTPSConnection(host='tneapredictor-production.up.railway.app', port=443) at 0x1fb91aab890>, 'Connection to tneapredictor-production.up.railway.app timed out. (connect timeout=None)')",1,2026-06-30T14:19:27Z,2026-06-30T14:19:27Z
POST,/auth/login [setup],"ConnectTimeoutError(<HTTPSConnection(host='tneapredictor-production.up.railway.app', port=443) at 0x1fbe7d9d450>, 'Connection to tneapredictor-production.up.railway.app timed out. (connect timeout=None)')",1,2026-06-30T14:19:04Z,2026-06-30T14:19:04Z
GET,/auth/me,"ConnectTimeoutError(<HTTPSConnection(host='tneapredictor-production.up.railway.app', port=443) at 0x1fb8d897250>, 'Connection to tneapredictor-production.up.railway.app timed out. (connect timeout=None)')",1,2026-06-30T14:19:41Z,2026-06-30T14:19:41Z
POST,/auth/login [setup],"ConnectTimeoutError(<HTTPSConnection(host='tneapredictor-production.up.railway.app', port=443) at 0x1fbf960f110>, 'Connection to tneapredictor-production.up.railway.app timed out. (connect timeout=None)')",1,2026-06-30T14:19:05Z,2026-06-30T14:19:05Z
POST,/auth/login [setup],"ConnectTimeoutError(<HTTPSConnection(host='tneapredictor-production.up.railway.app', port=443) at 0x1fb99f39450>, 'Connection to tneapredictor-production.up.railway.app timed out. (connect timeout=None)')",1,2026-06-30T14:19:28Z,2026-06-30T14:19:28Z
POST,/auth/login [setup],"ConnectTimeoutError(<HTTPSConnection(host='tneapredictor-production.up.railway.app', port=443) at 0x1fb93b18b90>, 'Connection to tneapredictor-production.up.railway.app timed out. (connect timeout=None)')",1,2026-06-30T14:19:27Z,2026-06-30T14:19:27Z
POST,/auth/login [setup],"ConnectTimeoutError(<HTTPSConnection(host='tneapredictor-production.up.railway.app', port=443) at 0x1fbf3b556d0>, 'Connection to tneapredictor-production.up.railway.app timed out. (connect timeout=None)')",1,2026-06-30T14:19:05Z,2026-06-30T14:19:05Z
POST,/auth/update-profile,"ConnectTimeoutError(<HTTPSConnection(host='tneapredictor-production.up.railway.app', port=443) at 0x1fbff89cb90>, 'Connection to tneapredictor-production.up.railway.app timed out. (connect timeout=None)')",1,2026-06-30T14:19:40Z,2026-06-30T14:19:40Z
POST,/auth/login [setup],"ConnectTimeoutError(<HTTPSConnection(host='tneapredictor-production.up.railway.app', port=443) at 0x1fb8f8a3250>, 'Connection to tneapredictor-production.up.railway.app timed out. (connect timeout=None)')",1,2026-06-30T14:19:21Z,2026-06-30T14:19:21Z
POST,/auth/login [setup],"ConnectTimeoutError(<HTTPSConnection(host='tneapredictor-production.up.railway.app', port=443) at 0x1fb99ec7d90>, 'Connection to tneapredictor-production.up.railway.app timed out. (connect timeout=None)')",1,2026-06-30T14:19:28Z,2026-06-30T14:19:28Z
POST,/auth/login [setup],"ConnectTimeoutError(<HTTPSConnection(host='tneapredictor-production.up.railway.app', port=443) at 0x1fbf7cfb890>, 'Connection to tneapredictor-production.up.railway.app timed out. (connect timeout=None)')",1,2026-06-30T14:19:05Z,2026-06-30T14:19:05Z
POST,/auth/login [setup],"ConnectTimeoutError(<HTTPSConnection(host='tneapredictor-production.up.railway.app', port=443) at 0x1fb92303110>, 'Connection to tneapredictor-production.up.railway.app timed out. (connect timeout=None)')",1,2026-06-30T14:19:27Z,2026-06-30T14:19:27Z
POST,/auth/login [setup],"ConnectTimeoutError(<HTTPSConnection(host='tneapredictor-production.up.railway.app', port=443) at 0x1fb98184690>, 'Connection to tneapredictor-production.up.railway.app timed out. (connect timeout=None)')",1,2026-06-30T14:19:28Z,2026-06-30T14:19:28Z
POST,/auth/login [setup],"ConnectTimeoutError(<HTTPSConnection(host='tneapredictor-production.up.railway.app', port=443) at 0x1fb9a6aafd0>, 'Connection to tneapredictor-production.up.railway.app timed out. (connect timeout=None)')",1,2026-06-30T14:19:28Z,2026-06-30T14:19:28Z
POST,/auth/login [setup],"ConnectTimeoutError(<HTTPSConnection(host='tneapredictor-production.up.railway.app', port=443) at 0x1fbe3f2d590>, 'Connection to tneapredictor-production.up.railway.app timed out. (connect timeout=None)')",1,2026-06-30T14:19:04Z,2026-06-30T14:19:04Z
POST,/auth/login [setup],"ConnectTimeoutError(<HTTPSConnection(host='tneapredictor-production.up.railway.app', port=443) at 0x1fb93aa8a50>, 'Connection to tneapredictor-production.up.railway.app timed out. (connect timeout=None)')",1,2026-06-30T14:19:27Z,2026-06-30T14:19:27Z
POST,/predict/colleges [premium],"ConnectTimeoutError(<HTTPSConnection(host='tneapredictor-production.up.railway.app', port=443) at 0x1fbfcc21d10>, 'Connection to tneapredictor-production.up.railway.app timed out. (connect timeout=None)')",1,2026-06-30T14:19:40Z,2026-06-30T14:19:40Z
POST,/auth/login [setup],"ConnectTimeoutError(<HTTPSConnection(host='tneapredictor-production.up.railway.app', port=443) at 0x1fb99a11bd0>, 'Connection to tneapredictor-production.up.railway.app timed out. (connect timeout=None)')",1,2026-06-30T14:19:28Z,2026-06-30T14:19:28Z
GET,/auth/me,"ConnectTimeoutError(<HTTPSConnection(host='tneapredictor-production.up.railway.app', port=443) at 0x1fb88977110>, 'Connection to tneapredictor-production.up.railway.app timed out. (connect timeout=None)')",1,2026-06-30T14:19:43Z,2026-06-30T14:19:43Z
POST,/auth/login [setup],"ConnectTimeoutError(<HTTPSConnection(host='tneapredictor-production.up.railway.app', port=443) at 0x1fb95428690>, 'Connection to tneapredictor-production.up.railway.app timed out. (connect timeout=None)')",1,2026-06-30T14:19:27Z,2026-06-30T14:19:27Z
POST,/predict/colleges [premium],"ConnectTimeoutError(<HTTPSConnection(host='tneapredictor-production.up.railway.app', port=443) at 0x1fb864b1f90>, 'Connection to tneapredictor-production.up.railway.app timed out. (connect timeout=None)')",1,2026-06-30T14:19:43Z,2026-06-30T14:19:43Z
POST,/payment/create-order,"ConnectTimeoutError(<HTTPSConnection(host='tneapredictor-production.up.railway.app', port=443) at 0x1fb8bb3e0d0>, 'Connection to tneapredictor-production.up.railway.app timed out. (connect timeout=None)')",1,2026-06-30T14:19:41Z,2026-06-30T14:19:41Z
POST,/auth/login [setup],"ConnectTimeoutError(<HTTPSConnection(host='tneapredictor-production.up.railway.app', port=443) at 0x1fb9baa07d0>, 'Connection to tneapredictor-production.up.railway.app timed out. (connect timeout=None)')",1,2026-06-30T14:19:28Z,2026-06-30T14:19:28Z
POST,/auth/login [setup],"ConnectTimeoutError(<HTTPSConnection(host='tneapredictor-production.up.railway.app', port=443) at 0x1fbe9f14550>, 'Connection to tneapredictor-production.up.railway.app timed out. (connect timeout=None)')",1,2026-06-30T14:19:04Z,2026-06-30T14:19:04Z
POST,/auth/login [setup],"ConnectTimeoutError(<HTTPSConnection(host='tneapredictor-production.up.railway.app', port=443) at 0x1fbe1e95310>, 'Connection to tneapredictor-production.up.railway.app timed out. (connect timeout=None)')",1,2026-06-30T14:19:04Z,2026-06-30T14:19:04Z
POST,/auth/login [setup],"ConnectTimeoutError(<HTTPSConnection(host='tneapredictor-production.up.railway.app', port=443) at 0x1fb8e514910>, 'Connection to tneapredictor-production.up.railway.app timed out. (connect timeout=None)')",1,2026-06-30T14:19:21Z,2026-06-30T14:19:21Z
GET,/auth/me,"ConnectTimeoutError(<HTTPSConnection(host='tneapredictor-production.up.railway.app', port=443) at 0x1fb85042850>, 'Connection to tneapredictor-production.up.railway.app timed out. (connect timeout=None)')",1,2026-06-30T14:19:45Z,2026-06-30T14:19:45Z
POST,/auth/login [setup],"ConnectTimeoutError(<HTTPSConnection(host='tneapredictor-production.up.railway.app', port=443) at 0x1fbebf925d0>, 'Connection to tneapredictor-production.up.railway.app timed out. (connect timeout=None)')",1,2026-06-30T14:19:04Z,2026-06-30T14:19:04Z
POST,/auth/update-profile,"ConnectTimeoutError(<HTTPSConnection(host='tneapredictor-production.up.railway.app', port=443) at 0x1fb8d815310>, 'Connection to tneapredictor-production.up.railway.app timed out. (connect timeout=None)')",1,2026-06-30T14:19:41Z,2026-06-30T14:19:41Z
POST,/auth/login [setup],"ConnectTimeoutError(<HTTPSConnection(host='tneapredictor-production.up.railway.app', port=443) at 0x1fbe47f2ad0>, 'Connection to tneapredictor-production.up.railway.app timed out. (connect timeout=None)')",1,2026-06-30T14:19:04Z,2026-06-30T14:19:04Z
POST,/auth/login [setup],"ConnectTimeoutError(<HTTPSConnection(host='tneapredictor-production.up.railway.app', port=443) at 0x1fb97db6d50>, 'Connection to tneapredictor-production.up.railway.app timed out. (connect timeout=None)')",1,2026-06-30T14:19:28Z,2026-06-30T14:19:28Z
POST,/predict/rank [auth],"ConnectTimeoutError(<HTTPSConnection(host='tneapredictor-production.up.railway.app', port=443) at 0x1fb86081f90>, 'Connection to tneapredictor-production.up.railway.app timed out. (connect timeout=None)')",1,2026-06-30T14:19:45Z,2026-06-30T14:19:45Z
POST,/predict/colleges [premium],"ConnectTimeoutError(<HTTPSConnection(host='tneapredictor-production.up.railway.app', port=443) at 0x1fb8bee8b90>, 'Connection to tneapredictor-production.up.railway.app timed out. (connect timeout=None)')",1,2026-06-30T14:19:41Z,2026-06-30T14:19:41Z
POST,/auth/login [setup],"ConnectTimeoutError(<HTTPSConnection(host='tneapredictor-production.up.railway.app', port=443) at 0x1fb958f6fd0>, 'Connection to tneapredictor-production.up.railway.app timed out. (connect timeout=None)')",1,2026-06-30T14:19:28Z,2026-06-30T14:19:28Z
POST,/auth/login [setup],"ConnectTimeoutError(<HTTPSConnection(host='tneapredictor-production.up.railway.app', port=443) at 0x1fb8a314410>, 'Connection to tneapredictor-production.up.railway.app timed out. (connect timeout=None)')",1,2026-06-30T14:19:20Z,2026-06-30T14:19:20Z
POST,/auth/login [setup],"ConnectTimeoutError(<HTTPSConnection(host='tneapredictor-production.up.railway.app', port=443) at 0x1fb9a2f6e90>, 'Connection to tneapredictor-production.up.railway.app timed out. (connect timeout=None)')",1,2026-06-30T14:19:28Z,2026-06-30T14:19:28Z
POST,/predict/colleges [auth],"ConnectTimeoutError(<HTTPSConnection(host='tneapredictor-production.up.railway.app', port=443) at 0x1fb85cdad50>, 'Connection to tneapredictor-production.up.railway.app timed out. (connect timeout=None)')",1,2026-06-30T14:19:45Z,2026-06-30T14:19:45Z
POST,/auth/login [setup],"ConnectTimeoutError(<HTTPSConnection(host='tneapredictor-production.up.railway.app', port=443) at 0x1fb97cc2850>, 'Connection to tneapredictor-production.up.railway.app timed out. (connect timeout=None)')",1,2026-06-30T14:19:28Z,2026-06-30T14:19:28Z
POST,/auth/login [setup],"ConnectTimeoutError(<HTTPSConnection(host='tneapredictor-production.up.railway.app', port=443) at 0x1fb9440d450>, 'Connection to tneapredictor-production.up.railway.app timed out. (connect timeout=None)')",1,2026-06-30T14:19:27Z,2026-06-30T14:19:27Z
POST,/auth/login [setup],"ConnectTimeoutError(<HTTPSConnection(host='tneapredictor-production.up.railway.app', port=443) at 0x1fbf3adf390>, 'Connection to tneapredictor-production.up.railway.app timed out. (connect timeout=None)')",1,2026-06-30T14:19:05Z,2026-06-30T14:19:05Z
POST,/auth/login [setup],"ConnectTimeoutError(<HTTPSConnection(host='tneapredictor-production.up.railway.app', port=443) at 0x1fb926b34d0>, 'Connection to tneapredictor-production.up.railway.app timed out. (connect timeout=None)')",1,2026-06-30T14:19:27Z,2026-06-30T14:19:27Z
POST,/predict/colleges [premium],"ConnectTimeoutError(<HTTPSConnection(host='tneapredictor-production.up.railway.app', port=443) at 0x1fb8bb3d950>, 'Connection to tneapredictor-production.up.railway.app timed out. (connect timeout=None)')",1,2026-06-30T14:19:41Z,2026-06-30T14:19:41Z
POST,/auth/login [setup],"ConnectTimeoutError(<HTTPSConnection(host='tneapredictor-production.up.railway.app', port=443) at 0x1fb94c6e5d0>, 'Connection to tneapredictor-production.up.railway.app timed out. (connect timeout=None)')",1,2026-06-30T14:19:27Z,2026-06-30T14:19:27Z
POST,/auth/login [setup],"ConnectTimeoutError(<HTTPSConnection(host='tneapredictor-production.up.railway.app', port=443) at 0x1fbf4343b10>, 'Connection to tneapredictor-production.up.railway.app timed out. (connect timeout=None)')",1,2026-06-30T14:19:05Z,2026-06-30T14:19:05Z
POST,/predict/colleges [premium],"ConnectTimeoutError(<HTTPSConnection(host='tneapredictor-production.up.railway.app', port=443) at 0x1fb8bb3d450>, 'Connection to tneapredictor-production.up.railway.app timed out. (connect timeout=None)')",1,2026-06-30T14:19:41Z,2026-06-30T14:19:41Z
POST,/auth/login [setup],"ConnectTimeoutError(<HTTPSConnection(host='tneapredictor-production.up.railway.app', port=443) at 0x1fb912cead0>, 'Connection to tneapredictor-production.up.railway.app timed out. (connect timeout=None)')",1,2026-06-30T14:19:27Z,2026-06-30T14:19:27Z
POST,/auth/login [setup],"ConnectTimeoutError(<HTTPSConnection(host='tneapredictor-production.up.railway.app', port=443) at 0x1fbe9612e90>, 'Connection to tneapredictor-production.up.railway.app timed out. (connect timeout=None)')",1,2026-06-30T14:19:04Z,2026-06-30T14:19:04Z
POST,/auth/login [setup],"ConnectTimeoutError(<HTTPSConnection(host='tneapredictor-production.up.railway.app', port=443) at 0x1fb91251590>, 'Connection to tneapredictor-production.up.railway.app timed out. (connect timeout=None)')",1,2026-06-30T14:19:27Z,2026-06-30T14:19:27Z
POST,/predict/colleges [auth],"ConnectTimeoutError(<HTTPSConnection(host='tneapredictor-production.up.railway.app', port=443) at 0x1fb85c5ac10>, 'Connection to tneapredictor-production.up.railway.app timed out. (connect timeout=None)')",1,2026-06-30T14:19:45Z,2026-06-30T14:19:45Z
POST,/payment/create-order,"ConnectionResetError(10054, 'An existing connection was forcibly closed by the remote host', None, 10054, None)",1,2026-06-30T14:19:09Z,2026-06-30T14:19:09Z
POST,/auth/login [setup],"ConnectTimeoutError(<HTTPSConnection(host='tneapredictor-production.up.railway.app', port=443) at 0x1fb91250e10>, 'Connection to tneapredictor-production.up.railway.app timed out. (connect timeout=None)')",1,2026-06-30T14:19:27Z,2026-06-30T14:19:27Z
POST,/auth/login [setup],"ConnectTimeoutError(<HTTPSConnection(host='tneapredictor-production.up.railway.app', port=443) at 0x1fb960620d0>, 'Connection to tneapredictor-production.up.railway.app timed out. (connect timeout=None)')",1,2026-06-30T14:19:28Z,2026-06-30T14:19:28Z
POST,/auth/login [setup],"ConnectTimeoutError(<HTTPSConnection(host='tneapredictor-production.up.railway.app', port=443) at 0x1fb9bf4ce10>, 'Connection to tneapredictor-production.up.railway.app timed out. (connect timeout=None)')",1,2026-06-30T14:19:28Z,2026-06-30T14:19:28Z
POST,/auth/login [setup],"ConnectTimeoutError(<HTTPSConnection(host='tneapredictor-production.up.railway.app', port=443) at 0x1fb926b25d0>, 'Connection to tneapredictor-production.up.railway.app timed out. (connect timeout=None)')",1,2026-06-30T14:19:27Z,2026-06-30T14:19:27Z
POST,/auth/login [setup],"ConnectTimeoutError(<HTTPSConnection(host='tneapredictor-production.up.railway.app', port=443) at 0x1fb91253610>, 'Connection to tneapredictor-production.up.railway.app timed out. (connect timeout=None)')",1,2026-06-30T14:19:27Z,2026-06-30T14:19:27Z
POST,/payment/create-order,"ConnectTimeoutError(<HTTPSConnection(host='tneapredictor-production.up.railway.app', port=443) at 0x1fb8547fed0>, 'Connection to tneapredictor-production.up.railway.app timed out. (connect timeout=None)')",1,2026-06-30T14:19:44Z,2026-06-30T14:19:44Z
GET,/auth/me,"ConnectTimeoutError(<HTTPSConnection(host='tneapredictor-production.up.railway.app', port=443) at 0x1fb86101450>, 'Connection to tneapredictor-production.up.railway.app timed out. (connect timeout=None)')",1,2026-06-30T14:19:45Z,2026-06-30T14:19:45Z
POST,/payment/create-order,"ConnectTimeoutError(<HTTPSConnection(host='tneapredictor-production.up.railway.app', port=443) at 0x1fb8a3174d0>, 'Connection to tneapredictor-production.up.railway.app timed out. (connect timeout=None)')",1,2026-06-30T14:19:41Z,2026-06-30T14:19:41Z
POST,/auth/login [setup],"ConnectTimeoutError(<HTTPSConnection(host='tneapredictor-production.up.railway.app', port=443) at 0x1fb93aa8cd0>, 'Connection to tneapredictor-production.up.railway.app timed out. (connect timeout=None)')",1,2026-06-30T14:19:27Z,2026-06-30T14:19:27Z
POST,/auth/login [setup],"ConnectTimeoutError(<HTTPSConnection(host='tneapredictor-production.up.railway.app', port=443) at 0x1fb9440fed0>, 'Connection to tneapredictor-production.up.railway.app timed out. (connect timeout=None)')",1,2026-06-30T14:19:27Z,2026-06-30T14:19:27Z
POST,/auth/login [setup],"ConnectTimeoutError(<HTTPSConnection(host='tneapredictor-production.up.railway.app', port=443) at 0x1fb9440fc50>, 'Connection to tneapredictor-production.up.railway.app timed out. (connect timeout=None)')",1,2026-06-30T14:19:27Z,2026-06-30T14:19:27Z
POST,/auth/login [setup],"ConnectTimeoutError(<HTTPSConnection(host='tneapredictor-production.up.railway.app', port=443) at 0x1fb9baa1950>, 'Connection to tneapredictor-production.up.railway.app timed out. (connect timeout=None)')",1,2026-06-30T14:19:28Z,2026-06-30T14:19:28Z
POST,/auth/login [setup],"ConnectTimeoutError(<HTTPSConnection(host='tneapredictor-production.up.railway.app', port=443) at 0x1fb960dc910>, 'Connection to tneapredictor-production.up.railway.app timed out. (connect timeout=None)')",1,2026-06-30T14:19:28Z,2026-06-30T14:19:28Z
POST,/auth/login [setup],"ConnectTimeoutError(<HTTPSConnection(host='tneapredictor-production.up.railway.app', port=443) at 0x1fb953c1e50>, 'Connection to tneapredictor-production.up.railway.app timed out. (connect timeout=None)')",1,2026-06-30T14:19:27Z,2026-06-30T14:19:27Z
POST,/auth/login [setup],"ConnectTimeoutError(<HTTPSConnection(host='tneapredictor-production.up.railway.app', port=443) at 0x1fbf47f42d0>, 'Connection to tneapredictor-production.up.railway.app timed out. (connect timeout=None)')",1,2026-06-30T14:19:05Z,2026-06-30T14:19:05Z
POST,/auth/login [setup],"ConnectTimeoutError(<HTTPSConnection(host='tneapredictor-production.up.railway.app', port=443) at 0x1fb9a6a87d0>, 'Connection to tneapredictor-production.up.railway.app timed out. (connect timeout=None)')",1,2026-06-30T14:19:28Z,2026-06-30T14:19:28Z
POST,/payment/create-order,"ConnectTimeoutError(<HTTPSConnection(host='tneapredictor-production.up.railway.app', port=443) at 0x1fb90105590>, 'Connection to tneapredictor-production.up.railway.app timed out. (connect timeout=None)')",1,2026-06-30T14:19:41Z,2026-06-30T14:19:41Z
GET,/auth/me,"ConnectTimeoutError(<HTTPSConnection(host='tneapredictor-production.up.railway.app', port=443) at 0x1fb995e1f90>, 'Connection to tneapredictor-production.up.railway.app timed out. (connect timeout=None)')",1,2026-06-30T14:19:42Z,2026-06-30T14:19:42Z
POST,/auth/login [setup],"ConnectTimeoutError(<HTTPSConnection(host='tneapredictor-production.up.railway.app', port=443) at 0x1fb9bed07d0>, 'Connection to tneapredictor-production.up.railway.app timed out. (connect timeout=None)')",1,2026-06-30T14:19:28Z,2026-06-30T14:19:28Z
POST,/auth/login [setup],"ConnectTimeoutError(<HTTPSConnection(host='tneapredictor-production.up.railway.app', port=443) at 0x1fb99e434d0>, 'Connection to tneapredictor-production.up.railway.app timed out. (connect timeout=None)')",1,2026-06-30T14:19:28Z,2026-06-30T14:19:28Z
POST,/auth/login [setup],"ConnectTimeoutError(<HTTPSConnection(host='tneapredictor-production.up.railway.app', port=443) at 0x1fb96515f90>, 'Connection to tneapredictor-production.up.railway.app timed out. (connect timeout=None)')",1,2026-06-30T14:19:28Z,2026-06-30T14:19:28Z
POST,/payment/create-order,"ConnectTimeoutError(<HTTPSConnection(host='tneapredictor-production.up.railway.app', port=443) at 0x1fb83ab8410>, 'Connection to tneapredictor-production.up.railway.app timed out. (connect timeout=None)')",1,2026-06-30T14:19:40Z,2026-06-30T14:19:40Z
POST,/auth/login [setup],"ConnectTimeoutError(<HTTPSConnection(host='tneapredictor-production.up.railway.app', port=443) at 0x1fb99e43250>, 'Connection to tneapredictor-production.up.railway.app timed out. (connect timeout=None)')",1,2026-06-30T14:19:28Z,2026-06-30T14:19:28Z
POST,/auth/login [setup],"ConnectTimeoutError(<HTTPSConnection(host='tneapredictor-production.up.railway.app', port=443) at 0x1fb89671810>, 'Connection to tneapredictor-production.up.railway.app timed out. (connect timeout=None)')",1,2026-06-30T14:19:20Z,2026-06-30T14:19:20Z
POST,/auth/login [setup],"ConnectTimeoutError(<HTTPSConnection(host='tneapredictor-production.up.railway.app', port=443) at 0x1fb94c6f9d0>, 'Connection to tneapredictor-production.up.railway.app timed out. (connect timeout=None)')",1,2026-06-30T14:19:27Z,2026-06-30T14:19:27Z
POST,/auth/login [setup],"ConnectTimeoutError(<HTTPSConnection(host='tneapredictor-production.up.railway.app', port=443) at 0x1fb8fd72490>, 'Connection to tneapredictor-production.up.railway.app timed out. (connect timeout=None)')",1,2026-06-30T14:19:21Z,2026-06-30T14:19:21Z
POST,/payment/create-order,"ConnectTimeoutError(<HTTPSConnection(host='tneapredictor-production.up.railway.app', port=443) at 0x1fb8c7bf250>, 'Connection to tneapredictor-production.up.railway.app timed out. (connect timeout=None)')",1,2026-06-30T14:19:41Z,2026-06-30T14:19:41Z
POST,/auth/login [setup],"ConnectTimeoutError(<HTTPSConnection(host='tneapredictor-production.up.railway.app', port=443) at 0x1fb98df4690>, 'Connection to tneapredictor-production.up.railway.app timed out. (connect timeout=None)')",1,2026-06-30T14:19:28Z,2026-06-30T14:19:28Z
POST,/predict/colleges [premium],"ConnectTimeoutError(<HTTPSConnection(host='tneapredictor-production.up.railway.app', port=443) at 0x1fbfe0747d0>, 'Connection to tneapredictor-production.up.railway.app timed out. (connect timeout=None)')",1,2026-06-30T14:19:40Z,2026-06-30T14:19:40Z
GET,/auth/me,"ConnectTimeoutError(<HTTPSConnection(host='tneapredictor-production.up.railway.app', port=443) at 0x1fb90107d90>, 'Connection to tneapredictor-production.up.railway.app timed out. (connect timeout=None)')",1,2026-06-30T14:19:42Z,2026-06-30T14:19:42Z
POST,/predict/colleges [premium],"ConnectTimeoutError(<HTTPSConnection(host='tneapredictor-production.up.railway.app', port=443) at 0x1fb8e067b10>, 'Connection to tneapredictor-production.up.railway.app timed out. (connect timeout=None)')",1,2026-06-30T14:19:41Z,2026-06-30T14:19:41Z
POST,/auth/login [setup],"ConnectTimeoutError(<HTTPSConnection(host='tneapredictor-production.up.railway.app', port=443) at 0x1fbe85fc7d0>, 'Connection to tneapredictor-production.up.railway.app timed out. (connect timeout=None)')",1,2026-06-30T14:19:04Z,2026-06-30T14:19:04Z
POST,/auth/login [setup],"ConnectTimeoutError(<HTTPSConnection(host='tneapredictor-production.up.railway.app', port=443) at 0x1fb995e07d0>, 'Connection to tneapredictor-production.up.railway.app timed out. (connect timeout=None)')",1,2026-06-30T14:19:28Z,2026-06-30T14:19:28Z
POST,/auth/login [setup],"ConnectTimeoutError(<HTTPSConnection(host='tneapredictor-production.up.railway.app', port=443) at 0x1fbe47f3c50>, 'Connection to tneapredictor-production.up.railway.app timed out. (connect timeout=None)')",1,2026-06-30T14:19:04Z,2026-06-30T14:19:04Z
POST,/auth/login [setup],"ConnectTimeoutError(<HTTPSConnection(host='tneapredictor-production.up.railway.app', port=443) at 0x1fbec344190>, 'Connection to tneapredictor-production.up.railway.app timed out. (connect timeout=None)')",1,2026-06-30T14:19:04Z,2026-06-30T14:19:04Z
POST,/auth/login [setup],"ConnectTimeoutError(<HTTPSConnection(host='tneapredictor-production.up.railway.app', port=443) at 0x1fb991b5e50>, 'Connection to tneapredictor-production.up.railway.app timed out. (connect timeout=None)')",1,2026-06-30T14:19:28Z,2026-06-30T14:19:28Z
POST,/auth/login [setup],"ConnectTimeoutError(<HTTPSConnection(host='tneapredictor-production.up.railway.app', port=443) at 0x1fbf1e65590>, 'Connection to tneapredictor-production.up.railway.app timed out. (connect timeout=None)')",1,2026-06-30T14:19:05Z,2026-06-30T14:19:05Z
POST,/auth/login [setup],"ConnectTimeoutError(<HTTPSConnection(host='tneapredictor-production.up.railway.app', port=443) at 0x1fb97d47390>, 'Connection to tneapredictor-production.up.railway.app timed out. (connect timeout=None)')",1,2026-06-30T14:19:28Z,2026-06-30T14:19:28Z
POST,/auth/login [setup],"ConnectTimeoutError(<HTTPSConnection(host='tneapredictor-production.up.railway.app', port=443) at 0x1fb960ddd10>, 'Connection to tneapredictor-production.up.railway.app timed out. (connect timeout=None)')",1,2026-06-30T14:19:28Z,2026-06-30T14:19:28Z
POST,/auth/login [setup],"ConnectTimeoutError(<HTTPSConnection(host='tneapredictor-production.up.railway.app', port=443) at 0x1fb99a93610>, 'Connection to tneapredictor-production.up.railway.app timed out. (connect timeout=None)')",1,2026-06-30T14:19:28Z,2026-06-30T14:19:28Z
POST,/auth/login [setup],"ConnectTimeoutError(<HTTPSConnection(host='tneapredictor-production.up.railway.app', port=443) at 0x1fb86101f90>, 'Connection to tneapredictor-production.up.railway.app timed out. (connect timeout=None)')",1,2026-06-30T14:19:19Z,2026-06-30T14:19:19Z
POST,/auth/login [setup],"ConnectTimeoutError(<HTTPSConnection(host='tneapredictor-production.up.railway.app', port=443) at 0x1fb97886ad0>, 'Connection to tneapredictor-production.up.railway.app timed out. (connect timeout=None)')",1,2026-06-30T14:19:28Z,2026-06-30T14:19:28Z
POST,/auth/login [setup],"ConnectTimeoutError(<HTTPSConnection(host='tneapredictor-production.up.railway.app', port=443) at 0x1fb94b72d50>, 'Connection to tneapredictor-production.up.railway.app timed out. (connect timeout=None)')",1,2026-06-30T14:19:27Z,2026-06-30T14:19:27Z
POST,/auth/login [setup],"ConnectTimeoutError(<HTTPSConnection(host='tneapredictor-production.up.railway.app', port=443) at 0x1fb91251310>, 'Connection to tneapredictor-production.up.railway.app timed out. (connect timeout=None)')",1,2026-06-30T14:19:27Z,2026-06-30T14:19:27Z
POST,/auth/update-profile,"ConnectTimeoutError(<HTTPSConnection(host='tneapredictor-production.up.railway.app', port=443) at 0x1fb85041450>, 'Connection to tneapredictor-production.up.railway.app timed out. (connect timeout=None)')",1,2026-06-30T14:19:46Z,2026-06-30T14:19:46Z
GET,/auth/me,"ConnectTimeoutError(<HTTPSConnection(host='tneapredictor-production.up.railway.app', port=443) at 0x1fb91a27110>, 'Connection to tneapredictor-production.up.railway.app timed out. (connect timeout=None)')",1,2026-06-30T14:19:42Z,2026-06-30T14:19:42Z
POST,/auth/login [setup],"ConnectTimeoutError(<HTTPSConnection(host='tneapredictor-production.up.railway.app', port=443) at 0x1fb9a6a8550>, 'Connection to tneapredictor-production.up.railway.app timed out. (connect timeout=None)')",1,2026-06-30T14:19:28Z,2026-06-30T14:19:28Z
GET,/auth/me,"ConnectTimeoutError(<HTTPSConnection(host='tneapredictor-production.up.railway.app', port=443) at 0x1fb88d7c410>, 'Connection to tneapredictor-production.up.railway.app timed out. (connect timeout=None)')",1,2026-06-30T14:19:41Z,2026-06-30T14:19:41Z
POST,/auth/login [setup],"ConnectTimeoutError(<HTTPSConnection(host='tneapredictor-production.up.railway.app', port=443) at 0x1fbedcd6d50>, 'Connection to tneapredictor-production.up.railway.app timed out. (connect timeout=None)')",1,2026-06-30T14:19:04Z,2026-06-30T14:19:04Z
POST,/auth/login [setup],"ConnectTimeoutError(<HTTPSConnection(host='tneapredictor-production.up.railway.app', port=443) at 0x1fb9649b9d0>, 'Connection to tneapredictor-production.up.railway.app timed out. (connect timeout=None)')",1,2026-06-30T14:19:28Z,2026-06-30T14:19:28Z
POST,/auth/login [setup],"ConnectTimeoutError(<HTTPSConnection(host='tneapredictor-production.up.railway.app', port=443) at 0x1fb943139d0>, 'Connection to tneapredictor-production.up.railway.app timed out. (connect timeout=None)')",1,2026-06-30T14:19:27Z,2026-06-30T14:19:27Z
POST,/auth/login [setup],"ConnectTimeoutError(<HTTPSConnection(host='tneapredictor-production.up.railway.app', port=443) at 0x1fbf9ee0050>, 'Connection to tneapredictor-production.up.railway.app timed out. (connect timeout=None)')",1,2026-06-30T14:19:06Z,2026-06-30T14:19:06Z
POST,/predict/colleges [auth],"ConnectTimeoutError(<HTTPSConnection(host='tneapredictor-production.up.railway.app', port=443) at 0x1fb85c5b890>, 'Connection to tneapredictor-production.up.railway.app timed out. (connect timeout=None)')",1,2026-06-30T14:19:45Z,2026-06-30T14:19:45Z
POST,/auth/update-profile,"ConnectTimeoutError(<HTTPSConnection(host='tneapredictor-production.up.railway.app', port=443) at 0x1fb891c5f90>, 'Connection to tneapredictor-production.up.railway.app timed out. (connect timeout=None)')",1,2026-06-30T14:19:41Z,2026-06-30T14:19:41Z
POST,/auth/login [setup],"ConnectTimeoutError(<HTTPSConnection(host='tneapredictor-production.up.railway.app', port=443) at 0x1fb99662210>, 'Connection to tneapredictor-production.up.railway.app timed out. (connect timeout=None)')",1,2026-06-30T14:19:28Z,2026-06-30T14:19:28Z
POST,/auth/login [setup],"ConnectTimeoutError(<HTTPSConnection(host='tneapredictor-production.up.railway.app', port=443) at 0x1fbf3adfb10>, 'Connection to tneapredictor-production.up.railway.app timed out. (connect timeout=None)')",1,2026-06-30T14:19:05Z,2026-06-30T14:19:05Z
POST,/auth/login [setup],"ConnectTimeoutError(<HTTPSConnection(host='tneapredictor-production.up.railway.app', port=443) at 0x1fb97887750>, 'Connection to tneapredictor-production.up.railway.app timed out. (connect timeout=None)')",1,2026-06-30T14:19:28Z,2026-06-30T14:19:28Z
POST,/payment/create-order,"ConnectTimeoutError(<HTTPSConnection(host='tneapredictor-production.up.railway.app', port=443) at 0x1fbf896a850>, 'Connection to tneapredictor-production.up.railway.app timed out. (connect timeout=None)')",1,2026-06-30T14:19:39Z,2026-06-30T14:19:39Z
POST,/auth/login [setup],"ConnectTimeoutError(<HTTPSConnection(host='tneapredictor-production.up.railway.app', port=443) at 0x1fb99a120d0>, 'Connection to tneapredictor-production.up.railway.app timed out. (connect timeout=None)')",1,2026-06-30T14:19:28Z,2026-06-30T14:19:28Z
POST,/predict/colleges [premium],"ConnectTimeoutError(<HTTPSConnection(host='tneapredictor-production.up.railway.app', port=443) at 0x1fbf0108050>, 'Connection to tneapredictor-production.up.railway.app timed out. (connect timeout=None)')",1,2026-06-30T14:19:44Z,2026-06-30T14:19:44Z
POST,/payment/create-order,"ConnectTimeoutError(<HTTPSConnection(host='tneapredictor-production.up.railway.app', port=443) at 0x1fb87d4e850>, 'Connection to tneapredictor-production.up.railway.app timed out. (connect timeout=None)')",1,2026-06-30T14:19:41Z,2026-06-30T14:19:41Z
POST,/auth/login [setup],"ConnectTimeoutError(<HTTPSConnection(host='tneapredictor-production.up.railway.app', port=443) at 0x1fb953c2d50>, 'Connection to tneapredictor-production.up.railway.app timed out. (connect timeout=None)')",1,2026-06-30T14:19:27Z,2026-06-30T14:19:27Z
POST,/auth/login [setup],"ConnectTimeoutError(<HTTPSConnection(host='tneapredictor-production.up.railway.app', port=443) at 0x1fb97cc3ed0>, 'Connection to tneapredictor-production.up.railway.app timed out. (connect timeout=None)')",1,2026-06-30T14:19:28Z,2026-06-30T14:19:28Z
POST,/auth/login [setup],"ConnectTimeoutError(<HTTPSConnection(host='tneapredictor-production.up.railway.app', port=443) at 0x1fb91253d90>, 'Connection to tneapredictor-production.up.railway.app timed out. (connect timeout=None)')",1,2026-06-30T14:19:27Z,2026-06-30T14:19:27Z
POST,/predict/colleges [premium],"ConnectTimeoutError(<HTTPSConnection(host='tneapredictor-production.up.railway.app', port=443) at 0x1fb8d030cd0>, 'Connection to tneapredictor-production.up.railway.app timed out. (connect timeout=None)')",1,2026-06-30T14:19:40Z,2026-06-30T14:19:40Z
POST,/auth/login [setup],"ConnectTimeoutError(<HTTPSConnection(host='tneapredictor-production.up.railway.app', port=443) at 0x1fb8f921d10>, 'Connection to tneapredictor-production.up.railway.app timed out. (connect timeout=None)')",1,2026-06-30T14:19:21Z,2026-06-30T14:19:21Z
POST,/auth/login [setup],"ConnectTimeoutError(<HTTPSConnection(host='tneapredictor-production.up.railway.app', port=443) at 0x1fb981fb9d0>, 'Connection to tneapredictor-production.up.railway.app timed out. (connect timeout=None)')",1,2026-06-30T14:19:28Z,2026-06-30T14:19:28Z
POST,/auth/login [setup],"ConnectTimeoutError(<HTTPSConnection(host='tneapredictor-production.up.railway.app', port=443) at 0x1fbf05d8050>, 'Connection to tneapredictor-production.up.railway.app timed out. (connect timeout=None)')",1,2026-06-30T14:19:04Z,2026-06-30T14:19:04Z
POST,/auth/login [setup],"ConnectTimeoutError(<HTTPSConnection(host='tneapredictor-production.up.railway.app', port=443) at 0x1fb88540550>, 'Connection to tneapredictor-production.up.railway.app timed out. (connect timeout=None)')",1,2026-06-30T14:19:20Z,2026-06-30T14:19:20Z
POST,/auth/login [setup],"ConnectTimeoutError(<HTTPSConnection(host='tneapredictor-production.up.railway.app', port=443) at 0x1fb99a12350>, 'Connection to tneapredictor-production.up.railway.app timed out. (connect timeout=None)')",1,2026-06-30T14:19:28Z,2026-06-30T14:19:28Z
POST,/auth/login [setup],"ConnectTimeoutError(<HTTPSConnection(host='tneapredictor-production.up.railway.app', port=443) at 0x1fb8547e490>, 'Connection to tneapredictor-production.up.railway.app timed out. (connect timeout=None)')",1,2026-06-30T14:19:18Z,2026-06-30T14:19:18Z
GET,/auth/me,"ConnectTimeoutError(<HTTPSConnection(host='tneapredictor-production.up.railway.app', port=443) at 0x1fb8c7bf750>, 'Connection to tneapredictor-production.up.railway.app timed out. (connect timeout=None)')",1,2026-06-30T14:19:40Z,2026-06-30T14:19:40Z
GET,/auth/me,"ConnectTimeoutError(<HTTPSConnection(host='tneapredictor-production.up.railway.app', port=443) at 0x1fb80daa490>, 'Connection to tneapredictor-production.up.railway.app timed out. (connect timeout=None)')",1,2026-06-30T14:19:40Z,2026-06-30T14:19:40Z
POST,/auth/login [setup],"ConnectTimeoutError(<HTTPSConnection(host='tneapredictor-production.up.railway.app', port=443) at 0x1fbfbf874d0>, 'Connection to tneapredictor-production.up.railway.app timed out. (connect timeout=None)')",1,2026-06-30T14:19:07Z,2026-06-30T14:19:07Z
GET,/auth/me,"ConnectTimeoutError(<HTTPSConnection(host='tneapredictor-production.up.railway.app', port=443) at 0x1fb8bb3ed50>, 'Connection to tneapredictor-production.up.railway.app timed out. (connect timeout=None)')",1,2026-06-30T14:19:41Z,2026-06-30T14:19:41Z
POST,/auth/login [setup],"ConnectTimeoutError(<HTTPSConnection(host='tneapredictor-production.up.railway.app', port=443) at 0x1fb97d46490>, 'Connection to tneapredictor-production.up.railway.app timed out. (connect timeout=None)')",1,2026-06-30T14:19:28Z,2026-06-30T14:19:28Z
POST,/predict/colleges [premium],"ConnectTimeoutError(<HTTPSConnection(host='tneapredictor-production.up.railway.app', port=443) at 0x1fb8d814690>, 'Connection to tneapredictor-production.up.railway.app timed out. (connect timeout=None)')",1,2026-06-30T14:19:41Z,2026-06-30T14:19:41Z
POST,/auth/login [setup],"ConnectTimeoutError(<HTTPSConnection(host='tneapredictor-production.up.railway.app', port=443) at 0x1fb97d45a90>, 'Connection to tneapredictor-production.up.railway.app timed out. (connect timeout=None)')",1,2026-06-30T14:19:28Z,2026-06-30T14:19:28Z
POST,/auth/login [setup],"ConnectTimeoutError(<HTTPSConnection(host='tneapredictor-production.up.railway.app', port=443) at 0x1fbe9f15450>, 'Connection to tneapredictor-production.up.railway.app timed out. (connect timeout=None)')",1,2026-06-30T14:19:04Z,2026-06-30T14:19:04Z
POST,/auth/login [setup],"ConnectTimeoutError(<HTTPSConnection(host='tneapredictor-production.up.railway.app', port=443) at 0x1fbf4777d90>, 'Connection to tneapredictor-production.up.railway.app timed out. (connect timeout=None)')",1,2026-06-30T14:19:05Z,2026-06-30T14:19:05Z
GET,/auth/me,"ConnectTimeoutError(<HTTPSConnection(host='tneapredictor-production.up.railway.app', port=443) at 0x1fb89e5b890>, 'Connection to tneapredictor-production.up.railway.app timed out. (connect timeout=None)')",1,2026-06-30T14:19:42Z,2026-06-30T14:19:42Z
POST,/auth/update-profile,"ConnectTimeoutError(<HTTPSConnection(host='tneapredictor-production.up.railway.app', port=443) at 0x1fbed039f90>, 'Connection to tneapredictor-production.up.railway.app timed out. (connect timeout=None)')",1,2026-06-30T14:19:40Z,2026-06-30T14:19:40Z
POST,/auth/login [setup],"ConnectTimeoutError(<HTTPSConnection(host='tneapredictor-production.up.railway.app', port=443) at 0x1fbf1a50e10>, 'Connection to tneapredictor-production.up.railway.app timed out. (connect timeout=None)')",1,2026-06-30T14:19:05Z,2026-06-30T14:19:05Z
POST,/auth/login [setup],"ConnectTimeoutError(<HTTPSConnection(host='tneapredictor-production.up.railway.app', port=443) at 0x1fbec3cc7d0>, 'Connection to tneapredictor-production.up.railway.app timed out. (connect timeout=None)')",1,2026-06-30T14:19:04Z,2026-06-30T14:19:04Z
POST,/auth/login [setup],"ConnectTimeoutError(<HTTPSConnection(host='tneapredictor-production.up.railway.app', port=443) at 0x1fbf3b542d0>, 'Connection to tneapredictor-production.up.railway.app timed out. (connect timeout=None)')",1,2026-06-30T14:19:05Z,2026-06-30T14:19:05Z
POST,/payment/create-order,"ConnectTimeoutError(<HTTPSConnection(host='tneapredictor-production.up.railway.app', port=443) at 0x1fb8c7bf4d0>, 'Connection to tneapredictor-production.up.railway.app timed out. (connect timeout=None)')",1,2026-06-30T14:19:41Z,2026-06-30T14:19:41Z
POST,/predict/colleges [premium],"ConnectTimeoutError(<HTTPSConnection(host='tneapredictor-production.up.railway.app', port=443) at 0x1fbfbb77110>, 'Connection to tneapredictor-production.up.railway.app timed out. (connect timeout=None)')",1,2026-06-30T14:19:40Z,2026-06-30T14:19:40Z
POST,/auth/login [setup],"ConnectTimeoutError(<HTTPSConnection(host='tneapredictor-production.up.railway.app', port=443) at 0x1fb89ab2e90>, 'Connection to tneapredictor-production.up.railway.app timed out. (connect timeout=None)')",1,2026-06-30T14:19:20Z,2026-06-30T14:19:20Z
POST,/payment/create-order,"ConnectTimeoutError(<HTTPSConnection(host='tneapredictor-production.up.railway.app', port=443) at 0x1fb88118690>, 'Connection to tneapredictor-production.up.railway.app timed out. (connect timeout=None)')",1,2026-06-30T14:19:43Z,2026-06-30T14:19:43Z
POST,/auth/login [setup],"ConnectTimeoutError(<HTTPSConnection(host='tneapredictor-production.up.railway.app', port=443) at 0x1fb9502e490>, 'Connection to tneapredictor-production.up.railway.app timed out. (connect timeout=None)')",1,2026-06-30T14:19:27Z,2026-06-30T14:19:27Z
POST,/auth/login [setup],"ConnectTimeoutError(<HTTPSConnection(host='tneapredictor-production.up.railway.app', port=443) at 0x1fb9bb22490>, 'Connection to tneapredictor-production.up.railway.app timed out. (connect timeout=None)')",1,2026-06-30T14:19:28Z,2026-06-30T14:19:28Z
GET,/auth/me,"ConnectTimeoutError(<HTTPSConnection(host='tneapredictor-production.up.railway.app', port=443) at 0x1fbfc7ec690>, 'Connection to tneapredictor-production.up.railway.app timed out. (connect timeout=None)')",1,2026-06-30T14:19:40Z,2026-06-30T14:19:40Z
POST,/auth/login [setup],"ConnectTimeoutError(<HTTPSConnection(host='tneapredictor-production.up.railway.app', port=443) at 0x1fb94b711d0>, 'Connection to tneapredictor-production.up.railway.app timed out. (connect timeout=None)')",1,2026-06-30T14:19:27Z,2026-06-30T14:19:27Z
POST,/auth/login [setup],"ConnectTimeoutError(<HTTPSConnection(host='tneapredictor-production.up.railway.app', port=443) at 0x1fb94c6dbd0>, 'Connection to tneapredictor-production.up.railway.app timed out. (connect timeout=None)')",1,2026-06-30T14:19:27Z,2026-06-30T14:19:27Z
POST,/auth/login [setup],"ConnectTimeoutError(<HTTPSConnection(host='tneapredictor-production.up.railway.app', port=443) at 0x1fbf3adf110>, 'Connection to tneapredictor-production.up.railway.app timed out. (connect timeout=None)')",1,2026-06-30T14:19:05Z,2026-06-30T14:19:05Z
POST,/auth/login [setup],"ConnectTimeoutError(<HTTPSConnection(host='tneapredictor-production.up.railway.app', port=443) at 0x1fbf229fd90>, 'Connection to tneapredictor-production.up.railway.app timed out. (connect timeout=None)')",1,2026-06-30T14:19:05Z,2026-06-30T14:19:05Z
POST,/predict/colleges [premium],"ConnectTimeoutError(<HTTPSConnection(host='tneapredictor-production.up.railway.app', port=443) at 0x1fbf4c9ead0>, 'Connection to tneapredictor-production.up.railway.app timed out. (connect timeout=None)')",1,2026-06-30T14:19:40Z,2026-06-30T14:19:40Z
POST,/auth/update-profile,"ConnectTimeoutError(<HTTPSConnection(host='tneapredictor-production.up.railway.app', port=443) at 0x1fb891c6710>, 'Connection to tneapredictor-production.up.railway.app timed out. (connect timeout=None)')",1,2026-06-30T14:19:41Z,2026-06-30T14:19:41Z
POST,/predict/colleges [premium],"ConnectTimeoutError(<HTTPSConnection(host='tneapredictor-production.up.railway.app', port=443) at 0x1fb895f8b90>, 'Connection to tneapredictor-production.up.railway.app timed out. (connect timeout=None)')",1,2026-06-30T14:19:41Z,2026-06-30T14:19:41Z
POST,/auth/login [setup],"ConnectTimeoutError(<HTTPSConnection(host='tneapredictor-production.up.railway.app', port=443) at 0x1fbefd0b110>, 'Connection to tneapredictor-production.up.railway.app timed out. (connect timeout=None)')",1,2026-06-30T14:19:04Z,2026-06-30T14:19:04Z
GET,/auth/me,"ConnectTimeoutError(<HTTPSConnection(host='tneapredictor-production.up.railway.app', port=443) at 0x1fb88119a90>, 'Connection to tneapredictor-production.up.railway.app timed out. (connect timeout=None)')",1,2026-06-30T14:19:43Z,2026-06-30T14:19:43Z
POST,/auth/login [setup],"ConnectTimeoutError(<HTTPSConnection(host='tneapredictor-production.up.railway.app', port=443) at 0x1fbfc85d090>, 'Connection to tneapredictor-production.up.railway.app timed out. (connect timeout=None)')",1,2026-06-30T14:19:07Z,2026-06-30T14:19:07Z
GET,/auth/me,"ConnectTimeoutError(<HTTPSConnection(host='tneapredictor-production.up.railway.app', port=443) at 0x1fb837079d0>, 'Connection to tneapredictor-production.up.railway.app timed out. (connect timeout=None)')",1,2026-06-30T14:19:40Z,2026-06-30T14:19:40Z
POST,/auth/login [setup],"ConnectTimeoutError(<HTTPSConnection(host='tneapredictor-production.up.railway.app', port=443) at 0x1fb8a293ed0>, 'Connection to tneapredictor-production.up.railway.app timed out. (connect timeout=None)')",1,2026-06-30T14:19:20Z,2026-06-30T14:19:20Z
POST,/auth/login [setup],"ConnectTimeoutError(<HTTPSConnection(host='tneapredictor-production.up.railway.app', port=443) at 0x1fb91e52d50>, 'Connection to tneapredictor-production.up.railway.app timed out. (connect timeout=None)')",1,2026-06-30T14:19:27Z,2026-06-30T14:19:27Z
POST,/auth/login [setup],"ConnectTimeoutError(<HTTPSConnection(host='tneapredictor-production.up.railway.app', port=443) at 0x1fb94c6c2d0>, 'Connection to tneapredictor-production.up.railway.app timed out. (connect timeout=None)')",1,2026-06-30T14:19:27Z,2026-06-30T14:19:27Z
POST,/predict/colleges [auth],"ConnectTimeoutError(<HTTPSConnection(host='tneapredictor-production.up.railway.app', port=443) at 0x1fb865ac910>, 'Connection to tneapredictor-production.up.railway.app timed out. (connect timeout=None)')",1,2026-06-30T14:19:44Z,2026-06-30T14:19:44Z
POST,/auth/login [setup],"ConnectTimeoutError(<HTTPSConnection(host='tneapredictor-production.up.railway.app', port=443) at 0x1fb9502c690>, 'Connection to tneapredictor-production.up.railway.app timed out. (connect timeout=None)')",1,2026-06-30T14:19:27Z,2026-06-30T14:19:27Z
POST,/auth/login [setup],"ConnectTimeoutError(<HTTPSConnection(host='tneapredictor-production.up.railway.app', port=443) at 0x1fb91aa9d10>, 'Connection to tneapredictor-production.up.railway.app timed out. (connect timeout=None)')",1,2026-06-30T14:19:27Z,2026-06-30T14:19:27Z
POST,/auth/login [setup],"ConnectTimeoutError(<HTTPSConnection(host='tneapredictor-production.up.railway.app', port=443) at 0x1fb9a2f6210>, 'Connection to tneapredictor-production.up.railway.app timed out. (connect timeout=None)')",1,2026-06-30T14:19:28Z,2026-06-30T14:19:28Z
POST,/auth/login [setup],"ConnectTimeoutError(<HTTPSConnection(host='tneapredictor-production.up.railway.app', port=443) at 0x1fb958f60d0>, 'Connection to tneapredictor-production.up.railway.app timed out. (connect timeout=None)')",1,2026-06-30T14:19:28Z,2026-06-30T14:19:28Z
POST,/auth/login [setup],"ConnectTimeoutError(<HTTPSConnection(host='tneapredictor-production.up.railway.app', port=443) at 0x1fb8a314b90>, 'Connection to tneapredictor-production.up.railway.app timed out. (connect timeout=None)')",1,2026-06-30T14:19:20Z,2026-06-30T14:19:20Z
POST,/auth/login [setup],"ConnectTimeoutError(<HTTPSConnection(host='tneapredictor-production.up.railway.app', port=443) at 0x1fbe9e8b890>, 'Connection to tneapredictor-production.up.railway.app timed out. (connect timeout=None)')",1,2026-06-30T14:19:04Z,2026-06-30T14:19:04Z
POST,/predict/colleges [premium],"ConnectTimeoutError(<HTTPSConnection(host='tneapredictor-production.up.railway.app', port=443) at 0x1fb88df25d0>, 'Connection to tneapredictor-production.up.railway.app timed out. (connect timeout=None)')",1,2026-06-30T14:19:41Z,2026-06-30T14:19:41Z
POST,/auth/login [setup],"ConnectTimeoutError(<HTTPSConnection(host='tneapredictor-production.up.railway.app', port=443) at 0x1fb97cc2ad0>, 'Connection to tneapredictor-production.up.railway.app timed out. (connect timeout=None)')",1,2026-06-30T14:19:28Z,2026-06-30T14:19:28Z
POST,/auth/update-profile,"ConnectTimeoutError(<HTTPSConnection(host='tneapredictor-production.up.railway.app', port=443) at 0x1fb861011d0>, 'Connection to tneapredictor-production.up.railway.app timed out. (connect timeout=None)')",1,2026-06-30T14:19:45Z,2026-06-30T14:19:45Z
POST,/auth/update-profile,"ConnectTimeoutError(<HTTPSConnection(host='tneapredictor-production.up.railway.app', port=443) at 0x1fb86082710>, 'Connection to tneapredictor-production.up.railway.app timed out. (connect timeout=None)')",1,2026-06-30T14:19:44Z,2026-06-30T14:19:44Z
POST,/auth/login [setup],"ConnectTimeoutError(<HTTPSConnection(host='tneapredictor-production.up.railway.app', port=443) at 0x1fb989ef610>, 'Connection to tneapredictor-production.up.railway.app timed out. (connect timeout=None)')",1,2026-06-30T14:19:28Z,2026-06-30T14:19:28Z
POST,/auth/login [setup],"ConnectTimeoutError(<HTTPSConnection(host='tneapredictor-production.up.railway.app', port=443) at 0x1fbfcc9d310>, 'Connection to tneapredictor-production.up.railway.app timed out. (connect timeout=None)')",1,2026-06-30T14:19:07Z,2026-06-30T14:19:07Z
POST,/auth/login [setup],"ConnectTimeoutError(<HTTPSConnection(host='tneapredictor-production.up.railway.app', port=443) at 0x1fb9bb22210>, 'Connection to tneapredictor-production.up.railway.app timed out. (connect timeout=None)')",1,2026-06-30T14:19:28Z,2026-06-30T14:19:28Z
GET,/auth/me,"ConnectTimeoutError(<HTTPSConnection(host='tneapredictor-production.up.railway.app', port=443) at 0x1fb8b732d50>, 'Connection to tneapredictor-production.up.railway.app timed out. (connect timeout=None)')",1,2026-06-30T14:19:42Z,2026-06-30T14:19:42Z
POST,/auth/login [setup],"ConnectTimeoutError(<HTTPSConnection(host='tneapredictor-production.up.railway.app', port=443) at 0x1fb8e514e10>, 'Connection to tneapredictor-production.up.railway.app timed out. (connect timeout=None)')",1,2026-06-30T14:19:21Z,2026-06-30T14:19:21Z
POST,/auth/login [setup],"ConnectTimeoutError(<HTTPSConnection(host='tneapredictor-production.up.railway.app', port=443) at 0x1fb9baa16d0>, 'Connection to tneapredictor-production.up.railway.app timed out. (connect timeout=None)')",1,2026-06-30T14:19:28Z,2026-06-30T14:19:28Z
POST,/auth/login [setup],"ConnectTimeoutError(<HTTPSConnection(host='tneapredictor-production.up.railway.app', port=443) at 0x1fbe9f14f50>, 'Connection to tneapredictor-production.up.railway.app timed out. (connect timeout=None)')",1,2026-06-30T14:19:04Z,2026-06-30T14:19:04Z
POST,/auth/login [setup],"ConnectTimeoutError(<HTTPSConnection(host='tneapredictor-production.up.railway.app', port=443) at 0x1fb995e2350>, 'Connection to tneapredictor-production.up.railway.app timed out. (connect timeout=None)')",1,2026-06-30T14:19:28Z,2026-06-30T14:19:28Z
POST,/auth/login [setup],"ConnectTimeoutError(<HTTPSConnection(host='tneapredictor-production.up.railway.app', port=443) at 0x1fb8c3b1310>, 'Connection to tneapredictor-production.up.railway.app timed out. (connect timeout=None)')",1,2026-06-30T14:19:20Z,2026-06-30T14:19:20Z
POST,/auth/login [setup],"ConnectTimeoutError(<HTTPSConnection(host='tneapredictor-production.up.railway.app', port=443) at 0x1fb95883390>, 'Connection to tneapredictor-production.up.railway.app timed out. (connect timeout=None)')",1,2026-06-30T14:19:28Z,2026-06-30T14:19:28Z
POST,/auth/login [setup],"ConnectTimeoutError(<HTTPSConnection(host='tneapredictor-production.up.railway.app', port=443) at 0x1fb981fafd0>, 'Connection to tneapredictor-production.up.railway.app timed out. (connect timeout=None)')",1,2026-06-30T14:19:28Z,2026-06-30T14:19:28Z
POST,/auth/login [setup],"ConnectTimeoutError(<HTTPSConnection(host='tneapredictor-production.up.railway.app', port=443) at 0x1fb947d3d90>, 'Connection to tneapredictor-production.up.railway.app timed out. (connect timeout=None)')",1,2026-06-30T14:19:27Z,2026-06-30T14:19:27Z
POST,/auth/login [setup],"ConnectTimeoutError(<HTTPSConnection(host='tneapredictor-production.up.railway.app', port=443) at 0x1fb98df4b90>, 'Connection to tneapredictor-production.up.railway.app timed out. (connect timeout=None)')",1,2026-06-30T14:19:28Z,2026-06-30T14:19:28Z
POST,/auth/login [setup],"ConnectTimeoutError(<HTTPSConnection(host='tneapredictor-production.up.railway.app', port=443) at 0x1fb9502c910>, 'Connection to tneapredictor-production.up.railway.app timed out. (connect timeout=None)')",1,2026-06-30T14:19:27Z,2026-06-30T14:19:27Z
POST,/auth/login [setup],"ConnectTimeoutError(<HTTPSConnection(host='tneapredictor-production.up.railway.app', port=443) at 0x1fbf0986490>, 'Connection to tneapredictor-production.up.railway.app timed out. (connect timeout=None)')",1,2026-06-30T14:19:04Z,2026-06-30T14:19:04Z
GET,/auth/me,HTTPError('401 Client Error: Unauthorized for url: /auth/me'),153,2026-06-30T14:19:10Z,2026-06-30T14:20:39Z
POST,/auth/update-profile,"ConnectTimeoutError(<HTTPSConnection(host='tneapredictor-production.up.railway.app', port=443) at 0x1fb97886210>, 'Connection to tneapredictor-production.up.railway.app timed out. (connect timeout=None)')",1,2026-06-30T14:19:28Z,2026-06-30T14:19:28Z
POST,/auth/login [setup],"ConnectTimeoutError(<HTTPSConnection(host='tneapredictor-production.up.railway.app', port=443) at 0x1fb8d032990>, 'Connection to tneapredictor-production.up.railway.app timed out. (connect timeout=None)')",1,2026-06-30T14:19:21Z,2026-06-30T14:19:21Z
POST,/auth/login [setup],"ConnectTimeoutError(<HTTPSConnection(host='tneapredictor-production.up.railway.app', port=443) at 0x1fb8d032710>, 'Connection to tneapredictor-production.up.railway.app timed out. (connect timeout=None)')",1,2026-06-30T14:19:21Z,2026-06-30T14:19:21Z
POST,/auth/login [setup],"ConnectTimeoutError(<HTTPSConnection(host='tneapredictor-production.up.railway.app', port=443) at 0x1fb9bb20910>, 'Connection to tneapredictor-production.up.railway.app timed out. (connect timeout=None)')",1,2026-06-30T14:19:28Z,2026-06-30T14:19:28Z
POST,/auth/login [setup],"ConnectTimeoutError(<HTTPSConnection(host='tneapredictor-production.up.railway.app', port=443) at 0x1fb94bea990>, 'Connection to tneapredictor-production.up.railway.app timed out. (connect timeout=None)')",1,2026-06-30T14:19:27Z,2026-06-30T14:19:27Z
POST,/predict/colleges [premium],"ConnectTimeoutError(<HTTPSConnection(host='tneapredictor-production.up.railway.app', port=443) at 0x1fbf8122350>, 'Connection to tneapredictor-production.up.railway.app timed out. (connect timeout=None)')",1,2026-06-30T14:19:40Z,2026-06-30T14:19:40Z
POST,/predict/colleges [premium],"ConnectTimeoutError(<HTTPSConnection(host='tneapredictor-production.up.railway.app', port=443) at 0x1fb8cc034d0>, 'Connection to tneapredictor-production.up.railway.app timed out. (connect timeout=None)')",1,2026-06-30T14:19:42Z,2026-06-30T14:19:42Z
POST,/auth/login [setup],"ConnectTimeoutError(<HTTPSConnection(host='tneapredictor-production.up.railway.app', port=443) at 0x1fb9bed2350>, 'Connection to tneapredictor-production.up.railway.app timed out. (connect timeout=None)')",1,2026-06-30T14:19:28Z,2026-06-30T14:19:28Z
POST,/predict/colleges [premium],"ConnectTimeoutError(<HTTPSConnection(host='tneapredictor-production.up.railway.app', port=443) at 0x1fb895f9a90>, 'Connection to tneapredictor-production.up.railway.app timed out. (connect timeout=None)')",1,2026-06-30T14:19:41Z,2026-06-30T14:19:41Z
POST,/auth/login [setup],"ConnectTimeoutError(<HTTPSConnection(host='tneapredictor-production.up.railway.app', port=443) at 0x1fb99e41950>, 'Connection to tneapredictor-production.up.railway.app timed out. (connect timeout=None)')",1,2026-06-30T14:19:28Z,2026-06-30T14:19:28Z
POST,/auth/login [setup],"ConnectTimeoutError(<HTTPSConnection(host='tneapredictor-production.up.railway.app', port=443) at 0x1fb99ec4410>, 'Connection to tneapredictor-production.up.railway.app timed out. (connect timeout=None)')",1,2026-06-30T14:19:28Z,2026-06-30T14:19:28Z
POST,/auth/login [setup],"ConnectTimeoutError(<HTTPSConnection(host='tneapredictor-production.up.railway.app', port=443) at 0x1fbfc762990>, 'Connection to tneapredictor-production.up.railway.app timed out. (connect timeout=None)')",1,2026-06-30T14:19:07Z,2026-06-30T14:19:07Z
POST,/auth/login [setup],"ConnectTimeoutError(<HTTPSConnection(host='tneapredictor-production.up.railway.app', port=443) at 0x1fbe9f7fb10>, 'Connection to tneapredictor-production.up.railway.app timed out. (connect timeout=None)')",1,2026-06-30T14:19:04Z,2026-06-30T14:19:04Z
POST,/auth/login [setup],"ConnectTimeoutError(<HTTPSConnection(host='tneapredictor-production.up.railway.app', port=443) at 0x1fb8a2925d0>, 'Connection to tneapredictor-production.up.railway.app timed out. (connect timeout=None)')",1,2026-06-30T14:19:20Z,2026-06-30T14:19:20Z
POST,/predict/colleges [premium],"ConnectTimeoutError(<HTTPSConnection(host='tneapredictor-production.up.railway.app', port=443) at 0x1fb91670550>, 'Connection to tneapredictor-production.up.railway.app timed out. (connect timeout=None)')",1,2026-06-30T14:19:42Z,2026-06-30T14:19:42Z
POST,/auth/login [setup],"ConnectTimeoutError(<HTTPSConnection(host='tneapredictor-production.up.railway.app', port=443) at 0x1fb99a91a90>, 'Connection to tneapredictor-production.up.railway.app timed out. (connect timeout=None)')",1,2026-06-30T14:19:28Z,2026-06-30T14:19:28Z
POST,/auth/login [setup],"ConnectTimeoutError(<HTTPSConnection(host='tneapredictor-production.up.railway.app', port=443) at 0x1fbf8db2e90>, 'Connection to tneapredictor-production.up.railway.app timed out. (connect timeout=None)')",1,2026-06-30T14:19:05Z,2026-06-30T14:19:05Z
GET,/auth/me,"ConnectTimeoutError(<HTTPSConnection(host='tneapredictor-production.up.railway.app', port=443) at 0x1fb8a291d10>, 'Connection to tneapredictor-production.up.railway.app timed out. (connect timeout=None)')",1,2026-06-30T14:19:41Z,2026-06-30T14:19:41Z
POST,/auth/login [setup],"ConnectTimeoutError(<HTTPSConnection(host='tneapredictor-production.up.railway.app', port=443) at 0x1fb953c2fd0>, 'Connection to tneapredictor-production.up.railway.app timed out. (connect timeout=None)')",1,2026-06-30T14:19:27Z,2026-06-30T14:19:27Z
POST,/predict/colleges [premium],"ConnectTimeoutError(<HTTPSConnection(host='tneapredictor-production.up.railway.app', port=443) at 0x1fbf792a710>, 'Connection to tneapredictor-production.up.railway.app timed out. (connect timeout=None)')",1,2026-06-30T14:19:40Z,2026-06-30T14:19:40Z
POST,/auth/login [setup],"ConnectTimeoutError(<HTTPSConnection(host='tneapredictor-production.up.railway.app', port=443) at 0x1fb90e17b10>, 'Connection to tneapredictor-production.up.railway.app timed out. (connect timeout=None)')",1,2026-06-30T14:19:26Z,2026-06-30T14:19:26Z
POST,/auth/login [setup],"ConnectTimeoutError(<HTTPSConnection(host='tneapredictor-production.up.railway.app', port=443) at 0x1fb9bb21f90>, 'Connection to tneapredictor-production.up.railway.app timed out. (connect timeout=None)')",1,2026-06-30T14:19:28Z,2026-06-30T14:19:28Z
POST,/auth/login [setup],"ConnectTimeoutError(<HTTPSConnection(host='tneapredictor-production.up.railway.app', port=443) at 0x1fb89241590>, 'Connection to tneapredictor-production.up.railway.app timed out. (connect timeout=None)')",1,2026-06-30T14:19:20Z,2026-06-30T14:19:20Z
POST,/predict/colleges [auth],"ConnectTimeoutError(<HTTPSConnection(host='tneapredictor-production.up.railway.app', port=443) at 0x1fb85041950>, 'Connection to tneapredictor-production.up.railway.app timed out. (connect timeout=None)')",1,2026-06-30T14:19:46Z,2026-06-30T14:19:46Z
POST,/auth/login [setup],"ConnectTimeoutError(<HTTPSConnection(host='tneapredictor-production.up.railway.app', port=443) at 0x1fbf0987b10>, 'Connection to tneapredictor-production.up.railway.app timed out. (connect timeout=None)')",1,2026-06-30T14:19:04Z,2026-06-30T14:19:04Z
POST,/auth/login [setup],"ConnectTimeoutError(<HTTPSConnection(host='tneapredictor-production.up.railway.app', port=443) at 0x1fb9a2f4410>, 'Connection to tneapredictor-production.up.railway.app timed out. (connect timeout=None)')",1,2026-06-30T14:19:28Z,2026-06-30T14:19:28Z
GET,/auth/me,"ConnectTimeoutError(<HTTPSConnection(host='tneapredictor-production.up.railway.app', port=443) at 0x1fb83b2fc50>, 'Connection to tneapredictor-production.up.railway.app timed out. (connect timeout=None)')",1,2026-06-30T14:19:40Z,2026-06-30T14:19:40Z
POST,/predict/colleges [premium],"ConnectTimeoutError(<HTTPSConnection(host='tneapredictor-production.up.railway.app', port=443) at 0x1fbff914050>, 'Connection to tneapredictor-production.up.railway.app timed out. (connect timeout=None)')",1,2026-06-30T14:19:40Z,2026-06-30T14:19:40Z
POST,/predict/colleges [premium],"ConnectTimeoutError(<HTTPSConnection(host='tneapredictor-production.up.railway.app', port=443) at 0x1fb90964410>, 'Connection to tneapredictor-production.up.railway.app timed out. (connect timeout=None)')",1,2026-06-30T14:19:26Z,2026-06-30T14:19:26Z
POST,/auth/login [setup],"ConnectTimeoutError(<HTTPSConnection(host='tneapredictor-production.up.railway.app', port=443) at 0x1fb90e17890>, 'Connection to tneapredictor-production.up.railway.app timed out. (connect timeout=None)')",1,2026-06-30T14:19:26Z,2026-06-30T14:19:26Z
POST,/auth/login [setup],"ConnectTimeoutError(<HTTPSConnection(host='tneapredictor-production.up.railway.app', port=443) at 0x1fbefd0b610>, 'Connection to tneapredictor-production.up.railway.app timed out. (connect timeout=None)')",1,2026-06-30T14:19:04Z,2026-06-30T14:19:04Z
POST,/auth/login [setup],"ConnectTimeoutError(<HTTPSConnection(host='tneapredictor-production.up.railway.app', port=443) at 0x1fb89243390>, 'Connection to tneapredictor-production.up.railway.app timed out. (connect timeout=None)')",1,2026-06-30T14:19:20Z,2026-06-30T14:19:20Z
POST,/auth/login [setup],"ConnectTimeoutError(<HTTPSConnection(host='tneapredictor-production.up.railway.app', port=443) at 0x1fbfa6da990>, 'Connection to tneapredictor-production.up.railway.app timed out. (connect timeout=None)')",1,2026-06-30T14:19:06Z,2026-06-30T14:19:06Z
POST,/auth/login [setup],"ConnectTimeoutError(<HTTPSConnection(host='tneapredictor-production.up.railway.app', port=443) at 0x1fb94c6ed50>, 'Connection to tneapredictor-production.up.railway.app timed out. (connect timeout=None)')",1,2026-06-30T14:19:27Z,2026-06-30T14:19:27Z
POST,/payment/create-order,"ConnectTimeoutError(<HTTPSConnection(host='tneapredictor-production.up.railway.app', port=443) at 0x1fb8d489bd0>, 'Connection to tneapredictor-production.up.railway.app timed out. (connect timeout=None)')",1,2026-06-30T14:19:41Z,2026-06-30T14:19:41Z
GET,/auth/me,"ConnectTimeoutError(<HTTPSConnection(host='tneapredictor-production.up.railway.app', port=443) at 0x1fbf0109e50>, 'Connection to tneapredictor-production.up.railway.app timed out. (connect timeout=None)')",1,2026-06-30T14:19:44Z,2026-06-30T14:19:44Z
POST,/predict/colleges [premium],"ConnectTimeoutError(<HTTPSConnection(host='tneapredictor-production.up.railway.app', port=443) at 0x1fb90e14cd0>, 'Connection to tneapredictor-production.up.railway.app timed out. (connect timeout=None)')",1,2026-06-30T14:19:42Z,2026-06-30T14:19:42Z
POST,/auth/login [setup],"ConnectTimeoutError(<HTTPSConnection(host='tneapredictor-production.up.railway.app', port=443) at 0x1fb9502d590>, 'Connection to tneapredictor-production.up.railway.app timed out. (connect timeout=None)')",1,2026-06-30T14:19:27Z,2026-06-30T14:19:27Z
POST,/auth/login [setup],"ConnectTimeoutError(<HTTPSConnection(host='tneapredictor-production.up.railway.app', port=443) at 0x1fb8f922710>, 'Connection to tneapredictor-production.up.railway.app timed out. (connect timeout=None)')",1,2026-06-30T14:19:21Z,2026-06-30T14:19:21Z
POST,/auth/login [setup],"ConnectTimeoutError(<HTTPSConnection(host='tneapredictor-production.up.railway.app', port=443) at 0x1fb9a71ae90>, 'Connection to tneapredictor-production.up.railway.app timed out. (connect timeout=None)')",1,2026-06-30T14:19:28Z,2026-06-30T14:19:28Z
POST,/auth/update-profile,"ConnectTimeoutError(<HTTPSConnection(host='tneapredictor-production.up.railway.app', port=443) at 0x1fb8811bd90>, 'Connection to tneapredictor-production.up.railway.app timed out. (connect timeout=None)')",1,2026-06-30T14:19:43Z,2026-06-30T14:19:43Z
POST,/predict/colleges [premium],"ConnectTimeoutError(<HTTPSConnection(host='tneapredictor-production.up.railway.app', port=443) at 0x1fb84b97d90>, 'Connection to tneapredictor-production.up.railway.app timed out. (connect timeout=None)')",1,2026-06-30T14:19:42Z,2026-06-30T14:19:42Z
POST,/auth/login [setup],"ConnectTimeoutError(<HTTPSConnection(host='tneapredictor-production.up.railway.app', port=443) at 0x1fb99a139d0>, 'Connection to tneapredictor-production.up.railway.app timed out. (connect timeout=None)')",1,2026-06-30T14:19:28Z,2026-06-30T14:19:28Z
POST,/auth/login [setup],"ConnectTimeoutError(<HTTPSConnection(host='tneapredictor-production.up.railway.app', port=443) at 0x1fbe85fc050>, 'Connection to tneapredictor-production.up.railway.app timed out. (connect timeout=None)')",1,2026-06-30T14:19:04Z,2026-06-30T14:19:04Z
POST,/auth/login [setup],"ConnectTimeoutError(<HTTPSConnection(host='tneapredictor-production.up.railway.app', port=443) at 0x1fb912cf750>, 'Connection to tneapredictor-production.up.railway.app timed out. (connect timeout=None)')",1,2026-06-30T14:19:27Z,2026-06-30T14:19:27Z
POST,/auth/login [setup],"ConnectTimeoutError(<HTTPSConnection(host='tneapredictor-production.up.railway.app', port=443) at 0x1fb9baa0550>, 'Connection to tneapredictor-production.up.railway.app timed out. (connect timeout=None)')",1,2026-06-30T14:19:28Z,2026-06-30T14:19:28Z
POST,/predict/rank [guest],HTTPError('429 Client Error: Too Many Requests for url: /predict/rank [guest]'),2306,2026-06-30T14:18:39Z,2026-06-30T14:20:36Z
POST,/auth/login [setup],"ConnectTimeoutError(<HTTPSConnection(host='tneapredictor-production.up.railway.app', port=443) at 0x1fb94313c50>, 'Connection to tneapredictor-production.up.railway.app timed out. (connect timeout=None)')",1,2026-06-30T14:19:27Z,2026-06-30T14:19:27Z
POST,/auth/login [setup],"ConnectTimeoutError(<HTTPSConnection(host='tneapredictor-production.up.railway.app', port=443) at 0x1fb8e516210>, 'Connection to tneapredictor-production.up.railway.app timed out. (connect timeout=None)')",1,2026-06-30T14:19:21Z,2026-06-30T14:19:21Z
POST,/payment/create-order,"ConnectTimeoutError(<HTTPSConnection(host='tneapredictor-production.up.railway.app', port=443) at 0x1fb81694a50>, 'Connection to tneapredictor-production.up.railway.app timed out. (connect timeout=None)')",1,2026-06-30T14:19:40Z,2026-06-30T14:19:40Z
GET,/auth/me,"ConnectTimeoutError(<HTTPSConnection(host='tneapredictor-production.up.railway.app', port=443) at 0x1fb90967890>, 'Connection to tneapredictor-production.up.railway.app timed out. (connect timeout=None)')",1,2026-06-30T14:19:41Z,2026-06-30T14:19:41Z
POST,/predict/colleges [premium],"ConnectTimeoutError(<HTTPSConnection(host='tneapredictor-production.up.railway.app', port=443) at 0x1fbf01091d0>, 'Connection to tneapredictor-production.up.railway.app timed out. (connect timeout=None)')",1,2026-06-30T14:19:44Z,2026-06-30T14:19:44Z
POST,/auth/login [setup],"ConnectTimeoutError(<HTTPSConnection(host='tneapredictor-production.up.railway.app', port=443) at 0x1fbf6093610>, 'Connection to tneapredictor-production.up.railway.app timed out. (connect timeout=None)')",1,2026-06-30T14:19:05Z,2026-06-30T14:19:05Z
POST,/auth/update-profile,"ConnectTimeoutError(<HTTPSConnection(host='tneapredictor-production.up.railway.app', port=443) at 0x1fb99228f50>, 'Connection to tneapredictor-production.up.railway.app timed out. (connect timeout=None)')",1,2026-06-30T14:19:42Z,2026-06-30T14:19:42Z
POST,/auth/login [setup],"ConnectTimeoutError(<HTTPSConnection(host='tneapredictor-production.up.railway.app', port=443) at 0x1fb8fd71310>, 'Connection to tneapredictor-production.up.railway.app timed out. (connect timeout=None)')",1,2026-06-30T14:19:21Z,2026-06-30T14:19:21Z
POST,/auth/login [setup],"ConnectTimeoutError(<HTTPSConnection(host='tneapredictor-production.up.railway.app', port=443) at 0x1fb8a292850>, 'Connection to tneapredictor-production.up.railway.app timed out. (connect timeout=None)')",1,2026-06-30T14:19:20Z,2026-06-30T14:19:20Z
POST,/predict/colleges [premium],"ConnectTimeoutError(<HTTPSConnection(host='tneapredictor-production.up.railway.app', port=443) at 0x1fb909e5bd0>, 'Connection to tneapredictor-production.up.railway.app timed out. (connect timeout=None)')",1,2026-06-30T14:19:42Z,2026-06-30T14:19:42Z
GET,/auth/me,"ConnectTimeoutError(<HTTPSConnection(host='tneapredictor-production.up.railway.app', port=443) at 0x1fb885c0a50>, 'Connection to tneapredictor-production.up.railway.app timed out. (connect timeout=None)')",1,2026-06-30T14:19:43Z,2026-06-30T14:19:43Z
POST,/auth/login [setup],"ConnectTimeoutError(<HTTPSConnection(host='tneapredictor-production.up.railway.app', port=443) at 0x1fb97db4550>, 'Connection to tneapredictor-production.up.railway.app timed out. (connect timeout=None)')",1,2026-06-30T14:19:28Z,2026-06-30T14:19:28Z
POST,/auth/login [setup],"ConnectTimeoutError(<HTTPSConnection(host='tneapredictor-production.up.railway.app', port=443) at 0x1fb912ce0d0>, 'Connection to tneapredictor-production.up.railway.app timed out. (connect timeout=None)')",1,2026-06-30T14:19:27Z,2026-06-30T14:19:27Z
POST,/auth/login [setup],"ConnectTimeoutError(<HTTPSConnection(host='tneapredictor-production.up.railway.app', port=443) at 0x1fb964996d0>, 'Connection to tneapredictor-production.up.railway.app timed out. (connect timeout=None)')",1,2026-06-30T14:19:28Z,2026-06-30T14:19:28Z
POST,/auth/login [setup],"ConnectTimeoutError(<HTTPSConnection(host='tneapredictor-production.up.railway.app', port=443) at 0x1fb98df4190>, 'Connection to tneapredictor-production.up.railway.app timed out. (connect timeout=None)')",1,2026-06-30T14:19:28Z,2026-06-30T14:19:28Z
POST,/auth/login [setup],"ConnectTimeoutError(<HTTPSConnection(host='tneapredictor-production.up.railway.app', port=443) at 0x1fb989ece10>, 'Connection to tneapredictor-production.up.railway.app timed out. (connect timeout=None)')",1,2026-06-30T14:19:28Z,2026-06-30T14:19:28Z
POST,/auth/login [setup],"ConnectTimeoutError(<HTTPSConnection(host='tneapredictor-production.up.railway.app', port=443) at 0x1fb960634d0>, 'Connection to tneapredictor-production.up.railway.app timed out. (connect timeout=None)')",1,2026-06-30T14:19:28Z,2026-06-30T14:19:28Z
POST,/auth/login [setup],"ConnectTimeoutError(<HTTPSConnection(host='tneapredictor-production.up.railway.app', port=443) at 0x1fb96060a50>, 'Connection to tneapredictor-production.up.railway.app timed out. (connect timeout=None)')",1,2026-06-30T14:19:28Z,2026-06-30T14:19:28Z
POST,/auth/update-profile,"ConnectTimeoutError(<HTTPSConnection(host='tneapredictor-production.up.railway.app', port=443) at 0x1fb905b0a50>, 'Connection to tneapredictor-production.up.railway.app timed out. (connect timeout=None)')",1,2026-06-30T14:19:40Z,2026-06-30T14:19:40Z
POST,/auth/login [setup],"ConnectTimeoutError(<HTTPSConnection(host='tneapredictor-production.up.railway.app', port=443) at 0x1fb97cc39d0>, 'Connection to tneapredictor-production.up.railway.app timed out. (connect timeout=None)')",1,2026-06-30T14:19:28Z,2026-06-30T14:19:28Z
POST,/auth/login [setup],"ConnectTimeoutError(<HTTPSConnection(host='tneapredictor-production.up.railway.app', port=443) at 0x1fb985b7d90>, 'Connection to tneapredictor-production.up.railway.app timed out. (connect timeout=None)')",1,2026-06-30T14:19:28Z,2026-06-30T14:19:28Z
GET,/auth/me,"ConnectTimeoutError(<HTTPSConnection(host='tneapredictor-production.up.railway.app', port=443) at 0x1fb8e4a9590>, 'Connection to tneapredictor-production.up.railway.app timed out. (connect timeout=None)')",1,2026-06-30T14:19:41Z,2026-06-30T14:19:41Z
POST,/auth/login [setup],"ConnectTimeoutError(<HTTPSConnection(host='tneapredictor-production.up.railway.app', port=443) at 0x1fbe9e8b110>, 'Connection to tneapredictor-production.up.railway.app timed out. (connect timeout=None)')",1,2026-06-30T14:19:04Z,2026-06-30T14:19:04Z
POST,/auth/login [setup],"ConnectTimeoutError(<HTTPSConnection(host='tneapredictor-production.up.railway.app', port=443) at 0x1fb991b4a50>, 'Connection to tneapredictor-production.up.railway.app timed out. (connect timeout=None)')",1,2026-06-30T14:19:28Z,2026-06-30T14:19:28Z
POST,/auth/login [setup],"ConnectTimeoutError(<HTTPSConnection(host='tneapredictor-production.up.railway.app', port=443) at 0x1fb92286ad0>, 'Connection to tneapredictor-production.up.railway.app timed out. (connect timeout=None)')",1,2026-06-30T14:19:27Z,2026-06-30T14:19:27Z
POST,/predict/rank [auth],"ConnectTimeoutError(<HTTPSConnection(host='tneapredictor-production.up.railway.app', port=443) at 0x1fb85cd9950>, 'Connection to tneapredictor-production.up.railway.app timed out. (connect timeout=None)')",1,2026-06-30T14:19:45Z,2026-06-30T14:19:45Z
POST,/auth/login [setup],"ConnectTimeoutError(<HTTPSConnection(host='tneapredictor-production.up.railway.app', port=443) at 0x1fbe899ec10>, 'Connection to tneapredictor-production.up.railway.app timed out. (connect timeout=None)')",1,2026-06-30T14:19:04Z,2026-06-30T14:19:04Z
POST,/auth/login [setup],"ConnectTimeoutError(<HTTPSConnection(host='tneapredictor-production.up.railway.app', port=443) at 0x1fb978fb610>, 'Connection to tneapredictor-production.up.railway.app timed out. (connect timeout=None)')",1,2026-06-30T14:19:28Z,2026-06-30T14:19:28Z
POST,/predict/colleges [premium],"ConnectTimeoutError(<HTTPSConnection(host='tneapredictor-production.up.railway.app', port=443) at 0x1fb84b96490>, 'Connection to tneapredictor-production.up.railway.app timed out. (connect timeout=None)')",1,2026-06-30T14:19:42Z,2026-06-30T14:19:42Z
POST,/auth/login [setup],"ConnectTimeoutError(<HTTPSConnection(host='tneapredictor-production.up.railway.app', port=443) at 0x1fb9a6aa5d0>, 'Connection to tneapredictor-production.up.railway.app timed out. (connect timeout=None)')",1,2026-06-30T14:19:28Z,2026-06-30T14:19:28Z
POST,/auth/login [setup],"ConnectTimeoutError(<HTTPSConnection(host='tneapredictor-production.up.railway.app', port=443) at 0x1fb9542b890>, 'Connection to tneapredictor-production.up.railway.app timed out. (connect timeout=None)')",1,2026-06-30T14:19:27Z,2026-06-30T14:19:27Z
POST,/auth/login [setup],"ConnectTimeoutError(<HTTPSConnection(host='tneapredictor-production.up.railway.app', port=443) at 0x1fbf4342210>, 'Connection to tneapredictor-production.up.railway.app timed out. (connect timeout=None)')",1,2026-06-30T14:19:05Z,2026-06-30T14:19:05Z
POST,/auth/login [setup],"ConnectTimeoutError(<HTTPSConnection(host='tneapredictor-production.up.railway.app', port=443) at 0x1fbec346e90>, 'Connection to tneapredictor-production.up.railway.app timed out. (connect timeout=None)')",1,2026-06-30T14:19:04Z,2026-06-30T14:19:04Z
POST,/auth/login [setup],"ConnectTimeoutError(<HTTPSConnection(host='tneapredictor-production.up.railway.app', port=443) at 0x1fbf81a7c50>, 'Connection to tneapredictor-production.up.railway.app timed out. (connect timeout=None)')",1,2026-06-30T14:19:05Z,2026-06-30T14:19:05Z
POST,/predict/colleges [premium],"ConnectTimeoutError(<HTTPSConnection(host='tneapredictor-production.up.railway.app', port=443) at 0x1fb896716d0>, 'Connection to tneapredictor-production.up.railway.app timed out. (connect timeout=None)')",1,2026-06-30T14:19:27Z,2026-06-30T14:19:27Z
POST,/auth/login [setup],"ConnectTimeoutError(<HTTPSConnection(host='tneapredictor-production.up.railway.app', port=443) at 0x1fb9a2f5810>, 'Connection to tneapredictor-production.up.railway.app timed out. (connect timeout=None)')",1,2026-06-30T14:19:28Z,2026-06-30T14:19:28Z
GET,/auth/me,"ConnectTimeoutError(<HTTPSConnection(host='tneapredictor-production.up.railway.app', port=443) at 0x1fb8bb3f4d0>, 'Connection to tneapredictor-production.up.railway.app timed out. (connect timeout=None)')",1,2026-06-30T14:19:41Z,2026-06-30T14:19:41Z
POST,/auth/login [setup],"ConnectTimeoutError(<HTTPSConnection(host='tneapredictor-production.up.railway.app', port=443) at 0x1fbf4c29450>, 'Connection to tneapredictor-production.up.railway.app timed out. (connect timeout=None)')",1,2026-06-30T14:19:05Z,2026-06-30T14:19:05Z
POST,/auth/login [setup],"ConnectTimeoutError(<HTTPSConnection(host='tneapredictor-production.up.railway.app', port=443) at 0x1fbf0987390>, 'Connection to tneapredictor-production.up.railway.app timed out. (connect timeout=None)')",1,2026-06-30T14:19:04Z,2026-06-30T14:19:04Z
POST,/auth/login [setup],"ConnectTimeoutError(<HTTPSConnection(host='tneapredictor-production.up.railway.app', port=443) at 0x1fb92285450>, 'Connection to tneapredictor-production.up.railway.app timed out. (connect timeout=None)')",1,2026-06-30T14:19:27Z,2026-06-30T14:19:27Z
POST,/auth/login [setup],"ConnectTimeoutError(<HTTPSConnection(host='tneapredictor-production.up.railway.app', port=443) at 0x1fb9baa1bd0>, 'Connection to tneapredictor-production.up.railway.app timed out. (connect timeout=None)')",1,2026-06-30T14:19:28Z,2026-06-30T14:19:28Z
GET,/auth/me,"ConnectTimeoutError(<HTTPSConnection(host='tneapredictor-production.up.railway.app', port=443) at 0x1fb865af110>, 'Connection to tneapredictor-production.up.railway.app timed out. (connect timeout=None)')",1,2026-06-30T14:19:44Z,2026-06-30T14:19:44Z
POST,/auth/login [setup],"ConnectTimeoutError(<HTTPSConnection(host='tneapredictor-production.up.railway.app', port=443) at 0x1fb9bed34d0>, 'Connection to tneapredictor-production.up.railway.app timed out. (connect timeout=None)')",1,2026-06-30T14:19:28Z,2026-06-30T14:19:28Z
POST,/auth/login [setup],"ConnectTimeoutError(<HTTPSConnection(host='tneapredictor-production.up.railway.app', port=443) at 0x1fb895fbed0>, 'Connection to tneapredictor-production.up.railway.app timed out. (connect timeout=None)')",1,2026-06-30T14:19:20Z,2026-06-30T14:19:20Z
POST,/payment/create-order,"ConnectTimeoutError(<HTTPSConnection(host='tneapredictor-production.up.railway.app', port=443) at 0x1fb93aaae90>, 'Connection to tneapredictor-production.up.railway.app timed out. (connect timeout=None)')",1,2026-06-30T14:19:42Z,2026-06-30T14:19:42Z
POST,/auth/login [setup],"ConnectTimeoutError(<HTTPSConnection(host='tneapredictor-production.up.railway.app', port=443) at 0x1fb991b6d50>, 'Connection to tneapredictor-production.up.railway.app timed out. (connect timeout=None)')",1,2026-06-30T14:19:28Z,2026-06-30T14:19:28Z
POST,/auth/login [setup],"ConnectTimeoutError(<HTTPSConnection(host='tneapredictor-production.up.railway.app', port=443) at 0x1fb99f3b750>, 'Connection to tneapredictor-production.up.railway.app timed out. (connect timeout=None)')",1,2026-06-30T14:19:28Z,2026-06-30T14:19:28Z
POST,/auth/login [setup],"ConnectTimeoutError(<HTTPSConnection(host='tneapredictor-production.up.railway.app', port=443) at 0x1fb885c2e90>, 'Connection to tneapredictor-production.up.railway.app timed out. (connect timeout=None)')",1,2026-06-30T14:19:20Z,2026-06-30T14:19:20Z
POST,/auth/login [setup],"ConnectTimeoutError(<HTTPSConnection(host='tneapredictor-production.up.railway.app', port=443) at 0x1fb926b1bd0>, 'Connection to tneapredictor-production.up.railway.app timed out. (connect timeout=None)')",1,2026-06-30T14:19:27Z,2026-06-30T14:19:27Z
POST,/predict/colleges [premium],"ConnectTimeoutError(<HTTPSConnection(host='tneapredictor-production.up.railway.app', port=443) at 0x1fb916725d0>, 'Connection to tneapredictor-production.up.railway.app timed out. (connect timeout=None)')",1,2026-06-30T14:19:42Z,2026-06-30T14:19:42Z
POST,/payment/create-order,"ConnectTimeoutError(<HTTPSConnection(host='tneapredictor-production.up.railway.app', port=443) at 0x1fb8123efd0>, 'Connection to tneapredictor-production.up.railway.app timed out. (connect timeout=None)')",1,2026-06-30T14:19:40Z,2026-06-30T14:19:40Z
POST,/auth/login [setup],"ConnectTimeoutError(<HTTPSConnection(host='tneapredictor-production.up.railway.app', port=443) at 0x1fb97cc0cd0>, 'Connection to tneapredictor-production.up.railway.app timed out. (connect timeout=None)')",1,2026-06-30T14:19:28Z,2026-06-30T14:19:28Z
POST,/auth/login [setup],"ConnectTimeoutError(<HTTPSConnection(host='tneapredictor-production.up.railway.app', port=443) at 0x1fb94312fd0>, 'Connection to tneapredictor-production.up.railway.app timed out. (connect timeout=None)')",1,2026-06-30T14:19:27Z,2026-06-30T14:19:27Z
POST,/auth/login [setup],"ConnectTimeoutError(<HTTPSConnection(host='tneapredictor-production.up.railway.app', port=443) at 0x1fbf3b54050>, 'Connection to tneapredictor-production.up.railway.app timed out. (connect timeout=None)')",1,2026-06-30T14:19:05Z,2026-06-30T14:19:05Z
POST,/auth/login [setup],"ConnectTimeoutError(<HTTPSConnection(host='tneapredictor-production.up.railway.app', port=443) at 0x1fb97d44910>, 'Connection to tneapredictor-production.up.railway.app timed out. (connect timeout=None)')",1,2026-06-30T14:19:28Z,2026-06-30T14:19:28Z
POST,/payment/create-order,"ConnectTimeoutError(<HTTPSConnection(host='tneapredictor-production.up.railway.app', port=443) at 0x1fb8a38e710>, 'Connection to tneapredictor-production.up.railway.app timed out. (connect timeout=None)')",1,2026-06-30T14:19:42Z,2026-06-30T14:19:42Z
POST,/auth/login [setup],"ConnectTimeoutError(<HTTPSConnection(host='tneapredictor-production.up.railway.app', port=443) at 0x1fb9bed3c50>, 'Connection to tneapredictor-production.up.railway.app timed out. (connect timeout=None)')",1,2026-06-30T14:19:28Z,2026-06-30T14:19:28Z
GET,/auth/me,"ConnectTimeoutError(<HTTPSConnection(host='tneapredictor-production.up.railway.app', port=443) at 0x1fb84c11450>, 'Connection to tneapredictor-production.up.railway.app timed out. (connect timeout=None)')",1,2026-06-30T14:19:41Z,2026-06-30T14:19:41Z
GET,/auth/me,"ConnectTimeoutError(<HTTPSConnection(host='tneapredictor-production.up.railway.app', port=443) at 0x1fb889f7750>, 'Connection to tneapredictor-production.up.railway.app timed out. (connect timeout=None)')",1,2026-06-30T14:19:41Z,2026-06-30T14:19:41Z
POST,/predict/colleges [premium],"ConnectTimeoutError(<HTTPSConnection(host='tneapredictor-production.up.railway.app', port=443) at 0x1fb8bee9090>, 'Connection to tneapredictor-production.up.railway.app timed out. (connect timeout=None)')",1,2026-06-30T14:19:41Z,2026-06-30T14:19:41Z
POST,/auth/login [setup],"ConnectTimeoutError(<HTTPSConnection(host='tneapredictor-production.up.railway.app', port=443) at 0x1fb93f5f610>, 'Connection to tneapredictor-production.up.railway.app timed out. (connect timeout=None)')",1,2026-06-30T14:19:27Z,2026-06-30T14:19:27Z
GET,/auth/me,"ConnectTimeoutError(<HTTPSConnection(host='tneapredictor-production.up.railway.app', port=443) at 0x1fb99f38b90>, 'Connection to tneapredictor-production.up.railway.app timed out. (connect timeout=None)')",1,2026-06-30T14:19:42Z,2026-06-30T14:19:42Z
GET,/auth/me,"ConnectTimeoutError(<HTTPSConnection(host='tneapredictor-production.up.railway.app', port=443) at 0x1fb89a3bd90>, 'Connection to tneapredictor-production.up.railway.app timed out. (connect timeout=None)')",1,2026-06-30T14:19:41Z,2026-06-30T14:19:41Z
POST,/auth/login [setup],"ConnectTimeoutError(<HTTPSConnection(host='tneapredictor-production.up.railway.app', port=443) at 0x1fbf1adc050>, 'Connection to tneapredictor-production.up.railway.app timed out. (connect timeout=None)')",1,2026-06-30T14:19:05Z,2026-06-30T14:19:05Z
GET,/auth/me,"ConnectTimeoutError(<HTTPSConnection(host='tneapredictor-production.up.railway.app', port=443) at 0x1fb8123f750>, 'Connection to tneapredictor-production.up.railway.app timed out. (connect timeout=None)')",1,2026-06-30T14:19:40Z,2026-06-30T14:19:40Z
POST,/payment/create-order,"ConnectTimeoutError(<HTTPSConnection(host='tneapredictor-production.up.railway.app', port=443) at 0x1fb8d0af390>, 'Connection to tneapredictor-production.up.railway.app timed out. (connect timeout=None)')",1,2026-06-30T14:19:40Z,2026-06-30T14:19:40Z
POST,/auth/login [setup],"ConnectTimeoutError(<HTTPSConnection(host='tneapredictor-production.up.railway.app', port=443) at 0x1fbf5815810>, 'Connection to tneapredictor-production.up.railway.app timed out. (connect timeout=None)')",1,2026-06-30T14:19:05Z,2026-06-30T14:19:05Z
POST,/auth/login [setup],"ConnectTimeoutError(<HTTPSConnection(host='tneapredictor-production.up.railway.app', port=443) at 0x1fbefd84cd0>, 'Connection to tneapredictor-production.up.railway.app timed out. (connect timeout=None)')",1,2026-06-30T14:19:04Z,2026-06-30T14:19:04Z
POST,/predict/rank [auth],"ConnectTimeoutError(<HTTPSConnection(host='tneapredictor-production.up.railway.app', port=443) at 0x1fb847e6350>, 'Connection to tneapredictor-production.up.railway.app timed out. (connect timeout=None)')",1,2026-06-30T14:19:48Z,2026-06-30T14:19:48Z
POST,/predict/colleges [premium],"ConnectTimeoutError(<HTTPSConnection(host='tneapredictor-production.up.railway.app', port=443) at 0x1fb89edbed0>, 'Connection to tneapredictor-production.up.railway.app timed out. (connect timeout=None)')",1,2026-06-30T14:19:41Z,2026-06-30T14:19:41Z
GET,/auth/me,"ConnectTimeoutError(<HTTPSConnection(host='tneapredictor-production.up.railway.app', port=443) at 0x1fb81aca350>, 'Connection to tneapredictor-production.up.railway.app timed out. (connect timeout=None)')",1,2026-06-30T14:19:40Z,2026-06-30T14:19:40Z
POST,/auth/login [setup],"ConnectTimeoutError(<HTTPSConnection(host='tneapredictor-production.up.railway.app', port=443) at 0x1fb8e4ab4d0>, 'Connection to tneapredictor-production.up.railway.app timed out. (connect timeout=None)')",1,2026-06-30T14:19:21Z,2026-06-30T14:19:21Z
POST,/auth/login [setup],"ConnectTimeoutError(<HTTPSConnection(host='tneapredictor-production.up.railway.app', port=443) at 0x1fb8f8a20d0>, 'Connection to tneapredictor-production.up.railway.app timed out. (connect timeout=None)')",1,2026-06-30T14:19:21Z,2026-06-30T14:19:21Z
POST,/predict/colleges [premium],"ConnectTimeoutError(<HTTPSConnection(host='tneapredictor-production.up.railway.app', port=443) at 0x1fb905b0cd0>, 'Connection to tneapredictor-production.up.railway.app timed out. (connect timeout=None)')",1,2026-06-30T14:19:40Z,2026-06-30T14:19:40Z
POST,/auth/update-profile,"ConnectTimeoutError(<HTTPSConnection(host='tneapredictor-production.up.railway.app', port=443) at 0x1fb912cdf90>, 'Connection to tneapredictor-production.up.railway.app timed out. (connect timeout=None)')",1,2026-06-30T14:19:42Z,2026-06-30T14:19:42Z
POST,/auth/login [setup],"ConnectTimeoutError(<HTTPSConnection(host='tneapredictor-production.up.railway.app', port=443) at 0x1fb99663d90>, 'Connection to tneapredictor-production.up.railway.app timed out. (connect timeout=None)')",1,2026-06-30T14:19:28Z,2026-06-30T14:19:28Z
POST,/auth/login [setup],"ConnectTimeoutError(<HTTPSConnection(host='tneapredictor-production.up.railway.app', port=443) at 0x1fb8d033d90>, 'Connection to tneapredictor-production.up.railway.app timed out. (connect timeout=None)')",1,2026-06-30T14:19:21Z,2026-06-30T14:19:21Z
GET,/auth/me,"ConnectTimeoutError(<HTTPSConnection(host='tneapredictor-production.up.railway.app', port=443) at 0x1fbf8120f50>, 'Connection to tneapredictor-production.up.railway.app timed out. (connect timeout=None)')",1,2026-06-30T14:19:40Z,2026-06-30T14:19:40Z
POST,/auth/login [setup],"ConnectTimeoutError(<HTTPSConnection(host='tneapredictor-production.up.railway.app', port=443) at 0x1fb95428410>, 'Connection to tneapredictor-production.up.railway.app timed out. (connect timeout=None)')",1,2026-06-30T14:19:27Z,2026-06-30T14:19:27Z
POST,/payment/create-order,"ConnectTimeoutError(<HTTPSConnection(host='tneapredictor-production.up.railway.app', port=443) at 0x1fb8fd72d50>, 'Connection to tneapredictor-production.up.railway.app timed out. (connect timeout=None)')",1,2026-06-30T14:19:40Z,2026-06-30T14:19:40Z
POST,/auth/login [setup],"ConnectTimeoutError(<HTTPSConnection(host='tneapredictor-production.up.railway.app', port=443) at 0x1fb9502cb90>, 'Connection to tneapredictor-production.up.railway.app timed out. (connect timeout=None)')",1,2026-06-30T14:19:27Z,2026-06-30T14:19:27Z
POST,/auth/login [setup],"ConnectionResetError(10054, 'An existing connection was forcibly closed by the remote host', None, 10054, None)",411,2026-06-30T14:18:46Z,2026-06-30T14:20:40Z
POST,/auth/login [setup],"ConnectTimeoutError(<HTTPSConnection(host='tneapredictor-production.up.railway.app', port=443) at 0x1fb94bebb10>, 'Connection to tneapredictor-production.up.railway.app timed out. (connect timeout=None)')",1,2026-06-30T14:19:27Z,2026-06-30T14:19:27Z
POST,/auth/login [setup],"ConnectTimeoutError(<HTTPSConnection(host='tneapredictor-production.up.railway.app', port=443) at 0x1fb80da8f50>, 'Connection to tneapredictor-production.up.railway.app timed out. (connect timeout=None)')",1,2026-06-30T14:19:13Z,2026-06-30T14:19:13Z
GET,/auth/me,"ConnectTimeoutError(<HTTPSConnection(host='tneapredictor-production.up.railway.app', port=443) at 0x1fb947d2350>, 'Connection to tneapredictor-production.up.railway.app timed out. (connect timeout=None)')",1,2026-06-30T14:19:42Z,2026-06-30T14:19:42Z
POST,/auth/login [setup],"ConnectTimeoutError(<HTTPSConnection(host='tneapredictor-production.up.railway.app', port=443) at 0x1fb90e8ccd0>, 'Connection to tneapredictor-production.up.railway.app timed out. (connect timeout=None)')",1,2026-06-30T14:19:26Z,2026-06-30T14:19:26Z
POST,/auth/login [setup],"ConnectTimeoutError(<HTTPSConnection(host='tneapredictor-production.up.railway.app', port=443) at 0x1fb99661590>, 'Connection to tneapredictor-production.up.railway.app timed out. (connect timeout=None)')",1,2026-06-30T14:19:28Z,2026-06-30T14:19:28Z
POST,/auth/login [setup],"ConnectTimeoutError(<HTTPSConnection(host='tneapredictor-production.up.railway.app', port=443) at 0x1fb94be9810>, 'Connection to tneapredictor-production.up.railway.app timed out. (connect timeout=None)')",1,2026-06-30T14:19:27Z,2026-06-30T14:19:27Z
POST,/auth/login [setup],"ConnectTimeoutError(<HTTPSConnection(host='tneapredictor-production.up.railway.app', port=443) at 0x1fb986265d0>, 'Connection to tneapredictor-production.up.railway.app timed out. (connect timeout=None)')",1,2026-06-30T14:19:28Z,2026-06-30T14:19:28Z
POST,/auth/login [setup],"ConnectTimeoutError(<HTTPSConnection(host='tneapredictor-production.up.railway.app', port=443) at 0x1fbec782c10>, 'Connection to tneapredictor-production.up.railway.app timed out. (connect timeout=None)')",1,2026-06-30T14:19:04Z,2026-06-30T14:19:04Z
POST,/auth/login [setup],"ConnectTimeoutError(<HTTPSConnection(host='tneapredictor-production.up.railway.app', port=443) at 0x1fb94c6ca50>, 'Connection to tneapredictor-production.up.railway.app timed out. (connect timeout=None)')",1,2026-06-30T14:19:27Z,2026-06-30T14:19:27Z
POST,/auth/login [setup],"ConnectTimeoutError(<HTTPSConnection(host='tneapredictor-production.up.railway.app', port=443) at 0x1fbe9e89a90>, 'Connection to tneapredictor-production.up.railway.app timed out. (connect timeout=None)')",1,2026-06-30T14:19:04Z,2026-06-30T14:19:04Z
POST,/auth/login [setup],"ConnectTimeoutError(<HTTPSConnection(host='tneapredictor-production.up.railway.app', port=443) at 0x1fb96063250>, 'Connection to tneapredictor-production.up.railway.app timed out. (connect timeout=None)')",1,2026-06-30T14:19:28Z,2026-06-30T14:19:28Z
POST,/auth/login [setup],"ConnectTimeoutError(<HTTPSConnection(host='tneapredictor-production.up.railway.app', port=443) at 0x1fb995e0050>, 'Connection to tneapredictor-production.up.railway.app timed out. (connect timeout=None)')",1,2026-06-30T14:19:28Z,2026-06-30T14:19:28Z
POST,/auth/login [setup],"ConnectTimeoutError(<HTTPSConnection(host='tneapredictor-production.up.railway.app', port=443) at 0x1fb97884050>, 'Connection to tneapredictor-production.up.railway.app timed out. (connect timeout=None)')",1,2026-06-30T14:19:28Z,2026-06-30T14:19:28Z
POST,/auth/login [setup],"ConnectTimeoutError(<HTTPSConnection(host='tneapredictor-production.up.railway.app', port=443) at 0x1fb953c1450>, 'Connection to tneapredictor-production.up.railway.app timed out. (connect timeout=None)')",1,2026-06-30T14:19:27Z,2026-06-30T14:19:27Z
POST,/payment/create-order,"ConnectTimeoutError(<HTTPSConnection(host='tneapredictor-production.up.railway.app', port=443) at 0x1fb90e147d0>, 'Connection to tneapredictor-production.up.railway.app timed out. (connect timeout=None)')",1,2026-06-30T14:19:42Z,2026-06-30T14:19:42Z
POST,/auth/login [setup],"ConnectTimeoutError(<HTTPSConnection(host='tneapredictor-production.up.railway.app', port=443) at 0x1fb953c34d0>, 'Connection to tneapredictor-production.up.railway.app timed out. (connect timeout=None)')",1,2026-06-30T14:19:27Z,2026-06-30T14:19:27Z
POST,/predict/colleges [premium],"ConnectTimeoutError(<HTTPSConnection(host='tneapredictor-production.up.railway.app', port=443) at 0x1fb8e0eb750>, 'Connection to tneapredictor-production.up.railway.app timed out. (connect timeout=None)')",1,2026-06-30T14:19:41Z,2026-06-30T14:19:41Z
POST,/auth/login [setup],"ConnectTimeoutError(<HTTPSConnection(host='tneapredictor-production.up.railway.app', port=443) at 0x1fb92285bd0>, 'Connection to tneapredictor-production.up.railway.app timed out. (connect timeout=None)')",1,2026-06-30T14:19:27Z,2026-06-30T14:19:27Z
POST,/auth/login [setup],"ConnectTimeoutError(<HTTPSConnection(host='tneapredictor-production.up.railway.app', port=443) at 0x1fb978fa990>, 'Connection to tneapredictor-production.up.railway.app timed out. (connect timeout=None)')",1,2026-06-30T14:19:28Z,2026-06-30T14:19:28Z
GET,/auth/me,"ConnectTimeoutError(<HTTPSConnection(host='tneapredictor-production.up.railway.app', port=443) at 0x1fb8bf67ed0>, 'Connection to tneapredictor-production.up.railway.app timed out. (connect timeout=None)')",1,2026-06-30T14:19:41Z,2026-06-30T14:19:41Z
GET,/auth/me,"ConnectTimeoutError(<HTTPSConnection(host='tneapredictor-production.up.railway.app', port=443) at 0x1fb8cc020d0>, 'Connection to tneapredictor-production.up.railway.app timed out. (connect timeout=None)')",1,2026-06-30T14:19:25Z,2026-06-30T14:19:25Z
POST,/auth/login [setup],"ConnectTimeoutError(<HTTPSConnection(host='tneapredictor-production.up.railway.app', port=443) at 0x1fbf3add310>, 'Connection to tneapredictor-production.up.railway.app timed out. (connect timeout=None)')",1,2026-06-30T14:19:05Z,2026-06-30T14:19:05Z
POST,/auth/login [setup],"ConnectTimeoutError(<HTTPSConnection(host='tneapredictor-production.up.railway.app', port=443) at 0x1fb97db65d0>, 'Connection to tneapredictor-production.up.railway.app timed out. (connect timeout=None)')",1,2026-06-30T14:19:28Z,2026-06-30T14:19:28Z
POST,/auth/login [setup],"ConnectTimeoutError(<HTTPSConnection(host='tneapredictor-production.up.railway.app', port=443) at 0x1fb91a27ed0>, 'Connection to tneapredictor-production.up.railway.app timed out. (connect timeout=None)')",1,2026-06-30T14:19:27Z,2026-06-30T14:19:27Z
GET,/auth/me,"ConnectTimeoutError(<HTTPSConnection(host='tneapredictor-production.up.railway.app', port=443) at 0x1fb853f6c10>, 'Connection to tneapredictor-production.up.railway.app timed out. (connect timeout=None)')",1,2026-06-30T14:19:43Z,2026-06-30T14:19:43Z
POST,/auth/login [setup],"ConnectTimeoutError(<HTTPSConnection(host='tneapredictor-production.up.railway.app', port=443) at 0x1fb99e42350>, 'Connection to tneapredictor-production.up.railway.app timed out. (connect timeout=None)')",1,2026-06-30T14:19:28Z,2026-06-30T14:19:28Z
POST,/auth/login [setup],"ConnectTimeoutError(<HTTPSConnection(host='tneapredictor-production.up.railway.app', port=443) at 0x1fb981f8050>, 'Connection to tneapredictor-production.up.railway.app timed out. (connect timeout=None)')",1,2026-06-30T14:19:28Z,2026-06-30T14:19:28Z
POST,/auth/login [setup],"ConnectTimeoutError(<HTTPSConnection(host='tneapredictor-production.up.railway.app', port=443) at 0x1fb978fb110>, 'Connection to tneapredictor-production.up.railway.app timed out. (connect timeout=None)')",1,2026-06-30T14:19:28Z,2026-06-30T14:19:28Z
POST,/auth/login [setup],"ConnectTimeoutError(<HTTPSConnection(host='tneapredictor-production.up.railway.app', port=443) at 0x1fb97cc2fd0>, 'Connection to tneapredictor-production.up.railway.app timed out. (connect timeout=None)')",1,2026-06-30T14:19:28Z,2026-06-30T14:19:28Z
POST,/auth/login [setup],"ConnectTimeoutError(<HTTPSConnection(host='tneapredictor-production.up.railway.app', port=443) at 0x1fb9a2f7390>, 'Connection to tneapredictor-production.up.railway.app timed out. (connect timeout=None)')",1,2026-06-30T14:19:28Z,2026-06-30T14:19:28Z
POST,/auth/login [setup],"ConnectTimeoutError(<HTTPSConnection(host='tneapredictor-production.up.railway.app', port=443) at 0x1fb90a5d450>, 'Connection to tneapredictor-production.up.railway.app timed out. (connect timeout=None)')",1,2026-06-30T14:19:26Z,2026-06-30T14:19:26Z
POST,/auth/login [setup],"ConnectTimeoutError(<HTTPSConnection(host='tneapredictor-production.up.railway.app', port=443) at 0x1fb95881810>, 'Connection to tneapredictor-production.up.railway.app timed out. (connect timeout=None)')",1,2026-06-30T14:19:27Z,2026-06-30T14:19:27Z
POST,/auth/login [setup],"ConnectTimeoutError(<HTTPSConnection(host='tneapredictor-production.up.railway.app', port=443) at 0x1fb978f8410>, 'Connection to tneapredictor-production.up.railway.app timed out. (connect timeout=None)')",1,2026-06-30T14:19:28Z,2026-06-30T14:19:28Z
POST,/auth/login [setup],"ConnectTimeoutError(<HTTPSConnection(host='tneapredictor-production.up.railway.app', port=443) at 0x1fb958f79d0>, 'Connection to tneapredictor-production.up.railway.app timed out. (connect timeout=None)')",1,2026-06-30T14:19:28Z,2026-06-30T14:19:28Z
POST,/auth/login [setup],"ConnectTimeoutError(<HTTPSConnection(host='tneapredictor-production.up.railway.app', port=443) at 0x1fbf1aded50>, 'Connection to tneapredictor-production.up.railway.app timed out. (connect timeout=None)')",1,2026-06-30T14:19:05Z,2026-06-30T14:19:05Z
POST,/auth/login [setup],"ConnectTimeoutError(<HTTPSConnection(host='tneapredictor-production.up.railway.app', port=443) at 0x1fb98df7d90>, 'Connection to tneapredictor-production.up.railway.app timed out. (connect timeout=None)')",1,2026-06-30T14:19:28Z,2026-06-30T14:19:28Z
POST,/auth/login [setup],"ConnectTimeoutError(<HTTPSConnection(host='tneapredictor-production.up.railway.app', port=443) at 0x1fbe9e89f90>, 'Connection to tneapredictor-production.up.railway.app timed out. (connect timeout=None)')",1,2026-06-30T14:19:04Z,2026-06-30T14:19:04Z
POST,/auth/login [setup],"ConnectTimeoutError(<HTTPSConnection(host='tneapredictor-production.up.railway.app', port=443) at 0x1fb98626ad0>, 'Connection to tneapredictor-production.up.railway.app timed out. (connect timeout=None)')",1,2026-06-30T14:19:28Z,2026-06-30T14:19:28Z
POST,/payment/create-order,"ConnectTimeoutError(<HTTPSConnection(host='tneapredictor-production.up.railway.app', port=443) at 0x1fb853f7110>, 'Connection to tneapredictor-production.up.railway.app timed out. (connect timeout=None)')",1,2026-06-30T14:19:43Z,2026-06-30T14:19:43Z
POST,/predict/colleges [premium],"ConnectTimeoutError(<HTTPSConnection(host='tneapredictor-production.up.railway.app', port=443) at 0x1fb88df02d0>, 'Connection to tneapredictor-production.up.railway.app timed out. (connect timeout=None)')",1,2026-06-30T14:19:41Z,2026-06-30T14:19:41Z
GET,/auth/me,"ConnectTimeoutError(<HTTPSConnection(host='tneapredictor-production.up.railway.app', port=443) at 0x1fbfc7efd90>, 'Connection to tneapredictor-production.up.railway.app timed out. (connect timeout=None)')",1,2026-06-30T14:19:40Z,2026-06-30T14:19:40Z
GET,/auth/me,"ConnectTimeoutError(<HTTPSConnection(host='tneapredictor-production.up.railway.app', port=443) at 0x1fb885c39d0>, 'Connection to tneapredictor-production.up.railway.app timed out. (connect timeout=None)')",1,2026-06-30T14:19:42Z,2026-06-30T14:19:42Z
GET,/auth/me,"ConnectTimeoutError(<HTTPSConnection(host='tneapredictor-production.up.railway.app', port=443) at 0x1fb91673ed0>, 'Connection to tneapredictor-production.up.railway.app timed out. (connect timeout=None)')",1,2026-06-30T14:19:42Z,2026-06-30T14:19:42Z
POST,/auth/login [setup],"ConnectTimeoutError(<HTTPSConnection(host='tneapredictor-production.up.railway.app', port=443) at 0x1fb91a27250>, 'Connection to tneapredictor-production.up.railway.app timed out. (connect timeout=None)')",1,2026-06-30T14:19:27Z,2026-06-30T14:19:27Z
POST,/auth/login [setup],"ConnectTimeoutError(<HTTPSConnection(host='tneapredictor-production.up.railway.app', port=443) at 0x1fb9a2f4190>, 'Connection to tneapredictor-production.up.railway.app timed out. (connect timeout=None)')",1,2026-06-30T14:19:28Z,2026-06-30T14:19:28Z
POST,/auth/login [setup],"ConnectTimeoutError(<HTTPSConnection(host='tneapredictor-production.up.railway.app', port=443) at 0x1fb93b1a990>, 'Connection to tneapredictor-production.up.railway.app timed out. (connect timeout=None)')",1,2026-06-30T14:19:27Z,2026-06-30T14:19:27Z
POST,/payment/create-order,"ConnectTimeoutError(<HTTPSConnection(host='tneapredictor-production.up.railway.app', port=443) at 0x1fb8bb3c550>, 'Connection to tneapredictor-production.up.railway.app timed out. (connect timeout=None)')",1,2026-06-30T14:19:42Z,2026-06-30T14:19:42Z
POST,/auth/login [setup],"ConnectTimeoutError(<HTTPSConnection(host='tneapredictor-production.up.railway.app', port=443) at 0x1fb98d85e50>, 'Connection to tneapredictor-production.up.railway.app timed out. (connect timeout=None)')",1,2026-06-30T14:19:28Z,2026-06-30T14:19:28Z
POST,/auth/login [setup],"ConnectTimeoutError(<HTTPSConnection(host='tneapredictor-production.up.railway.app', port=443) at 0x1fb8dcd5810>, 'Connection to tneapredictor-production.up.railway.app timed out. (connect timeout=None)')",1,2026-06-30T14:19:21Z,2026-06-30T14:19:21Z
POST,/predict/colleges [premium],"ConnectTimeoutError(<HTTPSConnection(host='tneapredictor-production.up.railway.app', port=443) at 0x1fb89a3a210>, 'Connection to tneapredictor-production.up.railway.app timed out. (connect timeout=None)')",1,2026-06-30T14:19:41Z,2026-06-30T14:19:41Z
POST,/auth/login [setup],"ConnectTimeoutError(<HTTPSConnection(host='tneapredictor-production.up.railway.app', port=443) at 0x1fb90e8c550>, 'Connection to tneapredictor-production.up.railway.app timed out. (connect timeout=None)')",1,2026-06-30T14:19:26Z,2026-06-30T14:19:26Z
POST,/auth/login [setup],"ConnectTimeoutError(<HTTPSConnection(host='tneapredictor-production.up.railway.app', port=443) at 0x1fb960dd090>, 'Connection to tneapredictor-production.up.railway.app timed out. (connect timeout=None)')",1,2026-06-30T14:19:28Z,2026-06-30T14:19:28Z
POST,/auth/login [setup],"ConnectTimeoutError(<HTTPSConnection(host='tneapredictor-production.up.railway.app', port=443) at 0x1fb97db6fd0>, 'Connection to tneapredictor-production.up.railway.app timed out. (connect timeout=None)')",1,2026-06-30T14:19:28Z,2026-06-30T14:19:28Z
GET,/auth/me,"ConnectTimeoutError(<HTTPSConnection(host='tneapredictor-production.up.railway.app', port=443) at 0x1fb8bee9f90>, 'Connection to tneapredictor-production.up.railway.app timed out. (connect timeout=None)')",1,2026-06-30T14:19:41Z,2026-06-30T14:19:41Z
POST,/auth/login [setup],"ConnectTimeoutError(<HTTPSConnection(host='tneapredictor-production.up.railway.app', port=443) at 0x1fbf3ade490>, 'Connection to tneapredictor-production.up.railway.app timed out. (connect timeout=None)')",1,2026-06-30T14:19:05Z,2026-06-30T14:19:05Z
POST,/auth/login [setup],"ConnectTimeoutError(<HTTPSConnection(host='tneapredictor-production.up.railway.app', port=443) at 0x1fb97886d50>, 'Connection to tneapredictor-production.up.railway.app timed out. (connect timeout=None)')",1,2026-06-30T14:19:28Z,2026-06-30T14:19:28Z
POST,/payment/create-order,"ConnectTimeoutError(<HTTPSConnection(host='tneapredictor-production.up.railway.app', port=443) at 0x1fb81610190>, 'Connection to tneapredictor-production.up.railway.app timed out. (connect timeout=None)')",1,2026-06-30T14:19:40Z,2026-06-30T14:19:40Z
POST,/auth/login [setup],"ConnectTimeoutError(<HTTPSConnection(host='tneapredictor-production.up.railway.app', port=443) at 0x1fbe85fefd0>, 'Connection to tneapredictor-production.up.railway.app timed out. (connect timeout=None)')",1,2026-06-30T14:19:04Z,2026-06-30T14:19:04Z
GET,/auth/me,"ConnectTimeoutError(<HTTPSConnection(host='tneapredictor-production.up.railway.app', port=443) at 0x1fb90e8e210>, 'Connection to tneapredictor-production.up.railway.app timed out. (connect timeout=None)')",1,2026-06-30T14:19:42Z,2026-06-30T14:19:42Z
POST,/auth/login [setup],"ConnectTimeoutError(<HTTPSConnection(host='tneapredictor-production.up.railway.app', port=443) at 0x1fb96516c10>, 'Connection to tneapredictor-production.up.railway.app timed out. (connect timeout=None)')",1,2026-06-30T14:19:28Z,2026-06-30T14:19:28Z
POST,/payment/create-order,"ConnectTimeoutError(<HTTPSConnection(host='tneapredictor-production.up.railway.app', port=443) at 0x1fb8547c2d0>, 'Connection to tneapredictor-production.up.railway.app timed out. (connect timeout=None)')",1,2026-06-30T14:19:44Z,2026-06-30T14:19:44Z
POST,/auth/login [setup],"ConnectTimeoutError(<HTTPSConnection(host='tneapredictor-production.up.railway.app', port=443) at 0x1fb95429a90>, 'Connection to tneapredictor-production.up.railway.app timed out. (connect timeout=None)')",1,2026-06-30T14:19:27Z,2026-06-30T14:19:27Z
POST,/auth/login [setup],"ConnectTimeoutError(<HTTPSConnection(host='tneapredictor-production.up.railway.app', port=443) at 0x1fb97db5bd0>, 'Connection to tneapredictor-production.up.railway.app timed out. (connect timeout=None)')",1,2026-06-30T14:19:28Z,2026-06-30T14:19:28Z
POST,/predict/colleges [premium],"ConnectTimeoutError(<HTTPSConnection(host='tneapredictor-production.up.railway.app', port=443) at 0x1fb81695e50>, 'Connection to tneapredictor-production.up.railway.app timed out. (connect timeout=None)')",1,2026-06-30T14:19:40Z,2026-06-30T14:19:40Z
POST,/auth/login [setup],"ConnectTimeoutError(<HTTPSConnection(host='tneapredictor-production.up.railway.app', port=443) at 0x1fb958056d0>, 'Connection to tneapredictor-production.up.railway.app timed out. (connect timeout=None)')",1,2026-06-30T14:19:27Z,2026-06-30T14:19:27Z
POST,/auth/login [setup],"ConnectTimeoutError(<HTTPSConnection(host='tneapredictor-production.up.railway.app', port=443) at 0x1fb8d0adbd0>, 'Connection to tneapredictor-production.up.railway.app timed out. (connect timeout=None)')",1,2026-06-30T14:19:21Z,2026-06-30T14:19:21Z
POST,/auth/login [setup],"ConnectTimeoutError(<HTTPSConnection(host='tneapredictor-production.up.railway.app', port=443) at 0x1fb9502e710>, 'Connection to tneapredictor-production.up.railway.app timed out. (connect timeout=None)')",1,2026-06-30T14:19:27Z,2026-06-30T14:19:27Z
POST,/auth/login [setup],"ConnectTimeoutError(<HTTPSConnection(host='tneapredictor-production.up.railway.app', port=443) at 0x1fbe1acd1d0>, 'Connection to tneapredictor-production.up.railway.app timed out. (connect timeout=None)')",1,2026-06-30T14:19:04Z,2026-06-30T14:19:04Z
POST,/predict/colleges [premium],"ConnectTimeoutError(<HTTPSConnection(host='tneapredictor-production.up.railway.app', port=443) at 0x1fb885c25d0>, 'Connection to tneapredictor-production.up.railway.app timed out. (connect timeout=None)')",1,2026-06-30T14:19:43Z,2026-06-30T14:19:43Z
POST,/auth/login [setup],"ConnectTimeoutError(<HTTPSConnection(host='tneapredictor-production.up.railway.app', port=443) at 0x1fb9a71b390>, 'Connection to tneapredictor-production.up.railway.app timed out. (connect timeout=None)')",1,2026-06-30T14:19:28Z,2026-06-30T14:19:28Z
POST,/auth/login [setup],"ConnectTimeoutError(<HTTPSConnection(host='tneapredictor-production.up.railway.app', port=443) at 0x1fb947d2710>, 'Connection to tneapredictor-production.up.railway.app timed out. (connect timeout=None)')",1,2026-06-30T14:19:27Z,2026-06-30T14:19:27Z
POST,/auth/login [setup],"ConnectTimeoutError(<HTTPSConnection(host='tneapredictor-production.up.railway.app', port=443) at 0x1fbe4ba5f90>, 'Connection to tneapredictor-production.up.railway.app timed out. (connect timeout=None)')",1,2026-06-30T14:19:04Z,2026-06-30T14:19:04Z
GET,/auth/me,"ConnectTimeoutError(<HTTPSConnection(host='tneapredictor-production.up.railway.app', port=443) at 0x1fb85c58b90>, 'Connection to tneapredictor-production.up.railway.app timed out. (connect timeout=None)')",1,2026-06-30T14:19:45Z,2026-06-30T14:19:45Z
POST,/auth/login [setup],"ConnectTimeoutError(<HTTPSConnection(host='tneapredictor-production.up.railway.app', port=443) at 0x1fb981fad50>, 'Connection to tneapredictor-production.up.railway.app timed out. (connect timeout=None)')",1,2026-06-30T14:19:28Z,2026-06-30T14:19:28Z
POST,/auth/login [setup],"ConnectTimeoutError(<HTTPSConnection(host='tneapredictor-production.up.railway.app', port=443) at 0x1fb958f6850>, 'Connection to tneapredictor-production.up.railway.app timed out. (connect timeout=None)')",1,2026-06-30T14:19:28Z,2026-06-30T14:19:28Z
POST,/auth/login [setup],"ConnectTimeoutError(<HTTPSConnection(host='tneapredictor-production.up.railway.app', port=443) at 0x1fb926b1450>, 'Connection to tneapredictor-production.up.railway.app timed out. (connect timeout=None)')",1,2026-06-30T14:19:27Z,2026-06-30T14:19:27Z
POST,/auth/login [setup],"ConnectTimeoutError(<HTTPSConnection(host='tneapredictor-production.up.railway.app', port=443) at 0x1fb8fd72710>, 'Connection to tneapredictor-production.up.railway.app timed out. (connect timeout=None)')",1,2026-06-30T14:19:21Z,2026-06-30T14:19:21Z
POST,/auth/login [setup],"ConnectTimeoutError(<HTTPSConnection(host='tneapredictor-production.up.railway.app', port=443) at 0x1fbe85fccd0>, 'Connection to tneapredictor-production.up.railway.app timed out. (connect timeout=None)')",1,2026-06-30T14:19:04Z,2026-06-30T14:19:04Z
POST,/auth/login [setup],"ConnectTimeoutError(<HTTPSConnection(host='tneapredictor-production.up.railway.app', port=443) at 0x1fb96515310>, 'Connection to tneapredictor-production.up.railway.app timed out. (connect timeout=None)')",1,2026-06-30T14:19:28Z,2026-06-30T14:19:28Z
POST,/auth/login [setup],"ConnectTimeoutError(<HTTPSConnection(host='tneapredictor-production.up.railway.app', port=443) at 0x1fbefd84f50>, 'Connection to tneapredictor-production.up.railway.app timed out. (connect timeout=None)')",1,2026-06-30T14:19:04Z,2026-06-30T14:19:04Z
POST,/predict/colleges [premium],"ConnectTimeoutError(<HTTPSConnection(host='tneapredictor-production.up.railway.app', port=443) at 0x1fbfa332210>, 'Connection to tneapredictor-production.up.railway.app timed out. (connect timeout=None)')",1,2026-06-30T14:19:40Z,2026-06-30T14:19:40Z
POST,/auth/login [setup],"ConnectTimeoutError(<HTTPSConnection(host='tneapredictor-production.up.railway.app', port=443) at 0x1fb8fd71810>, 'Connection to tneapredictor-production.up.railway.app timed out. (connect timeout=None)')",1,2026-06-30T14:19:21Z,2026-06-30T14:19:21Z
POST,/auth/login [setup],"ConnectTimeoutError(<HTTPSConnection(host='tneapredictor-production.up.railway.app', port=443) at 0x1fb9649b250>, 'Connection to tneapredictor-production.up.railway.app timed out. (connect timeout=None)')",1,2026-06-30T14:19:28Z,2026-06-30T14:19:28Z
POST,/auth/login [setup],"ConnectTimeoutError(<HTTPSConnection(host='tneapredictor-production.up.railway.app', port=443) at 0x1fb864b34d0>, 'Connection to tneapredictor-production.up.railway.app timed out. (connect timeout=None)')",1,2026-06-30T14:19:19Z,2026-06-30T14:19:19Z
POST,/auth/login [setup],"ConnectTimeoutError(<HTTPSConnection(host='tneapredictor-production.up.railway.app', port=443) at 0x1fbe1e94690>, 'Connection to tneapredictor-production.up.railway.app timed out. (connect timeout=None)')",1,2026-06-30T14:19:04Z,2026-06-30T14:19:04Z
POST,/auth/login [setup],"ConnectTimeoutError(<HTTPSConnection(host='tneapredictor-production.up.railway.app', port=443) at 0x1fbf960e210>, 'Connection to tneapredictor-production.up.railway.app timed out. (connect timeout=None)')",1,2026-06-30T14:19:05Z,2026-06-30T14:19:05Z
POST,/predict/colleges [premium],"ConnectTimeoutError(<HTTPSConnection(host='tneapredictor-production.up.railway.app', port=443) at 0x1fb8793f9d0>, 'Connection to tneapredictor-production.up.railway.app timed out. (connect timeout=None)')",1,2026-06-30T14:19:41Z,2026-06-30T14:19:41Z
POST,/predict/colleges [premium],"ConnectTimeoutError(<HTTPSConnection(host='tneapredictor-production.up.railway.app', port=443) at 0x1fb8cfb4190>, 'Connection to tneapredictor-production.up.railway.app timed out. (connect timeout=None)')",1,2026-06-30T14:19:40Z,2026-06-30T14:19:40Z
POST,/auth/login [setup],"ConnectTimeoutError(<HTTPSConnection(host='tneapredictor-production.up.railway.app', port=443) at 0x1fbe1acfc50>, 'Connection to tneapredictor-production.up.railway.app timed out. (connect timeout=None)')",1,2026-06-30T14:19:04Z,2026-06-30T14:19:04Z
POST,/auth/login [setup],"ConnectTimeoutError(<HTTPSConnection(host='tneapredictor-production.up.railway.app', port=443) at 0x1fb97d44690>, 'Connection to tneapredictor-production.up.railway.app timed out. (connect timeout=None)')",1,2026-06-30T14:19:28Z,2026-06-30T14:19:28Z
POST,/auth/login [setup],"ConnectTimeoutError(<HTTPSConnection(host='tneapredictor-production.up.railway.app', port=443) at 0x1fb960dd310>, 'Connection to tneapredictor-production.up.railway.app timed out. (connect timeout=None)')",1,2026-06-30T14:19:28Z,2026-06-30T14:19:28Z
POST,/auth/login [setup],"ConnectTimeoutError(<HTTPSConnection(host='tneapredictor-production.up.railway.app', port=443) at 0x1fb99e40cd0>, 'Connection to tneapredictor-production.up.railway.app timed out. (connect timeout=None)')",1,2026-06-30T14:19:28Z,2026-06-30T14:19:28Z
POST,/auth/login [setup],"ConnectTimeoutError(<HTTPSConnection(host='tneapredictor-production.up.railway.app', port=443) at 0x1fb99a90410>, 'Connection to tneapredictor-production.up.railway.app timed out. (connect timeout=None)')",1,2026-06-30T14:19:28Z,2026-06-30T14:19:28Z
GET,/auth/me,"ConnectTimeoutError(<HTTPSConnection(host='tneapredictor-production.up.railway.app', port=443) at 0x1fb8a291f90>, 'Connection to tneapredictor-production.up.railway.app timed out. (connect timeout=None)')",1,2026-06-30T14:19:41Z,2026-06-30T14:19:41Z
POST,/auth/update-profile,"ConnectTimeoutError(<HTTPSConnection(host='tneapredictor-production.up.railway.app', port=443) at 0x1fb88542710>, 'Connection to tneapredictor-production.up.railway.app timed out. (connect timeout=None)')",1,2026-06-30T14:19:43Z,2026-06-30T14:19:43Z
GET,/auth/me,"ConnectTimeoutError(<HTTPSConnection(host='tneapredictor-production.up.railway.app', port=443) at 0x1fb86100050>, 'Connection to tneapredictor-production.up.railway.app timed out. (connect timeout=None)')",1,2026-06-30T14:19:45Z,2026-06-30T14:19:45Z
POST,/predict/colleges [premium],"ConnectTimeoutError(<HTTPSConnection(host='tneapredictor-production.up.railway.app', port=443) at 0x1fb895fbb10>, 'Connection to tneapredictor-production.up.railway.app timed out. (connect timeout=None)')",1,2026-06-30T14:19:41Z,2026-06-30T14:19:41Z
POST,/predict/colleges [premium],"ConnectTimeoutError(<HTTPSConnection(host='tneapredictor-production.up.railway.app', port=443) at 0x1fb8cc00550>, 'Connection to tneapredictor-production.up.railway.app timed out. (connect timeout=None)')",1,2026-06-30T14:19:41Z,2026-06-30T14:19:41Z
POST,/auth/login [setup],"ConnectTimeoutError(<HTTPSConnection(host='tneapredictor-production.up.railway.app', port=443) at 0x1fb99e43c50>, 'Connection to tneapredictor-production.up.railway.app timed out. (connect timeout=None)')",1,2026-06-30T14:19:28Z,2026-06-30T14:19:28Z
POST,/auth/login [setup],"ConnectTimeoutError(<HTTPSConnection(host='tneapredictor-production.up.railway.app', port=443) at 0x1fb91ed2490>, 'Connection to tneapredictor-production.up.railway.app timed out. (connect timeout=None)')",1,2026-06-30T14:19:27Z,2026-06-30T14:19:27Z
POST,/auth/login [setup],"ConnectTimeoutError(<HTTPSConnection(host='tneapredictor-production.up.railway.app', port=443) at 0x1fb9bf4d310>, 'Connection to tneapredictor-production.up.railway.app timed out. (connect timeout=None)')",1,2026-06-30T14:19:28Z,2026-06-30T14:19:28Z
POST,/auth/login [setup],"ConnectTimeoutError(<HTTPSConnection(host='tneapredictor-production.up.railway.app', port=443) at 0x1fbf6090190>, 'Connection to tneapredictor-production.up.railway.app timed out. (connect timeout=None)')",1,2026-06-30T14:19:05Z,2026-06-30T14:19:05Z
POST,/auth/login [setup],"ConnectTimeoutError(<HTTPSConnection(host='tneapredictor-production.up.railway.app', port=443) at 0x1fb94be9d10>, 'Connection to tneapredictor-production.up.railway.app timed out. (connect timeout=None)')",1,2026-06-30T14:19:27Z,2026-06-30T14:19:27Z
POST,/predict/colleges [auth],"ConnectTimeoutError(<HTTPSConnection(host='tneapredictor-production.up.railway.app', port=443) at 0x1fb865391d0>, 'Connection to tneapredictor-production.up.railway.app timed out. (connect timeout=None)')",1,2026-06-30T14:19:44Z,2026-06-30T14:19:44Z
POST,/predict/colleges [auth],"ConnectTimeoutError(<HTTPSConnection(host='tneapredictor-production.up.railway.app', port=443) at 0x1fb8582b110>, 'Connection to tneapredictor-production.up.railway.app timed out. (connect timeout=None)')",1,2026-06-30T14:19:45Z,2026-06-30T14:19:45Z
POST,/auth/login [setup],"ConnectTimeoutError(<HTTPSConnection(host='tneapredictor-production.up.railway.app', port=443) at 0x1fbf3b551d0>, 'Connection to tneapredictor-production.up.railway.app timed out. (connect timeout=None)')",1,2026-06-30T14:19:05Z,2026-06-30T14:19:05Z
POST,/auth/login [setup],"ConnectTimeoutError(<HTTPSConnection(host='tneapredictor-production.up.railway.app', port=443) at 0x1fb95ce5a90>, 'Connection to tneapredictor-production.up.railway.app timed out. (connect timeout=None)')",1,2026-06-30T14:19:28Z,2026-06-30T14:19:28Z
POST,/auth/login [setup],"ConnectTimeoutError(<HTTPSConnection(host='tneapredictor-production.up.railway.app', port=443) at 0x1fb8f8a39d0>, 'Connection to tneapredictor-production.up.railway.app timed out. (connect timeout=None)')",1,2026-06-30T14:19:21Z,2026-06-30T14:19:21Z
POST,/auth/login [setup],"ConnectTimeoutError(<HTTPSConnection(host='tneapredictor-production.up.railway.app', port=443) at 0x1fb9bb22710>, 'Connection to tneapredictor-production.up.railway.app timed out. (connect timeout=None)')",1,2026-06-30T14:19:28Z,2026-06-30T14:19:28Z
POST,/auth/login [setup],"ConnectTimeoutError(<HTTPSConnection(host='tneapredictor-production.up.railway.app', port=443) at 0x1fbf47f4a50>, 'Connection to tneapredictor-production.up.railway.app timed out. (connect timeout=None)')",1,2026-06-30T14:19:05Z,2026-06-30T14:19:05Z
POST,/auth/login [setup],"ConnectTimeoutError(<HTTPSConnection(host='tneapredictor-production.up.railway.app', port=443) at 0x1fb94311950>, 'Connection to tneapredictor-production.up.railway.app timed out. (connect timeout=None)')",1,2026-06-30T14:19:27Z,2026-06-30T14:19:27Z
POST,/predict/colleges [premium],"ConnectTimeoutError(<HTTPSConnection(host='tneapredictor-production.up.railway.app', port=443) at 0x1fb8a38c910>, 'Connection to tneapredictor-production.up.railway.app timed out. (connect timeout=None)')",1,2026-06-30T14:19:42Z,2026-06-30T14:19:42Z
POST,/predict/colleges [premium],"ConnectTimeoutError(<HTTPSConnection(host='tneapredictor-production.up.railway.app', port=443) at 0x1fbfe076710>, 'Connection to tneapredictor-production.up.railway.app timed out. (connect timeout=None)')",1,2026-06-30T14:19:40Z,2026-06-30T14:19:40Z
POST,/auth/login [setup],"ConnectTimeoutError(<HTTPSConnection(host='tneapredictor-production.up.railway.app', port=443) at 0x1fb909660d0>, 'Connection to tneapredictor-production.up.railway.app timed out. (connect timeout=None)')",1,2026-06-30T14:19:23Z,2026-06-30T14:19:23Z
POST,/auth/login [setup],"ConnectTimeoutError(<HTTPSConnection(host='tneapredictor-production.up.railway.app', port=443) at 0x1fb864b0f50>, 'Connection to tneapredictor-production.up.railway.app timed out. (connect timeout=None)')",1,2026-06-30T14:19:19Z,2026-06-30T14:19:19Z
POST,/payment/create-order,"ConnectTimeoutError(<HTTPSConnection(host='tneapredictor-production.up.railway.app', port=443) at 0x1fb909e4f50>, 'Connection to tneapredictor-production.up.railway.app timed out. (connect timeout=None)')",1,2026-06-30T14:19:41Z,2026-06-30T14:19:41Z
POST,/auth/login [setup],"ConnectTimeoutError(<HTTPSConnection(host='tneapredictor-production.up.railway.app', port=443) at 0x1fb991b42d0>, 'Connection to tneapredictor-production.up.railway.app timed out. (connect timeout=None)')",1,2026-06-30T14:19:28Z,2026-06-30T14:19:28Z
POST,/predict/colleges [premium],"ConnectTimeoutError(<HTTPSConnection(host='tneapredictor-production.up.railway.app', port=443) at 0x1fb8229ac10>, 'Connection to tneapredictor-production.up.railway.app timed out. (connect timeout=None)')",1,2026-06-30T14:19:40Z,2026-06-30T14:19:40Z
POST,/auth/login [setup],"ConnectTimeoutError(<HTTPSConnection(host='tneapredictor-production.up.railway.app', port=443) at 0x1fb8f998f50>, 'Connection to tneapredictor-production.up.railway.app timed out. (connect timeout=None)')",1,2026-06-30T14:19:21Z,2026-06-30T14:19:21Z
POST,/auth/update-profile,"ConnectTimeoutError(<HTTPSConnection(host='tneapredictor-production.up.railway.app', port=443) at 0x1fb92285310>, 'Connection to tneapredictor-production.up.railway.app timed out. (connect timeout=None)')",1,2026-06-30T14:19:42Z,2026-06-30T14:19:42Z
POST,/auth/login [setup],"ConnectTimeoutError(<HTTPSConnection(host='tneapredictor-production.up.railway.app', port=443) at 0x1fb96516210>, 'Connection to tneapredictor-production.up.railway.app timed out. (connect timeout=None)')",1,2026-06-30T14:19:28Z,2026-06-30T14:19:28Z
POST,/predict/colleges [auth],"ConnectTimeoutError(<HTTPSConnection(host='tneapredictor-production.up.railway.app', port=443) at 0x1fb84fc3b10>, 'Connection to tneapredictor-production.up.railway.app timed out. (connect timeout=None)')",1,2026-06-30T14:19:48Z,2026-06-30T14:19:48Z
POST,/auth/update-profile,"ConnectTimeoutError(<HTTPSConnection(host='tneapredictor-production.up.railway.app', port=443) at 0x1fb89ed8cd0>, 'Connection to tneapredictor-production.up.railway.app timed out. (connect timeout=None)')",1,2026-06-30T14:19:41Z,2026-06-30T14:19:41Z
POST,/auth/login [setup],"ConnectTimeoutError(<HTTPSConnection(host='tneapredictor-production.up.railway.app', port=443) at 0x1fb94c6c550>, 'Connection to tneapredictor-production.up.railway.app timed out. (connect timeout=None)')",1,2026-06-30T14:19:27Z,2026-06-30T14:19:27Z
POST,/auth/login [setup],"ConnectTimeoutError(<HTTPSConnection(host='tneapredictor-production.up.railway.app', port=443) at 0x1fbf4c29bd0>, 'Connection to tneapredictor-production.up.railway.app timed out. (connect timeout=None)')",1,2026-06-30T14:19:05Z,2026-06-30T14:19:05Z
POST,/auth/login [setup],"ConnectTimeoutError(<HTTPSConnection(host='tneapredictor-production.up.railway.app', port=443) at 0x1fb895fb250>, 'Connection to tneapredictor-production.up.railway.app timed out. (connect timeout=None)')",1,2026-06-30T14:19:20Z,2026-06-30T14:19:20Z
POST,/auth/login [setup],"ConnectTimeoutError(<HTTPSConnection(host='tneapredictor-production.up.railway.app', port=443) at 0x1fb93aaa0d0>, 'Connection to tneapredictor-production.up.railway.app timed out. (connect timeout=None)')",1,2026-06-30T14:19:27Z,2026-06-30T14:19:27Z
POST,/auth/login [setup],"ConnectTimeoutError(<HTTPSConnection(host='tneapredictor-production.up.railway.app', port=443) at 0x1fb99a90910>, 'Connection to tneapredictor-production.up.railway.app timed out. (connect timeout=None)')",1,2026-06-30T14:19:28Z,2026-06-30T14:19:28Z
POST,/auth/login [setup],"ConnectTimeoutError(<HTTPSConnection(host='tneapredictor-production.up.railway.app', port=443) at 0x1fb8fd71590>, 'Connection to tneapredictor-production.up.railway.app timed out. (connect timeout=None)')",1,2026-06-30T14:19:21Z,2026-06-30T14:19:21Z
POST,/auth/login [setup],"ConnectTimeoutError(<HTTPSConnection(host='tneapredictor-production.up.railway.app', port=443) at 0x1fbfc763390>, 'Connection to tneapredictor-production.up.railway.app timed out. (connect timeout=None)')",1,2026-06-30T14:19:07Z,2026-06-30T14:19:07Z
POST,/auth/login [setup],"ConnectTimeoutError(<HTTPSConnection(host='tneapredictor-production.up.railway.app', port=443) at 0x1fb926b1950>, 'Connection to tneapredictor-production.up.railway.app timed out. (connect timeout=None)')",1,2026-06-30T14:19:27Z,2026-06-30T14:19:27Z
POST,/payment/create-order,"ConnectTimeoutError(<HTTPSConnection(host='tneapredictor-production.up.railway.app', port=443) at 0x1fb80daac10>, 'Connection to tneapredictor-production.up.railway.app timed out. (connect timeout=None)')",1,2026-06-30T14:19:40Z,2026-06-30T14:19:40Z
GET,/auth/me,"ConnectTimeoutError(<HTTPSConnection(host='tneapredictor-production.up.railway.app', port=443) at 0x1fbe9e882d0>, 'Connection to tneapredictor-production.up.railway.app timed out. (connect timeout=None)')",1,2026-06-30T14:19:39Z,2026-06-30T14:19:39Z
POST,/payment/create-order,"ConnectTimeoutError(<HTTPSConnection(host='tneapredictor-production.up.railway.app', port=443) at 0x1fb8d489950>, 'Connection to tneapredictor-production.up.railway.app timed out. (connect timeout=None)')",1,2026-06-30T14:19:41Z,2026-06-30T14:19:41Z
POST,/auth/login [setup],"ConnectTimeoutError(<HTTPSConnection(host='tneapredictor-production.up.railway.app', port=443) at 0x1fb8c3b1d10>, 'Connection to tneapredictor-production.up.railway.app timed out. (connect timeout=None)')",1,2026-06-30T14:19:20Z,2026-06-30T14:19:20Z
POST,/auth/login [setup],"ConnectTimeoutError(<HTTPSConnection(host='tneapredictor-production.up.railway.app', port=443) at 0x1fb8d0ad950>, 'Connection to tneapredictor-production.up.railway.app timed out. (connect timeout=None)')",1,2026-06-30T14:19:21Z,2026-06-30T14:19:21Z
POST,/auth/login [setup],"ConnectTimeoutError(<HTTPSConnection(host='tneapredictor-production.up.railway.app', port=443) at 0x1fb91aa9810>, 'Connection to tneapredictor-production.up.railway.app timed out. (connect timeout=None)')",1,2026-06-30T14:19:27Z,2026-06-30T14:19:27Z
POST,/auth/login [setup],"ConnectTimeoutError(<HTTPSConnection(host='tneapredictor-production.up.railway.app', port=443) at 0x1fbf7cfbb10>, 'Connection to tneapredictor-production.up.railway.app timed out. (connect timeout=None)')",1,2026-06-30T14:19:05Z,2026-06-30T14:19:05Z
POST,/predict/colleges [premium],"ConnectTimeoutError(<HTTPSConnection(host='tneapredictor-production.up.railway.app', port=443) at 0x1fbf81202d0>, 'Connection to tneapredictor-production.up.railway.app timed out. (connect timeout=None)')",1,2026-06-30T14:19:25Z,2026-06-30T14:19:25Z
POST,/auth/login [setup],"ConnectTimeoutError(<HTTPSConnection(host='tneapredictor-production.up.railway.app', port=443) at 0x1fb9a6a9450>, 'Connection to tneapredictor-production.up.railway.app timed out. (connect timeout=None)')",1,2026-06-30T14:19:28Z,2026-06-30T14:19:28Z
POST,/auth/login [setup],"ConnectTimeoutError(<HTTPSConnection(host='tneapredictor-production.up.railway.app', port=443) at 0x1fb90e17610>, 'Connection to tneapredictor-production.up.railway.app timed out. (connect timeout=None)')",1,2026-06-30T14:19:26Z,2026-06-30T14:19:26Z
GET,/auth/me,"ConnectTimeoutError(<HTTPSConnection(host='tneapredictor-production.up.railway.app', port=443) at 0x1fb87cdb390>, 'Connection to tneapredictor-production.up.railway.app timed out. (connect timeout=None)')",1,2026-06-30T14:19:27Z,2026-06-30T14:19:27Z
POST,/payment/create-order,"ConnectTimeoutError(<HTTPSConnection(host='tneapredictor-production.up.railway.app', port=443) at 0x1fb895f9590>, 'Connection to tneapredictor-production.up.railway.app timed out. (connect timeout=None)')",1,2026-06-30T14:19:41Z,2026-06-30T14:19:41Z
POST,/auth/login [setup],"ConnectTimeoutError(<HTTPSConnection(host='tneapredictor-production.up.railway.app', port=443) at 0x1fbe9e8b390>, 'Connection to tneapredictor-production.up.railway.app timed out. (connect timeout=None)')",1,2026-06-30T14:19:04Z,2026-06-30T14:19:04Z
POST,/auth/login [setup],"ConnectTimeoutError(<HTTPSConnection(host='tneapredictor-production.up.railway.app', port=443) at 0x1fbf43cc550>, 'Connection to tneapredictor-production.up.railway.app timed out. (connect timeout=None)')",1,2026-06-30T14:19:05Z,2026-06-30T14:19:05Z
POST,/predict/colleges [premium],"ConnectTimeoutError(<HTTPSConnection(host='tneapredictor-production.up.railway.app', port=443) at 0x1fb88df3750>, 'Connection to tneapredictor-production.up.railway.app timed out. (connect timeout=None)')",1,2026-06-30T14:19:41Z,2026-06-30T14:19:41Z
POST,/auth/login [setup],"ConnectTimeoutError(<HTTPSConnection(host='tneapredictor-production.up.railway.app', port=443) at 0x1fb958042d0>, 'Connection to tneapredictor-production.up.railway.app timed out. (connect timeout=None)')",1,2026-06-30T14:19:27Z,2026-06-30T14:19:27Z
GET,/auth/me,"ConnectTimeoutError(<HTTPSConnection(host='tneapredictor-production.up.railway.app', port=443) at 0x1fb89e58b90>, 'Connection to tneapredictor-production.up.railway.app timed out. (connect timeout=None)')",1,2026-06-30T14:19:42Z,2026-06-30T14:19:42Z
POST,/payment/create-order,"ConnectTimeoutError(<HTTPSConnection(host='tneapredictor-production.up.railway.app', port=443) at 0x1fbff916d50>, 'Connection to tneapredictor-production.up.railway.app timed out. (connect timeout=None)')",1,2026-06-30T14:19:40Z,2026-06-30T14:19:40Z
POST,/payment/create-order,"ConnectTimeoutError(<HTTPSConnection(host='tneapredictor-production.up.railway.app', port=443) at 0x1fb87cd9590>, 'Connection to tneapredictor-production.up.railway.app timed out. (connect timeout=None)')",1,2026-06-30T14:19:41Z,2026-06-30T14:19:41Z
GET,/auth/me,"ConnectTimeoutError(<HTTPSConnection(host='tneapredictor-production.up.railway.app', port=443) at 0x1fb8229a210>, 'Connection to tneapredictor-production.up.railway.app timed out. (connect timeout=None)')",1,2026-06-30T14:19:40Z,2026-06-30T14:19:40Z
POST,/auth/login [setup],"ConnectTimeoutError(<HTTPSConnection(host='tneapredictor-production.up.railway.app', port=443) at 0x1fb94be8690>, 'Connection to tneapredictor-production.up.railway.app timed out. (connect timeout=None)')",1,2026-06-30T14:19:27Z,2026-06-30T14:19:27Z
POST,/payment/create-order,"ConnectTimeoutError(<HTTPSConnection(host='tneapredictor-production.up.railway.app', port=443) at 0x1fb8653a350>, 'Connection to tneapredictor-production.up.railway.app timed out. (connect timeout=None)')",1,2026-06-30T14:19:44Z,2026-06-30T14:19:44Z
POST,/auth/login [setup],"ConnectTimeoutError(<HTTPSConnection(host='tneapredictor-production.up.railway.app', port=443) at 0x1fb9bf4cb90>, 'Connection to tneapredictor-production.up.railway.app timed out. (connect timeout=None)')",1,2026-06-30T14:19:28Z,2026-06-30T14:19:28Z
POST,/payment/create-order,"ConnectTimeoutError(<HTTPSConnection(host='tneapredictor-production.up.railway.app', port=443) at 0x1fb8a316ad0>, 'Connection to tneapredictor-production.up.railway.app timed out. (connect timeout=None)')",1,2026-06-30T14:19:41Z,2026-06-30T14:19:41Z
POST,/predict/colleges [auth],"ConnectTimeoutError(<HTTPSConnection(host='tneapredictor-production.up.railway.app', port=443) at 0x1fb8653afd0>, 'Connection to tneapredictor-production.up.railway.app timed out. (connect timeout=None)')",1,2026-06-30T14:19:44Z,2026-06-30T14:19:44Z
POST,/auth/login [setup],"ConnectTimeoutError(<HTTPSConnection(host='tneapredictor-production.up.railway.app', port=443) at 0x1fbe9613110>, 'Connection to tneapredictor-production.up.railway.app timed out. (connect timeout=None)')",1,2026-06-30T14:19:04Z,2026-06-30T14:19:04Z
POST,/predict/colleges [premium],"ConnectTimeoutError(<HTTPSConnection(host='tneapredictor-production.up.railway.app', port=443) at 0x1fb853f4b90>, 'Connection to tneapredictor-production.up.railway.app timed out. (connect timeout=None)')",1,2026-06-30T14:19:43Z,2026-06-30T14:19:43Z
POST,/auth/login [setup],"ConnectTimeoutError(<HTTPSConnection(host='tneapredictor-production.up.railway.app', port=443) at 0x1fb9a719810>, 'Connection to tneapredictor-production.up.railway.app timed out. (connect timeout=None)')",1,2026-06-30T14:19:28Z,2026-06-30T14:19:28Z
POST,/auth/login [setup],"ConnectTimeoutError(<HTTPSConnection(host='tneapredictor-production.up.railway.app', port=443) at 0x1fb958f42d0>, 'Connection to tneapredictor-production.up.railway.app timed out. (connect timeout=None)')",1,2026-06-30T14:19:28Z,2026-06-30T14:19:28Z
GET,/auth/me,"ConnectTimeoutError(<HTTPSConnection(host='tneapredictor-production.up.railway.app', port=443) at 0x1fb8e0e8050>, 'Connection to tneapredictor-production.up.railway.app timed out. (connect timeout=None)')",1,2026-06-30T14:19:41Z,2026-06-30T14:19:41Z
POST,/auth/login [setup],"ConnectTimeoutError(<HTTPSConnection(host='tneapredictor-production.up.railway.app', port=443) at 0x1fb8d032c10>, 'Connection to tneapredictor-production.up.railway.app timed out. (connect timeout=None)')",1,2026-06-30T14:19:21Z,2026-06-30T14:19:21Z
POST,/payment/create-order,"ConnectTimeoutError(<HTTPSConnection(host='tneapredictor-production.up.railway.app', port=443) at 0x1fb8b733250>, 'Connection to tneapredictor-production.up.railway.app timed out. (connect timeout=None)')",1,2026-06-30T14:19:42Z,2026-06-30T14:19:42Z
POST,/auth/login [setup],"ConnectTimeoutError(<HTTPSConnection(host='tneapredictor-production.up.railway.app', port=443) at 0x1fb91aabb10>, 'Connection to tneapredictor-production.up.railway.app timed out. (connect timeout=None)')",1,2026-06-30T14:19:27Z,2026-06-30T14:19:27Z
POST,/auth/login [setup],"ConnectTimeoutError(<HTTPSConnection(host='tneapredictor-production.up.railway.app', port=443) at 0x1fb989ec410>, 'Connection to tneapredictor-production.up.railway.app timed out. (connect timeout=None)')",1,2026-06-30T14:19:28Z,2026-06-30T14:19:28Z
POST,/auth/login [setup],"ConnectTimeoutError(<HTTPSConnection(host='tneapredictor-production.up.railway.app', port=443) at 0x1fb98d865d0>, 'Connection to tneapredictor-production.up.railway.app timed out. (connect timeout=None)')",1,2026-06-30T14:19:28Z,2026-06-30T14:19:28Z
POST,/auth/login [setup],"ConnectTimeoutError(<HTTPSConnection(host='tneapredictor-production.up.railway.app', port=443) at 0x1fbf47f4cd0>, 'Connection to tneapredictor-production.up.railway.app timed out. (connect timeout=None)')",1,2026-06-30T14:19:05Z,2026-06-30T14:19:05Z
POST,/auth/login [setup],"ConnectTimeoutError(<HTTPSConnection(host='tneapredictor-production.up.railway.app', port=443) at 0x1fb9baa0a50>, 'Connection to tneapredictor-production.up.railway.app timed out. (connect timeout=None)')",1,2026-06-30T14:19:28Z,2026-06-30T14:19:28Z
POST,/auth/login [setup],"ConnectTimeoutError(<HTTPSConnection(host='tneapredictor-production.up.railway.app', port=443) at 0x1fb93aa8050>, 'Connection to tneapredictor-production.up.railway.app timed out. (connect timeout=None)')",1,2026-06-30T14:19:27Z,2026-06-30T14:19:27Z
POST,/payment/create-order,"ConnectTimeoutError(<HTTPSConnection(host='tneapredictor-production.up.railway.app', port=443) at 0x1fb82314cd0>, 'Connection to tneapredictor-production.up.railway.app timed out. (connect timeout=None)')",1,2026-06-30T14:19:40Z,2026-06-30T14:19:40Z
POST,/auth/login [setup],"ConnectTimeoutError(<HTTPSConnection(host='tneapredictor-production.up.railway.app', port=443) at 0x1fb995e1bd0>, 'Connection to tneapredictor-production.up.railway.app timed out. (connect timeout=None)')",1,2026-06-30T14:19:28Z,2026-06-30T14:19:28Z
POST,/auth/update-profile,"ConnectTimeoutError(<HTTPSConnection(host='tneapredictor-production.up.railway.app', port=443) at 0x1fb92285090>, 'Connection to tneapredictor-production.up.railway.app timed out. (connect timeout=None)')",1,2026-06-30T14:19:45Z,2026-06-30T14:19:45Z
POST,/auth/login [setup],"ConnectTimeoutError(<HTTPSConnection(host='tneapredictor-production.up.railway.app', port=443) at 0x1fb9a2f6c10>, 'Connection to tneapredictor-production.up.railway.app timed out. (connect timeout=None)')",1,2026-06-30T14:19:28Z,2026-06-30T14:19:28Z
POST,/auth/login [setup],"ConnectTimeoutError(<HTTPSConnection(host='tneapredictor-production.up.railway.app', port=443) at 0x1fb91252c10>, 'Connection to tneapredictor-production.up.railway.app timed out. (connect timeout=None)')",1,2026-06-30T14:19:27Z,2026-06-30T14:19:27Z
POST,/auth/login [setup],"ConnectTimeoutError(<HTTPSConnection(host='tneapredictor-production.up.railway.app', port=443) at 0x1fb97db5950>, 'Connection to tneapredictor-production.up.railway.app timed out. (connect timeout=None)')",1,2026-06-30T14:19:28Z,2026-06-30T14:19:28Z
POST,/auth/login [setup],"ConnectTimeoutError(<HTTPSConnection(host='tneapredictor-production.up.railway.app', port=443) at 0x1fb9bed1950>, 'Connection to tneapredictor-production.up.railway.app timed out. (connect timeout=None)')",1,2026-06-30T14:19:28Z,2026-06-30T14:19:28Z
POST,/auth/login [setup],"ConnectTimeoutError(<HTTPSConnection(host='tneapredictor-production.up.railway.app', port=443) at 0x1fb91ed3b10>, 'Connection to tneapredictor-production.up.railway.app timed out. (connect timeout=None)')",1,2026-06-30T14:19:27Z,2026-06-30T14:19:27Z
POST,/auth/login [setup],"ConnectTimeoutError(<HTTPSConnection(host='tneapredictor-production.up.railway.app', port=443) at 0x1fbe1a4d590>, 'Connection to tneapredictor-production.up.railway.app timed out. (connect timeout=None)')",1,2026-06-30T14:19:04Z,2026-06-30T14:19:04Z
GET,/auth/me,"ConnectTimeoutError(<HTTPSConnection(host='tneapredictor-production.up.railway.app', port=443) at 0x1fb88976e90>, 'Connection to tneapredictor-production.up.railway.app timed out. (connect timeout=None)')",1,2026-06-30T14:19:43Z,2026-06-30T14:19:43Z
POST,/auth/login [setup],"ConnectTimeoutError(<HTTPSConnection(host='tneapredictor-production.up.railway.app', port=443) at 0x1fb9017d590>, 'Connection to tneapredictor-production.up.railway.app timed out. (connect timeout=None)')",1,2026-06-30T14:19:21Z,2026-06-30T14:19:21Z
POST,/predict/colleges [premium],"ConnectTimeoutError(<HTTPSConnection(host='tneapredictor-production.up.railway.app', port=443) at 0x1fb81694050>, 'Connection to tneapredictor-production.up.railway.app timed out. (connect timeout=None)')",1,2026-06-30T14:19:40Z,2026-06-30T14:19:40Z
POST,/auth/login [setup],"ConnectTimeoutError(<HTTPSConnection(host='tneapredictor-production.up.railway.app', port=443) at 0x1fb99a92990>, 'Connection to tneapredictor-production.up.railway.app timed out. (connect timeout=None)')",1,2026-06-30T14:19:28Z,2026-06-30T14:19:28Z
POST,/auth/login [setup],"ConnectTimeoutError(<HTTPSConnection(host='tneapredictor-production.up.railway.app', port=443) at 0x1fb98186990>, 'Connection to tneapredictor-production.up.railway.app timed out. (connect timeout=None)')",1,2026-06-30T14:19:28Z,2026-06-30T14:19:28Z
POST,/auth/login [setup],"ConnectTimeoutError(<HTTPSConnection(host='tneapredictor-production.up.railway.app', port=443) at 0x1fb97cc1bd0>, 'Connection to tneapredictor-production.up.railway.app timed out. (connect timeout=None)')",1,2026-06-30T14:19:28Z,2026-06-30T14:19:28Z
POST,/payment/create-order,"ConnectTimeoutError(<HTTPSConnection(host='tneapredictor-production.up.railway.app', port=443) at 0x1fb88d7e990>, 'Connection to tneapredictor-production.up.railway.app timed out. (connect timeout=None)')",1,2026-06-30T14:19:41Z,2026-06-30T14:19:41Z
POST,/auth/login [setup],"ConnectTimeoutError(<HTTPSConnection(host='tneapredictor-production.up.railway.app', port=443) at 0x1fb93aaafd0>, 'Connection to tneapredictor-production.up.railway.app timed out. (connect timeout=None)')",1,2026-06-30T14:19:27Z,2026-06-30T14:19:27Z
POST,/auth/login [setup],"ConnectTimeoutError(<HTTPSConnection(host='tneapredictor-production.up.railway.app', port=443) at 0x1fb91aa8690>, 'Connection to tneapredictor-production.up.railway.app timed out. (connect timeout=None)')",1,2026-06-30T14:19:27Z,2026-06-30T14:19:27Z
POST,/auth/login [setup],"ConnectTimeoutError(<HTTPSConnection(host='tneapredictor-production.up.railway.app', port=443) at 0x1fb9502f890>, 'Connection to tneapredictor-production.up.railway.app timed out. (connect timeout=None)')",1,2026-06-30T14:19:27Z,2026-06-30T14:19:27Z
POST,/auth/login [setup],"ConnectTimeoutError(<HTTPSConnection(host='tneapredictor-production.up.railway.app', port=443) at 0x1fbe1a4f610>, 'Connection to tneapredictor-production.up.railway.app timed out. (connect timeout=None)')",1,2026-06-30T14:19:04Z,2026-06-30T14:19:04Z
POST,/auth/login [setup],"ConnectTimeoutError(<HTTPSConnection(host='tneapredictor-production.up.railway.app', port=443) at 0x1fb9bb23610>, 'Connection to tneapredictor-production.up.railway.app timed out. (connect timeout=None)')",1,2026-06-30T14:19:28Z,2026-06-30T14:19:28Z
POST,/auth/login [setup],"ConnectTimeoutError(<HTTPSConnection(host='tneapredictor-production.up.railway.app', port=443) at 0x1fb9922b890>, 'Connection to tneapredictor-production.up.railway.app timed out. (connect timeout=None)')",1,2026-06-30T14:19:28Z,2026-06-30T14:19:28Z
POST,/auth/login [setup],"ConnectTimeoutError(<HTTPSConnection(host='tneapredictor-production.up.railway.app', port=443) at 0x1fb995e2ad0>, 'Connection to tneapredictor-production.up.railway.app timed out. (connect timeout=None)')",1,2026-06-30T14:19:28Z,2026-06-30T14:19:28Z
POST,/auth/login [setup],"ConnectTimeoutError(<HTTPSConnection(host='tneapredictor-production.up.railway.app', port=443) at 0x1fb94c6f4d0>, 'Connection to tneapredictor-production.up.railway.app timed out. (connect timeout=None)')",1,2026-06-30T14:19:27Z,2026-06-30T14:19:27Z
GET,/auth/me,"ConnectTimeoutError(<HTTPSConnection(host='tneapredictor-production.up.railway.app', port=443) at 0x1fbf4ba1e50>, 'Connection to tneapredictor-production.up.railway.app timed out. (connect timeout=None)')",1,2026-06-30T14:19:28Z,2026-06-30T14:19:28Z
POST,/auth/login [setup],"ConnectTimeoutError(<HTTPSConnection(host='tneapredictor-production.up.railway.app', port=443) at 0x1fbf4c296d0>, 'Connection to tneapredictor-production.up.railway.app timed out. (connect timeout=None)')",1,2026-06-30T14:19:05Z,2026-06-30T14:19:05Z
POST,/auth/login [setup],"ConnectTimeoutError(<HTTPSConnection(host='tneapredictor-production.up.railway.app', port=443) at 0x1fb94b734d0>, 'Connection to tneapredictor-production.up.railway.app timed out. (connect timeout=None)')",1,2026-06-30T14:19:27Z,2026-06-30T14:19:27Z
POST,/auth/login [setup],"ConnectTimeoutError(<HTTPSConnection(host='tneapredictor-production.up.railway.app', port=443) at 0x1fb94c6e350>, 'Connection to tneapredictor-production.up.railway.app timed out. (connect timeout=None)')",1,2026-06-30T14:19:27Z,2026-06-30T14:19:27Z
POST,/auth/login [setup],"ConnectTimeoutError(<HTTPSConnection(host='tneapredictor-production.up.railway.app', port=443) at 0x1fb98d84050>, 'Connection to tneapredictor-production.up.railway.app timed out. (connect timeout=None)')",1,2026-06-30T14:19:28Z,2026-06-30T14:19:28Z
POST,/auth/login [setup],"ConnectTimeoutError(<HTTPSConnection(host='tneapredictor-production.up.railway.app', port=443) at 0x1fb95ce5810>, 'Connection to tneapredictor-production.up.railway.app timed out. (connect timeout=None)')",1,2026-06-30T14:19:28Z,2026-06-30T14:19:28Z
POST,/auth/login [setup],"ConnectTimeoutError(<HTTPSConnection(host='tneapredictor-production.up.railway.app', port=443) at 0x1fbfc325810>, 'Connection to tneapredictor-production.up.railway.app timed out. (connect timeout=None)')",1,2026-06-30T14:19:07Z,2026-06-30T14:19:07Z
POST,/auth/login [setup],"ConnectTimeoutError(<HTTPSConnection(host='tneapredictor-production.up.railway.app', port=443) at 0x1fb94be9310>, 'Connection to tneapredictor-production.up.railway.app timed out. (connect timeout=None)')",1,2026-06-30T14:19:27Z,2026-06-30T14:19:27Z
POST,/auth/login [setup],"ConnectTimeoutError(<HTTPSConnection(host='tneapredictor-production.up.railway.app', port=443) at 0x1fb91671310>, 'Connection to tneapredictor-production.up.railway.app timed out. (connect timeout=None)')",1,2026-06-30T14:19:27Z,2026-06-30T14:19:27Z
POST,/auth/login [setup],"ConnectTimeoutError(<HTTPSConnection(host='tneapredictor-production.up.railway.app', port=443) at 0x1fb91671810>, 'Connection to tneapredictor-production.up.railway.app timed out. (connect timeout=None)')",1,2026-06-30T14:19:27Z,2026-06-30T14:19:27Z
POST,/auth/login [setup],"ConnectTimeoutError(<HTTPSConnection(host='tneapredictor-production.up.railway.app', port=443) at 0x1fb91aa9a90>, 'Connection to tneapredictor-production.up.railway.app timed out. (connect timeout=None)')",1,2026-06-30T14:19:27Z,2026-06-30T14:19:27Z
POST,/auth/login [setup],"ConnectTimeoutError(<HTTPSConnection(host='tneapredictor-production.up.railway.app', port=443) at 0x1fb94b725d0>, 'Connection to tneapredictor-production.up.railway.app timed out. (connect timeout=None)')",1,2026-06-30T14:19:27Z,2026-06-30T14:19:27Z
POST,/auth/login [setup],"ConnectTimeoutError(<HTTPSConnection(host='tneapredictor-production.up.railway.app', port=443) at 0x1fb98df5090>, 'Connection to tneapredictor-production.up.railway.app timed out. (connect timeout=None)')",1,2026-06-30T14:19:28Z,2026-06-30T14:19:28Z
POST,/auth/login [setup],"ConnectTimeoutError(<HTTPSConnection(host='tneapredictor-production.up.railway.app', port=443) at 0x1fb8f99afd0>, 'Connection to tneapredictor-production.up.railway.app timed out. (connect timeout=None)')",1,2026-06-30T14:19:21Z,2026-06-30T14:19:21Z
POST,/auth/login [setup],"ConnectTimeoutError(<HTTPSConnection(host='tneapredictor-production.up.railway.app', port=443) at 0x1fb95882710>, 'Connection to tneapredictor-production.up.railway.app timed out. (connect timeout=None)')",1,2026-06-30T14:19:27Z,2026-06-30T14:19:27Z
POST,/payment/create-order,"ConnectTimeoutError(<HTTPSConnection(host='tneapredictor-production.up.railway.app', port=443) at 0x1fb8a38cb90>, 'Connection to tneapredictor-production.up.railway.app timed out. (connect timeout=None)')",1,2026-06-30T14:19:42Z,2026-06-30T14:19:42Z
POST,/predict/colleges [auth],"ConnectTimeoutError(<HTTPSConnection(host='tneapredictor-production.up.railway.app', port=443) at 0x1fb86103750>, 'Connection to tneapredictor-production.up.railway.app timed out. (connect timeout=None)')",1,2026-06-30T14:19:45Z,2026-06-30T14:19:45Z
POST,/auth/login [setup],"ConnectTimeoutError(<HTTPSConnection(host='tneapredictor-production.up.railway.app', port=443) at 0x1fb99663390>, 'Connection to tneapredictor-production.up.railway.app timed out. (connect timeout=None)')",1,2026-06-30T14:19:28Z,2026-06-30T14:19:28Z
POST,/payment/create-order,"ConnectTimeoutError(<HTTPSConnection(host='tneapredictor-production.up.railway.app', port=443) at 0x1fb8e4a8410>, 'Connection to tneapredictor-production.up.railway.app timed out. (connect timeout=None)')",1,2026-06-30T14:19:42Z,2026-06-30T14:19:42Z
POST,/auth/login [setup],"ConnectTimeoutError(<HTTPSConnection(host='tneapredictor-production.up.railway.app', port=443) at 0x1fb8f99b4d0>, 'Connection to tneapredictor-production.up.railway.app timed out. (connect timeout=None)')",1,2026-06-30T14:19:21Z,2026-06-30T14:19:21Z
GET,/auth/me,"ConnectTimeoutError(<HTTPSConnection(host='tneapredictor-production.up.railway.app', port=443) at 0x1fb92729bd0>, 'Connection to tneapredictor-production.up.railway.app timed out. (connect timeout=None)')",1,2026-06-30T14:19:42Z,2026-06-30T14:19:42Z
POST,/predict/colleges [premium],"ConnectTimeoutError(<HTTPSConnection(host='tneapredictor-production.up.railway.app', port=443) at 0x1fb8229bb10>, 'Connection to tneapredictor-production.up.railway.app timed out. (connect timeout=None)')",1,2026-06-30T14:19:40Z,2026-06-30T14:19:40Z
POST,/auth/login [setup],"ConnectTimeoutError(<HTTPSConnection(host='tneapredictor-production.up.railway.app', port=443) at 0x1fb95ce6210>, 'Connection to tneapredictor-production.up.railway.app timed out. (connect timeout=None)')",1,2026-06-30T14:19:28Z,2026-06-30T14:19:28Z
POST,/auth/login [setup],"ConnectTimeoutError(<HTTPSConnection(host='tneapredictor-production.up.railway.app', port=443) at 0x1fb9bed20d0>, 'Connection to tneapredictor-production.up.railway.app timed out. (connect timeout=None)')",1,2026-06-30T14:19:28Z,2026-06-30T14:19:28Z
POST,/auth/login [setup],"ConnectTimeoutError(<HTTPSConnection(host='tneapredictor-production.up.railway.app', port=443) at 0x1fb91250690>, 'Connection to tneapredictor-production.up.railway.app timed out. (connect timeout=None)')",1,2026-06-30T14:19:27Z,2026-06-30T14:19:27Z
GET,/auth/me,"ConnectTimeoutError(<HTTPSConnection(host='tneapredictor-production.up.railway.app', port=443) at 0x1fb85cd91d0>, 'Connection to tneapredictor-production.up.railway.app timed out. (connect timeout=None)')",1,2026-06-30T14:19:45Z,2026-06-30T14:19:45Z
POST,/auth/login [setup],"ConnectTimeoutError(<HTTPSConnection(host='tneapredictor-production.up.railway.app', port=443) at 0x1fb978f9f90>, 'Connection to tneapredictor-production.up.railway.app timed out. (connect timeout=None)')",1,2026-06-30T14:19:28Z,2026-06-30T14:19:28Z
GET,/auth/me,"ConnectTimeoutError(<HTTPSConnection(host='tneapredictor-production.up.railway.app', port=443) at 0x1fb811ce210>, 'Connection to tneapredictor-production.up.railway.app timed out. (connect timeout=None)')",1,2026-06-30T14:19:40Z,2026-06-30T14:19:40Z
POST,/predict/colleges [premium],"ConnectTimeoutError(<HTTPSConnection(host='tneapredictor-production.up.railway.app', port=443) at 0x1fb96517c50>, 'Connection to tneapredictor-production.up.railway.app timed out. (connect timeout=None)')",1,2026-06-30T14:19:42Z,2026-06-30T14:19:42Z
POST,/auth/login [setup],"ConnectTimeoutError(<HTTPSConnection(host='tneapredictor-production.up.railway.app', port=443) at 0x1fb91251f90>, 'Connection to tneapredictor-production.up.railway.app timed out. (connect timeout=None)')",1,2026-06-30T14:19:27Z,2026-06-30T14:19:27Z
POST,/auth/login [setup],"ConnectTimeoutError(<HTTPSConnection(host='tneapredictor-production.up.railway.app', port=443) at 0x1fb947d1810>, 'Connection to tneapredictor-production.up.railway.app timed out. (connect timeout=None)')",1,2026-06-30T14:19:27Z,2026-06-30T14:19:27Z
POST,/auth/login [setup],"ConnectTimeoutError(<HTTPSConnection(host='tneapredictor-production.up.railway.app', port=443) at 0x1fb92301f90>, 'Connection to tneapredictor-production.up.railway.app timed out. (connect timeout=None)')",1,2026-06-30T14:19:27Z,2026-06-30T14:19:27Z
POST,/auth/login [setup],"ConnectTimeoutError(<HTTPSConnection(host='tneapredictor-production.up.railway.app', port=443) at 0x1fb9a2f6490>, 'Connection to tneapredictor-production.up.railway.app timed out. (connect timeout=None)')",1,2026-06-30T14:19:28Z,2026-06-30T14:19:28Z
POST,/auth/login [setup],"ConnectTimeoutError(<HTTPSConnection(host='tneapredictor-production.up.railway.app', port=443) at 0x1fb99662490>, 'Connection to tneapredictor-production.up.railway.app timed out. (connect timeout=None)')",1,2026-06-30T14:19:28Z,2026-06-30T14:19:28Z
POST,/auth/login [setup],"ConnectTimeoutError(<HTTPSConnection(host='tneapredictor-production.up.railway.app', port=443) at 0x1fbe85ff9d0>, 'Connection to tneapredictor-production.up.railway.app timed out. (connect timeout=None)')",1,2026-06-30T14:19:04Z,2026-06-30T14:19:04Z
POST,/predict/colleges [premium],"ConnectTimeoutError(<HTTPSConnection(host='tneapredictor-production.up.railway.app', port=443) at 0x1fb8e5156d0>, 'Connection to tneapredictor-production.up.railway.app timed out. (connect timeout=None)')",1,2026-06-30T14:19:42Z,2026-06-30T14:19:42Z
POST,/auth/login [setup],"ConnectTimeoutError(<HTTPSConnection(host='tneapredictor-production.up.railway.app', port=443) at 0x1fb89671f90>, 'Connection to tneapredictor-production.up.railway.app timed out. (connect timeout=None)')",1,2026-06-30T14:19:20Z,2026-06-30T14:19:20Z
POST,/payment/create-order,"ConnectTimeoutError(<HTTPSConnection(host='tneapredictor-production.up.railway.app', port=443) at 0x1fb8c83e490>, 'Connection to tneapredictor-production.up.railway.app timed out. (connect timeout=None)')",1,2026-06-30T14:19:40Z,2026-06-30T14:19:40Z
POST,/auth/login [setup],"ConnectTimeoutError(<HTTPSConnection(host='tneapredictor-production.up.railway.app', port=443) at 0x1fb8dcd6490>, 'Connection to tneapredictor-production.up.railway.app timed out. (connect timeout=None)')",1,2026-06-30T14:19:21Z,2026-06-30T14:19:21Z
GET,/auth/me,"ConnectTimeoutError(<HTTPSConnection(host='tneapredictor-production.up.railway.app', port=443) at 0x1fb865ae990>, 'Connection to tneapredictor-production.up.railway.app timed out. (connect timeout=None)')",1,2026-06-30T14:19:44Z,2026-06-30T14:19:44Z
GET,/auth/me,"ConnectTimeoutError(<HTTPSConnection(host='tneapredictor-production.up.railway.app', port=443) at 0x1fb811cec10>, 'Connection to tneapredictor-production.up.railway.app timed out. (connect timeout=None)')",1,2026-06-30T14:19:40Z,2026-06-30T14:19:40Z
POST,/auth/login [setup],"ConnectTimeoutError(<HTTPSConnection(host='tneapredictor-production.up.railway.app', port=443) at 0x1fb989efb10>, 'Connection to tneapredictor-production.up.railway.app timed out. (connect timeout=None)')",1,2026-06-30T14:19:28Z,2026-06-30T14:19:28Z
POST,/auth/login [setup],"ConnectTimeoutError(<HTTPSConnection(host='tneapredictor-production.up.railway.app', port=443) at 0x1fb98186c10>, 'Connection to tneapredictor-production.up.railway.app timed out. (connect timeout=None)')",1,2026-06-30T14:19:28Z,2026-06-30T14:19:28Z
POST,/auth/login [setup],"ConnectTimeoutError(<HTTPSConnection(host='tneapredictor-production.up.railway.app', port=443) at 0x1fb94393890>, 'Connection to tneapredictor-production.up.railway.app timed out. (connect timeout=None)')",1,2026-06-30T14:19:27Z,2026-06-30T14:19:27Z
POST,/predict/colleges [premium],"ConnectTimeoutError(<HTTPSConnection(host='tneapredictor-production.up.railway.app', port=443) at 0x1fb90965310>, 'Connection to tneapredictor-production.up.railway.app timed out. (connect timeout=None)')",1,2026-06-30T14:19:42Z,2026-06-30T14:19:42Z
POST,/auth/update-profile,"ConnectTimeoutError(<HTTPSConnection(host='tneapredictor-production.up.railway.app', port=443) at 0x1fb80a0ead0>, 'Connection to tneapredictor-production.up.railway.app timed out. (connect timeout=None)')",1,2026-06-30T14:19:40Z,2026-06-30T14:19:40Z
POST,/auth/login [setup],"ConnectTimeoutError(<HTTPSConnection(host='tneapredictor-production.up.railway.app', port=443) at 0x1fb91250b90>, 'Connection to tneapredictor-production.up.railway.app timed out. (connect timeout=None)')",1,2026-06-30T14:19:27Z,2026-06-30T14:19:27Z
POST,/auth/login [setup],"ConnectTimeoutError(<HTTPSConnection(host='tneapredictor-production.up.railway.app', port=443) at 0x1fbfc762c10>, 'Connection to tneapredictor-production.up.railway.app timed out. (connect timeout=None)')",1,2026-06-30T14:19:07Z,2026-06-30T14:19:07Z
POST,/auth/login [setup],"ConnectTimeoutError(<HTTPSConnection(host='tneapredictor-production.up.railway.app', port=443) at 0x1fb93b19f90>, 'Connection to tneapredictor-production.up.railway.app timed out. (connect timeout=None)')",1,2026-06-30T14:19:27Z,2026-06-30T14:19:27Z
POST,/auth/login [setup],"ConnectTimeoutError(<HTTPSConnection(host='tneapredictor-production.up.railway.app', port=443) at 0x1fbf47f7750>, 'Connection to tneapredictor-production.up.railway.app timed out. (connect timeout=None)')",1,2026-06-30T14:19:05Z,2026-06-30T14:19:05Z
POST,/predict/colleges [premium],"ConnectTimeoutError(<HTTPSConnection(host='tneapredictor-production.up.railway.app', port=443) at 0x1fb8811b610>, 'Connection to tneapredictor-production.up.railway.app timed out. (connect timeout=None)')",1,2026-06-30T14:19:43Z,2026-06-30T14:19:43Z
GET,/auth/me,"ConnectTimeoutError(<HTTPSConnection(host='tneapredictor-production.up.railway.app', port=443) at 0x1fb889f4050>, 'Connection to tneapredictor-production.up.railway.app timed out. (connect timeout=None)')",1,2026-06-30T14:19:41Z,2026-06-30T14:19:41Z
POST,/auth/update-profile,"ConnectTimeoutError(<HTTPSConnection(host='tneapredictor-production.up.railway.app', port=443) at 0x1fb91aaa350>, 'Connection to tneapredictor-production.up.railway.app timed out. (connect timeout=None)')",1,2026-06-30T14:19:42Z,2026-06-30T14:19:42Z
POST,/auth/login [setup],"ConnectTimeoutError(<HTTPSConnection(host='tneapredictor-production.up.railway.app', port=443) at 0x1fb995e3c50>, 'Connection to tneapredictor-production.up.railway.app timed out. (connect timeout=None)')",1,2026-06-30T14:19:28Z,2026-06-30T14:19:28Z
POST,/auth/login [setup],"ConnectTimeoutError(<HTTPSConnection(host='tneapredictor-production.up.railway.app', port=443) at 0x1fb91251090>, 'Connection to tneapredictor-production.up.railway.app timed out. (connect timeout=None)')",1,2026-06-30T14:19:27Z,2026-06-30T14:19:27Z
POST,/predict/colleges [auth],"ConnectTimeoutError(<HTTPSConnection(host='tneapredictor-production.up.railway.app', port=443) at 0x1fb86080190>, 'Connection to tneapredictor-production.up.railway.app timed out. (connect timeout=None)')",1,2026-06-30T14:19:45Z,2026-06-30T14:19:45Z
POST,/auth/login [setup],"ConnectTimeoutError(<HTTPSConnection(host='tneapredictor-production.up.railway.app', port=443) at 0x1fb96515d10>, 'Connection to tneapredictor-production.up.railway.app timed out. (connect timeout=None)')",1,2026-06-30T14:19:28Z,2026-06-30T14:19:28Z
POST,/predict/colleges [premium],"ConnectTimeoutError(<HTTPSConnection(host='tneapredictor-production.up.railway.app', port=443) at 0x1fb8f8a3d90>, 'Connection to tneapredictor-production.up.railway.app timed out. (connect timeout=None)')",1,2026-06-30T14:19:40Z,2026-06-30T14:19:40Z
POST,/predict/colleges [premium],"ConnectTimeoutError(<HTTPSConnection(host='tneapredictor-production.up.railway.app', port=443) at 0x1fb8a38f390>, 'Connection to tneapredictor-production.up.railway.app timed out. (connect timeout=None)')",1,2026-06-30T14:19:42Z,2026-06-30T14:19:42Z
POST,/auth/login [setup],"ConnectTimeoutError(<HTTPSConnection(host='tneapredictor-production.up.railway.app', port=443) at 0x1fb9bf4c910>, 'Connection to tneapredictor-production.up.railway.app timed out. (connect timeout=None)')",1,2026-06-30T14:19:28Z,2026-06-30T14:19:28Z
POST,/auth/login [setup],"ConnectTimeoutError(<HTTPSConnection(host='tneapredictor-production.up.railway.app', port=443) at 0x1fb92728b90>, 'Connection to tneapredictor-production.up.railway.app timed out. (connect timeout=None)')",1,2026-06-30T14:19:27Z,2026-06-30T14:19:27Z
POST,/auth/login [setup],"ConnectTimeoutError(<HTTPSConnection(host='tneapredictor-production.up.railway.app', port=443) at 0x1fb95428b90>, 'Connection to tneapredictor-production.up.railway.app timed out. (connect timeout=None)')",1,2026-06-30T14:19:27Z,2026-06-30T14:19:27Z
POST,/payment/create-order,"ConnectTimeoutError(<HTTPSConnection(host='tneapredictor-production.up.railway.app', port=443) at 0x1fb87d4efd0>, 'Connection to tneapredictor-production.up.railway.app timed out. (connect timeout=None)')",1,2026-06-30T14:19:41Z,2026-06-30T14:19:41Z
GET,/auth/me,"ConnectTimeoutError(<HTTPSConnection(host='tneapredictor-production.up.railway.app', port=443) at 0x1fb9502ed50>, 'Connection to tneapredictor-production.up.railway.app timed out. (connect timeout=None)')",1,2026-06-30T14:19:42Z,2026-06-30T14:19:42Z
POST,/auth/login [setup],"ConnectTimeoutError(<HTTPSConnection(host='tneapredictor-production.up.railway.app', port=443) at 0x1fbf8123b10>, 'Connection to tneapredictor-production.up.railway.app timed out. (connect timeout=None)')",1,2026-06-30T14:19:05Z,2026-06-30T14:19:05Z
POST,/auth/login [setup],"ConnectTimeoutError(<HTTPSConnection(host='tneapredictor-production.up.railway.app', port=443) at 0x1fb926b0cd0>, 'Connection to tneapredictor-production.up.railway.app timed out. (connect timeout=None)')",1,2026-06-30T14:19:27Z,2026-06-30T14:19:27Z
POST,/auth/login [setup],"ConnectTimeoutError(<HTTPSConnection(host='tneapredictor-production.up.railway.app', port=443) at 0x1fbf4342990>, 'Connection to tneapredictor-production.up.railway.app timed out. (connect timeout=None)')",1,2026-06-30T14:19:05Z,2026-06-30T14:19:05Z
POST,/predict/colleges [premium],"ConnectTimeoutError(<HTTPSConnection(host='tneapredictor-production.up.railway.app', port=443) at 0x1fbfa7cfc50>, 'Connection to tneapredictor-production.up.railway.app timed out. (connect timeout=None)')",1,2026-06-30T14:19:40Z,2026-06-30T14:19:40Z
POST,/payment/create-order,"ConnectTimeoutError(<HTTPSConnection(host='tneapredictor-production.up.railway.app', port=443) at 0x1fb8c83f110>, 'Connection to tneapredictor-production.up.railway.app timed out. (connect timeout=None)')",1,2026-06-30T14:19:41Z,2026-06-30T14:19:41Z
POST,/predict/colleges [auth],"ConnectTimeoutError(<HTTPSConnection(host='tneapredictor-production.up.railway.app', port=443) at 0x1fb86083610>, 'Connection to tneapredictor-production.up.railway.app timed out. (connect timeout=None)')",1,2026-06-30T14:19:45Z,2026-06-30T14:19:45Z
POST,/auth/login [setup],"ConnectTimeoutError(<HTTPSConnection(host='tneapredictor-production.up.railway.app', port=443) at 0x1fb8f923110>, 'Connection to tneapredictor-production.up.railway.app timed out. (connect timeout=None)')",1,2026-06-30T14:19:21Z,2026-06-30T14:19:21Z
POST,/auth/login [setup],"ConnectTimeoutError(<HTTPSConnection(host='tneapredictor-production.up.railway.app', port=443) at 0x1fb99a10f50>, 'Connection to tneapredictor-production.up.railway.app timed out. (connect timeout=None)')",1,2026-06-30T14:19:28Z,2026-06-30T14:19:28Z
POST,/auth/login [setup],"ConnectTimeoutError(<HTTPSConnection(host='tneapredictor-production.up.railway.app', port=443) at 0x1fb8a2939d0>, 'Connection to tneapredictor-production.up.railway.app timed out. (connect timeout=None)')",1,2026-06-30T14:19:20Z,2026-06-30T14:19:20Z
POST,/auth/login [setup],"ConnectTimeoutError(<HTTPSConnection(host='tneapredictor-production.up.railway.app', port=443) at 0x1fb88df1d10>, 'Connection to tneapredictor-production.up.railway.app timed out. (connect timeout=None)')",1,2026-06-30T14:19:20Z,2026-06-30T14:19:20Z
POST,/auth/login [setup],"ConnectTimeoutError(<HTTPSConnection(host='tneapredictor-production.up.railway.app', port=443) at 0x1fb93b18410>, 'Connection to tneapredictor-production.up.railway.app timed out. (connect timeout=None)')",1,2026-06-30T14:19:27Z,2026-06-30T14:19:27Z
POST,/auth/login [setup],"ConnectTimeoutError(<HTTPSConnection(host='tneapredictor-production.up.railway.app', port=443) at 0x1fb964982d0>, 'Connection to tneapredictor-production.up.railway.app timed out. (connect timeout=None)')",1,2026-06-30T14:19:28Z,2026-06-30T14:19:28Z
