Timestamp,User Count,Type,Name,Requests/s,Failures/s,50%,66%,75%,80%,90%,95%,98%,99%,99.9%,99.99%,100%,Total Request Count,Total Failure Count,Total Median Response Time,Total Average Response Time,Total Min Response Time,Total Max Response Time,Total Average Content Size
1782825245,0,,Aggregated,0.000000,0.000000,N/A,N/A,N/A,N/A,N/A,N/A,N/A,N/A,N/A,N/A,N/A,0,0,0,0.0,0,0,0
1782825246,20,,Aggregated,0.000000,0.000000,840,840,840,840,840,840,840,840,840,840,840,1,0,844.0709999995306,844.0709999995306,844.0709999995306,844.0709999995306,28.0
1782825247,40,,Aggregated,0.000000,0.000000,1400,1400,1400,1400,1600,1600,2000,2000,2000,2000,2000,22,0,1300,1206.3211227272075,560.5883000025642,2013.9515999981086,387.77272727272725
1782825248,60,,Aggregated,0.000000,0.000000,1300,1400,1400,1500,1700,2000,2500,2500,2500,2500,2500,67,0,1300,1189.544520895516,412.2776999975031,2509.327600000688,455.2985074626866
1782825249,80,,Aggregated,8.000000,0.000000,1100,1300,1400,1400,1700,1800,2100,2500,2500,2500,2500,113,0,1100,1098.5346424779175,357.00700000234065,2509.327600000688,445.3805309734513
1782825250,120,,Aggregated,14.666667,0.000000,1100,1300,1400,1400,1600,1700,2100,2500,2500,2500,2500,147,0,1100,1091.458134693943,357.00700000234065,2509.327600000688,439.63945578231295
1782825251,140,,Aggregated,23.250000,0.000000,1100,1200,1300,1400,1600,1700,2000,2500,2500,2500,2500,192,0,1100,1039.8177312500252,357.00700000234065,2509.327600000688,460.7552083333333
1782825252,160,,Aggregated,25.400000,0.000000,1100,1200,1300,1400,1600,1700,1800,2100,2500,2500,2500,255,0,1100,1024.2378494118063,344.01599999910104,2509.327600000688,838.9921568627451
1782825253,180,,Aggregated,28.500000,0.000000,1100,1200,1300,1400,1600,1700,1900,2400,2500,2500,2500,294,0,1100,1008.9329948980212,344.01599999910104,2509.327600000688,803.9387755102041
1782825255,200,,Aggregated,33.000000,0.000000,950,1200,1300,1300,1500,1700,1900,2100,2500,2500,2500,373,0,950,983.3325209115505,344.01599999910104,2509.327600000688,1057.6970509383377
1782825256,220,,Aggregated,33.111111,0.000000,910,1200,1300,1400,1500,1700,1900,2000,2500,2500,2500,444,0,910,968.5234655405626,344.01599999910104,2509.327600000688,994.490990990991
1782825257,240,,Aggregated,35.400000,0.000000,890,1200,1300,1400,1500,1600,1800,2000,2500,2500,2500,505,0,890,970.3432011881399,344.01599999910104,2509.327600000688,944.7128712871287
1782825258,260,,Aggregated,41.200000,0.000000,860,1200,1300,1400,1500,1600,1800,2100,2500,2500,2500,565,0,860,963.5687035398412,344.01599999910104,2509.327600000688,1072.1274336283186
1782825259,280,,Aggregated,44.700000,0.000000,810,1200,1300,1300,1500,1600,1900,2200,2500,2500,2500,648,0,810,945.83935586419,344.01599999910104,2509.327600000688,1331.2885802469136
1782825261,300,,Aggregated,48.600000,0.000000,790,1100,1300,1400,1500,1600,1800,2100,2500,2500,2500,734,0,790,942.0509242506897,344.01599999910104,2509.327600000688,1526.9945504087193
1782825262,320,,Aggregated,52.100000,0.000000,790,1100,1300,1400,1500,1700,1800,2100,2500,2500,2500,797,0,790,943.0979235884729,344.01599999910104,2509.327600000688,1471.1844416562108
1782825264,340,,Aggregated,55.900000,0.000000,800,1100,1300,1400,1600,1700,2000,2300,3100,3100,3100,899,0,800,967.3701426028882,344.01599999910104,3064.1743000014685,1604.7007786429365
1782825265,360,,Aggregated,54.900000,0.000000,770,1100,1300,1400,1600,1800,2000,2300,3000,3100,3100,1002,0,770,959.2182645708614,344.01599999910104,3064.1743000014685,1604.819361277445
1782825266,380,,Aggregated,56.700000,0.000000,770,1100,1300,1400,1600,1800,2000,2300,3000,3100,3100,1099,0,770,953.3820427661415,344.01599999910104,3064.1743000014685,1804.1410373066424
1782825267,400,,Aggregated,60.700000,0.000000,760,1100,1300,1400,1600,1800,2000,2300,3000,3100,3100,1186,1,760,948.8963390387659,344.01599999910104,3064.1743000014685,1799.52107925801
1782825269,420,,Aggregated,66.700000,0.000000,790,1100,1300,1400,1600,1800,2000,2200,3000,3100,3100,1264,2,790,966.9483034809828,344.01599999910104,3064.1743000014685,1721.4477848101267
1782825272,440,,Aggregated,65.500000,0.100000,840,1200,1400,1500,1800,2000,2400,3000,3800,3800,3800,1370,8,840,1051.7122720437565,344.01599999910104,3760.5683999972825,1717.914598540146
1782825274,460,,Aggregated,60.500000,0.800000,930,1300,1500,1600,2000,2400,2500,3100,3800,3800,3800,1474,8,930,1145.7196159429684,344.01599999910104,3760.5683999972825,1721.4586160108547
1782825276,480,,Aggregated,57.700000,0.800000,1100,1400,1700,1900,2500,3000,3300,3700,5600,5600,5600,1614,14,1100,1305.4372840767933,344.01599999910104,5561.640899999475,1632.3376703841388
1782825278,500,,Aggregated,52.500000,0.900000,1200,1600,1900,2300,2600,3100,3700,5500,8100,8100,8100,1714,18,1100,1408.530515577585,344.01599999910104,8071.830299999419,1630.7532088681446
1782825281,500,,Aggregated,48.300000,1.500000,1200,1600,2100,2300,2600,3100,3800,6700,8100,8100,8100,1811,23,1200,1484.273899116497,344.01599999910104,8071.830299999419,1587.821645499724
1782825282,500,,Aggregated,51.100000,2.000000,1300,1800,2300,2400,2800,3100,5500,7200,8900,8900,8900,1920,36,1300,1581.8732848437276,344.01599999910104,8872.711399999389,1585.3479166666666
1782825284,500,,Aggregated,50.800000,2.400000,1400,1800,2300,2400,2800,3100,5600,8100,8900,9300,9300,2119,60,1400,1639.306503916937,344.01599999910104,9334.566900000937,1729.4827748938178
1782825285,500,,Aggregated,55.000000,2.800000,1300,1800,2300,2400,2800,3400,8000,8600,9500,9900,9900,2279,80,1300,1678.567373102231,344.01599999910104,9884.989999998652,1730.9113646336111
1782825286,500,,Aggregated,61.600000,3.900000,1300,1700,2300,2400,2800,3600,8000,8600,9500,9900,9900,2409,93,1300,1668.6808004151048,322.6187000000209,9884.989999998652,1667.4860938148609
1782825287,500,,Aggregated,74.200000,6.800000,1300,1700,2300,2400,2800,3600,8000,8600,9500,9900,9900,2456,98,1300,1646.4619468648139,303.6233999991964,9884.989999998652,1729.6009771986971
1782825288,500,,Aggregated,78.300000,7.600000,1200,1700,2200,2400,2800,3400,8000,8600,9500,9900,9900,2542,105,1200,1617.394100393387,303.6233999991964,9884.989999998652,1694.2993705743509
1782825289,500,,Aggregated,82.400000,8.300000,1200,1600,2100,2400,2800,3400,7600,8600,9500,9900,9900,2652,128,1200,1569.1024908747972,303.6233999991964,9884.989999998652,1722.8306938159878
1782825290,500,,Aggregated,82.000000,8.500000,1100,1600,2000,2400,2800,3200,7500,8500,9500,9900,9900,2754,144,1100,1526.1757100580835,285.9472999989521,9884.989999998652,1715.2498184458968
1782825291,500,,Aggregated,86.200000,9.200000,1100,1600,1900,2300,2700,3200,7300,8500,9500,9900,9900,2847,163,1100,1488.5591824727665,274.15230000042357,9884.989999998652,1674.8598524762908
1782825292,500,,Aggregated,91.100000,10.800000,970,1500,1900,2300,2700,3100,7200,8500,9500,9900,9900,2947,179,970,1451.4434695961966,274.15230000042357,9884.989999998652,1636.2059721750934
1782825293,500,,Aggregated,96.800000,12.600000,920,1500,1800,2300,2700,3100,7100,8500,9500,9900,9900,3057,195,920,1414.0364944716985,274.15230000042357,9884.989999998652,1730.0467778868172
1782825294,500,,Aggregated,99.500000,13.700000,860,1400,1800,2200,2700,3100,7000,8500,9500,9900,9900,3162,213,860,1379.4086012966395,274.15230000042357,9884.989999998652,1685.7492093611638
1782825295,500,,Aggregated,104.400000,14.500000,810,1400,1700,2200,2700,3100,6900,8400,9500,9900,9900,3253,226,810,1350.7948216415484,274.15230000042357,9884.989999998652,1685.2628343067938
1782825296,500,,Aggregated,100.600000,14.800000,780,1300,1700,2100,2600,3100,6900,8400,9500,9900,9900,3352,237,780,1323.5120328460462,274.15230000042357,9884.989999998652,1713.6476730310262
1782825298,500,,Aggregated,92.200000,14.100000,750,1300,1700,2000,2600,3100,6900,8400,9500,9900,9900,3447,263,750,1298.197512880757,274.15230000042357,9884.989999998652,1708.0977661734842
1782825299,500,,Aggregated,91.400000,14.000000,730,1300,1700,2000,2600,3100,6800,8400,9500,9900,9900,3539,282,730,1274.948499152291,274.15230000042357,9884.989999998652,1674.4950551003108
1782825300,500,,Aggregated,95.200000,15.900000,700,1300,1600,1900,2600,3000,6800,8400,9500,9900,9900,3645,309,700,1251.497124032912,274.15230000042357,9884.989999998652,1692.58792866941
1782825301,500,,Aggregated,95.400000,17.100000,690,1200,1600,1900,2600,3000,6800,8400,9500,9900,9900,3744,335,690,1229.4565544070376,274.15230000042357,9884.989999998652,1713.4911858974358
1782825302,500,,Aggregated,93.900000,17.200000,670,1200,1600,1800,2500,3000,6800,8300,9500,9900,9900,3838,358,670,1210.4409519541277,274.15230000042357,9884.989999998652,1681.6930693069307
1782825303,500,,Aggregated,93.300000,17.700000,660,1200,1600,1800,2500,2900,6800,8300,9500,9900,9900,3937,393,660,1192.7057688087207,274.15230000042357,9884.989999998652,1647.8376936753873
1782825304,500,,Aggregated,93.000000,18.000000,640,1100,1500,1700,2500,2900,6700,8300,9500,9900,9900,4039,430,640,1174.7421822975807,274.15230000042357,9884.989999998652,1615.0173310225302
1782825305,500,,Aggregated,94.300000,19.900000,620,1100,1500,1700,2500,2900,6700,8300,9500,9900,9900,4154,468,620,1152.2080069089818,274.15230000042357,9884.989999998652,1581.2424169475205
1782825306,500,,Aggregated,93.000000,22.300000,600,1000,1400,1700,2500,2900,6700,8300,9500,9900,9900,4249,507,600,1134.2217613085156,274.15230000042357,9884.989999998652,1554.2833607907744
1782825307,500,,Aggregated,92.400000,23.500000,600,980,1400,1700,2500,2900,6600,8100,9500,9900,9900,4333,535,600,1120.4051792060652,274.15230000042357,9884.989999998652,1554.7512116316639
1782825308,500,,Aggregated,94.100000,26.400000,580,940,1400,1600,2500,2900,5600,8100,9500,9900,9900,4452,572,580,1100.8469896900006,274.15230000042357,9884.989999998652,1545.2796495956873
1782825309,500,,Aggregated,93.000000,28.200000,570,910,1300,1600,2400,2800,5600,8100,9500,9900,9900,4556,605,570,1083.5192358647664,274.15230000042357,9884.989999998652,1518.232440737489
1782825310,500,,Aggregated,92.100000,28.800000,550,860,1300,1600,2400,2800,5500,8000,9500,9900,9900,4674,643,550,1065.5001201540183,274.15230000042357,9884.989999998652,1530.6621737270004
1782825311,500,,Aggregated,94.900000,29.700000,540,830,1300,1600,2400,2800,5500,8000,9500,9900,9900,4772,680,540,1050.7612191324142,274.15230000042357,9884.989999998652,1528.39794635373
1782825312,500,,Aggregated,95.000000,30.700000,530,800,1300,1600,2400,2800,5500,8000,9500,9900,9900,4854,700,530,1039.1888066954848,274.15230000042357,9884.989999998652,1550.3040791100123
1782825313,500,,Aggregated,97.100000,32.000000,520,780,1300,1500,2400,2800,5500,8000,9500,9900,9900,4959,733,520,1026.0727517442829,274.15230000042357,9884.989999998652,1564.7328090340795
1782825315,500,,Aggregated,94.700000,32.000000,520,750,1200,1500,2400,2800,3800,8000,9500,9900,9900,5066,773,520,1014.7684340110393,274.15230000042357,9884.989999998652,1598.5550730359257
1782825317,500,,Aggregated,95.400000,31.100000,520,780,1200,1500,2400,2800,3800,8000,9500,9900,9900,5146,804,520,1013.4115929265323,274.15230000042357,9884.989999998652,1578.2982899339293
1782825318,500,,Aggregated,88.300000,28.700000,540,850,1200,1400,2400,2800,3800,7600,9500,9900,9900,5294,848,540,1012.3883992821926,274.15230000042357,9884.989999998652,1560.8962976955042
1782825320,500,,Aggregated,84.500000,27.000000,560,860,1100,1400,2400,2800,3700,7500,9500,9900,9900,5455,897,560,1006.8549288359154,274.15230000042357,9884.989999998652,1597.9112740604949
1782825321,500,,Aggregated,81.500000,27.000000,570,830,1100,1400,2300,2700,3700,7500,9500,9900,9900,5584,939,570,999.654506160442,274.15230000042357,9884.989999998652,1585.408130372493
1782825322,500,,Aggregated,83.400000,28.000000,560,810,1100,1300,2300,2700,3700,7300,9500,9900,9900,5691,976,560,988.314408082918,274.15230000042357,9884.989999998652,1596.0479704797049
1782825323,500,,Aggregated,82.700000,27.400000,550,800,1100,1300,2300,2700,3700,7200,9500,9900,9900,5778,1008,550,978.3790378331391,274.15230000042357,9884.989999998652,1593.852890273451
1782825324,500,,Aggregated,81.900000,26.700000,540,780,1100,1300,2300,2700,3700,7200,9500,9900,9900,5871,1037,540,968.4100970021967,274.15230000042357,9884.989999998652,1608.713336739908
1782825325,500,,Aggregated,85.200000,27.900000,530,770,1100,1300,2300,2700,3600,7200,9500,9900,9900,5958,1062,530,959.0677578213944,274.15230000042357,9884.989999998652,1607.6065793890568
1782825326,500,,Aggregated,84.100000,28.000000,520,760,1000,1300,2300,2700,3600,7200,9500,9900,9900,6067,1105,520,947.9961577220739,274.15230000042357,9884.989999998652,1601.0215922202076
1782825327,500,,Aggregated,85.300000,28.600000,510,740,1000,1300,2300,2700,3500,7100,9500,9900,9900,6180,1140,510,937.1024037054727,274.15230000042357,9884.989999998652,1576.857928802589
1782825328,500,,Aggregated,89.600000,29.300000,510,730,980,1300,2200,2700,3500,7000,9500,9900,9900,6270,1180,510,928.3471237320268,274.15230000042357,9884.989999998652,1573.2205741626794
1782825329,500,,Aggregated,95.300000,31.200000,500,730,970,1200,2200,2700,3400,7000,9500,9900,9900,6368,1229,500,919.341751633137,274.15230000042357,9884.989999998652,1567.777324120603
1782825330,500,,Aggregated,97.700000,32.600000,490,720,960,1200,2200,2700,3400,6900,9500,9900,9900,6453,1261,490,911.5075413450821,274.15230000042357,9884.989999998652,1581.2231520223152
1782825332,500,,Aggregated,96.200000,34.100000,490,710,950,1200,2200,2700,3400,6900,9500,9900,9900,6555,1303,490,902.6421024713694,274.15230000042357,9884.989999998652,1559.626697177727
1782825333,500,,Aggregated,94.400000,34.100000,480,700,940,1200,2100,2600,3400,6900,9500,9900,9900,6668,1343,480,893.3066847480263,274.15230000042357,9884.989999998652,1567.4467606478704
1782825334,500,,Aggregated,95.200000,35.300000,480,690,930,1200,2100,2600,3300,6900,9500,9900,9900,6765,1382,480,885.3830604434382,274.15230000042357,9884.989999998652,1577.70007390983
1782825335,500,,Aggregated,95.500000,36.200000,470,680,920,1100,2000,2600,3200,6900,9500,9900,9900,6868,1415,470,877.1019666715009,274.15230000042357,9884.989999998652,1558.243156668608
1782825336,500,,Aggregated,94.600000,35.800000,470,680,910,1100,2000,2600,3200,6800,9500,9900,9900,6960,1443,470,869.815337112051,274.15230000042357,9884.989999998652,1541.3846264367817
1782825337,500,,Aggregated,95.800000,36.300000,460,670,910,1100,2000,2600,3200,6800,9300,9900,9900,7056,1482,460,862.456920663252,274.15230000042357,9884.989999998652,1553.6469671201814
1782825338,500,,Aggregated,96.900000,36.900000,450,660,900,1100,1900,2600,3200,6800,9300,9900,9900,7140,1512,450,856.0839348599295,274.15230000042357,9884.989999998652,1537.8131652661064
1782825339,500,,Aggregated,96.200000,36.900000,450,650,890,1100,1900,2600,3200,6800,9300,9900,9900,7239,1552,450,848.7176872634226,274.15230000042357,9884.989999998652,1547.7606022931343
1782825340,500,,Aggregated,94.300000,36.400000,440,640,880,1100,1900,2600,3100,6800,9300,9900,9900,7355,1599,440,841.149905900734,274.15230000042357,9884.989999998652,1554.4712440516655
1782825341,500,,Aggregated,94.300000,36.100000,440,630,860,1100,1900,2600,3100,6800,9300,9900,9900,7450,1630,440,834.7097135167636,274.15230000042357,9884.989999998652,1578.8544966442953
1782825342,500,,Aggregated,95.200000,35.500000,430,630,840,1000,1800,2500,3100,6800,9300,9900,9900,7546,1665,430,828.4394374237893,274.15230000042357,9884.989999998652,1574.8062549695203
1782825343,500,,Aggregated,97.600000,36.500000,430,620,830,1000,1800,2500,3100,6800,9300,9900,9900,7635,1702,430,822.8756228290624,274.15230000042357,9884.989999998652,1558.6472822527833
1782825344,500,,Aggregated,97.200000,35.400000,430,610,810,1000,1800,2500,3100,6800,9300,9900,9900,7723,1736,430,818.532707548868,274.15230000042357,9884.989999998652,1596.2080797617507
1782825345,500,,Aggregated,95.400000,35.200000,430,600,800,980,1800,2500,3100,6800,9300,9900,9900,7841,1768,430,813.3385066190416,274.15230000042357,9884.989999998652,1602.5746715980104
1782825346,500,,Aggregated,94.500000,35.600000,440,610,790,970,1800,2500,3100,6700,9300,9900,9900,7956,1803,440,810.3138922448328,274.15230000042357,9884.989999998652,1609.6860231271996
1782825347,500,,Aggregated,93.100000,34.600000,440,600,780,960,1800,2500,3100,6700,8900,9900,9900,8077,1852,440,805.1461494118968,274.15230000042357,9884.989999998652,1589.4504147579546
1782825348,500,,Aggregated,92.400000,33.700000,440,600,770,950,1700,2500,3100,6700,8900,9900,9900,8171,1883,440,800.3340792436525,274.15230000042357,9884.989999998652,1587.281116142455
1782825350,500,,Aggregated,94.800000,34.400000,430,590,760,950,1700,2500,3100,6700,8900,9900,9900,8259,1919,430,795.376353166229,274.15230000042357,9884.989999998652,1597.8714130039957
1782825351,500,,Aggregated,94.600000,33.600000,430,580,750,940,1700,2500,3100,6700,8900,9900,9900,8349,1953,430,790.5103138938671,274.15230000042357,9884.989999998652,1595.4065157503892
1782825352,500,,Aggregated,93.500000,33.300000,420,580,740,930,1700,2500,3100,6700,8900,9900,9900,8460,1987,420,785.254185260032,274.15230000042357,9884.989999998652,1589.8946808510639
1782825353,500,,Aggregated,91.100000,32.500000,420,570,740,930,1700,2500,3100,6700,8900,9900,9900,8553,2024,420,780.8834288553559,274.15230000042357,9884.989999998652,1574.4281538641412
1782825354,500,,Aggregated,91.800000,32.600000,420,570,730,920,1700,2500,3100,6600,8900,9900,9900,8625,2060,420,778.6118545159288,274.15230000042357,9884.989999998652,1586.0521739130436
1782825356,500,,Aggregated,91.100000,32.200000,430,590,760,930,1700,2500,3100,6600,8900,9900,9900,8735,2094,430,781.9436824727959,274.15230000042357,9884.989999998652,1592.8275901545508
1782825358,500,,Aggregated,82.100000,30.500000,430,600,790,970,1700,2500,3100,6600,8900,9900,9900,8863,2144,430,791.0255813832651,274.15230000042357,9884.989999998652,1586.200270788672
1782825361,500,,Aggregated,75.700000,27.900000,440,620,840,1100,1700,2500,3100,5600,8900,9900,9900,8991,2199,440,811.883672216648,274.15230000042357,9884.989999998652,1577.932932932933
1782825363,500,,Aggregated,66.400000,25.300000,440,630,890,1100,1900,2600,3200,5600,8900,9900,9900,9119,2247,440,837.4986575062919,274.15230000042357,9884.989999998652,1571.0062506853822
1782825364,500,,Aggregated,60.700000,24.100000,450,650,920,1200,2200,2600,3200,5600,8900,9900,9900,9247,2288,450,857.3646026062347,274.15230000042357,9884.989999998652,1564.15680761328
1782825366,500,,Aggregated,57.600000,21.400000,450,680,950,1300,2200,2600,3200,5500,8900,9900,9900,9421,2358,450,872.1597237660385,274.15230000042357,9884.989999998652,1572.4236280649613
1782825367,500,,Aggregated,59.700000,22.000000,450,670,940,1300,2200,2600,3100,5500,8900,9900,9900,9552,2413,450,865.4652952365819,274.15230000042357,9884.989999998652,1575.5299413735343
1782825368,500,,Aggregated,68.100000,25.300000,450,660,930,1300,2100,2600,3100,5500,8900,9900,9900,9629,2449,450,861.2314256205061,274.15230000042357,9884.989999998652,1564.8735071139267
1782825369,500,,Aggregated,78.900000,31.200000,440,660,930,1300,2100,2600,3100,5500,8900,9900,9900,9709,2480,440,856.8968915851123,274.15230000042357,9884.989999998652,1574.9855803893295
1782825370,500,,Aggregated,76.600000,30.600000,440,650,920,1200,2100,2600,3100,5500,8900,9900,9900,9805,2528,440,852.104118725128,274.15230000042357,9884.989999998652,1561.1510453850076
1782825371,500,,Aggregated,79.600000,31.600000,440,640,910,1200,2100,2600,3100,5500,8900,9900,9900,9895,2564,440,848.2523018190894,274.15230000042357,9884.989999998652,1558.8298130368873
1782825372,500,,Aggregated,84.500000,33.700000,440,630,900,1200,2100,2600,3100,3800,8900,9500,9900,10002,2612,440,843.0371212257455,274.15230000042357,9884.989999998652,1584.9236152769447
1782825373,500,,Aggregated,86.300000,34.500000,430,630,900,1200,2100,2500,3100,3800,8900,9500,9900,10104,2649,430,837.8648037608777,274.15230000042357,9884.989999998652,1581.3750989707046
1782825374,500,,Aggregated,91.300000,37.100000,430,620,880,1200,2000,2500,3100,3800,8900,9500,9900,10205,2693,430,832.7656283880364,274.15230000042357,9884.989999998652,1567.3657030867223
1782825375,500,,Aggregated,94.500000,39.400000,430,610,880,1100,2000,2500,3100,3800,8900,9500,9900,10288,2730,430,828.6271925933033,273.1942999998864,9884.989999998652,1556.1177099533436
1782825376,500,,Aggregated,98.900000,41.300000,420,610,860,1100,2000,2500,3100,3800,8900,9500,9900,10407,2790,420,822.7936317958928,273.1942999998864,9884.989999998652,1579.4725665417507
1782825377,500,,Aggregated,100.000000,42.400000,420,600,850,1100,2000,2500,3100,3800,8900,9500,9900,10491,2826,420,818.684618968629,273.1942999998864,9884.989999998652,1568.4445715375084
1782825378,500,,Aggregated,98.700000,42.900000,420,600,830,1100,2000,2500,3100,3800,8900,9500,9900,10585,2867,420,814.2047536324916,273.1942999998864,9884.989999998652,1584.6965517241379
1782825379,500,,Aggregated,92.700000,40.500000,420,590,820,1100,1900,2500,3100,3700,8900,9500,9900,10691,2916,420,809.2668068001072,273.1942999998864,9884.989999998652,1580.077635394257
1782825380,500,,Aggregated,94.100000,40.700000,410,580,800,1100,1900,2500,3100,3700,8900,9500,9900,10791,2957,410,804.7196362153586,273.1942999998864,9884.989999998652,1567.0191826522102
1782825381,500,,Aggregated,96.100000,42.300000,410,580,800,1100,1900,2500,3100,3700,8900,9500,9900,10891,3009,410,800.2099139931986,273.1942999998864,9884.989999998652,1563.2247727481406
1782825382,500,,Aggregated,97.600000,42.800000,410,570,790,1100,1900,2500,3100,3700,8900,9500,9900,10983,3054,410,796.2005608303672,273.1942999998864,9884.989999998652,1560.6000182099608
1782825383,500,,Aggregated,98.800000,44.000000,410,560,780,1000,1900,2500,3100,3700,8800,9500,9900,11079,3096,410,792.1846483437055,273.1942999998864,9884.989999998652,1548.9926888708367
1782825384,500,,Aggregated,97.800000,43.900000,410,560,780,1000,1900,2500,3100,3700,8800,9500,9900,11166,3138,410,788.436417607013,273.1942999998864,9884.989999998652,1565.97877485223
1782825385,500,,Aggregated,97.300000,43.600000,400,550,770,990,1900,2500,3100,3700,8800,9500,9900,11256,3182,400,784.6903072494586,273.1942999998864,9884.989999998652,1590.876776830135
1782825386,500,,Aggregated,96.200000,44.200000,400,550,760,980,1900,2500,3100,3700,8800,9500,9900,11364,3235,400,781.0905074621533,273.1942999998864,9884.989999998652,1595.0784054910243
1782825387,500,,Aggregated,95.300000,44.600000,400,540,760,970,1900,2500,3100,3700,8800,9500,9900,11470,3286,400,777.4075734176009,273.1942999998864,9884.989999998652,1590.5761987794247
1782825388,500,,Aggregated,94.600000,44.600000,400,540,750,960,1800,2500,3000,3700,8800,9500,9900,11566,3329,400,773.6162598305276,273.1942999998864,9884.989999998652,1587.8520664015216
1782825389,500,,Aggregated,96.000000,44.900000,400,530,740,950,1800,2500,3000,3700,8800,9500,9900,11666,3369,400,769.6827274815575,273.1942999998864,9884.989999998652,1593.0697754157381
1782825390,500,,Aggregated,96.400000,45.700000,400,530,730,950,1800,2500,3000,3700,8800,9500,9900,11770,3413,400,765.654845004236,273.1942999998864,9884.989999998652,1589.3138487680544
1782825391,500,,Aggregated,97.000000,45.000000,400,520,730,940,1800,2500,3000,3600,8800,9500,9900,11865,3458,400,762.0836323303704,273.1942999998864,9884.989999998652,1586.2634639696587
1782825392,500,,Aggregated,96.900000,44.700000,390,520,720,940,1800,2400,3000,3600,8800,9500,9900,11964,3496,390,758.4005353059059,273.1942999998864,9884.989999998652,1575.1787863590773
1782825393,500,,Aggregated,96.300000,44.300000,390,520,720,930,1800,2400,3000,3600,8800,9500,9900,12064,3540,390,754.7724888345359,273.1942999998864,9884.989999998652,1571.7105437665782
1782825394,500,,Aggregated,96.400000,44.100000,390,510,710,930,1800,2400,3000,3600,8800,9500,9900,12159,3581,390,751.3492183320868,273.1942999998864,9884.989999998652,1577.4033226416645
1782825395,500,,Aggregated,96.400000,43.700000,390,510,710,920,1800,2400,3000,3600,8800,9500,9900,12250,3624,390,748.0728856816202,273.1942999998864,9884.989999998652,1583.3696326530612
1782825396,500,,Aggregated,97.500000,44.100000,390,510,700,910,1800,2400,3000,3500,8800,9500,9900,12332,3659,390,745.1790345848071,273.1942999998864,9884.989999998652,1573.8790950373013
1782825397,500,,Aggregated,97.600000,43.500000,390,500,700,910,1800,2400,3000,3500,8800,9500,9900,12428,3698,390,741.8723491551195,273.1942999998864,9884.989999998652,1579.2555519794014
1782825398,500,,Aggregated,98.200000,43.400000,380,500,690,900,1700,2400,3000,3500,8800,9500,9900,12531,3743,380,738.4596195435178,273.1942999998864,9884.989999998652,1575.4755406591653
1782825399,500,,Aggregated,94.600000,40.800000,380,500,690,900,1700,2400,3000,3500,8800,9500,9900,12639,3789,380,734.8693571643157,273.1942999998864,9884.989999998652,1571.2609383653771
1782825400,500,,Aggregated,96.000000,41.200000,380,500,680,890,1700,2400,3000,3400,8800,9500,9900,12739,3832,380,731.5572403249697,273.1942999998864,9884.989999998652,1568.2439751942852
1782825401,500,,Aggregated,94.600000,40.800000,380,490,680,880,1700,2400,3000,3400,8800,9500,9900,12826,3870,380,728.7264437080764,273.1942999998864,9884.989999998652,1566.5053796974894
1782825402,500,,Aggregated,94.900000,41.400000,380,490,670,870,1700,2400,3000,3400,8800,9500,9900,12923,3917,380,725.6419036214327,273.1942999998864,9884.989999998652,1571.5384972529598
1782825403,500,,Aggregated,95.100000,41.100000,380,490,670,860,1700,2400,3000,3400,8800,9500,9900,13012,3952,380,722.8380603058545,273.1942999998864,9884.989999998652,1569.7649861666155
1782825404,500,,Aggregated,94.600000,40.700000,380,490,660,850,1700,2400,2900,3400,8800,9500,9900,13103,3994,380,720.0313380904961,273.1942999998864,9884.989999998652,1567.6365717774556
1782825405,500,,Aggregated,94.300000,41.100000,380,480,660,840,1700,2400,2900,3400,8800,9500,9900,13199,4035,380,717.0928601257509,273.1942999998864,9884.989999998652,1565.0368209712858
1782825406,500,,Aggregated,93.300000,40.400000,370,480,650,820,1700,2400,2900,3400,8800,9500,9900,13303,4079,370,714.0659063293843,273.1942999998864,9884.989999998652,1577.0136811245584
1782825407,500,,Aggregated,93.900000,40.600000,370,480,650,820,1700,2400,2900,3400,8800,9500,9900,13347,4098,370,712.7915586124077,273.1942999998864,9884.989999998652,1572.309657600959
1782825408,500,,Aggregated,94.300000,40.300000,370,480,650,830,1700,2400,2900,3400,8800,9500,9900,13372,4110,370,713.6347075007333,273.1942999998864,9884.989999998652,1569.679329943165
1782825409,500,,Aggregated,96.500000,41.900000,380,490,670,890,1700,2400,2900,3400,8800,9500,9900,13502,4163,380,720.4746259146661,273.1942999998864,9884.989999998652,1579.0479188268405
1782825410,500,,Aggregated,89.000000,38.700000,380,490,680,900,1700,2400,2900,3400,8800,9500,9900,13520,4166,380,721.337703158271,273.1942999998864,9884.989999998652,1584.8071005917159
1782825411,500,,Aggregated,89.000000,38.700000,380,490,680,900,1700,2400,2900,3400,8800,9500,9900,13520,4166,380,721.337703158271,273.1942999998864,9884.989999998652,1584.8071005917159
1782825412,500,,Aggregated,84.800000,36.800000,380,490,690,910,1700,2400,3100,3400,8800,9500,9900,13588,4201,380,734.3278416028716,273.1942999998864,9884.989999998652,1599.992051810421
1782825413,500,,Aggregated,76.400000,32.800000,380,500,710,940,1800,2600,3200,3400,8800,9500,9900,13727,4258,380,758.8844498433606,273.1942999998864,9884.989999998652,1600.5999125810447
1782825414,500,,Aggregated,67.000000,28.600000,380,510,730,960,1900,2600,3200,3400,8800,9500,9900,13884,4334,380,767.6944578723567,273.1942999998864,9884.989999998652,1584.1351915874388
1782825415,500,,Aggregated,64.400000,27.600000,380,510,730,970,1900,2600,3200,3500,8800,9500,9900,13973,4371,380,771.8223681814786,273.1942999998864,9884.989999998652,1575.358691762685
1782825417,500,,Aggregated,69.000000,29.500000,380,510,730,980,1900,2700,3300,4300,8800,9500,9900,14070,4415,380,781.302026204677,273.1942999998864,9884.989999998652,1572.8576403695806
1782825418,500,,Aggregated,74.100000,32.500000,380,510,730,970,1900,2700,3300,4300,8800,9500,9900,14141,4443,380,778.9080412841953,273.1942999998864,9884.989999998652,1572.9210098295737
1782825419,500,,Aggregated,74.800000,32.800000,380,500,720,960,1900,2700,3300,4300,8800,9500,9900,14230,4484,380,776.0265523822754,273.1942999998864,9884.989999998652,1578.582923401265
1782825420,500,,Aggregated,78.500000,34.300000,380,500,720,960,1900,2700,3300,4200,8800,9500,9900,14329,4523,380,773.0142196803523,273.1942999998864,9884.989999998652,1582.9226045083396
1782825422,500,,Aggregated,81.200000,35.400000,380,500,720,960,1900,2700,3300,4200,8800,9500,9900,14385,4548,380,773.8160608202832,273.1942999998864,9884.989999998652,1584.4397636426834
1782825424,500,,Aggregated,86.500000,38.200000,380,510,750,1000,1900,2700,3200,4200,8800,9500,9900,14513,4600,380,782.7159342038028,273.1942999998864,9884.989999998652,1579.0248742506717
1782825426,500,,Aggregated,76.200000,33.700000,380,520,770,1100,2000,2700,3200,4200,8800,9500,9900,14641,4655,380,794.1066553104158,273.1942999998864,9884.989999998652,1573.9796461990302
1782825427,500,,Aggregated,66.400000,27.500000,380,530,820,1200,2000,2600,3200,4100,8800,9500,9900,14825,4718,380,805.7748171466975,273.1942999998864,9884.989999998652,1578.2095784148398
1782825428,500,,Aggregated,66.300000,28.200000,390,540,830,1200,2000,2600,3200,4100,8800,9500,9900,14962,4767,390,805.1230506215602,273.1942999998864,9884.989999998652,1579.680189814196
1782825429,500,,Aggregated,66.700000,27.600000,380,530,820,1200,2000,2600,3200,4100,8800,9500,9900,15027,4794,380,803.0864532441451,273.1942999998864,9884.989999998652,1587.3531643042525
1782825430,500,,Aggregated,74.000000,28.800000,380,530,810,1200,2000,2600,3200,4000,8800,9500,9900,15106,4833,380,800.6317953660645,273.1942999998864,9884.989999998652,1586.462531444459
1782825431,500,,Aggregated,76.500000,29.400000,380,530,800,1200,2000,2600,3200,4000,8800,9500,9900,15197,4878,380,797.8270424623116,273.1942999998864,9884.989999998652,1598.1729288675397
1782825432,500,,Aggregated,72.500000,28.300000,380,520,800,1200,2000,2600,3200,3800,8800,9500,9900,15312,4924,380,794.3020279388552,273.1942999998864,9884.989999998652,1594.507183908046
1782825433,500,,Aggregated,77.400000,30.600000,380,530,790,1100,2000,2600,3200,3800,8800,9500,9900,15390,4965,380,792.5825705587886,273.1942999998864,9884.989999998652,1587.343469785575
1782825434,500,,Aggregated,84.600000,34.300000,380,520,780,1100,2000,2600,3200,3800,8800,9500,9900,15533,5025,380,788.9092913474393,273.1942999998864,9884.989999998652,1587.8654477563896
1782825436,500,,Aggregated,89.200000,36.100000,380,520,780,1100,1900,2600,3200,3800,8800,9500,9900,15624,5064,380,786.1798323348548,273.1942999998864,9884.989999998652,1592.586405529954
1782825437,500,,Aggregated,98.000000,41.200000,380,510,770,1100,1900,2600,3200,3800,8800,9500,9900,15720,5103,380,783.3327921310308,273.1942999998864,9884.989999998652,1583.8368956743002
1782825438,500,,Aggregated,98.800000,41.100000,380,510,760,1100,1900,2600,3200,3800,8800,9500,9900,15813,5146,380,780.5850741288695,273.1942999998864,9884.989999998652,1575.3556567381268
1782825439,500,,Aggregated,98.000000,41.100000,380,510,760,1100,1900,2600,3200,3800,8800,9500,9900,15915,5203,380,777.6188764875791,273.1942999998864,9884.989999998652,1572.501288092994
1782825440,500,,Aggregated,92.900000,41.400000,380,500,750,1100,1900,2600,3200,3700,8800,9500,9900,16013,5255,380,774.8482817086006,273.1942999998864,9884.989999998652,1582.792168862799
1782825441,500,,Aggregated,92.400000,42.600000,370,500,740,1100,1900,2600,3200,3700,8800,9500,9900,16110,5294,370,772.1156655617519,273.1942999998864,9884.989999998652,1580.599565487275
1782825442,500,,Aggregated,96.300000,45.000000,370,500,740,1000,1900,2600,3200,3700,8800,9500,9900,16219,5345,370,769.0910881805199,273.1942999998864,9884.989999998652,1577.6456008385228
1782825443,500,,Aggregated,97.300000,44.900000,370,500,730,1000,1900,2600,3200,3700,8800,9500,9900,16315,5389,370,766.4972989641346,273.1942999998864,9884.989999998652,1582.3432424149555
1782825444,500,,Aggregated,98.200000,45.200000,370,490,730,1000,1900,2600,3200,3700,8800,9500,9900,16397,5420,370,764.2395437823893,273.1942999998864,9884.989999998652,1581.6894553881807
1782825445,500,,Aggregated,97.300000,45.000000,370,490,720,990,1900,2600,3200,3700,8800,9500,9900,16461,5456,370,763.1437874734119,273.1942999998864,9884.989999998652,1576.018224895207
1782825446,500,,Aggregated,99.600000,45.100000,370,490,720,980,1900,2500,3200,3700,8800,9500,9900,16602,5504,370,760.2935055294453,273.1942999998864,9884.989999998652,1570.796952174437
1782825447,500,,Aggregated,92.400000,42.900000,370,490,710,970,1900,2500,3200,3700,8800,9500,9900,16701,5545,370,757.8732165558858,273.1942999998864,9884.989999998652,1568.7834860188013
1782825448,500,,Aggregated,94.900000,43.000000,370,490,710,960,1900,2500,3200,3700,8800,9500,9900,16804,5589,370,755.2754523208663,273.1942999998864,9884.989999998652,1578.4465603427755
1782825449,500,,Aggregated,96.000000,43.300000,370,490,700,950,1900,2500,3200,3700,8800,9500,9900,16899,5627,370,752.87074171252,273.1942999998864,9884.989999998652,1576.7972069353216
1782825450,500,,Aggregated,97.800000,43.900000,370,480,700,950,1900,2500,3200,3700,8800,9500,9900,16981,5659,370,750.8217722336664,273.1942999998864,9884.989999998652,1581.9320416936575
1782825451,500,,Aggregated,96.400000,41.700000,370,480,700,940,1900,2500,3200,3700,8600,9500,9900,17072,5700,370,748.5349047153161,273.1942999998864,9884.989999998652,1574.5729264292409
1782825452,500,,Aggregated,96.200000,40.200000,370,480,690,940,1800,2500,3200,3700,8600,9500,9900,17172,5737,370,746.1847987770716,273.1942999998864,9884.989999998652,1578.2218728162125
1782825453,500,,Aggregated,94.900000,40.200000,370,480,690,940,1800,2500,3200,3600,8600,9500,9900,17280,5778,370,743.5426157060107,273.1942999998864,9884.989999998652,1581.2645833333333
1782825454,500,,Aggregated,94.400000,38.800000,370,480,680,930,1800,2500,3200,3600,8600,9500,9900,17368,5819,370,741.4729611699597,273.1942999998864,9884.989999998652,1580.071683555965
1782825455,500,,Aggregated,94.700000,38.500000,360,470,680,920,1800,2500,3200,3600,8600,9500,9900,17480,5859,360,738.8719721052563,273.1942999998864,9884.989999998652,1588.3942791762013
1782825456,500,,Aggregated,96.100000,39.100000,360,470,670,920,1800,2500,3200,3600,8600,9500,9900,17583,5914,360,736.4337023488525,273.1942999998864,9884.989999998652,1597.2839674685777
1782825457,500,,Aggregated,99.400000,39.500000,360,470,670,910,1800,2500,3200,3600,8600,9500,9900,17667,5947,360,734.5502282504042,273.1942999998864,9884.989999998652,1596.3268240221882
1782825458,500,,Aggregated,97.700000,40.400000,360,470,670,910,1800,2500,3200,3600,8600,9500,9900,17769,5999,360,732.2221978783207,273.1942999998864,9884.989999998652,1599.5265349766448
1782825459,500,,Aggregated,97.100000,40.500000,360,470,660,900,1800,2500,3200,3500,8600,9500,9900,17869,6038,360,730.1395671050363,273.1942999998864,9884.989999998652,1597.452403604007
1782825460,500,,Aggregated,95.300000,40.000000,360,460,660,900,1800,2500,3200,3500,8600,9500,9900,17963,6076,360,728.144993197121,273.1942999998864,9884.989999998652,1590.1908367199244
1782825461,500,,Aggregated,95.700000,40.700000,360,460,650,890,1800,2500,3200,3500,8600,9500,9900,18076,6117,360,725.8617338902338,273.1942999998864,9884.989999998652,1598.3119052887807
1782825462,500,,Aggregated,95.700000,40.700000,360,460,650,880,1800,2500,3200,3500,8600,9500,9900,18169,6173,360,723.8777298750548,273.1942999998864,9884.989999998652,1596.3623754747098
1782825463,500,,Aggregated,97.100000,40.500000,360,460,640,880,1800,2500,3200,3500,8600,9500,9900,18272,6222,360,721.6987536011301,273.1942999998864,9884.989999998652,1588.1641856392293
1782825464,500,,Aggregated,97.500000,41.800000,360,460,640,870,1800,2500,3100,3500,8600,9500,9900,18371,6271,360,719.5979547710981,273.1942999998864,9884.989999998652,1580.3994883239889
1782825465,500,,Aggregated,97.500000,44.000000,360,450,630,860,1800,2500,3100,3500,8600,9500,9900,18468,6314,360,717.53788899176,273.1942999998864,9884.989999998652,1600.4444985921593
1782825466,500,,Aggregated,97.800000,44.800000,360,450,630,850,1800,2500,3100,3500,8600,9500,9900,18565,6357,360,715.5002299972955,273.1942999998864,9884.989999998652,1598.353676272556
1782825467,500,,Aggregated,97.500000,44.900000,360,450,630,840,1800,2500,3100,3500,8600,9500,9900,18659,6397,360,713.5060873733744,273.1942999998864,9884.989999998652,1596.5019025671259
1782825468,500,,Aggregated,97.200000,43.900000,360,450,620,840,1800,2500,3100,3500,8600,9500,9900,18761,6444,360,711.3736515164326,273.1942999998864,9884.989999998652,1593.919353978999
1782825469,500,,Aggregated,96.300000,43.700000,360,450,620,820,1800,2500,3100,3500,8600,9500,9900,18852,6488,360,709.7772997241568,273.1942999998864,9884.989999998652,1597.673509441969
1782825470,500,,Aggregated,96.400000,43.800000,360,450,610,820,1700,2500,3100,3400,8600,9500,9900,18957,6535,360,708.0582641979112,273.1942999998864,9884.989999998652,1594.9946721527667
1782825471,500,,Aggregated,96.300000,43.300000,360,440,610,810,1700,2400,3100,3400,8600,9500,9900,19068,6582,360,706.085068302906,273.1942999998864,9884.989999998652,1591.956052024334
1782825472,500,,Aggregated,97.600000,45.000000,360,440,610,800,1700,2400,3100,3400,8600,9500,9900,19147,6624,360,704.7310257847076,273.1942999998864,9884.989999998652,1591.2323079333578
1782825473,500,,Aggregated,98.100000,45.900000,360,440,600,800,1700,2400,3100,3400,8600,9500,9900,19240,6667,360,703.1536587006132,273.1942999998864,9884.989999998652,1594.806652806653
1782825474,500,,Aggregated,97.400000,45.200000,360,440,600,790,1700,2400,3100,3400,8600,9500,9900,19349,6709,360,701.0075399658807,273.1942999998864,9884.989999998652,1591.9596878391649
1782825475,500,,Aggregated,94.800000,42.800000,360,440,590,780,1700,2400,3100,3400,8600,9500,9900,19468,6763,360,698.7545360951201,273.1942999998864,9884.989999998652,1588.5930758167249
1782825476,500,,Aggregated,95.700000,42.700000,360,440,590,780,1700,2400,3100,3400,8600,9500,9900,19542,6798,360,697.3033608177147,273.1942999998864,9884.989999998652,1588.2681915873504
1782825477,500,,Aggregated,95.700000,42.700000,360,440,590,780,1700,2400,3100,3400,8600,9500,9900,19631,6836,360,695.5793835718896,273.1942999998864,9884.989999998652,1586.936528959299
1782825478,500,,Aggregated,97.100000,43.700000,360,430,580,770,1700,2400,3100,3400,8600,9500,9900,19729,6882,360,693.7281984945892,273.1942999998864,9884.989999998652,1579.8268031831315
1782825479,500,,Aggregated,96.600000,43.400000,360,430,580,770,1700,2400,3100,3400,8600,9500,9900,19832,6939,360,691.7991215409305,273.1942999998864,9884.989999998652,1582.598426784994
1782825480,500,,Aggregated,96.000000,43.400000,350,430,570,760,1700,2400,3100,3400,8600,9500,9900,19927,6981,350,690.0270449691242,273.1942999998864,9884.989999998652,1585.9648717820044
1782825481,500,,Aggregated,97.300000,44.700000,350,430,570,760,1700,2400,3100,3400,8600,9500,9900,20036,7034,350,687.9956086394355,273.1942999998864,9884.989999998652,1583.1803254142544
1782825482,500,,Aggregated,96.500000,44.200000,350,430,570,750,1700,2400,3100,3400,8600,9500,9900,20132,7073,350,686.2848834839922,273.1942999998864,9884.989999998652,1581.4680607987284
1782825483,500,,Aggregated,95.600000,44.600000,350,430,560,750,1700,2400,3100,3400,8600,9500,9900,20230,7121,350,684.5282374641482,273.1942999998864,9884.989999998652,1599.6624814631734
1782825484,500,,Aggregated,95.600000,43.700000,350,420,560,740,1700,2400,3100,3400,8600,9500,9900,20331,7167,350,682.7517323496002,273.1942999998864,9884.989999998652,1597.542865574738
1782825485,500,,Aggregated,97.300000,44.400000,350,420,550,740,1700,2400,3100,3400,8600,9500,9900,20432,7209,350,681.0896494616147,273.1942999998864,9884.989999998652,1600.360806577917
1782825486,500,,Aggregated,97.700000,45.400000,350,420,550,730,1700,2400,3100,3400,8600,9500,9900,20527,7249,350,679.9809684318079,273.1942999998864,9884.989999998652,1598.745700784333
1782825487,500,,Aggregated,96.700000,45.200000,350,420,550,730,1600,2400,3100,3400,8600,9500,9900,20631,7307,350,678.5890969075533,273.1942999998864,9884.989999998652,1601.1891813290679
1782825488,500,,Aggregated,94.900000,44.000000,350,420,550,730,1600,2400,3100,3400,8600,9500,9900,20723,7343,350,677.0335256671206,273.1942999998864,9884.989999998652,1599.6699319596582
1782825489,500,,Aggregated,95.500000,44.200000,350,420,540,720,1600,2400,3100,3400,8600,9500,9900,20816,7386,350,675.4953840987575,273.1942999998864,9884.989999998652,1593.125192159877
1782825490,500,,Aggregated,97.400000,45.500000,350,420,540,720,1600,2400,3100,3400,8600,9500,9900,20926,7425,350,673.7316740131772,273.1942999998864,9884.989999998652,1590.5237981458472
1782825491,500,,Aggregated,96.500000,44.300000,350,420,540,710,1600,2400,3100,3400,8600,9500,9900,21026,7465,350,672.0680828830851,273.1942999998864,9884.989999998652,1593.3773898982213
1782825493,500,,Aggregated,96.800000,42.300000,350,420,530,710,1600,2400,3100,3400,8600,9500,9900,21123,7502,350,670.4981665483008,273.1942999998864,9884.989999998652,1596.387492306964
1782825494,500,,Aggregated,96.500000,42.700000,350,420,530,700,1600,2400,3100,3400,8600,9500,9900,21217,7550,350,668.9915845124093,273.1942999998864,9884.989999998652,1599.5846726681434
1782825495,500,,Aggregated,97.000000,42.000000,350,420,530,700,1600,2400,3100,3400,8600,9500,9900,21317,7590,350,667.4376176619514,273.1942999998864,9884.989999998652,1597.601116479805
1782825496,500,,Aggregated,95.700000,41.300000,350,410,530,700,1600,2400,3100,3400,8600,9500,9900,21419,7639,350,665.8680240907507,273.1942999998864,9884.989999998652,1604.8616648769785
1782825497,500,,Aggregated,95.900000,40.900000,350,410,530,700,1600,2400,3100,3400,8600,9500,9900,21520,7687,350,664.4534914219234,273.1942999998864,9884.989999998652,1607.4473977695168
1782825498,500,,Aggregated,96.400000,41.700000,350,410,520,690,1600,2400,3100,3400,8600,9500,9900,21619,7733,350,663.2970971136402,273.1942999998864,9884.989999998652,1600.7562791988528
1782825499,500,,Aggregated,96.200000,42.200000,350,420,530,690,1600,2400,3100,3400,8600,9500,9900,21726,7778,350,662.7301429807499,273.1942999998864,9884.989999998652,1607.6950658197552
1782825501,500,,Aggregated,93.200000,40.300000,350,420,530,700,1600,2400,3100,3400,8600,9500,9900,21862,7833,350,663.1530206842805,273.1942999998864,9884.989999998652,1617.2857926996614
1782825503,500,,Aggregated,89.300000,39.200000,350,420,540,710,1600,2400,3100,3400,8600,9500,9900,22005,7904,350,666.4064009543168,273.1942999998864,9884.989999998652,1607.6191774596682
1782825505,500,,Aggregated,82.800000,37.400000,350,430,560,730,1600,2400,3100,3400,8600,9500,9900,22131,7959,350,669.5824040034219,273.1942999998864,9884.989999998652,1608.538882111066
1782825506,500,,Aggregated,78.900000,35.500000,350,430,570,760,1600,2400,3100,3400,8600,9500,9900,22277,8023,350,671.2999363558705,273.1942999998864,9884.989999998652,1603.5043318220587
1782825507,500,,Aggregated,76.300000,34.900000,360,430,580,760,1600,2400,3100,3400,8600,9500,9900,22405,8078,360,670.8966418165453,273.1942999998864,9884.989999998652,1604.311269805847
1782825508,500,,Aggregated,79.900000,36.100000,360,430,570,750,1500,2400,3100,3400,8600,9500,9900,22505,8132,360,669.5961778537957,273.1942999998864,9884.989999998652,1602.3237947122861
1782825510,500,,Aggregated,82.600000,36.100000,360,430,570,750,1500,2300,3100,3400,8600,9500,9900,22586,8172,360,668.4272960816286,273.1942999998864,9884.989999998652,1597.0794740104488
1782825511,500,,Aggregated,83.800000,38.000000,360,430,570,740,1500,2300,3100,3400,8600,9500,9900,22687,8213,360,667.4098820028937,273.1942999998864,9884.989999998652,1604.1514082954996
1782825512,500,,Aggregated,82.800000,38.200000,360,430,560,740,1500,2300,3100,3400,8600,9500,9900,22793,8269,360,666.3740893870776,273.1942999998864,9884.989999998652,1606.2418725047164
1782825513,500,,Aggregated,84.000000,38.400000,360,430,560,740,1500,2300,3100,3400,8600,9500,9900,22907,8314,360,664.861467760931,273.1942999998864,9884.989999998652,1603.4981446719344
1782825514,500,,Aggregated,89.500000,41.000000,360,430,560,730,1500,2300,3100,3400,8600,9500,9900,23011,8360,360,663.7866139020302,273.1942999998864,9884.989999998652,1610.1931684846377
1782825516,500,,Aggregated,94.500000,42.800000,360,440,560,730,1500,2300,3000,3400,8600,9500,9900,23120,8404,360,663.2130064921971,273.1942999998864,9884.989999998652,1607.7553200692041
1782825517,500,,Aggregated,95.600000,43.400000,360,440,570,730,1500,2300,3000,3400,8600,9500,9900,23226,8453,360,662.9378848230261,273.1942999998864,9884.989999998652,1605.4454060105054
1782825518,500,,Aggregated,90.200000,40.800000,360,440,570,730,1500,2300,3000,3400,8600,9500,9900,23333,8508,360,663.2150644966193,273.1942999998864,9884.989999998652,1598.7104101487164
1782825520,500,,Aggregated,86.300000,39.800000,360,440,580,740,1500,2300,3000,3400,8600,9500,9900,23443,8553,360,663.809284933653,273.1942999998864,9884.989999998652,1591.903979866058
1782825522,500,,Aggregated,82.800000,37.600000,360,450,590,760,1500,2300,3000,3400,8600,9500,9900,23591,8622,360,665.3779648255525,273.1942999998864,9884.989999998652,1604.371751939299
1782825523,500,,Aggregated,81.900000,36.800000,360,450,600,770,1500,2300,3000,3400,8600,9500,9900,23714,8673,360,665.9812072151301,273.1942999998864,9884.989999998652,1601.0349160833264
1782825524,500,,Aggregated,82.900000,37.500000,360,450,610,770,1500,2300,3000,3400,8600,9500,9900,23823,8728,360,665.7489716450301,273.1942999998864,9884.989999998652,1602.9519791797843
1782825525,500,,Aggregated,79.500000,34.900000,360,460,600,760,1500,2300,3000,3400,8600,9500,9900,23922,8767,360,664.9749753908345,273.1942999998864,9884.989999998652,1597.0021737312934
1782825526,500,,Aggregated,83.000000,37.500000,360,460,610,760,1500,2300,3000,3400,8600,9500,9900,24012,8807,360,664.665627023969,273.1942999998864,9884.989999998652,1591.5367732800266
1782825528,500,,Aggregated,82.800000,37.500000,360,460,610,760,1400,2300,3000,3300,8600,9500,9900,24113,8854,360,664.4348732716602,273.1942999998864,9884.989999998652,1589.6688093559492
1782825529,500,,Aggregated,82.900000,37.000000,360,470,610,760,1400,2300,3000,3300,8600,9500,9900,24249,8924,360,664.485635213805,273.1942999998864,9884.989999998652,1581.4117695575076
1782825530,500,,Aggregated,82.500000,36.900000,360,470,610,760,1400,2300,3000,3300,8600,9500,9900,24350,8975,360,664.1236214044994,273.1942999998864,9884.989999998652,1579.5938398357289
1782825532,500,,Aggregated,86.800000,40.200000,370,470,620,750,1400,2300,3000,3300,8600,9500,9900,24476,9024,370,664.2060697172559,273.1942999998864,9884.989999998652,1588.8841722503678
1782825533,500,,Aggregated,86.800000,40.500000,370,480,620,750,1400,2200,3000,3300,8600,9500,9900,24611,9092,370,663.6860392547871,273.1942999998864,9884.989999998652,1580.9264556499127
1782825534,500,,Aggregated,85.400000,38.800000,370,480,620,750,1400,2200,3000,3300,8600,9500,9900,24712,9133,370,663.0580539252018,273.1942999998864,9884.989999998652,1575.0583117513759
1782825535,500,,Aggregated,87.200000,40.600000,370,480,610,750,1400,2200,3000,3300,8600,9500,9900,24812,9177,370,661.7234668789134,273.1942999998864,9884.989999998652,1573.4063759471223
1782825536,500,,Aggregated,85.500000,39.600000,370,480,610,740,1400,2200,3000,3300,8600,9500,9900,24908,9214,370,660.7678277460899,273.1942999998864,9884.989999998652,1580.2614421069536
1782825538,500,,Aggregated,89.600000,40.700000,370,480,610,740,1400,2200,3000,3300,8600,9500,9900,25049,9282,370,659.6568701784335,273.1942999998864,9884.989999998652,1576.2109465447722
1782825539,500,,Aggregated,90.300000,41.100000,370,480,610,740,1400,2200,3000,3300,8600,9500,9900,25170,9333,370,659.0529262614068,273.1942999998864,9884.989999998652,1573.4091775923719
1782825540,500,,Aggregated,93.500000,42.800000,370,480,610,740,1400,2200,3000,3300,8600,9500,9900,25261,9381,370,658.6734695023794,273.1942999998864,9884.989999998652,1576.2691896599501
1782825541,500,,Aggregated,89.900000,40.300000,370,480,610,730,1400,2200,3000,3300,8600,9500,9900,25367,9436,370,657.8161216816966,273.1942999998864,9884.989999998652,1578.321835455513
1782825542,500,,Aggregated,91.900000,40.700000,370,480,610,730,1400,2200,3000,3300,8600,9500,9900,25463,9477,370,656.9438749832931,273.1942999998864,9884.989999998652,1576.9371637277618
1782825543,500,,Aggregated,94.500000,42.500000,370,480,600,730,1400,2200,3000,3300,8600,9500,9900,25575,9524,370,655.6626705649885,273.1942999998864,9884.989999998652,1574.7160899315738
1782825544,500,,Aggregated,95.500000,44.000000,370,480,600,730,1400,2200,3000,3300,8600,9500,9900,25669,9571,370,654.5087729401063,273.1942999998864,9884.989999998652,1569.4879816120613
1782825545,500,,Aggregated,94.000000,43.100000,370,480,600,720,1400,2200,3000,3300,8600,9500,9900,25771,9619,370,653.2002827751968,273.1942999998864,9884.989999998652,1571.714213651003
1782825546,500,,Aggregated,94.600000,42.500000,370,470,600,720,1400,2200,3000,3300,8600,9500,9900,25856,9652,370,652.2905227258501,273.1942999998864,9884.989999998652,1571.0084699876238
1782825548,500,,Aggregated,94.400000,43.700000,370,470,600,720,1400,2200,2900,3300,8600,9500,9900,25990,9710,370,650.8054442015997,273.1942999998864,9884.989999998652,1575.4414005386686
1782825549,500,,Aggregated,94.100000,43.400000,370,470,590,720,1400,2200,2900,3300,8600,9500,9900,26092,9751,370,649.5099589874129,273.1942999998864,9884.989999998652,1573.7553656293117
1782825550,500,,Aggregated,95.800000,43.500000,370,470,590,710,1400,2200,2900,3300,8600,9500,9900,26185,9790,370,648.3498198281288,273.1942999998864,9884.989999998652,1572.5966392973075
1782825551,500,,Aggregated,100.200000,45.200000,370,470,590,710,1400,2200,2900,3300,8600,9500,9900,26283,9830,370,647.1749967012726,273.1942999998864,9884.989999998652,1586.7533006125632
1782825552,500,,Aggregated,99.600000,44.500000,370,470,590,710,1400,2200,2900,3300,8600,9500,9900,26387,9880,370,645.9472696024383,273.1942999998864,9884.989999998652,1584.9449729033236
1782825553,500,,Aggregated,98.200000,43.000000,370,470,590,710,1400,2200,2900,3300,8600,9500,9900,26464,9914,370,644.995959767969,273.1942999998864,9884.989999998652,1584.6065976420798
1782825554,500,,Aggregated,97.400000,42.100000,370,460,590,700,1400,2200,2900,3300,8600,9500,9900,26576,9951,370,643.6917978890568,273.1942999998864,9884.989999998652,1590.1291390728477
1782825555,500,,Aggregated,97.100000,42.100000,370,460,580,700,1300,2200,2900,3300,8600,9500,9900,26680,9987,370,642.5584880284692,273.1942999998864,9884.989999998652,1592.159707646177
1782825556,500,,Aggregated,98.000000,41.800000,370,460,580,700,1300,2100,2900,3300,8600,9500,9900,26779,10022,370,641.5972227230122,273.1942999998864,9884.989999998652,1605.91616565219
1782825557,500,,Aggregated,97.800000,40.000000,370,460,580,700,1300,2100,2900,3300,8600,9500,9900,26859,10065,370,640.7094502512962,273.1942999998864,9884.989999998652,1609.1211139655236
1782825558,500,,Aggregated,97.200000,39.400000,370,460,580,700,1300,2100,2900,3300,8600,9500,9900,26968,10120,370,639.5954110315755,273.1942999998864,9884.989999998652,1614.5275511717591
1782825559,500,,Aggregated,97.700000,39.900000,370,460,580,700,1300,2100,2900,3300,8500,9500,9900,27058,10160,370,638.5994813141963,273.1942999998864,9884.989999998652,1609.6942124325524
1782825560,500,,Aggregated,93.800000,39.300000,370,460,580,690,1300,2100,2900,3300,8500,9500,9900,27148,10201,370,637.5314523905815,273.1942999998864,9884.989999998652,1604.8301163989981
1782825561,500,,Aggregated,93.600000,39.400000,360,460,580,690,1300,2100,2900,3300,8500,9500,9900,27255,10242,360,636.3633481562846,273.1942999998864,9884.989999998652,1610.347055586131
1782825562,500,,Aggregated,94.100000,40.200000,360,460,570,690,1300,2100,2900,3300,8500,9500,9900,27347,10288,360,635.3079542545631,273.1942999998864,9884.989999998652,1612.8203459245988
1782825563,500,,Aggregated,95.000000,40.300000,360,460,570,690,1300,2100,2900,3300,8500,9500,9900,27439,10319,360,634.2939631691952,273.1942999998864,9884.989999998652,1611.7597580086738
1782825564,500,,Aggregated,94.400000,40.200000,360,450,570,690,1300,2100,2900,3300,8500,9500,9900,27540,10359,360,633.1892915105142,273.1942999998864,9884.989999998652,1617.577559912854
1782825565,500,,Aggregated,95.300000,40.000000,360,450,570,680,1300,2100,2900,3300,8500,9500,9900,27630,10401,360,632.1736910423302,273.1942999998864,9884.989999998652,1616.4341657618531
1782825566,500,,Aggregated,94.900000,40.100000,360,450,570,680,1300,2100,2900,3300,8500,9500,9900,27732,10446,360,631.0171274772669,272.5876000004064,9884.989999998652,1618.4641208711957
1782825567,500,,Aggregated,92.900000,40.500000,360,450,570,680,1300,2100,2900,3300,8500,9500,9900,27829,10491,360,629.9388980811227,272.5876000004064,9884.989999998652,1613.3922886197852
1782825568,500,,Aggregated,94.800000,41.800000,360,450,570,680,1300,2100,2900,3300,8500,9500,9900,27933,10543,360,628.8193021515618,272.5876000004064,9884.989999998652,1607.9331972935238
1782825569,500,,Aggregated,96.000000,42.400000,360,450,570,680,1300,2100,2900,3300,8500,9500,9900,28019,10582,360,627.8998589278564,272.5876000004064,9884.989999998652,1603.457689425033
1782825570,500,,Aggregated,96.000000,41.500000,360,450,560,680,1300,2100,2900,3300,8500,9500,9900,28125,10627,360,626.8621225386532,272.5876000004064,9884.989999998652,1619.6835555555556
1782825571,500,,Aggregated,95.900000,42.300000,360,450,560,670,1300,2100,2900,3300,8500,9500,9900,28225,10669,360,625.8391374313416,272.5876000004064,9884.989999998652,1618.1151815766166
1782825572,500,,Aggregated,95.400000,41.500000,360,450,560,670,1300,2100,2900,3300,8500,9500,9900,28318,10710,360,624.9642333392053,272.5876000004064,9884.989999998652,1613.2438731548839
1782825573,500,,Aggregated,95.400000,42.000000,360,450,560,670,1300,2100,2900,3300,8500,9500,9900,28409,10745,360,624.2009041078406,272.5876000004064,9884.989999998652,1608.603611531557
1782825574,500,,Aggregated,95.200000,41.500000,360,440,560,670,1300,2100,2900,3300,8500,9500,9900,28498,10791,360,623.3511832093354,272.5876000004064,9884.989999998652,1611.13502701944
1782825575,500,,Aggregated,95.500000,41.700000,360,440,560,670,1300,2100,2800,3300,8500,9500,9900,28601,10835,360,622.3355153840646,272.5876000004064,9884.989999998652,1605.8785357155343
1782825576,500,,Aggregated,95.600000,42.800000,360,440,550,670,1300,2100,2800,3300,8500,9500,9900,28712,10889,360,621.2758908261228,272.5876000004064,9884.989999998652,1607.2782460295348
1782825577,500,,Aggregated,96.200000,43.600000,360,440,550,660,1300,2100,2800,3200,8500,9500,9900,28819,10926,360,620.2967730455473,272.5876000004064,9884.989999998652,1608.9603733647941
1782825578,500,,Aggregated,95.400000,42.300000,360,440,550,660,1300,2100,2800,3200,8500,9500,9900,28914,10967,360,619.3659115722346,272.5876000004064,9884.989999998652,1611.1860344469808
1782825579,500,,Aggregated,97.000000,42.800000,360,440,550,660,1300,2000,2800,3200,8500,9500,9900,29011,11010,360,618.4308505222011,272.5876000004064,9884.989999998652,1609.8367171073041
1782825580,500,,Aggregated,96.200000,42.300000,360,440,550,660,1300,2000,2800,3200,8500,9500,9900,29096,11052,360,617.5965133626473,272.5876000004064,9884.989999998652,1605.5313788836954
1782825581,500,,Aggregated,95.700000,41.400000,360,440,550,660,1300,2000,2800,3200,8500,9500,9900,29194,11091,360,616.6048864115762,272.5876000004064,9884.989999998652,1600.6211207782421
1782825582,500,,Aggregated,96.800000,42.600000,360,440,550,660,1300,2000,2800,3200,8500,9500,9900,29291,11136,360,615.6334462257879,270.8961999996973,9884.989999998652,1599.2655764569322
1782825583,500,,Aggregated,94.700000,41.500000,360,440,550,650,1300,2000,2800,3200,8500,9500,9900,29390,11180,360,614.6664051786169,270.8961999996973,9884.989999998652,1604.7808097992515
1782825584,500,,Aggregated,95.400000,41.800000,360,440,550,650,1300,2000,2800,3200,8500,9500,9900,29475,11217,360,613.8067258863286,270.8961999996973,9884.989999998652,1600.5661747243428
1782825585,500,,Aggregated,95.900000,42.000000,360,430,540,650,1300,2000,2800,3200,8500,9500,9900,29580,11260,360,612.7640992697613,270.8961999996973,9884.989999998652,1598.82261663286
1782825586,500,,Aggregated,94.500000,41.600000,360,430,540,650,1300,2000,2800,3200,8500,9500,9900,29679,11302,360,611.8354306378089,270.8961999996973,9884.989999998652,1600.8778597661646
1782825587,500,,Aggregated,94.300000,40.800000,360,430,540,650,1300,2000,2800,3200,8500,9500,9900,29789,11352,360,610.7932282318824,270.8961999996973,9884.989999998652,1602.3009500151063
1782825588,500,,Aggregated,95.000000,41.700000,360,430,540,650,1300,2000,2800,3200,8500,9500,9900,29886,11394,360,609.8749329184077,270.8961999996973,9884.989999998652,1597.5615338285486
1782825589,500,,Aggregated,93.800000,40.800000,360,430,540,640,1300,2000,2800,3200,8500,9500,9900,29979,11430,360,609.005162366975,270.8961999996973,9884.989999998652,1593.1034390740185
1782825590,500,,Aggregated,97.000000,42.500000,350,430,540,640,1300,2000,2800,3200,8500,9500,9900,30069,11472,350,608.1653982207442,270.8961999996973,9884.989999998652,1595.548771159666
1782825591,500,,Aggregated,96.800000,42.000000,350,430,540,640,1300,2000,2800,3200,8500,9500,9900,30174,11519,350,607.2244173791852,270.8961999996973,9884.989999998652,1590.4940677404388
1782825592,500,,Aggregated,95.200000,40.600000,350,430,540,640,1200,2000,2800,3200,8500,9500,9900,30276,11566,350,606.2904406988889,270.8961999996973,9884.989999998652,1595.71957986524
1782825593,500,,Aggregated,95.900000,41.400000,350,430,530,640,1200,2000,2800,3200,8500,9500,9900,30371,11606,350,605.4243718547151,270.8961999996973,9884.989999998652,1594.5757466003754
1782825594,500,,Aggregated,96.900000,42.100000,350,430,530,640,1200,2000,2800,3200,8500,9500,9900,30465,11647,350,604.5459454915336,270.8961999996973,9884.989999998652,1593.4776957163958
1782825595,500,,Aggregated,97.000000,42.300000,350,430,530,630,1200,2000,2800,3200,8500,9500,9900,30567,11692,350,603.6088186279176,270.8961999996973,9884.989999998652,1588.6307782903132
1782825596,500,,Aggregated,96.900000,41.800000,350,420,530,630,1200,2000,2800,3200,8500,9500,9900,30653,11726,350,602.8114862297185,270.8961999996973,9884.989999998652,1584.6615339444752
1782825597,500,,Aggregated,98.300000,42.900000,350,420,530,630,1200,2000,2800,3200,8500,9500,9900,30745,11768,350,601.9555479557508,270.8961999996973,9884.989999998652,1586.9747601235974
1782825598,500,,Aggregated,97.500000,42.200000,350,420,530,630,1200,2000,2800,3200,8500,9500,9900,30853,11813,350,600.9823183612469,270.8961999996973,9884.989999998652,1588.5793926036365
1782825599,500,,Aggregated,95.800000,41.900000,350,420,530,630,1200,2000,2800,3200,8500,9500,9900,30950,11862,350,600.106685499178,270.8961999996973,9884.989999998652,1590.6337964458805
1782825600,500,,Aggregated,93.700000,40.500000,350,420,530,630,1200,2000,2800,3200,8500,9500,9900,31061,11919,350,599.1196058111314,270.8961999996973,9884.989999998652,1592.0290396316925
1782825601,500,,Aggregated,95.400000,41.700000,350,420,530,620,1200,2000,2800,3200,8500,9500,9900,31162,11960,350,598.2377263878952,270.8961999996973,9884.989999998652,1603.713625569604
1782825602,500,,Aggregated,95.300000,42.600000,350,420,520,620,1200,2000,2800,3200,8500,9500,9900,31242,11993,350,597.5402391492084,270.8961999996973,9884.989999998652,1609.7922988285002
1782825604,500,,Aggregated,97.100000,43.400000,350,420,520,620,1200,1900,2800,3200,8500,9500,9900,31320,12037,350,596.9828386430257,270.8961999996973,9884.989999998652,1609.377809706258
1782825605,500,,Aggregated,95.100000,42.400000,350,420,520,620,1200,1900,2800,3200,8500,9500,9900,31425,12079,350,596.6161484391276,270.8961999996973,9884.989999998652,1607.772505966587
1782825606,500,,Aggregated,93.800000,42.600000,350,420,520,620,1200,1900,2800,3200,8500,9500,9900,31525,12126,350,596.1630575162444,270.8961999996973,9884.989999998652,1603.1164789849327
1782825607,500,,Aggregated,94.700000,42.600000,350,420,520,620,1200,1900,2800,3200,8500,9500,9900,31644,12177,350,595.7376289501835,270.8961999996973,9884.989999998652,1607.298666413854
1782825608,500,,Aggregated,94.600000,43.100000,350,420,520,620,1200,1900,2800,3200,8500,9500,9900,31742,12221,350,595.0863314126274,270.8961999996973,9884.989999998652,1609.1695545334258
1782825609,500,,Aggregated,97.800000,44.600000,350,420,520,620,1200,1900,2800,3200,8500,9500,9900,31815,12255,350,594.464390539042,270.8961999996973,9884.989999998652,1612.2167531038817
1782825610,500,,Aggregated,98.200000,44.600000,350,420,520,610,1200,1900,2800,3200,8500,9500,9900,31912,12300,350,593.6477771621838,270.8961999996973,9884.989999998652,1617.3189395838556
1782825611,500,,Aggregated,95.000000,43.600000,350,420,520,610,1200,1900,2800,3200,8400,9500,9900,32004,12347,350,593.1437962973255,270.8961999996973,9884.989999998652,1616.1919447569053
1782825612,500,,Aggregated,95.400000,43.300000,350,420,520,610,1200,1900,2800,3200,8400,9500,9900,32102,12386,350,592.8925485047533,270.8961999996973,9884.989999998652,1618.188337175254
1782825613,500,,Aggregated,92.300000,42.100000,350,420,520,620,1200,1900,2700,3200,8400,9500,9900,32180,12430,350,593.2468021690362,270.8961999996973,9884.989999998652,1617.71687383468
1782825614,500,,Aggregated,91.900000,41.900000,350,420,520,620,1200,1900,2700,3200,8400,9500,9900,32311,12489,350,592.8264380179997,270.8961999996973,9884.989999998652,1614.983287425335
1782825615,500,,Aggregated,91.700000,42.500000,350,420,520,620,1200,1900,2700,3200,8400,9500,9900,32390,12526,350,592.2117412472861,270.8961999996973,9884.989999998652,1614.5403519604815
1782825616,500,,Aggregated,97.100000,44.600000,350,420,520,610,1200,1900,2700,3200,8400,9500,9900,32481,12570,350,591.5410614174316,270.8961999996973,9884.989999998652,1616.7089375327114
1782825617,500,,Aggregated,95.000000,43.900000,350,420,520,610,1200,1900,2700,3200,8400,9500,9900,32582,12623,350,590.7475099226442,270.8961999996973,9884.989999998652,1615.2370941010374
1782825618,500,,Aggregated,94.100000,43.600000,350,420,520,610,1100,1900,2700,3200,8400,9500,9900,32688,12676,350,589.921935646095,270.8961999996973,9884.989999998652,1616.6526554087127
1782825619,500,,Aggregated,91.900000,43.500000,350,420,520,610,1100,1900,2700,3200,8400,9500,9900,32794,12731,350,589.0731839421704,270.8961999996973,9884.989999998652,1611.851070317741
1782825620,500,,Aggregated,92.900000,44.800000,350,420,520,610,1100,1900,2700,3200,8400,9500,9900,32876,12770,350,588.6662255535817,270.8961999996973,9884.989999998652,1611.2567526463074
1782825621,500,,Aggregated,96.300000,46.800000,350,420,520,610,1100,1900,2700,3200,8400,9500,9900,32970,12806,350,588.0157756111483,270.8961999996973,9884.989999998652,1616.3746436154079
1782825622,500,,Aggregated,95.000000,46.400000,350,420,520,610,1100,1900,2700,3200,8400,9500,9900,33069,12853,350,587.2107752638293,270.8961999996973,9884.989999998652,1615.0126099972783
1782825623,500,,Aggregated,95.900000,45.600000,350,420,520,610,1100,1900,2700,3200,8400,9500,9900,33164,12895,350,586.4690563623072,270.8961999996973,9884.989999998652,1620.0432095042818
1782825624,500,,Aggregated,95.100000,45.600000,350,420,520,610,1100,1900,2700,3200,8400,9500,9900,33276,12945,350,585.6116889079076,270.8961999996973,9884.989999998652,1621.1966582521939
1782825625,500,,Aggregated,97.000000,45.700000,350,420,510,610,1100,1900,2700,3200,8400,9500,9900,33374,12985,350,584.8756056630771,270.8961999996973,9884.989999998652,1623.001857733565
1782825626,500,,Aggregated,94.800000,45.000000,350,420,510,600,1100,1900,2700,3200,8400,9500,9900,33468,13032,350,584.1757925540679,270.8961999996973,9884.989999998652,1627.987211664874
1782825627,500,,Aggregated,96.900000,45.600000,350,420,510,600,1100,1900,2700,3200,8400,9500,9900,33556,13075,350,583.5058656037531,270.8961999996973,9884.989999998652,1630.1828287042556
1782825628,500,,Aggregated,97.500000,45.700000,350,420,510,600,1100,1900,2700,3200,8400,9500,9900,33643,13111,350,582.8496994738749,270.8961999996973,9884.989999998652,1632.4171150016348
1782825629,500,,Aggregated,96.600000,44.600000,350,410,510,600,1100,1900,2700,3200,8400,9500,9900,33743,13158,350,582.1032767596128,270.8961999996973,9884.989999998652,1628.0360963755445
1782825630,500,,Aggregated,94.500000,43.400000,350,410,510,600,1100,1900,2700,3200,8400,9500,9900,33850,13211,350,581.3416758759126,270.8961999996973,9884.989999998652,1626.3093353028064
1782825631,500,,Aggregated,92.500000,41.400000,350,410,510,600,1100,1900,2700,3200,8400,9500,9900,33940,13250,350,580.66634898349,270.8961999996973,9884.989999998652,1628.3824690630524
1782825632,500,,Aggregated,94.600000,42.400000,350,410,510,600,1100,1900,2700,3200,8400,9500,9900,34046,13296,350,579.971090386525,270.8961999996973,9884.989999998652,1626.7319215179464
1782825633,500,,Aggregated,96.100000,43.600000,350,410,510,600,1100,1900,2700,3200,8400,9500,9900,34132,13337,350,579.3494582678916,270.8961999996973,9884.989999998652,1628.9519512480956
1782825634,500,,Aggregated,96.200000,43.500000,350,410,510,600,1100,1900,2700,3200,8400,9500,9900,34242,13386,350,578.5341081770821,270.8961999996973,9884.989999998652,1630.105980959056
1782825635,500,,Aggregated,96.400000,44.700000,350,410,510,590,1100,1900,2700,3200,8400,9500,9900,34339,13421,350,577.8640477503617,270.8961999996973,9884.989999998652,1631.8897172311365
1782825636,500,,Aggregated,95.500000,43.100000,350,410,500,590,1100,1800,2700,3200,8400,9500,9900,34426,13459,350,577.2356569598461,270.8961999996973,9884.989999998652,1628.183117411259
1782825637,500,,Aggregated,95.000000,42.400000,350,410,500,590,1100,1800,2700,3200,8400,9500,9900,34516,13502,350,576.5791665256596,270.8961999996973,9884.989999998652,1624.3291516977633
1782825638,500,,Aggregated,93.500000,41.800000,350,410,500,590,1100,1800,2700,3200,8400,9500,9900,34621,13559,350,575.8123920163962,270.8961999996973,9884.989999998652,1631.5649172467577
1782825639,500,,Aggregated,95.000000,42.000000,350,410,500,590,1100,1800,2700,3200,8400,9500,9900,34723,13620,350,575.1146849148871,270.8961999996973,9884.989999998652,1632.940500532788
1782825640,500,,Aggregated,96.000000,43.300000,350,410,500,590,1100,1800,2700,3200,8400,9500,9900,34824,13669,350,574.5775700666104,270.8961999996973,9884.989999998652,1634.4694750746612
1782825641,500,,Aggregated,98.300000,46.200000,350,410,500,590,1100,1800,2700,3200,8400,9500,9900,34909,13710,350,574.1982960611771,270.8961999996973,9884.989999998652,1636.6567360852503
1782825642,500,,Aggregated,96.500000,45.600000,350,410,500,590,1100,1800,2700,3200,8400,9500,9900,35006,13757,350,573.6431980203291,270.8961999996973,9884.989999998652,1641.2109638347713
1782825643,500,,Aggregated,94.700000,44.900000,350,410,500,590,1100,1800,2700,3200,8400,9500,9900,35084,13790,350,573.1290782920883,270.8961999996973,9884.989999998652,1637.9073081746665
1782825644,500,,Aggregated,94.300000,45.600000,350,410,500,590,1100,1800,2700,3200,8400,9500,9900,35199,13835,350,572.3606208784227,270.8961999996973,9884.989999998652,1635.9809653683344
1782825645,500,,Aggregated,94.000000,44.600000,350,410,500,580,1100,1800,2700,3200,8400,9500,9900,35297,13885,350,572.0272430801372,270.8961999996973,9884.989999998652,1631.8452276397427
1782825646,500,,Aggregated,93.100000,44.100000,350,410,500,580,1100,1800,2700,3200,8400,9500,9900,35403,13934,350,571.2660740586836,270.8961999996973,9884.989999998652,1638.918001299325
1782825647,500,,Aggregated,93.500000,45.400000,350,410,500,580,1100,1800,2700,3200,8400,9500,9900,35498,13974,350,570.6111674178716,270.8961999996973,9884.989999998652,1640.6960392134768
1782825648,500,,Aggregated,95.900000,46.800000,350,410,500,580,1100,1800,2700,3200,8400,9500,9900,35586,14002,350,570.014878292014,270.8961999996973,9884.989999998652,1642.8132692631934
1782825649,500,,Aggregated,95.900000,46.800000,350,410,500,580,1100,1800,2700,3200,8400,9500,9900,35680,14044,350,569.3773336322756,270.8961999996973,9884.989999998652,1641.7177130044843
1782825650,500,,Aggregated,95.600000,45.500000,350,410,490,580,1000,1800,2700,3200,8400,9500,9900,35786,14089,350,568.6858769323094,270.8961999996973,9884.989999998652,1648.6926451685017
1782825651,500,,Aggregated,92.700000,41.500000,350,400,490,580,1000,1800,2700,3200,8400,9500,9900,35874,14132,350,568.1304139348726,270.8961999996973,9884.989999998652,1644.9525840441545
1782825652,500,,Aggregated,93.900000,41.100000,350,400,490,580,1000,1800,2700,3200,8400,9500,9900,35993,14190,350,567.3228786930691,270.8961999996973,9884.989999998652,1648.4754813435945
1782825653,500,,Aggregated,96.500000,42.300000,350,400,490,580,1000,1800,2700,3200,8400,9500,9900,36079,14234,350,566.7250657917251,270.8961999996973,9884.989999998652,1644.862579339782
1782825654,500,,Aggregated,96.400000,41.900000,350,400,490,570,1000,1800,2700,3200,8400,9500,9900,36166,14266,350,566.1174732096357,270.8961999996973,9884.989999998652,1644.05966930266
1782825655,500,,Aggregated,98.000000,43.000000,350,400,490,570,1000,1800,2700,3200,8400,9500,9900,36270,14309,350,565.4249194430569,270.8961999996973,9884.989999998652,1639.8148607664737
1782825656,500,,Aggregated,97.300000,43.800000,350,400,490,570,1000,1800,2700,3200,8400,9500,9900,36355,14348,350,564.9621650199334,270.8961999996973,9884.989999998652,1639.1284555081832
1782825657,500,,Aggregated,95.700000,42.100000,350,400,490,570,1000,1800,2700,3200,8400,9500,9900,36452,14393,350,564.4481169702539,270.8961999996973,9884.989999998652,1640.8124108416548
1782825658,500,,Aggregated,95.600000,41.200000,350,400,490,570,1000,1800,2700,3200,8400,9500,9900,36562,14443,350,563.707612819313,270.4077000016696,9884.989999998652,1636.5447185602538
1782825659,500,,Aggregated,92.700000,40.600000,350,400,490,570,1000,1800,2700,3100,8400,9500,9900,36655,14493,350,563.0841628509004,270.4077000016696,9884.989999998652,1632.7542490792525
1782825660,500,,Aggregated,94.600000,41.500000,350,400,490,570,990,1800,2700,3100,8400,9500,9900,36746,14538,350,562.5153592499798,270.4077000016696,9884.989999998652,1631.820551896805
1782825661,500,,Aggregated,96.200000,43.500000,350,400,480,570,990,1800,2600,3100,8400,9500,9900,36868,14589,350,561.8099647038016,270.4077000016696,9884.989999998652,1643.5060486058371
1782825662,500,,Aggregated,95.600000,44.500000,350,400,480,570,990,1800,2600,3100,8400,9500,9900,36960,14624,350,561.1952039664434,270.4077000016696,9884.989999998652,1639.8479978354978
1782825663,500,,Aggregated,94.200000,44.200000,350,400,480,570,980,1800,2600,3100,8400,9500,9900,37046,14665,350,560.6173983938825,270.4077000016696,9884.989999998652,1636.472358689197
1782825664,500,,Aggregated,97.000000,44.500000,350,400,480,560,980,1800,2600,3100,8400,9500,9900,37146,14706,350,559.9608457088177,270.4077000016696,9884.989999998652,1640.7329456738275
1782825665,500,,Aggregated,95.500000,42.800000,350,400,480,560,980,1800,2600,3100,8400,9500,9900,37250,14752,350,559.3419600590546,270.4077000016696,9884.989999998652,1639.3269530201342
1782825666,500,,Aggregated,95.400000,42.700000,340,400,480,560,980,1800,2600,3100,8400,9500,9900,37340,14797,340,558.8072715318629,270.4077000016696,9884.989999998652,1635.8070701660417
1782825667,500,,Aggregated,97.400000,43.800000,340,400,480,560,970,1800,2600,3100,8400,9500,9900,37434,14836,340,558.2438822514224,270.4077000016696,9884.989999998652,1632.0950472832185
1782825669,500,,Aggregated,96.700000,43.800000,340,400,480,560,970,1800,2600,3100,8400,9500,9900,37524,14862,340,557.6968217594001,270.4077000016696,9884.989999998652,1631.4233024197847
1782825670,500,,Aggregated,98.400000,44.700000,340,400,480,560,970,1800,2600,3100,8400,9500,9900,37614,14900,340,557.137915148608,270.4077000016696,9884.989999998652,1641.420561493061
1782825671,500,,Aggregated,95.400000,41.500000,340,400,480,560,960,1800,2600,3100,8400,9500,9900,37739,14960,340,556.4778196534031,270.4077000016696,9884.989999998652,1639.1500834680305
1782825672,500,,Aggregated,95.300000,40.400000,340,400,480,560,960,1800,2600,3100,8400,9500,9900,37825,14999,340,555.9269405102393,270.4077000016696,9884.989999998652,1638.490548578982
1782825673,500,,Aggregated,97.400000,41.100000,340,390,480,560,960,1800,2600,3100,8400,9500,9900,37925,15044,340,555.3144750006534,270.4077000016696,9884.989999998652,1639.9103757415953
1782825674,500,,Aggregated,95.100000,40.800000,340,390,480,550,960,1700,2600,3100,8300,9500,9900,38013,15082,340,554.8105217346649,270.4077000016696,9884.989999998652,1644.488622313419
1782825675,500,,Aggregated,94.900000,41.200000,340,390,480,550,960,1700,2600,3100,8300,9500,9900,38111,15128,340,554.2291473931372,270.4077000016696,9884.989999998652,1640.6544042402456
1782825676,500,,Aggregated,95.600000,41.100000,340,390,470,550,950,1700,2600,3100,8300,9500,9900,38229,15187,340,553.5038546365281,270.4077000016696,9884.989999998652,1638.6648617541657
1782825677,500,,Aggregated,94.900000,41.400000,340,390,470,550,950,1700,2600,3100,8300,9500,9900,38335,15232,340,552.8444041006865,270.4077000016696,9884.989999998652,1639.8499282639884
1782825678,500,,Aggregated,96.900000,43.200000,340,390,470,550,950,1700,2600,3100,8300,9500,9900,38424,15273,340,552.2904838200042,270.4077000016696,9884.989999998652,1649.5834114095358
1782825679,500,,Aggregated,98.600000,43.000000,340,390,470,550,950,1700,2600,3100,8300,9500,9900,38519,15313,340,551.7101838391401,270.4077000016696,9884.989999998652,1651.181027544848
1782825680,500,,Aggregated,97.500000,42.700000,340,390,470,550,950,1700,2600,3100,8300,9500,9900,38618,15351,340,551.1114445906007,270.4077000016696,9884.989999998652,1647.345874980579
1782825681,500,,Aggregated,98.800000,44.800000,340,390,470,550,950,1700,2600,3100,8300,9500,9900,38711,15390,340,550.5443743328722,269.1151999970316,9884.989999998652,1643.776084317119
1782825682,500,,Aggregated,99.000000,44.600000,340,390,470,550,940,1700,2600,3100,8300,9500,9900,38804,15440,340,549.99449996134,269.1151999970316,9884.989999998652,1640.1340583445005
1782825683,500,,Aggregated,96.800000,42.900000,340,390,470,550,940,1700,2600,3100,8300,9500,9900,38909,15483,340,549.3670791384984,269.1151999970316,9884.989999998652,1641.3848980955563
1782825684,500,,Aggregated,96.500000,43.300000,340,390,470,550,940,1700,2600,3100,8300,9500,9900,39017,15537,340,548.7195705102865,269.1151999970316,9884.989999998652,1645.1126944665145
1782825685,500,,Aggregated,97.800000,44.000000,340,390,470,540,940,1700,2600,3100,8300,9500,9900,39117,15577,340,548.1106529411721,269.1151999970316,9884.989999998652,1643.9512488176497
1782825686,500,,Aggregated,99.100000,44.600000,340,390,470,540,940,1700,2600,3100,8300,9500,9900,39213,15625,340,547.5254610588281,269.1151999970316,9884.989999998652,1645.449825313034
1782825687,500,,Aggregated,99.300000,44.700000,340,390,470,540,940,1700,2600,3100,8300,9500,9900,39307,15658,340,546.9628427430184,269.1151999970316,9884.989999998652,1649.6963645152264
1782825688,500,,Aggregated,97.900000,43.500000,340,390,470,540,940,1700,2600,3100,8300,9500,9900,39403,15704,340,546.4050290637724,269.1151999970316,9884.989999998652,1648.6166281755197
1782825689,500,,Aggregated,95.700000,42.500000,340,390,460,540,930,1700,2600,3100,8300,9500,9900,39508,15756,340,545.7897525210055,269.1151999970316,9884.989999998652,1649.7648071276703
1782825690,500,,Aggregated,97.900000,43.300000,340,390,460,540,930,1700,2600,3100,8300,9500,9900,39612,15806,340,545.1833055765894,269.1151999970316,9884.989999998652,1650.9756134504696
1782825691,500,,Aggregated,97.300000,43.600000,340,390,460,540,930,1700,2600,3100,8300,9500,9900,39705,15843,340,544.6206400075514,269.1151999970316,9884.989999998652,1657.7131847374385
1782825692,500,,Aggregated,98.800000,45.000000,340,390,460,540,930,1700,2600,3100,8300,9500,9900,39809,15888,340,544.0330060488798,269.1151999970316,9884.989999998652,1658.8874626340778
1782825693,500,,Aggregated,97.600000,44.400000,340,390,460,540,930,1700,2600,3100,8300,9500,9900,39908,15942,340,543.4504203818752,269.1151999970316,9884.989999998652,1657.6621729978951
1782825694,500,,Aggregated,99.100000,44.200000,340,390,460,540,930,1700,2600,3100,8300,9500,9900,39988,15980,340,543.0315627388181,269.1151999970316,9884.989999998652,1659.7292437731319
1782825695,500,,Aggregated,98.900000,45.400000,340,390,460,540,920,1700,2600,3100,8300,9500,9900,40085,16027,340,542.5768324585224,269.1151999970316,9884.989999998652,1656.06436322814
1782825696,500,,Aggregated,96.800000,44.200000,340,390,460,530,920,1700,2600,3100,8300,9500,9900,40198,16084,340,542.1413304816128,269.1151999970316,9884.989999998652,1661.9479078561124
1782825697,500,,Aggregated,96.800000,44.600000,340,390,460,530,920,1700,2600,3100,8300,9500,9900,40289,16133,340,541.7067657027937,269.1151999970316,9884.989999998652,1661.0236540991339
1782825698,500,,Aggregated,97.100000,45.300000,340,390,460,530,920,1700,2600,3100,8300,9500,9900,40386,16175,340,541.1470480067313,269.1151999970316,9884.989999998652,1657.4120734908136
1782825699,500,,Aggregated,98.000000,46.800000,340,380,460,530,920,1700,2600,3100,8300,9500,9900,40495,16225,340,540.5296391554472,269.1151999970316,9884.989999998652,1660.8747252747253
1782825700,500,,Aggregated,96.800000,46.700000,340,380,460,530,920,1700,2600,3100,8300,9500,9900,40589,16263,340,540.0299129123613,269.1151999970316,9884.989999998652,1662.3833058217745
1782825701,500,,Aggregated,97.600000,46.600000,340,380,460,530,910,1700,2600,3100,8300,9500,9900,40690,16308,340,539.4646675055253,269.1151999970316,9884.989999998652,1663.5761612189726
1782825702,500,,Aggregated,97.000000,45.400000,340,380,460,530,910,1700,2600,3100,8300,9500,9900,40789,16357,340,538.9157656279833,269.1151999970316,9884.989999998652,1662.3684816984971
1782825703,500,,Aggregated,98.200000,46.200000,340,380,460,530,910,1700,2600,3100,8300,9500,9900,40901,16398,340,538.31494944133,269.1151999970316,9884.989999998652,1660.7895650473095
1782825704,500,,Aggregated,97.600000,47.400000,340,380,450,530,910,1700,2600,3100,8300,9500,9900,40990,16438,340,537.8363859233924,269.1151999970316,9884.989999998652,1662.4242986094168
1782825705,500,,Aggregated,98.900000,45.800000,340,380,450,530,910,1700,2600,3100,8300,9500,9900,41076,16480,340,537.3623557186646,269.1151999970316,9884.989999998652,1659.2574252604927
1782825706,500,,Aggregated,99.100000,45.900000,340,380,450,530,910,1700,2600,3100,8300,9500,9900,41177,16530,340,536.8283513611935,269.1151999970316,9884.989999998652,1658.0119969886102
1782825707,500,,Aggregated,98.100000,44.600000,340,380,450,530,900,1700,2500,3100,8300,9500,9900,41258,16560,340,536.4306658248063,269.1151999970316,9884.989999998652,1657.5765669688303
1782825708,500,,Aggregated,97.500000,44.600000,340,380,450,530,900,1700,2500,3100,8300,9500,9900,41364,16619,340,535.8577382724075,269.1151999970316,9884.989999998652,1656.1106034232666
1782825709,500,,Aggregated,96.500000,42.800000,340,380,450,530,900,1600,2500,3100,8300,9500,9900,41456,16660,340,535.3695346753146,269.1151999970316,9884.989999998652,1652.785362794288
1782825710,500,,Aggregated,97.600000,43.600000,340,380,450,530,900,1600,2500,3100,8300,9500,9900,41546,16701,340,535.2112121383487,269.1151999970316,9884.989999998652,1649.5313868964522
1782825711,500,,Aggregated,97.700000,43.800000,340,380,450,530,900,1600,2500,3100,8300,9500,9900,41654,16749,340,535.1075648461093,269.1151999970316,9884.989999998652,1650.5386277428338
1782825712,500,,Aggregated,95.800000,43.800000,340,380,450,530,900,1600,2500,3100,8300,9500,9900,41740,16785,340,534.6599154192584,269.1151999970316,9884.989999998652,1647.4463584091998
1782825713,500,,Aggregated,95.100000,44.400000,340,380,450,520,900,1600,2500,3100,8300,9500,9900,41834,16827,340,534.144475099199,269.1151999970316,9884.989999998652,1648.900392025625
1782825714,500,,Aggregated,95.500000,42.100000,340,380,450,520,890,1600,2500,3100,8300,9500,9900,41940,16881,340,533.5895030329019,269.1151999970316,9884.989999998652,1647.5195040534097
1782825715,500,,Aggregated,92.400000,42.300000,340,380,450,520,890,1600,2500,3100,8300,9500,9900,42040,16931,340,533.0871799999979,269.1151999970316,9884.989999998652,1646.3221931493815
1782825716,500,,Aggregated,94.400000,43.700000,340,380,450,520,890,1600,2500,3100,8300,9500,9900,42149,16987,340,532.5586020688493,269.1151999970316,9884.989999998652,1647.2461031103942
1782825717,500,,Aggregated,93.700000,43.700000,340,380,450,520,890,1600,2500,3100,8300,9500,9900,42249,17033,340,532.0444746005795,269.1151999970316,9884.989999998652,1643.6943596298138
1782825718,500,,Aggregated,95.600000,45.000000,340,380,450,520,880,1600,2500,3100,8300,9500,9900,42330,17069,340,531.6110490644904,269.1151999970316,9884.989999998652,1648.069383416017
1782825719,500,,Aggregated,97.100000,45.700000,340,380,450,520,880,1600,2500,3100,8300,9500,9900,42433,17126,340,531.0802794782326,269.1151999970316,9884.989999998652,1644.3879527726062
1782825720,500,,Aggregated,96.300000,45.400000,340,380,450,520,880,1600,2500,3100,8300,9500,9900,42526,17174,340,530.6502232351932,269.1151999970316,9884.989999998652,1641.0569769082445
1782825721,500,,Aggregated,95.600000,45.400000,340,380,450,520,880,1600,2500,3100,8300,9500,9900,42628,17228,340,530.1290968424463,269.1151999970316,9884.989999998652,1642.1943323637047
1782825722,500,,Aggregated,96.600000,46.400000,340,380,450,520,880,1600,2500,3100,8300,9500,9900,42736,17269,340,529.5907599283926,269.1151999970316,9884.989999998652,1645.5722341819544
1782825723,500,,Aggregated,97.500000,47.300000,340,380,450,520,870,1600,2500,3100,8300,9500,9900,42832,17325,340,529.1009051993788,269.1151999970316,9884.989999998652,1642.1149607769892
1782825724,500,,Aggregated,97.500000,47.500000,340,380,440,520,870,1600,2500,3100,8300,9500,9900,42934,17382,340,528.5787527437408,269.1151999970316,9884.989999998652,1640.8846601760843
1782825725,500,,Aggregated,98.500000,48.300000,340,380,440,520,870,1600,2500,3100,8100,9500,9900,43023,17419,340,528.1532899658264,269.1151999970316,9884.989999998652,1637.809218325082
1782825726,500,,Aggregated,98.300000,49.200000,340,380,440,510,870,1600,2500,3100,8100,9500,9900,43131,17467,340,527.6317836938572,269.1151999970316,9884.989999998652,1634.086550277063
1782825727,500,,Aggregated,98.800000,49.400000,340,380,440,510,870,1600,2500,3100,8100,9500,9900,43219,17511,340,527.2696110715145,269.1151999970316,9884.989999998652,1635.7623961683519
1782825728,500,,Aggregated,97.300000,47.500000,340,380,440,510,870,1600,2500,3100,8100,9500,9900,43319,17566,340,526.9942841316703,269.1151999970316,9884.989999998652,1634.6536392806852
1782825729,500,,Aggregated,96.500000,48.000000,340,380,440,510,860,1600,2500,3100,8100,9500,9900,43428,17607,340,526.4841636685965,269.1151999970316,9884.989999998652,1633.298931564889
1782825730,500,,Aggregated,95.800000,48.000000,340,380,440,510,860,1600,2500,3100,8100,9500,9900,43523,17651,340,526.0289228798516,269.1151999970316,9884.989999998652,1637.0601980562
1782825731,500,,Aggregated,97.700000,47.900000,340,380,440,510,860,1600,2500,3100,8100,9500,9900,43609,17690,340,525.5956284780608,269.1151999970316,9884.989999998652,1634.160471462313
1782825732,500,,Aggregated,99.700000,48.000000,340,380,440,510,860,1600,2500,3100,8100,9500,9900,43690,17732,340,525.2208511192432,269.1151999970316,9884.989999998652,1636.0517280842298
1782825733,500,,Aggregated,97.500000,46.100000,340,380,440,510,860,1600,2500,3100,8100,9500,9900,43798,17781,340,524.8580039179807,269.1151999970316,9884.989999998652,1632.3953148545595
1782825734,500,,Aggregated,96.100000,46.400000,340,380,440,510,860,1600,2500,3100,8100,9500,9900,43889,17822,340,524.4676302034621,269.1151999970316,9884.989999998652,1631.6802159994531
1782825735,500,,Aggregated,94.300000,45.100000,340,380,440,510,850,1600,2500,3100,8100,9500,9900,44005,17874,340,523.9785050925976,269.1151999970316,9884.989999998652,1632.402295193728
1782825736,500,,Aggregated,96.100000,44.600000,340,380,440,510,850,1600,2500,3100,8100,9500,9900,44122,17930,340,523.4190970944151,269.1151999970316,9884.989999998652,1630.717351887947
1782825737,500,,Aggregated,96.100000,44.900000,340,380,440,510,850,1600,2500,3100,8100,9500,9900,44223,17974,340,522.9707114080859,269.1151999970316,9884.989999998652,1631.9575786355517
1782825738,500,,Aggregated,97.800000,45.200000,340,380,440,510,850,1600,2500,3100,8100,9500,9900,44299,18011,340,522.6712054854468,269.1151999970316,9884.989999998652,1629.372830086458
1782825739,500,,Aggregated,100.100000,45.800000,340,380,440,510,850,1600,2500,3100,8100,9500,9900,44405,18051,340,522.2463391847724,269.1151999970316,9884.989999998652,1628.180385091769
1782825740,500,,Aggregated,99.400000,45.500000,340,380,440,500,840,1600,2500,3100,8100,9500,9900,44492,18083,340,521.836005688659,269.1151999970316,9884.989999998652,1629.887395486829
1782825741,500,,Aggregated,95.600000,43.500000,340,380,440,500,840,1600,2500,3100,8100,9500,9900,44594,18134,340,521.4542041889003,269.1151999970316,9884.989999998652,1628.7368704309997
1782825742,500,,Aggregated,95.700000,43.200000,340,380,440,500,840,1600,2500,3100,8100,9500,9900,44681,18183,340,521.1481846713327,269.1151999970316,9884.989999998652,1628.0946487321232
1782825743,500,,Aggregated,97.000000,43.300000,340,380,440,500,840,1600,2500,3100,8100,9500,9900,44801,18241,340,520.7399960134774,269.1151999970316,9884.989999998652,1626.3910850204236
1782825744,500,,Aggregated,97.100000,43.800000,340,370,440,500,840,1600,2500,3100,8100,9500,9900,44897,18289,340,520.3250882508804,269.1151999970316,9884.989999998652,1625.498073367931
1782825745,500,,Aggregated,99.300000,45.000000,340,380,440,500,840,1500,2500,3100,8100,9500,9900,44988,18328,340,520.5445053680933,269.1151999970316,9884.989999998652,1629.3293767226817
1782825746,500,,Aggregated,98.900000,45.800000,340,380,440,510,840,1500,2500,3100,8100,9500,9900,45070,18367,340,520.9565466385574,269.1151999970316,9884.989999998652,1626.6353672065675
1782825747,500,,Aggregated,96.800000,44.600000,340,380,440,510,840,1500,2500,3100,8100,9500,9900,45168,18415,340,520.60869115081,269.1151999970316,9884.989999998652,1630.1619952178532
1782825748,500,,Aggregated,93.400000,43.200000,340,380,440,500,840,1500,2500,3100,8100,9500,9900,45263,18460,340,520.1701847601745,269.1151999970316,9884.989999998652,1631.5335483728431
1782825749,500,,Aggregated,93.400000,44.000000,340,380,440,500,840,1500,2500,3100,8100,9500,9900,45370,18516,340,519.6793829204258,269.1151999970316,9884.989999998652,1630.2434207626184
1782825750,500,,Aggregated,94.300000,43.700000,340,380,440,500,840,1500,2500,3100,8100,9500,9900,45461,18557,340,519.2725511933244,269.1151999970316,9884.989999998652,1629.5370317414927
1782825751,500,,Aggregated,96.500000,45.400000,340,380,440,500,830,1500,2500,3100,8100,9500,9900,45537,18594,340,519.0086993411887,269.1151999970316,9884.989999998652,1631.5152952544086
1782825752,500,,Aggregated,95.800000,46.500000,340,380,440,500,830,1500,2500,3100,8100,9500,9900,45645,18653,340,518.7617928929723,269.1151999970316,9884.989999998652,1632.398313068244
1782825753,500,,Aggregated,94.500000,46.000000,340,370,440,500,830,1500,2500,3100,8100,9500,9900,45738,18703,340,518.339122897802,269.1151999970316,9884.989999998652,1631.546547728366
1782825754,500,,Aggregated,91.900000,44.800000,340,370,440,500,830,1500,2500,3100,8100,9500,9900,45839,18757,340,517.8686467025824,269.1151999970316,9884.989999998652,1630.4837583716921
1782825755,500,,Aggregated,95.900000,47.000000,340,370,430,500,830,1500,2500,3100,8100,9500,9900,45928,18802,340,517.5126574573165,269.1151999970316,9884.989999998652,1627.6030308308657
1782825756,500,,Aggregated,93.500000,46.000000,340,370,430,500,820,1500,2500,3100,8000,9500,9900,46033,18852,340,517.0483514804514,269.1151999970316,9884.989999998652,1630.8628809766906
1782825757,500,,Aggregated,96.300000,48.200000,340,370,430,500,820,1500,2500,3000,8000,9500,9900,46116,18889,340,516.6752449128206,269.1151999970316,9884.989999998652,1630.3856795905976
1782825758,500,,Aggregated,95.800000,48.000000,340,370,430,500,820,1500,2500,3000,8000,9500,9900,46210,18925,340,516.2512997035199,269.1151999970316,9884.989999998652,1634.0117074226357
1782825759,500,,Aggregated,94.900000,47.800000,340,370,430,500,820,1500,2500,3000,8000,9500,9900,46319,18976,340,515.7781534791255,269.1151999970316,9884.989999998652,1639.2902480623502
1782825760,500,,Aggregated,93.600000,46.900000,340,370,430,500,820,1500,2500,3000,8000,9500,9900,46418,19028,340,515.3494356478012,269.1151999970316,9884.989999998652,1636.0753371536903
1782825761,500,,Aggregated,93.900000,46.100000,340,370,430,500,820,1500,2500,3000,8000,9500,9900,46518,19080,340,514.9604298185576,269.1151999970316,9884.989999998652,1635.0241411926565
1782825762,500,,Aggregated,94.500000,45.500000,340,370,430,500,820,1500,2500,3000,8000,9500,9900,46609,19125,340,514.6505073826871,269.1151999970316,9884.989999998652,1634.289278894634
1782825763,500,,Aggregated,95.600000,47.100000,340,370,430,500,820,1500,2500,3000,8000,9500,9900,46699,19177,340,514.2696819589204,269.1151999970316,9884.989999998652,1635.7546414270114
1782825764,500,,Aggregated,100.100000,49.100000,340,370,430,500,810,1500,2500,3000,8000,9500,9900,46805,19225,340,513.8212464886153,269.1151999970316,9884.989999998652,1638.9191325713066
1782825765,500,,Aggregated,94.100000,46.400000,340,370,430,490,810,1500,2500,3000,8000,9500,9900,46899,19261,340,513.4571272159249,269.1151999970316,9884.989999998652,1640.2886628712765
1782825766,500,,Aggregated,94.400000,46.300000,340,370,430,490,810,1500,2500,3000,8000,9500,9900,47002,19317,340,513.0934798838277,269.1151999970316,9884.989999998652,1636.9510871877792
1782825767,500,,Aggregated,94.700000,45.400000,340,370,430,490,810,1500,2500,3000,8000,9500,9900,47090,19368,340,512.7412047228645,269.1151999970316,9884.989999998652,1638.4549798258654
1782825768,500,,Aggregated,96.100000,45.700000,340,370,430,490,810,1500,2500,3000,8000,9500,9900,47182,19413,340,512.4516384638144,269.1151999970316,9884.989999998652,1639.8628078504514
1782825769,500,,Aggregated,96.500000,46.100000,340,370,430,490,810,1500,2500,3000,8000,9500,9900,47281,19467,340,512.0887816522435,269.1151999970316,9884.989999998652,1638.8457096931113
1782825770,500,,Aggregated,97.200000,47.800000,340,370,430,490,810,1500,2500,3000,8000,9500,9900,47393,19518,340,511.6540261114449,269.1151999970316,9884.989999998652,1639.586732217838
1782825771,500,,Aggregated,96.300000,48.600000,340,370,430,490,810,1500,2500,3000,8000,9500,9900,47483,19559,340,511.2717282753765,269.1151999970316,9884.989999998652,1636.7364530463535
1782825772,500,,Aggregated,95.300000,48.900000,340,370,430,490,810,1500,2500,3000,8000,9500,9900,47573,19602,340,510.92832979630697,269.1151999970316,9884.989999998652,1638.1692766905599
1782825773,500,,Aggregated,97.800000,49.300000,340,370,430,490,800,1500,2400,3000,8000,9500,9900,47681,19643,340,510.4939602525064,269.1151999970316,9884.989999998652,1645.5257230343323
1782825774,500,,Aggregated,95.000000,47.400000,340,370,430,490,800,1500,2400,3000,8000,9500,9900,47774,19686,340,510.1193042491676,269.1151999970316,9884.989999998652,1642.626847239084
1782825775,500,,Aggregated,96.600000,47.500000,340,370,430,490,800,1500,2400,3000,8000,9500,9900,47886,19749,340,509.64795475294966,269.1151999970316,9884.989999998652,1641.2354968049117
1782825776,500,,Aggregated,97.500000,46.400000,340,370,420,490,800,1500,2400,3000,8000,9500,9900,47980,19792,340,509.2655324260054,269.1151999970316,9884.989999998652,1638.2991246352647
1782825777,500,,Aggregated,96.500000,46.200000,340,370,420,490,800,1500,2400,3000,8000,9500,9900,48077,19839,340,508.85539966927587,269.1151999970316,9884.989999998652,1641.641658173347
1782825778,500,,Aggregated,98.200000,48.600000,330,370,420,490,800,1500,2400,3000,8000,9500,9900,48179,19886,330,508.4542402519723,269.1151999970316,9884.989999998652,1640.5858361526807
1782825779,500,,Aggregated,96.800000,47.000000,330,370,420,490,800,1400,2400,3000,8000,9500,9900,48275,19936,330,508.07916631589353,269.1151999970316,9884.989999998652,1637.5937441740032
1782825780,500,,Aggregated,97.600000,46.500000,330,370,420,490,800,1400,2400,3000,8000,9500,9900,48371,19981,330,507.7973460606512,269.1151999970316,9884.989999998652,1634.637303342912
1782825782,500,,Aggregated,98.600000,46.700000,340,370,420,490,800,1400,2400,3000,8000,9500,9900,48470,20031,340,507.582591297705,269.1151999970316,9884.989999998652,1635.7985351763978
1782825783,500,,Aggregated,97.900000,46.300000,340,370,420,480,790,1400,2400,3000,8000,9500,9900,48565,20074,340,507.4151608874655,269.1151999970316,9884.989999998652,1632.8927005044786
1782825784,500,,Aggregated,98.200000,47.200000,340,370,420,480,790,1400,2400,3000,8000,9500,9900,48654,20117,340,507.23141589591336,269.1151999970316,9884.989999998652,1630.2134870719776
1782825785,500,,Aggregated,98.100000,46.800000,340,370,420,480,790,1400,2400,3000,8000,9500,9900,48746,20154,340,507.0474403397156,268.3118999993894,9884.989999998652,1633.7040372543388
1782825786,500,,Aggregated,96.100000,46.600000,340,370,420,480,790,1400,2400,3000,8000,9500,9900,48830,20191,340,506.7250531435545,268.3118999993894,9884.989999998652,1633.2093999590415
1782825787,500,,Aggregated,96.500000,46.400000,340,370,420,480,790,1400,2400,3000,8000,9500,9900,48939,20243,340,506.29405107378113,268.3118999993894,9884.989999998652,1632.0040458530007
1782825788,500,,Aggregated,93.800000,44.000000,340,370,420,480,790,1400,2400,3000,8000,9500,9900,49041,20291,340,505.8947934320216,268.3118999993894,9884.989999998652,1635.1271996900552
1782825789,500,,Aggregated,95.000000,44.800000,330,370,420,480,790,1400,2400,3000,8000,9500,9900,49129,20336,330,505.5547338069117,268.3118999993894,9884.989999998652,1634.512161859594
1782825790,500,,Aggregated,96.300000,45.200000,330,370,420,480,790,1400,2400,3000,8000,9500,9900,49241,20389,330,505.1251246095683,268.3118999993894,9884.989999998652,1633.1651063138443
1782825791,500,,Aggregated,94.200000,44.800000,330,370,420,480,790,1400,2400,3000,8000,9500,9900,49346,20432,330,504.7466454970972,268.3118999993894,9884.989999998652,1642.411968548616
1782825792,500,,Aggregated,96.200000,45.100000,330,370,420,480,790,1400,2400,3000,8000,9500,9900,49435,20478,330,504.400075774244,268.3118999993894,9884.989999998652,1639.6702336401336
1782825793,500,,Aggregated,96.700000,44.900000,330,370,420,480,780,1400,2400,3000,8000,9500,9900,49538,20522,330,504.0343750736758,268.3118999993894,9884.989999998652,1640.678327748395
1782825794,500,,Aggregated,95.500000,44.300000,330,370,420,480,780,1400,2400,3000,8000,9500,9900,49651,20579,330,503.60264523171224,268.3118999993894,9884.989999998652,1639.2979194779562
1782825795,500,,Aggregated,95.900000,44.100000,330,370,420,480,780,1400,2400,3000,8000,9500,9900,49736,20611,330,503.2783966965526,268.3118999993894,9884.989999998652,1638.8456651117901
1782825796,500,,Aggregated,99.200000,45.900000,330,370,420,480,780,1400,2400,3000,8000,9500,9900,49833,20647,330,502.9038814078975,268.3118999993894,9884.989999998652,1635.9836654425783
1782825797,500,,Aggregated,98.100000,45.200000,330,370,420,480,780,1400,2400,3000,8000,9500,9900,49924,20685,330,502.6068189548064,268.3118999993894,9884.989999998652,1635.3124148706033
1782825798,500,,Aggregated,99.300000,45.100000,330,370,420,480,780,1400,2400,3000,8000,9500,9900,50011,20725,330,502.3567910339679,268.3118999993894,9884.989999998652,1636.763472036152
1782825799,500,,Aggregated,99.300000,45.100000,330,370,420,480,780,1400,2400,3000,8000,9500,9900,50077,20763,330,502.8415591788597,268.3118999993894,9884.989999998652,1634.749965053817
1782825800,500,,Aggregated,96.000000,42.900000,330,370,420,480,790,1400,2400,3000,8000,9500,9900,50217,20825,330,503.21151498496016,268.3118999993894,9884.989999998652,1634.6378318099448
1782825801,500,,Aggregated,95.500000,42.900000,330,370,420,480,780,1400,2400,3000,8000,9500,9900,50315,20870,330,502.9153727735216,268.3118999993894,9884.989999998652,1631.7143992845076
1782825802,500,,Aggregated,95.400000,42.500000,330,370,420,480,780,1400,2400,3000,8000,9500,9900,50408,20917,330,502.674200176554,268.3118999993894,9884.989999998652,1628.9683581971115
1782825803,500,,Aggregated,95.000000,42.200000,330,370,420,480,780,1400,2400,3000,8000,9500,9900,50497,20961,330,502.37002489850346,268.3118999993894,9884.989999998652,1634.4409370853714
1782825804,500,,Aggregated,97.300000,43.800000,330,370,420,480,780,1400,2400,3000,8000,9500,9900,50606,21010,330,501.97896204797274,268.3118999993894,9884.989999998652,1639.3112674386437
1782825805,500,,Aggregated,96.100000,44.000000,330,370,420,480,780,1400,2400,3000,8000,9500,9900,50690,21057,330,501.71358444663093,268.3118999993894,9884.989999998652,1638.8217991714341
1782825806,500,,Aggregated,94.800000,43.100000,330,370,420,480,780,1400,2400,3000,8000,9500,9900,50791,21102,330,501.4070574550558,268.3118999993894,9884.989999998652,1643.890866492095
1782825807,500,,Aggregated,95.300000,44.800000,330,370,420,480,780,1400,2400,3000,8000,9500,9900,50888,21146,330,501.0531527098683,268.3118999993894,9884.989999998652,1649.0621561075302
1782825808,500,,Aggregated,95.200000,45.200000,330,370,420,480,780,1400,2400,3000,8000,9500,9900,50998,21197,330,500.67563589356047,268.3118999993894,9884.989999998652,1645.815835915134
1782825809,500,,Aggregated,95.700000,45.600000,330,370,420,480,780,1400,2400,3000,8000,9500,9900,51092,21236,330,500.3672175350303,268.3118999993894,9884.989999998652,1649.041024035074
1782825810,500,,Aggregated,97.000000,46.600000,330,370,420,480,780,1400,2400,3000,8000,9500,9900,51190,21276,330,500.12372825160725,268.3118999993894,9884.989999998652,1648.172103926548
1782825811,500,,Aggregated,99.400000,46.500000,330,370,420,480,780,1400,2400,3000,8000,9500,9900,51284,21322,330,499.80596633452484,268.3118999993894,9884.989999998652,1647.3903361672255
1782825812,500,,Aggregated,96.800000,45.100000,330,370,420,480,770,1400,2400,3000,8000,9500,9900,51392,21367,330,499.4363074350053,268.3118999993894,9884.989999998652,1646.2297828455792
1782825813,500,,Aggregated,97.400000,45.900000,330,370,420,480,770,1400,2400,3000,8000,9500,9900,51465,21411,330,499.17332209850946,268.3118999993894,9884.989999998652,1646.056465559118
1782825814,500,,Aggregated,97.000000,44.400000,330,370,420,480,770,1400,2400,3000,8000,9500,9900,51565,21459,330,498.8871301095665,268.3118999993894,9884.989999998652,1647.1098613400563
1782825815,500,,Aggregated,96.500000,44.600000,330,370,420,480,770,1400,2400,3000,8000,9500,9900,51635,21495,330,498.94767005131865,268.3118999993894,9884.989999998652,1647.0276750266291
1782825816,500,,Aggregated,95.200000,44.700000,330,370,420,480,770,1400,2400,3000,8000,9500,9900,51768,21561,330,499.1428608329433,268.3118999993894,9884.989999998652,1645.1397774687066
1782825817,500,,Aggregated,94.700000,43.600000,330,370,420,480,770,1400,2400,3000,8000,9500,9900,51878,21617,330,498.842863053699,268.3118999993894,9884.989999998652,1647.8504375650564
1782825818,500,,Aggregated,97.600000,45.900000,330,370,420,480,770,1400,2400,2900,8000,9500,9900,51971,21664,330,498.5291483154027,268.3118999993894,9884.989999998652,1647.1094071693828
1782825819,500,,Aggregated,98.300000,47.000000,330,370,420,480,770,1400,2400,2900,7600,9500,9900,52070,21721,330,498.1777886902207,268.3118999993894,9884.989999998652,1644.2246591127328
1782825820,500,,Aggregated,97.000000,45.900000,330,370,420,480,770,1400,2400,2900,7600,9500,9900,52164,21770,330,497.86331632734846,268.3118999993894,9884.989999998652,1645.3900007668124
1782825821,500,,Aggregated,97.500000,47.800000,330,370,420,470,770,1400,2400,2900,7600,9500,9900,52269,21831,330,497.5097301746689,268.3118999993894,9884.989999998652,1644.2766075494078
1782825822,500,,Aggregated,97.500000,48.900000,330,370,420,470,770,1400,2400,2900,7600,9500,9900,52362,21876,330,497.1988836828188,268.3118999993894,9884.989999998652,1643.588671173752
1782825823,500,,Aggregated,97.800000,50.500000,330,370,420,470,770,1400,2400,2900,7600,9500,9900,52461,21926,330,496.85354193590945,268.3118999993894,9884.989999998652,1640.7719448733344
1782825824,500,,Aggregated,95.900000,50.300000,330,370,420,470,770,1400,2400,2900,7600,9500,9900,52563,21975,330,496.4919372543374,268.3118999993894,9884.989999998652,1641.7304948347696
1782825825,500,,Aggregated,97.900000,50.700000,330,370,420,470,770,1400,2400,2900,7600,9500,9900,52654,22013,330,496.2165477912357,268.3118999993894,9884.989999998652,1639.1454590344513
1782825826,500,,Aggregated,99.500000,51.300000,330,370,420,470,770,1400,2400,2900,7600,9500,9900,52760,22069,330,495.8990953676972,268.3118999993894,9884.989999998652,1636.1065390447309
1782825827,500,,Aggregated,99.600000,50.500000,330,370,410,470,760,1400,2400,2900,7600,9500,9900,52855,22112,330,495.5780501277022,268.3118999993894,9884.989999998652,1635.3452275092234
1782825828,500,,Aggregated,97.300000,49.400000,330,370,410,470,760,1400,2400,2900,7600,9500,9900,52955,22154,330,495.25073396656995,268.3118999993894,9884.989999998652,1640.260107638561
1782825829,500,,Aggregated,97.100000,49.100000,330,370,410,470,760,1400,2400,2900,7600,9500,9900,53050,22207,330,494.9389150310966,268.3118999993894,9884.989999998652,1639.4601885014138
1782825830,500,,Aggregated,98.400000,49.500000,330,370,410,470,760,1400,2400,2900,7600,9500,9900,53136,22246,330,494.6524026121587,268.3118999993894,9884.989999998652,1638.9649766636555
1782825831,500,,Aggregated,97.100000,48.400000,330,370,410,470,760,1400,2400,2900,7600,9500,9900,53250,22302,330,494.2796732713556,268.3118999993894,9884.989999998652,1639.5963755868545
1782825832,500,,Aggregated,96.800000,48.000000,330,370,410,470,760,1400,2400,2900,7600,9500,9900,53359,22348,330,493.97211220224693,268.3118999993894,9884.989999998652,1638.4551622031897
1782825833,500,,Aggregated,96.700000,46.400000,330,370,410,470,760,1400,2400,2900,7600,9500,9900,53458,22387,330,493.742639423467,268.3118999993894,9884.989999998652,1639.4959407385238
1782825834,500,,Aggregated,98.800000,47.400000,330,370,410,470,760,1300,2400,2900,7600,9500,9900,53539,22417,330,493.5152595154878,268.3118999993894,9884.989999998652,1639.1687368086816
1782825835,500,,Aggregated,97.500000,45.800000,330,370,410,470,760,1300,2400,2900,7600,9500,9900,53636,22464,330,493.2423392739889,268.3118999993894,9884.989999998652,1636.467596390484
1782825836,500,,Aggregated,96.900000,44.200000,330,370,410,470,760,1300,2400,2900,7600,9500,9900,53692,22489,330,493.13679614839555,268.3118999993894,9884.989999998652,1636.8068799821203
1782825837,500,,Aggregated,97.800000,45.000000,330,370,410,470,760,1300,2400,2900,7600,9500,9900,53822,22542,330,493.0451202872368,268.3118999993894,9884.989999998652,1638.9039797852179
1782825838,500,,Aggregated,94.200000,43.100000,330,370,410,470,760,1300,2400,2900,7600,9500,9900,53940,22609,330,492.7485997404462,268.3118999993894,9884.989999998652,1637.4957174638487
1782825839,500,,Aggregated,95.000000,42.700000,330,370,410,470,750,1300,2400,2900,7500,9500,9900,54035,22660,330,492.4465821171405,268.3118999993894,9884.989999998652,1634.8580734708985
1782825840,500,,Aggregated,94.000000,42.200000,330,370,410,470,750,1300,2400,2900,7500,9500,9900,54118,22701,330,492.17709486307155,268.3118999993894,9884.989999998652,1632.553993126132
1782825841,500,,Aggregated,95.900000,43.800000,330,370,410,470,750,1300,2400,2900,7500,9500,9900,54224,22740,330,491.8369891394896,268.3118999993894,9884.989999998652,1629.68436485689
1782825842,500,,Aggregated,97.600000,45.000000,330,370,410,470,750,1300,2400,2900,7500,9500,9900,54303,22776,330,491.5812371397468,268.3118999993894,9884.989999998652,1627.5295287553174
1782825843,500,,Aggregated,95.400000,43.600000,330,370,410,470,750,1300,2400,2900,7500,9500,9900,54421,22830,330,491.2672583487939,268.3118999993894,9884.989999998652,1629.985648922291
1782825844,500,,Aggregated,93.300000,41.900000,330,370,410,470,750,1300,2400,2900,7500,9500,9900,54507,22864,330,491.02964937163506,268.3118999993894,9884.989999998652,1629.5691012163575
1782825845,500,,Aggregated,94.300000,43.000000,330,370,410,460,750,1300,2400,2900,7500,9500,9900,54605,22905,330,490.85397519457376,268.3118999993894,9884.989999998652,1626.9443091292005
1782825846,500,,Aggregated,94.500000,43.700000,330,370,410,460,750,1300,2400,2900,7500,9500,9900,54718,22959,330,490.58213061514857,268.3118999993894,9884.989999998652,1625.7353704448262
1782825847,500,,Aggregated,93.400000,43.300000,330,370,410,460,750,1300,2400,2900,7500,9500,9900,54815,23012,330,490.29367328650386,268.3118999993894,9884.989999998652,1628.6422147222477
1782825848,500,,Aggregated,97.600000,44.100000,330,360,410,460,750,1300,2400,2900,7500,9500,9900,54896,23052,330,490.0558422507964,268.3118999993894,9884.989999998652,1626.4457883998834
1782825849,500,,Aggregated,97.200000,45.500000,330,360,410,460,740,1300,2400,2900,7500,9500,9900,54998,23103,330,489.78904352339595,268.3118999993894,9884.989999998652,1627.40239645078
1782825850,500,,Aggregated,96.400000,45.500000,330,360,410,460,740,1300,2400,2900,7500,9500,9900,55100,23148,330,489.5034851941879,268.3118999993894,9884.989999998652,1626.5237931034483
1782825851,500,,Aggregated,93.700000,43.100000,330,360,410,460,740,1300,2400,2900,7500,9500,9900,55197,23196,330,489.1960848143885,268.3118999993894,9884.989999998652,1625.7819627878328
1782825852,500,,Aggregated,94.300000,43.200000,330,360,410,460,740,1300,2400,2900,7500,9500,9900,55290,23244,330,488.93625319225504,268.3118999993894,9884.989999998652,1623.2671369144512
1782825853,500,,Aggregated,96.700000,44.300000,330,360,410,460,740,1300,2400,2900,7500,9500,9900,55390,23290,330,488.6742193590861,268.3118999993894,9884.989999998652,1620.5981946199674
1782825854,500,,Aggregated,96.800000,45.400000,330,360,410,460,740,1300,2400,2900,7500,9500,9900,55481,23334,330,488.4604230655497,268.3118999993894,9884.989999998652,1618.1859555523513
1782825855,500,,Aggregated,96.200000,45.500000,330,360,410,460,740,1300,2400,2900,7500,9500,9900,55577,23386,330,488.1839302985004,268.3118999993894,9884.989999998652,1619.2698778271588
1782825856,500,,Aggregated,95.100000,45.100000,330,360,410,460,740,1300,2400,2900,7500,9500,9900,55690,23444,330,487.85694481055435,268.3118999993894,9884.989999998652,1621.7516968935176
1782825857,500,,Aggregated,96.100000,46.200000,330,360,410,460,740,1300,2400,2900,7500,9500,9900,55782,23484,330,487.5870764027785,268.3118999993894,9884.989999998652,1624.8164999462192
1782825858,500,,Aggregated,96.200000,48.000000,330,360,410,460,740,1300,2400,2900,7500,9500,9900,55885,23533,330,487.4463506826482,268.3118999993894,9884.989999998652,1623.8793772926545
1782825859,500,,Aggregated,95.800000,47.600000,330,360,410,460,740,1300,2400,2900,7500,9500,9900,55985,23582,330,487.2769845154918,268.3118999993894,9884.989999998652,1626.7043136554435
1782825860,500,,Aggregated,97.200000,47.400000,330,360,410,460,740,1300,2400,2900,7300,9500,9900,56086,23626,330,486.9836456459695,268.27849999972386,9884.989999998652,1624.0609421245945
1782825861,500,,Aggregated,98.100000,47.700000,330,360,410,460,740,1300,2400,2900,7300,9500,9900,56188,23678,330,486.6614962803418,268.27849999972386,9884.989999998652,1623.1867658574786
1782825862,500,,Aggregated,97.500000,47.200000,330,360,410,460,730,1300,2400,2900,7300,9500,9900,56265,23720,330,486.5069905500722,268.27849999972386,9884.989999998652,1622.9750288811872
1782825863,500,,Aggregated,97.000000,47.200000,330,360,410,460,730,1300,2400,2900,7300,9500,9900,56361,23768,330,486.35983745142613,268.27849999972386,9884.989999998652,1620.4307588580757
1782825864,500,,Aggregated,98.400000,48.100000,330,360,410,460,730,1300,2300,2900,7300,9500,9900,56452,23812,330,486.1611202012297,268.27849999972386,9884.989999998652,1621.6642103025579
1782825865,500,,Aggregated,96.100000,47.100000,330,360,410,460,730,1300,2300,2900,7300,9500,9900,56558,23858,330,485.83912113582215,268.27849999972386,9884.989999998652,1622.491389370204
1782825866,500,,Aggregated,97.100000,48.000000,330,360,410,460,730,1300,2300,2900,7300,9500,9900,56655,23908,330,485.539015424937,268.27849999972386,9884.989999998652,1619.963074750684
1782825867,500,,Aggregated,96.700000,47.900000,330,360,410,460,730,1300,2300,2900,7300,9500,9900,56752,23960,330,485.26274259409047,268.27849999972386,9884.989999998652,1621.0149598252044
1782825868,500,,Aggregated,96.200000,46.100000,330,360,410,460,730,1300,2300,2900,7300,9500,9900,56845,24004,330,485.0037478828358,268.27849999972386,9884.989999998652,1623.981827777289
1782825869,500,,Aggregated,96.300000,45.900000,330,360,410,460,730,1300,2300,2900,7300,9500,9900,56937,24055,330,484.75101262974533,268.27849999972386,9884.989999998652,1626.9502081247695
1782825870,500,,Aggregated,95.600000,47.100000,330,360,410,460,730,1300,2300,2900,7200,9500,9900,57042,24114,330,484.4575136022545,268.27849999972386,9884.989999998652,1626.0001753094211
1782825871,500,,Aggregated,95.700000,47.200000,330,360,410,460,730,1300,2300,2900,7200,9500,9900,57143,24164,330,484.17052891867377,268.27849999972386,9884.989999998652,1625.1325446686383
1782825872,500,,Aggregated,94.700000,47.300000,330,360,410,460,730,1300,2300,2800,7200,9500,9900,57236,24208,330,484.03740395729574,268.27849999972386,9884.989999998652,1631.6125690125095
1782825873,500,,Aggregated,95.000000,48.800000,330,360,400,460,730,1300,2300,2800,7200,9500,9900,57340,24255,330,483.7420447854862,268.27849999972386,9884.989999998652,1632.4574991280083
1782825874,500,,Aggregated,94.400000,47.700000,330,360,400,460,730,1300,2300,2800,7200,9500,9900,57433,24300,330,483.4631505179909,268.27849999972386,9884.989999998652,1633.5828008287917
1782825875,500,,Aggregated,96.800000,48.700000,330,360,400,460,730,1300,2300,2800,7200,9500,9900,57533,24350,330,483.1629426850637,268.27849999972386,9884.989999998652,1631.0034415031373
1782825877,500,,Aggregated,97.200000,48.400000,330,360,400,450,720,1300,2300,2800,7200,9500,9900,57628,24398,330,482.87927789962833,268.27849999972386,9884.989999998652,1632.058981744985
1782825878,500,,Aggregated,97.200000,49.200000,330,360,400,450,720,1300,2300,2800,7200,9500,9900,57718,24450,330,482.6230060674285,268.27849999972386,9884.989999998652,1633.2309851346201
1782825879,500,,Aggregated,96.300000,48.600000,330,360,400,450,720,1300,2300,2800,7200,9500,9900,57812,24496,330,482.33649237528294,268.27849999972386,9884.989999998652,1632.558534560299
1782825880,500,,Aggregated,96.000000,48.700000,330,360,400,450,720,1300,2300,2800,7200,9500,9900,57915,24543,330,482.0475269446578,268.27849999972386,9884.989999998652,1633.4094276094277
1782825881,500,,Aggregated,95.800000,48.700000,330,360,400,450,720,1300,2300,2800,7200,9500,9900,58012,24590,330,481.8031375318873,268.27849999972386,9884.989999998652,1630.8900572295388
1782825882,500,,Aggregated,96.900000,48.200000,330,360,400,450,720,1300,2300,2800,7200,9500,9900,58113,24637,330,481.54344501918456,268.27849999972386,9884.989999998652,1630.0612427511917
1782825883,500,,Aggregated,95.000000,46.500000,330,360,400,450,720,1300,2300,2800,7200,9500,9900,58208,24683,330,481.28710179700164,268.27849999972386,9884.989999998652,1631.1195883727323
1782825884,500,,Aggregated,96.500000,47.200000,330,360,400,450,720,1300,2300,2800,7200,9500,9900,58304,24722,330,481.02680671308804,268.27849999972386,9884.989999998652,1637.4285469264544
1782825885,500,,Aggregated,96.200000,46.900000,330,360,400,450,720,1300,2300,2800,7200,9500,9900,58393,24758,330,480.77444620074095,268.27849999972386,9884.989999998652,1636.9110167314575
1782825886,500,,Aggregated,95.400000,46.400000,330,360,400,450,720,1300,2300,2800,7200,9500,9900,58487,24799,330,480.5732360062893,268.27849999972386,9884.989999998652,1638.0167216646435
1782825887,500,,Aggregated,95.100000,45.500000,330,360,400,450,720,1300,2300,2800,7200,9500,9900,58587,24845,330,480.51861736391794,268.27849999972386,9884.989999998652,1635.4395514363255
1782825888,500,,Aggregated,94.400000,44.300000,330,360,400,450,720,1300,2300,2800,7200,9500,9900,58694,24902,330,480.2383654291727,268.27849999972386,9884.989999998652,1632.6890312468054
1782825889,500,,Aggregated,94.800000,44.200000,330,360,400,450,720,1300,2300,2800,7200,9500,9900,58796,24956,330,479.9456310157125,268.27849999972386,9884.989999998652,1631.8220457173957
1782825890,500,,Aggregated,97.000000,45.000000,330,360,400,450,720,1300,2300,2800,7200,9500,9900,58885,25004,330,479.6808904254025,268.27849999972386,9884.989999998652,1631.2824148764541
1782825891,500,,Aggregated,98.500000,46.000000,330,360,400,450,710,1300,2300,2800,7200,9500,9900,58973,25041,330,479.43088521187366,268.27849999972386,9884.989999998652,1635.995947297916
1782825892,500,,Aggregated,96.600000,46.100000,330,360,400,450,710,1300,2300,2800,7200,9500,9900,59062,25079,330,479.2772795977081,268.27849999972386,9884.989999998652,1635.4848125698418
1782825893,500,,Aggregated,97.200000,45.600000,330,360,400,450,710,1300,2300,2800,7200,9500,9900,59156,25129,330,479.03638454087223,268.27849999972386,9884.989999998652,1634.8255798228413
1782825894,500,,Aggregated,94.500000,44.000000,330,360,400,450,710,1300,2300,2800,7200,9500,9900,59275,25181,330,478.752195451705,268.27849999972386,9884.989999998652,1631.8677351328554
1782825895,500,,Aggregated,94.400000,44.700000,330,360,400,450,710,1300,2300,2800,7200,9500,9900,59370,25230,330,478.58350336196395,268.27849999972386,9884.989999998652,1631.1875357924878
1782825896,500,,Aggregated,96.600000,45.600000,330,360,400,450,710,1300,2300,2800,7200,9500,9900,59460,25282,330,478.43913013790404,268.27849999972386,9884.989999998652,1632.307635385133
1782825897,500,,Aggregated,97.900000,47.100000,330,360,400,450,710,1300,2300,2800,7200,9500,9900,59553,25335,330,478.2260180293149,268.27849999972386,9884.989999998652,1633.3504945174886
1782825898,500,,Aggregated,96.800000,47.900000,330,360,400,450,710,1300,2300,2800,7200,9500,9900,59652,25378,330,478.0879505196774,268.27849999972386,9884.989999998652,1632.6003151612688
1782825899,500,,Aggregated,97.200000,49.200000,330,360,400,450,710,1300,2300,2800,7200,9500,9900,59758,25424,330,478.02368356203044,268.27849999972386,9884.989999998652,1635.100404966699
1782825900,500,,Aggregated,95.400000,47.300000,330,360,400,450,710,1300,2300,2800,7200,9500,9900,59864,25474,330,477.7653404082553,268.27849999972386,9884.989999998652,1634.1665775758386
1782825901,500,,Aggregated,93.800000,45.500000,330,360,400,450,710,1300,2300,2800,7200,9500,9900,59964,25520,330,477.55573507103946,268.27849999972386,9884.989999998652,1633.3886165032352
1782825902,500,,Aggregated,97.100000,46.500000,330,360,400,450,710,1300,2300,2800,7200,9500,9900,60047,25566,330,477.44500722600304,268.27849999972386,9884.989999998652,1631.3160857328426
1782825903,500,,Aggregated,96.800000,47.000000,330,360,400,450,710,1300,2300,2800,7200,9500,9900,60145,25618,330,477.189942553825,268.27849999972386,9884.989999998652,1630.5494887355558
1782825904,500,,Aggregated,96.800000,47.000000,330,360,400,450,710,1300,2300,2800,7200,9500,9900,60206,25647,330,477.0488328522046,268.27849999972386,9884.989999998652,1629.0477194963958
1782825905,500,,Aggregated,96.800000,47.000000,330,360,400,450,710,1300,2300,2800,7200,9500,9900,60206,25647,330,477.0488328522046,268.27849999972386,9884.989999998652,1629.0477194963958
1782825906,500,,Aggregated,94.300000,47.100000,330,360,400,450,720,1300,2300,2800,7200,9500,9900,60438,25753,330,479.42549081703305,268.27849999972386,9884.989999998652,1628.4150699890797
1782825907,500,,Aggregated,84.200000,42.100000,330,360,400,450,720,1300,2300,2800,7200,9500,9900,60528,25788,330,479.32889516256677,268.27849999972386,9884.989999998652,1627.9252907745176
1782825908,500,,Aggregated,96.100000,46.700000,330,360,400,450,720,1300,2300,2800,7200,9500,9900,60607,25824,330,479.11610569570917,268.27849999972386,9884.989999998652,1625.9878396884849
1782825909,500,,Aggregated,94.200000,44.200000,330,360,400,450,720,1300,2300,2800,7200,9500,9900,60693,25871,330,478.9530071523877,268.27849999972386,9884.989999998652,1623.8705452029064
1782825910,500,,Aggregated,94.900000,44.100000,330,360,400,450,720,1300,2300,2800,7200,9500,9900,60786,25910,330,478.70717312538835,268.27849999972386,9884.989999998652,1621.6197315171257
1782825911,500,,Aggregated,91.600000,43.100000,330,360,400,450,710,1300,2300,2800,7200,9500,9900,60879,25957,330,478.48760274642893,268.27849999972386,9884.989999998652,1621.037796284433
1782825912,500,,Aggregated,91.300000,43.300000,330,360,400,450,710,1300,2300,2800,7200,9500,9900,60980,26006,330,478.27744406198485,268.27849999972386,9884.989999998652,1618.5525090193505
1782825913,500,,Aggregated,91.300000,43.100000,330,360,400,450,710,1300,2300,2800,7100,9500,9900,61097,26062,330,477.9875305088608,268.27849999972386,9884.989999998652,1620.739970866
1782825914,500,,Aggregated,92.100000,43.300000,330,360,400,450,710,1300,2300,2800,7100,9500,9900,61201,26102,330,477.7087880214355,268.27849999972386,9884.989999998652,1619.9188575350076
1782825915,500,,Aggregated,93.100000,43.300000,330,360,400,450,710,1300,2300,2800,7100,9500,9900,61288,26150,330,477.4808723355288,268.27849999972386,9884.989999998652,1617.802571465866
1782825916,500,,Aggregated,96.100000,44.200000,330,360,400,450,710,1300,2300,2800,7100,9500,9900,61381,26188,330,477.2593973802955,268.27849999972386,9884.989999998652,1620.5674231439696
1782825917,500,,Aggregated,105.300000,48.600000,330,360,400,450,710,1300,2200,2800,7100,9500,9900,61486,26229,330,477.4351411313127,268.27849999972386,9884.989999998652,1621.3939921282893
1782825918,500,,Aggregated,93.600000,43.500000,330,360,400,450,710,1300,2200,2800,7100,9500,9900,61580,26274,330,477.1930926323463,268.27849999972386,9884.989999998652,1619.140565118545
1782825919,500,,Aggregated,89.100000,41.400000,330,360,400,450,710,1300,2200,2800,7100,9500,9900,61671,26322,330,477.19669163463976,268.27849999972386,9884.989999998652,1620.2357023560508
1782825920,500,,Aggregated,95.700000,44.500000,330,360,400,450,710,1300,2200,2800,7100,9500,9900,61765,26363,330,477.05951178013265,268.27849999972386,9884.989999998652,1617.9932647939772
1782825921,500,,Aggregated,96.000000,44.400000,330,360,400,450,710,1300,2200,2800,7100,9500,9900,61847,26410,330,476.9662149918329,268.27849999972386,9884.989999998652,1616.0248031432407
1782825922,500,,Aggregated,97.600000,44.700000,330,360,400,450,710,1300,2200,2800,7100,9500,9900,61976,26471,330,476.8476300842238,268.27849999972386,9884.989999998652,1621.1665322060153
1782825923,500,,Aggregated,97.300000,45.700000,330,360,400,450,710,1300,2200,2800,7000,9500,9900,62058,26502,330,476.64728807566837,268.27849999972386,9884.989999998652,1622.5541590125367
1782825924,500,,Aggregated,99.900000,46.900000,330,360,400,450,710,1300,2200,2800,7000,9500,9900,62152,26552,330,476.5251318412893,268.27849999972386,9884.989999998652,1620.3096280087527
1782825925,500,,Aggregated,97.800000,44.900000,330,360,400,450,710,1300,2200,2800,7000,9500,9900,62256,26600,330,476.414059113978,268.27849999972386,9884.989999998652,1619.4883224106914
1782825926,500,,Aggregated,93.800000,44.100000,330,360,400,450,710,1300,2200,2800,7000,9500,9900,62335,26639,330,476.24819423758424,268.27849999972386,9884.989999998652,1619.2498917141254
1782825927,500,,Aggregated,95.400000,44.800000,330,360,400,450,710,1300,2200,2800,7000,9500,9900,62457,26702,330,476.1231383767999,268.27849999972386,9884.989999998652,1617.9636710056518
1782825928,500,,Aggregated,96.800000,45.400000,330,360,400,450,710,1300,2200,2800,7000,9500,9900,62550,26752,330,475.9604154292534,268.27849999972386,9884.989999998652,1622.2489208633094
1782825929,500,,Aggregated,101.900000,48.400000,330,360,400,450,710,1300,2200,2800,7000,9500,9900,62652,26796,330,475.75342344058924,268.27849999972386,9884.989999998652,1623.0982570388815
1782825930,500,,Aggregated,95.600000,46.800000,330,360,400,450,710,1300,2200,2800,7000,9500,9900,62747,26852,330,475.5037704734851,268.27849999972386,9884.989999998652,1622.4645002948348
1782825931,500,,Aggregated,99.700000,49.000000,330,360,400,450,710,1300,2200,2800,7000,9500,9900,62840,26891,330,475.2733712157827,268.27849999972386,9884.989999998652,1623.532956715468
1782825932,500,,Aggregated,96.600000,47.800000,330,360,400,450,710,1300,2200,2800,7000,9500,9900,62932,26934,330,475.0786523946451,268.27849999972386,9884.989999998652,1622.9992531621433
1782825933,500,,Aggregated,97.500000,47.900000,330,360,400,450,710,1300,2200,2800,7000,9500,9900,63025,26973,330,474.85668066322626,268.27849999972386,9884.989999998652,1620.8187385957954
1782825934,500,,Aggregated,92.300000,44.800000,330,360,400,450,710,1200,2200,2800,7000,9500,9900,63116,27023,330,474.62003343842787,268.27849999972386,9884.989999998652,1620.2899423284111
1782825935,500,,Aggregated,95.700000,47.100000,330,360,400,450,700,1200,2200,2800,7000,9500,9900,63218,27078,330,474.3556514726793,268.27849999972386,9884.989999998652,1617.8910278718088
1782825936,500,,Aggregated,97.500000,47.800000,330,360,400,450,700,1200,2200,2800,7000,9500,9900,63315,27126,330,474.1260880707545,268.27849999972386,9884.989999998652,1617.2198057332387
1782825937,500,,Aggregated,95.000000,46.700000,330,360,400,450,700,1200,2200,2800,7000,9500,9900,63405,27163,330,473.9197119154606,268.27849999972386,9884.989999998652,1615.128948821071
1782825938,500,,Aggregated,95.700000,47.500000,330,360,400,450,700,1200,2200,2800,7000,9500,9900,63512,27213,330,473.67360227043343,268.27849999972386,9884.989999998652,1617.4677856153169
1782825939,500,,Aggregated,96.100000,47.300000,330,360,400,450,700,1200,2200,2800,7000,9500,9900,63588,27245,330,473.51109963200275,268.27849999972386,9884.989999998652,1617.3316348996666
1782825940,500,,Aggregated,95.500000,46.200000,330,360,400,450,700,1200,2200,2800,7000,9500,9900,63632,27266,330,473.83272912842244,268.27849999972386,9884.989999998652,1616.307643952728
1782825941,500,,Aggregated,94.600000,45.600000,330,360,400,450,710,1200,2200,2800,7000,9500,9900,63807,27342,330,474.6778796009814,268.27849999972386,9884.989999998652,1615.4534612189884
1782825942,500,,Aggregated,89.800000,42.500000,330,360,400,450,710,1200,2200,2800,7000,9500,9900,63899,27384,330,474.49832094398636,268.27849999972386,9884.989999998652,1614.942424764081
1782825943,500,,Aggregated,89.500000,40.800000,330,360,400,450,710,1200,2200,2800,7000,9500,9900,63991,27437,330,474.2761143973339,268.27849999972386,9884.989999998652,1614.3975246519042
1782825944,500,,Aggregated,97.500000,45.400000,330,360,400,450,710,1200,2200,2800,6900,9500,9900,64079,27483,330,474.0716020162577,268.27849999972386,9884.989999998652,1613.936999641068
1782825945,500,,Aggregated,94.500000,43.700000,330,360,400,450,710,1200,2200,2800,6900,9500,9900,64161,27533,330,473.94354656566713,268.27849999972386,9884.989999998652,1613.6200807344026
1782825946,500,,Aggregated,94.400000,44.400000,330,360,400,450,710,1200,2200,2800,6900,9500,9900,64256,27585,330,473.7311798820308,268.27849999972386,9884.989999998652,1614.6161759213148
1782825947,500,,Aggregated,94.800000,45.300000,330,360,400,450,710,1200,2200,2700,6900,9500,9900,64365,27631,330,473.54189280819907,268.27849999972386,9884.989999998652,1618.4817991144255
1782825948,500,,Aggregated,92.900000,44.400000,330,360,400,450,710,1200,2200,2700,6900,9500,9900,64468,27681,330,473.30372234906844,268.27849999972386,9884.989999998652,1617.714804243966
1782825949,500,,Aggregated,92.500000,45.600000,330,360,400,450,710,1200,2200,2700,6900,9500,9900,64565,27730,330,473.09040345078245,268.27849999972386,9884.989999998652,1617.0561449701852
1782825950,500,,Aggregated,94.400000,45.800000,330,360,400,450,700,1200,2200,2700,6900,9500,9900,64664,27776,330,472.9007970091517,268.27849999972386,9884.989999998652,1617.9439255227019
1782825951,500,,Aggregated,95.500000,46.400000,330,360,400,450,700,1200,2200,2700,6900,9500,9900,64763,27822,330,472.7011724966386,268.27849999972386,9884.989999998652,1618.8363880610843
1782825952,500,,Aggregated,98.500000,49.100000,330,360,400,450,700,1200,2200,2700,6900,9500,9900,64857,27863,330,472.4786089427482,268.27849999972386,9884.989999998652,1616.7253496153076
1782825953,500,,Aggregated,100.500000,50.500000,330,360,400,450,700,1200,2200,2700,6900,9500,9900,64960,27910,330,472.3102747044301,268.27849999972386,9884.989999998652,1617.5336052955665
1782825954,500,,Aggregated,94.900000,47.300000,330,360,400,450,700,1200,2200,2700,6900,9500,9900,65064,27960,330,472.12503858661904,268.27849999972386,9884.989999998652,1615.178516537563
1782825955,500,,Aggregated,95.800000,47.800000,330,360,400,450,700,1200,2200,2700,6900,9500,9900,65148,27998,330,471.94611417848296,268.27849999972386,9884.989999998652,1616.3964818566956
1782825956,500,,Aggregated,95.700000,46.500000,330,360,400,450,700,1200,2200,2700,6900,9500,9900,65246,28042,330,471.743256352877,268.27849999972386,9884.989999998652,1614.214158722374
1782825957,500,,Aggregated,98.300000,47.300000,330,360,400,450,700,1200,2200,2700,6900,9500,9900,65351,28103,330,471.55065935639584,268.27849999972386,9884.989999998652,1614.9407660173524
1782825958,500,,Aggregated,98.500000,46.500000,330,360,400,440,700,1200,2200,2700,6900,9500,9900,65464,28150,330,471.31903109647794,268.27849999972386,9884.989999998652,1618.6286508615422
1782825959,500,,Aggregated,98.900000,45.800000,330,360,400,440,700,1200,2200,2700,6900,9500,9900,65548,28186,330,471.1671944681734,268.27849999972386,9884.989999998652,1616.7334472447671
1782825960,500,,Aggregated,98.100000,47.100000,330,360,400,440,700,1200,2200,2700,6900,9500,9900,65642,28231,330,471.0026007114321,268.27849999972386,9884.989999998652,1617.7341641022515
1782825961,500,,Aggregated,98.300000,46.100000,330,360,400,440,700,1200,2200,2700,6900,9500,9900,65726,28271,330,471.07324128502967,268.27849999972386,9884.989999998652,1617.3938015397255
1782825962,500,,Aggregated,98.900000,45.900000,330,360,400,440,700,1200,2200,2700,6900,9500,9900,65850,28338,330,470.8983543675,268.27849999972386,9884.989999998652,1619.2420197418376
1782825963,500,,Aggregated,96.500000,45.100000,330,360,400,440,700,1200,2200,2700,6900,9500,9900,65947,28380,330,470.7336682487435,268.27849999972386,9884.989999998652,1618.6483994723035
1782825964,500,,Aggregated,96.000000,45.600000,330,360,400,440,700,1200,2200,2700,6900,9500,9900,66044,28425,330,470.5780087093435,268.27849999972386,9884.989999998652,1618.0531766700988
1782825965,500,,Aggregated,98.500000,47.400000,330,360,400,440,700,1200,2200,2700,6900,9500,9900,66060,28432,330,470.6510143051752,268.27849999972386,9884.989999998652,1617.6926279140175
1782825966,500,,Aggregated,99.700000,47.800000,330,360,400,450,700,1200,2200,2700,6900,9500,9900,66216,28505,330,470.92503843179685,268.27849999972386,9884.989999998652,1617.2920291168298
1782825967,500,,Aggregated,95.800000,45.600000,330,360,400,450,700,1200,2200,2700,6900,9500,9900,66320,28557,330,470.7273863389604,268.27849999972386,9884.989999998652,1618.0261007237636
1782825968,500,,Aggregated,95.700000,45.500000,330,360,400,440,700,1200,2200,2700,6900,9500,9900,66409,28599,330,470.547228246169,268.27849999972386,9884.989999998652,1619.115511451761
1782825969,500,,Aggregated,96.500000,45.900000,330,360,400,440,700,1200,2200,2700,6900,9500,9900,66500,28653,330,470.34235946465935,268.27849999972386,9884.989999998652,1617.0722255639098
1782825970,500,,Aggregated,95.900000,45.100000,330,360,400,440,700,1200,2200,2700,6900,9500,9900,66598,28693,330,470.1845079762134,268.27849999972386,9884.989999998652,1614.9213039430613
1782825971,500,,Aggregated,93.400000,45.200000,330,360,400,440,700,1200,2200,2700,6900,9500,9900,66676,28732,330,470.0534728522984,268.27849999972386,9884.989999998652,1613.2023216749656
1782825972,500,,Aggregated,94.700000,46.500000,330,360,400,440,700,1200,2100,2700,6900,9500,9900,66797,28793,330,469.79805445603654,268.27849999972386,9884.989999998652,1612.0677425632887
1782825973,500,,Aggregated,95.400000,46.100000,330,360,400,440,700,1200,2100,2700,6900,9500,9900,66887,28842,330,469.6394344596088,268.27849999972386,9884.989999998652,1614.6623708642935
1782825974,500,,Aggregated,94.500000,45.200000,330,360,400,440,700,1200,2100,2700,6900,9500,9900,66971,28884,330,469.50348216690605,268.27849999972386,9884.989999998652,1615.8537575965715
1782825975,500,,Aggregated,93.700000,44.800000,330,360,400,440,700,1200,2100,2700,6900,9500,9900,67068,28935,330,469.29491979036027,268.27849999972386,9884.989999998652,1613.7126796683963
1782825976,500,,Aggregated,92.000000,45.400000,330,360,400,440,700,1200,2100,2700,6900,9500,9900,67162,28980,330,469.21996128465327,268.27849999972386,9884.989999998652,1616.2079003007652
1782825977,500,,Aggregated,94.100000,46.600000,330,360,400,440,700,1200,2100,2700,6900,9500,9900,67271,29032,330,469.0640702590993,268.27849999972386,9884.989999998652,1615.3459737479745
1782825978,500,,Aggregated,94.800000,47.500000,330,360,400,440,700,1200,2100,2700,6900,9500,9900,67360,29082,330,468.95505704720716,268.27849999972386,9884.989999998652,1613.4039043942994
1782825979,500,,Aggregated,95.200000,47.400000,330,360,400,440,700,1200,2100,2700,6900,9500,9900,67388,29098,330,468.9159958850221,268.27849999972386,9884.989999998652,1614.3051581884015
1782825980,500,,Aggregated,93.900000,47.100000,330,360,400,440,700,1200,2100,2700,6900,9500,9900,67456,29132,330,470.0673075589996,268.27849999972386,9884.989999998652,1614.3173920777988
1782825981,500,,Aggregated,94.600000,47.900000,330,360,400,450,710,1200,2100,2700,6900,9500,9900,67597,29200,330,471.393318030384,268.27849999972386,9884.989999998652,1612.7773865704098
1782825982,500,,Aggregated,86.500000,43.300000,330,360,400,450,710,1200,2100,2700,6900,9500,9900,67720,29260,330,471.63412664353007,268.27849999972386,9884.989999998652,1611.5965593620792
1782825983,500,,Aggregated,83.800000,43.000000,330,360,400,450,710,1200,2100,2700,6900,9500,9900,67809,29302,330,471.47637490303447,268.27849999972386,9884.989999998652,1611.1940155436594
1782825984,500,,Aggregated,91.000000,46.600000,330,360,400,450,710,1200,2100,2700,6900,9500,9900,67900,29346,330,471.2552044432966,268.27849999972386,9884.989999998652,1610.7351104565537
1782825985,500,,Aggregated,91.100000,46.400000,330,360,400,450,710,1200,2100,2700,6900,9500,9900,67974,29377,330,471.10166227086626,268.27849999972386,9884.989999998652,1612.1551034218967
1782825986,500,,Aggregated,91.300000,45.300000,330,360,400,450,710,1200,2100,2700,6900,9500,9900,68068,29428,330,470.96732824675166,268.27849999972386,9884.989999998652,1611.6280043485926
1782825988,500,,Aggregated,88.600000,43.300000,330,360,400,450,700,1200,2100,2700,6900,9500,9900,68153,29466,330,471.0567528091195,268.27849999972386,9884.989999998652,1609.8194650272183
1782825989,500,,Aggregated,87.600000,43.600000,330,360,400,450,700,1200,2100,2700,6900,9500,9900,68289,29533,330,470.9731354449457,268.27849999972386,9884.989999998652,1609.8602996090146
1782825990,500,,Aggregated,87.200000,42.600000,330,360,400,450,700,1200,2100,2700,6900,9500,9900,68399,29587,330,470.75257929940386,268.27849999972386,9884.989999998652,1611.981914940277
1782825991,500,,Aggregated,91.600000,44.400000,330,360,400,450,700,1200,2100,2700,6900,9500,9900,68474,29629,330,470.574975100037,268.27849999972386,9884.989999998652,1610.361655518883
1782825992,500,,Aggregated,100.600000,48.900000,330,360,400,450,700,1200,2100,2700,6900,9500,9900,68554,29667,330,470.383718795401,268.27849999972386,9884.989999998652,1608.6354698485866
1782825993,500,,Aggregated,101.300000,49.600000,330,360,400,450,700,1200,2100,2700,6900,9500,9900,68656,29711,330,470.1503282218583,268.27849999972386,9884.989999998652,1607.958750873922
1782825994,500,,Aggregated,93.800000,45.600000,330,360,400,450,700,1200,2100,2700,6900,9500,9900,68768,29756,330,469.896580883549,268.27849999972386,9884.989999998652,1611.5161703117728
1782825995,500,,Aggregated,92.400000,44.500000,330,360,400,450,700,1200,2100,2700,6900,9500,9900,68870,29808,330,469.6866369972397,268.27849999972386,9884.989999998652,1609.3200958327284
1782825996,500,,Aggregated,95.200000,45.100000,330,360,400,450,700,1200,2100,2700,6900,9500,9900,68956,29844,330,469.5124451171747,268.27849999972386,9884.989999998652,1608.9839752885898
1782825997,500,,Aggregated,95.900000,45.700000,330,360,400,440,700,1200,2100,2700,6800,9500,9900,69072,29889,330,469.28852417187755,268.27849999972386,9884.989999998652,1616.8575978688905
1782825998,500,,Aggregated,97.600000,46.600000,330,360,400,440,700,1200,2100,2700,6800,9500,9900,69165,29941,330,469.08154011421834,268.27849999972386,9884.989999998652,1614.8445456517024
1782825999,500,,Aggregated,98.800000,45.500000,330,360,400,440,700,1200,2100,2700,6800,9500,9900,69256,29986,330,468.86524883042483,268.27849999972386,9884.989999998652,1612.915140926418
1782826000,500,,Aggregated,100.400000,47.000000,330,360,400,440,700,1200,2100,2700,6800,9500,9900,69334,30023,330,468.6881327184338,268.27849999972386,9884.989999998652,1612.7445841866904
1782826001,500,,Aggregated,95.700000,45.000000,330,360,400,440,700,1200,2100,2700,6800,9500,9900,69446,30079,330,468.53726165941805,268.27849999972386,9884.989999998652,1611.8172968925496
1782826002,500,,Aggregated,93.100000,43.000000,330,360,400,440,700,1200,2100,2700,6800,9500,9900,69555,30126,330,468.2899075911134,268.27849999972386,9884.989999998652,1611.006915390698
1782826003,500,,Aggregated,97.000000,44.800000,330,360,400,440,700,1200,2100,2700,6800,9500,9900,69648,30167,330,468.13571668245856,268.27849999972386,9884.989999998652,1610.5252555708707
1782826004,500,,Aggregated,99.300000,45.900000,330,360,400,440,700,1200,2100,2700,6800,9500,9900,69757,30222,330,467.9528770374285,268.27849999972386,9884.989999998652,1612.5984345657066
1782826005,500,,Aggregated,98.800000,45.600000,330,360,400,440,700,1200,2100,2700,6800,9500,9900,69861,30281,330,467.7268085856187,268.27849999972386,9884.989999998652,1610.4004666409012
1782826006,500,,Aggregated,96.600000,45.300000,330,360,400,440,700,1200,2100,2700,6800,9500,9900,69955,30329,330,467.52305335286803,268.27849999972386,9884.989999998652,1611.3364734472161
1782826007,500,,Aggregated,98.100000,46.800000,330,360,400,440,700,1200,2100,2700,6800,9300,9900,70048,30378,330,467.3061793812803,268.27849999972386,9884.989999998652,1612.309816126085
1782826008,500,,Aggregated,98.600000,47.800000,330,360,400,440,690,1200,2100,2700,6800,9300,9900,70143,30425,330,467.08456748499435,268.27849999972386,9884.989999998652,1611.7668762385413
1782826009,500,,Aggregated,97.500000,48.000000,330,360,400,440,690,1200,2100,2700,6800,9300,9900,70240,30473,330,466.8683457830289,268.27849999972386,9884.989999998652,1615.532118451025
1782826010,500,,Aggregated,97.100000,48.200000,330,360,400,440,690,1200,2100,2700,6800,9300,9900,70335,30519,330,466.6849021482901,268.27849999972386,9884.989999998652,1614.974194924291
1782826011,500,,Aggregated,97.700000,48.300000,330,360,400,440,690,1200,2100,2700,6800,9300,9900,70427,30557,330,466.4795360387358,268.27849999972386,9884.989999998652,1615.9658937623356
1782826012,500,,Aggregated,98.800000,49.200000,330,360,400,440,690,1200,2100,2700,6800,9300,9900,70540,30623,330,466.2279749163612,268.27849999972386,9884.989999998652,1613.5788772327758
1782826013,500,,Aggregated,96.600000,47.200000,330,360,400,440,690,1200,2100,2700,6800,9300,9900,70627,30667,330,466.0415258725433,268.27849999972386,9884.989999998652,1616.078411938777
1782826014,500,,Aggregated,98.100000,49.300000,330,360,400,440,690,1200,2100,2700,6800,9300,9900,70734,30722,330,465.8147116167626,268.27849999972386,9884.989999998652,1618.1646874204766
1782826015,500,,Aggregated,98.100000,49.600000,330,360,400,440,690,1200,2100,2700,6800,9300,9900,70831,30775,330,465.5998314960976,268.27849999972386,9884.989999998652,1617.5868616848554
1782826016,500,,Aggregated,98.300000,51.000000,330,360,400,440,690,1200,2100,2700,6800,9300,9900,70910,30810,330,465.4379492765493,268.27849999972386,9884.989999998652,1621.7107742208434
1782826017,500,,Aggregated,96.100000,48.800000,330,360,400,440,690,1200,2100,2700,6800,9300,9900,71007,30854,330,465.32362929148024,268.27849999972386,9884.989999998652,1621.1396341205796
1782826018,500,,Aggregated,95.900000,48.400000,330,360,400,440,690,1200,2100,2700,6800,9300,9900,71105,30897,330,465.24895051965615,268.27849999972386,9884.989999998652,1620.527614091836
1782826019,500,,Aggregated,93.900000,47.200000,330,360,400,440,690,1200,2100,2700,6800,9300,9900,71195,30938,330,465.2264240115194,268.27849999972386,9884.989999998652,1618.647910667884
1782826020,500,,Aggregated,93.900000,45.900000,330,360,400,440,690,1200,2100,2700,6800,9300,9900,71299,30990,330,465.21390277844176,268.27849999972386,9884.989999998652,1619.3356148052567
1782826021,500,,Aggregated,95.400000,46.000000,330,360,400,440,690,1200,2100,2700,6800,9300,9900,71385,31030,330,465.0713963269614,268.27849999972386,9884.989999998652,1620.4288435945928
1782826022,500,,Aggregated,95.200000,46.300000,330,360,400,440,690,1200,2100,2700,6800,9300,9900,71443,31062,330,465.23655249219934,268.27849999972386,9884.989999998652,1620.634029925955
1782826023,500,,Aggregated,95.800000,46.900000,330,360,400,440,690,1100,2100,2700,6800,9300,9900,71573,31118,330,465.38953229011213,268.27849999972386,9884.989999998652,1625.1002472999594
1782826024,500,,Aggregated,95.800000,46.900000,330,360,400,440,690,1100,2100,2700,6800,9300,9900,71616,31137,330,465.427360733638,268.27849999972386,9884.989999998652,1627.054959785523
1782826025,500,,Aggregated,91.500000,44.300000,330,360,400,440,690,1200,2100,2700,6800,9300,9900,71691,31164,330,466.51170046728623,268.27849999972386,9884.989999998652,1626.9477340251915
1782826026,500,,Aggregated,90.400000,42.100000,330,360,400,440,700,1200,2100,2700,6800,9300,9900,71829,31227,330,467.73518219521685,268.27849999972386,9884.989999998652,1625.512578485013
1782826027,500,,Aggregated,81.300000,37.800000,330,360,400,450,700,1200,2100,2700,6800,9300,9900,71859,31238,330,467.8623003576478,268.27849999972386,9884.989999998652,1624.9039368763829
1782826028,500,,Aggregated,88.500000,39.600000,330,360,400,450,710,1200,2100,2700,6800,9300,9900,71965,31285,330,469.6407939748514,268.27849999972386,9884.989999998652,1624.1362328909886
1782826029,500,,Aggregated,88.400000,40.300000,330,360,400,450,710,1200,2100,2700,6800,9300,9900,72027,31307,330,470.74650076221604,268.27849999972386,9884.989999998652,1622.891485137518
1782826030,500,,Aggregated,79.300000,36.200000,330,360,400,450,710,1300,2100,2700,6800,9300,9900,72193,31373,330,471.73962073192916,268.27849999972386,9884.989999998652,1623.7624977490893
1782826031,500,,Aggregated,80.000000,36.500000,330,360,400,450,710,1300,2100,2700,6800,9300,9900,72273,31413,330,471.6425066110467,268.27849999972386,9884.989999998652,1623.5232659499397
1782826032,500,,Aggregated,86.000000,36.900000,330,360,400,450,710,1300,2100,2700,6800,9300,9900,72348,31457,330,471.5596758293275,268.27849999972386,9884.989999998652,1624.7869878918561
1782826033,500,,Aggregated,86.000000,36.900000,330,360,400,450,710,1200,2100,2700,6800,9300,9900,72387,31472,330,471.56414115518214,268.27849999972386,9884.989999998652,1623.997057482697
1782826034,500,,Aggregated,88.200000,37.600000,330,360,400,450,720,1300,2100,2700,6800,9300,9900,72460,31507,330,472.49190433342756,268.27849999972386,9884.989999998652,1623.9287054926856
1782826035,500,,Aggregated,85.800000,37.100000,330,360,400,450,720,1300,2100,2700,6800,9300,9900,72560,31556,330,473.552997493111,268.27849999972386,9884.989999998652,1630.3039553472988
1782826036,500,,Aggregated,77.100000,33.500000,330,360,400,450,730,1300,2100,2700,6800,9300,9900,72651,31603,330,474.32898972347476,268.27849999972386,9884.989999998652,1631.251902933201
1782826037,500,,Aggregated,77.100000,33.500000,330,360,400,450,730,1300,2100,2700,6800,9300,9900,72678,31620,330,474.61477772778795,268.27849999972386,9884.989999998652,1630.6796554665787
1782826038,500,,Aggregated,85.600000,39.400000,330,360,400,450,730,1300,2100,2700,6800,9300,9900,72688,31623,330,474.90821687073765,268.27849999972386,9884.989999998652,1630.4832434514637
1782826039,500,,Aggregated,82.400000,38.200000,330,360,400,450,730,1300,2100,2700,6800,9300,9900,72709,31633,330,475.7999712140202,268.27849999972386,9884.989999998652,1630.0598550385785
1782826040,500,,Aggregated,81.900000,38.200000,330,360,400,460,740,1300,2100,2700,6800,9300,9900,72816,31691,330,478.33170598632506,268.27849999972386,9884.989999998652,1630.6712810371348
1782826041,500,,Aggregated,71.500000,33.400000,330,360,410,460,740,1300,2200,2800,6800,9300,9900,72994,31772,330,481.8233964736854,268.27849999972386,9884.989999998652,1628.445228374935
1782826042,500,,Aggregated,58.500000,29.200000,330,360,410,460,740,1300,2200,2800,6800,9300,9900,73095,31824,330,484.775397585337,268.27849999972386,9884.989999998652,1626.387632533005
1782826043,500,,Aggregated,67.700000,34.100000,330,360,410,460,750,1300,2300,2900,6800,9300,9900,73185,31867,330,487.80335203525556,268.27849999972386,9884.989999998652,1625.9740247318439
1782826044,500,,Aggregated,73.500000,36.400000,330,360,410,460,750,1300,2300,2900,6800,9300,9900,73253,31894,330,487.6510372257816,268.27849999972386,9884.989999998652,1627.403014211022
1782826045,500,,Aggregated,70.800000,35.200000,330,360,410,460,750,1300,2300,2900,6800,9300,9900,73329,31931,330,487.5836960179488,268.27849999972386,9884.989999998652,1627.2518239714166
1782826046,500,,Aggregated,83.000000,40.800000,330,360,410,460,750,1300,2300,2900,6800,9300,9900,73428,31983,330,487.3508519107172,268.27849999972386,9884.989999998652,1625.2153129596338
1782826047,500,,Aggregated,76.500000,37.400000,330,360,410,460,750,1300,2300,2900,6900,9500,10000,73547,32037,330,487.2485025493928,268.27849999972386,10300.808599997254,1624.2137272764355
1782826048,500,,Aggregated,74.000000,35.900000,330,360,410,460,750,1300,2300,2900,6900,9500,12000,73661,32095,330,487.2654798835234,268.27849999972386,12066.266400004679,1624.6748482914975
1782826049,500,,Aggregated,81.100000,38.800000,330,360,410,460,740,1300,2300,2900,6900,9500,12000,73752,32137,330,487.06443367502214,268.27849999972386,12066.266400004679,1624.228576852153
1782826050,500,,Aggregated,90.600000,43.800000,330,360,410,460,740,1300,2300,2900,6900,9500,12000,73843,32174,330,486.8567499776575,268.27849999972386,12066.266400004679,1627.942770472489
1782826051,500,,Aggregated,101.200000,49.200000,330,360,400,460,740,1300,2200,2900,6900,9500,12000,73917,32207,330,486.6831546978393,268.27849999972386,12066.266400004679,1627.834868839374
1782826052,500,,Aggregated,108.900000,52.700000,330,360,400,460,740,1300,2200,2900,6900,9500,12000,74015,32243,330,486.4773431939501,268.27849999972386,12066.266400004679,1627.2629872323178
1782826053,500,,Aggregated,95.100000,44.700000,330,360,400,460,740,1300,2200,2900,6900,9500,12000,74124,32288,330,486.23365681291165,268.27849999972386,12066.266400004679,1626.4651529868868
1782826054,500,,Aggregated,91.400000,43.200000,330,360,400,460,740,1300,2200,2900,6900,9500,12000,74221,32340,330,486.07558450843123,268.27849999972386,12066.266400004679,1625.8748736880398
1782826055,500,,Aggregated,96.500000,43.700000,330,360,400,460,740,1300,2200,2900,6900,9500,12000,74322,32386,330,485.9214121175466,268.27849999972386,12066.266400004679,1625.2667447054707
1782826056,500,,Aggregated,94.400000,43.100000,330,360,400,460,740,1300,2200,2900,6900,9500,12000,74419,32431,330,485.70009017724345,268.27849999972386,12066.266400004679,1627.4467541891183
1782826057,500,,Aggregated,96.300000,44.500000,330,360,400,450,740,1300,2200,2900,6900,9500,12000,74514,32468,330,485.4892917411525,268.27849999972386,12066.266400004679,1626.9595914861636
1782826058,500,,Aggregated,98.700000,44.900000,330,360,400,450,740,1300,2200,2900,6900,9500,12000,74611,32514,330,485.2725241318332,268.06909999868367,12066.266400004679,1625.0267252817948
1782826059,500,,Aggregated,96.900000,44.000000,330,360,400,450,740,1300,2200,2900,6900,9500,12000,74698,32549,330,485.07840842191507,268.06909999868367,12066.266400004679,1626.050991994431
1782826060,500,,Aggregated,97.800000,43.400000,330,360,400,450,740,1300,2200,2900,6900,9500,12000,74792,32587,330,484.85561072040144,268.06909999868367,12066.266400004679,1625.5827494919242
1782826061,500,,Aggregated,94.300000,41.200000,330,360,400,450,740,1300,2200,2900,6900,9500,12000,74896,32641,330,484.62032352328976,268.06909999868367,12066.266400004679,1624.8557199316385
1782826062,500,,Aggregated,93.900000,40.600000,330,360,400,450,740,1300,2200,2900,6900,9500,12000,74993,32689,330,484.40049262198227,268.06909999868367,12066.266400004679,1627.0123744882856
1782826063,500,,Aggregated,96.900000,42.600000,330,360,400,450,740,1300,2200,2900,6900,9500,12000,75084,32738,330,484.1881805644393,268.06909999868367,12066.266400004679,1627.9189041606735
1782826064,500,,Aggregated,96.800000,43.300000,330,360,400,450,740,1300,2200,2900,6900,9500,12000,75174,32783,330,483.98706834012273,268.06909999868367,12066.266400004679,1627.5062122542367
1782826065,500,,Aggregated,96.200000,44.100000,330,360,400,450,740,1300,2200,2900,6900,9500,12000,75271,32830,330,483.77182201113754,268.06909999868367,12066.266400004679,1625.5840496339893
1782826066,500,,Aggregated,94.900000,43.700000,330,360,400,450,730,1300,2200,2900,6900,9500,12000,75363,32861,330,483.6326656436228,268.06909999868367,12066.266400004679,1625.1699773098205
1782826067,500,,Aggregated,95.500000,44.700000,330,360,400,450,730,1300,2200,2900,6900,9500,12000,75474,32911,330,483.51646779686206,268.06909999868367,12066.266400004679,1627.0283806343907
1782826068,500,,Aggregated,93.800000,43.400000,330,360,400,450,730,1300,2200,2900,6900,9500,12000,75573,32965,330,483.3171000264697,268.06909999868367,12066.266400004679,1627.7635795853016
1782826069,500,,Aggregated,93.000000,42.400000,330,360,400,450,730,1300,2200,2900,6900,9500,12000,75664,33008,330,483.12662133379695,268.06909999868367,12066.266400004679,1627.3331306830196
1782826070,500,,Aggregated,94.900000,43.800000,330,360,400,450,730,1300,2200,2900,6900,9500,12000,75767,33070,330,482.89291439281453,268.06909999868367,12066.266400004679,1626.6273179616455
1782826071,500,,Aggregated,95.100000,45.100000,330,360,400,450,730,1300,2200,2900,6900,9500,12000,75860,33119,330,482.6815310123958,268.06909999868367,12066.266400004679,1628.8279725810703
1782826072,500,,Aggregated,95.700000,45.900000,330,360,400,450,730,1300,2200,2900,6900,9500,12000,75959,33165,330,482.4589505364779,268.06909999868367,12066.266400004679,1629.592438025777
1782826073,500,,Aggregated,95.800000,47.400000,330,360,400,450,730,1300,2200,2900,6800,9500,12000,76054,33216,330,482.24489026481655,268.06909999868367,12066.266400004679,1627.7261288032187
1782826074,500,,Aggregated,95.700000,47.300000,330,360,400,450,730,1300,2200,2900,6800,9500,12000,76151,33260,330,482.03210620346886,267.95149999816203,12066.266400004679,1628.512941392759
1782826075,500,,Aggregated,96.400000,48.000000,330,360,400,450,730,1300,2200,2900,6800,9500,12000,76252,33306,330,481.81618568431554,267.95149999816203,12066.266400004679,1629.2360856108692
1782826076,500,,Aggregated,96.900000,47.800000,330,360,400,450,730,1300,2200,2900,6800,9500,12000,76355,33360,330,481.58616425251006,267.95149999816203,12066.266400004679,1629.9232532250671
1782826077,500,,Aggregated,97.400000,47.200000,330,360,400,450,730,1300,2200,2900,6800,9500,12000,76453,33406,330,481.3657958837513,267.95149999816203,12066.266400004679,1630.6889069101278
1782826078,500,,Aggregated,98.000000,48.400000,330,360,400,450,730,1300,2200,2900,6800,9500,12000,76546,33460,330,481.15848888381385,267.95149999816203,12066.266400004679,1628.8574451963525
1782826079,500,,Aggregated,98.700000,49.800000,330,360,400,450,730,1300,2200,2900,6800,9500,12000,76638,33508,330,481.0095018085079,267.95149999816203,12066.266400004679,1627.060544377463
1782826080,500,,Aggregated,97.000000,49.400000,330,360,400,450,730,1300,2200,2900,6800,9500,12000,76751,33561,330,480.8798072676628,267.95149999816203,12066.266400004679,1627.5250224752772
1782826081,500,,Aggregated,96.900000,49.300000,330,360,400,450,730,1300,2200,2900,6800,9500,12000,76838,33595,330,480.6878770686429,267.95149999816203,12066.266400004679,1627.209479684531
1782826082,500,,Aggregated,95.800000,49.000000,330,360,400,450,720,1300,2200,2900,6800,9500,12000,76931,33646,330,480.48631254891166,267.95149999816203,12066.266400004679,1626.735594233794
1782826083,500,,Aggregated,97.300000,48.300000,330,360,400,450,720,1300,2200,2900,6800,9500,12000,77020,33696,330,480.2966415995891,267.95149999816203,12066.266400004679,1626.3192547390288
1782826084,500,,Aggregated,97.100000,47.300000,330,360,400,450,720,1300,2200,2800,6800,9500,12000,77124,33748,330,480.0688913606702,267.95149999816203,12066.266400004679,1624.2997380841243
1782826085,500,,Aggregated,96.600000,48.000000,330,360,400,450,720,1300,2200,2800,6800,9500,12000,77222,33796,330,479.8645295692972,267.95149999816203,12066.266400004679,1626.3645981715056
1782826086,500,,Aggregated,96.900000,48.200000,330,360,400,450,720,1300,2200,2800,6800,9500,12000,77322,33845,330,479.64481096971434,267.95149999816203,12066.266400004679,1628.3932774630764
1782826087,500,,Aggregated,96.300000,48.900000,330,360,400,450,720,1300,2200,2800,6800,9500,12000,77404,33889,330,479.47374968348225,267.95149999816203,12066.266400004679,1628.1248772673248
1782826088,500,,Aggregated,96.500000,48.700000,330,360,400,450,720,1300,2200,2800,6800,9500,12000,77507,33940,330,479.2613254196429,267.95149999816203,12066.266400004679,1631.420542660663
1782826089,500,,Aggregated,96.900000,48.900000,330,360,400,450,720,1300,2200,2800,6800,9500,12000,77611,33987,330,479.0370569738861,267.95149999816203,12066.266400004679,1630.7341742794192
1782826090,500,,Aggregated,93.900000,47.100000,330,360,400,450,720,1300,2200,2800,6800,9500,12000,77701,34029,330,478.8428938829647,267.95149999816203,12066.266400004679,1631.6483056846116
1782826091,500,,Aggregated,96.200000,47.800000,330,360,400,450,720,1300,2200,2800,6800,9500,12000,77791,34066,330,478.6566239732136,267.95149999816203,12066.266400004679,1629.957090151817
1782826092,500,,Aggregated,97.300000,48.000000,330,360,400,450,720,1300,2200,2800,6800,9500,12000,77881,34110,330,478.46062580604155,267.95149999816203,12066.266400004679,1632.1804291162157
1782826093,500,,Aggregated,94.300000,46.200000,330,360,400,450,720,1300,2200,2800,6800,9500,12000,77976,34153,330,478.3287960539186,267.95149999816203,12066.266400004679,1630.3825023084025
1782826094,500,,Aggregated,94.100000,46.400000,330,360,400,440,720,1300,2200,2800,6800,9500,12000,78090,34215,330,478.11731806249725,267.95149999816203,12066.266400004679,1629.4999359713152
1782826095,500,,Aggregated,94.100000,45.200000,330,360,400,440,720,1300,2200,2800,6800,9500,12000,78188,34267,330,477.9243499271045,267.95149999816203,12066.266400004679,1628.9255768148564
1782826096,500,,Aggregated,95.400000,46.200000,330,360,400,440,720,1300,2200,2800,6800,9500,12000,78284,34308,330,477.7477702531854,267.95149999816203,12066.266400004679,1628.4290787389505
1782826097,500,,Aggregated,95.800000,46.000000,330,360,400,440,720,1300,2200,2800,6800,9500,12000,78368,34349,330,477.63455686888034,267.95149999816203,12066.266400004679,1626.8293436096367
1782826098,500,,Aggregated,95.100000,46.300000,330,360,400,440,720,1300,2200,2800,6800,9500,12000,78469,34397,330,477.50558957678146,267.95149999816203,12066.266400004679,1626.222801361047
1782826099,500,,Aggregated,94.800000,45.600000,330,360,400,440,720,1300,2200,2800,6800,9500,12000,78568,34455,330,477.28994069214525,267.95149999816203,12066.266400004679,1625.6422971184197
1782826100,500,,Aggregated,95.100000,45.700000,330,360,400,440,720,1300,2200,2800,6800,9500,12000,78680,34508,330,477.0546999237483,267.95149999816203,12066.266400004679,1623.5494534824606
1782826101,500,,Aggregated,94.800000,45.200000,330,360,400,440,710,1300,2200,2800,6800,9500,12000,78776,34548,330,476.8500249860431,267.95149999816203,12066.266400004679,1625.6243652889204
1782826102,500,,Aggregated,94.900000,46.600000,330,360,400,440,710,1300,2200,2800,6800,9500,12000,78860,34589,330,476.66911014710354,267.95149999816203,12066.266400004679,1624.0468044636063
1782826103,500,,Aggregated,97.200000,47.700000,330,360,400,440,710,1300,2200,2800,6800,9500,12000,78947,34628,330,476.4844733745504,267.95149999816203,12066.266400004679,1623.7209646978351
1782826104,500,,Aggregated,97.800000,47.800000,330,360,400,440,710,1300,2200,2800,6800,9500,12000,79061,34686,330,476.2513918670471,267.95149999816203,12066.266400004679,1624.1662766724428
1782826105,500,,Aggregated,97.000000,47.600000,330,360,400,440,710,1300,2200,2800,6800,9500,12000,79153,34732,330,476.0809743976932,267.95149999816203,12066.266400004679,1623.7549808598537
1782826107,500,,Aggregated,94.800000,46.000000,330,360,400,440,710,1300,2200,2800,6800,9500,12000,79245,34774,330,475.90521522494276,267.95149999816203,12066.266400004679,1622.0466906429428
1782826108,500,,Aggregated,96.100000,46.600000,330,360,400,440,710,1300,2100,2800,6800,9500,12000,79357,34834,330,475.6815272969063,267.95149999816203,12066.266400004679,1621.2144108270222
1782826109,500,,Aggregated,95.300000,45.900000,330,360,400,440,710,1300,2100,2800,6800,9500,12000,79449,34882,330,475.50554874574334,267.95149999816203,12066.266400004679,1622.0680939974072
1782826110,500,,Aggregated,98.600000,48.200000,330,360,400,440,710,1300,2100,2800,6800,9500,12000,79555,34932,330,475.29380140029656,267.95149999816203,12066.266400004679,1623.939375274967
1782826111,500,,Aggregated,97.500000,48.000000,330,360,400,440,710,1300,2100,2800,6800,9500,12000,79650,34977,330,475.09944998368564,267.95149999816203,12066.266400004679,1627.2933082234777
1782826112,500,,Aggregated,97.600000,46.900000,330,360,400,440,710,1300,2100,2800,6800,9500,12000,79743,35016,330,474.9227122882336,267.95149999816203,12066.266400004679,1630.6937286031375
1782826113,500,,Aggregated,96.100000,46.400000,330,360,400,440,710,1300,2100,2800,6800,9500,12000,79851,35063,330,474.7056452780879,267.95149999816203,12066.266400004679,1631.2406983005849
1782826114,500,,Aggregated,96.100000,46.600000,330,360,400,440,710,1300,2100,2800,6800,9500,12000,79940,35103,330,474.52860834626745,267.95149999816203,12066.266400004679,1629.5890668001
1782826115,500,,Aggregated,98.000000,47.000000,330,360,390,440,710,1300,2100,2800,6800,9500,12000,80041,35152,330,474.34534978449244,267.95149999816203,12066.266400004679,1631.52243225347
1782826116,500,,Aggregated,98.500000,47.300000,330,360,390,440,710,1300,2100,2800,6800,9500,12000,80136,35192,330,474.1573715970422,267.95149999816203,12066.266400004679,1631.04504841769
1782826117,500,,Aggregated,96.300000,46.100000,330,360,390,440,710,1300,2100,2800,6800,9500,12000,80225,35230,330,473.98506310003825,267.95149999816203,12066.266400004679,1630.674689934559
1782826118,500,,Aggregated,97.700000,45.800000,330,360,390,440,710,1300,2100,2800,6800,9500,12000,80329,35287,330,473.77689064348544,267.95149999816203,12066.266400004679,1631.2740230800832
1782826119,500,,Aggregated,97.000000,45.200000,330,360,390,440,710,1300,2100,2800,6800,9500,12000,80426,35330,330,473.578312370384,267.95149999816203,12066.266400004679,1630.7632730708974
1782826120,500,,Aggregated,96.700000,44.900000,330,360,390,440,700,1300,2100,2800,6800,9500,12000,80532,35378,330,473.36433609000875,267.95149999816203,12066.266400004679,1630.0631053494262
1782826121,500,,Aggregated,96.700000,44.400000,330,360,390,440,700,1300,2100,2800,6800,9500,12000,80626,35431,330,473.17579475604134,267.95149999816203,12066.266400004679,1630.8442810011659
1782826122,500,,Aggregated,97.000000,44.400000,330,360,390,440,700,1300,2100,2800,6800,9500,12000,80711,35484,330,473.05250674877726,267.95149999816203,12066.266400004679,1630.5165466912813
1782826123,500,,Aggregated,95.700000,44.100000,330,360,390,440,700,1300,2100,2800,6800,9500,12000,80820,35544,330,472.89917731131567,267.95149999816203,12066.266400004679,1628.487379361544
1782826124,500,,Aggregated,95.400000,45.800000,330,360,390,440,700,1200,2100,2800,6800,9500,12000,80922,35594,330,472.68959951929634,267.95149999816203,12066.266400004679,1627.8794518178
1782826125,500,,Aggregated,96.200000,47.500000,330,360,390,440,700,1200,2100,2800,6800,9500,12000,81028,35655,330,472.46777667473697,267.95149999816203,12066.266400004679,1627.1811102334996
1782826126,500,,Aggregated,96.600000,48.000000,330,360,390,440,700,1200,2100,2800,6800,9500,12000,81111,35697,330,472.2946550615889,267.95149999816203,12066.266400004679,1625.674224211266
1782826127,500,,Aggregated,98.200000,49.500000,330,360,390,440,700,1200,2100,2800,6800,9500,12000,81222,35754,330,472.06781041221024,267.95149999816203,12066.266400004679,1624.8939326783384
1782826128,500,,Aggregated,96.200000,49.700000,330,360,390,440,700,1200,2100,2800,6800,9500,12000,81311,35793,330,471.882886052324,267.95149999816203,12066.266400004679,1624.529793016935
1782826129,500,,Aggregated,98.800000,51.900000,330,360,390,440,700,1200,2100,2800,6800,9500,12000,81410,35848,330,471.68150952709124,267.95149999816203,12066.266400004679,1622.7263112639725
1782826130,500,,Aggregated,96.400000,49.700000,330,360,390,440,700,1200,2100,2800,6800,9500,12000,81497,35893,330,471.5124693620681,267.95149999816203,12066.266400004679,1622.3759034074874
1782826131,500,,Aggregated,97.500000,51.000000,330,360,390,440,700,1200,2100,2800,6800,9500,12000,81597,35944,330,471.3192513830222,267.95149999816203,12066.266400004679,1620.5298846771327
1782826132,500,,Aggregated,95.400000,50.800000,330,360,390,440,700,1200,2100,2800,6800,9500,12000,81702,35992,330,471.1037847812842,267.95149999816203,12066.266400004679,1619.8878362830776
1782826133,500,,Aggregated,97.500000,52.000000,330,360,390,440,700,1200,2100,2800,6800,9500,12000,81809,36036,330,470.8913048381044,267.95149999816203,12066.266400004679,1620.4752900047672
1782826134,500,,Aggregated,98.400000,50.800000,330,360,390,440,700,1200,2100,2800,6800,9500,12000,81905,36083,330,470.7021198461688,267.95149999816203,12066.266400004679,1618.7317868262012
1782826135,500,,Aggregated,98.100000,49.100000,330,360,390,440,700,1200,2100,2800,6800,9500,12000,81996,36125,330,470.5261460620092,267.95149999816203,12066.266400004679,1619.5926386653007
1782826136,500,,Aggregated,98.500000,48.800000,330,360,390,430,700,1200,2100,2800,6800,9500,12000,82099,36173,330,470.3134596170542,267.95149999816203,12066.266400004679,1620.2383707475121
1782826137,500,,Aggregated,96.600000,47.000000,330,360,390,430,700,1200,2100,2800,6800,9500,12000,82190,36212,330,470.1823932716935,267.95149999816203,12066.266400004679,1619.847292858012
1782826138,500,,Aggregated,97.700000,47.100000,330,360,390,430,700,1200,2100,2800,6800,9500,12000,82303,36265,330,470.0179652139102,267.95149999816203,12066.266400004679,1620.2960037908704
1782826139,500,,Aggregated,95.900000,45.300000,330,360,390,430,690,1200,2100,2800,6800,9500,12000,82395,36308,330,469.8385002039019,267.95149999816203,12066.266400004679,1618.659433218035
1782826140,500,,Aggregated,98.000000,46.500000,330,360,390,430,690,1200,2100,2800,6800,9500,12000,82491,36352,330,469.64969231310727,267.95149999816203,12066.266400004679,1619.4238644215732
1782826141,500,,Aggregated,98.300000,46.000000,330,360,390,430,690,1200,2100,2800,6800,9500,12000,82605,36394,330,469.4306535488224,267.95149999816203,12066.266400004679,1621.1134919193753
1782826142,500,,Aggregated,99.200000,46.400000,330,360,390,430,690,1200,2100,2800,6800,9500,12000,82698,36433,330,469.24736401727347,267.95149999816203,12066.266400004679,1621.9470845727828
1782826143,500,,Aggregated,98.900000,44.500000,330,360,390,430,690,1200,2100,2800,6800,9500,12000,82788,36473,330,469.0746727049878,267.95149999816203,12066.266400004679,1625.2681185679085
1782826144,500,,Aggregated,99.000000,44.100000,330,360,390,430,690,1200,2100,2800,6800,9500,12000,82902,36535,330,468.85207321175005,267.95149999816203,12066.266400004679,1625.6971846276326
1782826145,500,,Aggregated,97.500000,43.500000,330,360,390,430,690,1200,2100,2800,6800,9500,12000,82987,36580,330,468.68675302276887,267.95149999816203,12066.266400004679,1625.394278621953
1782826146,500,,Aggregated,97.900000,44.500000,330,360,390,430,690,1200,2100,2800,6800,9500,12000,83088,36633,330,468.4913535949896,267.95149999816203,12066.266400004679,1623.592203446948
1782826147,500,,Aggregated,98.700000,45.200000,330,360,390,430,690,1200,2100,2800,6800,9500,12000,83186,36678,330,468.3311052148253,267.95149999816203,12066.266400004679,1623.08245377828
1782826148,500,,Aggregated,98.700000,45.700000,330,360,390,430,690,1200,2100,2800,6800,9500,12000,83276,36725,330,468.1650470711907,267.95149999816203,12066.266400004679,1623.9304601565877
1782826149,500,,Aggregated,98.900000,46.000000,330,360,390,430,690,1200,2100,2800,6800,9500,12000,83376,36773,330,467.96834922400285,267.95149999816203,12066.266400004679,1622.1601060257149
1782826150,500,,Aggregated,97.800000,46.800000,330,360,390,430,690,1200,2100,2800,6800,9500,12000,83473,36827,330,467.79409389863144,267.95149999816203,12066.266400004679,1622.8770021444059
1782826151,500,,Aggregated,95.900000,45.900000,330,360,390,430,690,1200,2100,2800,6800,9500,12000,83530,36853,330,467.6885483921993,267.95149999816203,12066.266400004679,1621.8713635819465
1782826152,500,,Aggregated,97.000000,46.100000,330,360,390,430,690,1200,2100,2800,6800,9500,12000,83661,36917,330,467.57642001530473,267.95149999816203,12066.266400004679,1623.2088428299924
1782826153,500,,Aggregated,95.700000,46.800000,330,360,390,430,690,1200,2100,2800,6800,9500,12000,83763,36965,330,467.42116118453777,267.95149999816203,12066.266400004679,1622.6182562706683
1782826154,500,,Aggregated,95.200000,47.300000,330,360,390,430,690,1200,2100,2800,6800,9500,12000,83844,37006,330,467.3230918014453,267.95149999816203,12066.266400004679,1623.6081890176995
1782826155,500,,Aggregated,96.100000,48.600000,330,360,390,430,690,1200,2100,2800,6800,9500,12000,83932,37044,330,467.28153213673414,267.95149999816203,12066.266400004679,1624.5052423390364
1782826156,500,,Aggregated,94.500000,47.200000,330,360,390,430,690,1200,2100,2800,6800,9500,12000,84021,37090,330,467.2589465907373,267.95149999816203,12066.266400004679,1624.1654467335547
1782826157,500,,Aggregated,93.700000,46.000000,330,360,390,430,690,1200,2100,2800,6800,9500,12000,84123,37139,330,467.2623716070561,267.95149999816203,12066.266400004679,1624.7897245699749
1782826158,500,,Aggregated,93.500000,46.000000,330,360,390,430,690,1200,2100,2800,6800,9500,12000,84226,37191,330,467.2177743392828,267.95149999816203,12066.266400004679,1626.595694916059
1782826159,500,,Aggregated,92.600000,46.200000,330,360,390,430,690,1200,2100,2800,6800,9500,12000,84329,37241,330,467.07196071695944,267.95149999816203,12066.266400004679,1627.1993620225546
1782826160,500,,Aggregated,93.300000,45.800000,330,360,390,430,690,1200,2100,2800,6800,9500,12000,84431,37293,330,466.88424419585766,267.95149999816203,12066.266400004679,1626.6310241498975
1782826161,500,,Aggregated,95.100000,46.500000,330,360,390,430,680,1200,2100,2800,6800,9500,12000,84534,37347,330,466.71121579601726,267.95149999816203,12066.266400004679,1624.8146899472401
1782826162,500,,Aggregated,94.100000,45.700000,330,360,390,430,680,1200,2100,2800,6800,9500,12000,84627,37388,330,466.558851880612,267.95149999816203,12066.266400004679,1624.39229796637
1782826163,500,,Aggregated,95.700000,47.400000,330,360,390,430,680,1200,2100,2800,6800,9500,12000,84702,37431,330,466.44753801681844,267.95149999816203,12066.266400004679,1624.2725437415882
1782826164,500,,Aggregated,96.400000,47.900000,330,360,390,430,680,1200,2100,2800,6800,9500,12000,84812,37486,330,466.2758953450055,267.95149999816203,12066.266400004679,1625.9535207281988
1782826165,500,,Aggregated,93.900000,46.500000,330,360,390,430,680,1200,2100,2800,6800,9500,12000,84912,37537,330,466.1388591789218,267.95149999816203,12066.266400004679,1625.3896740154512
1782826166,500,,Aggregated,94.500000,46.700000,330,360,390,430,680,1200,2100,2800,6800,9500,12000,85006,37582,330,466.0204090923074,267.95149999816203,12066.266400004679,1626.150130579018
1782826167,500,,Aggregated,96.400000,48.800000,330,360,390,430,680,1200,2100,2800,6800,9500,12000,85108,37633,330,465.8619825410139,267.95149999816203,12066.266400004679,1624.3770855853738
1782826168,500,,Aggregated,96.400000,48.700000,330,360,390,430,680,1200,2100,2800,6800,9500,12000,85206,37678,330,465.6982226122649,267.95149999816203,12066.266400004679,1622.6772762481514
1782826169,500,,Aggregated,98.300000,48.800000,330,360,390,430,680,1200,2100,2800,6800,9500,12000,85299,37729,330,465.5360580299958,267.95149999816203,12066.266400004679,1622.2461576337355
1782826170,500,,Aggregated,98.100000,48.700000,330,360,390,430,680,1200,2100,2700,6800,9500,12000,85404,37776,330,465.37044631048445,267.95149999816203,12066.266400004679,1622.8160156432955
1782826171,500,,Aggregated,96.200000,48.000000,330,360,390,430,680,1200,2100,2700,6800,9500,12000,85486,37822,330,465.2315699939248,267.95149999816203,12066.266400004679,1623.7545796972604
1782826172,500,,Aggregated,96.500000,48.300000,330,360,390,430,680,1200,2100,2700,6800,9500,12000,85584,37873,330,465.17603066929235,267.95149999816203,12066.266400004679,1624.4358758646476
1782826173,500,,Aggregated,96.600000,48.100000,330,360,390,430,680,1200,2100,2700,6800,9500,12000,85695,37942,330,465.0752905700534,267.95149999816203,12066.266400004679,1623.6687788085653
1782826174,500,,Aggregated,95.700000,47.600000,330,360,390,430,680,1200,2000,2700,6800,9500,12000,85789,37993,330,464.9364184312756,267.7336999986437,12066.266400004679,1623.2235601300865
1782826175,500,,Aggregated,97.000000,49.100000,330,360,390,430,680,1200,2000,2700,6800,9500,12000,85872,38032,330,464.85076598659293,267.7336999986437,12066.266400004679,1624.1656651760761
1782826176,500,,Aggregated,97.900000,50.600000,330,360,390,430,680,1200,2000,2700,6800,9500,12000,85953,38066,330,464.7317444719869,267.7336999986437,12066.266400004679,1623.963142647726
1782826177,500,,Aggregated,95.600000,49.500000,330,350,390,430,680,1200,2000,2700,6800,9500,12000,86055,38129,330,464.5600939492267,267.7336999986437,12066.266400004679,1624.5472546627157
1782826178,500,,Aggregated,95.500000,48.400000,330,350,390,430,680,1200,2000,2700,6800,9500,12000,86166,38181,330,464.383244373659,267.7336999986437,12066.266400004679,1627.3662697583734
1782826179,500,,Aggregated,93.800000,48.500000,330,350,390,430,680,1200,2000,2700,6800,9500,12000,86275,38229,330,464.2712888797529,267.7336999986437,12066.266400004679,1625.4979078527963
1782826180,500,,Aggregated,93.600000,48.500000,330,350,390,430,680,1200,2000,2700,6800,9500,12000,86356,38269,330,464.14089512368207,267.7336999986437,12066.266400004679,1625.2743874195191
1782826181,500,,Aggregated,96.000000,49.700000,330,350,390,430,680,1200,2000,2700,6800,9500,12000,86456,38318,330,463.9781362057079,267.7336999986437,12066.266400004679,1625.903696678079
1782826182,500,,Aggregated,95.500000,49.100000,330,350,390,430,680,1200,2000,2700,6800,9500,12000,86549,38366,330,463.8315706767343,267.7336999986437,12066.266400004679,1626.6558019156778
1782826183,500,,Aggregated,95.200000,48.600000,330,350,390,430,680,1200,2000,2700,6800,9500,12000,86651,38409,330,463.6522339153699,267.7336999986437,12066.266400004679,1627.2829626894093
1782826184,500,,Aggregated,94.200000,48.100000,330,350,390,430,680,1200,2000,2700,6800,9500,12000,86746,38456,330,463.5244999308412,267.7336999986437,12066.266400004679,1627.9953311968275
1782826185,500,,Aggregated,95.100000,47.400000,330,350,390,430,680,1200,2000,2700,6800,9500,12000,86845,38505,330,463.36114408659984,267.7336999986437,12066.266400004679,1627.4626403362313
1782826186,500,,Aggregated,94.300000,46.000000,330,350,390,430,680,1200,2000,2700,6800,9500,12000,86951,38562,330,463.1818682568436,267.7336999986437,12066.266400004679,1625.630389529735
1782826187,500,,Aggregated,96.100000,46.500000,330,350,390,430,680,1200,2000,2700,6800,9500,12000,87050,38611,330,463.0275581011011,267.7336999986437,12066.266400004679,1623.941585295807
1782826188,500,,Aggregated,96.600000,47.600000,330,350,390,430,670,1200,2000,2700,6800,9500,12000,87144,38657,330,462.87610943841014,267.7336999986437,12066.266400004679,1622.340757826127
1782826189,500,,Aggregated,98.000000,48.000000,330,350,390,430,670,1200,2000,2700,6800,9500,12000,87246,38697,330,462.7264318238179,267.7336999986437,12066.266400004679,1621.8216193292528
1782826190,500,,Aggregated,98.100000,48.000000,330,350,390,430,670,1200,2000,2700,6800,9500,12000,87342,38751,330,462.5579848102949,267.7336999986437,12066.266400004679,1621.3543312495706
1782826191,500,,Aggregated,97.100000,47.300000,330,350,390,430,670,1200,2000,2700,6800,9500,12000,87435,38796,330,462.4532994441677,267.7336999986437,12066.266400004679,1619.7815977583348
1782826192,500,,Aggregated,97.800000,47.400000,330,350,390,430,670,1200,2000,2700,6800,9500,12000,87517,38828,330,462.3493083206776,267.7336999986437,12066.266400004679,1621.9087263046038
1782826193,500,,Aggregated,97.600000,47.900000,330,350,390,430,670,1200,2000,2700,6800,9500,12000,87615,38881,330,462.1972651840524,267.7336999986437,12066.266400004679,1623.7386406437254
1782826194,500,,Aggregated,97.300000,47.300000,330,350,390,430,670,1200,2000,2700,6800,9500,12000,87732,38946,330,462.0189067056574,267.7336999986437,12066.266400004679,1624.0793211143027
1782826195,500,,Aggregated,96.100000,46.600000,330,350,390,420,670,1200,2000,2700,6800,9500,12000,87833,38994,330,461.89641984790126,267.7336999986437,12066.266400004679,1623.5341044937552
1782826196,500,,Aggregated,96.200000,46.900000,330,350,390,420,670,1200,2000,2700,6800,9500,12000,87925,39045,330,461.74844701735225,267.7336999986437,12066.266400004679,1624.2744043218652
1782826197,500,,Aggregated,97.800000,48.300000,330,350,390,420,670,1200,2000,2700,6700,9500,12000,88019,39091,330,461.6135073802327,267.7336999986437,12066.266400004679,1622.6798532135108
1782826198,500,,Aggregated,97.000000,47.700000,330,350,390,420,670,1200,2000,2700,6700,9500,12000,88099,39131,330,461.4955987457367,267.7336999986437,12066.266400004679,1622.4731949284328
1782826199,500,,Aggregated,96.300000,47.800000,330,350,390,420,670,1200,2000,2700,6700,9500,12000,88187,39169,330,461.45553933460286,267.7336999986437,12066.266400004679,1621.0217038792566
1782826200,500,,Aggregated,95.900000,47.600000,330,350,390,420,670,1200,2000,2700,6700,9500,12000,88301,39232,330,461.40126579654424,267.7336999986437,12066.266400004679,1621.3898710093883
1782826201,500,,Aggregated,94.100000,47.000000,330,350,390,420,670,1200,2000,2700,6700,9500,12000,88404,39290,330,461.2274863411234,267.7336999986437,12066.266400004679,1620.8092846477534
1782826202,500,,Aggregated,92.500000,46.700000,330,350,390,420,670,1200,2000,2700,6700,9500,12000,88498,39340,330,461.0941605945978,267.7336999986437,12066.266400004679,1620.3924495468825
1782826203,500,,Aggregated,94.200000,47.400000,330,350,390,420,670,1200,2000,2700,6700,9500,12000,88588,39383,330,460.96431363955236,267.7336999986437,12066.266400004679,1620.04189054951
1782826204,500,,Aggregated,96.200000,49.400000,330,350,390,420,670,1200,2000,2700,6700,9500,12000,88684,39433,330,460.8115618070973,267.7336999986437,12066.266400004679,1620.7335934328628
1782826205,500,,Aggregated,96.500000,49.900000,330,350,390,420,670,1200,2000,2700,6700,9500,12000,88774,39478,330,460.68328273481677,267.7336999986437,12066.266400004679,1621.528803478496
1782826206,500,,Aggregated,95.600000,49.900000,330,350,390,420,670,1200,2000,2700,6700,9500,12000,88878,39533,330,460.53044796575796,267.7336999986437,12066.266400004679,1619.7994779360472
1782826207,500,,Aggregated,93.000000,47.900000,330,350,380,420,670,1200,2000,2700,6700,9500,12000,88982,39578,330,460.3685057955611,267.7336999986437,12066.266400004679,1622.638353824369
1782826208,500,,Aggregated,93.800000,48.300000,330,350,380,420,670,1200,2000,2700,6700,9500,12000,89083,39627,330,460.22151122100297,267.7336999986437,12066.266400004679,1626.6821952561095
1782826209,500,,Aggregated,94.300000,48.300000,330,350,380,420,670,1200,2000,2700,6700,9500,12000,89180,39672,330,460.0781117784329,267.7336999986437,12066.266400004679,1629.644606413994
1782826210,500,,Aggregated,95.500000,48.500000,330,350,380,420,670,1200,2000,2700,6700,9500,12000,89278,39710,330,459.9404819485282,267.7336999986437,12066.266400004679,1632.5662089204507
1782826211,500,,Aggregated,96.900000,48.800000,330,350,380,420,670,1200,2000,2700,6700,9500,12000,89368,39756,330,459.7983580979847,267.7336999986437,12066.266400004679,1631.0639490645422
1782826212,500,,Aggregated,98.000000,49.300000,330,350,380,420,670,1200,2000,2700,6700,9500,12000,89468,39808,330,459.6543830229884,267.7336999986437,12066.266400004679,1632.8218469173335
1782826214,500,,Aggregated,95.000000,45.800000,330,350,380,420,670,1200,2000,2700,6700,9500,12000,89574,39856,330,459.50085086856393,267.7336999986437,12066.266400004679,1631.0561881796057
1782826215,500,,Aggregated,95.000000,45.800000,330,350,380,420,670,1200,2000,2700,6700,9500,12000,89657,39900,330,459.4076669061064,267.7336999986437,12066.266400004679,1630.8153072264297
1782826216,500,,Aggregated,97.800000,46.700000,330,350,380,420,670,1200,2000,2700,6700,9500,12000,89763,39953,330,459.310421543407,267.7336999986437,12066.266400004679,1632.4713634793845
1782826217,500,,Aggregated,96.900000,46.400000,330,350,380,420,670,1200,2000,2700,6700,9500,12000,89856,39999,330,459.17672734487223,267.7336999986437,12066.266400004679,1630.9183360042734
1782826218,500,,Aggregated,97.400000,46.900000,330,350,380,420,670,1200,2000,2700,6700,9500,12000,89953,40047,330,459.0508227485556,267.7336999986437,12066.266400004679,1631.5812035173924
1782826219,500,,Aggregated,96.800000,46.300000,330,350,380,420,670,1200,2000,2700,6700,9500,12000,90057,40098,330,458.9237420955706,267.7336999986437,12066.266400004679,1629.8634309381837
1782826220,500,,Aggregated,96.100000,46.300000,330,350,380,420,660,1200,2000,2700,6700,9500,12000,90139,40136,330,458.8319785542415,267.7336999986437,12066.266400004679,1629.6407326462463
1782826221,500,,Aggregated,96.000000,46.500000,330,350,380,420,660,1200,2000,2700,6700,9500,12000,90239,40180,330,458.7059842274487,267.7336999986437,12066.266400004679,1630.2717339509525
1782826222,500,,Aggregated,94.900000,45.800000,330,350,380,420,660,1200,2000,2700,6700,9500,12000,90348,40241,330,458.58129303361153,267.7336999986437,12066.266400004679,1630.7189201753222
1782826223,500,,Aggregated,94.800000,46.000000,330,350,380,420,660,1200,2000,2700,6700,9500,12000,90458,40294,330,458.4218941309864,267.7336999986437,12066.266400004679,1633.4151871586814
1782826224,500,,Aggregated,96.400000,47.600000,330,350,380,420,660,1200,2000,2700,6700,9500,12000,90536,40331,330,458.31566297937565,267.7336999986437,12066.266400004679,1634.3857802421137
1782826225,500,,Aggregated,97.500000,48.300000,330,350,380,420,660,1200,2000,2700,6700,9500,12000,90626,40375,330,458.1950398550169,267.7336999986437,12066.266400004679,1635.1518438417231
1782826226,500,,Aggregated,95.700000,47.200000,330,350,380,420,660,1200,2000,2700,6700,9500,12000,90724,40429,330,458.06398758873894,267.7336999986437,12066.266400004679,1634.6461575768265
1782826227,500,,Aggregated,95.900000,47.200000,330,350,380,420,660,1200,2000,2700,6700,9500,12000,90837,40487,330,457.9043062507645,267.7336999986437,12066.266400004679,1633.9042460671312
1782826228,500,,Aggregated,94.500000,46.800000,330,350,380,420,660,1200,2000,2700,6700,9500,12000,90919,40527,330,457.7718860535283,267.7336999986437,12066.266400004679,1632.551633871908
1782826229,500,,Aggregated,96.300000,48.000000,330,350,380,420,660,1200,2000,2700,6700,9500,12000,91012,40571,330,457.6374625697793,267.7336999986437,12066.266400004679,1633.2886322682723
1782826230,500,,Aggregated,95.700000,47.400000,330,350,380,420,660,1200,2000,2700,6700,9500,12000,91113,40619,330,457.492232096417,267.7336999986437,12066.266400004679,1633.865529617069
1782826231,500,,Aggregated,94.600000,47.100000,330,350,380,420,660,1200,2000,2700,6700,9500,12000,91197,40656,330,457.41502379794184,267.7336999986437,12066.266400004679,1635.8393258550173
1782826232,500,,Aggregated,97.100000,48.400000,330,350,380,420,660,1100,2000,2700,6700,9500,12000,91296,40710,330,457.3044663545053,267.7336999986437,12066.266400004679,1635.3320298808271
1782826233,500,,Aggregated,95.400000,47.800000,330,350,380,420,660,1100,2000,2700,6700,9500,12000,91396,40758,330,457.1701045581963,267.4282000007224,12066.266400004679,1637.031861350606
1782826234,500,,Aggregated,94.400000,46.700000,330,350,380,420,660,1100,2000,2700,6700,9500,12000,91512,40827,330,456.99639141752925,267.4282000007224,12066.266400004679,1635.1270871579684
1782826235,500,,Aggregated,92.000000,44.900000,330,350,380,420,660,1100,2000,2700,6700,9500,12000,91608,40875,330,456.86261778120814,267.4282000007224,12066.266400004679,1633.5347458737228
1782826236,500,,Aggregated,94.500000,47.100000,330,350,380,420,660,1100,2000,2700,6700,9500,12000,91700,40926,330,456.72320043076235,267.4282000007224,12066.266400004679,1633.1567611777537
1782826237,500,,Aggregated,96.900000,49.200000,330,350,380,420,660,1100,2000,2700,6700,9500,12000,91793,40969,330,456.6093953340772,267.4282000007224,12066.266400004679,1632.7573344372665
1782826238,500,,Aggregated,97.200000,49.600000,330,350,380,420,660,1100,2000,2700,6700,9500,12000,91900,41032,330,456.44244036671273,267.4282000007224,12066.266400004679,1634.3399891186073
1782826239,500,,Aggregated,95.800000,48.200000,330,350,380,420,660,1100,2000,2700,6700,9500,12000,91997,41083,330,456.3236173114427,267.4282000007224,12066.266400004679,1634.977314477646
1782826240,500,,Aggregated,96.100000,49.300000,330,350,380,420,660,1100,2000,2700,6700,9500,12000,92101,41129,330,456.17785538268566,267.4282000007224,12066.266400004679,1636.611784888329
1782826241,500,,Aggregated,97.800000,50.300000,330,350,380,420,660,1100,2000,2700,6700,9500,12000,92188,41176,330,456.0533837234858,267.4282000007224,12066.266400004679,1635.1883325378574
1782826242,500,,Aggregated,97.800000,50.700000,330,350,380,420,660,1100,2000,2700,6700,9500,12000,92295,41231,330,455.89658834282125,267.4282000007224,12066.266400004679,1633.4536107048052
1782826243,500,,Aggregated,98.300000,51.000000,330,350,380,420,660,1100,2000,2700,6700,9500,12000,92389,41281,330,455.7562155841133,267.4282000007224,12066.266400004679,1635.2376040437714
1782826244,500,,Aggregated,98.900000,52.200000,330,350,380,420,660,1100,2000,2700,6700,9500,12000,92486,41334,330,455.60777411284556,267.4282000007224,12066.266400004679,1634.76429946154
1782826245,500,,Aggregated,99.800000,53.000000,330,350,380,420,660,1100,2000,2700,6700,9500,12000,92563,41377,330,455.4965881561816,267.4282000007224,12066.266400004679,1634.611659086244
1782826246,500,,Aggregated,97.600000,51.700000,330,350,380,420,660,1100,2000,2700,6700,9500,12000,92668,41436,330,455.3795028985266,267.4282000007224,12066.266400004679,1632.9027172270903
1782826247,500,,Aggregated,95.300000,50.100000,330,350,380,420,660,1100,2000,2700,6700,9500,12000,92762,41477,330,455.30726250404905,267.4282000007224,12066.266400004679,1633.612923395356
1782826248,500,,Aggregated,94.200000,49.500000,330,350,380,420,660,1100,2000,2700,6700,9500,12000,92886,41538,330,455.22187240381305,267.4282000007224,12066.266400004679,1632.725459164998
1782826249,500,,Aggregated,96.000000,50.600000,330,350,380,420,660,1100,2000,2700,6700,9500,12000,92969,41577,330,455.11132664544783,267.4282000007224,12066.266400004679,1632.5084920780046
1782826250,500,,Aggregated,96.900000,50.400000,330,350,380,420,650,1100,2000,2700,6700,9500,12000,93065,41629,330,454.9776194520036,267.4282000007224,12066.266400004679,1633.15059367109
1782826251,500,,Aggregated,96.900000,49.900000,330,350,380,420,650,1100,2000,2700,6700,9500,12000,93167,41685,330,454.82331648009176,267.4282000007224,12066.266400004679,1632.6011463286357
1782826252,500,,Aggregated,94.600000,48.500000,330,350,380,420,650,1100,2000,2700,6700,9500,12000,93257,41732,330,454.69262432097014,267.4282000007224,12066.266400004679,1634.4418649538372
1782826253,500,,Aggregated,96.100000,50.700000,330,350,380,420,650,1100,2000,2700,6700,9500,12000,93373,41793,330,454.515969740725,267.4282000007224,12066.266400004679,1636.939457873261
1782826254,500,,Aggregated,94.400000,48.200000,330,350,380,420,650,1100,2000,2700,6700,9500,12000,93460,41828,330,454.4774944628793,267.4282000007224,12066.266400004679,1635.5854376203724
1782826255,500,,Aggregated,96.500000,49.900000,330,350,380,420,650,1100,2000,2700,6700,9500,12000,93510,41850,330,454.44212968774156,267.4282000007224,12066.266400004679,1634.7860977435569
1782826256,500,,Aggregated,96.500000,49.900000,330,350,380,420,650,1100,2000,2700,6700,9500,12000,93598,41901,330,454.5118568153241,267.4282000007224,12066.266400004679,1634.462007735208
1782826257,500,,Aggregated,96.500000,49.900000,330,350,380,420,650,1100,2000,2700,6700,9500,12000,93598,41901,330,454.5118568153241,267.4282000007224,12066.266400004679,1634.462007735208
1782826258,500,,Aggregated,98.100000,49.100000,330,350,380,420,660,1200,2000,2700,6700,9500,12000,93833,42019,330,456.7715877793597,267.4282000007224,12066.266400004679,1635.053765732738
1782826259,500,,Aggregated,86.500000,43.600000,330,350,380,420,660,1200,2000,2700,6700,9500,12000,93923,42051,330,456.76145437007585,267.4282000007224,12066.266400004679,1637.987234223779
1782826260,500,,Aggregated,84.300000,42.400000,330,350,380,420,660,1200,2000,2700,6700,9500,12000,94007,42090,330,456.69032578638445,267.4282000007224,12066.266400004679,1638.8243747806014
1782826261,500,,Aggregated,94.700000,47.200000,330,350,380,420,660,1200,2000,2700,6700,9500,12000,94084,42132,330,456.65445313125093,267.4282000007224,12066.266400004679,1639.755941499086
1782826262,500,,Aggregated,94.900000,46.900000,330,350,380,420,660,1100,2000,2700,6700,9500,12000,94170,42175,330,456.5752361983708,267.4282000007224,12066.266400004679,1639.4716576404376
1782826263,500,,Aggregated,91.200000,44.200000,330,350,380,420,660,1100,2000,2700,6700,9500,12000,94285,42246,330,456.4435893662885,267.4282000007224,12066.266400004679,1637.6125894893144
1782826264,500,,Aggregated,92.000000,45.100000,330,350,380,420,660,1100,2000,2700,6700,9500,12000,94387,42302,330,456.30911759776785,267.4282000007224,12066.266400004679,1636.0018540688866
1782826265,500,,Aggregated,90.200000,43.900000,330,350,380,420,660,1100,2000,2700,6700,9500,12000,94472,42345,330,456.2484403812821,267.4282000007224,12066.266400004679,1635.7156300279448
1782826266,500,,Aggregated,93.900000,47.200000,330,350,380,420,660,1100,2000,2700,6700,9500,12000,94593,42399,330,456.143680575735,267.4282000007224,12066.266400004679,1634.883775755077
1782826267,500,,Aggregated,90.600000,46.800000,330,350,380,420,660,1100,2000,2700,6700,9500,12000,94678,42429,330,456.0251232873576,267.4282000007224,12066.266400004679,1636.7965842117494
1782826268,500,,Aggregated,94.000000,47.400000,330,350,380,420,660,1100,2000,2700,6700,9500,12000,94767,42473,330,455.8884648474726,267.4282000007224,12066.266400004679,1637.5299102008082
1782826269,500,,Aggregated,103.300000,50.900000,330,350,380,420,660,1100,2000,2700,6700,9500,12000,94874,42522,330,455.7340605497866,267.4282000007224,12066.266400004679,1636.9257014566688
1782826270,500,,Aggregated,103.900000,50.700000,330,350,380,420,660,1100,2000,2700,6700,9500,12000,94976,42575,330,455.5918528154531,267.4282000007224,12066.266400004679,1637.4588106469002
1782826271,500,,Aggregated,92.500000,45.700000,330,350,380,420,660,1100,2000,2700,6700,9500,12000,95068,42620,330,455.45982457399384,267.4282000007224,12066.266400004679,1639.2238608154164
1782826272,500,,Aggregated,94.300000,46.800000,330,350,380,420,660,1100,2000,2700,6700,9500,12000,95170,42671,330,455.3117622790844,267.4282000007224,12066.266400004679,1638.6951245140276
1782826273,500,,Aggregated,96.800000,48.100000,330,350,380,420,660,1100,2000,2700,6700,9500,12000,95259,42716,330,455.17739422522214,267.4282000007224,12066.266400004679,1638.3533104483565
1782826274,500,,Aggregated,98.100000,48.700000,330,350,380,420,660,1100,2000,2700,6700,9500,12000,95352,42760,330,455.05057619137995,267.4282000007224,12066.266400004679,1636.8925874653914
1782826275,500,,Aggregated,98.000000,48.500000,330,350,380,420,660,1100,2000,2700,6700,9500,12000,95462,42814,330,454.90380386751224,267.4282000007224,12066.266400004679,1636.228572625757
1782826276,500,,Aggregated,96.900000,46.400000,330,350,380,420,660,1100,2000,2700,6700,9500,12000,95560,42874,330,454.75962885412775,267.4282000007224,12066.266400004679,1634.6630703223107
1782826277,500,,Aggregated,98.200000,46.300000,330,350,380,420,660,1100,2000,2700,6700,9500,12000,95654,42922,330,454.62678667907784,267.4282000007224,12066.266400004679,1633.1908440838856
1782826278,500,,Aggregated,96.200000,46.000000,330,350,380,420,660,1100,2000,2700,6700,9500,12000,95757,42979,330,454.4751178399549,267.4282000007224,12066.266400004679,1633.7142872061572
1782826279,500,,Aggregated,96.400000,48.300000,330,350,380,420,660,1100,2000,2700,6700,9500,12000,95854,43029,330,454.32734584055544,267.4282000007224,12066.266400004679,1634.3362718300748
1782826280,500,,Aggregated,96.800000,49.400000,330,350,380,420,650,1100,2000,2700,6700,9500,12000,95942,43060,330,454.2172056336178,267.4282000007224,12066.266400004679,1632.9813324717018
1782826281,500,,Aggregated,97.700000,50.000000,330,350,380,420,650,1100,1900,2600,6600,9500,12000,96041,43115,330,454.06899799461195,267.4282000007224,12066.266400004679,1634.619652023615
1782826282,500,,Aggregated,97.000000,49.700000,330,350,380,420,650,1100,1900,2600,6600,9500,12000,96149,43173,330,453.92058385319194,267.4282000007224,12066.266400004679,1634.0002912146772
1782826283,500,,Aggregated,96.800000,48.800000,330,350,380,420,650,1100,1900,2600,6600,9500,12000,96235,43219,330,453.7959884231363,267.4282000007224,12066.266400004679,1633.7228555099496
1782826284,500,,Aggregated,96.300000,49.000000,330,350,380,420,650,1100,1900,2600,6600,9500,12000,96337,43268,330,453.65239748902763,267.4282000007224,12066.266400004679,1633.1990512471843
1782826285,500,,Aggregated,95.900000,49.000000,330,350,380,420,650,1100,1900,2600,6600,9500,12000,96442,43318,330,453.5073805219771,267.4282000007224,12066.266400004679,1633.6959104954274
1782826286,500,,Aggregated,96.300000,49.100000,330,350,380,420,650,1100,1900,2600,6600,9500,12000,96531,43365,330,453.4028149900088,267.4282000007224,12066.266400004679,1632.303291170712
1782826287,500,,Aggregated,97.100000,49.900000,330,350,380,420,650,1100,1900,2600,6600,9500,12000,96599,43393,330,453.3651074493575,267.4282000007224,12066.266400004679,1635.4785763827783
1782826288,500,,Aggregated,97.100000,49.900000,330,350,380,420,650,1100,1900,2600,6600,9500,12000,96726,43456,330,453.3877255588001,267.4282000007224,12066.266400004679,1637.7321299340406
1782826289,500,,Aggregated,96.400000,48.300000,330,350,380,420,650,1100,1900,2600,6600,9500,12000,96825,43505,330,453.2544887611725,267.4282000007224,12066.266400004679,1636.2014149238316
1782826290,500,,Aggregated,94.900000,46.800000,330,350,380,420,650,1100,1900,2600,6600,9500,12000,96924,43557,330,453.12245201189114,267.4282000007224,12066.266400004679,1636.763433205398
1782826291,500,,Aggregated,96.900000,48.100000,330,350,380,420,650,1100,1900,2600,6600,9500,12000,97010,43601,330,452.9969964910888,267.4282000007224,12066.266400004679,1636.4793114111947
1782826292,500,,Aggregated,95.700000,47.600000,330,350,380,420,650,1100,1900,2600,6600,9500,12000,97116,43660,330,452.8406625592125,267.4282000007224,12066.266400004679,1635.8834383623707
1782826293,500,,Aggregated,97.100000,48.800000,330,350,380,420,650,1100,1900,2600,6600,9500,12000,97205,43707,330,452.71013274626284,267.4282000007224,12066.266400004679,1638.6964559436242
1782826294,500,,Aggregated,95.900000,48.300000,330,350,380,410,650,1100,1900,2600,6600,9500,12000,97306,43769,330,452.57110638501666,267.4282000007224,12066.266400004679,1637.119314327996
1782826295,500,,Aggregated,96.800000,48.700000,330,350,380,410,650,1100,1900,2600,6600,9500,12000,97395,43820,330,452.4482017146714,267.4282000007224,12066.266400004679,1636.7927614353919
1782826296,500,,Aggregated,95.700000,48.700000,330,350,380,410,650,1100,1900,2600,6600,9500,12000,97487,43866,330,452.32074270108274,267.4282000007224,12066.266400004679,1637.4792126129637
1782826297,500,,Aggregated,96.100000,50.000000,330,350,380,410,650,1100,1900,2600,6600,9500,12000,97586,43911,330,452.18975098990074,267.4282000007224,12066.266400004679,1637.005338880577
1782826298,500,,Aggregated,94.800000,49.600000,330,350,380,410,650,1100,1900,2600,6600,9500,12000,97683,43955,330,452.0528047869175,267.4282000007224,12066.266400004679,1637.620998536081
1782826299,500,,Aggregated,94.600000,50.200000,330,350,380,410,650,1100,1900,2600,6600,9500,12000,97801,44009,330,451.9012785227189,267.4282000007224,12066.266400004679,1637.8894898825165
1782826300,500,,Aggregated,96.500000,51.100000,330,350,380,410,650,1100,1900,2600,6600,9500,12000,97894,44051,330,451.7734172145427,267.4282000007224,12066.266400004679,1638.5705354771487
1782826301,500,,Aggregated,94.200000,48.800000,330,350,380,410,650,1100,1900,2600,6600,9500,12000,97975,44088,330,451.6648149323853,267.4282000007224,12066.266400004679,1638.3882316917582
1782826302,500,,Aggregated,97.800000,50.400000,330,350,380,410,650,1100,1900,2600,6600,9500,12000,98077,44145,330,451.5241327752729,267.4282000007224,12066.266400004679,1640.9736941382791
1782826303,500,,Aggregated,96.500000,49.200000,330,350,380,410,650,1100,1900,2600,6600,9500,12000,98162,44185,330,451.4136168323833,267.4282000007224,12066.266400004679,1640.7133208369837
1782826304,500,,Aggregated,96.000000,48.500000,330,350,380,410,650,1100,1900,2600,6600,9500,12000,98267,44232,330,451.2689344072824,267.4282000007224,12066.266400004679,1641.1723264168031
1782826305,500,,Aggregated,95.600000,48.200000,330,350,380,410,650,1100,1900,2600,6600,9500,12000,98368,44275,330,451.1315110645784,267.4282000007224,12066.266400004679,1640.6935995445674
1782826306,500,,Aggregated,94.900000,47.600000,330,350,380,410,640,1100,1900,2600,6600,9500,12000,98471,44330,330,450.99507682769973,267.4282000007224,12066.266400004679,1640.1513135847101
1782826307,500,,Aggregated,95.300000,45.800000,330,350,380,410,640,1100,1900,2600,6600,9500,12000,98566,44378,330,450.87258416391495,267.4282000007224,12066.266400004679,1639.7281111133657
1782826308,500,,Aggregated,96.400000,45.400000,330,350,380,410,640,1100,1900,2600,6600,9500,12000,98648,44415,330,450.78280034669194,267.4282000007224,12066.266400004679,1639.528809504501
1782826309,500,,Aggregated,97.300000,45.300000,330,350,380,410,640,1100,1900,2600,6600,9500,12000,98745,44464,330,450.7238036467716,267.4282000007224,12066.266400004679,1639.0902222897362
1782826310,500,,Aggregated,97.100000,46.000000,330,350,380,410,640,1100,1900,2600,6600,9500,12000,98850,44514,330,450.6078251573138,267.4282000007224,12066.266400004679,1639.5697723823976
1782826311,500,,Aggregated,96.200000,45.900000,330,350,380,410,640,1100,1900,2600,6600,9500,12000,98952,44574,330,450.4703283834635,267.4282000007224,12066.266400004679,1639.027861993694
1782826312,500,,Aggregated,93.500000,45.300000,330,350,380,410,640,1100,1900,2600,6600,9500,12000,99050,44622,330,450.33846326805116,267.4282000007224,12066.266400004679,1638.5799091367996
1782826313,500,,Aggregated,95.400000,46.300000,330,350,380,410,640,1100,1900,2600,6600,9500,12000,99148,44672,330,450.22593100718524,267.4282000007224,12066.266400004679,1638.1213942792592
1782826314,500,,Aggregated,97.000000,47.700000,330,350,380,410,640,1100,1900,2600,6600,9500,12000,99224,44715,330,450.12050672720716,267.4282000007224,12066.266400004679,1639.0202672740465
1782826315,500,,Aggregated,96.300000,47.100000,330,350,380,410,640,1100,1900,2600,6600,9500,12000,99336,44771,330,449.97277057763966,267.4282000007224,12066.266400004679,1639.3824695981316
1782826316,500,,Aggregated,97.600000,48.000000,330,350,380,410,640,1100,1900,2600,6600,9500,12000,99434,44820,330,449.8416183921036,267.4282000007224,12066.266400004679,1637.9086730896877
1782826317,500,,Aggregated,94.800000,47.900000,330,350,380,410,640,1100,1900,2600,6600,9500,12000,99519,44868,330,449.7525161768146,267.4282000007224,12066.266400004679,1636.617188677539
1782826318,500,,Aggregated,95.900000,49.000000,330,350,380,410,640,1100,1900,2600,6600,9500,12000,99635,44929,330,449.62422839364064,267.4282000007224,12066.266400004679,1635.8914939529282
1782826319,500,,Aggregated,96.100000,49.100000,330,350,380,410,640,1100,1900,2600,6600,9500,12000,99737,44978,330,449.49338941416306,267.4282000007224,12066.266400004679,1636.4174178088372
1782826321,500,,Aggregated,97.600000,50.800000,330,350,380,410,640,1100,1900,2600,6600,9500,12000,99830,45032,330,449.3796913633211,267.4282000007224,12066.266400004679,1635.0094160072122
1782826322,500,,Aggregated,98.000000,50.500000,330,350,380,410,640,1100,1900,2600,6600,9500,12000,99910,45079,330,449.2723869602676,267.4282000007224,12066.266400004679,1634.8299169252327
1782826323,500,,Aggregated,96.500000,51.000000,330,350,380,410,640,1100,1900,2600,6500,9300,12000,100014,45129,330,449.1409016687701,267.4282000007224,12066.266400004679,1635.3336432899393
1782826324,500,,Aggregated,94.700000,50.300000,330,350,380,410,640,1100,1900,2600,6500,9300,12000,100106,45172,330,449.0253535562339,267.4282000007224,12066.266400004679,1633.9669949853155
1782826325,500,,Aggregated,94.700000,50.300000,330,350,380,410,640,1100,1900,2600,6500,9300,12000,100217,45226,330,448.87525567219564,267.4282000007224,12066.266400004679,1634.3584421804683
1782826326,500,,Aggregated,95.100000,49.600000,330,350,380,410,640,1100,1900,2600,6500,9300,12000,100322,45277,330,449.02731915532434,267.4282000007224,12066.266400004679,1633.8083869938796
1782826327,500,,Aggregated,98.700000,50.900000,330,350,380,410,640,1100,1900,2600,6500,9300,12000,100419,45324,330,448.9672788476335,267.4282000007224,12066.266400004679,1633.3768012029595
1782826328,500,,Aggregated,96.500000,49.700000,330,350,380,410,640,1100,1900,2600,6500,9300,12000,100511,45375,330,448.916743277855,267.4282000007224,12066.266400004679,1633.0260966461383
1782826329,500,,Aggregated,96.200000,49.400000,330,350,380,410,640,1100,1900,2600,6500,9300,12000,100610,45424,330,448.78502034191945,267.4282000007224,12066.266400004679,1631.5695358314283
1782826330,500,,Aggregated,98.100000,50.100000,330,350,380,410,640,1100,1900,2600,6500,9300,12000,100697,45469,330,448.6850684330264,267.4282000007224,12066.266400004679,1633.3217672820442
1782826331,500,,Aggregated,96.400000,49.000000,330,350,380,410,640,1100,1900,2600,6500,9300,12000,100793,45521,330,448.5564652396537,267.4282000007224,12066.266400004679,1633.9082575178832
1782826332,500,,Aggregated,95.500000,48.700000,330,350,380,410,640,1100,1900,2600,6500,9300,12000,100889,45576,330,448.43695294730276,267.4282000007224,12066.266400004679,1633.495237340047
1782826333,500,,Aggregated,94.900000,48.000000,330,350,380,410,640,1100,1900,2600,6500,9300,12000,100977,45614,330,448.34134214029405,267.4282000007224,12066.266400004679,1633.2039078205928
1782826334,500,,Aggregated,97.300000,49.200000,330,350,380,410,640,1100,1900,2600,6500,9300,12000,101102,45672,330,448.19214533639837,267.4282000007224,12066.266400004679,1635.3863326145872
1782826335,500,,Aggregated,95.600000,48.400000,330,350,380,410,640,1100,1900,2600,6500,9300,12000,101191,45713,330,448.08669043887875,267.4282000007224,12066.266400004679,1636.1074799142216
1782826336,500,,Aggregated,99.000000,49.800000,330,350,380,410,640,1100,1900,2600,6500,9300,12000,101291,45762,330,447.9649290223278,267.4282000007224,12066.266400004679,1634.6362065731407
1782826337,500,,Aggregated,96.600000,48.300000,330,350,380,410,640,1100,1900,2600,6500,9300,12000,101399,45820,330,447.81895360112685,267.4282000007224,12066.266400004679,1638.0542313040562
1782826338,500,,Aggregated,97.300000,48.700000,330,350,380,410,640,1100,1900,2600,6500,9300,12000,101502,45873,330,447.69485229257174,267.4282000007224,12066.266400004679,1637.5230241768636
1782826339,500,,Aggregated,97.800000,49.300000,330,350,380,410,630,1100,1900,2600,6500,9300,12000,101588,45914,330,447.57638691873666,267.4282000007224,12066.266400004679,1637.2674430050793
1782826340,500,,Aggregated,98.500000,49.400000,330,350,380,410,630,1100,1900,2600,6500,9300,12000,101675,45957,330,447.4705162498214,267.4282000007224,12066.266400004679,1636.9915416769118
1782826341,500,,Aggregated,97.700000,48.900000,330,350,380,410,630,1100,1900,2600,6500,9300,12000,101779,46012,330,447.33685456430715,267.4282000007224,12066.266400004679,1636.4586014796766
1782826342,500,,Aggregated,96.200000,48.100000,330,350,380,410,630,1100,1900,2600,6500,9300,12000,101882,46069,330,447.1940975020184,267.4282000007224,12066.266400004679,1634.939920692566
1782826343,500,,Aggregated,98.500000,49.200000,330,350,380,410,630,1100,1900,2600,6500,9300,12000,101980,46112,330,447.0861940988493,267.4282000007224,12066.266400004679,1636.5134242008237
1782826344,500,,Aggregated,98.400000,48.900000,330,350,380,410,630,1100,1900,2600,6400,9300,12000,102075,46164,330,446.9600077776206,267.4282000007224,12066.266400004679,1639.1086162135684
1782826345,500,,Aggregated,100.000000,49.500000,330,350,380,410,630,1100,1900,2600,6400,9300,12000,102175,46215,330,446.8242784350436,267.4282000007224,12066.266400004679,1638.6155908979692
1782826346,500,,Aggregated,96.200000,48.600000,330,350,380,410,630,1100,1900,2600,6400,9300,12000,102265,46261,330,446.7123260920214,267.4282000007224,12066.266400004679,1637.2975309245587
1782826347,500,,Aggregated,96.500000,49.300000,330,350,380,410,630,1100,1900,2600,6400,9300,12000,102347,46302,330,446.6052663380517,267.4282000007224,12066.266400004679,1637.1102621474006
1782826348,500,,Aggregated,96.500000,49.300000,330,350,380,410,630,1100,1900,2600,6400,9300,12000,102448,46350,330,446.4861342954535,267.4282000007224,12066.266400004679,1639.6126620334219
1782826349,500,,Aggregated,95.000000,48.400000,330,350,380,410,630,1100,1900,2600,6400,9300,12000,102544,46405,330,446.42703833086915,267.4282000007224,12066.266400004679,1641.1801178030894
1782826350,500,,Aggregated,93.800000,47.600000,330,350,380,410,630,1100,1900,2600,6400,9300,12000,102655,46462,330,446.412098080957,267.4282000007224,12066.266400004679,1639.5650772003312
1782826351,500,,Aggregated,94.100000,48.200000,330,350,380,410,630,1100,1900,2600,6400,9300,12000,102749,46518,330,446.3759168760825,267.4282000007224,12066.266400004679,1639.1668434729293
1782826352,500,,Aggregated,96.100000,49.600000,330,350,380,410,630,1100,1900,2600,6400,9300,12000,102859,46571,330,446.42460867984863,267.4282000007224,12066.266400004679,1639.544492946655
1782826353,500,,Aggregated,95.200000,49.700000,330,350,380,410,630,1100,1900,2600,6400,9300,12000,102961,46618,330,446.35359346646334,267.4282000007224,12066.266400004679,1639.0618777983898
1782826354,500,,Aggregated,95.400000,49.200000,330,350,380,410,630,1100,1900,2600,6300,9300,12000,103045,46666,330,446.2450014750892,267.4282000007224,12066.266400004679,1641.782473676549
1782826355,500,,Aggregated,96.900000,50.200000,330,350,380,410,630,1100,1900,2600,6300,9300,12000,103126,46703,330,446.15206102632317,267.4282000007224,12066.266400004679,1642.579388321083
1782826356,500,,Aggregated,95.900000,48.800000,330,350,380,410,630,1100,1900,2600,6300,9300,12000,103238,46764,330,446.00986854162824,267.4282000007224,12066.266400004679,1640.9293380344448
1782826357,500,,Aggregated,95.200000,49.100000,330,350,380,410,630,1100,1900,2600,6300,9300,12000,103343,46812,330,445.87859218428514,267.4282000007224,12066.266400004679,1640.388589454535
1782826358,500,,Aggregated,95.400000,49.200000,330,350,380,410,630,1100,1900,2600,6300,9300,12000,103441,46869,330,445.82066854149286,267.4282000007224,12066.266400004679,1638.9454664978105
1782826359,500,,Aggregated,97.500000,50.200000,330,350,380,410,630,1100,1900,2600,6300,9300,12000,103535,46916,330,445.6951272487618,267.4282000007224,12066.266400004679,1638.5715748297678
1782826360,500,,Aggregated,97.700000,51.100000,330,350,380,410,630,1100,1900,2600,6300,9300,12000,103621,46960,330,445.58915057952044,267.4282000007224,12066.266400004679,1639.287094314859
1782826361,500,,Aggregated,98.300000,50.600000,330,350,380,410,630,1100,1900,2600,6300,9300,12000,103727,47020,330,445.5231417152762,267.4282000007224,12066.266400004679,1637.7403568983968
1782826362,500,,Aggregated,96.900000,49.900000,330,350,380,410,630,1100,1900,2600,6300,9300,12000,103816,47062,330,445.4612391664143,267.4282000007224,12066.266400004679,1638.4262252446636
1782826363,500,,Aggregated,96.600000,49.400000,330,350,380,410,630,1100,1900,2600,6300,9300,12000,103936,47126,330,445.41470561692313,267.4282000007224,12066.266400004679,1636.6984875307883
1782826364,500,,Aggregated,96.300000,49.200000,330,350,380,410,630,1100,1900,2600,6300,9300,12000,104033,47179,330,445.3108210077627,267.4282000007224,12066.266400004679,1636.2682994818952
1782826365,500,,Aggregated,93.300000,48.400000,330,350,380,410,630,1100,1900,2600,6300,9300,12000,104126,47218,330,445.1987674154445,267.4282000007224,12066.266400004679,1636.9126827113305
1782826366,500,,Aggregated,97.100000,51.200000,330,350,380,410,620,1000,1900,2600,6300,9300,12000,104217,47256,330,445.11577730505155,267.4282000007224,12066.266400004679,1637.5717589260869
1782826367,500,,Aggregated,98.600000,50.900000,330,350,380,410,620,1000,1900,2600,6300,9300,12000,104290,47293,330,445.0782999990465,267.4282000007224,12066.266400004679,1636.5213251510213
1782826368,500,,Aggregated,97.000000,48.800000,330,350,380,410,620,1000,1900,2600,6300,9300,12000,104422,47355,330,445.09283856946456,267.4282000007224,12066.266400004679,1636.5916186244278
1782826369,500,,Aggregated,95.900000,48.700000,330,350,380,410,620,1000,1900,2600,6300,9300,12000,104508,47394,330,445.01067069507235,267.4282000007224,12066.266400004679,1636.352461055613
1782826370,500,,Aggregated,93.700000,47.100000,330,350,380,410,620,1000,1900,2600,6300,9300,12000,104614,47440,330,444.9083207840313,267.4282000007224,12066.266400004679,1634.8371441680845
1782826371,500,,Aggregated,94.900000,47.000000,330,350,380,410,620,1000,1900,2600,6300,9300,12000,104707,47488,330,444.79718666183385,267.4282000007224,12066.266400004679,1638.3576169692572
1782826372,500,,Aggregated,95.900000,46.800000,330,350,380,410,620,1000,1900,2600,6300,9300,12000,104803,47532,330,444.6788023596715,267.4282000007224,12066.266400004679,1639.9063003921644
1782826373,500,,Aggregated,95.700000,46.300000,330,350,380,410,620,1000,1900,2600,6300,9300,12000,104906,47573,330,444.55612052123547,267.4282000007224,12066.266400004679,1639.4358949917068
1782826374,500,,Aggregated,95.800000,45.900000,330,350,380,410,620,1000,1900,2600,6300,9300,12000,104993,47614,330,444.45345693713625,267.4282000007224,12066.266400004679,1641.102330631566
1782826375,500,,Aggregated,96.700000,45.000000,330,350,380,410,620,1000,1900,2600,6300,9300,12000,105084,47659,330,444.3398002512347,267.4282000007224,12066.266400004679,1639.8095142933273
1782826376,500,,Aggregated,94.900000,43.300000,330,350,380,410,620,1000,1900,2600,6300,9300,12000,105196,47720,330,444.20269625366694,267.4282000007224,12066.266400004679,1641.116373246131
1782826377,500,,Aggregated,93.000000,42.400000,330,350,380,410,620,1000,1900,2600,6300,9300,12000,105304,47775,330,444.08283437381937,267.4282000007224,12066.266400004679,1640.5454588619616
1782826378,500,,Aggregated,94.900000,45.000000,330,350,380,410,620,1000,1900,2600,6300,9300,12000,105408,47831,330,443.9563028754996,267.4282000007224,12066.266400004679,1640.0167065118396
1782826379,500,,Aggregated,95.100000,45.200000,330,350,380,410,620,1000,1900,2600,6300,9300,12000,105504,47876,330,443.84759239460743,267.4282000007224,12066.266400004679,1639.6313030785564
1782826380,500,,Aggregated,98.500000,46.100000,330,350,380,410,620,1000,1900,2600,6300,9300,12000,105604,47933,330,443.74080204064825,267.4282000007224,12066.266400004679,1639.1595488807243
1782826381,500,,Aggregated,97.700000,47.600000,330,350,380,410,620,1000,1900,2600,6300,9300,12000,105691,47973,330,443.6458888183539,267.4282000007224,12066.266400004679,1640.8334106026057
1782826382,500,,Aggregated,98.100000,47.800000,330,350,380,410,620,1000,1900,2600,6300,9300,12000,105781,48015,330,443.5409179266656,267.4282000007224,12066.266400004679,1641.4894262674773
1782826383,500,,Aggregated,97.800000,48.000000,320,350,380,410,620,1000,1900,2600,6300,9300,12000,105897,48076,320,443.4109419209292,267.4282000007224,12066.266400004679,1639.8395233103865
1782826384,500,,Aggregated,96.000000,47.500000,320,350,380,410,620,1000,1900,2600,6200,9300,12000,106003,48136,320,443.31383535466506,267.4282000007224,12066.266400004679,1640.250974029037
1782826385,500,,Aggregated,95.800000,48.100000,330,350,380,410,620,1000,1900,2600,6200,9300,12000,106082,48177,330,443.2634326294808,267.4282000007224,12066.266400004679,1640.085292509568
1782826386,500,,Aggregated,97.200000,49.400000,330,350,380,410,620,1000,1900,2500,6200,9300,12000,106187,48232,330,443.1781217926914,267.4282000007224,12066.266400004679,1639.5558119167129
1782826387,500,,Aggregated,98.800000,51.000000,330,350,380,410,620,1000,1900,2500,6200,9300,12000,106275,48278,330,443.0859979703643,267.4282000007224,12066.266400004679,1639.2727828746176
1782826388,500,,Aggregated,96.400000,49.600000,330,350,380,410,620,1000,1900,2500,6200,9300,12000,106373,48321,330,442.9826780874887,267.4282000007224,12066.266400004679,1639.8236864617902
1782826390,500,,Aggregated,95.300000,49.500000,330,350,380,410,620,1000,1900,2500,6200,9300,12000,106473,48374,330,442.8890083232408,267.4282000007224,12066.266400004679,1642.2237468654025
1782826391,500,,Aggregated,94.500000,47.800000,330,350,380,410,620,1000,1900,2500,6200,9300,12000,106587,48424,330,442.7981676536569,267.4282000007224,12066.266400004679,1641.5984970024488
1782826392,500,,Aggregated,94.200000,48.100000,330,350,380,410,610,1000,1900,2500,6200,9300,12000,106683,48469,330,442.68800557914926,267.4282000007224,12066.266400004679,1642.1610753353393
1782826393,500,,Aggregated,96.200000,48.500000,330,350,380,410,610,1000,1800,2500,6200,9300,12000,106780,48508,330,442.58394133265034,267.4282000007224,12066.266400004679,1641.750945870013
1782826394,500,,Aggregated,98.000000,49.000000,320,350,380,410,610,1000,1800,2500,6200,9300,12000,106875,48561,320,442.46656966643695,267.4282000007224,12066.266400004679,1642.311354385965
1782826395,500,,Aggregated,97.900000,48.200000,320,350,380,410,610,1000,1800,2500,6200,9300,12000,106983,48618,320,442.34979515811375,267.4282000007224,12066.266400004679,1640.7968836170232
1782826396,500,,Aggregated,96.200000,47.600000,320,350,380,410,610,1000,1800,2500,6200,9300,12000,107076,48674,320,442.2379138163594,267.4282000007224,12066.266400004679,1641.3651425155963
1782826397,500,,Aggregated,96.200000,47.400000,320,350,380,410,610,1000,1800,2500,6200,9300,12000,107162,48717,320,442.1355024840947,267.4282000007224,12066.266400004679,1644.9077098225116
1782826398,500,,Aggregated,98.700000,49.400000,320,350,380,410,610,1000,1800,2500,6200,9300,12000,107257,48759,320,442.01532775297187,267.4282000007224,12066.266400004679,1644.5361981036203
1782826399,500,,Aggregated,95.500000,47.300000,320,350,380,410,610,1000,1800,2500,6200,9300,12000,107366,48818,320,441.8844151481895,267.4282000007224,12066.266400004679,1644.9027811411434
1782826400,500,,Aggregated,96.500000,47.400000,320,350,380,410,610,1000,1800,2500,6200,9300,12000,107465,48870,320,441.77150865026346,267.4282000007224,12066.266400004679,1644.4798213371796
1782826401,500,,Aggregated,97.700000,48.800000,320,350,380,410,610,1000,1800,2500,6200,9300,12000,107557,48921,320,441.65485028311167,267.4282000007224,12066.266400004679,1644.1155480349953
1782826402,500,,Aggregated,98.100000,49.300000,320,350,380,410,610,1000,1800,2500,6200,9300,12000,107654,48968,320,441.5521969504211,267.4282000007224,12066.266400004679,1644.6581455403423
1782826403,500,,Aggregated,96.700000,49.200000,320,350,380,410,610,1000,1800,2500,6200,9300,12000,107750,49012,320,441.44481663109644,267.4282000007224,12066.266400004679,1646.15486774942
1782826404,500,,Aggregated,96.200000,49.500000,320,350,380,400,610,1000,1800,2500,6200,9300,12000,107859,49073,320,441.30658952892765,267.4282000007224,12066.266400004679,1648.4007454176285
1782826405,500,,Aggregated,96.800000,50.300000,320,350,370,400,610,1000,1800,2500,6200,9300,12000,107952,49117,320,441.2044985641828,267.4282000007224,12066.266400004679,1648.0512913146583
1782826406,500,,Aggregated,97.300000,50.500000,320,350,380,400,610,1000,1800,2500,6200,9300,12000,108043,49168,320,441.1461225956399,267.4282000007224,12066.266400004679,1646.7730995992335
1782826407,500,,Aggregated,96.700000,49.600000,320,350,380,400,610,1000,1800,2500,6200,9300,12000,108135,49216,320,441.07425770010406,267.4282000007224,12066.266400004679,1647.3623433670875
1782826408,500,,Aggregated,95.600000,48.700000,320,350,380,400,610,1000,1800,2500,6200,9300,12000,108218,49251,320,440.9917068436005,267.4282000007224,12066.266400004679,1647.1498641630783
1782826409,500,,Aggregated,97.000000,49.400000,320,350,370,400,610,1000,1800,2500,6200,9300,12000,108331,49313,320,440.8702200699784,267.4282000007224,12066.266400004679,1646.5097894416188
1782826410,500,,Aggregated,95.900000,49.200000,320,350,370,400,610,1000,1800,2500,6200,9300,12000,108427,49356,320,440.75976419342805,267.4282000007224,12066.266400004679,1648.0119435196032
1782826411,500,,Aggregated,95.500000,49.100000,320,350,370,400,610,1000,1800,2500,6200,9300,12000,108524,49405,320,440.65586819598263,267.4282000007224,12066.266400004679,1646.6502801223692
1782826412,500,,Aggregated,96.100000,48.300000,320,350,370,400,610,1000,1800,2500,6200,9300,12000,108624,49453,320,440.5502421638018,267.4282000007224,12066.266400004679,1647.1366825011048
1782826413,500,,Aggregated,96.300000,48.300000,320,350,370,400,610,1000,1800,2500,6200,9300,12000,108733,49513,320,440.4209141760169,267.4282000007224,12066.266400004679,1645.6210166186897
1782826414,500,,Aggregated,95.000000,47.500000,320,350,370,400,610,1000,1800,2500,6200,9300,12000,108828,49563,320,440.3163194518033,267.4282000007224,12066.266400004679,1645.2311996912558
1782826415,500,,Aggregated,97.000000,49.300000,320,350,370,400,610,990,1800,2500,6200,9300,12000,108916,49607,320,440.2207654348385,267.4282000007224,12066.266400004679,1644.9531565610196
1782826416,500,,Aggregated,96.900000,49.200000,320,350,370,400,610,990,1800,2500,6000,9300,12000,109017,49651,320,440.1066345955302,267.4282000007224,12066.266400004679,1645.4400506343047
1782826417,500,,Aggregated,96.300000,49.000000,320,350,370,400,610,990,1800,2500,6000,9300,12000,109122,49703,320,439.99235244681097,267.4282000007224,12066.266400004679,1645.859093491688
1782826418,500,,Aggregated,96.000000,47.900000,320,350,370,400,610,990,1800,2500,6000,9300,12000,109222,49751,320,439.8763516599295,267.4282000007224,12066.266400004679,1646.3554869898005
1782826419,500,,Aggregated,97.000000,48.500000,320,350,370,400,610,990,1800,2500,6000,9300,12000,109312,49795,320,439.7757168078602,267.4282000007224,12066.266400004679,1646.9764161299765
1782826420,500,,Aggregated,100.000000,49.700000,320,350,370,400,610,990,1800,2500,6000,9300,12000,109411,49848,320,439.67431484312226,267.4282000007224,12066.266400004679,1646.5409876520641
1782826421,500,,Aggregated,98.400000,48.400000,320,350,370,400,610,990,1800,2500,6000,9300,12000,109510,49888,320,439.561977432206,267.4282000007224,12066.266400004679,1648.0084284540224
1782826422,500,,Aggregated,97.200000,48.300000,320,350,370,400,610,990,1800,2500,6000,9300,12000,109600,49930,320,439.45832872263543,267.4282000007224,12066.266400004679,1648.640401459854
1782826423,500,,Aggregated,97.700000,47.900000,320,350,370,400,610,990,1800,2500,6000,9300,12000,109689,49975,320,439.39814389410793,267.4282000007224,12066.266400004679,1649.2870570430946
1782826424,500,,Aggregated,97.800000,47.700000,320,350,370,400,600,990,1800,2500,6000,9300,12000,109809,50033,320,439.32049293956624,267.4282000007224,12066.266400004679,1647.6530065841598
1782826425,500,,Aggregated,94.500000,45.800000,320,350,370,400,600,990,1800,2500,6000,9300,12000,109901,50082,320,439.2140929582155,267.4282000007224,12066.266400004679,1647.3249560968509
1782826426,500,,Aggregated,96.800000,46.600000,320,350,370,400,600,990,1800,2500,6000,9300,12000,109996,50129,320,439.1214106013016,267.4282000007224,12066.266400004679,1649.7217989745081
1782826427,500,,Aggregated,97.000000,46.800000,320,350,370,400,600,980,1800,2500,6000,8900,12000,110097,50186,320,439.01161515573324,267.4282000007224,12066.266400004679,1650.1716304713116
1782826428,500,,Aggregated,98.400000,47.500000,320,350,370,400,600,980,1800,2500,6000,8900,12000,110206,50239,320,438.8931716422048,267.4282000007224,12066.266400004679,1651.4465909297135
1782826429,500,,Aggregated,97.300000,48.100000,320,350,370,400,600,980,1800,2500,6000,8900,12000,110302,50283,320,438.8003760421454,267.4282000007224,12066.266400004679,1650.1525448314628
1782826430,500,,Aggregated,96.600000,48.200000,320,350,370,400,600,980,1800,2500,6000,8900,12000,110393,50333,320,438.72540195302855,267.4282000007224,12066.266400004679,1648.890491244916
1782826431,500,,Aggregated,99.200000,49.000000,320,350,370,400,600,980,1800,2500,6000,8900,12000,110491,50378,320,438.62647399607863,267.4282000007224,12066.266400004679,1649.4088206279243
1782826432,500,,Aggregated,96.800000,48.500000,320,350,370,400,600,980,1800,2500,6000,8900,12000,110593,50430,320,438.5346786740642,267.4282000007224,12066.266400004679,1648.9299865271762
1782826433,500,,Aggregated,96.900000,49.200000,320,350,370,400,600,980,1800,2500,6000,8900,12000,110667,50463,320,438.4620977075441,267.4282000007224,12066.266400004679,1650.6908021361382
1782826434,500,,Aggregated,98.700000,49.500000,320,350,370,400,600,980,1800,2500,6000,8900,12000,110768,50513,320,438.3576041979705,267.4282000007224,12066.266400004679,1649.3092499638885
1782826435,500,,Aggregated,98.500000,49.600000,320,350,370,400,600,980,1800,2500,6000,8900,12000,110869,50562,320,438.26632658273115,267.4282000007224,12066.266400004679,1649.7682219556414
1782826436,500,,Aggregated,94.900000,47.100000,320,350,370,400,600,980,1800,2500,6000,8900,12000,110977,50628,320,438.17029255522135,267.4282000007224,12066.266400004679,1648.2736512971155
1782826437,500,,Aggregated,95.100000,47.300000,320,350,370,400,600,980,1800,2500,6000,8900,12000,111056,50671,320,438.10148778634965,267.4282000007224,12066.266400004679,1648.1239014551218
1782826438,500,,Aggregated,96.500000,49.200000,320,350,370,400,600,980,1800,2500,6000,8900,12000,111153,50714,320,438.01742571501336,267.4282000007224,12066.266400004679,1648.6524790154112
1782826439,500,,Aggregated,96.400000,48.800000,320,350,370,400,600,980,1800,2500,6000,8900,12000,111257,50761,320,437.91365926189724,267.4282000007224,12066.266400004679,1649.1078583819444
1782826440,500,,Aggregated,93.800000,47.200000,320,350,370,400,600,980,1800,2500,6000,8900,12000,111358,50821,320,437.81635850051947,267.4282000007224,12066.266400004679,1650.4667379083676
1782826441,500,,Aggregated,92.800000,46.900000,320,350,370,400,600,980,1800,2500,6000,8900,12000,111452,50870,320,437.7637426354024,267.4282000007224,12066.266400004679,1651.9344650611922
1782826442,500,,Aggregated,95.800000,47.800000,320,350,370,400,600,980,1800,2500,6000,8900,12000,111558,50910,320,437.7195517461847,267.4282000007224,12066.266400004679,1654.1887986518225
1782826443,500,,Aggregated,95.800000,47.900000,320,350,370,400,600,980,1800,2500,6000,8900,12000,111640,50956,320,437.6413851513873,267.4282000007224,12066.266400004679,1654.8960945897527
1782826444,500,,Aggregated,96.500000,48.500000,320,350,370,400,600,980,1800,2500,6000,8900,12000,111750,51005,320,437.5404324536995,267.4282000007224,12066.266400004679,1654.3357225950783
1782826445,500,,Aggregated,95.400000,47.800000,320,350,370,400,600,970,1800,2500,6000,8900,12000,111855,51068,320,437.42726123821825,267.4282000007224,12066.266400004679,1654.7229538241472
1782826446,500,,Aggregated,96.400000,48.500000,320,350,370,400,600,970,1800,2500,6000,8900,12000,111953,51108,320,437.3396250453395,267.4282000007224,12066.266400004679,1656.1253651085724
1782826447,500,,Aggregated,98.100000,49.600000,320,350,370,400,600,970,1800,2500,6000,8900,12000,112043,51161,320,437.26272516088403,267.4282000007224,12066.266400004679,1654.8950581473184
1782826448,500,,Aggregated,96.700000,48.200000,320,350,370,400,600,970,1800,2500,6000,8900,12000,112138,51211,320,437.1651975048682,267.4282000007224,12066.266400004679,1655.4288465997254
1782826449,500,,Aggregated,97.100000,47.900000,320,350,370,400,600,970,1800,2500,6000,8900,12000,112233,51258,320,437.07996916950356,265.85359999444336,12066.266400004679,1656.8793581210518
1782826450,500,,Aggregated,98.000000,49.000000,320,350,370,400,600,970,1800,2500,6000,8900,12000,112337,51304,320,436.98482285623527,265.85359999444336,12066.266400004679,1655.4786223595077
1782826451,500,,Aggregated,97.300000,49.000000,320,350,370,400,600,970,1800,2500,6000,8900,12000,112426,51350,320,436.89404841051777,265.85359999444336,12066.266400004679,1655.1873499012684
1782826452,500,,Aggregated,97.400000,48.700000,320,350,370,400,600,970,1800,2500,6000,8900,12000,112529,51397,320,436.8023760728426,265.85359999444336,12066.266400004679,1656.517493268402
1782826453,500,,Aggregated,95.600000,47.300000,320,350,370,400,600,970,1800,2500,6000,8900,12000,112631,51445,320,436.71189369002235,265.85359999444336,12066.266400004679,1656.0359492502064
1782826454,500,,Aggregated,94.900000,47.800000,320,350,370,400,600,970,1800,2500,6000,8900,12000,112722,51495,320,436.62105883945407,265.85359999444336,12066.266400004679,1657.5140079132734
1782826455,500,,Aggregated,98.000000,48.800000,320,350,370,400,600,970,1800,2500,6000,8900,12000,112812,51539,320,436.547842254379,265.85359999444336,12066.266400004679,1656.302627380066
1782826456,500,,Aggregated,97.400000,49.100000,320,350,370,400,600,970,1800,2500,6000,8900,12000,112910,51585,320,436.44278887787584,265.85359999444336,12066.266400004679,1655.8906297050748
1782826457,500,,Aggregated,95.800000,48.000000,320,350,370,400,600,970,1800,2500,5900,8900,12000,113005,51642,320,436.3509588301489,265.85359999444336,12066.266400004679,1657.3111189770364
1782826458,500,,Aggregated,95.300000,47.300000,320,350,370,400,600,970,1800,2500,5900,8900,12000,113100,51682,320,436.26291421397787,265.85359999444336,12066.266400004679,1657.8574801061009
1782826459,500,,Aggregated,95.600000,47.700000,320,350,370,400,600,970,1800,2500,5900,8900,12000,113199,51731,320,436.17901003454887,265.85359999444336,12066.266400004679,1658.3435631056811
1782826460,500,,Aggregated,94.500000,46.800000,320,350,370,400,600,960,1800,2500,5900,8900,12000,113297,51780,320,436.10358684078886,265.85359999444336,12066.266400004679,1657.9365914366665
1782826461,500,,Aggregated,96.000000,46.900000,320,350,370,400,600,960,1800,2500,5900,8900,12000,113398,51832,320,436.0656044242476,265.85359999444336,12066.266400004679,1656.5781054339582
1782826462,500,,Aggregated,95.600000,47.400000,320,350,370,400,600,960,1800,2500,5900,8900,12000,113499,51884,320,435.98569154618883,265.85359999444336,12066.266400004679,1656.1141155428681
1782826463,500,,Aggregated,96.700000,47.900000,320,350,370,400,600,960,1800,2500,5900,8900,12000,113587,51927,320,435.9118300474603,265.85359999444336,12066.266400004679,1655.8452199635522
1782826464,500,,Aggregated,95.900000,47.300000,320,350,370,400,600,960,1800,2500,5900,8900,12000,113686,51985,320,435.81686493324514,265.85359999444336,12066.266400004679,1655.40755238112
1782826465,500,,Aggregated,96.600000,48.800000,320,350,370,400,600,960,1800,2500,5900,8900,12000,113779,52029,320,435.7469809253107,265.85359999444336,12066.266400004679,1654.1672452737323
1782826466,500,,Aggregated,95.000000,47.600000,320,350,370,400,600,960,1800,2500,5900,8900,12000,113894,52087,320,435.64291148963923,265.85359999444336,12066.266400004679,1653.5193337664846
1782826467,500,,Aggregated,96.000000,48.800000,320,350,370,400,600,960,1800,2500,5900,8900,12000,113976,52128,320,435.58375310417097,265.85359999444336,12066.266400004679,1654.2221871271145
1782826468,500,,Aggregated,96.600000,49.100000,320,350,370,400,600,960,1800,2500,5900,8900,12000,114076,52176,320,435.49026451927665,265.85359999444336,12066.266400004679,1654.6915565061888
1782826469,500,,Aggregated,96.200000,48.300000,320,350,370,400,600,960,1800,2500,5900,8900,12000,114163,52223,320,435.40422547849164,265.85359999444336,12066.266400004679,1653.5353748587545
1782826470,500,,Aggregated,97.900000,49.000000,320,350,370,400,600,960,1800,2500,5900,8900,12000,114266,52268,320,435.30990926173115,265.85359999444336,12066.266400004679,1653.9668930390492
1782826471,500,,Aggregated,94.900000,48.200000,320,350,370,400,600,960,1800,2500,5900,8900,12000,114367,52315,320,435.2280733445917,265.85359999444336,12066.266400004679,1654.422770554443
1782826472,500,,Aggregated,95.800000,48.800000,320,350,370,400,600,960,1800,2500,5900,8900,12000,114469,52362,320,435.13386403830606,265.85359999444336,12066.266400004679,1654.866549022006
1782826473,500,,Aggregated,95.000000,48.000000,320,350,370,400,590,960,1800,2500,5900,8900,12000,114565,52406,320,435.0543274560371,265.85359999444336,12066.266400004679,1653.6092349321345
1782826474,500,,Aggregated,96.400000,48.100000,320,350,370,400,590,960,1800,2500,5900,8900,12000,114663,52463,320,434.96917560504085,265.85359999444336,12066.266400004679,1652.2994775995744
1782826475,500,,Aggregated,95.100000,46.600000,320,350,370,400,590,960,1800,2500,5900,8900,12000,114748,52507,320,434.8966729816709,265.85359999444336,12066.266400004679,1651.1804040157563
1782826476,500,,Aggregated,97.500000,47.600000,320,350,370,400,590,960,1800,2500,5900,8900,12000,114850,52554,320,434.8010784266497,265.85359999444336,12066.266400004679,1655.1524074880278
1782826477,500,,Aggregated,96.300000,46.900000,320,350,370,400,590,960,1800,2500,5900,8900,12000,114944,52596,320,434.73843133961503,265.85359999444336,12066.266400004679,1655.6975744710467
1782826478,500,,Aggregated,93.800000,46.300000,320,350,370,400,590,960,1800,2500,5900,8900,12000,115052,52655,320,434.68285665699636,265.85359999444336,12066.266400004679,1654.2715641622917
1782826479,500,,Aggregated,94.900000,46.600000,320,350,370,400,590,950,1800,2500,5900,8900,12000,115150,52707,320,434.59592879028014,265.85359999444336,12066.266400004679,1652.9770386452453
1782826480,500,,Aggregated,95.000000,46.300000,320,350,370,400,590,950,1800,2500,5900,8900,12000,115244,52754,320,434.5113466722848,265.85359999444336,12066.266400004679,1651.7385200097185
1782826481,500,,Aggregated,97.600000,48.000000,320,350,370,400,590,950,1800,2500,5900,8900,12000,115346,52815,320,434.41417405805777,265.85359999444336,12066.266400004679,1650.3823626306937
1782826482,500,,Aggregated,97.200000,47.800000,320,350,370,400,590,950,1800,2500,5900,8900,12000,115437,52860,320,434.33744574443796,265.85359999444336,12066.266400004679,1650.963521228029
1782826483,500,,Aggregated,97.400000,48.600000,320,350,370,400,590,950,1800,2500,5900,8900,12000,115533,52914,320,434.24618489523124,265.85359999444336,12066.266400004679,1649.711415785966
1782826484,500,,Aggregated,96.200000,49.600000,320,350,370,400,590,950,1800,2500,5900,8900,12000,115608,52945,320,434.1806626557051,265.85359999444336,12066.266400004679,1649.613383156875
1782826485,500,,Aggregated,96.200000,49.500000,320,350,370,400,590,950,1800,2500,5900,8900,12000,115723,52999,320,434.07182045920644,265.85359999444336,12066.266400004679,1653.3881769397613
1782826486,500,,Aggregated,95.200000,50.100000,320,350,370,400,590,950,1800,2500,5900,8900,12000,115824,53049,320,433.9802990546068,265.85359999444336,12066.266400004679,1652.9334162177097
1782826487,500,,Aggregated,94.700000,48.300000,320,350,370,400,590,950,1800,2500,5900,8900,12000,115914,53096,320,433.8942694549476,265.85359999444336,12066.266400004679,1652.6344617561294
1782826488,500,,Aggregated,98.100000,49.300000,320,350,370,400,590,950,1800,2500,5800,8900,12000,116008,53140,320,433.800744631412,265.85359999444336,12066.266400004679,1651.4124198331149
1782826489,500,,Aggregated,97.400000,49.300000,320,350,370,400,590,950,1800,2500,5800,8900,12000,116102,53190,320,433.7127119248665,265.85359999444336,12066.266400004679,1651.9404316893765
1782826490,500,,Aggregated,96.700000,49.400000,320,350,370,400,590,950,1800,2500,5800,8900,12000,116200,53242,320,433.61857680809675,265.85359999444336,12066.266400004679,1651.5467814113597
1782826491,500,,Aggregated,95.000000,48.100000,320,350,370,400,590,950,1800,2500,5800,8900,12000,116294,53300,320,433.51490594958284,265.85359999444336,12066.266400004679,1651.1834144495847
1782826492,500,,Aggregated,94.700000,47.600000,320,350,370,400,590,950,1800,2500,5800,8900,12000,116389,53351,320,433.43275898754007,265.85359999444336,12066.266400004679,1650.8101624723986
1782826493,500,,Aggregated,95.400000,48.700000,320,350,370,400,590,950,1800,2500,5800,8900,12000,116492,53399,320,433.33701022645954,265.85359999444336,12066.266400004679,1650.3543934347424
1782826494,500,,Aggregated,94.200000,47.900000,320,350,370,400,590,950,1800,2500,5800,8900,12000,116609,53458,320,433.237253157996,265.85359999444336,12066.266400004679,1649.7239063880147
1782826495,500,,Aggregated,94.700000,48.700000,320,350,370,400,590,950,1800,2500,5800,8900,12000,116702,53511,320,433.15164271821203,265.85359999444336,12066.266400004679,1652.8735668626073
1782826496,500,,Aggregated,95.400000,48.100000,320,350,370,400,590,950,1800,2500,5800,8900,12000,116791,53557,320,433.06372382033595,265.85359999444336,12066.266400004679,1651.7275988732008
1782826497,500,,Aggregated,98.700000,50.800000,320,350,370,400,590,950,1800,2500,5800,8900,12000,116887,53607,320,432.9699200415856,265.85359999444336,12066.266400004679,1651.3625638437122
1782826498,500,,Aggregated,96.600000,50.700000,320,350,370,400,590,950,1800,2500,5800,8900,12000,116971,53642,320,432.9374711954317,265.85359999444336,12066.266400004679,1651.1601251592274
1782826499,500,,Aggregated,95.600000,50.400000,320,350,370,400,590,950,1800,2500,5800,8900,12000,117084,53688,320,432.84144070155475,265.85359999444336,12066.266400004679,1652.3317532711558
1782826500,500,,Aggregated,95.900000,50.600000,320,350,370,400,590,950,1800,2500,5800,8900,12000,117199,53749,320,432.7497914393539,265.85359999444336,12066.266400004679,1650.8319354260702
1782826502,500,,Aggregated,95.700000,50.000000,320,350,370,400,590,950,1800,2500,5800,8900,12000,117292,53801,320,432.6604397051875,265.85359999444336,12066.266400004679,1649.6332315929476
1782826503,500,,Aggregated,97.100000,49.500000,320,350,370,400,590,940,1800,2500,5800,8900,12000,117398,53855,320,432.5660667072764,265.85359999444336,12066.266400004679,1648.259927767083
1782826504,500,,Aggregated,99.300000,49.900000,320,350,370,400,590,940,1800,2500,5800,8900,12000,117487,53899,320,432.48315457796025,265.85359999444336,12066.266400004679,1648.8524006911402
1782826505,500,,Aggregated,100.000000,50.000000,320,350,370,400,590,940,1800,2500,5800,8900,12000,117583,53952,320,432.4043733813632,265.85359999444336,12066.266400004679,1650.2177015384877
1782826506,500,,Aggregated,98.600000,49.600000,320,350,370,400,590,940,1800,2500,5800,8900,12000,117680,53999,320,432.31801356985784,265.85359999444336,12066.266400004679,1651.5718643779742
1782826507,500,,Aggregated,96.500000,48.700000,320,350,370,400,590,940,1800,2500,5800,8900,12000,117786,54052,320,432.2202219440412,265.85359999444336,12066.266400004679,1650.2185319138098
1782826508,500,,Aggregated,97.000000,48.200000,320,340,370,400,590,940,1800,2500,5800,8900,12000,117894,54117,320,432.11472145572156,265.85359999444336,12066.266400004679,1650.558009737561
1782826509,500,,Aggregated,99.000000,49.300000,320,340,370,400,590,940,1800,2500,5800,8900,12000,117990,54169,320,432.0293099601729,265.85359999444336,12066.266400004679,1651.0408000678024
1782826510,500,,Aggregated,100.400000,50.700000,320,340,370,400,590,940,1800,2500,5800,8900,12000,118077,54217,320,431.9515939979909,265.85359999444336,12066.266400004679,1650.7810327159395
1782826511,500,,Aggregated,101.200000,52.100000,320,340,370,400,590,940,1800,2500,5800,8900,12000,118171,54261,320,431.86349543458874,265.85359999444336,12066.266400004679,1650.4439329446311
1782826512,500,,Aggregated,98.800000,52.500000,320,340,370,400,590,940,1800,2500,5800,8900,12000,118278,54317,320,431.76483398604006,265.85359999444336,12066.266400004679,1649.0833798339506
1782826513,500,,Aggregated,96.500000,50.700000,320,340,370,400,590,940,1800,2500,5800,8900,12000,118383,54366,320,431.6786652897874,265.85359999444336,12066.266400004679,1650.3378525632904
1782826514,500,,Aggregated,97.800000,51.300000,320,340,370,400,590,940,1800,2500,5800,8900,12000,118493,54427,320,431.5809357244806,265.85359999444336,12066.266400004679,1651.494999704624
1782826515,500,,Aggregated,97.700000,50.700000,320,340,370,400,590,940,1800,2500,5800,8900,12000,118592,54481,320,431.4930892100721,265.85359999444336,12066.266400004679,1651.9563967215327
1782826516,500,,Aggregated,100.300000,52.600000,320,340,370,400,590,940,1800,2500,5800,8900,12000,118681,54530,320,431.44876783057833,265.85359999444336,12066.266400004679,1651.664006875574
1782826517,500,,Aggregated,100.100000,52.300000,320,340,370,400,590,940,1800,2500,5800,8900,12000,118770,54574,320,431.42823071315024,265.85359999444336,12066.266400004679,1651.388355645365
1782826518,500,,Aggregated,99.300000,52.800000,320,340,370,400,590,940,1800,2500,5800,8900,12000,118870,54622,320,431.3790987852348,265.85359999444336,12066.266400004679,1651.8230756288383
1782826519,500,,Aggregated,97.000000,51.600000,320,340,370,400,580,940,1800,2500,5800,8900,12000,118970,54664,320,431.30317892326536,265.85359999444336,12066.266400004679,1651.4148356728588
1782826520,500,,Aggregated,96.000000,49.900000,320,340,370,400,580,940,1800,2400,5800,8900,12000,119061,54702,320,431.2266861121683,265.85359999444336,12066.266400004679,1651.1236089063589
1782826521,500,,Aggregated,96.500000,48.800000,320,340,370,400,580,940,1800,2400,5800,8900,12000,119159,54748,320,431.1435618316777,265.85359999444336,12066.266400004679,1650.7498048825519
1782826522,500,,Aggregated,97.800000,48.500000,320,340,370,400,580,940,1800,2400,5800,8900,12000,119257,54800,320,431.08159799844714,265.85359999444336,12066.266400004679,1649.5038697938066
1782826523,500,,Aggregated,97.100000,47.800000,320,340,370,400,580,940,1800,2400,5800,8900,12000,119349,54847,320,431.03219539586246,265.85359999444336,12066.266400004679,1650.0378721229335
1782826524,500,,Aggregated,97.600000,48.100000,320,340,370,400,580,940,1800,2400,5800,8900,12000,119444,54882,320,430.95174549915276,265.85359999444336,12066.266400004679,1649.6993737651117
1782826525,500,,Aggregated,95.800000,48.200000,320,340,370,400,580,940,1800,2400,5800,8900,12000,119550,54928,320,430.86469443413466,265.85359999444336,12066.266400004679,1651.7751317440402
1782826526,500,,Aggregated,94.500000,45.700000,320,340,370,400,580,940,1800,2400,5800,8900,12000,119655,54984,320,430.7711221252838,265.85359999444336,12066.266400004679,1651.2902762107726
1782826527,500,,Aggregated,95.400000,45.100000,320,340,370,400,580,940,1700,2400,5800,8900,12000,119761,55037,320,430.67394298395004,265.85359999444336,12066.266400004679,1650.80276550797
1782826528,500,,Aggregated,97.100000,45.500000,320,340,370,400,580,940,1700,2400,5800,8900,12000,119853,55088,320,430.587465264956,265.85359999444336,12066.266400004679,1652.1848848172344
1782826529,500,,Aggregated,98.800000,46.000000,320,340,370,400,580,940,1700,2400,5800,8900,12000,119956,55136,320,430.4898749791652,265.85359999444336,12066.266400004679,1652.5976441361834
1782826530,500,,Aggregated,98.300000,46.500000,320,340,370,400,580,940,1700,2400,5700,8900,12000,120037,55176,320,430.418509846137,265.85359999444336,12066.266400004679,1652.4362238309855
1782826531,500,,Aggregated,97.400000,47.300000,320,340,370,400,580,940,1700,2400,5700,8900,12000,120134,55214,320,430.3320861438125,265.85359999444336,12066.266400004679,1651.2424792315248
1782826532,500,,Aggregated,96.900000,46.700000,320,340,370,400,580,940,1700,2400,5700,8900,12000,120229,55259,320,430.2492391278372,265.85359999444336,12066.266400004679,1652.6045712764808
1782826533,500,,Aggregated,96.700000,46.400000,320,340,370,390,580,940,1700,2400,5700,8900,12000,120328,55302,320,430.16040804468395,265.85359999444336,12066.266400004679,1653.0614071537796
1782826534,500,,Aggregated,95.900000,44.800000,320,340,370,390,580,940,1700,2400,5700,8900,12000,120438,55354,320,430.0680723534161,265.85359999444336,12066.266400004679,1653.3739019246418
1782826535,500,,Aggregated,97.000000,44.800000,320,340,370,390,580,940,1700,2400,5700,8900,12000,120533,55398,320,429.9963999394419,265.85359999444336,12066.266400004679,1653.0314436710278
1782826536,500,,Aggregated,98.500000,46.100000,320,340,370,390,580,940,1700,2400,5700,8900,12000,120617,55438,320,429.9488556480491,265.85359999444336,12066.266400004679,1652.8266081895588
1782826537,500,,Aggregated,98.000000,46.400000,320,340,370,390,580,940,1700,2400,5700,8900,12000,120714,55493,320,429.94290231042663,265.85359999444336,12066.266400004679,1652.4408933512268
1782826538,500,,Aggregated,96.400000,45.300000,320,340,370,400,580,940,1700,2400,5700,8900,12000,120798,55530,320,429.93582169655855,265.85359999444336,12066.266400004679,1651.3976224771934
1782826539,500,,Aggregated,94.600000,44.700000,320,340,370,400,580,940,1700,2400,5700,8900,12000,120894,55581,320,429.9200224684509,265.85359999444336,12066.266400004679,1651.0263784803217
1782826540,500,,Aggregated,93.700000,43.900000,320,340,370,400,580,940,1700,2400,5700,8900,12000,121013,55640,320,429.8697401147056,265.85359999444336,12066.266400004679,1650.3841653376085
1782826541,500,,Aggregated,92.800000,43.900000,320,340,370,400,580,940,1700,2400,5700,8900,12000,121116,55694,320,429.7761227013841,265.85359999444336,12066.266400004679,1649.9265580105023
1782826542,500,,Aggregated,95.400000,45.500000,320,340,370,400,580,940,1700,2400,5700,8900,12000,121199,55737,320,429.7071769404104,265.85359999444336,12066.266400004679,1649.7381166511275
1782826543,500,,Aggregated,98.000000,47.900000,320,340,370,390,580,930,1700,2400,5700,8900,12000,121279,55772,320,429.63806600896095,265.85359999444336,12066.266400004679,1650.4290685114488
1782826544,500,,Aggregated,96.500000,48.300000,320,340,370,390,580,930,1700,2400,5700,8900,12000,121377,55816,320,429.5488615816897,265.85359999444336,12066.266400004679,1649.221738879689
1782826545,500,,Aggregated,93.800000,46.400000,320,340,370,390,580,930,1700,2400,5700,8900,12000,121474,55865,320,429.46809030822044,265.85359999444336,12066.266400004679,1649.6877027182773
1782826546,500,,Aggregated,92.200000,45.800000,320,340,370,390,580,930,1700,2400,5700,8900,12000,121576,55920,320,429.37926541258787,265.85359999444336,12066.266400004679,1649.2548364808845
1782826547,500,,Aggregated,92.900000,45.900000,320,340,370,390,580,930,1700,2400,5700,8900,12000,121675,55968,320,429.2868974415519,265.85359999444336,12066.266400004679,1648.0425066776247
1782826548,500,,Aggregated,93.500000,47.100000,320,340,370,390,580,930,1700,2400,5700,8900,12000,121764,56018,320,429.19859309402455,265.85359999444336,12066.266400004679,1647.7669508229033
1782826549,500,,Aggregated,94.200000,46.900000,320,340,370,390,580,930,1700,2400,5700,8900,12000,121854,56057,320,429.11525652092513,265.85359999444336,12066.266400004679,1646.6645493787648
1782826550,500,,Aggregated,95.900000,48.300000,320,340,370,390,580,930,1700,2400,5700,8900,12000,121952,56099,320,429.031151690836,265.85359999444336,12066.266400004679,1646.2954441091576
1782826551,500,,Aggregated,96.400000,47.600000,320,340,370,390,580,930,1700,2400,5700,8900,12000,122051,56147,320,428.92722964089415,265.85359999444336,12066.266400004679,1645.916198966006
1782826552,500,,Aggregated,93.700000,46.500000,320,340,370,390,580,930,1700,2400,5700,8900,12000,122162,56197,320,428.82982508063674,265.85359999444336,12066.266400004679,1645.3941078240368
1782826553,500,,Aggregated,92.400000,44.700000,320,340,370,390,580,930,1700,2400,5700,8900,12000,122252,56236,320,428.7925104202853,265.85359999444336,12066.266400004679,1645.963223505546
1782826554,500,,Aggregated,94.600000,45.100000,320,340,370,390,580,930,1700,2400,5700,8900,12000,122351,56281,320,428.7570271080803,265.85359999444336,12066.266400004679,1645.5881276001014
1782826555,500,,Aggregated,96.400000,45.900000,320,340,370,390,580,930,1700,2400,5700,8900,12000,122440,56320,320,428.6796911393398,265.85359999444336,12066.266400004679,1645.3391457040184
1782826556,500,,Aggregated,95.700000,45.900000,320,340,370,390,580,930,1700,2400,5700,8900,12000,122527,56365,320,428.5990381075259,265.85359999444336,12066.266400004679,1644.2633460380162
1782826557,500,,Aggregated,95.000000,45.400000,320,340,370,390,580,930,1700,2400,5700,8900,12000,122637,56419,320,428.4885044040613,265.85359999444336,12066.266400004679,1643.7499612678066
1782826558,500,,Aggregated,95.300000,44.400000,320,340,370,390,580,930,1700,2400,5700,8900,12000,122740,56465,320,428.38438941503045,265.85359999444336,12066.266400004679,1643.344834609744
1782826559,500,,Aggregated,95.000000,45.100000,320,340,370,390,570,930,1700,2400,5700,8900,12000,122849,56527,320,428.27497263389034,265.85359999444336,12066.266400004679,1642.818769383552
1782826560,500,,Aggregated,96.600000,44.100000,320,340,370,390,570,930,1700,2400,5700,8900,12000,122940,56569,320,428.19654856272007,265.85359999444336,12066.266400004679,1642.536757768017
1782826561,500,,Aggregated,98.100000,45.900000,320,340,370,390,570,930,1700,2400,5600,8900,12000,123010,56602,320,428.13277825705893,265.85359999444336,12066.266400004679,1641.6902040484513
1782826562,500,,Aggregated,98.700000,46.600000,320,340,370,390,570,930,1700,2400,5600,8900,12000,123117,56662,320,428.03583030451415,265.85359999444336,12066.266400004679,1641.2030588789526
1782826563,500,,Aggregated,96.000000,45.500000,320,340,370,390,570,930,1700,2400,5600,8900,12000,123231,56727,320,427.9329389009324,265.85359999444336,12066.266400004679,1640.6271555047026
1782826564,500,,Aggregated,94.600000,45.500000,320,340,370,390,570,930,1700,2400,5600,8900,12000,123336,56780,320,427.8349500421674,265.85359999444336,12066.266400004679,1639.3459492767724
1782826565,500,,Aggregated,96.700000,48.000000,320,340,370,390,570,930,1700,2400,5600,8900,12000,123416,56819,320,427.75427343375867,265.85359999444336,12066.266400004679,1639.193321773514
1782826566,500,,Aggregated,98.100000,49.200000,320,340,370,390,570,930,1700,2400,5600,8900,12000,123504,56865,320,427.6711808289668,265.85359999444336,12066.266400004679,1638.1226518979142
1782826567,500,,Aggregated,97.400000,49.800000,320,340,370,390,570,930,1700,2400,5600,8900,12000,123611,56915,320,427.56552912848196,265.85359999444336,12066.266400004679,1638.4764139113834
1782826568,500,,Aggregated,95.900000,48.800000,320,340,370,390,570,920,1700,2400,5600,8900,12000,123710,56962,320,427.4677531299066,265.85359999444336,12066.266400004679,1638.1167245978497
1782826569,500,,Aggregated,97.200000,49.100000,320,340,370,390,570,920,1700,2400,5600,8900,12000,123799,57012,320,427.3800309598681,265.85359999444336,12066.266400004679,1637.0354122408096
1782826570,500,,Aggregated,96.300000,49.900000,320,340,370,390,570,920,1700,2400,5600,8900,12000,123895,57058,320,427.28945893055203,265.85359999444336,12066.266400004679,1636.7087130231243
1782826571,500,,Aggregated,94.400000,47.700000,320,340,370,390,570,920,1700,2400,5600,8900,12000,124009,57119,320,427.18277519535485,265.85359999444336,12066.266400004679,1636.9755179059584
1782826572,500,,Aggregated,94.100000,48.200000,320,340,370,390,570,920,1700,2400,5600,8900,12000,124099,57154,320,427.1103493331998,265.85359999444336,12066.266400004679,1637.5478529238753
1782826573,500,,Aggregated,96.800000,50.300000,320,340,370,390,570,920,1700,2400,5600,8900,12000,124185,57192,320,427.02792841326095,265.85359999444336,12066.266400004679,1638.1587953456537
1782826574,500,,Aggregated,98.300000,50.100000,320,340,370,390,570,920,1700,2400,5600,8900,12000,124282,57239,320,426.9358058665041,265.85359999444336,12066.266400004679,1638.6367052348692
1782826575,500,,Aggregated,95.500000,47.300000,320,340,370,390,570,920,1700,2400,5600,8900,12000,124371,57282,320,426.87655363389285,265.85359999444336,12066.266400004679,1638.3996028012962
1782826576,500,,Aggregated,94.800000,45.900000,320,340,370,390,570,920,1700,2400,5600,8900,12000,124481,57333,320,426.80836119247806,265.85359999444336,12066.266400004679,1639.5492966798147
1782826577,500,,Aggregated,95.000000,45.400000,320,340,370,390,570,920,1700,2400,5600,8900,12000,124584,57382,320,426.71946451150126,265.85359999444336,12066.266400004679,1640.7612935850511
1782826578,500,,Aggregated,95.400000,46.300000,320,340,370,390,570,920,1700,2400,5600,8900,12000,124681,57439,320,426.62653912786095,265.85359999444336,12066.266400004679,1639.5892156784114
1782826579,500,,Aggregated,97.200000,46.500000,320,340,370,390,570,920,1700,2400,5600,8900,12000,124772,57484,320,426.5527490815317,265.85359999444336,12066.266400004679,1639.3183727118264
1782826580,500,,Aggregated,95.300000,46.200000,320,340,370,390,570,920,1700,2400,5600,8900,12000,124880,57535,320,426.45715948030806,265.85359999444336,12066.266400004679,1640.4769138372837
1782826581,500,,Aggregated,96.700000,47.100000,320,340,370,390,570,920,1700,2400,5600,8900,12000,124983,57586,320,426.36357433251675,265.85359999444336,12066.266400004679,1640.8735348007328
1782826582,500,,Aggregated,97.200000,47.100000,320,340,370,390,570,920,1700,2400,5600,8900,12000,125081,57635,320,426.27726775450265,265.85359999444336,12066.266400004679,1641.3204403546501
1782826583,500,,Aggregated,96.500000,46.400000,320,340,370,390,570,920,1700,2400,5600,8900,12000,125182,57684,320,426.18389364605895,265.85359999444336,12066.266400004679,1641.7383409755396
1782826584,500,,Aggregated,95.700000,46.100000,320,340,370,390,570,920,1700,2400,5600,8900,12000,125283,57733,320,426.0838450763545,265.85359999444336,12066.266400004679,1640.5339990262046
1782826585,500,,Aggregated,97.800000,48.300000,320,340,370,390,570,920,1700,2400,5600,8900,12000,125377,57782,320,425.99605479873395,265.85359999444336,12066.266400004679,1639.4121888384632
1782826586,500,,Aggregated,99.000000,49.300000,320,340,370,390,570,920,1700,2400,5600,8900,12000,125466,57820,320,425.9134535499733,265.85359999444336,12066.266400004679,1640.7976663000334
1782826587,500,,Aggregated,99.100000,49.600000,320,340,370,390,570,910,1700,2400,5600,8900,12000,125567,57874,320,425.81920498061567,265.85359999444336,12066.266400004679,1641.2032301480485
1782826588,500,,Aggregated,99.500000,49.200000,320,340,370,390,570,910,1700,2400,5600,8900,12000,125673,57929,320,425.72789776882007,265.85359999444336,12066.266400004679,1642.3607457449093
1782826589,500,,Aggregated,96.900000,48.500000,320,340,370,390,570,910,1700,2400,5600,8900,12000,125764,57979,320,425.6482387821706,265.85359999444336,12066.266400004679,1642.0800865112433
1782826590,500,,Aggregated,97.600000,48.100000,320,340,370,390,560,910,1700,2400,5600,8900,12000,125862,58033,320,425.5610787624616,265.85359999444336,12066.266400004679,1642.5143331585386
1782826591,500,,Aggregated,98.200000,49.000000,320,340,370,390,560,910,1700,2400,5600,8900,12000,125967,58080,320,425.4691309819315,265.85359999444336,12066.266400004679,1642.0766708741178
1782826592,500,,Aggregated,97.000000,48.300000,320,340,370,390,560,910,1700,2400,5600,8900,12000,126060,58120,320,425.3878341869026,265.85359999444336,12066.266400004679,1640.9804696176425
1782826593,500,,Aggregated,98.100000,49.300000,320,340,370,390,560,910,1700,2400,5600,8900,12000,126154,58166,320,425.3133760578417,265.85359999444336,12066.266400004679,1640.669213818032
1782826594,500,,Aggregated,98.200000,49.000000,320,340,370,390,560,910,1700,2400,5600,8900,12000,126252,58211,320,425.2297367994248,265.85359999444336,12066.266400004679,1641.1196891930424
1782826595,500,,Aggregated,98.000000,47.800000,320,340,370,390,560,910,1700,2400,5600,8900,12000,126355,58257,320,425.1492255122557,265.85359999444336,12066.266400004679,1642.3283368287762
1782826596,500,,Aggregated,95.500000,47.000000,320,340,370,390,560,910,1700,2400,5600,8900,12000,126439,58303,320,425.0809448224132,265.85359999444336,12066.266400004679,1642.121845316714
1782826597,500,,Aggregated,96.600000,47.400000,320,340,370,390,560,910,1700,2400,5600,8900,12000,126543,58352,320,424.99713960551804,265.85359999444336,12066.266400004679,1641.6957397880562
1782826598,500,,Aggregated,96.800000,47.400000,320,340,370,390,560,910,1700,2400,5600,8900,12000,126649,58412,320,424.89919931701814,265.85359999444336,12066.266400004679,1641.232461369612
1782826599,500,,Aggregated,96.200000,47.500000,320,340,370,390,560,910,1700,2400,5600,8900,12000,126738,58455,320,424.82033673642525,265.85359999444336,12066.266400004679,1641.7872619103978
1782826600,500,,Aggregated,96.700000,47.600000,320,340,370,390,560,910,1700,2400,5600,8900,12000,126826,58496,320,424.7428580953516,265.85359999444336,12066.266400004679,1642.3598788891868
1782826601,500,,Aggregated,97.800000,48.100000,320,340,370,390,560,910,1700,2400,5600,8900,12000,126930,58548,320,424.6466907594817,265.85359999444336,12066.266400004679,1645.1303159221618
1782826602,500,,Aggregated,97.800000,47.900000,320,340,370,390,560,910,1700,2400,5600,8900,12000,127033,58600,320,424.55566466981827,265.85359999444336,12066.266400004679,1644.7084930687301
1782826603,500,,Aggregated,95.200000,45.800000,320,340,370,390,560,910,1700,2400,5600,8900,12000,127119,58652,320,424.4793710641292,265.85359999444336,12066.266400004679,1643.679095965198
1782826604,500,,Aggregated,95.900000,47.100000,320,340,370,390,560,910,1700,2400,5600,8900,12000,127226,58701,320,424.42145932986267,265.85359999444336,12066.266400004679,1644.8205634068509
1782826605,500,,Aggregated,95.700000,47.800000,320,340,370,390,560,910,1700,2400,5600,8900,12000,127317,58744,320,424.35479759891564,265.85359999444336,12066.266400004679,1643.727451950643
1782826606,500,,Aggregated,97.100000,48.600000,320,340,370,390,560,910,1700,2400,5600,8900,12000,127411,58782,320,424.28351542646374,265.85359999444336,12066.266400004679,1643.4284873362583
1782826607,500,,Aggregated,96.200000,48.200000,320,340,370,390,560,910,1700,2400,5600,8900,12000,127505,58827,320,424.2117049417764,265.85359999444336,12066.266400004679,1644.7218462021096
1782826608,500,,Aggregated,95.800000,48.300000,320,340,370,390,560,910,1700,2400,5600,8900,12000,127597,58874,320,424.1357592819677,265.85359999444336,12066.266400004679,1645.2387203460896
1782826609,500,,Aggregated,96.100000,47.300000,320,340,370,390,560,900,1700,2400,5600,8900,12000,127698,58924,320,424.05741873013875,265.85359999444336,12066.266400004679,1644.0593274757632
1782826610,500,,Aggregated,95.700000,47.200000,320,340,370,390,560,900,1700,2400,5600,8900,12000,127790,58972,320,423.97619011895495,265.85359999444336,12066.266400004679,1642.9711166757963
1782826611,500,,Aggregated,93.300000,45.600000,320,340,370,390,560,900,1700,2400,5600,8900,12000,127902,59024,320,423.8876893543595,265.85359999444336,12066.266400004679,1641.651866272615
1782826613,500,,Aggregated,94.400000,46.100000,320,340,370,390,560,900,1700,2400,5600,8900,12000,127999,59071,320,423.80666189268106,265.85359999444336,12066.266400004679,1642.1156493410106
1782826614,500,,Aggregated,95.900000,46.900000,320,340,370,390,560,900,1700,2400,5600,8900,12000,128105,59127,320,423.72058133094913,265.85359999444336,12066.266400004679,1642.471620935951
1782826615,500,,Aggregated,95.700000,46.400000,320,340,370,390,560,900,1700,2400,5600,8900,12000,128205,59174,320,423.6382256994749,265.85359999444336,12066.266400004679,1642.0972504972506
1782826616,500,,Aggregated,96.500000,46.800000,320,340,370,390,560,900,1700,2400,5600,8900,12000,128287,59208,320,423.56916608152926,265.85359999444336,12066.266400004679,1641.9386219959933
1782826617,500,,Aggregated,96.700000,46.900000,320,340,370,390,560,900,1700,2400,5600,8900,12000,128390,59263,320,423.4811985248162,265.85359999444336,12066.266400004679,1640.7332814082095
1782826618,500,,Aggregated,95.800000,46.000000,320,340,370,390,560,900,1700,2400,5600,8900,12000,128490,59312,320,423.40605889253004,265.85359999444336,12066.266400004679,1642.7385788777337
1782826619,500,,Aggregated,97.100000,47.800000,320,340,360,390,560,900,1700,2400,5600,8900,12000,128583,59353,320,423.3382356112488,265.85359999444336,12066.266400004679,1641.6643102120809
1782826620,500,,Aggregated,97.300000,47.900000,320,340,360,390,560,900,1700,2400,5600,8900,12000,128687,59403,320,423.2573861446853,265.85359999444336,12066.266400004679,1641.241011135546
1782826621,500,,Aggregated,97.700000,47.700000,320,340,360,390,560,900,1700,2400,5600,8900,12000,128780,59451,320,423.1880650209746,265.85359999444336,12066.266400004679,1640.9365351762697
1782826622,500,,Aggregated,97.700000,47.500000,320,340,360,390,560,900,1700,2400,5600,8900,12000,128880,59497,320,423.12022787167183,265.85359999444336,12066.266400004679,1640.558387647424
1782826623,500,,Aggregated,97.900000,47.100000,320,340,360,390,560,900,1700,2400,5600,8900,12000,128975,59544,320,423.04739783214603,265.85359999444336,12066.266400004679,1641.0367435549524
1782826624,500,,Aggregated,96.300000,46.500000,320,340,360,390,560,900,1700,2400,5600,8900,12000,129069,59594,320,422.96269480278767,265.85359999444336,12066.266400004679,1640.7254336827589
1782826625,500,,Aggregated,96.600000,46.800000,320,340,360,390,560,900,1700,2400,5600,8900,12000,129190,59657,320,422.86655227959614,265.85359999444336,12066.266400004679,1640.912214567691
1782826626,500,,Aggregated,95.300000,46.200000,320,340,360,390,550,900,1700,2400,5600,8900,12000,129304,59714,320,422.77864282157503,265.85359999444336,12066.266400004679,1639.5818768174224
1782826627,500,,Aggregated,97.100000,47.500000,320,340,360,390,550,900,1700,2400,5600,8900,12000,129383,59760,320,422.7260956253982,265.85359999444336,12066.266400004679,1639.4579117813005
1782826628,500,,Aggregated,99.000000,49.400000,320,340,360,390,550,890,1700,2400,5600,8900,12000,129480,59808,320,422.7117410202415,265.85359999444336,12066.266400004679,1639.115716713006
1782826629,500,,Aggregated,96.900000,48.400000,320,340,360,390,550,890,1700,2400,5600,8900,12000,129578,59853,320,422.67745029172255,265.85359999444336,12066.266400004679,1638.7814289462717
1782826630,500,,Aggregated,96.600000,48.300000,320,340,360,390,550,890,1700,2400,5600,8900,12000,129673,59900,320,422.60279017837837,265.85359999444336,12066.266400004679,1640.0424143807886
1782826631,500,,Aggregated,97.300000,48.800000,320,340,360,390,550,890,1700,2400,5600,8900,12000,129768,59947,320,422.5396904036498,265.85359999444336,12066.266400004679,1639.7236375685839
1782826632,500,,Aggregated,96.600000,48.000000,320,340,360,390,550,890,1700,2400,5600,8900,12000,129891,60018,320,422.45084751292165,265.85359999444336,12066.266400004679,1638.2919832782873
1782826633,500,,Aggregated,95.300000,48.200000,320,340,360,390,550,890,1700,2400,5600,8900,12000,129977,60069,320,422.38235704471435,265.85359999444336,12066.266400004679,1637.2919285719781
1782826634,500,,Aggregated,97.600000,50.200000,320,340,360,390,550,890,1700,2400,5600,8900,12000,130074,60118,320,422.3080899503424,265.85359999444336,12066.266400004679,1636.9634977013086
1782826635,500,,Aggregated,98.000000,51.300000,320,340,360,390,550,890,1700,2400,5600,8900,12000,130171,60168,320,422.2427462944957,265.85359999444336,12066.266400004679,1636.6327830315508
1782826636,500,,Aggregated,98.100000,51.400000,320,340,360,390,550,890,1700,2400,5600,8900,12000,130272,60213,320,422.16787821788904,265.85359999444336,12066.266400004679,1637.835820437239
1782826637,500,,Aggregated,92.900000,48.500000,320,340,360,390,550,890,1700,2400,5600,8900,12000,130382,60263,320,422.0990494209386,265.85359999444336,12066.266400004679,1636.5788682486846
1782826638,500,,Aggregated,95.100000,49.000000,320,340,360,390,550,890,1700,2400,5600,8900,12000,130469,60312,320,422.0312843549103,265.85359999444336,12066.266400004679,1635.576389793744
1782826639,500,,Aggregated,96.500000,48.500000,320,340,360,390,550,890,1700,2400,5600,8900,12000,130571,60370,320,421.9697891997521,265.85359999444336,12066.266400004679,1635.169402087753
1782826640,500,,Aggregated,96.400000,48.700000,320,340,360,390,550,890,1700,2400,5600,8900,12000,130681,60430,320,421.9275925199604,265.85359999444336,12066.266400004679,1636.2455980593966
1782826641,500,,Aggregated,95.700000,49.500000,320,340,360,390,550,890,1700,2400,5600,8900,12000,130785,60482,320,421.92345113125305,265.85359999444336,12066.266400004679,1636.6150017203809
1782826642,500,,Aggregated,96.300000,51.200000,320,340,360,390,550,880,1700,2400,5600,8900,12000,130874,60532,320,421.85301259532804,265.85359999444336,12066.266400004679,1635.5919433959382
1782826643,500,,Aggregated,96.900000,51.000000,320,340,360,390,550,880,1700,2400,5600,8900,12000,130964,60579,320,421.84228024725076,265.85359999444336,12066.266400004679,1635.3450108426744
1782826644,500,,Aggregated,96.100000,50.100000,320,340,360,390,550,880,1700,2400,5600,8900,12000,131073,60636,320,421.8544147696391,265.85359999444336,12066.266400004679,1635.6580684046294
1782826645,500,,Aggregated,94.300000,48.800000,320,340,360,390,550,880,1700,2400,5600,8900,12000,131173,60690,320,421.7813228507457,265.85359999444336,12066.266400004679,1636.843763579395
1782826646,500,,Aggregated,94.100000,48.500000,320,340,360,390,550,880,1700,2400,5600,8900,12000,131254,60738,320,421.7279303564148,265.85359999444336,12066.266400004679,1635.9122769591784
1782826647,500,,Aggregated,98.000000,50.900000,320,340,360,390,550,880,1700,2400,5600,8900,12000,131351,60783,320,421.66455209705924,265.85359999444336,12066.266400004679,1635.5961964507312
1782826649,500,,Aggregated,93.600000,51.000000,320,340,360,390,550,880,1700,2400,5600,8900,12000,131451,60832,320,421.62837772250316,265.85359999444336,12066.266400004679,1636.7806102654222
1782826650,500,,Aggregated,93.600000,50.300000,320,340,360,390,550,880,1700,2400,5600,8900,12000,131570,60893,320,421.5787626852688,265.85359999444336,12066.266400004679,1636.1902637379342
1782826651,500,,Aggregated,93.200000,49.100000,320,340,360,390,550,880,1700,2400,5600,8900,12000,131678,60946,320,421.51234924589374,265.85359999444336,12066.266400004679,1636.5125381612722
1782826652,500,,Aggregated,94.800000,49.200000,320,340,360,390,550,880,1700,2400,5600,8900,12000,131756,60983,320,421.4693393416677,265.85359999444336,12066.266400004679,1635.627561553174
1782826653,500,,Aggregated,97.400000,50.500000,320,340,360,390,550,880,1700,2400,5600,8900,12000,131856,61031,320,421.40781643687654,265.85359999444336,12066.266400004679,1635.2612698701614
1782826654,500,,Aggregated,94.300000,48.600000,320,340,360,390,550,880,1700,2400,5600,8900,12000,131951,61079,320,421.34899152337437,265.85359999444336,12066.266400004679,1634.1916241635151
1782826655,500,,Aggregated,94.800000,47.700000,320,340,360,390,550,880,1700,2400,5500,8900,12000,132044,61121,320,421.2898389279392,265.85359999444336,12066.266400004679,1633.1465496349701
1782826656,500,,Aggregated,94.600000,48.100000,320,340,360,390,550,880,1700,2400,5500,8900,12000,132142,61168,320,421.2186663278958,265.85359999444336,12066.266400004679,1633.5823583720544
1782826657,500,,Aggregated,93.400000,47.000000,320,340,360,390,550,880,1700,2400,5500,8900,12000,132230,61215,320,421.1567182197741,265.85359999444336,12066.266400004679,1633.352552370869
1782826658,500,,Aggregated,93.200000,46.200000,320,340,360,390,550,880,1700,2400,5500,8900,12000,132327,61271,320,421.08894912527836,265.85359999444336,12066.266400004679,1633.0216509102452
1782826659,500,,Aggregated,94.900000,46.200000,320,340,360,390,550,880,1700,2400,5500,8900,12000,132436,61332,320,421.0184355114978,265.85359999444336,12066.266400004679,1632.5440212631006
1782826660,500,,Aggregated,95.200000,47.600000,320,340,360,390,550,880,1700,2400,5500,8900,12000,132519,61371,320,420.97998906195113,265.85359999444336,12066.266400004679,1632.3883820433296
1782826661,500,,Aggregated,96.000000,48.600000,320,340,360,390,550,870,1700,2400,5500,8900,12000,132628,61424,320,420.9840021895885,265.85359999444336,12066.266400004679,1633.4763850770576
1782826662,500,,Aggregated,93.600000,47.300000,320,340,360,390,550,870,1700,2400,5500,8900,12000,132735,61483,320,420.9285118228101,265.85359999444336,12066.266400004679,1633.0330583493426
1782826663,500,,Aggregated,91.100000,46.000000,320,340,360,390,550,870,1700,2400,5500,8900,12000,132820,61530,320,420.8662975576019,265.85359999444336,12066.266400004679,1632.0835341063093
1782826664,500,,Aggregated,93.300000,47.000000,320,340,360,390,550,870,1600,2400,5500,8900,12000,132918,61571,320,420.8027329616811,265.85359999444336,12066.266400004679,1633.2848523149612
1782826665,500,,Aggregated,95.300000,49.900000,320,340,360,390,550,870,1600,2400,5500,8900,12000,133012,61612,320,420.7287816843646,265.85359999444336,12066.266400004679,1633.006119748594
1782826666,500,,Aggregated,94.400000,48.000000,320,340,360,390,550,870,1600,2400,5500,8900,12000,133127,61672,320,420.64829126248384,265.85359999444336,12066.266400004679,1632.4818857181488
1782826667,500,,Aggregated,95.200000,48.500000,320,340,360,390,550,870,1600,2400,5500,8900,12000,133228,61715,320,420.5804064003113,265.85359999444336,12066.266400004679,1632.119742096256
1782826668,500,,Aggregated,95.700000,48.500000,320,340,360,390,540,870,1600,2400,5500,8900,12000,133332,61770,320,420.50651076186307,265.85359999444336,12066.266400004679,1631.7345123451234
1782826669,500,,Aggregated,96.400000,49.000000,320,340,360,390,540,870,1600,2400,5500,8900,12000,133420,61817,320,420.4404085819277,265.85359999444336,12066.266400004679,1631.5158596912008
1782826670,500,,Aggregated,97.300000,48.300000,320,340,360,390,540,870,1600,2400,5500,8900,12000,133522,61873,320,420.3718359955727,265.85359999444336,12066.266400004679,1630.36800677042
1782826671,500,,Aggregated,96.800000,47.900000,320,340,360,390,540,870,1600,2400,5500,8900,12000,133624,61913,320,420.30173923472495,265.85359999444336,12066.266400004679,1629.24669221098
1782826672,500,,Aggregated,96.700000,47.700000,320,340,360,390,540,870,1600,2400,5500,8900,12000,133722,61964,320,420.2468173501808,265.85359999444336,12066.266400004679,1630.4448407890998
1782826673,500,,Aggregated,98.100000,48.400000,320,340,360,390,540,870,1600,2400,5500,8900,12000,133811,62007,320,420.18780442266194,265.85359999444336,12066.266400004679,1630.9780660782747
1782826674,500,,Aggregated,98.700000,48.200000,320,340,360,390,540,870,1600,2400,5500,8900,12000,133913,62057,320,420.11869250185435,265.85359999444336,12066.266400004679,1629.8522174844861
1782826675,500,,Aggregated,95.900000,46.100000,320,340,360,390,540,870,1600,2400,5500,8900,12000,134013,62105,320,420.0553504600361,265.85359999444336,12066.266400004679,1629.4991157574266
1782826676,500,,Aggregated,97.600000,47.600000,320,340,360,390,540,870,1600,2400,5500,8900,12000,134107,62160,320,420.05786807251525,265.85359999444336,12066.266400004679,1628.4348095177731
1782826677,500,,Aggregated,97.100000,47.500000,320,340,360,390,540,870,1600,2400,5500,8900,12000,134212,62213,320,420.0463016004589,265.85359999444336,12066.266400004679,1628.0268455875778
1782826678,500,,Aggregated,96.600000,48.100000,320,340,360,390,540,870,1600,2400,5500,8900,12000,134306,62258,320,419.9898081828121,265.85359999444336,12066.266400004679,1628.509232647834
1782826679,500,,Aggregated,95.800000,47.600000,320,340,360,390,540,870,1600,2400,5500,8900,12000,134400,62298,320,419.9241745245594,265.85359999444336,12066.266400004679,1629.7432886904762
1782826680,500,,Aggregated,94.700000,47.400000,320,340,360,390,540,860,1600,2400,5500,8900,12000,134507,62349,320,419.8532119964073,265.85359999444336,12066.266400004679,1630.069156252091
1782826681,500,,Aggregated,95.000000,47.000000,320,340,360,390,540,860,1600,2400,5500,8900,12000,134600,62393,320,419.7928461835126,265.85359999444336,12066.266400004679,1632.839955423477
1782826682,500,,Aggregated,95.600000,47.100000,320,340,360,390,540,860,1600,2400,5500,8900,12000,134689,62438,320,419.72711734514934,265.85359999444336,12066.266400004679,1632.6086168877935
1782826683,500,,Aggregated,96.200000,47.200000,320,340,360,390,540,860,1600,2400,5500,8900,12000,134801,62499,320,419.6518312423559,265.85359999444336,12066.266400004679,1631.3551976617384
1782826684,500,,Aggregated,94.300000,46.600000,320,340,360,390,540,860,1600,2400,5500,8900,12000,134910,62558,320,419.5886586746785,265.85359999444336,12066.266400004679,1633.1684901045141
1782826685,500,,Aggregated,94.800000,46.600000,320,340,360,390,540,860,1600,2400,5500,8900,12000,135005,62609,320,419.52349490241784,265.85359999444336,12066.266400004679,1632.8689604088738
1782826687,500,,Aggregated,97.100000,48.700000,320,340,360,390,540,860,1600,2400,5500,8900,12000,135082,62648,320,419.4752805651453,265.85359999444336,12066.266400004679,1632.0105935653899
1782826688,500,,Aggregated,97.600000,49.100000,320,340,360,390,540,860,1600,2400,5500,8900,12000,135186,62695,320,419.46296849970395,265.85359999444336,12066.266400004679,1632.371895018715
1782826689,500,,Aggregated,95.000000,47.800000,320,340,360,390,540,860,1600,2400,5500,8900,12000,135287,62738,320,419.49593693112433,265.85359999444336,12066.266400004679,1632.7778944022707
1782826690,500,,Aggregated,94.600000,47.200000,320,340,360,390,540,860,1600,2400,5500,8900,12000,135393,62788,320,419.51960504827474,265.85359999444336,12066.266400004679,1632.3624707333465
1782826691,500,,Aggregated,93.300000,46.100000,320,340,360,390,540,860,1600,2400,5500,8900,12000,135488,62840,320,419.505401414155,265.85359999444336,12066.266400004679,1632.0695412139821
1782826692,500,,Aggregated,93.500000,46.000000,320,340,360,390,540,860,1600,2400,5500,8900,12000,135601,62891,320,419.50334817885584,265.85359999444336,12066.266400004679,1633.0889521463705
1782826693,500,,Aggregated,92.600000,45.700000,320,340,370,390,540,860,1600,2400,5500,8900,12000,135697,62946,320,419.4979741210272,265.85359999444336,12066.266400004679,1632.7705770945563
1782826694,500,,Aggregated,92.600000,46.600000,320,340,370,390,540,860,1600,2400,5500,8900,12000,135809,63003,320,419.4722222415378,265.85359999444336,12066.266400004679,1633.0276933045675
1782826695,500,,Aggregated,93.900000,46.900000,320,340,370,390,540,860,1600,2400,5500,8900,12000,135914,63053,320,419.39981274850965,265.85359999444336,12066.266400004679,1632.6310240299013
1782826696,500,,Aggregated,91.300000,45.600000,320,340,370,390,540,860,1600,2400,5500,8900,12000,136012,63103,320,419.34580625019083,265.85359999444336,12066.266400004679,1632.2906067111726
1782826697,500,,Aggregated,91.500000,45.100000,320,340,370,390,540,860,1600,2400,5500,8900,12000,136111,63157,320,419.27036398234475,265.85359999444336,12066.266400004679,1631.200005877556
1782826698,500,,Aggregated,92.300000,45.100000,320,340,370,390,540,860,1600,2400,5500,8900,12000,136209,63216,320,419.20747473956135,265.85359999444336,12066.266400004679,1634.6044314252363
1782826699,500,,Aggregated,95.100000,46.500000,320,340,370,390,540,860,1600,2400,5500,8900,12000,136312,63264,320,419.1418217816544,265.85359999444336,12066.266400004679,1634.975783496684
1782826700,500,,Aggregated,95.800000,48.100000,320,340,360,390,540,860,1600,2400,5500,8900,12000,136408,63316,320,419.08490576506387,265.85359999444336,12066.266400004679,1633.930685883526
1782826702,500,,Aggregated,97.400000,50.500000,320,340,360,390,540,860,1600,2400,5500,8900,12000,136512,63360,320,419.0481012270046,265.85359999444336,12066.266400004679,1635.0389123300515
1782826703,500,,Aggregated,96.600000,50.200000,320,340,370,390,540,860,1600,2400,5500,8900,12000,136608,63406,320,419.0255652370348,265.85359999444336,12066.266400004679,1634.7432434410869
1782826704,500,,Aggregated,97.300000,49.700000,320,340,370,390,540,850,1600,2400,5500,8900,12000,136711,63448,320,418.99263244070227,265.85359999444336,12066.266400004679,1635.1231210363467
1782826705,500,,Aggregated,95.800000,48.500000,320,340,370,390,540,850,1600,2400,5500,8900,12000,136815,63499,320,418.95458720535646,265.85359999444336,12066.266400004679,1636.963856302306
1782826706,500,,Aggregated,97.500000,48.600000,320,340,370,390,540,850,1600,2400,5500,8900,12000,136915,63551,320,418.88851577548735,265.85359999444336,12066.266400004679,1638.1035532994924
1782826707,500,,Aggregated,96.600000,47.800000,320,340,370,390,540,850,1600,2400,5500,8900,12000,137006,63593,320,418.8356454031275,265.85359999444336,12066.266400004679,1639.3477949870808
1782826708,500,,Aggregated,96.000000,47.600000,320,340,370,390,540,850,1600,2400,5500,8900,12000,137104,63637,320,418.7768273048261,265.85359999444336,12066.266400004679,1640.5026913875597
1782826709,500,,Aggregated,95.300000,47.000000,320,340,370,390,540,850,1600,2400,5500,8900,12000,137199,63683,320,418.72218234463037,265.85359999444336,12066.266400004679,1640.209556920969
1782826710,500,,Aggregated,95.300000,46.000000,320,340,360,390,540,850,1600,2400,5500,8900,12000,137284,63727,320,418.6755115840228,265.85359999444336,12066.266400004679,1639.271670405874
1782826711,500,,Aggregated,95.400000,45.700000,320,340,370,390,540,850,1600,2400,5500,8900,12000,137384,63774,320,418.7030034698434,265.85359999444336,12066.266400004679,1638.9310181680546
1782826712,500,,Aggregated,93.700000,44.300000,320,340,370,390,540,850,1600,2400,5500,8900,12000,137499,63832,320,418.88640708660375,265.85359999444336,12066.266400004679,1640.6394882871875
1782826713,500,,Aggregated,92.900000,43.300000,320,340,370,390,540,850,1600,2300,5500,8900,12000,137604,63888,320,418.9069635163287,265.85359999444336,12066.266400004679,1641.7055390831663
1782826714,500,,Aggregated,89.400000,42.500000,320,340,370,390,540,850,1600,2300,5500,8900,12000,137694,63927,320,418.95185134356535,265.85359999444336,12066.266400004679,1640.7370401034177
1782826716,500,,Aggregated,94.000000,46.000000,320,340,370,390,540,850,1600,2300,5500,8900,12000,137806,63988,320,419.0162658744965,265.85359999444336,12066.266400004679,1640.2490167336691
1782826717,500,,Aggregated,90.600000,44.100000,320,340,370,390,540,850,1600,2300,5500,8900,12000,137923,64044,320,419.07656215352745,265.85359999444336,12066.266400004679,1639.7078732336158
1782826718,500,,Aggregated,90.000000,44.300000,320,340,370,390,540,850,1600,2300,5500,8900,12000,138030,64096,320,419.0615924016588,265.85359999444336,12066.266400004679,1640.7650365862494
1782826719,500,,Aggregated,89.800000,44.100000,320,340,370,390,540,850,1600,2300,5500,8900,12000,138126,64138,320,419.00262322734994,265.85359999444336,12066.266400004679,1641.9430519960038
1782826720,500,,Aggregated,89.700000,44.300000,320,340,370,390,540,850,1600,2300,5500,8900,12000,138223,64183,320,418.9660496574443,265.85359999444336,12066.266400004679,1643.114134405996
1782826721,500,,Aggregated,92.300000,45.100000,320,340,370,390,540,850,1600,2300,5500,8900,12000,138346,64248,320,418.96303304252336,265.85359999444336,12066.266400004679,1642.5219016090093
1782826722,500,,Aggregated,91.900000,45.000000,320,340,370,390,540,850,1600,2300,5500,8900,12000,138448,64293,320,419.0449787494287,265.85359999444336,12066.266400004679,1643.6335663931584
1782826723,500,,Aggregated,93.700000,46.000000,320,340,370,390,540,850,1600,2300,5500,8900,12000,138541,64345,320,419.05802561264113,265.85359999444336,12066.266400004679,1642.626926325059
1782826725,500,,Aggregated,92.900000,45.400000,320,340,370,390,540,850,1600,2300,5500,8900,12000,138662,64404,320,419.0607583346617,265.85359999444336,12066.266400004679,1642.7775093392565
1782826726,500,,Aggregated,90.800000,44.200000,320,340,370,390,540,850,1600,2300,5500,8900,12000,138758,64455,320,419.0728423218911,265.85359999444336,12066.266400004679,1642.4682829098142
1782826727,500,,Aggregated,93.800000,46.400000,320,340,370,390,540,850,1600,2300,5500,8900,12000,138855,64506,320,419.0749741183322,265.85359999444336,12066.266400004679,1641.4204817975585
1782826728,500,,Aggregated,94.000000,45.800000,320,340,370,390,540,850,1600,2300,5500,8900,12000,138966,64566,320,419.04917609272053,265.85359999444336,12066.266400004679,1640.9491170502138
1782826729,500,,Aggregated,93.800000,46.200000,320,340,370,390,540,850,1600,2300,5500,8900,12000,139061,64608,320,419.0603372714205,265.85359999444336,12066.266400004679,1642.1466047274218
1782826730,500,,Aggregated,93.100000,46.600000,320,340,370,390,540,840,1600,2300,5500,8900,12000,139177,64669,320,419.1508585017709,265.85359999444336,12066.266400004679,1641.625642167887
1782826731,500,,Aggregated,91.400000,45.700000,320,340,370,390,540,840,1600,2300,5500,8900,12000,139290,64726,320,419.2167398521141,265.85359999444336,12066.266400004679,1641.134482015938
1782826732,500,,Aggregated,91.600000,45.900000,320,340,370,390,540,840,1600,2300,5500,8900,12000,139371,64780,320,419.23871842206006,265.85359999444336,12066.266400004679,1641.701401295822
1782826733,500,,Aggregated,90.900000,46.700000,320,340,370,390,540,840,1600,2300,5500,8900,12000,139478,64827,320,419.23917117754013,265.85359999444336,12066.266400004679,1642.0154217869485
1782826734,500,,Aggregated,94.300000,47.700000,320,340,370,390,540,840,1600,2300,5500,8900,12000,139570,64865,320,419.1865236483551,265.85359999444336,12066.266400004679,1641.7718564161353
1782826735,500,,Aggregated,92.200000,48.500000,320,340,370,390,540,840,1600,2300,5500,8900,12000,139671,64914,320,419.1253174875306,265.85359999444336,12066.266400004679,1642.8773975986426
1782826736,500,,Aggregated,93.800000,48.200000,320,340,370,390,540,840,1600,2300,5500,8900,12000,139781,64966,320,419.05956860518114,265.85359999444336,12066.266400004679,1642.4198281597642
1782826738,500,,Aggregated,94.300000,47.700000,320,340,370,390,540,840,1600,2300,5500,8900,12000,139855,65006,320,419.01049521862507,265.85359999444336,12066.266400004679,1642.3516284723464
1782826739,500,,Aggregated,96.400000,48.200000,320,340,370,390,540,840,1600,2300,5500,8900,12000,139958,65056,320,418.9583539133226,265.85359999444336,12066.266400004679,1641.9788365080954
1782826740,500,,Aggregated,94.500000,46.700000,320,340,370,390,540,840,1600,2300,5500,8800,12000,140051,65100,320,418.8960969868172,265.85359999444336,12066.266400004679,1642.428122612477
1782826741,500,,Aggregated,95.000000,47.200000,320,340,370,390,540,840,1600,2300,5500,8800,12000,140162,65161,320,418.81885577261113,265.85359999444336,12066.266400004679,1641.957463506514
1782826742,500,,Aggregated,94.700000,47.300000,320,340,370,390,540,840,1600,2300,5500,8800,12000,140249,65210,320,418.75179587662467,265.85359999444336,12066.266400004679,1641.7463939136821
1782826743,500,,Aggregated,96.600000,47.700000,320,340,370,390,540,840,1600,2300,5500,8800,12000,140343,65252,320,418.68916772693166,265.85359999444336,12066.266400004679,1641.4729840462296
1782826744,500,,Aggregated,94.200000,47.700000,320,340,370,390,540,840,1600,2300,5500,8800,12000,140448,65306,320,418.61987531542525,265.85359999444336,12066.266400004679,1641.7967361585784
1782826745,500,,Aggregated,95.700000,46.500000,320,340,370,390,540,840,1600,2300,5500,8800,12000,140554,65355,320,418.546767441701,265.85359999444336,12066.266400004679,1641.402421844985
1782826746,500,,Aggregated,95.900000,47.400000,320,340,370,390,540,840,1600,2300,5500,8800,12000,140634,65394,320,418.5294630402379,265.85359999444336,12066.266400004679,1642.720935193481
1782826747,500,,Aggregated,97.000000,48.100000,320,340,370,390,540,840,1600,2300,5500,8800,12000,140731,65445,320,418.49666615103183,265.85359999444336,12066.266400004679,1641.6798217876658
1782826748,500,,Aggregated,94.600000,47.100000,320,340,370,390,540,840,1600,2300,5500,8800,12000,140838,65496,320,418.43837254079733,265.85359999444336,12066.266400004679,1641.9837898862522
1782826749,500,,Aggregated,93.200000,47.200000,320,340,370,390,540,840,1600,2300,5500,8800,12000,140931,65550,320,418.37193474537753,265.85359999444336,12066.266400004679,1642.4311471571195
1782826750,500,,Aggregated,96.700000,48.400000,320,340,370,390,540,840,1600,2300,5500,8800,12000,141034,65602,320,418.3013877582764,265.85359999444336,12066.266400004679,1642.0615170809876
1782826751,500,,Aggregated,95.300000,48.100000,320,340,370,390,540,840,1600,2300,5500,8800,12000,141112,65643,320,418.24363224814863,265.85359999444336,12066.266400004679,1642.6815862577243
1782826752,500,,Aggregated,97.200000,49.500000,320,340,370,390,540,840,1600,2300,5500,8800,12000,141219,65699,320,418.1753567990197,265.85359999444336,12066.266400004679,1643.6979372464045
1782826753,500,,Aggregated,94.300000,48.100000,320,340,370,390,540,840,1600,2300,5500,8800,12000,141312,65739,320,418.10565620471556,265.85359999444336,12066.266400004679,1644.1649541440217
1782826754,500,,Aggregated,95.500000,48.100000,320,340,370,390,540,840,1600,2300,5500,8800,12000,141419,65797,320,418.0316464704236,265.85359999444336,12066.266400004679,1645.176539220331
1782826755,500,,Aggregated,96.200000,48.400000,320,340,370,390,540,840,1600,2300,5500,8800,12000,141520,65845,320,417.96331182094985,265.85359999444336,12066.266400004679,1644.0979861503674
1782826756,500,,Aggregated,95.300000,48.300000,320,340,370,390,540,840,1600,2300,5500,8800,12000,141627,65899,320,417.8947222973082,265.85359999444336,12066.266400004679,1646.5523946705077
1782826757,500,,Aggregated,96.200000,49.200000,320,340,370,390,540,840,1600,2300,5500,8800,12000,141725,65949,320,417.8295835046808,265.85359999444336,12066.266400004679,1648.385175515964
1782826758,500,,Aggregated,97.900000,50.100000,320,340,370,390,540,830,1600,2300,5500,8800,12000,141812,65991,320,417.7646440731453,265.85359999444336,12066.266400004679,1648.9047330268243
1782826759,500,,Aggregated,98.400000,49.600000,320,340,370,390,540,830,1600,2300,5500,8800,12000,141899,66034,320,417.70107882438083,265.85359999444336,12066.266400004679,1649.4141114454646
1782826760,500,,Aggregated,96.400000,49.300000,320,340,370,390,540,830,1600,2300,5500,8800,12000,142023,66091,320,417.6164717510603,265.85359999444336,12066.266400004679,1648.109975144871
1782826761,500,,Aggregated,96.000000,48.200000,320,340,370,390,530,830,1600,2300,5500,8800,12000,142109,66128,320,417.55328720841646,265.85359999444336,12066.266400004679,1649.361926408602
1782826762,500,,Aggregated,97.400000,48.300000,320,340,370,390,530,830,1600,2300,5500,8800,12000,142192,66170,320,417.49348624817776,265.85359999444336,12066.266400004679,1648.4877559918982
1782826763,500,,Aggregated,98.800000,48.500000,320,340,370,390,530,830,1600,2300,5500,8800,12000,142307,66233,320,417.40536839931207,265.85359999444336,12066.266400004679,1648.6902752499877
1782826764,500,,Aggregated,97.400000,47.500000,320,340,370,390,530,830,1600,2300,5500,8800,12000,142412,66279,320,417.33234619484966,265.85359999444336,12066.266400004679,1649.0100834199366
1782826765,500,,Aggregated,97.500000,48.200000,320,340,370,390,530,830,1600,2300,5500,8800,12000,142519,66334,320,417.25328424210784,265.85359999444336,12066.266400004679,1650.73515110266
1782826766,500,,Aggregated,98.100000,47.800000,320,340,370,390,530,830,1600,2300,5500,8800,12000,142599,66372,320,417.2021824108228,265.85359999444336,12066.266400004679,1651.309399084145
1782826767,500,,Aggregated,98.100000,47.600000,320,340,370,390,530,830,1600,2300,5500,8800,12000,142699,66419,320,417.1320893783485,265.85359999444336,12066.266400004679,1650.2659093616633
1782826768,500,,Aggregated,97.500000,47.400000,320,340,370,390,530,830,1600,2300,5500,8800,12000,142810,66473,320,417.06004828233966,265.85359999444336,12066.266400004679,1651.2225474406555
1782826769,500,,Aggregated,95.700000,46.000000,320,340,370,390,530,830,1600,2300,5500,8800,12000,142907,66524,320,416.99406738089067,265.85359999444336,12066.266400004679,1650.9057498932873
1782826770,500,,Aggregated,98.500000,47.000000,320,340,370,390,530,830,1600,2300,5500,8800,12000,142993,66558,320,416.93700160497997,265.85359999444336,12066.266400004679,1650.721769597113
1782826771,500,,Aggregated,99.600000,48.200000,320,340,370,390,530,830,1600,2300,5400,8800,12000,143103,66601,320,416.8666703388533,265.85359999444336,12066.266400004679,1651.7278952922022
1782826772,500,,Aggregated,97.300000,47.100000,320,340,370,390,530,830,1600,2300,5400,8800,12000,143191,66650,320,416.80858573444533,265.85359999444336,12066.266400004679,1651.5048641325222
1782826773,500,,Aggregated,95.300000,45.900000,320,340,370,390,530,830,1600,2300,5400,8800,12000,143293,66696,320,416.74219656020193,265.85359999444336,12066.266400004679,1652.5779765934135
1782826774,500,,Aggregated,97.500000,46.600000,320,340,370,390,530,830,1600,2300,5400,8800,12000,143377,66741,320,416.6867325951933,265.85359999444336,12066.266400004679,1653.113156224499
1782826775,500,,Aggregated,96.900000,45.700000,320,340,370,390,530,830,1600,2300,5400,8800,12000,143491,66793,320,416.6177578175705,265.85359999444336,12066.266400004679,1651.9157577827182
1782826776,500,,Aggregated,97.100000,46.100000,320,340,370,390,530,830,1600,2300,5400,8800,12000,143596,66831,320,416.5484430415958,265.85359999444336,12066.266400004679,1652.2501880275217
1782826777,500,,Aggregated,95.900000,45.800000,320,340,370,390,530,830,1600,2300,5400,8800,12000,143695,66885,320,416.4850517658995,265.85359999444336,12066.266400004679,1651.907602908939
1782826778,500,,Aggregated,97.500000,44.800000,320,340,370,390,530,830,1600,2300,5400,8800,12000,143781,66917,320,416.4349260305671,265.85359999444336,12066.266400004679,1651.0136318428722
1782826779,500,,Aggregated,98.500000,46.100000,320,340,370,390,530,830,1600,2300,5400,8800,12000,143888,66972,320,416.37084125640007,265.85359999444336,12066.266400004679,1651.3099563549426
1782826780,500,,Aggregated,97.100000,45.100000,320,340,370,390,530,830,1600,2300,5400,8800,12000,143984,67023,320,416.3113192104742,265.85359999444336,12066.266400004679,1650.9913393154795
1782826781,500,,Aggregated,95.300000,43.400000,320,340,370,390,530,830,1600,2300,5400,8800,12000,144079,67078,320,416.2420353896191,265.85359999444336,12066.266400004679,1649.9911992726213
1782826782,500,,Aggregated,95.100000,44.100000,320,340,370,390,530,830,1600,2300,5400,8800,12000,144183,67128,320,416.1734797347877,265.85359999444336,12066.266400004679,1648.9143588356465
1782826783,500,,Aggregated,96.900000,45.500000,320,340,370,390,530,830,1600,2300,5400,8800,12000,144276,67178,320,416.11101375905184,265.85359999444336,12066.266400004679,1650.0641548143835
1782826784,500,,Aggregated,96.800000,46.700000,320,340,370,390,530,820,1600,2300,5400,8800,12000,144374,67222,320,416.0418178917323,265.85359999444336,12066.266400004679,1651.1650227880366
1782826785,500,,Aggregated,96.300000,46.800000,320,340,370,390,530,820,1600,2300,5400,8800,12000,144472,67270,320,415.9830341533376,265.85359999444336,12066.266400004679,1651.5415928345976
1782826786,500,,Aggregated,95.700000,46.500000,320,340,370,390,530,820,1600,2300,5400,8800,12000,144553,67313,320,415.9326858321931,265.85359999444336,12066.266400004679,1651.4012161629298
1782826787,500,,Aggregated,95.800000,46.200000,320,340,370,390,530,820,1600,2300,5400,8800,12000,144660,67364,320,415.8673027540509,265.85359999444336,12066.266400004679,1652.4035738974146
1782826788,500,,Aggregated,94.300000,46.900000,320,340,370,390,530,820,1600,2300,5400,8800,12000,144769,67414,320,415.8003063411433,265.85359999444336,12066.266400004679,1651.2795073530935
1782826789,500,,Aggregated,94.200000,47.200000,320,340,370,390,530,820,1600,2300,5400,8800,12000,144864,67461,320,415.7376941358865,265.85359999444336,12066.266400004679,1651.69058565275
1782826790,500,,Aggregated,94.400000,47.100000,320,340,370,390,530,820,1600,2300,5400,8800,12000,144956,67512,320,415.67940269944734,265.85359999444336,12066.266400004679,1652.1297911090262
1782826791,500,,Aggregated,97.000000,49.100000,320,340,370,390,530,820,1600,2300,5400,8800,12000,145068,67570,320,415.61319323421486,265.85359999444336,12066.266400004679,1651.6647916839
1782826792,500,,Aggregated,96.600000,48.300000,320,340,370,390,530,820,1600,2300,5400,8800,12000,145158,67609,320,415.5630808767071,265.85359999444336,12066.266400004679,1650.7326086057951
1782826793,500,,Aggregated,96.100000,48.800000,320,340,370,390,530,820,1600,2300,5400,8800,12000,145250,67652,320,415.5177291483725,265.85359999444336,12066.266400004679,1650.468413080895
1782826794,500,,Aggregated,97.200000,48.500000,320,340,370,390,530,820,1600,2300,5400,8800,12000,145362,67710,320,415.44679201786664,265.85359999444336,12066.266400004679,1651.3939544034893
1782826795,500,,Aggregated,96.900000,47.900000,320,340,370,390,530,820,1600,2300,5400,8800,12000,145462,67752,320,415.39354715665377,265.85359999444336,12066.266400004679,1651.76701131567
1782826796,500,,Aggregated,96.200000,47.000000,320,340,370,390,530,820,1600,2300,5400,8800,12000,145563,67804,320,415.3236489011711,265.85359999444336,12066.266400004679,1651.4203197241056
1782826797,500,,Aggregated,97.100000,48.000000,320,340,370,390,530,820,1600,2300,5400,8800,12000,145650,67842,320,415.2695009591566,265.85359999444336,12066.266400004679,1651.2271198077583
1782826798,500,,Aggregated,98.100000,47.900000,320,340,370,390,530,820,1600,2300,5400,8800,12000,145756,67893,320,415.20950383175415,265.85359999444336,12066.266400004679,1650.1266088531518
1782826799,500,,Aggregated,99.000000,48.000000,320,340,370,390,530,820,1600,2300,5400,8800,12000,145855,67944,320,415.1428924898091,265.85359999444336,12066.266400004679,1649.1065510267047
1782826800,500,,Aggregated,97.100000,46.900000,320,340,370,390,530,820,1600,2300,5400,8800,12000,145934,67987,320,415.0940959687332,265.85359999444336,12066.266400004679,1649.6813079885428
1782826801,500,,Aggregated,97.000000,46.800000,320,340,370,390,530,820,1600,2300,5400,8800,12000,146039,68042,320,415.02747245051745,265.85359999444336,12066.266400004679,1649.2955101034654
1782826802,500,,Aggregated,97.700000,47.500000,320,340,370,390,530,820,1600,2300,5400,8800,12000,146156,68102,320,414.95461618340084,265.85359999444336,12066.266400004679,1648.7863994635868
1782826803,500,,Aggregated,97.300000,46.900000,320,340,370,390,530,820,1600,2300,5400,8800,12000,146243,68155,320,414.9164386548497,265.85359999444336,12066.266400004679,1648.5725880896864
1782826805,500,,Aggregated,95.200000,46.200000,320,340,370,390,530,820,1600,2300,5400,8800,12000,146327,68196,320,414.8951402536865,265.85359999444336,12066.266400004679,1648.403165512858
1782826806,500,,Aggregated,98.100000,49.700000,320,340,370,390,530,820,1600,2300,5400,8800,12000,146433,68251,320,414.8542618562832,265.85359999444336,12066.266400004679,1648.0075734294865
1782826807,500,,Aggregated,95.600000,48.200000,320,340,370,390,530,820,1600,2300,5400,8800,12000,146530,68300,320,414.7928096410369,265.85359999444336,12066.266400004679,1647.7154234627722
1782826808,500,,Aggregated,96.000000,49.400000,320,340,370,390,530,820,1600,2300,5400,8800,12000,146633,68351,320,414.7225460892239,265.85359999444336,12066.266400004679,1647.3629401294388
1782826809,500,,Aggregated,95.400000,49.000000,320,340,370,390,530,820,1600,2300,5400,8800,12000,146728,68400,320,414.6670417384626,265.85359999444336,12066.266400004679,1647.0824518837578
1782826810,500,,Aggregated,97.100000,50.200000,320,340,370,390,530,820,1600,2300,5400,8800,12000,146822,68445,320,414.6032233779756,265.85359999444336,12066.266400004679,1646.822567462642
1782826811,500,,Aggregated,96.200000,50.200000,320,340,370,390,530,820,1600,2300,5400,8800,12000,146934,68490,320,414.53595447276376,265.85359999444336,12066.266400004679,1647.7622742183567
1782826812,500,,Aggregated,95.600000,49.800000,320,340,370,390,530,820,1600,2300,5400,8800,12000,147019,68535,320,414.47848741319854,265.85359999444336,12066.266400004679,1648.279616920262
1782826813,500,,Aggregated,97.700000,49.700000,320,340,360,390,530,820,1600,2300,5400,8800,12000,147126,68590,320,414.40282047089613,265.85359999444336,12066.266400004679,1648.5665008224244
1782826814,500,,Aggregated,96.400000,48.800000,320,340,360,390,530,820,1600,2300,5400,8800,12000,147214,68634,320,414.34488387178584,265.85359999444336,12066.266400004679,1648.350129743095
1782826815,500,,Aggregated,95.500000,48.000000,320,340,360,390,530,820,1600,2300,5400,8800,12000,147320,68684,320,414.2811043313948,265.85359999444336,12066.266400004679,1649.3376730925875
1782826816,500,,Aggregated,95.600000,47.100000,320,340,360,390,530,820,1600,2300,5400,8800,12000,147413,68738,320,414.21558009877765,265.85359999444336,12066.266400004679,1649.064770406952
1782826817,500,,Aggregated,97.200000,47.700000,320,340,360,390,530,820,1600,2300,5400,8800,12000,147507,68786,320,414.15413204933367,265.85359999444336,12066.266400004679,1648.1156826455694
1782826818,500,,Aggregated,95.700000,47.200000,320,340,360,390,530,810,1600,2300,5400,8800,12000,147601,68842,320,414.0920829967354,265.85359999444336,12066.266400004679,1647.829133948957
1782826819,500,,Aggregated,96.100000,47.800000,320,340,360,390,530,810,1600,2300,5400,8800,12000,147709,68895,320,414.0235267905213,265.85359999444336,12066.266400004679,1649.4915543399522
1782826820,500,,Aggregated,95.300000,48.300000,320,340,360,390,530,810,1600,2300,5400,8800,12000,147800,68933,320,413.9750710324838,265.85359999444336,12066.266400004679,1649.2689039242218
1782826821,500,,Aggregated,96.100000,48.600000,320,340,360,390,530,810,1600,2300,5400,8800,12000,147915,68982,320,413.9341885048927,265.85359999444336,12066.266400004679,1650.167974850421
1782826822,500,,Aggregated,95.600000,47.900000,320,340,360,390,530,810,1600,2300,5400,8800,12000,148016,69040,320,413.87834902849147,265.85359999444336,12066.266400004679,1649.1270538320182
1782826823,500,,Aggregated,96.000000,48.300000,320,340,360,390,530,810,1600,2300,5400,8800,12000,148110,69084,320,413.81376645467003,265.85359999444336,12066.266400004679,1649.559030450341
1782826824,500,,Aggregated,99.000000,49.900000,320,340,360,390,530,810,1600,2300,5400,8800,12000,148184,69120,320,413.7581801672323,265.85359999444336,12066.266400004679,1649.5006545915887
1782826825,500,,Aggregated,96.700000,48.900000,320,340,360,390,530,810,1600,2300,5400,8800,12000,148282,69173,320,413.7015746381968,265.85359999444336,12066.266400004679,1648.4910778111976
1782826826,500,,Aggregated,95.800000,48.500000,320,340,360,390,530,810,1600,2300,5400,8800,12000,148379,69226,320,413.64124931695926,265.85359999444336,12066.266400004679,1647.5027935219944
1782826827,500,,Aggregated,94.600000,47.900000,320,340,360,390,520,810,1600,2300,5400,8800,12000,148490,69285,320,413.577393677697,265.85359999444336,12066.266400004679,1647.0576537140548
1782826828,500,,Aggregated,96.600000,48.800000,320,340,360,390,520,810,1500,2200,5400,8800,12000,148584,69338,320,413.52498057867075,265.85359999444336,12066.266400004679,1647.4666989716254
1782826829,500,,Aggregated,97.300000,50.000000,320,340,360,390,520,810,1500,2200,5400,8800,12000,148671,69389,320,413.46827421555776,265.85359999444336,12066.266400004679,1648.632073504584
1782826830,500,,Aggregated,96.600000,48.500000,320,340,360,390,520,810,1500,2200,5400,8800,12000,148782,69451,320,413.4220476603428,265.85359999444336,12066.266400004679,1647.4904356709817
1782826831,500,,Aggregated,95.700000,48.900000,320,340,360,390,520,810,1500,2200,5400,8800,12000,148885,69501,320,413.3660321852506,265.85359999444336,12066.266400004679,1646.4682405883736
1782826832,500,,Aggregated,96.500000,49.900000,320,340,360,390,520,810,1500,2200,5400,8800,12000,148980,69553,320,413.30537214459036,265.85359999444336,12066.266400004679,1646.886582091556
1782826833,500,,Aggregated,95.900000,50.300000,320,340,360,390,520,810,1500,2200,5400,8800,12000,149076,69603,320,413.25748871650086,265.85359999444336,12066.266400004679,1645.9232136628298
1782826834,500,,Aggregated,93.000000,48.800000,320,340,360,390,520,810,1500,2200,5400,8800,12000,149189,69657,320,413.18772213970936,265.85359999444336,12066.266400004679,1644.782343202247
1782826835,500,,Aggregated,94.400000,50.700000,320,340,360,390,520,810,1500,2200,5400,8800,12000,149277,69701,320,413.1378951218279,265.85359999444336,12066.266400004679,1643.8973653007497
1782826836,500,,Aggregated,96.000000,51.200000,320,340,360,390,520,810,1500,2200,5400,8800,12000,149363,69743,320,413.0972077221336,265.85359999444336,12066.266400004679,1646.4403500197504
1782826837,500,,Aggregated,97.700000,52.400000,320,340,360,390,520,810,1500,2200,5400,8800,12000,149462,69797,320,413.08842854706245,265.85359999444336,12066.266400004679,1645.4379307114853
1782826838,500,,Aggregated,96.000000,50.400000,320,340,360,390,520,810,1500,2200,5400,8800,12000,149560,69854,320,413.03481741174807,265.85359999444336,12066.266400004679,1644.456224926451
1782826839,500,,Aggregated,92.900000,48.100000,320,340,360,390,520,810,1500,2200,5400,8800,12000,149674,69909,320,412.9743092975473,265.85359999444336,12066.266400004679,1644.67161965338
1782826840,500,,Aggregated,95.800000,50.900000,320,340,360,390,520,810,1500,2200,5400,8800,12000,149771,69955,320,412.92171361345726,265.85359999444336,12066.266400004679,1644.3865968712234
1782826841,500,,Aggregated,96.000000,50.100000,320,340,360,390,520,810,1500,2200,5400,8800,12000,149864,70005,320,412.8673833395686,265.85359999444336,12066.266400004679,1644.81140233812
1782826842,500,,Aggregated,97.200000,50.100000,320,340,360,390,520,810,1500,2200,5400,8800,12000,149964,70053,320,412.8172927576027,265.85359999444336,12066.266400004679,1646.525092688912
1782826843,500,,Aggregated,95.500000,49.500000,320,340,360,390,520,810,1500,2200,5400,8800,12000,150047,70095,320,412.7646930575162,265.85359999444336,12066.266400004679,1646.3597872666564
1782826844,500,,Aggregated,95.700000,49.500000,320,340,360,390,520,810,1500,2200,5400,8800,12000,150147,70149,320,412.7009501668434,265.85359999444336,12066.266400004679,1646.7081926378814
1782826845,500,,Aggregated,97.000000,48.600000,320,340,360,390,520,810,1500,2200,5400,8800,12000,150254,70203,320,412.63132258842404,265.85359999444336,12066.266400004679,1646.314034900901
1782826846,500,,Aggregated,95.100000,48.300000,320,340,360,390,520,810,1500,2200,5400,8800,12000,150345,70250,320,412.5773383750777,265.85359999444336,12066.266400004679,1646.7606904120523
1782826847,500,,Aggregated,94.600000,48.500000,320,340,360,390,520,810,1500,2200,5400,8800,12000,150442,70298,320,412.5187055662719,265.85359999444336,12066.266400004679,1647.8289108094814
1782826848,500,,Aggregated,95.800000,49.400000,320,340,360,390,520,810,1500,2200,5400,8800,12000,150548,70350,320,412.44690167522066,265.85359999444336,12066.266400004679,1648.120566198156
1782826849,500,,Aggregated,97.300000,50.400000,320,340,360,390,520,810,1500,2200,5400,8800,12000,150648,70394,320,412.3838785526605,265.85359999444336,12066.266400004679,1647.7998380330307
1782826850,500,,Aggregated,95.700000,48.500000,320,340,360,390,520,810,1500,2200,5400,8800,12000,150744,70444,320,412.33619058338104,265.85359999444336,12066.266400004679,1646.8269184843177
1782826851,500,,Aggregated,96.400000,48.100000,320,340,360,390,520,810,1500,2200,5400,8800,12000,150837,70490,320,412.28565309971157,265.85359999444336,12066.266400004679,1649.2674343828105
1782826852,500,,Aggregated,95.500000,47.700000,320,340,360,390,520,810,1500,2200,5400,8800,12000,150920,70528,320,412.2394233918714,265.85359999444336,12066.266400004679,1650.4762788232176
1782826853,500,,Aggregated,96.800000,48.100000,320,340,360,390,520,810,1500,2200,5300,8800,12000,151022,70584,320,412.17398914860934,265.85359999444336,12066.266400004679,1650.1247897657295
1782826854,500,,Aggregated,97.000000,48.600000,320,340,360,390,520,810,1500,2200,5300,8800,12000,151125,70639,320,412.126894027469,265.85359999444336,12066.266400004679,1649.0962977667493
1782826855,500,,Aggregated,93.800000,46.900000,320,340,360,390,520,810,1500,2200,5300,8800,12000,151229,70689,320,412.1065077412485,265.85359999444336,12066.266400004679,1648.7404532199512
1782826856,500,,Aggregated,96.800000,48.800000,320,340,360,390,520,800,1500,2200,5300,8800,12000,151331,70747,320,412.08421219975617,265.85359999444336,12066.266400004679,1649.0666419966828
1782826857,500,,Aggregated,97.100000,48.600000,320,340,360,390,520,800,1500,2200,5300,8800,12000,151412,70796,320,412.03289554395514,265.85359999444336,12066.266400004679,1648.923731276253
1782826858,500,,Aggregated,96.000000,48.200000,320,340,360,390,520,800,1500,2200,5300,8800,12000,151508,70845,320,411.9659545746853,265.85359999444336,12066.266400004679,1648.638091717929
1782826859,500,,Aggregated,97.600000,49.200000,320,340,360,390,520,800,1500,2200,5300,8800,12000,151611,70902,320,411.90708288779473,265.85359999444336,12066.266400004679,1648.9534334579944
1782826860,500,,Aggregated,96.500000,49.400000,320,340,360,390,520,800,1500,2200,5300,8800,12000,151696,70959,320,411.851607466258,265.85359999444336,12066.266400004679,1648.759327866259
1782826862,500,,Aggregated,95.700000,50.800000,320,340,360,390,520,800,1500,2200,5300,8800,12000,151798,71012,320,411.85147880934835,265.85359999444336,12066.266400004679,1647.7404313627321
1782826863,500,,Aggregated,94.200000,51.300000,320,340,360,390,520,800,1500,2200,5300,8800,12000,151909,71061,320,411.8916588707808,265.85359999444336,12066.266400004679,1647.9967348873338
1782826864,500,,Aggregated,93.100000,50.500000,320,340,360,390,520,800,1500,2200,5300,8800,12000,152029,71116,320,411.874069967582,265.85359999444336,12066.266400004679,1647.4895052917536
1782826865,500,,Aggregated,94.100000,50.800000,320,340,360,390,520,800,1500,2200,5300,8800,12000,152132,71171,320,411.87596960338095,265.85359999444336,12066.266400004679,1647.8030460389662
1782826866,500,,Aggregated,94.700000,49.900000,320,340,360,390,520,800,1500,2200,5300,8800,12000,152242,71218,320,411.82933404974705,265.85359999444336,12066.266400004679,1648.0725423996007
1782826867,500,,Aggregated,91.600000,48.600000,320,340,360,390,520,800,1500,2200,5300,8800,12000,152339,71273,320,411.763096050923,265.85359999444336,12066.266400004679,1648.4456376896264
1782826868,500,,Aggregated,93.400000,49.500000,320,340,360,390,520,800,1500,2200,5300,8800,12000,152434,71312,320,411.7046297263185,265.85359999444336,12066.266400004679,1648.1660193919993
1782826869,500,,Aggregated,93.200000,48.300000,320,340,360,390,520,800,1500,2200,5300,8800,12000,152530,71365,320,411.64096188947525,265.85359999444336,12066.266400004679,1649.2168032518193
1782826870,500,,Aggregated,94.100000,48.500000,320,340,360,390,520,800,1500,2200,5300,8800,12000,152629,71418,320,411.57257437054335,265.85359999444336,12066.266400004679,1649.5706844701858
1782826871,500,,Aggregated,94.300000,47.300000,320,340,360,390,520,800,1500,2200,5300,8800,12000,152726,71468,320,411.50758949819704,265.85359999444336,12066.266400004679,1648.6124693896259
1782826872,500,,Aggregated,94.600000,47.400000,320,340,360,390,520,800,1500,2200,5300,8800,12000,152834,71527,320,411.4356145000563,265.85359999444336,12066.266400004679,1648.2035149246894
1782826873,500,,Aggregated,96.300000,47.600000,320,340,360,390,520,800,1500,2200,5300,8800,12000,152923,71569,320,411.38040196047444,265.85359999444336,12066.266400004679,1648.6582070715328
1782826874,500,,Aggregated,98.100000,48.700000,320,340,360,390,520,800,1500,2200,5300,8800,12000,153023,71612,320,411.31883117767677,265.85359999444336,12066.266400004679,1649.008992112297
1782826875,500,,Aggregated,98.800000,49.500000,320,340,360,390,520,800,1500,2200,5300,8800,12000,153118,71652,320,411.2607048838259,265.85359999444336,12066.266400004679,1648.7440078893403
1782826876,500,,Aggregated,96.700000,49.000000,320,340,360,390,520,800,1500,2200,5300,8800,12000,153209,71691,320,411.20600030873914,265.85359999444336,12066.266400004679,1649.8451526999067
1782826877,500,,Aggregated,98.500000,48.500000,320,340,360,390,520,800,1500,2200,5300,8800,12000,153300,71741,320,411.1473326047072,265.85359999444336,12066.266400004679,1649.6104566210045
1782826878,500,,Aggregated,97.400000,47.700000,320,340,360,390,520,800,1500,2200,5300,8800,12000,153421,71804,320,411.0716397481543,265.85359999444336,12066.266400004679,1648.4135418228275
1782826879,500,,Aggregated,96.200000,46.800000,320,340,360,390,520,800,1500,2200,5300,8800,12000,153511,71850,320,411.0113197862144,265.85359999444336,12066.266400004679,1647.5387692087213
1782826880,500,,Aggregated,96.200000,47.300000,320,340,360,390,520,800,1500,2200,5300,8800,12000,153613,71911,320,410.94759658493484,265.85359999444336,12066.266400004679,1647.1915202489372
1782826881,500,,Aggregated,98.000000,48.800000,320,340,360,390,520,800,1500,2200,5300,8800,12000,153707,71951,320,410.8903595034812,265.85359999444336,12066.266400004679,1646.935110307273
1782826882,500,,Aggregated,96.900000,48.300000,320,340,360,390,520,800,1500,2200,5300,8800,12000,153809,71997,320,410.82404583933055,265.85359999444336,12066.266400004679,1645.9478509059938
1782826883,500,,Aggregated,96.100000,47.500000,320,340,360,390,520,800,1500,2200,5300,8800,12000,153882,72036,320,410.7758898604224,265.85359999444336,12066.266400004679,1645.2278889018858
1782826884,500,,Aggregated,96.000000,46.600000,320,340,360,390,520,800,1500,2200,5300,8800,12000,153980,72078,320,410.7147739674085,265.85359999444336,12066.266400004679,1644.9394012209377
1782826885,500,,Aggregated,96.800000,47.000000,320,340,360,390,520,800,1500,2200,5200,8800,12000,154093,72130,320,410.6452496940267,265.85359999444336,12066.266400004679,1645.1544716502372
1782826886,500,,Aggregated,94.600000,45.900000,320,340,360,380,520,800,1500,2200,5200,8800,12000,154196,72184,320,410.58108407223045,265.85359999444336,12066.266400004679,1646.131112350515
1782826887,500,,Aggregated,96.300000,47.300000,320,340,360,380,520,800,1500,2200,5200,8800,12000,154285,72233,320,410.52989144311914,265.85359999444336,12066.266400004679,1645.264115111644
1782826888,500,,Aggregated,97.600000,48.100000,320,340,360,380,520,800,1500,2200,5200,8800,12000,154376,72280,320,410.46608261518395,265.85359999444336,12066.266400004679,1645.7079403534228
1782826889,500,,Aggregated,97.600000,48.700000,320,340,360,380,520,800,1500,2200,5200,8800,12000,154473,72322,320,410.4062569154589,265.85359999444336,12066.266400004679,1645.4301657894907
1782826890,500,,Aggregated,97.400000,48.200000,320,340,360,380,520,800,1500,2200,5200,8800,12000,154568,72368,320,410.3511317362043,265.85359999444336,12066.266400004679,1645.175236788986
1782826891,500,,Aggregated,94.800000,47.000000,320,340,360,380,520,800,1500,2200,5200,8800,12000,154654,72411,320,410.320270355772,265.85359999444336,12066.266400004679,1645.6524176548942
1782826892,500,,Aggregated,95.000000,46.700000,320,340,360,380,520,800,1500,2200,5200,8800,12000,154762,72465,320,410.3008123131104,265.85359999444336,12066.266400004679,1645.2523939985267
1782826893,500,,Aggregated,94.800000,45.600000,320,340,360,380,520,800,1500,2200,5200,8800,12000,154864,72508,320,410.2366629481455,265.85359999444336,12066.266400004679,1644.9300870441161
1782826894,500,,Aggregated,95.500000,46.700000,320,340,360,380,520,800,1500,2200,5200,8800,12000,154964,72559,320,410.17221323469704,265.85359999444336,12066.266400004679,1643.9519501303528
1782826895,500,,Aggregated,94.400000,46.400000,320,340,360,380,520,800,1500,2200,5200,8800,12000,155046,72606,320,410.11698529469686,265.85359999444336,12066.266400004679,1644.4645137572074
1782826896,500,,Aggregated,97.800000,47.300000,320,340,360,380,520,800,1500,2200,5200,8800,12000,155156,72660,320,410.0515753171105,265.85359999444336,12066.266400004679,1645.3776134986724
1782826897,500,,Aggregated,97.000000,47.500000,320,340,360,380,510,800,1500,2200,5200,8800,12000,155246,72707,320,409.995759216995,265.85359999444336,12066.266400004679,1646.4803730852968
1782826898,500,,Aggregated,94.000000,46.600000,320,340,360,380,510,800,1500,2200,5200,8800,12000,155345,72753,320,409.93249443433405,265.85359999444336,12066.266400004679,1645.5293443625478
1782826899,500,,Aggregated,95.900000,47.500000,320,340,360,380,510,800,1500,2200,5200,8800,12000,155444,72808,320,409.8785956145082,265.85359999444336,12066.266400004679,1644.5633347057462
1782826900,500,,Aggregated,94.900000,46.700000,320,340,360,380,510,800,1500,2200,5200,8800,12000,155541,72853,320,409.8209251187893,265.85359999444336,12066.266400004679,1644.9467600182588
1782826901,500,,Aggregated,96.000000,47.000000,320,340,360,380,510,790,1500,2200,5200,8800,12000,155650,72897,320,409.75349794218863,265.85359999444336,12066.266400004679,1644.56558946354
1782826902,500,,Aggregated,96.900000,48.200000,320,340,360,380,510,790,1500,2200,5200,8800,12000,155738,72944,320,409.69647707946393,265.85359999444336,12066.266400004679,1644.3709114024837
1782826903,500,,Aggregated,97.100000,48.500000,320,340,360,380,510,790,1500,2200,5200,8800,12000,155838,72993,320,409.63826768375844,265.85359999444336,12066.266400004679,1644.0625778051567
1782826904,500,,Aggregated,97.600000,47.400000,320,340,360,380,510,790,1500,2200,5200,8800,12000,155947,73045,320,409.5730427093918,265.85359999444336,12066.266400004679,1645.6363123368837
1782826905,500,,Aggregated,97.000000,47.600000,320,340,360,380,510,790,1500,2200,5200,8800,12000,156021,73078,320,409.5268216208174,265.85359999444336,12066.266400004679,1645.584504650015
1782826907,500,,Aggregated,97.500000,47.900000,320,340,360,380,510,790,1500,2200,5200,8800,12000,156117,73123,320,409.4676300806546,265.85359999444336,12066.266400004679,1646.612540594554
1782826908,500,,Aggregated,96.500000,46.800000,320,340,360,380,510,790,1500,2200,5200,8800,12000,156226,73174,320,409.40235437764227,265.85359999444336,12066.266400004679,1645.5611933993061
1782826909,500,,Aggregated,94.900000,45.600000,320,340,360,380,510,790,1500,2200,5200,8800,12000,156329,73228,320,409.3412620422413,265.85359999444336,12066.266400004679,1645.2146178891953
1782826910,500,,Aggregated,97.300000,46.600000,320,340,360,380,510,790,1500,2200,5200,8800,12000,156428,73282,320,409.2801562258769,265.85359999444336,12066.266400004679,1646.2085687984247
1782826911,500,,Aggregated,98.000000,47.400000,320,340,360,380,510,790,1500,2200,5200,8800,12000,156514,73329,320,409.2274567789557,265.85359999444336,12066.266400004679,1646.0322207598042
1782826912,500,,Aggregated,97.200000,46.600000,320,340,360,380,510,790,1500,2200,5200,8800,12000,156619,73384,320,409.16607949228023,265.85359999444336,12066.266400004679,1645.6766292723105
1782826913,500,,Aggregated,96.700000,47.200000,320,340,360,380,510,790,1500,2200,5200,8800,12000,156718,73443,320,409.10905679182633,265.85359999444336,12066.266400004679,1645.3659311629806
1782826914,500,,Aggregated,95.500000,48.200000,320,340,360,380,510,790,1500,2200,5200,8800,12000,156801,73485,320,409.05981874733874,265.85359999444336,12066.266400004679,1645.2182128940503
1782826915,500,,Aggregated,97.500000,49.600000,320,340,360,380,510,790,1500,2200,5200,8800,12000,156902,73534,320,409.00105252132806,265.85359999444336,12066.266400004679,1645.5552128079948
1782826916,500,,Aggregated,95.900000,49.000000,320,340,360,380,510,790,1500,2200,5200,8800,12000,156993,73575,320,408.95216001669763,265.85359999444336,12066.266400004679,1645.9934965253228
1782826917,500,,Aggregated,94.600000,48.800000,320,340,360,380,510,790,1500,2200,5200,8800,12000,157115,73631,320,408.8820250128978,265.85359999444336,12066.266400004679,1646.1355249339656
1782826918,500,,Aggregated,96.300000,49.400000,320,340,360,380,510,790,1500,2200,5200,8800,12000,157217,73684,320,408.82495452528303,265.85359999444336,12066.266400004679,1645.1605297137078
1782826919,500,,Aggregated,98.400000,50.200000,320,340,360,380,510,790,1500,2200,5200,8800,12000,157308,73734,320,408.7726693626608,265.85359999444336,12066.266400004679,1645.586505454268
1782826920,500,,Aggregated,97.700000,50.400000,320,340,360,380,510,790,1500,2200,5200,8800,12000,157411,73789,320,408.7145235593537,265.85359999444336,12066.266400004679,1645.890344385081
1782826921,500,,Aggregated,96.100000,49.500000,320,340,360,380,510,790,1500,2200,5200,8800,12000,157498,73834,320,408.6628628255687,265.85359999444336,12066.266400004679,1645.0596452018438
1782826922,500,,Aggregated,96.900000,49.500000,320,340,360,380,510,790,1500,2200,5200,8800,12000,157604,73885,320,408.6040377630102,265.85359999444336,12066.266400004679,1644.7032499175148
1782826923,500,,Aggregated,97.100000,50.100000,320,340,360,380,510,790,1500,2200,5200,8800,12000,157705,73930,320,408.54172970927624,265.85359999444336,12066.266400004679,1644.3924162201579
1782826924,500,,Aggregated,97.300000,49.300000,320,340,360,380,510,790,1500,2200,5200,8800,12000,157805,73980,320,408.4797827584765,265.85359999444336,12066.266400004679,1644.7293431767055
1782826925,500,,Aggregated,97.500000,48.100000,320,340,360,380,510,790,1500,2200,5200,8800,12000,157894,74023,320,408.4274890451907,265.85359999444336,12066.266400004679,1643.8829024535448
1782826926,500,,Aggregated,98.100000,48.800000,320,340,360,380,510,790,1500,2200,5200,8800,12000,157970,74059,320,408.40752663607856,265.85359999444336,12066.266400004679,1643.1614610369058
1782826927,500,,Aggregated,97.700000,48.200000,320,340,360,380,510,790,1500,2200,5200,8800,12000,158083,74110,320,408.3744761928943,265.85359999444336,12066.266400004679,1644.0205588203664
1782826928,500,,Aggregated,97.300000,48.000000,320,340,360,380,510,790,1500,2200,5200,8800,12000,158194,74164,320,408.3042295295735,265.85359999444336,12066.266400004679,1642.9629695184394
1782826929,500,,Aggregated,97.200000,48.200000,320,340,360,380,510,790,1500,2200,5200,8800,12000,158283,74208,320,408.2525704440868,265.85359999444336,12066.266400004679,1642.7718959079623
1782826930,500,,Aggregated,96.300000,47.300000,320,340,360,380,510,790,1500,2200,5200,8800,12000,158386,74253,320,408.1919947905838,265.85359999444336,12066.266400004679,1642.4245956081977
1782826931,500,,Aggregated,97.100000,47.300000,320,340,360,380,510,790,1500,2200,5200,8800,12000,158492,74302,320,408.1300307573972,265.85359999444336,12066.266400004679,1642.0695934179644
1782826932,500,,Aggregated,97.500000,47.200000,320,340,360,380,510,790,1500,2200,5200,8800,12000,158585,74353,320,408.07282351484315,265.85359999444336,12066.266400004679,1641.1817321940914
1782826933,500,,Aggregated,98.400000,46.300000,320,340,360,380,510,790,1500,2200,5200,8800,12000,158678,74391,320,408.02198314638076,265.85359999444336,12066.266400004679,1640.952526500208
1782826934,500,,Aggregated,98.100000,46.700000,320,340,360,380,510,790,1500,2200,5200,8800,12000,158765,74432,320,407.97004345669006,265.85359999444336,12066.266400004679,1640.7696595597267
1782826935,500,,Aggregated,95.700000,45.900000,320,340,360,380,510,790,1500,2200,5200,8800,12000,158878,74491,320,407.90274552613516,265.85359999444336,12066.266400004679,1640.3390337239896
1782826936,500,,Aggregated,95.900000,44.900000,320,340,360,380,510,790,1500,2200,5200,8800,12000,158975,74538,320,407.843457095149,265.85359999444336,12066.266400004679,1639.4239786129895
1782826937,500,,Aggregated,98.300000,46.500000,320,340,360,380,510,790,1500,2200,5200,8800,12000,159071,74585,320,407.7868801063759,265.85359999444336,12066.266400004679,1639.1554400236373
1782826938,500,,Aggregated,99.100000,47.500000,320,340,360,380,510,790,1500,2200,5200,8800,12000,159187,74649,320,407.7163781125424,265.85359999444336,12066.266400004679,1638.6976574720297
1782826939,500,,Aggregated,98.100000,46.800000,320,340,360,380,510,790,1500,2200,5200,8800,12000,159279,74686,320,407.6595801869757,265.85359999444336,12066.266400004679,1638.4804713741296
1782826940,500,,Aggregated,98.800000,47.700000,320,340,360,380,510,790,1500,2200,5200,8800,12000,159366,74729,320,407.6072046383881,265.85359999444336,12066.266400004679,1638.298319591381
1782826941,500,,Aggregated,99.100000,48.100000,320,340,360,380,510,790,1500,2200,5200,8800,12000,159464,74789,320,407.5479764517469,265.85359999444336,12066.266400004679,1637.3659007675715
1782826942,500,,Aggregated,97.200000,46.800000,320,340,360,380,510,790,1500,2200,5200,8800,12000,159574,74841,320,407.4871085885006,265.85359999444336,12066.266400004679,1638.8891548748543
1782826943,500,,Aggregated,97.100000,48.000000,320,340,360,380,510,790,1500,2200,5200,8800,12000,159669,74897,320,407.42989903989746,265.85359999444336,12066.266400004679,1637.9850064821599
1782826944,500,,Aggregated,98.000000,48.600000,320,340,360,380,510,790,1500,2200,5200,8800,12000,159769,74948,320,407.3713356602434,265.85359999444336,12066.266400004679,1639.5972622974418
1782826945,500,,Aggregated,98.900000,49.600000,320,340,360,380,510,790,1500,2200,5200,8800,12000,159859,74991,320,407.32664182686904,265.85359999444336,12066.266400004679,1639.3867095377802
1782826946,500,,Aggregated,99.500000,51.300000,320,340,360,380,510,790,1500,2200,5200,8800,12000,159953,75040,320,407.27742787882346,265.85359999444336,12066.266400004679,1639.1409476533731
1782826947,500,,Aggregated,97.200000,49.700000,320,340,360,380,510,790,1500,2200,5200,8800,12000,160050,75091,320,407.2136747916367,265.85359999444336,12066.266400004679,1639.5067291471414
1782826948,500,,Aggregated,97.400000,49.400000,320,340,360,380,510,790,1500,2200,5200,8800,12000,160152,75149,320,407.155789224621,265.85359999444336,12066.266400004679,1639.815269244218
1782826949,500,,Aggregated,96.400000,50.400000,320,340,360,380,510,790,1500,2200,5200,8800,12000,160246,75193,320,407.10066419630806,265.85359999444336,12066.266400004679,1638.947106324027
1782826950,500,,Aggregated,97.000000,50.500000,320,340,360,380,510,790,1500,2200,5200,8800,12000,160334,75227,320,407.0832136427808,265.85359999444336,12066.266400004679,1638.7713148801877
1782826951,500,,Aggregated,96.100000,50.000000,320,340,360,380,510,790,1500,2200,5200,8800,12000,160454,75281,320,407.0471557649015,265.85359999444336,12066.266400004679,1638.9282847420445
1782826952,500,,Aggregated,97.500000,50.900000,320,340,360,380,510,790,1500,2100,5200,8800,12000,160541,75330,320,406.9934128783398,265.85359999444336,12066.266400004679,1638.7472670532761
1782826953,500,,Aggregated,97.000000,49.600000,320,340,360,380,510,790,1500,2100,5200,8800,12000,160640,75373,320,406.9365322105427,265.85359999444336,12066.266400004679,1638.4742218625497
1782826954,500,,Aggregated,95.300000,48.000000,320,340,360,380,510,780,1500,2100,5200,8800,12000,160732,75428,320,406.87915611080314,265.85359999444336,12066.266400004679,1638.2442139710822
1782826955,500,,Aggregated,96.300000,47.800000,320,340,360,380,510,780,1500,2100,5200,8800,12000,160837,75474,320,406.8203188582329,265.85359999444336,12066.266400004679,1637.9020374665033
1782826956,500,,Aggregated,95.400000,46.800000,320,340,360,380,510,780,1500,2100,5200,8800,12000,160948,75534,320,406.75341913413996,265.85359999444336,12066.266400004679,1636.864956383428
1782826957,500,,Aggregated,96.500000,47.800000,320,340,360,380,510,780,1500,2100,5200,8800,12000,161035,75579,320,406.7022756916294,265.85359999444336,12066.266400004679,1636.6856025087714
1782826958,500,,Aggregated,97.800000,49.000000,320,340,360,380,510,780,1500,2100,5200,8800,12000,161130,75619,320,406.6478924570318,265.85359999444336,12066.266400004679,1636.4381617327624
1782826959,500,,Aggregated,98.200000,47.800000,320,340,360,380,510,780,1500,2100,5200,8800,12000,161231,75667,320,406.5905226222102,265.85359999444336,12066.266400004679,1637.405591976729
1782826960,500,,Aggregated,96.100000,46.900000,320,340,360,380,510,780,1500,2100,5200,8800,12000,161323,75720,320,406.5363370015533,265.85359999444336,12066.266400004679,1636.545514278807
1782826961,500,,Aggregated,97.100000,46.800000,320,340,360,380,500,780,1500,2100,5200,8800,12000,161423,75766,320,406.4844786387415,265.85359999444336,12066.266400004679,1636.2524361460262
1782826962,500,,Aggregated,95.700000,46.800000,320,340,360,380,500,780,1500,2100,5200,8800,12000,161532,75830,320,406.4221496595202,265.85359999444336,12066.266400004679,1635.8675804175025
1782826963,500,,Aggregated,97.300000,48.100000,320,340,360,380,500,780,1500,2100,5200,8800,12000,161616,75872,320,406.375665643263,265.85359999444336,12066.266400004679,1636.3536097911099
1782826964,500,,Aggregated,97.900000,48.900000,320,340,360,380,500,780,1500,2100,5200,8800,12000,161695,75909,320,406.3331237824397,265.85359999444336,12066.266400004679,1636.259074182875
1782826965,500,,Aggregated,97.400000,49.300000,320,340,360,380,500,780,1500,2100,5200,8800,12000,161806,75965,320,406.2737127708587,265.85359999444336,12066.266400004679,1635.2345277678207
1782826966,500,,Aggregated,97.100000,49.000000,320,340,360,380,500,780,1500,2100,5200,8800,12000,161904,76011,320,406.22925571388953,265.85359999444336,12066.266400004679,1635.5867612906413
1782826967,500,,Aggregated,96.000000,48.300000,320,340,360,380,500,780,1500,2100,5200,8800,12000,161994,76052,320,406.1768389316983,265.85359999444336,12066.266400004679,1634.7644789313185
1782826968,500,,Aggregated,95.200000,47.400000,320,340,360,380,500,780,1500,2100,5200,8800,12000,162106,76116,320,406.1194520387987,265.85359999444336,12066.266400004679,1633.7176168679753
1782826969,500,,Aggregated,94.400000,47.300000,320,340,360,380,500,780,1500,2100,5200,8800,12000,162197,76159,320,406.07024843863644,265.85359999444336,12066.266400004679,1634.76915109404
1782826970,500,,Aggregated,96.400000,47.700000,320,340,360,380,500,780,1500,2100,5200,8800,12000,162289,76201,320,406.0257828984188,265.85359999444336,12066.266400004679,1635.1833272741837
1782826971,500,,Aggregated,96.000000,49.200000,320,340,360,380,500,780,1500,2100,5200,8800,12000,162397,76260,320,405.9680154966006,265.85359999444336,12066.266400004679,1634.8133216746614
1782826972,500,,Aggregated,97.100000,48.400000,320,340,360,380,500,780,1500,2100,5200,8800,12000,162480,76304,320,405.92332114722655,265.85359999444336,12066.266400004679,1635.302677252585
1782826973,500,,Aggregated,95.000000,47.500000,320,340,360,380,500,780,1500,2100,5200,8800,12000,162583,76356,320,405.86507744229954,265.85359999444336,12066.266400004679,1634.9762705817952
1782826974,500,,Aggregated,95.400000,48.300000,320,340,360,380,500,780,1500,2100,5200,8800,12000,162683,76408,320,405.8080887265505,265.85359999444336,12066.266400004679,1634.6819766048081
1782826975,500,,Aggregated,94.500000,47.300000,320,340,360,380,500,780,1500,2100,5200,8800,12000,162796,76469,320,405.7466636864626,265.85359999444336,12066.266400004679,1635.5171687265042
1782826976,500,,Aggregated,96.600000,48.600000,320,340,360,380,500,780,1500,2100,5200,8800,12000,162895,76518,320,405.6936584493161,265.85359999444336,12066.266400004679,1635.8546180054636
1782826977,500,,Aggregated,97.400000,49.800000,320,340,360,380,500,780,1500,2100,5200,8800,12000,162984,76566,320,405.63982708242105,265.85359999444336,12066.266400004679,1635.04245201983
1782826978,500,,Aggregated,98.900000,50.900000,320,340,360,380,500,780,1500,2100,5200,8800,12000,163077,76622,320,405.58779072095587,265.85359999444336,12066.266400004679,1634.8040741490215
1782826979,500,,Aggregated,98.800000,50.700000,320,340,360,380,500,780,1500,2100,5200,8800,12000,163188,76675,320,405.52942628625505,265.85359999444336,12066.266400004679,1635.0430117410594
1782826980,500,,Aggregated,96.500000,50.500000,320,340,360,380,500,780,1400,2100,5200,8800,12000,163289,76720,320,405.47471355205425,265.85359999444336,12066.266400004679,1634.1206449913957
1782826981,500,,Aggregated,96.800000,50.300000,320,340,360,380,500,780,1400,2100,5200,8800,12000,163386,76767,320,405.4224498127219,265.85359999444336,12066.266400004679,1634.4847110523544
1782826982,500,,Aggregated,97.300000,51.500000,320,340,360,380,500,780,1400,2100,5200,8800,12000,163488,76816,320,405.3681232322945,265.85359999444336,12066.266400004679,1633.55877495596
1782826983,500,,Aggregated,98.800000,50.800000,320,340,360,380,500,780,1400,2100,5200,8800,12000,163577,76856,320,405.319115939291,265.85359999444336,12066.266400004679,1634.622153481235
1782826984,500,,Aggregated,99.500000,51.100000,320,340,360,380,500,780,1400,2100,5200,8800,12000,163667,76904,320,405.2719057940907,265.85359999444336,12066.266400004679,1633.7914423799543
1782826985,500,,Aggregated,99.000000,50.500000,320,340,360,380,500,780,1400,2100,5200,8800,12000,163765,76950,320,405.2175913760658,265.85359999444336,12066.266400004679,1634.7749580191128
1782826986,500,,Aggregated,97.800000,49.300000,320,340,360,380,500,780,1400,2100,5200,8800,12000,163878,77009,320,405.158010797065,265.85359999444336,12066.266400004679,1634.375071699679
1782826987,500,,Aggregated,97.700000,48.600000,320,340,360,380,500,780,1400,2100,5200,8800,12000,163971,77049,320,405.10773681749487,265.85359999444336,12066.266400004679,1634.7840654749925
1782826988,500,,Aggregated,96.200000,47.100000,320,340,360,380,500,780,1400,2100,5200,8800,12000,164068,77098,320,405.058264384289,265.85359999444336,12066.266400004679,1634.5221371626399
1782826989,500,,Aggregated,97.200000,48.700000,320,340,360,380,500,780,1400,2100,5200,8800,12000,164151,77142,320,405.0127021078249,265.85359999444336,12066.266400004679,1634.390061589634
1782826990,500,,Aggregated,98.700000,47.800000,320,340,360,380,500,780,1400,2100,5200,8800,12000,164254,77199,320,404.9558699769967,265.85359999444336,12066.266400004679,1634.0732036967136
1782826991,500,,Aggregated,98.200000,47.400000,320,340,360,380,500,780,1400,2100,5200,8800,12000,164352,77242,320,404.90348363939313,265.85359999444336,12066.266400004679,1635.6718689154984
1782826992,500,,Aggregated,96.400000,46.800000,320,340,360,380,500,780,1400,2100,5200,8800,12000,164454,77299,320,404.8450582168969,265.85359999444336,12066.266400004679,1634.7374524183053
1782826993,500,,Aggregated,95.600000,47.900000,320,340,360,380,500,780,1400,2100,5200,8800,12000,164557,77360,320,404.78862266571184,265.85359999444336,12066.266400004679,1633.7942779705513
1782826994,500,,Aggregated,94.200000,46.500000,320,340,360,380,500,770,1400,2100,5200,8800,12000,164657,77419,320,404.7314068378603,265.85359999444336,12066.266400004679,1634.1120571855433
1782826995,500,,Aggregated,96.800000,48.700000,320,340,360,380,500,770,1400,2100,5200,8800,12000,164748,77467,320,404.67886338530076,265.85359999444336,12066.266400004679,1633.2831840143735
1782826996,500,,Aggregated,97.200000,49.800000,320,340,360,380,500,770,1400,2100,5200,8800,12000,164839,77512,320,404.62614550259076,265.85359999444336,12066.266400004679,1632.4703801891542
1782826997,500,,Aggregated,97.000000,50.700000,320,340,360,380,500,770,1400,2100,5200,8800,12000,164945,77571,320,404.56818388918487,265.85359999444336,12066.266400004679,1632.1158082997363
1782826998,500,,Aggregated,96.100000,50.800000,320,340,360,380,500,770,1400,2100,5100,8800,12000,165039,77621,320,404.51958676737974,265.85359999444336,12066.266400004679,1632.5015238822339
1782826999,500,,Aggregated,95.600000,50.500000,320,340,360,380,500,770,1400,2100,5100,8800,12000,165138,77670,320,404.4671227973062,265.85359999444336,12066.266400004679,1633.4540081628697
1782827000,500,,Aggregated,96.000000,51.800000,320,340,360,380,500,770,1400,2100,5100,8800,12000,165236,77710,320,404.4345764464252,265.85359999444336,12066.266400004679,1633.8158936309278
1782827001,500,,Aggregated,96.600000,51.800000,320,340,360,380,500,770,1400,2100,5100,8800,12000,165332,77758,320,404.41677000097695,265.85359999444336,12066.266400004679,1632.9398241114848
1782827002,500,,Aggregated,96.700000,51.600000,320,340,360,380,500,770,1400,2100,5100,8800,12000,165441,77831,320,404.3782140104419,265.85359999444336,12066.266400004679,1632.5537502795557
1782827003,500,,Aggregated,98.100000,51.200000,320,340,360,380,500,770,1400,2100,5100,8800,12000,165524,77875,320,404.33482317308415,265.85359999444336,12066.266400004679,1631.8010439573718
1782827004,500,,Aggregated,97.100000,50.900000,320,340,360,380,500,770,1400,2100,5100,8800,12000,165626,77926,320,404.28498701110664,265.85359999444336,12066.266400004679,1631.5006943354304
1782827005,500,,Aggregated,98.000000,52.500000,320,340,360,380,500,770,1400,2100,5100,8800,12000,165728,77979,320,404.2269603036392,265.85359999444336,12066.266400004679,1631.1971423054645
1782827006,500,,Aggregated,95.800000,51.300000,320,340,360,380,500,770,1400,2100,5100,8800,12000,165814,78008,320,404.1881719836775,265.85359999444336,12066.266400004679,1630.4424958085565
1782827007,500,,Aggregated,96.600000,50.300000,320,340,360,380,500,770,1400,2100,5100,8800,12000,165901,78047,320,404.1464154417481,265.85359999444336,12066.266400004679,1631.503547296279
1782827008,500,,Aggregated,97.400000,51.000000,320,340,360,380,500,770,1400,2100,5100,8800,12000,165999,78091,320,404.09324493762904,265.85359999444336,12066.266400004679,1631.246049674998
1782827009,500,,Aggregated,96.000000,48.300000,320,340,360,380,500,770,1400,2100,5100,8800,12000,166108,78154,320,404.03310943904887,265.85359999444336,12066.266400004679,1630.8682784694295
1782827010,500,,Aggregated,94.500000,47.000000,320,340,360,380,500,770,1400,2100,5100,8800,12000,166208,78206,320,403.985931374552,265.85359999444336,12066.266400004679,1630.5778963708124
1782827011,500,,Aggregated,94.400000,46.400000,320,340,360,380,500,770,1400,2100,5100,8800,12000,166311,78257,320,403.926961156517,265.85359999444336,12066.266400004679,1630.873977067061
1782827013,500,,Aggregated,96.200000,48.000000,320,340,360,380,500,770,1400,2100,5100,8800,12000,166395,78294,320,403.8847643841551,265.85359999444336,12066.266400004679,1631.3546620992217
1782827014,500,,Aggregated,97.500000,49.500000,320,340,360,380,500,770,1400,2100,5100,8800,12000,166490,78338,320,403.83679835967035,265.85359999444336,12066.266400004679,1631.1214847738604
1782827015,500,,Aggregated,93.800000,45.500000,320,340,360,380,500,770,1400,2100,5100,8800,12000,166583,78384,320,403.79432512382175,265.85359999444336,12066.266400004679,1630.9032734432685
1782827016,500,,Aggregated,95.400000,45.500000,320,340,360,380,500,770,1400,2100,5100,8800,12000,166683,78438,320,403.74743804288096,265.85359999444336,12066.266400004679,1630.0012838741802
1782827017,500,,Aggregated,94.300000,45.100000,320,340,360,380,500,770,1400,2100,5100,8800,12000,166779,78494,320,403.6995822189934,265.85359999444336,12066.266400004679,1632.1892024775302
1782827018,500,,Aggregated,94.300000,45.300000,320,340,360,380,500,770,1400,2100,5100,8800,12000,166874,78537,320,403.6481118286938,265.85359999444336,12066.266400004679,1631.9613420904395
1782827019,500,,Aggregated,95.400000,47.900000,320,340,360,380,500,770,1400,2100,5100,8800,12000,166978,78594,320,403.5944552899273,265.85359999444336,12066.266400004679,1632.8468181437077
1782827020,500,,Aggregated,96.100000,48.500000,320,340,360,380,500,770,1400,2100,5100,8800,12000,167073,78642,320,403.5457699957595,265.85359999444336,12066.266400004679,1632.6119061727509
1782827021,500,,Aggregated,96.800000,49.500000,320,340,360,380,500,770,1400,2100,5100,8800,12000,167181,78689,320,403.49288933193066,265.85359999444336,12066.266400004679,1632.8725572882086
1782827022,500,,Aggregated,95.800000,48.600000,320,340,360,380,500,770,1400,2100,5100,8800,12000,167274,78739,320,403.43852232744746,265.85359999444336,12066.266400004679,1633.2589105300285
1782827023,500,,Aggregated,96.500000,48.000000,320,340,360,380,500,770,1400,2100,5100,8800,12000,167362,78784,320,403.39547301718056,265.85359999444336,12066.266400004679,1633.0783869695629
1782827024,500,,Aggregated,95.300000,47.600000,320,340,360,380,500,770,1400,2100,5100,8800,12000,167454,78834,320,403.35363666858524,265.85359999444336,12066.266400004679,1632.8625891289548
1782827025,500,,Aggregated,95.800000,48.700000,320,340,360,380,500,770,1400,2100,5100,8800,12000,167556,78886,320,403.30863526344194,265.85359999444336,12066.266400004679,1632.5650886867675
1782827026,500,,Aggregated,95.900000,49.500000,320,340,360,380,500,770,1400,2100,5100,8800,12000,167654,78936,320,403.287492329448,265.85359999444336,12066.266400004679,1632.2968434991112
1782827027,500,,Aggregated,96.500000,49.700000,320,340,360,380,500,770,1400,2100,5100,8800,12000,167751,78989,320,403.2859220952564,265.85359999444336,12066.266400004679,1631.4320153084036
1782827028,500,,Aggregated,95.300000,49.100000,320,340,360,380,500,770,1400,2100,5100,8800,12000,167830,79032,320,403.2830735053405,265.85359999444336,12066.266400004679,1631.3299410117381
1782827029,500,,Aggregated,95.700000,48.800000,320,340,360,380,500,770,1400,2100,5100,8800,12000,167921,79077,320,403.2907907361278,265.85359999444336,12066.266400004679,1631.1205983766176
1782827030,500,,Aggregated,95.300000,48.800000,320,340,360,380,500,770,1400,2100,5100,8800,12000,168021,79131,320,403.2719720921865,265.85359999444336,12066.266400004679,1631.4396533766612
1782827031,500,,Aggregated,93.900000,48.100000,320,340,360,380,500,770,1400,2100,5100,8800,12000,168132,79191,320,403.21327203448107,265.85359999444336,12066.266400004679,1631.0582518497372
1782827032,500,,Aggregated,93.800000,48.200000,320,340,360,380,500,770,1400,2100,5100,8800,12000,168233,79239,320,403.15789145412197,265.85359999444336,12066.266400004679,1631.3767156265417
1782827033,500,,Aggregated,94.100000,49.600000,320,340,360,380,500,770,1400,2100,5100,8800,12000,168336,79296,320,403.10277001058176,265.85359999444336,12066.266400004679,1630.4579531413365
1782827034,500,,Aggregated,95.400000,49.900000,320,340,360,380,500,760,1400,2100,5100,8800,12000,168434,79342,320,403.0565357671325,265.85359999444336,12066.266400004679,1632.6105358775544
1782827035,500,,Aggregated,95.800000,50.500000,320,340,360,380,500,760,1400,2100,5100,8800,12000,168530,79393,320,403.0053219124264,265.85359999444336,12066.266400004679,1631.7554322672522
1782827036,500,,Aggregated,97.200000,50.200000,320,340,360,380,500,760,1400,2100,5100,8800,12000,168623,79442,320,402.9602309269864,265.85359999444336,12066.266400004679,1631.525456195181
1782827037,500,,Aggregated,96.700000,50.400000,320,340,360,380,500,760,1400,2100,5100,8800,12000,168717,79490,320,402.9136418114427,265.85359999444336,12066.266400004679,1632.5154430199684
1782827038,500,,Aggregated,96.700000,50.300000,320,340,360,380,500,760,1400,2100,5100,8800,12000,168817,79536,320,402.91067237541915,265.85359999444336,12066.266400004679,1632.2310608528762
1782827039,500,,Aggregated,96.400000,49.800000,320,340,360,380,500,760,1400,2100,5100,8800,12000,168942,79599,320,402.86369484498334,265.85359999444336,12066.266400004679,1631.722105811462
1782827040,500,,Aggregated,96.700000,50.100000,320,340,360,380,500,760,1400,2100,5100,8800,12000,169040,79648,320,402.8104459305561,265.85359999444336,12066.266400004679,1632.6568800283956
1782827041,500,,Aggregated,100.000000,51.000000,320,340,360,380,500,760,1400,2100,5100,8800,12000,169126,79693,320,402.7880331196927,265.85359999444336,12066.266400004679,1632.5052268722727
1782827042,500,,Aggregated,100.200000,51.200000,320,340,360,380,500,760,1400,2100,5100,8800,12000,169212,79742,320,402.7844384612268,265.85359999444336,12066.266400004679,1632.3459801905303
1782827043,500,,Aggregated,97.300000,49.100000,320,340,360,380,500,760,1400,2100,5100,8800,12000,169315,79792,320,402.7591078327446,265.85359999444336,12066.266400004679,1632.6428845642738
1782827044,500,,Aggregated,95.500000,48.800000,320,340,360,380,500,760,1400,2100,5100,8800,12000,169429,79838,320,402.70969445136996,265.85359999444336,12066.266400004679,1634.0548489337716
1782827045,500,,Aggregated,96.800000,48.300000,320,340,360,380,500,760,1400,2100,5100,8800,12000,169510,79876,320,402.67372445874065,265.85359999444336,12066.266400004679,1633.3488643737833
1782827046,500,,Aggregated,97.000000,48.900000,320,340,360,380,500,760,1400,2100,5100,8800,12000,169602,79920,320,402.6262433856983,265.85359999444336,12066.266400004679,1635.5479062746901
1782827047,500,,Aggregated,95.800000,47.800000,320,340,360,380,500,760,1400,2100,5100,8800,12000,169704,79966,320,402.5765146272407,265.85359999444336,12066.266400004679,1634.6563958421723
1782827048,500,,Aggregated,97.600000,47.800000,320,340,360,380,500,760,1400,2100,5100,8800,12000,169815,80029,320,402.51790615435186,265.85359999444336,12066.266400004679,1634.870588581692
1782827049,500,,Aggregated,97.200000,47.600000,320,340,360,380,500,760,1400,2100,5100,8800,12000,169896,80067,320,402.4771027770005,265.85359999444336,12066.266400004679,1634.1632881292085
1782827050,500,,Aggregated,98.800000,47.600000,320,340,360,380,500,760,1400,2100,5100,8800,12000,169985,80103,320,402.43264059182366,265.85359999444336,12066.266400004679,1633.4034297143867
1782827051,500,,Aggregated,96.300000,47.300000,320,340,360,380,500,760,1400,2100,5100,8800,12000,170085,80155,320,402.39504765735455,265.85359999444336,12066.266400004679,1633.119963547638
1782827052,500,,Aggregated,94.200000,45.400000,320,340,360,380,500,760,1400,2100,5100,8800,12000,170195,80211,320,402.35516609008005,265.85359999444336,12066.266400004679,1633.9551690707717
1782827053,500,,Aggregated,95.300000,45.900000,320,340,360,380,500,760,1400,2100,5100,8800,12000,170292,80261,320,402.321095565271,265.85359999444336,12066.266400004679,1633.7015068235737
1782827054,500,,Aggregated,97.300000,46.600000,320,340,360,380,500,760,1400,2100,5100,8800,12000,170391,80302,320,402.2907595195821,265.85359999444336,12066.266400004679,1632.844616206255
1782827055,500,,Aggregated,95.600000,46.400000,320,340,360,380,490,760,1400,2100,5100,8800,12000,170502,80359,320,402.24281863321914,265.85359999444336,12066.266400004679,1632.4826981501683
1782827056,500,,Aggregated,95.600000,46.200000,320,340,360,380,490,760,1400,2100,5100,8800,12000,170582,80397,320,402.2151993926744,265.85359999444336,12066.266400004679,1632.380104583133
1782827057,500,,Aggregated,98.200000,47.100000,320,340,360,380,490,760,1400,2100,5100,8800,12000,170674,80436,320,402.17716298323825,265.85359999444336,12066.266400004679,1631.589298897313
1782827058,500,,Aggregated,97.100000,47.400000,320,340,360,380,490,760,1400,2100,5100,8800,12000,170769,80486,320,402.1495569049489,265.85359999444336,12066.266400004679,1631.9444512762855
1782827059,500,,Aggregated,96.400000,46.500000,320,340,360,380,490,760,1400,2100,5100,8800,12000,170880,80542,320,402.11515694991357,265.85359999444336,12066.266400004679,1632.775538389513
1782827060,500,,Aggregated,95.100000,45.900000,320,340,360,380,490,760,1400,2100,5100,8800,12000,170974,80585,320,402.085898590436,265.85359999444336,12066.266400004679,1631.9505129434885
1782827061,500,,Aggregated,94.700000,45.700000,320,340,360,380,490,760,1400,2100,5100,8800,12000,171067,80634,320,402.0436804941993,265.85359999444336,12066.266400004679,1632.9191837116452
1782827062,500,,Aggregated,97.300000,47.100000,320,340,360,380,490,760,1400,2100,5100,8800,12000,171172,80692,320,402.01471570000416,265.85359999444336,12066.266400004679,1632.5916855560488
1782827063,500,,Aggregated,96.600000,46.900000,320,340,360,380,490,760,1400,2100,5100,8800,12000,171272,80733,320,401.9934830696271,265.85359999444336,12066.266400004679,1632.9158706618712
1782827064,500,,Aggregated,95.700000,46.900000,320,340,360,380,490,760,1400,2100,5100,8800,12000,171357,80782,320,401.96167966468295,265.85359999444336,12066.266400004679,1632.174005147149
1782827065,500,,Aggregated,97.600000,47.900000,320,340,360,380,490,760,1400,2100,5100,8800,12000,171435,80822,320,401.97055899904416,265.85359999444336,12066.266400004679,1633.270989004579
1782827066,500,,Aggregated,96.400000,47.000000,320,340,360,380,490,760,1400,2100,5100,8800,12000,171546,80875,320,401.9890650315431,265.85359999444336,12066.266400004679,1633.4993879192753
1782827067,500,,Aggregated,92.300000,45.900000,320,340,360,380,490,760,1400,2100,5100,8800,12000,171657,80932,320,401.9636230447992,265.85359999444336,12066.266400004679,1632.5427159975998
1782827068,500,,Aggregated,91.500000,45.000000,320,340,360,380,490,760,1400,2100,5100,8800,12000,171746,80966,320,401.94609509567084,265.85359999444336,12066.266400004679,1631.7847810138228
1782827069,500,,Aggregated,94.800000,47.900000,320,340,360,380,490,760,1400,2100,5100,8800,12000,171850,81024,320,401.91417147222074,265.85359999444336,12066.266400004679,1632.059162059936
1782827070,500,,Aggregated,96.000000,48.400000,320,340,360,380,490,760,1400,2100,5100,8800,12000,171945,81074,320,401.8992678176229,265.85359999444336,12066.266400004679,1631.23135304894
1782827071,500,,Aggregated,95.400000,47.300000,320,340,360,380,490,760,1400,2100,5100,8800,12000,172044,81119,320,401.87339237230685,265.85359999444336,12066.266400004679,1630.3915277487154
1782827072,500,,Aggregated,94.500000,47.400000,320,340,360,380,490,760,1400,2100,5100,8800,12000,172130,81163,320,401.8389107622214,265.85359999444336,12066.266400004679,1630.8323476442224
1782827073,500,,Aggregated,95.500000,48.200000,320,340,360,380,490,760,1400,2100,5100,8800,12000,172225,81221,320,401.79348617623,265.85359999444336,12066.266400004679,1629.9994367832776
1782827074,500,,Aggregated,95.100000,47.000000,320,340,360,380,490,760,1400,2100,5100,8800,12000,172320,81266,320,401.7475104619377,265.85359999444336,12066.266400004679,1629.176886025998
1782827075,500,,Aggregated,93.900000,46.000000,320,340,360,380,490,760,1400,2100,5100,8800,12000,172419,81318,320,401.7079708437074,265.85359999444336,12066.266400004679,1628.91302582662
1782827076,500,,Aggregated,93.000000,47.300000,320,340,360,380,490,760,1400,2100,5100,8800,12000,172518,81372,320,401.67484785182546,265.85359999444336,12066.266400004679,1629.8233401731993
1782827077,500,,Aggregated,95.800000,48.000000,320,340,360,380,490,760,1400,2100,5100,8800,12000,172626,81428,320,401.6398056741239,265.85359999444336,12066.266400004679,1628.8943380487297
1782827078,500,,Aggregated,96.700000,49.300000,320,340,360,380,490,760,1400,2100,5100,8800,12000,172714,81475,320,401.59537180136726,265.85359999444336,12066.266400004679,1628.7285570364882
1782827079,500,,Aggregated,96.100000,48.700000,320,340,360,380,490,760,1400,2100,5100,8800,12000,172802,81525,320,401.5553059704251,265.85359999444336,12066.266400004679,1628.561220356246
1782827080,500,,Aggregated,95.100000,49.100000,320,340,360,380,490,760,1400,2100,5100,8800,12000,172909,81581,320,401.5237532326338,265.85359999444336,12066.266400004679,1629.991990006304
1782827081,500,,Aggregated,94.600000,49.700000,320,340,360,380,490,760,1400,2100,5100,8800,12000,173005,81629,320,401.4775710684749,265.85359999444336,12066.266400004679,1629.1633652206583
1782827082,500,,Aggregated,94.400000,49.600000,320,340,360,380,490,760,1400,2100,5100,8800,12000,173099,81683,320,401.45104501586695,265.85359999444336,12066.266400004679,1628.351157430141
1782827083,500,,Aggregated,96.000000,50.500000,320,340,360,380,490,760,1400,2100,5100,8800,12000,173184,81727,320,401.4392015908022,265.85359999444336,12066.266400004679,1628.7984167128602
1782827084,500,,Aggregated,95.800000,50.800000,320,340,360,380,490,760,1400,2100,5100,8800,12000,173283,81766,320,401.4386376280503,265.85359999444336,12066.266400004679,1629.722673314751
1782827085,500,,Aggregated,95.200000,51.100000,320,340,360,380,490,760,1400,2100,5100,8800,12000,173385,81821,320,401.4070004994749,265.85359999444336,12066.266400004679,1628.8465784237392
1782827086,500,,Aggregated,94.700000,50.000000,320,340,360,380,490,760,1400,2100,5100,8800,12000,173487,81876,320,401.37934609625813,265.85359999444336,12066.266400004679,1627.9625562722279
1782827087,500,,Aggregated,95.800000,49.800000,320,340,360,380,490,760,1400,2100,5100,8800,12000,173574,81921,320,401.34586293224544,265.85359999444336,12066.266400004679,1627.799670457557
1782827089,500,,Aggregated,95.800000,49.700000,320,340,360,380,490,760,1400,2100,5100,8800,12000,173682,81973,320,401.31305794498917,265.85359999444336,12066.266400004679,1627.4580497691184
1782827090,500,,Aggregated,93.900000,48.700000,320,340,360,380,490,760,1400,2100,5100,8800,12000,173781,82027,320,401.2767223390455,265.85359999444336,12066.266400004679,1627.197346085015
1782827091,500,,Aggregated,96.200000,49.200000,320,340,360,380,490,750,1400,2100,5100,8800,12000,173867,82073,320,401.24717223855987,265.85359999444336,12066.266400004679,1627.0475823474264
1782827092,500,,Aggregated,96.900000,49.700000,320,340,360,380,490,750,1400,2100,5100,8800,12000,173972,82117,320,401.2473887562463,265.85359999444336,12066.266400004679,1626.7426539902972
1782827093,500,,Aggregated,94.000000,48.400000,320,340,360,380,490,760,1400,2100,5100,8800,12000,174074,82174,320,401.23240483416066,265.85359999444336,12066.266400004679,1625.8652412192516
1782827094,500,,Aggregated,94.800000,47.800000,320,340,360,380,490,750,1400,2100,5100,8800,12000,174167,82235,320,401.20494526116727,265.85359999444336,12066.266400004679,1625.062204665637
1782827095,500,,Aggregated,95.900000,48.600000,320,340,360,380,490,760,1400,2100,5100,8800,12000,174261,82280,320,401.1828912602458,265.85359999444336,12066.266400004679,1625.43915735592
1782827096,500,,Aggregated,97.500000,50.300000,320,340,360,380,490,750,1400,2100,5100,8800,12000,174359,82328,320,401.1462679884704,265.85359999444336,12066.266400004679,1625.7805275322753
1782827097,500,,Aggregated,95.800000,50.300000,320,340,360,380,490,750,1400,2100,5100,8800,12000,174466,82377,320,401.10316734092504,265.85359999444336,12066.266400004679,1626.6219377987688
1782827098,500,,Aggregated,95.900000,50.400000,320,340,360,380,490,750,1400,2100,5100,8800,12000,174576,82441,320,401.063307056536,265.85359999444336,12066.266400004679,1626.2618343873155
1782827099,500,,Aggregated,95.900000,49.100000,320,340,360,380,490,750,1400,2100,5100,8800,12000,174661,82478,320,401.03422249616017,265.85359999444336,12066.266400004679,1626.710307395469
1782827100,500,,Aggregated,99.000000,51.200000,320,340,360,380,490,750,1400,2000,5100,8800,12000,174755,82527,320,401.00023784041576,265.85359999444336,12066.266400004679,1626.4860862350147
1782827101,500,,Aggregated,96.700000,50.100000,320,340,360,380,490,750,1400,2000,5100,8800,12000,174852,82571,320,400.96195237916584,265.85359999444336,12066.266400004679,1626.8315203715142
1782827102,500,,Aggregated,96.600000,49.600000,320,340,360,380,490,750,1400,2000,5100,8800,12000,174944,82616,320,400.94081900837926,265.85359999444336,12066.266400004679,1626.6319507956832
1782827103,500,,Aggregated,97.000000,48.600000,320,340,360,380,490,750,1400,2000,5100,8800,12000,175051,82683,320,400.89785949752854,265.85359999444336,12066.266400004679,1626.2902754054533
1782827104,500,,Aggregated,96.900000,49.600000,320,340,360,380,490,750,1400,2000,5100,8800,12000,175160,82737,320,400.8507061258388,265.85359999444336,12066.266400004679,1625.9503139986298
1782827105,500,,Aggregated,96.900000,50.300000,320,340,360,380,490,750,1400,2000,5100,8800,12000,175264,82786,320,400.8101792182187,265.85359999444336,12066.266400004679,1626.2320556417747
1782827106,500,,Aggregated,97.300000,49.300000,320,340,360,380,490,750,1400,2000,5100,8800,12000,175359,82836,320,400.78571393143153,265.85359999444336,12066.266400004679,1627.7526673851926
1782827107,500,,Aggregated,99.200000,50.500000,320,340,360,380,490,750,1400,2000,5100,8800,12000,175447,82874,320,400.7561462977531,265.85359999444336,12066.266400004679,1629.3266627528542
1782827108,500,,Aggregated,99.600000,50.300000,320,340,360,380,490,750,1400,2000,5100,8800,12000,175537,82912,320,400.72134037839277,265.85359999444336,12066.266400004679,1628.5754114517167
1782827109,500,,Aggregated,97.800000,49.800000,320,340,360,380,490,750,1400,2000,5100,8800,12000,175640,82961,320,400.682251404019,265.85359999444336,12066.266400004679,1628.281370986108
1782827110,500,,Aggregated,95.400000,47.200000,320,340,360,380,490,750,1400,2000,5100,8800,12000,175727,83006,320,400.6488571403471,265.85359999444336,12066.266400004679,1627.5469620490876
1782827111,500,,Aggregated,97.400000,47.900000,320,340,360,380,490,750,1400,2000,5100,8800,12000,175819,83051,320,400.6162881639742,265.85359999444336,12066.266400004679,1627.925628060676
1782827112,500,,Aggregated,95.900000,46.700000,320,340,360,380,490,750,1400,2000,5100,8800,12000,175928,83103,320,400.5694697978818,265.85359999444336,12066.266400004679,1627.004285844209
1782827113,500,,Aggregated,96.100000,48.100000,320,340,360,380,490,750,1400,2000,5100,8800,12000,176034,83163,320,400.519663750194,265.85359999444336,12066.266400004679,1626.100310167354
1782827114,500,,Aggregated,96.700000,48.000000,320,340,360,380,490,750,1400,2000,5100,8800,12000,176112,83199,320,400.49659388231174,265.85359999444336,12066.266400004679,1626.0261197419825
1782827115,500,,Aggregated,97.300000,47.700000,320,340,360,380,490,750,1400,2000,5100,8800,12000,176219,83252,320,400.44738552427145,265.85359999444336,12066.266400004679,1626.2858375090086
1782827116,500,,Aggregated,95.700000,46.700000,320,340,360,380,490,750,1400,2000,5100,8800,12000,176330,83312,320,400.3947136238963,265.85359999444336,12066.266400004679,1625.348539669937
1782827117,500,,Aggregated,93.700000,45.500000,320,340,360,380,490,750,1400,2000,5100,8800,12000,176431,83364,320,400.355139722054,265.85359999444336,12066.266400004679,1625.0705261547007
1782827118,500,,Aggregated,94.300000,46.500000,320,340,360,380,490,750,1400,2000,5100,8800,12000,176523,83409,320,400.31494982297863,265.85359999444336,12066.266400004679,1624.889368524215
1782827119,500,,Aggregated,97.300000,48.100000,320,340,360,380,490,750,1400,2000,5100,8800,12000,176606,83459,320,400.28264830980623,265.85359999444336,12066.266400004679,1624.1778761763474
1782827120,500,,Aggregated,97.900000,49.000000,320,340,360,380,490,750,1400,2000,5100,8800,12000,176699,83501,320,400.24350413698846,265.85359999444336,12066.266400004679,1623.983084227981
1782827121,500,,Aggregated,94.600000,48.200000,320,340,360,380,490,750,1400,2000,5100,8800,12000,176796,83552,320,400.2145337009988,265.85359999444336,12066.266400004679,1623.170744813231
1782827122,500,,Aggregated,96.400000,49.500000,320,340,360,380,490,750,1400,2000,5100,8800,12000,176900,83606,320,400.1764527982009,265.85359999444336,12066.266400004679,1625.1781967213115
1782827123,500,,Aggregated,97.200000,49.800000,320,340,360,380,490,750,1400,2000,5100,8800,12000,177010,83662,320,400.1435546449448,265.85359999444336,12066.266400004679,1624.8267273035422
1782827124,500,,Aggregated,96.700000,49.600000,320,340,360,380,490,750,1400,2000,5100,8800,12000,177095,83708,320,400.1032377176184,265.85359999444336,12066.266400004679,1624.6748976538017
1782827125,500,,Aggregated,96.600000,49.400000,320,340,360,380,490,750,1400,2000,5100,8800,12000,177187,83754,320,400.06352090899236,265.85359999444336,12066.266400004679,1624.4852331152963
1782827126,500,,Aggregated,96.600000,49.600000,320,340,360,380,490,750,1400,2000,5100,8800,12000,177290,83800,320,400.02121030008243,265.85359999444336,12066.266400004679,1623.6360934062834
1782827127,500,,Aggregated,97.500000,50.300000,320,340,360,380,490,750,1400,2000,5100,8800,12000,177397,83854,320,399.98017448830365,265.85359999444336,12066.266400004679,1622.7360214659775
1782827128,500,,Aggregated,96.100000,48.600000,320,340,360,380,490,750,1400,2000,5100,8800,12000,177501,83903,320,399.959662415432,265.85359999444336,12066.266400004679,1623.5832079819268
1782827129,500,,Aggregated,94.300000,47.600000,320,340,360,380,490,750,1400,2000,5100,8800,12000,177595,83951,320,399.9334754126049,265.85359999444336,12066.266400004679,1623.3745544638082
1782827130,500,,Aggregated,95.200000,48.500000,320,340,360,380,490,750,1400,2000,5100,8800,12000,177674,83992,320,399.8990457213864,265.85359999444336,12066.266400004679,1624.4299728716637
1782827131,500,,Aggregated,98.500000,49.100000,320,340,360,380,490,750,1400,2000,5100,8800,12000,177769,84039,320,399.866323775808,265.85359999444336,12066.266400004679,1624.2084840438997
1782827132,500,,Aggregated,96.300000,48.600000,320,340,360,380,490,750,1400,2000,5100,8800,12000,177870,84086,320,399.82429630405124,265.85359999444336,12066.266400004679,1625.0824647214258
1782827133,500,,Aggregated,97.800000,48.800000,320,340,360,380,490,750,1400,2000,5100,8800,12000,177980,84137,320,399.8044332941993,265.85359999444336,12066.266400004679,1625.3167209798853
1782827134,500,,Aggregated,96.000000,48.200000,320,340,360,380,490,750,1400,2000,5100,8800,12000,178075,84194,320,399.8028803880477,265.85359999444336,12066.266400004679,1624.5141036080304
1782827135,500,,Aggregated,94.600000,46.200000,320,340,360,380,490,750,1400,2000,5100,8800,12000,178166,84241,320,399.7765022204096,265.85359999444336,12066.266400004679,1624.3336495178653
1782827136,500,,Aggregated,97.000000,47.600000,320,340,360,380,490,750,1400,2000,5100,8800,12000,178277,84297,320,399.7428845078245,265.85359999444336,12066.266400004679,1624.5442205107781
1782827137,500,,Aggregated,96.200000,47.600000,320,340,360,380,490,750,1400,2000,5100,8800,12000,178361,84338,320,399.71084060305486,265.85359999444336,12066.266400004679,1624.4181070974037
1782827138,500,,Aggregated,96.100000,48.800000,320,340,360,380,490,750,1400,2000,5100,8800,12000,178459,84386,320,399.67387418343424,265.85359999444336,12066.266400004679,1624.7579219876834
1782827139,500,,Aggregated,97.100000,49.700000,320,340,360,380,490,750,1400,2000,5100,8800,12000,178563,84436,320,399.64254993420536,265.85359999444336,12066.266400004679,1625.0432452411753
1782827140,500,,Aggregated,96.100000,48.100000,320,340,360,380,490,750,1400,2000,5100,8800,12000,178656,84483,320,399.6056423758593,265.85359999444336,12066.266400004679,1625.4162076840407
1782827141,500,,Aggregated,95.100000,48.400000,320,340,360,380,490,750,1400,2000,5100,8800,12000,178767,84535,320,399.561415149337,265.85359999444336,12066.266400004679,1626.2050937812908
1782827142,500,,Aggregated,97.800000,49.100000,320,340,360,380,490,750,1400,2000,5100,8800,12000,178862,84580,320,399.5266362558929,265.85359999444336,12066.266400004679,1625.989522648746
1782827143,500,,Aggregated,95.100000,47.100000,320,340,360,380,490,750,1400,2000,5100,8800,12000,178958,84635,320,399.48597447558336,265.85359999444336,12066.266400004679,1625.1901339979213
1782827144,500,,Aggregated,97.000000,48.200000,320,340,360,380,490,750,1400,2000,5100,8800,12000,179050,84682,320,399.4642736386562,265.85359999444336,12066.266400004679,1624.4277185143815
1782827145,500,,Aggregated,98.700000,49.500000,320,340,360,380,490,750,1400,2000,5100,8800,12000,179132,84721,320,399.4402171320666,265.85359999444336,12066.266400004679,1623.7470803653173
1782827146,500,,Aggregated,96.600000,48.900000,320,340,360,380,490,750,1400,2000,5100,8800,12000,179241,84768,320,399.4103890265136,265.85359999444336,12066.266400004679,1623.98496437757
1782827147,500,,Aggregated,96.000000,48.300000,320,340,360,380,490,750,1400,2000,5100,8800,12000,179340,84821,320,399.37635381622175,265.85359999444336,12066.266400004679,1625.4324021411844
1782827148,500,,Aggregated,96.000000,46.900000,320,340,360,380,490,750,1400,2000,5100,8800,12000,179452,84868,320,399.3393928086682,265.85359999444336,12066.266400004679,1624.519687715935
1782827149,500,,Aggregated,95.100000,45.700000,320,340,360,380,490,750,1400,2000,5100,8800,12000,179552,84913,320,399.300322724899,265.85359999444336,12066.266400004679,1623.700538005703
1782827151,500,,Aggregated,97.600000,46.800000,320,340,360,380,490,750,1400,2000,5100,8800,12000,179697,84993,320,399.48469243950166,265.85359999444336,12066.266400004679,1625.3369505333978
1782827152,500,,Aggregated,94.300000,45.200000,320,340,360,380,490,750,1400,2000,5100,8800,12000,179800,85049,320,399.47764126530103,265.85359999444336,12066.266400004679,1624.480873192436
1782827153,500,,Aggregated,88.800000,43.500000,320,340,360,380,490,750,1400,2000,5100,8800,12000,179919,85107,320,399.4286468566475,265.85359999444336,12066.266400004679,1624.0677971753955
1782827154,500,,Aggregated,93.700000,46.000000,320,340,360,380,490,750,1400,2000,5100,8800,12000,180024,85165,320,399.38525121706624,265.85359999444336,12066.266400004679,1623.1981124738925
1782827155,500,,Aggregated,93.600000,46.700000,320,340,360,380,490,750,1400,2000,5100,8800,12000,180109,85210,320,399.3497890172125,265.85359999444336,12066.266400004679,1622.4995752572054
1782827156,500,,Aggregated,96.700000,47.900000,320,340,360,380,490,750,1400,2000,5100,8800,12000,180204,85260,320,399.3177364886523,265.85359999444336,12066.266400004679,1622.8471066125057
1782827157,500,,Aggregated,96.800000,48.100000,320,340,360,380,490,750,1400,2000,5100,8800,12000,180282,85296,320,399.2879919792383,265.85359999444336,12066.266400004679,1622.2064099577328
1782827158,500,,Aggregated,96.400000,48.400000,320,340,360,380,490,750,1400,2000,5100,8800,12000,180384,85346,320,399.24661138516205,265.85359999444336,12066.266400004679,1621.9243225563243
1782827159,500,,Aggregated,96.000000,49.400000,320,340,360,380,490,750,1400,2000,5100,8800,12000,180488,85398,320,399.20432738963865,265.85359999444336,12066.266400004679,1622.7533963476797
1782827160,500,,Aggregated,93.000000,47.200000,320,340,360,380,490,750,1400,2000,5100,8800,12000,180587,85441,320,399.17951827596204,265.85359999444336,12066.266400004679,1622.5102471384982
1782827161,500,,Aggregated,92.900000,48.000000,320,340,360,380,490,750,1400,2000,5100,8800,12000,180690,85490,320,399.18173561348806,265.85359999444336,12066.266400004679,1622.2461896065083
1782827162,500,,Aggregated,96.000000,49.300000,320,340,360,380,490,750,1400,2000,5100,8800,12000,180781,85533,320,399.14494083283716,265.85359999444336,12066.266400004679,1621.505185832582
1782827163,500,,Aggregated,102.600000,52.200000,320,340,360,380,490,750,1400,2000,5100,8800,12000,180874,85586,320,399.10413338678404,265.85359999444336,12066.266400004679,1621.2975662615966
1782827164,500,,Aggregated,97.800000,49.200000,320,340,360,380,490,750,1400,2000,5100,8800,12000,180970,85631,320,399.06738248992184,265.85359999444336,12066.266400004679,1621.0831684809636
1782827165,500,,Aggregated,95.900000,47.100000,320,340,360,380,490,750,1400,2000,5100,8800,12000,181050,85671,320,399.0324252394433,265.85359999444336,12066.266400004679,1620.431505109086
1782827166,500,,Aggregated,92.700000,45.900000,320,340,360,380,490,740,1400,2000,5100,8800,12000,181165,85730,320,398.97832937157426,265.85359999444336,12066.266400004679,1620.6226423426158
1782827167,500,,Aggregated,94.400000,46.500000,320,340,360,380,490,740,1400,2000,5100,8800,12000,181275,85790,320,398.92796372252775,265.85359999444336,12066.266400004679,1621.9696041925251
1782827168,500,,Aggregated,93.000000,45.900000,320,340,360,380,490,740,1400,2000,5100,8800,12000,181360,85832,320,398.8896893311709,265.85359999444336,12066.266400004679,1621.8366398323776
1782827169,500,,Aggregated,94.600000,46.200000,320,340,360,380,490,740,1400,2000,5100,8800,12000,181460,85884,320,398.8462875432665,265.85359999444336,12066.266400004679,1621.5757522318968
1782827170,500,,Aggregated,98.200000,49.000000,320,340,360,380,490,740,1400,2000,5100,8800,12000,181553,85925,320,398.7993490914566,265.85359999444336,12066.266400004679,1621.3805335081215
1782827171,500,,Aggregated,95.500000,47.600000,320,340,360,380,490,740,1400,2000,5100,8800,12000,181643,85974,320,398.77364269859675,265.85359999444336,12066.266400004679,1621.2090639330995
1782827172,500,,Aggregated,95.500000,48.100000,320,340,360,380,490,740,1400,2000,5100,8800,12000,181743,86031,320,398.7482540582095,265.85359999444336,12066.266400004679,1620.3913383183947
1782827174,500,,Aggregated,93.500000,47.500000,320,340,360,380,490,740,1400,2000,5100,8800,12000,181842,86087,320,398.74155508793996,265.85359999444336,12066.266400004679,1620.1406660727446
1782827175,500,,Aggregated,94.600000,49.300000,320,340,360,380,490,740,1400,2000,5100,8800,12000,181942,86141,320,398.6995152828986,265.85359999444336,12066.266400004679,1620.451143771092
1782827176,500,,Aggregated,95.400000,49.700000,320,340,360,380,490,740,1400,2000,5000,8800,12000,182048,86189,320,398.6482822261221,265.85359999444336,12066.266400004679,1620.1638743628055
1782827177,500,,Aggregated,95.400000,49.700000,320,340,360,380,490,740,1400,2000,5000,8800,12000,182134,86233,320,398.6261158405407,265.85359999444336,12066.266400004679,1620.0248882690767
1782827178,500,,Aggregated,98.200000,50.700000,320,340,360,380,490,740,1400,2000,5000,8800,12000,182229,86283,320,398.62838441741457,265.85359999444336,12066.266400004679,1619.2547783283671
1782827179,500,,Aggregated,96.200000,49.900000,320,340,360,380,490,740,1400,2000,5000,8800,12000,182322,86317,320,398.64873431402157,265.85359999444336,12066.266400004679,1619.6297155581883
1782827180,500,,Aggregated,94.400000,48.600000,320,340,360,380,490,740,1400,2000,5000,8800,12000,182422,86368,320,398.6599203363688,265.85359999444336,12066.266400004679,1619.3833748122486
1782827181,500,,Aggregated,93.900000,47.500000,320,340,360,380,490,740,1400,2000,5000,8800,12000,182518,86414,320,398.6454980341719,265.85359999444336,12066.266400004679,1619.1628168180673
1782827182,500,,Aggregated,93.900000,47.400000,320,340,360,380,490,740,1400,2000,5000,8800,12000,182607,86463,320,398.6056898278874,265.85359999444336,12066.266400004679,1620.66548379854
1782827183,500,,Aggregated,95.100000,48.500000,320,340,360,380,490,740,1400,2000,5000,8800,12000,182720,86525,320,398.55626962183163,265.85359999444336,12066.266400004679,1620.8562883099826
1782827184,500,,Aggregated,95.500000,48.600000,320,340,360,380,490,740,1400,2000,5000,8800,12000,182815,86570,320,398.51392903044666,265.85359999444336,12066.266400004679,1622.8812296583978
1782827185,500,,Aggregated,96.800000,48.800000,320,340,360,380,490,740,1400,2000,5000,8800,12000,182915,86624,320,398.47808076429527,265.85359999444336,12066.266400004679,1622.0685673673563
1782827186,500,,Aggregated,96.200000,47.700000,320,340,360,380,490,740,1400,2000,5000,8800,12000,183009,86678,320,398.4343606800817,265.85359999444336,12066.266400004679,1621.8668098290248
1782827187,500,,Aggregated,96.600000,48.100000,320,340,360,380,490,740,1400,2000,5000,8800,12000,183115,86728,320,398.38360638724885,265.85359999444336,12066.266400004679,1621.009960953499
1782827188,500,,Aggregated,95.200000,48.300000,320,340,360,380,490,740,1400,2000,5000,8800,12000,183213,86777,320,398.33840160087505,265.85359999444336,12066.266400004679,1620.781331019087
1782827189,500,,Aggregated,96.900000,49.200000,320,340,360,380,490,740,1400,2000,5000,8800,12000,183302,86816,320,398.29809249981497,265.85359999444336,12066.266400004679,1622.8498543387416
1782827190,500,,Aggregated,97.400000,49.100000,320,340,360,380,490,740,1400,2000,5000,8800,12000,183397,86868,320,398.2511848612627,265.85359999444336,12066.266400004679,1622.0851104434641
1782827191,500,,Aggregated,98.700000,50.300000,320,340,360,380,490,740,1400,2000,5000,8800,12000,183503,86922,320,398.21488929990807,265.85359999444336,12066.266400004679,1621.7831098129186
1782827192,500,,Aggregated,97.500000,49.600000,320,340,360,380,490,740,1400,2000,5000,8800,12000,183591,86965,320,398.17612180009365,265.85359999444336,12066.266400004679,1622.184170247997
1782827193,500,,Aggregated,97.400000,50.100000,320,340,360,380,490,740,1400,2000,5000,8800,12000,183691,87018,320,398.12506068996834,265.85359999444336,12066.266400004679,1621.9308294908296
1782827194,500,,Aggregated,97.800000,49.700000,320,340,360,380,490,740,1400,2000,5000,8800,12000,183787,87057,320,398.0817211435029,265.85359999444336,12066.266400004679,1621.7144520559125
1782827195,500,,Aggregated,95.500000,49.100000,320,340,360,380,490,740,1400,2000,5000,8800,12000,183879,87106,320,398.05559998804114,265.85359999444336,12066.266400004679,1622.6345477188804
1782827196,500,,Aggregated,96.500000,48.400000,320,340,360,380,490,740,1400,2000,5000,8800,12000,183966,87148,320,398.0634237462411,265.85359999444336,12066.266400004679,1622.4888566365523
1782827197,500,,Aggregated,95.500000,47.700000,320,340,360,380,490,740,1400,2000,5000,8800,12000,184077,87207,320,398.03313086372,265.85359999444336,12066.266400004679,1621.5866566708496
1782827198,500,,Aggregated,95.600000,46.900000,320,340,360,380,490,740,1400,2000,5000,8800,12000,184171,87243,320,397.99616261464047,265.85359999444336,12066.266400004679,1620.844948444652
1782827199,500,,Aggregated,94.900000,47.000000,320,340,360,380,490,740,1400,2000,5000,8800,12000,184271,87295,320,397.94938908618775,265.85359999444336,12066.266400004679,1620.040364463209
1782827200,500,,Aggregated,95.000000,46.200000,320,340,360,380,490,740,1400,2000,5000,8800,12000,184361,87338,320,397.9087613719865,265.85359999444336,12066.266400004679,1619.3193788274093
1782827201,500,,Aggregated,96.000000,47.000000,320,340,360,380,490,740,1400,2000,5000,8800,12000,184462,87382,320,397.8658138044737,265.85359999444336,12066.266400004679,1619.0663226030294
1782827202,500,,Aggregated,95.500000,46.600000,320,340,360,380,490,740,1400,2000,5000,8800,12000,184575,87434,320,397.82032671922457,265.85359999444336,12066.266400004679,1619.2718027901938
1782827203,500,,Aggregated,94.400000,45.300000,320,340,360,380,490,740,1400,2000,5000,8800,12000,184684,87494,320,397.7751938624947,265.85359999444336,12066.266400004679,1618.396910398302
1782827204,500,,Aggregated,96.200000,46.200000,320,340,360,380,490,740,1400,2000,5000,8800,12000,184779,87535,320,397.7332193550189,265.85359999444336,12066.266400004679,1617.6449325951542
1782827205,500,,Aggregated,98.700000,46.800000,320,340,360,380,490,740,1400,2000,5000,8800,12000,184872,87580,320,397.6945439017322,265.85359999444336,12066.266400004679,1618.5608691418927
1782827206,500,,Aggregated,98.600000,47.400000,320,340,360,380,490,740,1400,2000,5000,8800,12000,184963,87629,320,397.65196717019643,265.85359999444336,12066.266400004679,1617.8363294280477
1782827207,500,,Aggregated,98.100000,46.500000,320,340,360,380,490,740,1300,2000,5000,8800,12000,185069,87685,320,397.61125076269377,265.85359999444336,12066.266400004679,1619.1813431747078
1782827208,500,,Aggregated,98.700000,47.800000,320,340,360,380,490,740,1300,2000,5000,8800,12000,185170,87732,320,397.56955841713545,265.85359999444336,12066.266400004679,1618.9253874817734
1782827209,500,,Aggregated,99.100000,47.700000,320,340,360,370,490,740,1300,2000,5000,8800,12000,185261,87779,320,397.53577448411164,265.85359999444336,12066.266400004679,1618.1962528540816
1782827210,500,,Aggregated,98.700000,48.600000,320,340,360,370,490,740,1300,2000,5000,8800,12000,185355,87829,320,397.4949605600118,265.85359999444336,12066.266400004679,1617.4550133527555
1782827211,500,,Aggregated,97.400000,47.700000,320,340,360,370,490,740,1300,2000,5000,8800,12000,185454,87881,320,397.45534862607974,265.85359999444336,12066.266400004679,1617.211092777724
1782827212,500,,Aggregated,99.100000,49.500000,320,340,360,370,490,740,1300,2000,5000,8800,12000,185554,87932,320,397.4164904351343,265.85359999444336,12066.266400004679,1617.508811451114
1782827213,500,,Aggregated,98.100000,49.200000,320,340,360,370,490,740,1300,2000,5000,8800,12000,185661,87983,320,397.3742148992026,265.85359999444336,12066.266400004679,1617.20891840505
1782827214,500,,Aggregated,97.900000,49.700000,320,340,360,370,490,740,1300,2000,5000,8800,12000,185771,88040,320,397.3246030661453,265.85359999444336,12066.266400004679,1616.3425723067649
1782827215,500,,Aggregated,97.300000,49.200000,320,340,360,370,480,740,1300,2000,5000,8800,12000,185875,88090,320,397.2784290975164,265.85359999444336,12066.266400004679,1616.0726724949564
1782827216,500,,Aggregated,97.500000,49.700000,320,340,360,370,480,740,1300,2000,5000,8800,12000,185967,88142,320,397.2418337608325,265.85359999444336,12066.266400004679,1615.3252888953416
1782827217,500,,Aggregated,98.900000,51.100000,320,340,360,370,480,740,1300,2000,5000,8800,12000,186057,88185,320,397.2075356202711,265.85359999444336,12066.266400004679,1614.6147202201475
1782827218,500,,Aggregated,98.800000,50.500000,320,340,360,370,480,740,1300,2000,5000,8800,12000,186139,88223,320,397.1695222994687,265.85359999444336,12066.266400004679,1616.161089293485
1782827219,500,,Aggregated,98.300000,49.600000,320,340,360,370,480,740,1300,2000,5000,8800,12000,186236,88270,320,397.12994249125234,265.85359999444336,12066.266400004679,1615.942921884061
1782827220,500,,Aggregated,96.200000,48.900000,320,340,360,370,480,740,1300,2000,5000,8800,12000,186328,88312,320,397.1228445171999,265.85359999444336,12066.266400004679,1615.7704692799794
1782827221,500,,Aggregated,97.400000,49.400000,320,340,360,370,480,740,1300,2000,5000,8800,12000,186434,88367,320,397.08433869895435,265.85359999444336,12066.266400004679,1615.4839567889976
1782827222,500,,Aggregated,96.100000,47.600000,320,340,360,370,480,740,1300,2000,5000,8800,12000,186531,88417,320,397.0465982104898,265.85359999444336,12066.266400004679,1616.3583854694393
1782827223,500,,Aggregated,97.600000,48.500000,320,340,360,370,480,740,1300,2000,5000,8800,12000,186635,88471,320,397.00490850966264,265.85359999444336,12066.266400004679,1616.080381493289
1782827224,500,,Aggregated,97.700000,47.900000,320,340,360,370,480,730,1300,2000,5000,8800,12000,186731,88520,320,396.9656651852178,265.85359999444336,12066.266400004679,1615.8703321890848
1782827225,500,,Aggregated,96.500000,47.900000,320,340,360,370,480,730,1300,2000,5000,8800,12000,186806,88560,320,396.9349781586294,265.85359999444336,12066.266400004679,1615.8215314283268
1782827226,500,,Aggregated,95.600000,47.400000,320,340,360,370,480,730,1300,2000,5000,8800,12000,186913,88607,320,396.8963299695628,265.85359999444336,12066.266400004679,1617.1650875006019
1782827227,500,,Aggregated,94.100000,47.100000,320,340,360,370,480,730,1300,2000,5000,8800,12000,187014,88657,320,396.8564666896646,265.85359999444336,12066.266400004679,1616.9159742051397
1782827228,500,,Aggregated,93.000000,46.100000,320,340,360,370,480,730,1300,2000,5000,8800,12000,187112,88709,320,396.81197933591034,265.85359999444336,12066.266400004679,1617.2299478387276
1782827229,500,,Aggregated,93.900000,46.500000,320,340,360,370,480,730,1300,2000,5000,8800,12000,187207,88753,320,396.77145744657446,265.85359999444336,12066.266400004679,1618.1109360226915
1782827230,500,,Aggregated,96.100000,47.200000,320,340,360,370,480,730,1300,2000,5000,8800,12000,187315,88807,320,396.72028347169737,265.85359999444336,12066.266400004679,1617.802610575768
1782827231,500,,Aggregated,96.100000,48.200000,320,340,360,370,480,730,1300,2000,5000,8800,12000,187399,88856,320,396.67725756274564,265.85359999444336,12066.266400004679,1619.3128778702128
1782827232,500,,Aggregated,97.400000,48.000000,320,340,360,370,480,730,1300,2000,5000,8800,12000,187507,88903,320,396.62938679143167,265.85359999444336,12066.266400004679,1619.5565178899988
1782827233,500,,Aggregated,98.000000,49.300000,320,340,360,370,480,730,1300,2000,5000,8800,12000,187590,88938,320,396.59819856282786,265.85359999444336,12066.266400004679,1619.9927075003998
1782827234,500,,Aggregated,96.200000,48.300000,320,340,360,370,480,730,1300,2000,5000,8800,12000,187692,88994,320,396.54994555389123,265.85359999444336,12066.266400004679,1620.2676885535877
1782827235,500,,Aggregated,95.300000,46.500000,320,340,360,370,480,730,1300,2000,5000,8800,12000,187781,89035,320,396.5115664678585,265.85359999444336,12066.266400004679,1619.5699298651089
1782827236,500,,Aggregated,95.400000,47.100000,320,340,360,370,480,730,1300,2000,5000,8800,12000,187888,89091,320,396.4605647768939,265.85359999444336,12066.266400004679,1620.3504694285957
1782827237,500,,Aggregated,95.200000,46.800000,320,340,360,370,480,730,1300,2000,5000,8800,12000,187967,89138,320,396.42777091617705,265.85359999444336,12066.266400004679,1620.2610139013764
1782827238,500,,Aggregated,97.200000,48.200000,320,340,360,370,480,730,1300,2000,5000,8800,12000,188077,89196,320,396.42587869702874,265.85359999444336,12066.266400004679,1619.3937748900717
1782827239,500,,Aggregated,96.200000,48.000000,320,340,360,370,480,730,1300,2000,5000,8800,12000,188177,89247,320,396.4332057616023,265.85359999444336,12066.266400004679,1619.6872944089873
1782827240,500,,Aggregated,97.200000,49.300000,320,340,360,370,480,730,1300,2000,5000,8800,12000,188266,89296,320,396.4340831594707,265.85359999444336,12066.266400004679,1618.9866412416475
1782827241,500,,Aggregated,95.100000,47.700000,320,340,360,370,480,730,1300,2000,5000,8800,12000,188372,89353,320,396.429084157947,265.85359999444336,12066.266400004679,1618.694864417217
1782827242,500,,Aggregated,95.700000,49.600000,320,340,360,370,480,730,1300,2000,5000,8800,12000,188483,89396,320,396.38592539433637,265.85359999444336,12066.266400004679,1619.9966309958988
1782827243,500,,Aggregated,93.800000,47.800000,320,340,360,370,480,730,1300,2000,5000,8800,12000,188577,89444,320,396.3383636297145,265.85359999444336,12066.266400004679,1619.8012005705891
1782827244,500,,Aggregated,95.600000,49.200000,320,340,360,370,480,730,1300,2000,5000,8800,12000,188675,89493,320,396.2968868228475,265.85359999444336,12066.266400004679,1619.5723916788127
1782827245,500,,Aggregated,96.600000,49.500000,320,340,360,370,480,730,1300,2000,5000,8800,12000,188772,89535,320,396.25269847276473,265.85359999444336,12066.266400004679,1620.4446687008667
1782827246,500,,Aggregated,97.300000,49.700000,320,340,360,370,480,730,1300,2000,5000,8800,12000,188864,89582,320,396.2103479143759,265.85359999444336,12066.266400004679,1620.799564766181
1782827247,500,,Aggregated,99.400000,50.300000,320,340,360,370,480,730,1300,2000,5000,8800,12000,188956,89629,320,396.16927244067807,265.85359999444336,12066.266400004679,1621.156248015411
1782827248,500,,Aggregated,97.100000,48.500000,320,340,360,370,480,730,1300,2000,5000,8800,12000,189063,89681,320,396.12356076070296,265.85359999444336,12066.266400004679,1620.8594172312933
1782827249,500,,Aggregated,96.800000,48.500000,320,340,360,370,480,730,1300,2000,5000,8800,12000,189153,89729,320,396.0804700739656,265.85359999444336,12066.266400004679,1621.2271230168171
1782827250,500,,Aggregated,96.300000,47.700000,320,340,360,370,480,730,1300,2000,5000,8800,12000,189256,89780,320,396.038834045953,265.85359999444336,12066.266400004679,1622.0405535359514
1782827251,500,,Aggregated,98.300000,48.200000,320,340,360,370,480,730,1300,2000,5000,8800,12000,189361,89833,320,395.9960757209824,265.85359999444336,12066.266400004679,1622.2917443401757
1782827252,500,,Aggregated,96.400000,47.300000,320,340,360,370,480,730,1300,2000,5000,8800,12000,189444,89871,320,395.96199914539847,265.85359999444336,12066.266400004679,1621.6474736597622
1782827253,500,,Aggregated,99.300000,48.200000,320,340,360,370,480,730,1300,2000,5000,8800,12000,189546,89927,320,395.91619527555747,265.85359999444336,12066.266400004679,1622.4559579205047
1782827254,500,,Aggregated,97.600000,47.800000,320,340,360,370,480,730,1300,2000,5000,8800,12000,189630,89971,320,395.8966236434148,265.85359999444336,12066.266400004679,1621.8002267573697
1782827255,500,,Aggregated,96.800000,48.100000,320,340,360,370,480,730,1300,2000,5000,8800,12000,189745,90021,320,395.87611211204944,265.85359999444336,12066.266400004679,1621.4561859337532
1782827256,500,,Aggregated,95.900000,48.200000,320,340,360,370,480,730,1300,2000,5000,8800,12000,189849,90081,320,395.82790356546946,265.85359999444336,12066.266400004679,1621.1716838118716
1782827257,500,,Aggregated,94.400000,46.900000,320,340,360,370,480,730,1300,2000,5000,8800,12000,189936,90125,320,395.7890251884889,265.85359999444336,12066.266400004679,1621.0355382865807
1782827258,500,,Aggregated,97.800000,49.000000,320,340,360,370,480,730,1300,2000,4900,8800,12000,190033,90170,320,395.74603434772297,265.85359999444336,12066.266400004679,1621.8905242773624
1782827259,500,,Aggregated,98.300000,49.400000,320,340,360,370,480,730,1300,2000,4900,8800,12000,190124,90216,320,395.70346853738033,265.85359999444336,12066.266400004679,1621.7220550798427
1782827260,500,,Aggregated,96.500000,48.700000,320,340,360,370,480,730,1300,2000,4900,8800,12000,190217,90262,320,395.65951805149297,265.85359999444336,12066.266400004679,1621.5318399512137
1782827261,500,,Aggregated,95.800000,48.600000,320,340,360,370,480,730,1300,2000,4900,8800,12000,190315,90314,320,395.61070280640405,265.85359999444336,12066.266400004679,1621.303570396448
1782827262,500,,Aggregated,96.100000,48.000000,320,340,360,370,480,730,1300,2000,4900,8800,12000,190415,90363,320,395.5621374014692,265.85359999444336,12066.266400004679,1621.5991492266892
1782827263,500,,Aggregated,94.500000,47.900000,320,340,360,370,480,730,1300,2000,4900,8800,12000,190511,90414,320,395.51971848712515,265.85359999444336,12066.266400004679,1622.4516694574068
1782827264,500,,Aggregated,95.400000,48.100000,320,340,360,370,480,730,1300,2000,4900,8800,12000,190598,90458,320,395.48039790974036,265.85359999444336,12066.266400004679,1622.3099035666692
1782827265,500,,Aggregated,95.500000,48.100000,320,340,360,370,480,730,1300,2000,4900,8800,12000,190704,90503,320,395.43582156641037,265.85359999444336,12066.266400004679,1621.4895754677407
1782827266,500,,Aggregated,95.600000,48.200000,320,340,360,370,480,730,1300,2000,4900,8800,12000,190797,90547,320,395.3941234547754,265.85359999444336,12066.266400004679,1622.3754251901235
1782827267,500,,Aggregated,95.500000,48.000000,320,340,360,370,480,730,1300,2000,4900,8800,12000,190888,90598,320,395.35475754055153,265.85359999444336,12066.266400004679,1622.7310936255815
1782827268,500,,Aggregated,94.100000,47.100000,320,340,360,370,480,730,1300,2000,4900,8800,12000,190994,90638,320,395.3123355361991,265.85359999444336,12066.266400004679,1622.452438296491
1782827269,500,,Aggregated,93.500000,46.600000,320,340,360,370,480,730,1300,2000,4900,8800,12000,191102,90690,320,395.2690277406871,265.85359999444336,12066.266400004679,1621.6084813345753
1782827270,500,,Aggregated,94.400000,46.700000,320,340,360,370,480,730,1300,2000,4900,8800,12000,191190,90740,320,395.22829640828894,265.85359999444336,12066.266400004679,1620.9187195983054
1782827271,500,,Aggregated,96.500000,47.000000,320,340,360,370,480,730,1300,2000,4900,8800,12000,191296,90788,320,395.18028107017835,265.85359999444336,12066.266400004679,1620.635512504182
1782827272,500,,Aggregated,96.700000,47.100000,320,340,360,370,480,730,1300,2000,4900,8800,12000,191394,90840,320,395.14001363313815,265.85359999444336,12066.266400004679,1620.9432845334754
1782827273,500,,Aggregated,95.900000,47.000000,320,340,360,370,480,730,1300,2000,4900,8800,12000,191482,90883,320,395.1288646786687,265.85359999444336,12066.266400004679,1620.7964821758703
1782827274,500,,Aggregated,96.800000,46.700000,320,340,360,370,480,730,1300,2000,4900,8800,12000,191589,90940,320,395.11093286880174,265.85359999444336,12066.266400004679,1619.9684741817118
1782827275,500,,Aggregated,96.200000,47.000000,320,340,360,370,480,720,1300,2000,4900,8800,12000,191681,90985,320,395.0750936848244,265.85359999444336,12066.266400004679,1619.7870733145173
1782827276,500,,Aggregated,95.700000,45.900000,320,340,360,370,480,720,1300,2000,4900,8800,12000,191783,91029,320,395.02682393278224,265.85359999444336,12066.266400004679,1619.5487921244323
1782827277,500,,Aggregated,97.800000,47.800000,320,340,360,370,480,720,1300,2000,4900,8800,12000,191872,91075,320,394.99163602975324,265.85359999444336,12066.266400004679,1618.8582544613075
1782827278,500,,Aggregated,96.900000,47.700000,320,340,360,370,480,720,1300,2000,4900,8800,12000,191969,91126,320,394.9461925034813,265.85359999444336,12066.266400004679,1619.174450041413
1782827279,500,,Aggregated,98.000000,47.700000,320,340,360,370,480,720,1300,2000,4900,8800,12000,192065,91172,320,394.90613964439535,265.85359999444336,12066.266400004679,1618.4366854970974
1782827280,500,,Aggregated,97.700000,47.800000,320,340,360,370,480,720,1300,2000,4900,8800,12000,192168,91224,320,394.8603949044632,265.85359999444336,12066.266400004679,1618.182866033887
1782827281,500,,Aggregated,95.500000,47.700000,320,340,360,370,480,720,1300,2000,4900,8800,12000,192263,91273,320,394.8225931234863,265.85359999444336,12066.266400004679,1617.454195555047
1782827282,500,,Aggregated,96.700000,48.400000,320,340,360,370,480,720,1300,1900,4900,8800,12000,192347,91317,320,394.78949546601115,265.85359999444336,12066.266400004679,1616.804935871108
1782827283,500,,Aggregated,97.300000,48.000000,320,340,360,370,480,720,1300,1900,4900,8800,12000,192453,91374,320,394.74453164929014,265.85359999444336,12066.266400004679,1616.5151231729305
1782827284,500,,Aggregated,95.700000,47.900000,320,340,360,370,480,720,1300,1900,4900,8800,12000,192553,91419,320,394.70183440611595,265.85359999444336,12066.266400004679,1617.8805367872742
1782827285,500,,Aggregated,95.900000,47.900000,320,340,360,370,480,720,1300,1900,4900,8800,12000,192651,91471,320,394.6608241296478,265.85359999444336,12066.266400004679,1618.190318243871
1782827286,500,,Aggregated,97.700000,49.500000,320,340,360,370,480,720,1300,1900,4900,8800,12000,192744,91519,320,394.6204374512346,265.85359999444336,12066.266400004679,1618.5341437346947
1782827287,500,,Aggregated,96.500000,48.000000,320,340,360,370,480,720,1300,1900,4900,8800,12000,192834,91560,320,394.5836226656126,265.85359999444336,12066.266400004679,1617.8509754503873
1782827288,500,,Aggregated,96.400000,48.400000,320,340,360,370,480,720,1300,1900,4900,8800,12000,192935,91609,320,394.55268456682694,265.85359999444336,12066.266400004679,1617.0732422836707
1782827289,500,,Aggregated,95.700000,48.800000,320,340,360,370,480,720,1300,1900,4900,8800,12000,193017,91653,320,394.5423912546603,265.85359999444336,12066.266400004679,1616.9724324800407
1782827290,500,,Aggregated,95.800000,48.000000,320,340,360,370,480,720,1300,1900,4900,8800,12000,193122,91710,320,394.5324033854291,265.85359999444336,12066.266400004679,1617.2183749132673
1782827292,500,,Aggregated,93.900000,47.500000,320,340,360,370,480,720,1300,1900,4900,8800,12000,193236,91765,320,394.48669207756757,265.85359999444336,12066.266400004679,1618.4634902399139
1782827293,500,,Aggregated,94.900000,48.500000,320,340,360,370,480,720,1300,1900,4900,8800,12000,193337,91818,320,394.4441166145171,265.85359999444336,12066.266400004679,1619.2726793112545
1782827294,500,,Aggregated,94.900000,48.500000,320,340,360,370,480,720,1300,1900,4900,8800,12000,193433,91871,320,394.4070148046139,265.85359999444336,12066.266400004679,1618.5307160618922
1782827295,500,,Aggregated,98.000000,49.800000,320,340,360,370,480,720,1300,1900,4900,8800,12000,193529,91922,320,394.36426880468,265.85359999444336,12066.266400004679,1619.9000666566767
1782827296,500,,Aggregated,97.400000,49.300000,320,340,350,370,480,720,1300,1900,4900,8800,12000,193626,91969,320,394.32352446882595,265.85359999444336,12066.266400004679,1619.1665117287966
1782827297,500,,Aggregated,96.600000,49.800000,320,340,350,370,480,720,1300,1900,4900,8800,12000,193717,92011,320,394.28583086203525,265.85359999444336,12066.266400004679,1620.0516578307531
1782827298,500,,Aggregated,96.900000,49.300000,320,340,350,370,480,720,1300,1900,4900,8800,12000,193804,92061,320,394.24841497337997,265.85359999444336,12066.266400004679,1620.4382314090524
1782827299,500,,Aggregated,96.400000,48.700000,320,340,350,370,480,720,1300,1900,4900,8800,12000,193899,92107,320,394.2072748147278,265.85359999444336,12066.266400004679,1620.2367057076106
1782827300,500,,Aggregated,96.500000,49.800000,320,340,350,370,480,720,1300,1900,4900,8800,12000,194015,92156,320,394.16194880396273,265.85359999444336,12066.266400004679,1619.8817926448985
1782827301,500,,Aggregated,95.800000,49.300000,320,340,350,370,480,720,1300,1900,4900,8800,12000,194115,92206,320,394.11894676300557,265.85359999444336,12066.266400004679,1620.6957937305206
1782827302,500,,Aggregated,99.100000,50.000000,320,340,350,370,480,720,1300,1900,4900,8800,12000,194208,92251,320,394.0819994253629,265.85359999444336,12066.266400004679,1620.508156203658
1782827303,500,,Aggregated,98.600000,49.000000,320,340,350,370,480,720,1300,1900,4900,8800,12000,194318,92317,320,394.03452219969785,265.85359999444336,12066.266400004679,1620.1765971243015
1782827304,500,,Aggregated,96.200000,48.000000,320,340,350,370,480,720,1300,1900,4900,8800,12000,194399,92353,320,394.0043999346754,265.85359999444336,12066.266400004679,1619.5642467296643
1782827305,500,,Aggregated,97.200000,49.000000,320,340,350,370,480,720,1300,1900,4900,8800,12000,194506,92409,320,393.9602091704159,265.85359999444336,12066.266400004679,1620.325187911941
1782827306,500,,Aggregated,95.400000,47.600000,320,340,350,370,480,720,1300,1900,4900,8800,12000,194592,92461,320,393.9203159795928,265.85359999444336,12066.266400004679,1620.7122697747081
1782827307,500,,Aggregated,96.800000,48.400000,320,340,350,370,480,720,1300,1900,4900,8800,12000,194690,92513,320,393.9001235759459,265.85359999444336,12066.266400004679,1619.9593199445271
1782827308,500,,Aggregated,95.800000,48.700000,320,340,350,370,480,720,1300,1900,4900,8800,12000,194794,92565,320,393.8897385746015,265.85359999444336,12066.266400004679,1620.219821965769
1782827309,500,,Aggregated,95.700000,49.000000,320,340,350,370,480,720,1300,1900,4900,8800,12000,194884,92613,320,393.856213372575,265.85359999444336,12066.266400004679,1620.0541706861518
1782827310,500,,Aggregated,98.200000,50.000000,320,340,350,370,480,720,1300,1900,4900,8800,12000,194979,92662,320,393.82167412080736,265.85359999444336,12066.266400004679,1620.8907318224014
1782827311,500,,Aggregated,98.000000,50.400000,320,340,350,370,480,720,1300,1900,4900,8800,12000,195072,92711,320,393.78076525796035,265.85359999444336,12066.266400004679,1621.2305046341864
1782827312,500,,Aggregated,95.800000,50.400000,320,340,350,370,480,720,1300,1900,4900,8800,12000,195184,92770,320,393.73868835304563,265.85359999444336,12066.266400004679,1621.4172575620953
1782827313,500,,Aggregated,94.700000,50.300000,320,340,350,370,480,720,1300,1900,4900,8800,12000,195277,92816,320,393.6980145219399,265.85359999444336,12066.266400004679,1621.238020862672
1782827314,500,,Aggregated,96.700000,51.300000,320,340,350,370,480,720,1300,1900,4900,8800,12000,195378,92866,320,393.66146411930146,265.85359999444336,12066.266400004679,1620.9971081698043
1782827315,500,,Aggregated,95.800000,50.000000,320,340,350,370,480,720,1300,1900,4900,8800,12000,195476,92911,320,393.62375677168023,265.85359999444336,12066.266400004679,1620.778842415437
1782827316,500,,Aggregated,97.200000,51.300000,320,340,350,370,480,720,1300,1900,4900,8800,12000,195570,92951,320,393.58722464795693,265.85359999444336,12066.266400004679,1621.6377409623153
1782827317,500,,Aggregated,96.900000,50.100000,320,340,350,370,480,720,1300,1900,4900,8800,12000,195676,93012,320,393.54976304861543,265.85359999444336,12066.266400004679,1620.8296571884134
1782827318,500,,Aggregated,97.000000,49.100000,320,340,350,370,480,720,1300,1900,4900,8800,12000,195767,93055,320,393.5147563424933,265.85359999444336,12066.266400004679,1621.185945537297
1782827319,500,,Aggregated,98.200000,49.900000,320,340,350,370,480,720,1300,1900,4900,8800,12000,195870,93103,320,393.4719941338682,265.85359999444336,12066.266400004679,1621.9709194874151
1782827320,500,,Aggregated,96.000000,48.100000,320,340,350,370,480,720,1300,1900,4900,8800,12000,195957,93146,320,393.4361757880595,265.85359999444336,12066.266400004679,1622.3544093857327
1782827321,500,,Aggregated,97.400000,48.400000,320,340,350,370,480,720,1300,1900,4900,8800,12000,196054,93181,320,393.3965469324816,265.85359999444336,12066.266400004679,1623.7143338059923
1782827322,500,,Aggregated,96.900000,47.700000,320,340,350,370,480,720,1300,1900,4900,8800,12000,196155,93246,320,393.35288141419215,265.85359999444336,12066.266400004679,1622.9315643241314
1782827323,500,,Aggregated,97.300000,46.800000,320,340,350,370,480,720,1300,1900,4900,8800,12000,196249,93297,320,393.3162094349573,265.85359999444336,12066.266400004679,1623.7742510789865
1782827324,500,,Aggregated,95.900000,47.400000,320,340,350,370,480,720,1300,1900,4900,8800,12000,196343,93331,320,393.29676431245827,265.85359999444336,12066.266400004679,1624.113999480501
1782827325,500,,Aggregated,96.500000,47.200000,320,340,350,370,480,720,1300,1900,4900,8800,12000,196438,93381,320,393.30033923172175,265.85359999444336,12066.266400004679,1623.9146040990033
1782827326,500,,Aggregated,96.600000,46.700000,320,340,350,370,480,720,1300,1900,4900,8800,12000,196557,93443,320,393.2597351480792,265.85359999444336,12066.266400004679,1624.0460833244301
1782827327,500,,Aggregated,93.900000,45.800000,320,340,350,370,480,720,1300,1900,4900,8800,12000,196646,93484,320,393.224674339681,265.85359999444336,12066.266400004679,1623.894399072445
1782827328,500,,Aggregated,96.800000,47.700000,320,340,350,370,480,720,1300,1900,4900,8800,12000,196736,93533,320,393.1869402712312,265.85359999444336,12066.266400004679,1624.2507675260247
1782827329,500,,Aggregated,96.800000,47.500000,320,340,350,370,480,720,1300,1900,4900,8800,12000,196830,93569,320,393.1548898033885,265.85359999444336,12066.266400004679,1624.5845043946554
1782827330,500,,Aggregated,96.900000,48.400000,320,340,350,370,480,720,1300,1900,4900,8800,12000,196925,93628,320,393.1165195368844,265.85359999444336,12066.266400004679,1624.380886124159
1782827331,500,,Aggregated,95.500000,46.400000,320,340,350,370,480,720,1300,1900,4900,8800,12000,197035,93687,320,393.07494451646147,265.85359999444336,12066.266400004679,1624.061953460045
1782827332,500,,Aggregated,96.000000,47.700000,320,340,350,370,480,720,1300,1900,4900,8800,12000,197130,93733,320,393.0414900857351,265.85359999444336,12066.266400004679,1624.3773144625375
1782827333,500,,Aggregated,96.700000,49.400000,320,340,350,370,480,720,1300,1900,4900,8800,12000,197230,93782,320,393.0004668519037,265.85359999444336,12066.266400004679,1623.6315672058004
1782827334,500,,Aggregated,97.800000,48.600000,320,340,350,370,480,720,1300,1900,4900,8800,12000,197322,93824,320,392.966298466471,265.85359999444336,12066.266400004679,1623.4682093228328
1782827335,500,,Aggregated,96.800000,48.700000,320,340,350,370,480,720,1300,1900,4900,8800,12000,197417,93864,320,392.9273415480991,265.85359999444336,12066.266400004679,1624.3075419036861
1782827336,500,,Aggregated,96.600000,48.500000,320,340,350,370,480,720,1300,1900,4900,8800,12000,197512,93907,320,392.8936830314165,265.85359999444336,12066.266400004679,1624.1114463931306
1782827337,500,,Aggregated,97.300000,48.600000,320,340,350,370,470,720,1300,1900,4900,8800,12000,197613,93960,320,392.8584982531573,265.85359999444336,12066.266400004679,1623.870636041151
1782827338,500,,Aggregated,95.300000,46.900000,320,340,350,370,470,720,1300,1900,4900,8800,12000,197707,94006,320,392.82401143915564,265.85359999444336,12066.266400004679,1623.1625890838463
1782827339,500,,Aggregated,95.300000,47.000000,320,340,350,370,470,720,1300,1900,4900,8800,12000,197817,94064,320,392.78518380372327,265.85359999444336,12066.266400004679,1622.8473387019317
1782827340,500,,Aggregated,96.200000,46.400000,320,340,350,370,470,720,1300,1900,4900,8800,12000,197907,94095,320,392.7565484722678,265.85359999444336,12066.266400004679,1622.1831314708425
1782827341,500,,Aggregated,97.200000,48.700000,320,340,350,370,470,710,1300,1900,4900,8800,12000,198003,94140,320,392.7471733100057,265.85359999444336,12066.266400004679,1623.011868507043
1782827342,500,,Aggregated,98.000000,47.400000,320,340,350,370,470,710,1300,1900,4900,8800,12000,198104,94199,320,392.73095629417423,265.85359999444336,12066.266400004679,1622.242443363082
1782827343,500,,Aggregated,96.600000,45.700000,320,340,350,370,470,710,1300,1900,4900,8800,12000,198199,94237,320,392.695519047024,265.85359999444336,12066.266400004679,1623.0854444270658
1782827344,500,,Aggregated,96.600000,46.000000,320,340,350,370,470,710,1300,1900,4900,8800,12000,198299,94295,320,392.65996325801484,265.85359999444336,12066.266400004679,1623.8764996293476
1782827345,500,,Aggregated,95.700000,45.200000,320,340,350,370,470,710,1300,1900,4900,8800,12000,198390,94333,320,392.625933173049,265.85359999444336,12066.266400004679,1624.7414133776904
1782827346,500,,Aggregated,95.600000,45.000000,320,340,350,370,470,710,1300,1900,4900,8800,12000,198493,94379,320,392.58975363313164,265.85359999444336,12066.266400004679,1624.4828129959242
1782827347,500,,Aggregated,97.000000,46.900000,320,340,350,370,470,710,1300,1900,4900,8800,12000,198596,94427,320,392.5510250579129,265.85359999444336,12066.266400004679,1624.7475679268464
1782827348,500,,Aggregated,97.300000,46.900000,320,340,350,370,470,710,1300,1900,4900,8800,12000,198695,94477,320,392.51617300536645,265.85359999444336,12066.266400004679,1626.062155565062
1782827349,500,,Aggregated,97.600000,46.400000,320,340,350,370,470,710,1300,1900,4900,8800,12000,198790,94527,320,392.48103748629876,265.85359999444336,12066.266400004679,1626.8824890588057
1782827350,500,,Aggregated,97.000000,46.500000,320,340,350,370,470,710,1300,1900,4900,8800,12000,198891,94581,320,392.4407457677889,265.85359999444336,12066.266400004679,1626.1206540265773
1782827351,500,,Aggregated,97.100000,45.800000,320,340,350,370,470,710,1300,1900,4900,8800,12000,198999,94635,320,392.39963070166823,265.85359999444336,12066.266400004679,1626.3464238513761
1782827352,500,,Aggregated,96.100000,46.300000,320,340,350,370,470,710,1300,1900,4900,8800,12000,199102,94684,320,392.36092876666913,265.85359999444336,12066.266400004679,1627.121756687527
1782827353,500,,Aggregated,98.500000,48.600000,320,340,350,370,470,710,1300,1900,4900,8800,12000,199187,94725,320,392.32786997595906,265.85359999444336,12066.266400004679,1627.0009940407758
1782827354,500,,Aggregated,98.200000,48.200000,320,340,350,370,470,710,1300,1900,4900,8800,12000,199277,94767,320,392.30065123170937,265.85359999444336,12066.266400004679,1627.863366068337
1782827355,500,,Aggregated,98.700000,48.600000,320,340,350,370,470,710,1300,1900,4900,8800,12000,199367,94817,320,392.2622492614193,265.85359999444336,12066.266400004679,1628.2109777445614
1782827356,500,,Aggregated,98.300000,48.700000,320,340,350,370,470,710,1300,1900,4900,8800,12000,199470,94870,320,392.2232096109764,265.85359999444336,12066.266400004679,1627.4409084072793
1782827357,500,,Aggregated,97.800000,47.100000,320,340,350,370,470,710,1300,1900,4900,8800,12000,199576,94923,320,392.18421090562714,265.85359999444336,12066.266400004679,1628.1833687417325
1782827358,500,,Aggregated,97.400000,48.600000,320,340,350,370,470,710,1300,1900,4900,8800,12000,199667,94973,320,392.14935415367256,265.85359999444336,12066.266400004679,1628.017048385562
1782827359,500,,Aggregated,97.300000,49.100000,320,340,350,370,470,710,1300,1900,4900,8800,12000,199755,95010,320,392.11860962479733,265.85359999444336,12066.266400004679,1628.892788666116
1782827360,500,,Aggregated,97.100000,48.900000,320,340,350,370,470,710,1300,1900,4900,8800,12000,199842,95055,320,392.1159729386279,265.85359999444336,12066.266400004679,1629.768211887391
1782827361,500,,Aggregated,96.900000,49.300000,320,340,350,370,470,710,1300,1900,4900,8800,12000,199970,95113,320,392.10080706356604,265.85359999444336,12066.266400004679,1629.328669300395
1782827362,500,,Aggregated,95.300000,47.800000,320,340,350,370,470,710,1300,1900,4900,8600,12000,200054,95151,320,392.07482886421326,265.85359999444336,12066.266400004679,1629.72304477791
1782827363,500,,Aggregated,95.000000,46.900000,320,340,350,370,470,710,1300,1900,4900,8600,12000,200150,95200,320,392.03542926905476,265.85359999444336,12066.266400004679,1629.520684486635
1782827364,500,,Aggregated,95.400000,46.700000,320,340,350,370,470,710,1300,1900,4900,8600,12000,200249,95247,320,392.0004656647539,265.85359999444336,12066.266400004679,1629.8032899040695
1782827365,500,,Aggregated,94.900000,46.600000,320,340,350,370,470,710,1300,1900,4900,8600,12000,200344,95296,320,391.9670800393388,265.85359999444336,12066.266400004679,1629.607315417482
1782827366,500,,Aggregated,96.300000,47.000000,320,340,350,370,470,710,1300,1900,4900,8600,12000,200432,95336,320,391.93703906113427,265.85359999444336,12066.266400004679,1630.4824978047418
1782827367,500,,Aggregated,96.600000,47.800000,320,340,350,370,470,710,1300,1900,4900,8600,12000,200545,95390,320,391.893058715507,265.85359999444336,12066.266400004679,1630.6610685880974
1782827368,500,,Aggregated,96.300000,47.000000,320,340,350,370,470,710,1300,1900,4900,8600,12000,200643,95439,320,391.8527387868076,265.85359999444336,12066.266400004679,1629.932312614943
1782827369,500,,Aggregated,95.200000,45.600000,320,340,350,370,470,710,1300,1900,4900,8600,12000,200752,95501,320,391.8111605488435,265.85359999444336,12066.266400004679,1630.1291095480992
1782827370,500,,Aggregated,95.600000,46.400000,320,340,350,370,470,710,1300,1900,4900,8600,12000,200842,95556,320,391.77619766931923,265.85359999444336,12066.266400004679,1630.9750102070284
1782827371,500,,Aggregated,96.600000,46.800000,320,340,350,370,470,710,1300,1900,4900,8600,12000,200930,95593,320,391.7456938973841,265.85359999444336,12066.266400004679,1630.3360324491116
1782827372,500,,Aggregated,99.300000,49.300000,320,340,350,370,470,710,1300,1900,4900,8600,12000,201032,95648,320,391.7136601625677,265.85359999444336,12066.266400004679,1630.592005252895
1782827373,500,,Aggregated,96.900000,49.000000,320,340,350,370,470,710,1300,1900,4900,8600,12000,201133,95693,320,391.67746612590327,265.85359999444336,12066.266400004679,1632.389826632129
1782827374,500,,Aggregated,95.900000,48.200000,320,340,350,370,470,710,1300,1900,4900,8600,12000,201224,95739,320,391.64430324315884,265.85359999444336,12066.266400004679,1633.2313590824156
1782827375,500,,Aggregated,97.900000,49.900000,320,340,350,370,470,710,1300,1900,4900,8600,12000,201324,95789,320,391.6102515547144,265.85359999444336,12066.266400004679,1632.4867725656156
1782827376,500,,Aggregated,96.500000,49.000000,320,340,350,370,470,710,1300,1900,4900,8600,12000,201423,95832,320,391.5747081336361,265.85359999444336,12066.266400004679,1632.7725483187123
1782827377,500,,Aggregated,96.400000,49.100000,320,340,350,370,470,710,1300,1900,4900,8600,12000,201513,95873,320,391.5379034747205,265.85359999444336,12066.266400004679,1632.1100177159785
1782827378,500,,Aggregated,97.600000,48.900000,320,340,350,370,470,710,1300,1900,4900,8600,12000,201610,95920,320,391.4991041987077,265.85359999444336,12066.266400004679,1631.9038688557116
1782827379,500,,Aggregated,97.800000,48.900000,320,340,350,370,470,710,1300,1900,4900,8600,12000,201713,95967,320,391.46138311512664,265.85359999444336,12066.266400004679,1632.6634971469364
1782827380,500,,Aggregated,96.000000,47.600000,320,340,350,370,470,710,1300,1900,4900,8600,12000,201818,96013,320,391.42447554678733,265.85359999444336,12066.266400004679,1632.9045972113488
1782827381,500,,Aggregated,95.700000,47.700000,320,340,350,370,470,710,1300,1900,4900,8600,12000,201919,96053,320,391.3841409451396,265.85359999444336,12066.266400004679,1633.6833779882031
1782827382,500,,Aggregated,96.300000,46.400000,320,340,350,370,470,710,1300,1900,4900,8600,12000,202020,96101,320,391.34756003861776,265.85359999444336,12066.266400004679,1632.9309672309673
1782827383,500,,Aggregated,97.700000,45.700000,320,340,350,370,470,710,1300,1900,4900,8600,12000,202112,96150,320,391.31289060620645,265.85359999444336,12066.266400004679,1632.7496487096264
1782827384,500,,Aggregated,97.900000,45.600000,320,340,350,370,470,710,1300,1900,4900,8600,12000,202201,96196,320,391.27781214732676,265.85359999444336,12066.266400004679,1633.6016389632098
1782827385,500,,Aggregated,97.100000,44.500000,320,340,350,370,470,710,1300,1900,4900,8600,12000,202286,96239,320,391.24625731390995,265.85359999444336,12066.266400004679,1632.9777196642378
1782827386,500,,Aggregated,97.600000,45.400000,320,340,350,370,470,710,1300,1900,4900,8600,12000,202385,96290,320,391.2078199960551,265.7838000013726,12066.266400004679,1633.2480668033697
1782827387,500,,Aggregated,96.300000,44.900000,320,340,350,370,470,710,1300,1900,4900,8600,12000,202487,96337,320,391.1730450715432,265.7838000013726,12066.266400004679,1633.002469294325
1782827388,500,,Aggregated,95.500000,45.200000,320,340,350,370,470,710,1300,1900,4900,8600,12000,202602,96399,320,391.1295091568774,265.7838000013726,12066.266400004679,1633.1570468208606
1782827389,500,,Aggregated,95.000000,45.300000,320,340,350,370,470,710,1300,1900,4900,8600,12000,202692,96453,320,391.09772674847414,265.7838000013726,12066.266400004679,1632.987670949026
1782827390,500,,Aggregated,97.500000,46.400000,320,340,350,370,470,710,1300,1900,4900,8600,12000,202786,96507,320,391.07075952680015,265.7838000013726,12066.266400004679,1633.2885751481858
1782827391,500,,Aggregated,98.500000,47.500000,320,340,350,370,470,710,1300,1900,4900,8600,12000,202887,96566,320,391.03518184261065,265.7838000013726,12066.266400004679,1633.0386914883654
1782827392,500,,Aggregated,96.700000,48.100000,320,340,350,370,470,710,1300,1900,4900,8600,12000,202969,96607,320,391.0046614029813,265.7838000013726,12066.266400004679,1632.9421537279093
1782827393,500,,Aggregated,96.100000,49.200000,320,340,350,370,470,710,1300,1900,4900,8600,12000,203072,96664,320,390.96649183344675,265.7838000013726,12066.266400004679,1633.1818714544595
1782827394,500,,Aggregated,95.800000,50.900000,320,340,350,370,470,710,1300,1900,4900,8600,12000,203167,96709,320,390.9321695029298,265.7838000013726,12066.266400004679,1632.9895652345115
1782827395,500,,Aggregated,94.200000,49.900000,320,340,350,370,470,710,1300,1900,4900,8600,12000,203258,96755,320,390.9152799486449,265.7838000013726,12066.266400004679,1632.3179358254042
1782827396,500,,Aggregated,95.000000,50.800000,320,340,350,370,470,710,1300,1900,4900,8600,12000,203360,96811,320,390.9019908654683,265.7838000013726,12066.266400004679,1633.5663945712038
1782827397,500,,Aggregated,96.100000,50.700000,320,340,350,370,470,710,1300,1900,4900,8600,12000,203469,96864,320,390.86600145280966,265.7838000013726,12066.266400004679,1634.267008733517
1782827398,500,,Aggregated,96.100000,50.900000,320,340,350,370,470,710,1300,1900,4900,8600,12000,203554,96909,320,390.84005031638645,265.7838000013726,12066.266400004679,1634.1399726853808
1782827399,500,,Aggregated,97.000000,52.300000,320,340,350,370,470,710,1300,1900,4900,8600,12000,203655,96963,320,390.8052650050412,265.7838000013726,12066.266400004679,1633.8996390955292
1782827400,500,,Aggregated,96.500000,52.000000,320,340,350,370,470,710,1300,1900,4900,8600,12000,203756,97007,320,390.7728874619721,265.7838000013726,12066.266400004679,1634.161968236518
1782827401,500,,Aggregated,94.000000,50.100000,320,340,350,370,470,710,1300,1900,4900,8600,12000,203854,97059,320,390.73404578866064,265.7838000013726,12066.266400004679,1635.444470061907
1782827402,500,,Aggregated,95.100000,50.300000,320,340,350,370,470,710,1300,1900,4900,8600,12000,203940,97102,320,390.70515829068177,265.7838000013726,12066.266400004679,1635.310223595175
1782827403,500,,Aggregated,95.700000,49.400000,320,340,350,370,470,710,1300,1900,4900,8600,12000,204027,97147,320,390.6767001426361,265.7838000013726,12066.266400004679,1635.6653335097806
1782827404,500,,Aggregated,96.100000,48.900000,320,340,350,370,470,710,1300,1900,4900,8600,12000,204124,97207,320,390.63778138534235,265.7838000013726,12066.266400004679,1634.9503341106386
1782827405,500,,Aggregated,96.000000,49.000000,320,340,350,370,470,710,1300,1900,4900,8600,12000,204221,97260,320,390.59959946480313,265.7838000013726,12066.266400004679,1634.7420637446687
1782827406,500,,Aggregated,94.500000,47.700000,320,340,350,370,470,710,1300,1900,4900,8600,12000,204328,97316,320,390.5651965555458,265.7838000013726,12066.266400004679,1633.95725010767
1782827407,500,,Aggregated,95.000000,49.600000,320,340,350,370,470,710,1300,1900,4900,8600,12000,204424,97366,320,390.5299986665046,265.7838000013726,12066.266400004679,1633.7560462567997
1782827408,500,,Aggregated,95.200000,49.600000,320,340,350,370,470,710,1300,1900,4900,8600,12000,204534,97415,320,390.49484574985837,265.7838000013726,12066.266400004679,1632.9550930407659
1782827410,500,,Aggregated,95.600000,49.700000,320,340,350,370,470,710,1300,1900,4900,8600,12000,204634,97463,320,390.463811700898,265.7838000013726,12066.266400004679,1633.2147981273883
1782827411,500,,Aggregated,97.200000,50.200000,320,340,350,370,470,710,1300,1900,4900,8600,12000,204715,97507,320,390.43413550058153,265.7838000013726,12066.266400004679,1633.6123488752655
1782827412,500,,Aggregated,97.100000,49.600000,320,340,350,370,470,710,1300,1900,4900,8600,12000,204816,97554,320,390.4031876347626,265.7838000013726,12066.266400004679,1632.880356026873
1782827413,500,,Aggregated,95.300000,49.600000,320,340,350,370,470,710,1300,1900,4900,8600,12000,204917,97604,320,390.36358445908087,265.7838000013726,12066.266400004679,1632.6515369637464
1782827414,500,,Aggregated,95.300000,49.200000,320,340,350,370,470,710,1300,1900,4900,8600,12000,205021,97647,320,390.32621123983176,265.7838000013726,12066.266400004679,1633.404334190156
1782827415,500,,Aggregated,97.100000,49.800000,320,340,350,370,470,710,1300,1900,4900,8600,12000,205108,97686,320,390.29713545011174,265.7838000013726,12066.266400004679,1632.7772734364335
1782827416,500,,Aggregated,98.800000,49.700000,320,340,350,370,470,710,1300,1900,4900,8600,12000,205216,97744,320,390.2647589651952,265.7838000013726,12066.266400004679,1633.478642016217
1782827417,500,,Aggregated,97.700000,47.500000,320,340,350,370,470,710,1300,1900,4900,8600,12000,205306,97793,320,390.2315396262238,265.7838000013726,12066.266400004679,1632.8326936377894
1782827418,500,,Aggregated,98.100000,47.900000,320,340,350,370,470,710,1300,1900,4900,8600,12000,205388,97838,320,390.20285006427605,265.7838000013726,12066.266400004679,1632.2347459442617
1782827419,500,,Aggregated,97.100000,47.000000,320,340,350,370,470,710,1300,1900,4900,8600,12000,205485,97883,320,390.1716267172862,265.7838000013726,12066.266400004679,1632.035603572037
1782827420,500,,Aggregated,96.000000,46.800000,320,340,350,370,470,710,1300,1900,4900,8600,12000,205601,97927,320,390.134322526649,265.7838000013726,12066.266400004679,1632.1918424521282
1782827421,500,,Aggregated,94.700000,46.500000,320,340,350,370,470,710,1300,1900,4900,8600,12000,205705,97976,320,390.0997250159287,265.7838000013726,12066.266400004679,1631.4435818283464
1782827422,500,,Aggregated,95.600000,45.900000,320,340,350,370,470,710,1300,1900,4900,8600,12000,205800,98023,320,390.0691394144878,265.7838000013726,12066.266400004679,1632.2460155490767
1782827423,500,,Aggregated,97.600000,46.400000,320,340,350,370,470,710,1300,1900,4900,8600,12000,205893,98070,320,390.033989776736,265.7838000013726,12066.266400004679,1632.0647423661806
1782827424,500,,Aggregated,97.600000,46.300000,320,340,350,370,470,710,1300,1900,4900,8600,12000,205971,98114,320,390.0123430157714,265.7838000013726,12066.266400004679,1632.9808710935035
1782827425,500,,Aggregated,96.700000,46.100000,320,340,350,370,470,710,1300,1900,4900,8600,12000,206074,98162,320,389.97866817163487,265.7838000013726,12066.266400004679,1633.2258460553005
1782827426,500,,Aggregated,94.500000,46.200000,320,340,350,370,470,710,1300,1900,4900,8600,12000,206176,98210,320,389.94160551471316,265.7838000013726,12066.266400004679,1632.987103251591
1782827427,500,,Aggregated,95.600000,46.800000,320,340,350,370,470,710,1300,1900,4900,8600,12000,206285,98264,320,389.90304929927765,265.7838000013726,12066.266400004679,1632.1993261749521
1782827428,500,,Aggregated,95.000000,46.000000,320,340,350,370,470,710,1300,1900,4900,8600,12000,206369,98308,320,389.8731485702862,265.7838000013726,12066.266400004679,1632.08491585461
1782827429,500,,Aggregated,96.800000,46.800000,320,340,350,370,470,710,1300,1900,4900,8600,12000,206446,98345,320,389.85003820757646,265.7838000013726,12066.266400004679,1632.0142361682958
1782827430,500,,Aggregated,96.800000,46.200000,320,340,350,370,470,710,1300,1900,4900,8600,12000,206538,98393,320,389.82180982531685,265.7838000013726,12066.266400004679,1632.8232964393962
1782827431,500,,Aggregated,95.000000,46.100000,320,340,350,370,470,710,1300,1900,4900,8600,12000,206672,98453,320,389.7841787653924,265.7838000013726,12066.266400004679,1632.8553650228382
1782827432,500,,Aggregated,93.100000,46.200000,320,340,350,370,470,710,1300,1900,4900,8600,12000,206762,98496,320,389.74846045212,265.7838000013726,12066.266400004679,1632.703272361459
1782827433,500,,Aggregated,95.800000,47.200000,320,340,350,370,470,710,1300,1900,4900,8600,12000,206864,98543,320,389.7137624149256,265.7838000013726,12066.266400004679,1632.9563916389511
1782827434,500,,Aggregated,96.000000,47.000000,320,340,350,370,470,710,1300,1900,4900,8600,12000,206958,98591,320,389.68267348544697,265.7838000013726,12066.266400004679,1633.2680253964572
1782827435,500,,Aggregated,96.700000,47.100000,320,340,350,370,470,700,1300,1900,4800,8600,12000,207047,98630,320,389.6545072283163,265.7838000013726,12066.266400004679,1633.1226050123885
1782827436,500,,Aggregated,97.400000,47.300000,320,340,350,370,470,700,1300,1900,4800,8600,12000,207135,98668,320,389.6480251130964,265.7838000013726,12066.266400004679,1632.9827890023414
1782827437,500,,Aggregated,96.700000,47.000000,320,340,350,370,470,700,1300,1900,4800,8600,12000,207245,98729,320,389.64342323578927,265.7838000013726,12066.266400004679,1633.1651185794592
1782827438,500,,Aggregated,95.400000,45.900000,320,340,350,370,470,700,1300,1900,4800,8600,12000,207359,98775,320,389.60337106853876,265.7838000013726,12066.266400004679,1633.3321871729706
1782827439,500,,Aggregated,95.900000,46.500000,320,340,350,370,470,700,1300,1900,4800,8600,12000,207448,98820,320,389.5769624508365,265.7838000013726,12066.266400004679,1633.6752101731518
1782827440,500,,Aggregated,98.200000,47.100000,320,340,350,370,470,700,1300,1900,4800,8600,12000,207536,98870,320,389.5482242382098,265.7838000013726,12066.266400004679,1633.0365671497957
1782827441,500,,Aggregated,99.600000,46.900000,320,340,350,370,470,700,1300,1900,4800,8600,12000,207645,98927,320,389.5085801271453,265.7838000013726,12066.266400004679,1633.2420236461269
1782827442,500,,Aggregated,98.800000,47.200000,320,340,350,370,470,700,1300,1900,4800,8600,12000,207732,98976,320,389.4783688642149,265.7838000013726,12066.266400004679,1633.588022066894
1782827443,500,,Aggregated,97.100000,47.200000,320,340,350,370,470,700,1300,1900,4800,8600,12000,207812,99020,320,389.45241398283554,265.7838000013726,12066.266400004679,1633.5000625565415
1782827444,500,,Aggregated,95.600000,47.300000,320,340,350,370,470,700,1300,1900,4800,8600,12000,207926,99077,320,389.4149200917684,265.7838000013726,12066.266400004679,1633.1713109471639
1782827445,500,,Aggregated,94.000000,47.400000,320,340,350,370,470,700,1300,1900,4800,8600,12000,208045,99132,320,389.37532386166936,265.7838000013726,12066.266400004679,1634.2761133408637
1782827446,500,,Aggregated,95.300000,48.100000,320,340,350,370,470,700,1300,1900,4800,8600,12000,208128,99172,320,389.35006552074213,265.7838000013726,12066.266400004679,1634.1661237315498
1782827447,500,,Aggregated,97.700000,48.900000,320,340,350,370,470,700,1300,1900,4800,8600,12000,208218,99217,320,389.323498369022,265.7838000013726,12066.266400004679,1634.0129479679952
1782827448,500,,Aggregated,99.800000,50.500000,320,340,350,370,470,700,1300,1900,4800,8600,12000,208314,99270,320,389.293922938933,265.7838000013726,12066.266400004679,1633.3204921416707
1782827449,500,,Aggregated,95.700000,47.900000,320,340,350,370,470,700,1300,1900,4800,8600,12000,208399,99314,320,389.2661672292136,265.7838000013726,12066.266400004679,1632.70748420098
1782827450,500,,Aggregated,94.800000,48.400000,320,340,350,370,470,700,1300,1900,4800,8600,12000,208491,99359,320,389.23488717355156,265.7838000013726,12066.266400004679,1632.547380942103
1782827451,500,,Aggregated,94.600000,48.800000,320,340,350,370,470,700,1300,1900,4800,8600,12000,208592,99408,320,389.2014603278212,265.7838000013726,12066.266400004679,1632.311819245225
1782827452,500,,Aggregated,94.900000,49.100000,320,340,350,370,470,700,1300,1900,4800,8600,12000,208712,99473,320,389.16378300289824,265.7838000013726,12066.266400004679,1632.4220744375025
1782827453,500,,Aggregated,93.800000,47.600000,320,340,350,370,470,700,1300,1900,4800,8600,12000,208821,99533,320,389.1384440094667,265.7838000013726,12066.266400004679,1633.1039311180389
1782827454,500,,Aggregated,96.100000,48.400000,320,340,350,370,470,700,1300,1900,4800,8600,12000,208908,99575,320,389.1084927063628,265.7838000013726,12066.266400004679,1632.9769420031785
1782827455,500,,Aggregated,99.700000,50.300000,320,340,350,370,470,700,1300,1900,4800,8600,12000,208981,99608,320,389.0852864092948,265.7838000013726,12066.266400004679,1632.9463444045152
1782827456,500,,Aggregated,99.300000,49.900000,320,340,350,370,470,700,1300,1900,4800,8600,12000,209076,99653,320,389.0676151356485,265.7838000013726,12066.266400004679,1633.2451596548624
1782827457,500,,Aggregated,95.200000,48.400000,320,340,350,370,470,700,1300,1900,4800,8600,12000,209180,99710,320,389.032577707242,265.7838000013726,12066.266400004679,1633.468625107563
1782827458,500,,Aggregated,93.000000,47.100000,320,340,350,370,470,700,1300,1900,4800,8600,12000,209264,99755,320,389.00620719044304,265.7838000013726,12066.266400004679,1633.3524973239544
1782827459,500,,Aggregated,95.300000,48.800000,320,340,350,370,470,700,1300,1900,4800,8600,12000,209372,99810,320,388.975131910193,265.7838000013726,12066.266400004679,1632.580153984296
1782827460,500,,Aggregated,94.800000,48.700000,320,340,350,370,470,700,1300,1900,4800,8600,12000,209475,99868,320,388.94367512782424,265.7838000013726,12066.266400004679,1632.8136961451248
1782827461,500,,Aggregated,95.500000,48.900000,320,340,350,370,470,700,1300,1900,4800,8600,12000,209569,99914,320,388.9165803253389,265.7838000013726,12066.266400004679,1633.1210484375074
1782827462,500,,Aggregated,97.000000,49.600000,320,340,350,370,470,700,1300,1900,4800,8600,12000,209652,99947,320,388.89343767052515,265.7838000013726,12066.266400004679,1633.0279176921756
1782827463,500,,Aggregated,97.100000,50.200000,320,340,350,370,470,700,1300,1900,4800,8600,12000,209746,99994,320,388.8646928842546,265.7838000013726,12066.266400004679,1632.8416274923002
1782827464,500,,Aggregated,95.600000,49.700000,320,340,350,370,470,700,1300,1900,4800,8600,12000,209847,100044,320,388.8381005694666,265.7838000013726,12066.266400004679,1634.0657479020429
1782827465,500,,Aggregated,91.900000,45.900000,320,340,350,370,470,700,1300,1900,4800,8600,12000,209952,100094,320,388.8056500538257,265.7838000013726,12066.266400004679,1633.8103042600214
1782827466,500,,Aggregated,91.800000,46.000000,320,340,350,370,470,700,1300,1900,4800,8600,12000,210039,100137,320,388.7795597170085,265.7838000013726,12066.266400004679,1633.671070610696
1782827467,500,,Aggregated,94.600000,47.400000,320,340,350,370,470,700,1300,1900,4800,8600,12000,210135,100183,320,388.7508205044416,265.7838000013726,12066.266400004679,1633.9574273681205
1782827468,500,,Aggregated,95.200000,47.900000,320,340,350,370,470,700,1300,1900,4800,8600,12000,210228,100227,320,388.7194503101439,265.7838000013726,12066.266400004679,1634.7522356679415
1782827469,500,,Aggregated,95.900000,47.700000,320,340,350,370,470,700,1300,1900,4800,8600,12000,210328,100275,320,388.68354666236,265.7838000013726,12066.266400004679,1635.4999619641703
1782827470,500,,Aggregated,94.600000,46.800000,320,340,350,370,470,700,1300,1900,4800,8600,12000,210432,100328,320,388.65645488329216,265.7838000013726,12066.266400004679,1636.6937965708637
1782827471,500,,Aggregated,95.800000,47.100000,320,340,350,370,470,700,1300,1900,4800,8600,12000,210534,100379,320,388.6239792294877,265.7838000013726,12066.266400004679,1636.455061890241
1782827472,500,,Aggregated,94.800000,45.800000,320,340,350,370,470,700,1300,1900,4800,8600,12000,210631,100425,320,388.5927065075939,265.7838000013726,12066.266400004679,1635.770299718465
1782827473,500,,Aggregated,95.900000,46.600000,320,340,350,370,470,700,1300,1900,4800,8600,12000,210714,100455,320,388.5723530738395,265.7838000013726,12066.266400004679,1635.6742266769174
1782827474,500,,Aggregated,96.100000,46.100000,320,340,350,370,470,700,1300,1900,4800,8600,12000,210811,100499,320,388.54470257292564,265.7838000013726,12066.266400004679,1636.4318607662788
1782827475,500,,Aggregated,96.900000,47.200000,320,340,350,370,470,700,1300,1900,4800,8600,12000,210912,100543,320,388.51527350032694,265.7838000013726,12066.266400004679,1636.6898611743286
1782827476,500,,Aggregated,95.500000,45.600000,320,340,350,370,470,700,1300,1900,4800,8600,12000,211016,100592,320,388.49173005175436,265.7838000013726,12066.266400004679,1636.91916252796
1782827477,500,,Aggregated,95.600000,44.900000,320,340,350,370,470,700,1300,1900,4800,8600,12000,211113,100643,320,388.46419835301964,265.7838000013726,12066.266400004679,1636.2262958699844
1782827478,500,,Aggregated,96.000000,45.000000,320,340,350,370,470,700,1300,1900,4800,8600,12000,211219,100695,320,388.4363437304458,265.7838000013726,12066.266400004679,1636.4403202363424
1782827479,500,,Aggregated,95.700000,44.300000,320,340,350,370,470,700,1300,1900,4800,8600,12000,211321,100757,320,388.4036594768201,265.7838000013726,12066.266400004679,1635.7092006946777
1782827480,500,,Aggregated,97.700000,45.700000,320,340,350,370,470,700,1300,1900,4800,8600,12000,211419,100809,320,388.3725686343284,265.7838000013726,12066.266400004679,1635.0186596285102
1782827481,500,,Aggregated,96.500000,46.100000,320,340,350,370,470,700,1300,1900,4800,8600,12000,211502,100851,320,388.34753032879627,265.7838000013726,12066.266400004679,1634.9169558680296
1782827482,500,,Aggregated,98.300000,47.800000,320,340,350,370,470,700,1300,1900,4800,8600,12000,211601,100903,320,388.3198484752014,265.7838000013726,12066.266400004679,1634.7014569874434
1782827483,500,,Aggregated,96.300000,46.300000,320,340,350,370,470,700,1300,1900,4800,8600,12000,211696,100954,320,388.28959690169415,265.7838000013726,12066.266400004679,1634.023831343058
1782827484,500,,Aggregated,95.200000,46.600000,320,340,350,370,470,700,1300,1900,4800,8600,12000,211805,101006,320,388.2596868341214,265.7838000013726,12066.266400004679,1633.7313991643257
1782827485,500,,Aggregated,95.100000,47.100000,320,340,350,370,470,700,1300,1900,4800,8600,12000,211887,101044,320,388.23032414447846,265.7838000013726,12066.266400004679,1633.638354405886
1782827486,500,,Aggregated,97.300000,49.200000,320,340,350,370,470,700,1300,1900,4800,8600,12000,211990,101105,320,388.20131629983047,265.7838000013726,12066.266400004679,1632.9019812255294
1782827487,500,,Aggregated,96.900000,49.800000,320,340,350,370,470,700,1300,1900,4800,8600,12000,212078,101151,320,388.1774101316543,265.7838000013726,12066.266400004679,1633.2463574722508
1782827488,500,,Aggregated,95.500000,49.100000,320,340,350,370,470,700,1300,1900,4800,8600,12000,212189,101212,320,388.1470114930606,265.7838000013726,12066.266400004679,1632.461984362997
1782827489,500,,Aggregated,95.700000,50.700000,320,340,350,370,470,700,1300,1900,4800,8600,12000,212285,101260,320,388.1219940735383,265.7838000013726,12066.266400004679,1632.757354499847
1782827490,500,,Aggregated,95.300000,50.700000,320,340,350,370,470,700,1300,1900,4800,8600,12000,212394,101321,320,388.0877490489422,265.7838000013726,12066.266400004679,1631.9880316769777
1782827491,500,,Aggregated,95.600000,50.100000,320,340,350,370,470,700,1300,1900,4800,8600,12000,212487,101365,320,388.06117390052555,265.7838000013726,12066.266400004679,1631.821899692687
1782827492,500,,Aggregated,94.600000,49.000000,320,340,350,370,470,700,1300,1900,4800,8600,12000,212579,101410,320,388.0370760272697,265.7838000013726,12066.266400004679,1631.65481538628
1782827493,500,,Aggregated,96.800000,51.200000,320,340,350,370,470,700,1300,1900,4800,8600,12000,212693,101471,320,388.0013655926664,265.7838000013726,12066.266400004679,1632.2924872938931
1782827494,500,,Aggregated,97.100000,50.600000,320,340,350,370,470,700,1300,1900,4800,8600,12000,212785,101525,320,387.9719252259371,265.7838000013726,12066.266400004679,1632.1200084592429
1782827495,500,,Aggregated,97.800000,51.100000,320,340,350,370,470,700,1300,1900,4800,8600,12000,212897,101585,320,387.93391166761927,265.7838000013726,12066.266400004679,1632.2916574681653
1782827496,500,,Aggregated,98.600000,51.900000,320,340,350,370,470,700,1300,1900,4800,8600,12000,212976,101622,320,387.91248960963287,265.7838000013726,12066.266400004679,1631.7392523101194
1782827497,500,,Aggregated,98.100000,52.200000,320,340,350,370,470,700,1300,1900,4800,8600,12000,213080,101672,320,387.8799291519671,265.7838000013726,12066.266400004679,1633.4047024591703
1782827498,500,,Aggregated,100.500000,53.400000,320,340,350,370,470,700,1300,1900,4800,8600,12000,213185,101726,320,387.84313781739417,265.7838000013726,12066.266400004679,1633.146736402655
1782827499,500,,Aggregated,98.000000,51.500000,320,340,350,370,470,700,1300,1900,4800,8600,12000,213277,101770,320,387.818062529955,265.7838000013726,12066.266400004679,1632.5022435611904
1782827500,500,,Aggregated,98.700000,50.900000,320,340,350,370,470,700,1300,1900,4800,8600,12000,213353,101805,320,387.7963444305971,265.7838000013726,12066.266400004679,1632.4509474907782
1782827501,500,,Aggregated,99.300000,51.700000,320,340,350,370,470,700,1300,1900,4800,8600,12000,213452,101856,320,387.7687496364574,265.7838000013726,12066.266400004679,1633.1885060809925
1782827502,500,,Aggregated,98.100000,50.300000,320,340,350,370,470,700,1300,1900,4800,8600,12000,213554,101914,320,387.74632554951484,265.7838000013726,12066.266400004679,1632.9480693407756
1782827503,500,,Aggregated,95.700000,48.100000,320,340,350,370,470,700,1300,1900,4800,8600,12000,213648,101958,320,387.7286567456802,265.7838000013726,12066.266400004679,1632.2924623680071
1782827504,500,,Aggregated,95.500000,48.600000,320,340,350,370,470,700,1300,1900,4800,8600,12000,213736,101991,320,387.7158125860925,265.7838000013726,12066.266400004679,1631.6883257850807
1782827505,500,,Aggregated,96.300000,49.300000,320,340,350,370,470,700,1300,1900,4800,8600,12000,213843,102048,320,387.6911199005862,265.7838000013726,12066.266400004679,1632.3682234162445
1782827506,500,,Aggregated,94.500000,47.400000,320,340,350,370,470,700,1300,1800,4800,8600,12000,213949,102105,320,387.6655350172287,265.7838000013726,12066.266400004679,1631.6317954278823
1782827507,500,,Aggregated,93.800000,45.800000,320,340,350,370,470,700,1300,1800,4800,8600,12000,214044,102158,320,387.6357014104627,265.7838000013726,12066.266400004679,1631.4457214404515
1782827508,500,,Aggregated,94.000000,46.300000,320,340,350,370,470,700,1300,1800,4800,8600,12000,214135,102201,320,387.6097819655876,265.7838000013726,12066.266400004679,1632.2417493637192
1782827509,500,,Aggregated,96.700000,48.000000,320,340,350,370,470,700,1300,1800,4800,8600,12000,214224,102243,320,387.58093033460784,265.7838000013726,12066.266400004679,1632.102887631638
1782827510,500,,Aggregated,95.700000,48.100000,320,340,350,370,470,700,1300,1800,4800,8600,12000,214322,102296,320,387.5522679057729,265.7838000013726,12066.266400004679,1632.362888550872
1782827511,500,,Aggregated,93.800000,46.600000,320,340,350,370,470,700,1300,1800,4800,8600,12000,214421,102350,320,387.5292807243741,265.7838000013726,12066.266400004679,1631.671361480452
1782827512,500,,Aggregated,94.400000,47.300000,320,340,350,370,460,700,1300,1800,4800,8600,12000,214519,102400,320,387.4989601061025,265.7838000013726,12066.266400004679,1631.9376558719741
1782827513,500,,Aggregated,95.400000,48.500000,320,340,350,370,460,700,1300,1800,4800,8600,12000,214615,102454,320,387.46782848729606,265.7838000013726,12066.266400004679,1631.2678097989424
1782827514,500,,Aggregated,96.500000,49.500000,320,340,350,370,460,700,1300,1800,4800,8600,12000,214724,102506,320,387.43814062657674,265.7838000013726,12066.266400004679,1631.940355991878
1782827515,500,,Aggregated,95.700000,48.500000,320,340,350,370,460,700,1300,1800,4800,8600,12000,214815,102555,320,387.4062732644414,265.7838000013726,12066.266400004679,1631.7872215627401
1782827517,500,,Aggregated,97.900000,51.100000,320,340,350,370,460,700,1300,1800,4800,8600,12000,214914,102610,320,387.3812992359782,265.7838000013726,12066.266400004679,1631.093311743302
1782827518,500,,Aggregated,96.600000,50.400000,320,340,350,370,460,700,1300,1800,4800,8600,12000,215016,102673,320,387.34798172043463,265.7838000013726,12066.266400004679,1631.3194459947167
1782827519,500,,Aggregated,96.600000,50.400000,320,340,350,370,460,700,1300,1800,4800,8600,12000,215112,102723,320,387.3158320874754,265.7838000013726,12066.266400004679,1630.651493175648
1782827520,500,,Aggregated,96.300000,51.100000,320,340,350,370,460,700,1300,1800,4800,8600,12000,215210,102772,320,387.2856008968031,265.7838000013726,12066.266400004679,1629.9706379815063
1782827521,500,,Aggregated,97.400000,52.000000,320,340,350,370,460,700,1300,1800,4800,8600,12000,215313,102834,320,387.2498849800105,265.7838000013726,12066.266400004679,1629.715089195729
1782827522,500,,Aggregated,97.600000,52.500000,320,340,350,370,460,700,1300,1800,4800,8600,12000,215412,102885,320,387.21936271470963,265.7838000013726,12066.266400004679,1629.9770207787867
1782827523,500,,Aggregated,97.800000,53.300000,320,340,350,370,460,700,1300,1800,4800,8600,12000,215521,102938,320,387.187200515964,265.7838000013726,12066.266400004679,1630.173314897388
1782827524,500,,Aggregated,97.900000,52.900000,320,340,350,370,460,700,1300,1800,4800,8600,12000,215602,102975,320,387.16377845985227,265.7838000013726,12066.266400004679,1630.5583621673268
1782827525,500,,Aggregated,99.300000,53.300000,320,340,350,370,460,700,1300,1800,4800,8600,12000,215695,103013,320,387.1404056950837,265.7838000013726,12066.266400004679,1630.863691787014
1782827526,500,,Aggregated,98.200000,51.600000,320,340,350,370,460,700,1300,1800,4800,8600,12000,215799,103068,320,387.13283545846394,265.7838000013726,12066.266400004679,1631.5630795323425
1782827527,500,,Aggregated,96.200000,50.200000,320,340,350,370,460,700,1300,1800,4800,8600,12000,215917,103127,320,387.1059742780839,265.7838000013726,12066.266400004679,1631.6908626926088
1782827528,500,,Aggregated,97.400000,50.800000,320,340,350,370,460,700,1300,1800,4700,8600,12000,216017,103177,320,387.0734094261146,265.7838000013726,12066.266400004679,1632.4186198308466
1782827529,500,,Aggregated,99.400000,51.400000,320,340,350,370,460,700,1300,1800,4700,8600,12000,216116,103231,320,387.0461816788251,265.7838000013726,12066.266400004679,1631.7246201114217
1782827530,500,,Aggregated,99.400000,50.000000,320,340,350,370,460,700,1300,1800,4700,8600,12000,216203,103283,320,387.0169630259569,265.7838000013726,12066.266400004679,1631.1175191833602
1782827531,500,,Aggregated,99.600000,50.400000,320,340,350,370,460,700,1300,1800,4700,8600,12000,216308,103340,320,386.9825072230382,265.7838000013726,12066.266400004679,1631.7967527784456
1782827532,500,,Aggregated,99.100000,51.000000,320,340,350,370,460,700,1300,1800,4700,8600,12000,216411,103394,320,386.94817859998307,265.7838000013726,12066.266400004679,1631.5573561417857
1782827533,500,,Aggregated,98.200000,49.500000,320,340,350,370,460,700,1300,1800,4700,8600,12000,216513,103441,320,386.91312111836623,265.7838000013726,12066.266400004679,1632.7424727383575
1782827534,500,,Aggregated,99.400000,50.300000,320,340,350,370,460,700,1300,1800,4700,8600,12000,216616,103493,320,386.8766288349005,265.7838000013726,12066.266400004679,1633.913745983676
1782827535,500,,Aggregated,98.800000,49.800000,320,340,350,370,460,700,1300,1800,4700,8600,12000,216708,103540,320,386.84473877106893,265.7838000013726,12066.266400004679,1634.2230605238385
1782827536,500,,Aggregated,100.500000,51.600000,320,340,350,370,460,700,1300,1800,4700,8600,12000,216798,103583,320,386.81922677700396,265.7838000013726,12066.266400004679,1633.5987370732203
1782827537,500,,Aggregated,101.000000,52.300000,320,340,350,370,460,700,1300,1800,4700,8600,12000,216913,103638,320,386.78179131772123,265.7838000013726,12066.266400004679,1633.7499366105305
1782827538,500,,Aggregated,98.700000,51.000000,320,340,350,370,460,700,1300,1800,4700,8600,12000,217007,103687,320,386.7500794126501,265.7838000013726,12066.266400004679,1634.039146202657
1782827539,500,,Aggregated,98.900000,50.500000,320,340,350,370,460,700,1300,1800,4700,8600,12000,217109,103732,320,386.7199127806814,265.7838000013726,12066.266400004679,1633.8146000396114
1782827540,500,,Aggregated,98.500000,50.900000,320,340,350,370,460,700,1300,1800,4700,8600,12000,217192,103772,320,386.6948697069915,265.7838000013726,12066.266400004679,1633.248185936867
1782827541,500,,Aggregated,98.700000,50.300000,320,340,350,370,460,700,1300,1800,4700,8600,12000,217305,103834,320,386.65980087619187,265.7838000013726,12066.266400004679,1633.8685073974368
1782827542,500,,Aggregated,97.700000,48.300000,320,340,350,370,460,700,1300,1800,4700,8600,12000,217399,103880,320,386.63394033183596,265.7838000013726,12066.266400004679,1634.625223667082
1782827543,500,,Aggregated,99.100000,49.400000,320,330,350,370,460,700,1300,1800,4700,8600,12000,217483,103928,320,386.61050296713233,265.7838000013726,12066.266400004679,1634.0452357195734
1782827544,500,,Aggregated,98.100000,48.600000,320,330,350,370,460,700,1300,1800,4700,8600,12000,217578,103975,320,386.5806321815666,265.7838000013726,12066.266400004679,1633.3984685951705
1782827545,500,,Aggregated,96.000000,48.200000,320,330,350,370,460,700,1300,1800,4700,8600,12000,217678,104025,320,386.55236984491177,265.7838000013726,12066.266400004679,1633.651691948658
1782827546,500,,Aggregated,95.000000,47.700000,320,330,350,370,460,700,1300,1800,4700,8600,12000,217766,104064,320,386.5256746112833,265.7838000013726,12066.266400004679,1633.5168575443365
1782827547,500,,Aggregated,95.500000,48.200000,320,330,350,370,460,700,1300,1800,4700,8600,12000,217874,104121,320,386.49815963447065,265.7838000013726,12066.266400004679,1634.1777541147635
1782827548,500,,Aggregated,97.300000,48.300000,320,330,350,370,460,700,1300,1800,4700,8600,12000,217980,104171,320,386.46473556152233,265.7838000013726,12066.266400004679,1635.3236030828516
1782827549,500,,Aggregated,95.700000,48.400000,320,330,350,370,460,700,1300,1800,4700,8600,12000,218047,104207,320,386.4448378198309,265.7838000013726,12066.266400004679,1636.259966887873
1782827550,500,,Aggregated,96.200000,47.600000,320,330,350,370,460,700,1300,1800,4700,8600,12000,218149,104258,320,386.41721560768417,265.7838000013726,12066.266400004679,1636.4888585324709
1782827551,500,,Aggregated,93.100000,46.500000,320,330,350,370,460,700,1300,1800,4700,8600,12000,218247,104301,320,386.386838838567,265.7838000013726,12066.266400004679,1635.8186183544333
1782827552,500,,Aggregated,94.700000,47.800000,320,330,350,370,460,700,1300,1800,4700,8600,12000,218350,104354,320,386.3578290561062,265.7838000013726,12066.266400004679,1636.0396748339822
1782827553,500,,Aggregated,94.100000,47.000000,320,330,350,370,460,700,1300,1800,4700,8600,12000,218444,104401,320,386.32782522111347,265.7838000013726,12066.266400004679,1637.258876416839
1782827554,500,,Aggregated,94.800000,47.400000,320,330,350,370,460,700,1300,1800,4700,8600,12000,218547,104454,320,386.2915495046874,265.7838000013726,12066.266400004679,1637.0182981235157
1782827555,500,,Aggregated,95.700000,47.200000,320,330,350,370,460,700,1300,1800,4700,8600,12000,218639,104503,320,386.26768611410057,265.7838000013726,12066.266400004679,1636.3922127342332
1782827556,500,,Aggregated,95.900000,47.100000,320,330,350,370,460,700,1300,1800,4700,8600,12000,218729,104550,320,386.266648953275,265.7838000013726,12066.266400004679,1636.7034046697054
1782827557,500,,Aggregated,95.700000,47.200000,320,330,350,370,460,700,1300,1800,4700,8600,12000,218824,104597,320,386.26222657158667,265.7838000013726,12066.266400004679,1637.455329397141
1782827558,500,,Aggregated,95.300000,48.200000,320,330,350,370,460,700,1300,1800,4700,8600,12000,218940,104657,320,386.22798829999454,265.7838000013726,12066.266400004679,1637.1207956517767
1782827559,500,,Aggregated,94.200000,47.000000,320,330,350,370,460,690,1300,1800,4700,8600,12000,219039,104702,320,386.19616215788403,265.7838000013726,12066.266400004679,1636.4508512182763
1782827560,500,,Aggregated,95.000000,48.100000,320,330,350,370,460,690,1300,1800,4700,8600,12000,219129,104742,320,386.1694575204596,265.7838000013726,12066.266400004679,1636.3007224055236
1782827561,500,,Aggregated,98.300000,49.200000,320,330,350,370,460,690,1300,1800,4700,8600,12000,219219,104786,320,386.15156373809185,265.7838000013726,12066.266400004679,1636.1506575616165
1782827562,500,,Aggregated,97.700000,49.000000,320,330,350,370,460,690,1200,1800,4700,8600,12000,219328,104836,320,386.1187927711043,265.7838000013726,12066.266400004679,1635.8791718339655
1782827563,500,,Aggregated,97.200000,47.800000,320,330,350,370,460,690,1200,1800,4700,8600,12000,219427,104881,320,386.09541577837183,265.7838000013726,12066.266400004679,1635.670286701272
1782827564,500,,Aggregated,95.900000,46.700000,320,330,350,370,460,690,1200,1800,4700,8600,12000,219528,104928,320,386.0653921399585,265.7838000013726,12066.266400004679,1635.9151087788346
1782827565,500,,Aggregated,97.500000,47.900000,320,330,350,370,460,690,1200,1800,4700,8600,12000,219637,104982,320,386.0371959674414,265.7838000013726,12066.266400004679,1636.1025237095753
1782827566,500,,Aggregated,98.100000,47.700000,320,330,350,370,460,690,1200,1800,4700,8600,12000,219722,105024,320,386.0124000928483,265.7838000013726,12066.266400004679,1635.9872338682517
1782827567,500,,Aggregated,98.300000,47.000000,320,330,350,370,460,690,1200,1800,4700,8600,12000,219807,105066,320,385.9844166373261,265.7838000013726,12066.266400004679,1635.873015873016
1782827568,500,,Aggregated,98.600000,46.900000,320,330,350,370,460,690,1200,1800,4700,8600,12000,219913,105120,320,385.95455928208327,265.7838000013726,12066.266400004679,1635.6115873095268
1782827569,500,,Aggregated,97.800000,46.400000,320,330,350,370,460,690,1200,1800,4700,8600,12000,220005,105171,320,385.9249856435116,265.7838000013726,12066.266400004679,1636.83407195291
1782827570,500,,Aggregated,97.300000,46.400000,320,330,350,370,460,690,1200,1800,4700,8600,12000,220107,105219,320,385.8956309585827,265.7838000013726,12066.266400004679,1637.0660406075226
1782827571,500,,Aggregated,95.600000,45.600000,320,330,350,370,460,690,1200,1800,4700,8600,12000,220206,105274,320,385.8646816299318,265.7838000013726,12066.266400004679,1637.779256696003
1782827572,500,,Aggregated,97.100000,47.500000,320,330,350,370,460,690,1200,1800,4700,8600,12000,220301,105325,320,385.8379654559025,265.7838000013726,12066.266400004679,1637.5837921752511
1782827573,500,,Aggregated,96.900000,47.900000,320,330,350,370,460,690,1200,1800,4700,8600,12000,220408,105379,320,385.8048245989294,265.7838000013726,12066.266400004679,1637.3167625494536
1782827574,500,,Aggregated,98.200000,49.500000,320,330,350,370,460,690,1200,1800,4700,8600,12000,220501,105424,320,385.780367701284,265.7838000013726,12066.266400004679,1637.1512464796078
1782827575,500,,Aggregated,95.800000,48.200000,320,330,350,370,460,690,1200,1800,4700,8600,12000,220588,105457,320,385.7567458107461,265.7838000013726,12066.266400004679,1637.9455092752098
1782827576,500,,Aggregated,96.500000,48.900000,320,330,350,370,460,690,1200,1800,4700,8600,12000,220699,105514,320,385.72546136820205,265.7838000013726,12066.266400004679,1637.1909025414705
1782827577,500,,Aggregated,95.200000,48.200000,320,330,350,370,460,690,1200,1800,4700,8600,12000,220800,105566,320,385.697084141761,265.7838000013726,12066.266400004679,1637.427536231884
1782827578,500,,Aggregated,95.500000,47.600000,320,330,350,370,460,690,1200,1800,4700,8600,12000,220914,105629,320,385.66523435002193,265.7838000013726,12066.266400004679,1636.6467539404475
1782827579,500,,Aggregated,97.900000,49.300000,320,330,350,370,460,690,1200,1800,4700,8600,12000,220995,105671,320,385.640268140459,265.7838000013726,12066.266400004679,1636.10142310912
1782827580,500,,Aggregated,99.400000,50.500000,320,330,350,370,460,690,1200,1800,4600,8600,12000,221090,105716,320,385.615073802075,265.7838000013726,12066.266400004679,1637.3045185218689
1782827581,500,,Aggregated,99.000000,50.500000,320,330,350,370,460,690,1200,1800,4600,8600,12000,221187,105767,320,385.58318721579803,265.7838000013726,12066.266400004679,1638.4895360034723
1782827582,500,,Aggregated,98.200000,49.200000,320,330,350,370,460,690,1200,1800,4600,8600,12000,221295,105825,320,385.5502996330723,265.7838000013726,12066.266400004679,1638.2194220384554
1782827583,500,,Aggregated,97.100000,48.900000,320,330,350,370,460,690,1200,1800,4600,8600,12000,221390,105869,320,385.5252843890902,265.7838000013726,12066.266400004679,1638.964917114594
1782827584,500,,Aggregated,97.300000,49.000000,320,330,350,370,460,690,1200,1800,4600,8600,12000,221498,105926,320,385.49286241095035,265.7838000013726,12066.266400004679,1638.6938617955918
1782827585,500,,Aggregated,98.500000,49.700000,320,330,350,370,460,690,1200,1800,4600,8600,12000,221579,105965,320,385.47150822144994,265.7838000013726,12066.266400004679,1638.6113304961211
1782827586,500,,Aggregated,98.000000,49.400000,320,330,350,370,460,690,1200,1800,4600,8600,12000,221668,106006,320,385.4485806237286,265.7838000013726,12066.266400004679,1638.0189923669632
1782827587,500,,Aggregated,98.600000,50.500000,320,330,350,370,460,690,1200,1800,4600,8600,12000,221771,106056,320,385.4156200093817,265.7838000013726,12066.266400004679,1638.2452620045
1782827588,500,,Aggregated,97.600000,49.800000,320,330,350,370,460,690,1200,1800,4600,8600,12000,221875,106111,320,385.39306358084775,265.7838000013726,12066.266400004679,1638.4578433802817
1782827589,500,,Aggregated,96.100000,48.800000,320,330,350,370,460,690,1200,1800,4600,8600,12000,221969,106156,320,385.36465025476804,265.7838000013726,12066.266400004679,1640.119476143065
1782827590,500,,Aggregated,94.800000,47.100000,320,330,350,370,460,690,1200,1800,4600,8600,12000,222054,106193,320,385.33839092923614,265.7838000013726,12066.266400004679,1639.5529555873798
1782827591,500,,Aggregated,95.400000,48.000000,320,330,350,370,460,690,1200,1800,4600,8600,12000,222162,106247,320,385.3101562035834,265.7838000013726,12066.266400004679,1638.8254967096084
1782827592,500,,Aggregated,95.400000,47.500000,320,330,350,370,460,690,1200,1800,4600,8600,12000,222253,106287,320,385.28600575335497,265.7838000013726,12066.266400004679,1639.5923024661085
1782827593,500,,Aggregated,95.800000,47.100000,320,330,350,370,460,690,1200,1800,4600,8600,12000,222346,106330,320,385.25862356462676,265.7838000013726,12066.266400004679,1638.9677034891565
1782827594,500,,Aggregated,96.000000,46.800000,320,330,350,370,460,690,1200,1800,4600,8600,12000,222427,106373,320,385.23647057371863,265.7838000013726,12066.266400004679,1638.873778812824
1782827595,500,,Aggregated,95.800000,46.300000,320,330,350,370,460,690,1200,1800,4600,8600,12000,222531,106423,320,385.20838676589113,265.7838000013726,12066.266400004679,1640.0068484840315
1782827596,500,,Aggregated,94.100000,45.200000,320,330,350,370,460,690,1200,1800,4600,8600,12000,222635,106476,320,385.1857126458127,265.7838000013726,12066.266400004679,1641.1392862757427
1782827597,500,,Aggregated,94.200000,44.900000,320,330,350,370,460,690,1200,1800,4600,8600,12000,222731,106524,320,385.1580069168661,265.7838000013726,12066.266400004679,1640.4956517054204
1782827598,500,,Aggregated,94.900000,46.200000,320,330,350,370,460,690,1200,1800,4600,8600,12000,222827,106573,320,385.12789530757266,265.7838000013726,12066.266400004679,1641.684320122786
1782827599,500,,Aggregated,96.000000,46.700000,320,330,350,370,460,690,1200,1800,4600,8600,12000,222928,106618,320,385.103104989506,265.7838000013726,12066.266400004679,1641.4718115265916
1782827600,500,,Aggregated,94.200000,46.400000,320,330,350,370,460,690,1200,1800,4600,8600,12000,223031,106672,320,385.0713485304758,265.7838000013726,12066.266400004679,1641.230927539221
1782827601,500,,Aggregated,95.300000,45.900000,320,330,350,370,460,690,1200,1800,4600,8600,12000,223130,106714,320,385.0459561125827,265.7838000013726,12066.266400004679,1641.0293685295567
1782827602,500,,Aggregated,95.300000,45.700000,320,330,350,370,460,690,1200,1800,4600,8600,12000,223239,106773,320,385.01224265652786,265.7838000013726,12066.266400004679,1641.2038219128378
1782827603,500,,Aggregated,97.200000,47.700000,320,330,350,370,460,690,1200,1800,4600,8600,12000,223319,106811,320,384.99308866285696,265.7838000013726,12066.266400004679,1642.0385323237163
1782827604,500,,Aggregated,95.800000,46.500000,320,330,350,370,460,690,1200,1800,4600,8600,12000,223409,106858,320,384.9730975197983,265.7838000013726,12066.266400004679,1641.4374488046587
1782827605,500,,Aggregated,96.900000,47.600000,320,330,350,370,460,690,1200,1800,4600,8600,12000,223514,106909,320,384.9479324767157,265.7838000013726,12066.266400004679,1641.1816977907424
1782827606,500,,Aggregated,97.600000,48.200000,320,330,350,370,460,690,1200,1800,4600,8600,12000,223602,106953,320,384.9238944602487,265.7838000013726,12066.266400004679,1641.9534977325784
1782827607,500,,Aggregated,96.300000,47.700000,320,330,350,370,460,690,1200,1800,4600,8600,12000,223718,107009,320,384.8959113736961,265.7838000013726,12066.266400004679,1642.0863587194592
1782827608,500,,Aggregated,97.300000,48.000000,320,330,350,370,460,690,1200,1800,4600,8600,12000,223820,107053,320,384.8681450504894,265.7838000013726,12066.266400004679,1642.323094450898
1782827609,500,,Aggregated,96.300000,47.700000,320,330,350,370,460,690,1200,1800,4600,8600,12000,223908,107095,320,384.8389065933356,265.7838000013726,12066.266400004679,1642.1962815084767
1782827610,500,,Aggregated,97.800000,48.000000,320,330,350,370,460,690,1200,1800,4600,8600,12000,224013,107148,320,384.8114621401464,265.7838000013726,12066.266400004679,1642.854102217282
1782827611,500,,Aggregated,97.600000,47.500000,320,330,350,370,460,690,1200,1800,4600,8600,12000,224109,107198,320,384.7804443984874,265.7838000013726,12066.266400004679,1642.6656983878381
1782827612,500,,Aggregated,97.500000,48.000000,320,330,350,370,460,690,1200,1800,4600,8600,12000,224206,107243,320,384.7558501159677,265.7838000013726,12066.266400004679,1643.3828265077652
1782827613,500,,Aggregated,98.000000,47.500000,320,330,350,370,460,690,1200,1800,4600,8600,12000,224301,107287,320,384.75399311639575,265.7838000013726,12066.266400004679,1643.2032982465525
1782827614,500,,Aggregated,97.300000,47.900000,320,330,350,370,460,690,1200,1800,4600,8600,12000,224409,107345,320,384.74891322318075,265.7838000013726,12066.266400004679,1642.9307202474054
1782827615,500,,Aggregated,95.500000,46.700000,320,330,350,370,460,690,1200,1800,4600,8600,12000,224511,107387,320,384.7188742992585,265.7838000013726,12066.266400004679,1643.621978433128
1782827616,500,,Aggregated,95.900000,46.800000,320,330,350,370,460,690,1200,1800,4600,8600,12000,224606,107439,320,384.685552205644,265.7838000013726,12066.266400004679,1643.4372278567803
1782827617,500,,Aggregated,99.000000,48.400000,320,330,350,370,460,690,1200,1800,4600,8600,12000,224695,107481,320,384.6579203818551,265.7838000013726,12066.266400004679,1645.1109414984758
1782827618,500,,Aggregated,98.700000,47.400000,320,330,350,370,460,690,1200,1800,4600,8600,12000,224793,107524,320,384.6243118544662,265.7838000013726,12066.266400004679,1644.9087249158115
1782827619,500,,Aggregated,98.500000,47.400000,320,330,350,370,460,690,1200,1800,4600,8600,12000,224884,107563,320,384.59760023434745,265.7838000013726,12066.266400004679,1644.7581419754185
1782827620,500,,Aggregated,97.400000,46.900000,320,330,350,370,460,690,1200,1800,4600,8600,12000,224987,107617,320,384.5666137910235,265.7838000013726,12066.266400004679,1645.4332250307796
1782827621,500,,Aggregated,96.900000,46.700000,320,330,350,370,460,690,1200,1800,4600,8600,12000,225088,107666,320,384.53817645987806,265.7838000013726,12066.266400004679,1644.7566640602786
1782827622,500,,Aggregated,96.200000,45.600000,320,330,350,370,460,690,1200,1800,4600,8600,12000,225176,107712,320,384.5101051306579,265.7838000013726,12066.266400004679,1644.171461434611
1782827623,500,,Aggregated,96.200000,46.800000,320,330,350,370,460,690,1200,1800,4600,8600,12000,225270,107766,320,384.4803790691219,265.7838000013726,12066.266400004679,1644.4401251831137
1782827624,500,,Aggregated,96.500000,46.100000,320,330,350,370,460,690,1200,1800,4600,8600,12000,225367,107813,320,384.45183975693493,265.7838000013726,12066.266400004679,1645.60121490724
1782827625,500,,Aggregated,97.300000,47.400000,310,330,350,370,460,690,1200,1800,4600,8600,12000,225462,107863,310,384.4245994300645,265.7838000013726,12066.266400004679,1645.4087828547604
1782827626,500,,Aggregated,96.500000,47.300000,310,330,350,370,460,690,1200,1800,4600,8600,12000,225574,107923,310,384.38992607171565,265.7838000013726,12066.266400004679,1645.5608669438855
1782827627,500,,Aggregated,95.300000,46.500000,310,330,350,370,460,690,1200,1800,4600,8600,12000,225669,107970,310,384.3592656882476,265.7838000013726,12066.266400004679,1645.3843593936251
1782827628,500,,Aggregated,94.200000,47.000000,310,330,350,370,460,690,1200,1800,4600,8600,12000,225757,108016,310,384.3325441634197,265.7838000013726,12066.266400004679,1645.2481207670194
1782827629,500,,Aggregated,96.400000,48.500000,310,330,350,370,460,690,1200,1800,4600,8600,12000,225863,108062,310,384.3002720317231,265.7838000013726,12066.266400004679,1645.0069953910113
1782827630,500,,Aggregated,96.300000,48.300000,310,330,350,370,460,690,1200,1800,4600,8600,12000,225952,108108,310,384.27150857306447,265.7838000013726,12066.266400004679,1644.8597489732333
1782827631,500,,Aggregated,95.600000,48.900000,310,330,350,370,460,690,1200,1800,4600,8600,12000,226049,108151,310,384.2442195276295,265.7838000013726,12066.266400004679,1645.1242739406057
1782827632,500,,Aggregated,97.400000,49.900000,310,330,350,370,460,690,1200,1800,4600,8600,12000,226157,108204,310,384.20821777394076,265.7838000013726,12066.266400004679,1644.8533673509996
1782827633,500,,Aggregated,95.600000,48.400000,310,330,350,370,460,690,1200,1800,4600,8600,12000,226239,108245,310,384.184088486959,265.7838000013726,12066.266400004679,1646.1097777129496
1782827634,500,,Aggregated,95.500000,47.900000,310,330,350,370,460,690,1200,1800,4600,8600,12000,226339,108289,310,384.1561559969829,265.7838000013726,12066.266400004679,1646.3536509395199
1782827635,500,,Aggregated,96.700000,48.100000,310,330,350,370,460,690,1200,1800,4600,8600,12000,226450,108349,310,384.11867464650544,265.7838000013726,12066.266400004679,1646.5151733274454
1782827637,500,,Aggregated,96.000000,47.400000,310,330,350,370,460,690,1200,1800,4600,8600,12000,226543,108389,310,384.0971370998051,265.7838000013726,12066.266400004679,1646.348600486442
1782827638,500,,Aggregated,96.000000,47.000000,310,330,350,370,460,690,1200,1800,4600,8600,12000,226629,108439,310,384.07111116538977,265.7838000013726,12066.266400004679,1645.7716311681206
1782827639,500,,Aggregated,95.800000,45.900000,310,330,350,370,460,690,1200,1800,4600,8600,12000,226734,108484,310,384.03977330705186,265.7838000013726,12066.266400004679,1645.9879462277381
1782827640,500,,Aggregated,95.800000,45.900000,310,330,350,370,460,690,1200,1800,4600,8600,12000,226820,108526,310,384.029131520153,265.7838000013726,12066.266400004679,1646.3143020897628
1782827641,500,,Aggregated,96.600000,46.400000,310,330,350,370,460,690,1200,1800,4600,8600,12000,226917,108564,310,384.0262689617836,265.7838000013726,12066.266400004679,1648.3723740398473
1782827642,500,,Aggregated,95.100000,46.100000,310,330,350,370,460,690,1200,1800,4500,8600,12000,227031,108618,310,383.9953339768623,265.7838000013726,12066.266400004679,1648.5229373962145
1782827643,500,,Aggregated,95.000000,45.000000,310,330,350,370,460,690,1200,1800,4500,8600,12000,227113,108656,310,383.9691993580329,265.7838000013726,12066.266400004679,1647.9838098215425
1782827644,500,,Aggregated,97.500000,46.700000,310,330,350,370,460,690,1200,1800,4500,8600,12000,227216,108704,310,383.93953008899445,265.7838000013726,12066.266400004679,1649.0959835574959
1782827645,500,,Aggregated,94.700000,44.700000,310,330,350,370,460,690,1200,1800,4500,8600,12000,227318,108767,310,383.90772389208456,265.7838000013726,12066.266400004679,1649.3106529179388
1782827646,500,,Aggregated,97.100000,45.700000,310,330,350,370,460,690,1200,1800,4500,8600,12000,227413,108811,310,383.88059444755044,265.7838000013726,12066.266400004679,1650.029567351031
1782827647,500,,Aggregated,96.900000,47.300000,310,330,350,370,460,690,1200,1800,4500,8600,12000,227520,108864,310,383.848919846171,265.7838000013726,12066.266400004679,1649.7652514064698
1782827648,500,,Aggregated,95.600000,45.800000,310,330,350,370,460,690,1200,1800,4500,8600,12000,227611,108909,310,383.82236271358096,265.7838000013726,12066.266400004679,1649.6105328828571
1782827649,500,,Aggregated,96.600000,46.800000,310,330,350,370,460,690,1200,1800,4500,8600,12000,227714,108962,310,383.79144554177964,265.7838000013726,12066.266400004679,1650.268336597662
1782827650,500,,Aggregated,96.500000,46.200000,310,330,350,360,460,690,1200,1800,4500,8600,12000,227806,109010,310,383.764006191676,265.7838000013726,12066.266400004679,1649.6543330728778
1782827651,500,,Aggregated,97.500000,47.500000,310,330,350,360,460,690,1200,1800,4500,8600,12000,227895,109051,310,383.7391643116384,265.7838000013726,12066.266400004679,1649.5158691502666
1782827652,500,,Aggregated,97.500000,47.600000,310,330,350,360,460,690,1200,1800,4500,8600,12000,227999,109104,310,383.710081317904,265.7838000013726,12066.266400004679,1649.7172049000214
1782827653,500,,Aggregated,97.400000,48.200000,310,330,350,360,460,690,1200,1800,4500,8600,12000,228113,109161,310,383.6782317062199,265.7838000013726,12066.266400004679,1649.8506135117245
1782827654,500,,Aggregated,95.000000,47.700000,310,330,350,360,460,690,1200,1800,4500,8600,12000,228204,109212,310,383.65051292221375,265.7838000013726,12066.266400004679,1649.2449343569788
1782827655,500,,Aggregated,99.500000,50.400000,310,330,350,360,460,690,1200,1800,4500,8600,12000,228289,109249,310,383.6281204052796,265.7838000013726,12066.266400004679,1649.13256880533
1782827656,500,,Aggregated,97.900000,50.200000,310,330,350,360,460,690,1200,1800,4500,8600,12000,228381,109298,310,383.59995269790755,265.7838000013726,12066.266400004679,1649.8571903967493
1782827657,500,,Aggregated,96.900000,48.300000,310,330,350,360,460,690,1200,1800,4500,8600,12000,228464,109334,310,383.58561048436866,265.7838000013726,12066.266400004679,1650.2009506968275
1782827658,500,,Aggregated,95.500000,48.200000,310,330,350,360,460,690,1200,1800,4500,8600,12000,228579,109385,310,383.5737501428422,265.7838000013726,12066.266400004679,1650.3355601345706
1782827659,500,,Aggregated,93.900000,46.800000,310,330,350,360,460,690,1200,1800,4500,8600,12000,228691,109442,310,383.5437263364134,265.7838000013726,12066.266400004679,1650.04638136175
1782827660,500,,Aggregated,97.200000,47.900000,310,330,350,360,460,690,1200,1800,4500,8600,12000,228772,109489,310,383.51679594880784,265.7838000013726,12066.266400004679,1649.5028456279615
1782827661,500,,Aggregated,96.200000,47.200000,310,330,350,360,460,690,1200,1800,4500,8600,12000,228861,109546,310,383.4878555887664,265.7838000013726,12066.266400004679,1649.7957537544623
1782827662,500,,Aggregated,95.400000,47.600000,310,330,350,360,460,690,1200,1800,4500,8600,12000,228947,109589,310,383.4652318698242,265.7838000013726,12066.266400004679,1649.6706705045272
1782827663,500,,Aggregated,95.500000,48.900000,310,330,350,360,460,690,1200,1800,4500,8600,12000,229063,109641,310,383.4307727127496,265.7838000013726,12066.266400004679,1649.3520123284861
1782827664,500,,Aggregated,95.000000,48.500000,310,330,350,360,460,690,1200,1800,4500,8600,12000,229164,109689,310,383.4006927850821,265.7838000013726,12066.266400004679,1649.1337601019356
1782827665,500,,Aggregated,93.400000,47.200000,310,330,350,360,460,690,1200,1800,4500,8600,12000,229264,109742,310,383.373402456559,265.7838000013726,12066.266400004679,1648.9126596412868
1782827666,500,,Aggregated,94.800000,46.900000,310,330,350,360,460,690,1200,1800,4500,8600,12000,229363,109787,310,383.34734209659166,265.7838000013726,12066.266400004679,1648.7069536062922
1782827667,500,,Aggregated,95.700000,47.600000,310,330,350,360,460,690,1200,1800,4500,8600,12000,229449,109832,310,383.3210542817816,265.7838000013726,12066.266400004679,1648.579335712947
1782827668,500,,Aggregated,97.100000,48.600000,310,330,350,360,460,690,1200,1800,4500,8600,12000,229547,109875,310,383.2970501191499,265.7838000013726,12066.266400004679,1648.3813990163235
1782827669,500,,Aggregated,97.300000,48.900000,310,330,350,360,460,690,1200,1800,4500,8600,12000,229636,109920,310,383.26995045550586,265.7838000013726,12066.266400004679,1648.2445827309307
1782827670,500,,Aggregated,95.300000,48.600000,310,330,350,360,460,690,1200,1800,4500,8600,12000,229736,109963,310,383.24318638350286,265.7838000013726,12066.266400004679,1648.4811479263153
1782827671,500,,Aggregated,93.800000,47.200000,310,330,350,360,460,690,1200,1800,4500,8600,12000,229841,110023,310,383.21116701676556,265.7838000013726,12066.266400004679,1648.6711987852473
1782827672,500,,Aggregated,95.300000,47.300000,310,330,350,360,460,690,1200,1800,4500,8600,12000,229949,110077,310,383.18448596602025,265.7838000013726,12066.266400004679,1648.8490013002884
1782827673,500,,Aggregated,96.800000,46.800000,310,330,350,360,460,690,1200,1800,4500,8600,12000,230038,110123,310,383.1626274741584,265.7838000013726,12066.266400004679,1649.1525574035595
1782827674,500,,Aggregated,97.600000,47.600000,310,330,350,360,460,690,1200,1800,4500,8600,12000,230140,110175,310,383.13570834796434,265.7838000013726,12066.266400004679,1648.480429303902
1782827675,500,,Aggregated,96.800000,47.800000,310,330,350,360,460,690,1200,1800,4500,8600,12000,230224,110216,310,383.111190908856,265.7838000013726,12066.266400004679,1649.2596601570644
1782827676,500,,Aggregated,96.100000,48.200000,310,330,350,360,460,690,1200,1800,4500,8600,12000,230331,110273,310,383.0857402703087,265.7838000013726,12066.266400004679,1648.9950896752935
1782827677,500,,Aggregated,95.700000,47.600000,310,330,350,360,460,690,1200,1800,4500,8600,12000,230433,110328,310,383.0557857902319,265.7838000013726,12066.266400004679,1648.7684142462233
1782827678,500,,Aggregated,96.000000,47.400000,310,330,350,360,460,690,1200,1800,4500,8600,12000,230525,110369,310,383.0284129161718,265.7838000013726,12066.266400004679,1648.6076304088494
1782827679,500,,Aggregated,97.100000,48.800000,310,330,350,360,460,690,1200,1800,4500,8600,12000,230618,110416,310,383.00219421120875,265.7838000013726,12066.266400004679,1648.442753818002
1782827680,500,,Aggregated,96.700000,49.000000,310,330,350,360,460,690,1200,1800,4500,8600,12000,230711,110462,310,382.97406848741707,265.7838000013726,12066.266400004679,1648.276471429624
1782827681,500,,Aggregated,96.800000,49.100000,310,330,350,360,460,690,1200,1800,4500,8600,12000,230817,110522,310,382.9388854291519,265.7838000013726,12066.266400004679,1648.0265058466232
1782827682,500,,Aggregated,97.200000,49.300000,310,330,350,360,460,690,1200,1800,4500,8600,12000,230901,110566,310,382.91166880568136,265.7838000013726,12066.266400004679,1647.9171289860155
1782827683,500,,Aggregated,96.900000,49.500000,310,330,350,360,460,690,1200,1800,4500,8600,12000,231008,110609,310,382.88290059348867,265.7838000013726,12066.266400004679,1648.5522709170245
1782827684,500,,Aggregated,95.800000,48.700000,310,330,350,360,460,690,1200,1800,4500,8600,12000,231096,110653,310,382.86435630863616,265.7838000013726,12066.266400004679,1647.977546128016
1782827685,500,,Aggregated,96.600000,48.600000,310,330,350,360,460,690,1200,1800,4500,8600,12000,231194,110715,310,382.83027305639695,265.7838000013726,12066.266400004679,1647.7742155938304
1782827686,500,,Aggregated,96.600000,48.100000,310,330,350,360,460,690,1200,1800,4500,8600,12000,231282,110760,310,382.8233897653105,265.7838000013726,12066.266400004679,1647.640754576664
1782827687,500,,Aggregated,94.800000,48.200000,310,330,350,360,460,690,1200,1800,4500,8600,12000,231407,110816,310,382.8243995453918,265.7838000013726,12066.266400004679,1647.7181805217647
1782827688,500,,Aggregated,95.300000,49.100000,310,330,350,360,460,690,1200,1800,4500,8600,12000,231510,110867,310,382.80114387758834,265.7838000013726,12066.266400004679,1647.483724245173
1782827689,500,,Aggregated,95.700000,49.200000,310,330,350,360,460,680,1200,1800,4500,8600,12000,231592,110907,310,382.7800169694998,265.7838000013726,12066.266400004679,1648.2711147189887
1782827690,500,,Aggregated,97.500000,48.600000,310,330,350,360,460,680,1200,1800,4500,8600,12000,231693,110958,310,382.7518785863204,265.7838000013726,12066.266400004679,1647.6127979697271
1782827691,500,,Aggregated,98.300000,49.400000,310,330,350,360,460,680,1200,1800,4500,8600,12000,231792,111011,310,382.7239043116257,265.7838000013726,12066.266400004679,1647.4019120590874
1782827692,500,,Aggregated,96.200000,48.900000,310,330,350,360,460,680,1200,1800,4500,8600,12000,231893,111062,310,382.6940392323204,265.7838000013726,12066.266400004679,1647.1821098523887
1782827693,500,,Aggregated,96.200000,48.500000,310,330,350,360,460,680,1200,1800,4500,8600,12000,231986,111115,310,382.66692820170397,265.7838000013726,12066.266400004679,1647.0149448673626
1782827694,500,,Aggregated,97.700000,49.300000,310,330,350,360,460,680,1200,1800,4500,8600,12000,232090,111181,310,382.6349776875368,265.7838000013726,12066.266400004679,1646.766642250851
1782827695,500,,Aggregated,96.900000,49.500000,310,330,350,360,460,680,1200,1800,4500,8600,12000,232205,111239,310,382.60701529381555,265.7838000013726,12066.266400004679,1646.9018195129304
1782827696,500,,Aggregated,97.000000,51.200000,310,330,350,360,460,680,1200,1800,4500,8600,12000,232293,111286,310,382.581596278409,265.7838000013726,12066.266400004679,1646.3333720775056
1782827697,500,,Aggregated,100.000000,52.400000,310,330,350,360,460,680,1200,1800,4500,8600,12000,232385,111334,310,382.555770466254,265.7838000013726,12066.266400004679,1646.6096736019967
1782827698,500,,Aggregated,99.300000,51.200000,310,330,350,360,460,680,1200,1800,4500,8600,12000,232493,111383,310,382.5296370153099,265.7838000013726,12066.266400004679,1645.9124059649107
1782827699,500,,Aggregated,98.300000,51.300000,310,330,350,360,460,680,1200,1800,4500,8600,12000,232584,111434,310,382.50449041679775,265.7838000013726,12066.266400004679,1645.7638272624083
1782827700,500,,Aggregated,97.900000,52.200000,310,330,350,360,460,680,1200,1800,4500,8600,12000,232683,111488,310,382.4775362961646,265.7838000013726,12066.266400004679,1645.55391240443
1782827701,500,,Aggregated,97.600000,51.900000,310,330,350,360,460,680,1200,1800,4500,8600,12000,232792,111547,310,382.4497625360858,265.7838000013726,12066.266400004679,1645.2852417608854
1782827702,500,,Aggregated,99.600000,53.000000,310,330,350,360,460,680,1200,1800,4500,8600,12000,232882,111593,310,382.42840692067426,265.7838000013726,12066.266400004679,1645.1370350649686
1782827703,500,,Aggregated,98.600000,52.800000,310,330,350,360,450,680,1200,1800,4500,8600,12000,232981,111651,310,382.40243828896143,265.7838000013726,12066.266400004679,1644.9282731209842
1782827704,500,,Aggregated,98.700000,52.900000,310,330,350,360,450,680,1200,1800,4400,8600,12000,233080,111706,310,382.3743107881438,265.7838000013726,12066.266400004679,1645.5966449287798
1782827705,500,,Aggregated,98.500000,52.700000,310,330,350,360,450,680,1200,1800,4400,8600,12000,233173,111756,310,382.34873898393283,265.7838000013726,12066.266400004679,1645.4309289669045
1782827706,500,,Aggregated,98.200000,52.300000,310,330,350,360,450,680,1200,1800,4400,8600,12000,233273,111801,310,382.32471846077544,265.7838000013726,12066.266400004679,1644.7930150510347
1782827707,500,,Aggregated,97.500000,52.800000,310,330,350,360,450,680,1200,1800,4400,8600,12000,233363,111846,310,382.3066653282675,265.7838000013726,12066.266400004679,1645.0877902666662
1782827708,500,,Aggregated,97.000000,51.900000,310,330,350,360,450,680,1200,1800,4400,8600,12000,233462,111899,310,382.27995570414225,265.7838000013726,12066.266400004679,1644.4480515030284
1782827709,500,,Aggregated,97.300000,50.700000,310,330,350,360,450,680,1200,1800,4400,8600,12000,233579,111956,310,382.2503367866994,265.7838000013726,12066.266400004679,1644.571117266535
1782827710,500,,Aggregated,95.300000,50.200000,310,330,350,360,450,680,1200,1800,4400,8600,12000,233662,111998,310,382.2462524116052,265.7838000013726,12066.266400004679,1644.4749124804205
1782827711,500,,Aggregated,96.700000,50.700000,310,330,350,360,450,680,1200,1800,4400,8600,12000,233760,112051,310,382.2504281943038,265.7838000013726,12066.266400004679,1645.1459274469541
1782827712,500,,Aggregated,97.000000,50.300000,310,330,350,360,450,680,1200,1800,4400,8600,12000,233862,112098,310,382.22705659705485,265.7838000013726,12066.266400004679,1645.3644799069536
1782827713,500,,Aggregated,95.800000,49.700000,310,330,350,360,450,680,1200,1800,4400,8600,12000,233964,112144,310,382.2062838047752,265.7838000013726,12066.266400004679,1645.1445307825136
1782827714,500,,Aggregated,96.800000,50.000000,310,330,350,360,450,680,1200,1800,4400,8600,12000,234055,112190,310,382.18434419816083,265.7838000013726,12066.266400004679,1644.9849778898122
1782827715,500,,Aggregated,96.900000,49.800000,310,330,350,360,450,680,1200,1800,4400,8600,12000,234148,112230,310,382.1592160812847,265.7838000013726,12066.266400004679,1644.8323581666295
1782827716,500,,Aggregated,97.300000,48.600000,310,330,350,360,450,680,1200,1800,4400,8600,12000,234250,112278,310,382.1352847812198,265.7838000013726,12066.266400004679,1645.0479487726789
1782827717,500,,Aggregated,96.600000,47.000000,310,330,350,360,450,680,1200,1800,4400,8600,12000,234333,112321,310,382.1146546444621,265.7838000013726,12066.266400004679,1644.9551108892047
1782827718,500,,Aggregated,97.300000,47.800000,310,330,350,360,450,680,1200,1800,4400,8600,12000,234440,112368,310,382.0898789835383,265.7838000013726,12066.266400004679,1644.7079977819485
1782827719,500,,Aggregated,97.000000,47.800000,310,330,350,360,450,680,1200,1800,4400,8600,12000,234543,112419,310,382.0630948239799,265.7838000013726,12066.266400004679,1644.0526769078592
1782827720,500,,Aggregated,96.800000,47.000000,310,330,350,360,450,680,1200,1800,4400,8600,12000,234626,112463,310,382.03944303189195,265.7838000013726,12066.266400004679,1643.5201895783075
1782827721,500,,Aggregated,97.100000,46.700000,310,330,350,360,450,680,1200,1800,4400,8600,12000,234718,112511,310,382.014628005098,265.7838000013726,12066.266400004679,1642.9350625005325
1782827722,500,,Aggregated,96.200000,46.300000,310,330,350,360,450,680,1200,1800,4400,8600,12000,234820,112564,310,381.98960387318226,265.7838000013726,12066.266400004679,1642.718273571246
1782827723,500,,Aggregated,96.300000,46.700000,310,330,350,360,450,680,1200,1800,4400,8600,12000,234933,112620,310,381.96194496516324,265.7838000013726,12066.266400004679,1642.4302503266888
1782827724,500,,Aggregated,95.200000,46.200000,310,330,350,360,450,680,1200,1800,4400,8600,12000,235024,112663,310,381.9431008560853,265.7838000013726,12066.266400004679,1642.279609741984
1782827725,500,,Aggregated,94.700000,45.600000,310,330,350,360,450,680,1200,1800,4400,8600,12000,235118,112714,310,381.91738634132884,265.7838000013726,12066.266400004679,1641.6810920473974
1782827726,500,,Aggregated,96.700000,47.600000,310,330,350,360,450,680,1200,1800,4400,8600,12000,235217,112763,310,381.8890427907022,265.7838000013726,12066.266400004679,1641.053474026112
1782827727,500,,Aggregated,95.900000,47.100000,310,330,350,360,450,680,1200,1800,4400,8600,12000,235324,112823,310,381.8576031093324,265.7838000013726,12066.266400004679,1640.8061056245856
1782827728,500,,Aggregated,96.400000,47.900000,310,330,350,360,450,680,1200,1800,4400,8600,12000,235417,112865,310,381.83802336959747,265.7838000013726,12066.266400004679,1641.0793145779617
1782827729,500,,Aggregated,96.600000,48.400000,310,330,350,360,450,680,1200,1800,4400,8600,12000,235507,112904,310,381.8151035867325,265.7838000013726,12066.266400004679,1640.9471353293109
1782827730,500,,Aggregated,97.800000,49.100000,310,330,350,360,450,680,1200,1800,4400,8600,12000,235608,112959,310,381.7880138772902,265.7838000013726,12066.266400004679,1641.5929679807136
1782827731,500,,Aggregated,96.700000,49.100000,310,330,350,360,450,680,1200,1800,4400,8600,12000,235705,113012,310,381.7608278157046,265.7838000013726,12066.266400004679,1641.4003818332237
1782827732,500,,Aggregated,96.700000,48.700000,310,330,350,360,450,680,1200,1800,4400,8600,12000,235802,113071,310,381.7388775722879,265.7838000013726,12066.266400004679,1641.206966013859
1782827733,500,,Aggregated,98.100000,49.500000,310,330,350,360,450,680,1200,1800,4400,8600,12000,235894,113112,310,381.7200033048767,265.7838000013726,12066.266400004679,1640.6319024646664
1782827734,500,,Aggregated,97.500000,49.400000,310,330,350,360,450,680,1200,1800,4400,8600,12000,236002,113163,310,381.6970322276955,265.7838000013726,12066.266400004679,1639.9462165574869
1782827735,500,,Aggregated,97.500000,50.800000,310,330,350,360,450,680,1200,1800,4400,8600,12000,236098,113210,310,381.67116285271646,265.7838000013726,12066.266400004679,1639.336364560479
1782827736,500,,Aggregated,95.400000,48.500000,310,330,350,360,450,680,1200,1800,4400,8600,12000,236202,113255,310,381.6461124677212,265.7838000013726,12066.266400004679,1640.4070922346127
1782827737,500,,Aggregated,98.000000,50.200000,310,330,350,360,450,680,1200,1800,4400,8600,12000,236294,113303,310,381.6224664430776,265.7838000013726,12066.266400004679,1640.6753112647802
1782827738,500,,Aggregated,97.400000,49.100000,310,330,350,360,450,680,1200,1800,4400,8600,12000,236385,113344,310,381.60173769317197,265.7838000013726,12066.266400004679,1640.5383251898386
1782827739,500,,Aggregated,97.400000,48.700000,310,330,350,360,450,680,1200,1800,4400,8600,12000,236483,113398,310,381.57370529298294,265.7838000013726,12066.266400004679,1640.7721654410677
1782827740,500,,Aggregated,96.600000,48.000000,310,330,350,360,450,680,1200,1800,4400,8600,12000,236570,113444,310,381.55034767679945,265.7838000013726,12066.266400004679,1640.6493088726381
1782827741,500,,Aggregated,96.000000,47.900000,310,330,350,360,450,680,1200,1800,4400,8600,12000,236678,113503,310,381.51966260489115,265.7838000013726,12066.266400004679,1640.3912615452218
1782827742,500,,Aggregated,96.300000,48.800000,310,330,350,360,450,680,1200,1800,4400,8600,12000,236788,113562,310,381.49219868574625,265.7838000013726,12066.266400004679,1640.5525702315995
1782827743,500,,Aggregated,95.400000,48.200000,310,330,350,360,450,680,1200,1800,4400,8600,12000,236867,113597,310,381.48529278582686,265.7838000013726,12066.266400004679,1640.4876491870966
1782827744,500,,Aggregated,97.000000,48.600000,310,330,350,360,450,680,1200,1800,4400,8600,12000,236968,113652,310,381.4873783477112,265.7838000013726,12066.266400004679,1640.7067072347322
1782827745,500,,Aggregated,98.700000,49.200000,310,330,350,360,450,680,1200,1800,4400,8600,12000,237070,113705,310,381.4650866410782,265.7838000013726,12066.266400004679,1640.057177205045
1782827746,500,,Aggregated,96.700000,48.600000,310,330,350,360,450,680,1200,1800,4400,8600,12000,237166,113754,310,381.4427659158582,265.7838000013726,12066.266400004679,1639.4532690183248
1782827747,500,,Aggregated,96.000000,48.100000,310,330,350,360,450,680,1200,1800,4400,8600,12000,237256,113800,310,381.4229778184766,265.7838000013726,12066.266400004679,1639.3166874599588
1782827748,500,,Aggregated,96.100000,49.200000,310,330,350,360,450,680,1200,1800,4400,8600,12000,237358,113855,310,381.39874968486646,265.7838000013726,12066.266400004679,1639.9605279788336
1782827749,500,,Aggregated,96.200000,49.500000,310,330,350,360,450,680,1200,1800,4400,8600,12000,237458,113910,310,381.3753295437531,265.7838000013726,12066.266400004679,1639.755826293492
1782827750,500,,Aggregated,95.400000,49.400000,310,330,350,360,450,680,1200,1800,4400,8600,12000,237554,113949,310,381.3558338567255,265.7838000013726,12066.266400004679,1640.4495020079646
1782827751,500,,Aggregated,96.700000,51.000000,310,330,350,360,450,680,1200,1800,4400,8600,12000,237652,114006,310,381.32945170543707,265.7838000013726,12066.266400004679,1640.684395670981
1782827752,500,,Aggregated,96.700000,50.600000,310,330,350,360,450,680,1200,1800,4400,8600,12000,237726,114043,310,381.3231086578686,265.7838000013726,12066.266400004679,1640.647712071881
1782827753,500,,Aggregated,98.000000,50.200000,310,330,350,360,450,680,1200,1800,4400,8600,12000,237830,114094,310,381.30131120548475,265.7838000013726,12066.266400004679,1639.99764537695
1782827755,500,,Aggregated,96.300000,49.900000,310,330,350,360,450,680,1200,1800,4400,8600,12000,237928,114141,310,381.27911310564724,265.7838000013726,12066.266400004679,1640.6671177835312
1782827756,500,,Aggregated,95.200000,49.000000,310,330,350,360,450,680,1200,1800,4300,8600,12000,238016,114180,310,381.2622162413472,265.7838000013726,12066.266400004679,1640.5432491933316
1782827757,500,,Aggregated,94.900000,48.600000,310,330,350,360,450,680,1200,1800,4300,8600,12000,238119,114235,310,381.2437812035185,265.7838000013726,12066.266400004679,1640.3240858562315
1782827758,500,,Aggregated,93.500000,46.800000,310,330,350,360,450,680,1200,1800,4300,8600,12000,238231,114299,310,381.21800333751963,265.7838000013726,12066.266400004679,1639.6152599787602
1782827759,500,,Aggregated,94.100000,47.700000,310,330,350,360,450,680,1200,1800,4300,8600,12000,238326,114343,310,381.1989082873905,265.7838000013726,12066.266400004679,1640.3002861626512
1782827760,500,,Aggregated,96.900000,49.700000,310,330,350,360,450,680,1200,1800,4300,8600,12000,238423,114391,310,381.18564460140436,265.7838000013726,12066.266400004679,1640.1188014579132
1782827761,500,,Aggregated,96.900000,49.700000,310,330,350,360,450,680,1200,1800,4300,8600,12000,238527,114451,310,381.17763997451294,265.7838000013726,12066.266400004679,1639.888691846206
1782827762,500,,Aggregated,96.000000,48.100000,310,330,350,360,450,680,1200,1800,4300,8600,12000,238620,114503,310,381.1698849237309,265.7838000013726,12066.266400004679,1639.2984242729026
1782827763,500,,Aggregated,96.600000,49.800000,310,330,350,360,450,680,1200,1800,4300,8600,12000,238715,114552,310,381.15118399346767,265.7838000013726,12066.266400004679,1638.7024233919108
1782827764,500,,Aggregated,95.900000,49.400000,310,330,350,360,450,680,1200,1800,4300,8600,12000,238822,114613,310,381.13054875765494,265.7838000013726,12066.266400004679,1640.1580214553098
1782827765,500,,Aggregated,98.400000,50.600000,310,330,350,360,450,680,1200,1800,4300,8600,12000,238927,114670,310,381.1079580721339,265.7838000013726,12066.266400004679,1640.346867453239
1782827766,500,,Aggregated,98.000000,51.000000,310,330,350,360,450,680,1200,1800,4300,8600,12000,239016,114706,310,381.1010551649291,265.7838000013726,12066.266400004679,1640.2190564648392
1782827767,500,,Aggregated,99.100000,52.400000,310,330,350,360,450,680,1200,1800,4300,8600,12000,239104,114749,310,381.0870276787532,265.7838000013726,12066.266400004679,1640.0935659796573
1782827768,500,,Aggregated,99.100000,52.400000,310,330,350,360,450,680,1200,1800,4300,8600,12000,239201,114795,310,381.0642128331429,265.7838000013726,12066.266400004679,1640.7693989573622
1782827769,500,,Aggregated,97.500000,50.700000,310,330,350,360,450,680,1200,1800,4300,8600,12000,239306,114840,310,381.0463543567677,265.7838000013726,12066.266400004679,1641.395752718277
1782827770,500,,Aggregated,96.000000,49.200000,310,330,350,360,450,680,1200,1800,4300,8600,12000,239398,114890,310,381.0309039528344,265.7838000013726,12066.266400004679,1641.2374497698393
1782827771,500,,Aggregated,97.100000,49.300000,310,330,350,360,450,680,1200,1800,4300,8600,12000,239500,114943,310,381.0129276363282,265.7838000013726,12066.266400004679,1641.8677411273486
1782827772,500,,Aggregated,96.200000,49.000000,310,330,350,360,450,680,1200,1800,4300,8600,12000,239600,114995,310,380.9937078422397,265.7838000013726,12066.266400004679,1641.2351627712856
1782827773,500,,Aggregated,96.300000,48.600000,310,330,350,360,450,680,1200,1800,4300,8600,12000,239706,115047,310,380.96917880904374,265.7838000013726,12066.266400004679,1641.4259426130343
1782827774,500,,Aggregated,97.600000,48.700000,310,330,350,360,450,680,1200,1800,4300,8600,12000,239791,115088,310,380.9521126068149,265.7838000013726,12066.266400004679,1641.744431609193
1782827775,500,,Aggregated,97.500000,48.600000,310,330,350,360,450,680,1200,1800,4300,8600,12000,239902,115142,310,380.93219337729874,265.7838000013726,12066.266400004679,1641.4757776091903
1782827776,500,,Aggregated,96.700000,47.700000,310,330,350,360,450,680,1200,1800,4300,8600,12000,239985,115187,310,380.916287960917,265.7838000013726,12066.266400004679,1641.3782153051231
1782827777,500,,Aggregated,96.800000,47.100000,310,330,350,360,450,680,1200,1800,4300,8600,12000,240067,115223,310,380.9015960448565,265.7838000013726,12066.266400004679,1640.8728396655933
1782827778,500,,Aggregated,96.200000,47.500000,310,330,350,360,450,680,1200,1700,4300,8600,12000,240163,115271,310,380.8883329705269,265.7838000013726,12066.266400004679,1640.2699874668454
1782827779,500,,Aggregated,95.600000,47.600000,310,330,350,360,450,680,1200,1700,4300,8600,12000,240264,115320,310,380.8734453035022,265.7838000013726,12066.266400004679,1639.6457188759032
1782827780,500,,Aggregated,95.900000,47.200000,310,330,350,360,450,680,1200,1700,4300,8600,12000,240382,115383,310,380.846724275531,265.7838000013726,12066.266400004679,1639.3356366117264
1782827781,500,,Aggregated,95.000000,47.500000,310,330,350,360,450,680,1200,1700,4300,8600,12000,240471,115429,310,380.82907646743587,265.7838000013726,12066.266400004679,1639.6321510701914
1782827782,500,,Aggregated,97.700000,48.900000,310,330,350,360,450,680,1200,1700,4300,8600,12000,240564,115479,310,380.81136576794853,265.7838000013726,12066.266400004679,1640.3130975540812
1782827783,500,,Aggregated,95.700000,48.200000,310,330,350,360,450,680,1200,1700,4300,8600,12000,240660,115525,310,380.7881337945681,265.7838000013726,12066.266400004679,1639.717655613729
1782827784,500,,Aggregated,94.500000,47.700000,310,330,350,360,450,680,1200,1700,4300,8600,12000,240747,115575,310,380.77120723124614,265.7838000013726,12066.266400004679,1639.1693852882902
1782827785,500,,Aggregated,94.800000,48.000000,310,330,350,360,450,680,1200,1700,4300,8600,12000,240846,115624,310,380.7525835870261,265.7838000013726,12066.266400004679,1639.4037393189008
1782827786,500,,Aggregated,94.800000,48.000000,310,330,350,360,450,680,1200,1700,4300,8600,12000,240938,115670,310,380.73181056371766,265.7838000013726,12066.266400004679,1639.2528368293918
1782827787,500,,Aggregated,93.600000,47.300000,310,330,350,360,450,680,1200,1700,4300,8600,12000,241040,115714,310,380.7167901311027,265.7838000013726,12066.266400004679,1639.0493611018917
1782827788,500,,Aggregated,94.800000,47.700000,310,330,350,360,450,680,1200,1700,4300,8600,12000,241133,115756,310,380.69983892001943,265.7838000013726,12066.266400004679,1638.4803863428067
1782827789,500,,Aggregated,97.000000,48.900000,310,330,350,360,450,680,1200,1700,4300,8600,12000,241226,115795,310,380.6895356702887,265.7838000013726,12066.266400004679,1637.9102998847554
1782827790,500,,Aggregated,95.400000,48.400000,310,330,350,360,450,680,1200,1700,4300,8600,12000,241326,115844,310,380.68441733754787,265.7838000013726,12066.266400004679,1637.7125465138442
1782827791,500,,Aggregated,96.200000,47.600000,310,330,350,360,450,680,1200,1700,4300,8600,12000,241422,115889,310,380.669543842736,265.7838000013726,12066.266400004679,1638.3859921631004
1782827792,500,,Aggregated,93.200000,45.700000,310,330,350,360,450,680,1200,1700,4300,8600,12000,241530,115956,310,380.6516551604394,265.7838000013726,12066.266400004679,1637.7061648656481
1782827793,500,,Aggregated,94.700000,46.100000,310,330,350,360,450,680,1200,1700,4300,8600,12000,241621,116001,310,380.64229726928113,265.7838000013726,12066.266400004679,1637.1363416259348
1782827794,500,,Aggregated,96.500000,47.500000,310,330,350,360,450,680,1200,1700,4300,8600,12000,241700,116045,310,380.6287576276418,265.7838000013726,12066.266400004679,1637.49352089367
1782827795,500,,Aggregated,95.800000,47.200000,310,330,350,360,450,680,1200,1700,4300,8600,12000,241805,116095,310,380.6150603159611,265.7838000013726,12066.266400004679,1636.8465995326812
1782827796,500,,Aggregated,94.700000,46.800000,310,330,350,360,450,680,1200,1700,4300,8600,12000,241894,116130,310,380.6082721894752,265.7838000013726,12066.266400004679,1636.7249001628813
1782827797,500,,Aggregated,94.600000,46.800000,310,330,350,360,450,680,1200,1700,4300,8600,12000,241991,116180,310,380.5978813807163,265.7838000013726,12066.266400004679,1636.5485080023636
1782827798,500,,Aggregated,94.400000,45.900000,310,330,350,360,450,680,1200,1700,4300,8600,12000,242087,116231,310,380.5872387707759,265.7838000013726,12066.266400004679,1635.949398356789
1782827799,500,,Aggregated,93.500000,45.300000,310,330,350,360,450,680,1200,1700,4300,8600,12000,242188,116288,310,380.57337307422694,265.7838000013726,12066.266400004679,1636.5855409846895
1782827800,500,,Aggregated,94.700000,46.700000,310,330,350,360,450,680,1200,1700,4300,8600,12000,242269,116334,310,380.5665365936247,265.7838000013726,12066.266400004679,1636.9236716212145
1782827801,500,,Aggregated,95.100000,48.300000,310,330,350,360,450,680,1200,1700,4300,8600,12000,242367,116388,310,380.5547983401241,265.7838000013726,12066.266400004679,1636.3140402777606
1782827802,500,,Aggregated,94.500000,48.700000,310,330,350,360,450,680,1200,1700,4300,8600,12000,242465,116438,310,380.54216033201016,265.7838000013726,12066.266400004679,1635.7081310704639
1782827803,500,,Aggregated,93.100000,48.600000,310,330,350,360,450,680,1200,1700,4300,8600,12000,242572,116492,310,380.5373641941397,265.7838000013726,12066.266400004679,1635.0479816301963
1782827804,500,,Aggregated,92.600000,47.900000,310,330,350,360,450,680,1200,1700,4300,8600,12000,242660,116536,310,380.5243826357904,265.7838000013726,12066.266400004679,1634.5077598285668
1782827805,500,,Aggregated,94.000000,48.500000,310,330,350,360,450,680,1200,1700,4300,8600,12000,242760,116583,310,380.5164297108291,265.7838000013726,12066.266400004679,1635.1543788103477
1782827806,500,,Aggregated,95.700000,48.700000,310,330,350,360,450,680,1200,1700,4300,8600,12000,242848,116623,310,380.5057413320304,265.7838000013726,12066.266400004679,1635.460259092107
1782827807,500,,Aggregated,94.800000,48.700000,310,330,350,360,450,680,1200,1700,4300,8600,12000,242953,116674,310,380.49572749544535,265.7838000013726,12066.266400004679,1635.6496524019049
1782827808,500,,Aggregated,95.500000,49.400000,310,330,350,360,450,680,1200,1700,4300,8600,12000,243051,116720,310,380.4912086590919,265.7838000013726,12066.266400004679,1635.8910845871853
1782827809,500,,Aggregated,95.000000,49.000000,310,330,350,360,450,680,1200,1700,4300,8600,12000,243129,116761,310,380.48314765947697,265.7838000013726,12066.266400004679,1635.4107695914515
1782827810,500,,Aggregated,96.100000,49.100000,310,330,350,360,450,680,1200,1700,4300,8600,12000,243244,116825,310,380.4693167868516,265.7838000013726,12066.266400004679,1635.113692424068
1782827811,500,,Aggregated,93.600000,47.700000,310,330,350,360,450,680,1200,1700,4300,8600,12000,243341,116871,310,380.4600762991066,265.7838000013726,12066.266400004679,1634.5200397795686
1782827812,500,,Aggregated,94.700000,47.600000,310,330,350,360,450,680,1200,1700,4300,8600,12000,243433,116914,310,380.45444084615013,265.7838000013726,12066.266400004679,1634.7944485751727
1782827813,500,,Aggregated,97.600000,48.800000,310,330,350,360,450,680,1200,1700,4300,8600,12000,243548,116970,310,380.4365606553978,265.7838000013726,12066.266400004679,1634.513553796377
1782827814,500,,Aggregated,96.800000,47.500000,310,330,350,360,450,680,1200,1700,4300,8600,12000,243626,117009,310,380.43003929301807,265.7838000013726,12066.266400004679,1634.0367653698702
1782827815,500,,Aggregated,95.400000,46.900000,310,330,350,360,450,680,1200,1700,4300,8600,12000,243721,117058,310,380.41039319591243,265.7838000013726,12066.266400004679,1634.7078134424198
1782827816,500,,Aggregated,95.300000,47.300000,310,330,350,360,450,680,1200,1700,4300,8600,12000,243822,117106,310,380.4019031888056,265.7838000013726,12066.266400004679,1634.0939537859585
1782827817,500,,Aggregated,95.300000,46.900000,310,330,350,360,450,680,1200,1700,4300,8600,12000,243923,117167,310,380.3875123735813,265.7838000013726,12066.266400004679,1634.2977496997003
1782827818,500,,Aggregated,94.200000,46.800000,310,330,350,360,450,680,1200,1700,4300,8600,12000,244018,117221,310,380.37881390266716,265.7838000013726,12066.266400004679,1633.7126933259021
1782827819,500,,Aggregated,96.200000,48.700000,310,330,350,360,450,680,1200,1700,4300,8600,12000,244109,117265,310,380.3623776251637,265.7838000013726,12066.266400004679,1633.1630624024513
1782827820,500,,Aggregated,95.700000,48.800000,310,330,350,360,450,680,1200,1700,4300,8600,12000,244212,117314,310,380.35801685093764,265.7838000013726,12066.266400004679,1633.371582887
1782827821,500,,Aggregated,97.000000,49.100000,310,330,350,360,450,680,1200,1700,4300,8600,12000,244305,117360,310,380.3467031546684,265.7838000013726,12066.266400004679,1633.6428931049304
1782827822,500,,Aggregated,96.400000,49.500000,310,330,350,360,450,680,1200,1700,4300,8600,12000,244400,117408,310,380.3332872941946,265.7838000013726,12066.266400004679,1633.8965793780687
1782827823,500,,Aggregated,95.400000,48.500000,310,330,350,360,450,680,1200,1700,4300,8600,12000,244504,117456,310,380.32306092579717,265.7838000013726,12066.266400004679,1633.2616480711972
1782827824,500,,Aggregated,94.800000,48.500000,310,330,350,360,450,680,1200,1700,4300,8600,12000,244598,117502,310,380.3113709278127,265.7838000013726,12066.266400004679,1633.1062927742664
1782827825,500,,Aggregated,96.700000,49.000000,310,330,350,360,450,680,1200,1700,4300,8600,12000,244709,117568,310,380.2990471098371,265.7838000013726,12066.266400004679,1632.4147293315734
1782827826,500,,Aggregated,96.300000,48.900000,310,330,350,360,450,680,1200,1700,4300,8600,12000,244788,117607,310,380.30034157761474,265.7838000013726,12066.266400004679,1632.3489141624589
1782827827,500,,Aggregated,97.400000,49.500000,310,330,350,360,450,680,1200,1700,4300,8600,12000,244899,117663,310,380.2966576645935,265.7838000013726,12066.266400004679,1632.0934630194488
1782827828,500,,Aggregated,98.700000,50.800000,310,330,350,360,450,680,1200,1700,4300,8600,12000,244999,117706,310,380.2926650272093,265.7838000013726,12066.266400004679,1632.7334682998705
1782827829,500,,Aggregated,96.200000,49.000000,310,330,350,360,450,680,1200,1700,4300,8600,12000,245085,117752,310,380.2757746422721,265.7838000013726,12066.266400004679,1633.0443356386559
1782827830,500,,Aggregated,96.500000,48.800000,310,330,350,360,450,680,1200,1700,4300,8600,12000,245175,117797,310,380.2703212032271,265.7838000013726,12066.266400004679,1632.497636382176
1782827831,500,,Aggregated,96.600000,48.400000,310,330,350,360,450,680,1200,1700,4300,8600,12000,245269,117851,310,380.2900503129262,265.7838000013726,12066.266400004679,1632.7481826076676
1782827832,500,,Aggregated,97.500000,48.700000,310,330,350,360,450,680,1200,1700,4300,8600,12000,245365,117892,310,380.31741028142176,265.7838000013726,12066.266400004679,1633.4136572045727
1782827833,500,,Aggregated,96.400000,48.200000,310,330,350,360,450,680,1200,1700,4300,8600,12000,245455,117932,310,380.3415211191504,265.7838000013726,12066.266400004679,1632.8704976472266
1782827834,500,,Aggregated,97.200000,48.800000,310,330,350,360,450,680,1200,1700,4300,8600,12000,245555,117982,310,380.3574586622187,265.7838000013726,12066.266400004679,1632.2631915456823
1782827835,500,,Aggregated,94.600000,47.600000,310,330,350,360,450,680,1200,1700,4300,8600,12000,245664,118048,310,380.3337923008706,265.7838000013726,12066.266400004679,1632.009285039729
1782827836,500,,Aggregated,94.200000,47.100000,310,330,350,360,450,680,1200,1700,4300,8600,12000,245757,118090,310,380.3229159608922,265.7838000013726,12066.266400004679,1633.1133802902868
1782827837,500,,Aggregated,93.800000,47.200000,310,330,350,360,450,680,1200,1700,4300,8600,12000,245859,118134,310,380.30571068702375,265.7838000013726,12066.266400004679,1632.9163463611258
1782827838,500,,Aggregated,94.900000,47.500000,310,330,350,360,450,680,1200,1700,4300,8600,12000,245960,118180,310,380.2933906769434,265.7838000013726,12066.266400004679,1632.3036875914784
1782827839,500,,Aggregated,95.400000,47.500000,310,330,350,360,450,680,1200,1700,4300,8600,12000,246050,118222,310,380.2771801727332,265.7838000013726,12066.266400004679,1632.1742653932129
1782827840,500,,Aggregated,95.300000,46.400000,310,330,350,360,450,680,1200,1700,4300,8600,12000,246148,118265,310,380.25896533061797,265.7838000013726,12066.266400004679,1632.4216040755969
1782827841,500,,Aggregated,94.900000,47.000000,310,330,350,360,450,680,1200,1700,4300,8600,12000,246258,118322,310,380.2416924266458,265.7838000013726,12066.266400004679,1632.5812887297063
1782827842,500,,Aggregated,94.700000,46.000000,310,330,350,360,450,680,1200,1700,4300,8600,12000,246342,118356,310,380.2270529321062,265.7838000013726,12066.266400004679,1632.0879955509008
1782827843,500,,Aggregated,95.900000,46.000000,310,330,350,360,450,680,1200,1700,4300,8600,12000,246426,118397,310,380.2137920771384,265.7838000013726,12066.266400004679,1631.5831486937254
1782827844,500,,Aggregated,96.400000,46.400000,310,330,350,360,450,680,1100,1700,4300,8600,12000,246526,118455,310,380.1969768831723,265.7838000013726,12066.266400004679,1630.9731022285682
1782827845,500,,Aggregated,95.500000,45.400000,310,330,350,360,450,680,1100,1700,4300,8600,12000,246621,118499,310,380.18228667267135,265.7838000013726,12066.266400004679,1630.8070440067959
1782827846,500,,Aggregated,96.400000,46.400000,310,330,350,360,450,680,1100,1700,4300,8600,12000,246724,118559,310,380.16176762334004,265.7838000013726,12066.266400004679,1632.24764514194
1782827847,500,,Aggregated,96.200000,46.400000,310,330,350,360,450,680,1100,1700,4300,8600,12000,246829,118612,310,380.1448014860529,265.7838000013726,12066.266400004679,1632.440207593111
1782827848,500,,Aggregated,95.000000,45.300000,310,330,350,360,450,680,1100,1700,4300,8600,12000,246912,118659,310,380.12710792873963,265.7838000013726,12066.266400004679,1632.7596431117158
1782827849,500,,Aggregated,96.000000,46.300000,310,330,350,360,450,680,1100,1700,4300,8600,12000,247013,118704,310,380.1162488533029,265.7838000013726,12066.266400004679,1632.9765842283605
1782827850,500,,Aggregated,96.400000,48.000000,310,330,350,360,450,680,1100,1700,4300,8600,12000,247127,118765,310,380.0939787243037,265.7838000013726,12066.266400004679,1633.1070987791702
1782827851,500,,Aggregated,96.000000,48.100000,310,330,350,360,450,680,1100,1700,4300,8600,12000,247222,118811,310,380.0837826847977,265.7838000013726,12066.266400004679,1633.76762585854
1782827852,500,,Aggregated,95.900000,48.000000,310,330,350,360,450,680,1100,1700,4300,8600,12000,247308,118855,310,380.0797227550305,265.7838000013726,12066.266400004679,1634.0735560515632
1782827853,500,,Aggregated,96.400000,49.000000,310,330,350,360,450,680,1100,1700,4300,8600,12000,247434,118913,310,380.0631265577934,265.7838000013726,12066.266400004679,1633.3165288521384
1782827854,500,,Aggregated,95.100000,48.400000,310,330,350,360,450,680,1100,1700,4300,8600,12000,247525,118955,310,380.0532406116596,265.7838000013726,12066.266400004679,1633.1798687001312
1782827855,500,,Aggregated,97.500000,50.000000,310,330,350,360,450,680,1100,1700,4300,8600,12000,247621,118995,310,380.04448422751307,265.7838000013726,12066.266400004679,1633.0168887129928
1782827856,500,,Aggregated,99.200000,50.600000,310,330,350,360,450,680,1100,1700,4300,8600,12000,247705,119036,310,380.02760399951984,265.7838000013726,12066.266400004679,1632.9313740134435
1782827857,500,,Aggregated,99.000000,49.600000,310,330,350,360,450,680,1100,1700,4300,8600,12000,247809,119091,310,380.01449766191354,265.7838000013726,12066.266400004679,1632.7185695434791
1782827858,500,,Aggregated,98.500000,48.800000,310,330,350,360,450,680,1100,1700,4300,8600,12000,247898,119140,310,380.0030682764728,265.7838000013726,12066.266400004679,1633.0009560383705
1782827859,500,,Aggregated,97.400000,47.700000,310,330,350,360,450,680,1100,1700,4300,8600,12000,247990,119186,310,379.9883400927498,265.7838000013726,12066.266400004679,1632.4469656034516
1782827860,500,,Aggregated,96.600000,47.100000,310,330,350,360,450,680,1100,1700,4300,8600,12000,248099,119238,310,379.972319392666,265.7838000013726,12066.266400004679,1632.6109214466805
1782827861,500,,Aggregated,97.000000,47.000000,310,330,350,360,450,680,1100,1700,4300,8600,12000,248200,119287,310,379.95579764545124,265.7838000013726,12066.266400004679,1632.8275221595488
1782827862,500,,Aggregated,96.700000,47.500000,310,330,350,360,450,680,1100,1700,4300,8600,12000,248289,119328,310,379.9411274019429,265.7838000013726,12066.266400004679,1632.7112155592877
1782827863,500,,Aggregated,96.100000,46.700000,310,330,350,360,450,680,1100,1700,4300,8600,12000,248378,119371,310,379.929537894262,265.7838000013726,12066.266400004679,1632.1786832972325
1782827864,500,,Aggregated,97.600000,47.600000,310,330,350,360,450,680,1100,1700,4300,8600,12000,248480,119423,310,379.91047336566703,265.7838000013726,12066.266400004679,1632.79777446877
1782827865,500,,Aggregated,96.400000,46.900000,310,330,350,360,450,680,1100,1700,4300,8600,12000,248574,119471,310,379.89670700194307,265.7838000013726,12066.266400004679,1632.6424887558635
1782827866,500,,Aggregated,94.300000,45.600000,310,330,350,360,450,680,1100,1700,4300,8600,12000,248672,119516,310,379.884919629878,265.7838000013726,12066.266400004679,1632.8755589692446
1782827867,500,,Aggregated,94.800000,46.300000,310,330,350,360,450,680,1100,1700,4300,8600,12000,248783,119563,310,379.8666665696654,265.7838000013726,12066.266400004679,1632.6236238006616
1782827868,500,,Aggregated,95.000000,47.300000,310,330,350,360,450,680,1100,1700,4300,8600,12000,248869,119609,310,379.8635575081712,265.7838000013726,12066.266400004679,1632.1085028669702
1782827870,500,,Aggregated,96.900000,46.800000,310,330,350,360,450,680,1100,1700,4300,8600,12000,248962,119663,310,379.86500850451495,265.7838000013726,12066.266400004679,1631.5481278267366
1782827871,500,,Aggregated,96.300000,46.700000,310,330,350,360,450,680,1100,1700,4300,8600,12000,249071,119720,310,379.84391961409017,265.7838000013726,12066.266400004679,1632.5315592742631
1782827872,500,,Aggregated,96.500000,47.600000,310,330,350,360,450,680,1100,1700,4300,8600,12000,249163,119766,310,379.8303578368422,265.7838000013726,12066.266400004679,1633.2035213896124
1782827873,500,,Aggregated,96.700000,48.200000,310,330,350,360,450,680,1100,1700,4300,8600,12000,249247,119817,310,379.8103058034847,265.7838000013726,12066.266400004679,1634.3283810838245
1782827874,500,,Aggregated,95.800000,47.500000,310,330,350,360,450,680,1100,1700,4300,8600,12000,249358,119872,310,379.7903040961229,265.7838000013726,12066.266400004679,1633.670926940383
1782827875,500,,Aggregated,95.400000,48.600000,310,330,350,360,450,680,1100,1700,4300,8600,12000,249454,119921,310,379.7773346408598,265.7838000013726,12066.266400004679,1633.5034876169555
1782827876,500,,Aggregated,97.000000,49.600000,310,330,350,360,450,680,1100,1700,4300,8600,12000,249549,119967,310,379.76051758532816,265.7838000013726,12066.266400004679,1634.1617037134993
1782827877,500,,Aggregated,97.100000,49.800000,310,330,350,360,450,680,1100,1700,4300,8600,12000,249655,120016,310,379.7429602431393,265.7838000013726,12066.266400004679,1634.3504396066571
1782827878,500,,Aggregated,96.700000,49.200000,310,330,350,360,450,680,1100,1700,4300,8600,12000,249763,120062,310,379.72677483254495,265.7838000013726,12066.266400004679,1634.9348582456169
1782827879,500,,Aggregated,97.600000,49.700000,310,330,350,360,450,680,1100,1700,4300,8600,12000,249851,120110,310,379.70949717512013,265.7838000013726,12066.266400004679,1635.2165970918668
1782827880,500,,Aggregated,97.700000,49.800000,310,330,350,360,450,680,1100,1700,4300,8600,12000,249942,120159,310,379.6927146097935,265.7838000013726,12066.266400004679,1635.0734690448185
1782827881,500,,Aggregated,97.000000,49.300000,310,330,350,360,450,680,1100,1700,4300,8600,12000,250039,120201,310,379.6703343562444,265.7838000013726,12066.266400004679,1636.1315394798412
1782827882,500,,Aggregated,97.600000,49.300000,310,330,350,360,450,680,1100,1700,4300,8600,12000,250124,120251,310,379.6545836705036,265.7838000013726,12066.266400004679,1635.6118805072683
1782827883,500,,Aggregated,96.700000,48.000000,310,330,350,360,450,680,1100,1700,4300,8600,12000,250224,120297,310,379.63844976181764,265.7838000013726,12066.266400004679,1635.4231048980114
1782827884,500,,Aggregated,95.900000,48.300000,310,330,350,360,450,680,1100,1700,4300,8600,12000,250333,120350,310,379.62406842606083,265.7838000013726,12066.266400004679,1635.588088665897
1782827885,500,,Aggregated,96.800000,47.300000,310,330,350,360,450,680,1100,1700,4300,8600,12000,250433,120397,310,379.6086414901434,265.7838000013726,12066.266400004679,1634.9975242879334
1782827886,500,,Aggregated,96.900000,47.700000,310,330,350,360,450,680,1100,1700,4300,8600,12000,250524,120442,310,379.5964698787386,265.7838000013726,12066.266400004679,1635.2674713799875
1782827887,500,,Aggregated,97.700000,47.500000,310,330,350,360,450,680,1100,1700,4300,8600,12000,250612,120485,310,379.58037510534643,265.7838000013726,12066.266400004679,1635.1480376039456
1782827888,500,,Aggregated,96.700000,47.000000,310,330,350,360,450,680,1100,1700,4300,8600,12000,250706,120527,310,379.5656937863514,265.7838000013726,12066.266400004679,1635.0016872352476
1782827889,500,,Aggregated,95.100000,46.600000,310,330,350,360,450,680,1100,1700,4300,8600,12000,250808,120578,310,379.54438666789366,265.7838000013726,12066.266400004679,1635.2057988580907
1782827890,500,,Aggregated,93.900000,46.300000,310,330,350,360,450,680,1100,1700,4300,8600,12000,250910,120632,310,379.52976524929727,265.7838000013726,12066.266400004679,1634.6004025347734
1782827891,500,,Aggregated,95.700000,47.100000,310,330,350,360,450,680,1100,1700,4200,8600,12000,251008,120684,310,379.51381290238226,265.7838000013726,12066.266400004679,1634.4231418918919
1782827892,500,,Aggregated,96.400000,47.300000,310,330,350,360,450,680,1100,1700,4200,8600,12000,251108,120731,310,379.49796366942167,265.7838000013726,12066.266400004679,1633.8271938767382
1782827893,500,,Aggregated,95.800000,47.700000,310,330,350,360,450,680,1100,1700,4200,8600,12000,251195,120780,310,379.47819028285295,265.7838000013726,12066.266400004679,1634.5225462290252
1782827894,500,,Aggregated,97.300000,47.700000,310,330,350,360,450,680,1100,1700,4200,8600,12000,251292,120833,310,379.46109972423,265.7838000013726,12066.266400004679,1633.9426603314073
1782827895,500,,Aggregated,97.300000,48.800000,310,330,350,360,450,680,1100,1700,4200,8600,12000,251397,120883,310,379.4423071540282,265.7838000013726,12066.266400004679,1633.3207436842922
1782827896,500,,Aggregated,95.500000,48.000000,310,330,350,360,450,680,1100,1700,4200,8600,12000,251494,120938,310,379.4255602113816,265.7838000013726,12066.266400004679,1633.5500449314893
1782827897,500,,Aggregated,94.800000,47.500000,310,330,350,360,450,680,1100,1700,4200,8600,12000,251599,120994,310,379.40684156455836,265.7838000013726,12066.266400004679,1633.3281571071427
1782827898,500,,Aggregated,96.200000,49.100000,310,330,350,360,450,680,1100,1700,4200,8600,12000,251680,121034,310,379.3895174976212,265.7838000013726,12066.266400004679,1633.256563890655
1782827899,500,,Aggregated,97.700000,50.300000,310,330,350,360,450,680,1100,1700,4200,8600,12000,251789,121092,310,379.370135727539,265.7838000013726,12066.266400004679,1632.60656343208
1782827900,500,,Aggregated,96.600000,50.200000,310,330,350,360,450,680,1100,1700,4200,8600,12000,251884,121133,310,379.35664830795673,265.7838000013726,12066.266400004679,1632.4480514840166
1782827901,500,,Aggregated,97.100000,50.600000,310,330,350,360,450,680,1100,1700,4200,8600,12000,251963,121178,310,379.34024033370525,265.7838000013726,12066.266400004679,1632.3804764985334
1782827902,500,,Aggregated,96.500000,49.500000,310,330,350,360,450,680,1100,1700,4200,8600,12000,252066,121229,310,379.32089441654705,265.7838000013726,12066.266400004679,1632.5744170177652
1782827903,500,,Aggregated,95.600000,49.200000,310,330,350,360,450,680,1100,1700,4200,8600,12000,252161,121274,310,379.30288830588916,265.7838000013726,12066.266400004679,1633.629451025337
1782827904,500,,Aggregated,95.300000,49.700000,310,330,350,360,450,680,1100,1700,4200,8600,12000,252254,121319,310,379.28712749768636,265.7838000013726,12066.266400004679,1633.8874507440912
1782827905,500,,Aggregated,95.500000,48.700000,310,330,350,360,450,680,1100,1700,4200,8600,12000,252337,121371,310,379.26781481630275,265.7838000013726,12066.266400004679,1633.3903351470453
1782827906,500,,Aggregated,95.500000,48.300000,310,330,350,360,450,680,1100,1700,4200,8600,12000,252440,121426,310,379.26482174933227,265.7838000013726,12066.266400004679,1633.1867017905245
1782827907,500,,Aggregated,93.900000,48.900000,310,330,350,360,450,680,1100,1700,4200,8600,12000,252550,121484,310,379.2723625563312,265.7838000013726,12066.266400004679,1633.3422450999801
1782827908,500,,Aggregated,94.400000,48.700000,310,330,350,360,450,680,1100,1700,4200,8600,12000,252645,121526,310,379.2610562362267,265.7838000013726,12066.266400004679,1632.7836727423855
1782827909,500,,Aggregated,94.300000,48.500000,310,330,350,360,450,680,1100,1700,4200,8600,12000,252751,121577,310,379.2473552979078,265.7838000013726,12066.266400004679,1632.563463646039
1782827910,500,,Aggregated,94.800000,48.500000,310,330,350,360,450,680,1100,1700,4200,8600,12000,252834,121616,310,379.2304632608808,265.7838000013726,12066.266400004679,1632.8838012292651
1782827911,500,,Aggregated,95.400000,48.700000,310,330,350,360,450,680,1100,1700,4200,8600,12000,252949,121672,310,379.21197729898716,265.7838000013726,12066.266400004679,1632.6083479278432
1782827912,500,,Aggregated,94.000000,47.900000,310,330,350,360,450,680,1100,1700,4200,8600,12000,253029,121707,310,379.19775754518895,265.7838000013726,12066.266400004679,1632.1426200158876
1782827913,500,,Aggregated,97.800000,49.400000,310,330,350,360,450,680,1100,1700,4200,8600,12000,253137,121764,310,379.17357320700467,265.7838000013726,12066.266400004679,1631.5072707664228
1782827914,500,,Aggregated,96.200000,47.800000,310,330,350,360,450,680,1100,1700,4200,8600,12000,253231,121806,310,379.15806197938446,265.7838000013726,12066.266400004679,1631.3632138245318
1782827915,500,,Aggregated,95.800000,48.500000,310,330,350,360,450,680,1100,1700,4200,8600,12000,253335,121863,310,379.1414922024257,265.7838000013726,12066.266400004679,1631.151874000829
1782827916,500,,Aggregated,96.400000,47.700000,310,330,350,360,450,680,1100,1700,4200,8600,12000,253425,121899,310,379.1296759696219,265.7838000013726,12066.266400004679,1631.0283555292492
1782827917,500,,Aggregated,99.000000,48.800000,310,330,350,360,450,680,1100,1700,4200,8600,12000,253517,121950,310,379.1115892504308,265.7838000013726,12066.266400004679,1631.287988576703
1782827918,500,,Aggregated,97.600000,47.400000,310,330,350,360,450,680,1100,1700,4200,8600,12000,253621,122007,310,379.08869240836333,265.7838000013726,12066.266400004679,1631.4784580141234
1782827919,500,,Aggregated,96.800000,46.500000,310,330,350,360,450,680,1100,1700,4200,8600,12000,253739,122069,310,379.06730158864616,265.7838000013726,12066.266400004679,1631.1880712070276
1782827920,500,,Aggregated,98.400000,48.300000,310,330,350,360,450,680,1100,1700,4200,8600,12000,253834,122116,310,379.0458388702912,265.7838000013726,12066.266400004679,1631.035972328372
1782827921,500,,Aggregated,98.300000,48.000000,310,330,350,360,450,680,1100,1700,4200,8600,12000,253932,122164,310,379.029385949788,265.7838000013726,12066.266400004679,1631.6568569538301
1782827922,500,,Aggregated,100.000000,50.100000,310,330,350,360,450,680,1100,1700,4200,8600,12000,254024,122210,310,379.00934259558767,265.7838000013726,12066.266400004679,1631.924562246087
1782827923,500,,Aggregated,97.300000,48.400000,310,330,350,360,450,680,1100,1700,4200,8600,12000,254097,122251,310,379.0015366427056,265.7838000013726,12066.266400004679,1632.294733900833
1782827924,500,,Aggregated,97.900000,49.200000,310,330,350,360,450,680,1100,1700,4200,8600,12000,254193,122297,310,379.0033514557898,265.7838000013726,12066.266400004679,1633.733253866157
1782827925,500,,Aggregated,97.400000,49.200000,310,330,350,360,450,680,1100,1700,4200,8600,12000,254317,122356,310,378.9980831065233,265.7838000013726,12066.266400004679,1633.411093241899
1782827926,500,,Aggregated,96.300000,49.200000,310,330,350,360,450,680,1100,1700,4200,8600,12000,254412,122413,310,378.97901517578475,265.7838000013726,12066.266400004679,1634.050410358002
1782827927,500,,Aggregated,97.200000,48.800000,310,330,350,360,450,680,1100,1700,4200,8600,12000,254501,122463,310,378.9594476061068,265.7838000013726,12066.266400004679,1633.9269629588882
1782827928,500,,Aggregated,97.400000,50.000000,310,330,350,360,450,680,1100,1700,4200,8600,12000,254597,122515,310,378.94205155363863,265.7838000013726,12066.266400004679,1633.7624638153632
1782827929,500,,Aggregated,98.100000,51.000000,310,330,350,360,450,680,1100,1700,4200,8600,12000,254699,122570,310,378.92333312224116,265.7838000013726,12066.266400004679,1633.95801318419
1782827930,500,,Aggregated,97.100000,50.400000,310,330,350,360,450,680,1100,1700,4200,8600,12000,254799,122622,310,378.9051644449221,265.7838000013726,12066.266400004679,1633.7744928355291
1782827931,500,,Aggregated,94.700000,49.800000,310,330,350,360,450,680,1100,1700,4200,8600,12000,254894,122678,310,378.88419228856577,265.7838000013726,12066.266400004679,1633.6143651870973
1782827932,500,,Aggregated,95.100000,49.600000,310,330,350,360,450,680,1100,1700,4200,8600,12000,254995,122726,310,378.8656955489388,265.7838000013726,12066.266400004679,1633.8224239690974
1782827933,500,,Aggregated,94.800000,50.200000,310,330,350,360,450,680,1100,1700,4200,8600,12000,255104,122778,310,378.8413325714283,265.7838000013726,12066.266400004679,1633.9822033366784
1782827934,500,,Aggregated,96.300000,51.600000,310,330,350,360,450,680,1100,1700,4200,8600,12000,255196,122825,310,378.8247634802333,265.7838000013726,12066.266400004679,1634.2415986143983
1782827935,500,,Aggregated,98.200000,51.800000,310,330,350,360,450,680,1100,1700,4200,8600,12000,255282,122862,310,378.8084227654186,265.7838000013726,12066.266400004679,1634.1445342797376
1782827936,500,,Aggregated,99.600000,52.500000,310,330,350,360,450,680,1100,1700,4200,8600,12000,255379,122909,310,378.79409257026424,265.7838000013726,12066.266400004679,1634.3705159782128
1782827937,500,,Aggregated,96.600000,51.200000,310,330,350,360,450,680,1100,1700,4200,8600,12000,255477,122957,310,378.774678621956,265.7838000013726,12066.266400004679,1634.202499637932
1782827938,500,,Aggregated,96.900000,50.100000,310,330,350,360,450,680,1100,1700,4200,8600,12000,255577,123003,310,378.75690564409734,265.7838000013726,12066.266400004679,1635.6118782206536
1782827939,500,,Aggregated,95.500000,48.900000,310,330,350,360,450,680,1100,1700,4200,8600,12000,255678,123049,310,378.7388637497221,265.7838000013726,12066.266400004679,1635.8272084418684
1782827940,500,,Aggregated,95.900000,48.400000,310,330,350,360,450,680,1100,1700,4200,8600,12000,255770,123093,310,378.72096246862975,265.7838000013726,12066.266400004679,1635.690776869844
1782827941,500,,Aggregated,98.000000,48.600000,310,330,350,360,450,680,1100,1700,4200,8600,12000,255865,123140,310,378.70368352608364,265.7838000013726,12066.266400004679,1636.3346217732008
1782827942,500,,Aggregated,97.200000,47.200000,310,330,350,360,450,680,1100,1700,4200,8600,12000,255958,123184,310,378.6857495514943,265.7838000013726,12066.266400004679,1636.190179638847
1782827943,500,,Aggregated,96.500000,46.700000,310,330,350,360,450,680,1100,1700,4200,8600,12000,256050,123232,310,378.66810383792773,265.7838000013726,12066.266400004679,1635.6573950400311
1782827944,500,,Aggregated,95.500000,45.100000,310,330,350,360,450,680,1100,1700,4200,8600,12000,256160,123295,310,378.6431680176508,265.7838000013726,12066.266400004679,1635.0125546533416
1782827945,500,,Aggregated,94.500000,45.000000,310,330,350,360,450,680,1100,1700,4200,8600,12000,256251,123339,310,378.6276137974147,265.7838000013726,12066.266400004679,1634.8784824254344
1782827946,500,,Aggregated,94.000000,45.300000,310,330,350,360,450,680,1100,1700,4200,8600,12000,256339,123382,310,378.6278680672911,265.7838000013726,12066.266400004679,1634.7626658448382
1782827947,500,,Aggregated,96.200000,46.600000,310,330,350,360,450,680,1100,1700,4200,8600,12000,256435,123430,310,378.62918943319465,265.7838000013726,12066.266400004679,1634.6032054906702
1782827948,500,,Aggregated,96.100000,47.100000,310,330,350,360,450,680,1100,1700,4200,8600,12000,256534,123483,310,378.6078057914398,265.7838000013726,12066.266400004679,1634.4170012551942
1782827949,500,,Aggregated,95.800000,47.000000,310,330,350,360,450,680,1100,1700,4200,8600,12000,256639,123542,310,378.5845846648447,265.7838000013726,12066.266400004679,1633.799484879539
1782827950,500,,Aggregated,95.500000,47.500000,310,330,350,360,450,680,1100,1700,4200,8600,12000,256725,123588,310,378.5653052928275,265.7838000013726,12066.266400004679,1633.3014120167495
1782827951,500,,Aggregated,94.200000,47.600000,310,330,350,360,450,680,1100,1700,4200,8600,12000,256821,123638,310,378.54265453721104,265.7838000013726,12066.266400004679,1633.1387931672255
1782827952,500,,Aggregated,94.700000,48.700000,310,330,350,360,450,680,1100,1700,4200,8600,12000,256915,123691,310,378.52690008213284,265.7838000013726,12066.266400004679,1633.7804643559155
1782827953,500,,Aggregated,94.900000,49.400000,310,330,350,360,450,680,1100,1700,4200,8600,12000,257011,123746,310,378.5013834769763,265.7838000013726,12066.266400004679,1634.0094898661926
1782827954,500,,Aggregated,95.200000,50.300000,310,330,350,360,450,680,1100,1700,4200,8600,12000,257108,123792,310,378.4791001034627,265.7838000013726,12066.266400004679,1633.4457620921946
1782827955,500,,Aggregated,95.400000,50.200000,310,330,350,360,450,680,1100,1700,4200,8600,12000,257203,123831,310,378.46331290148674,265.7838000013726,12066.266400004679,1632.9030065745733
1782827956,500,,Aggregated,96.000000,51.100000,310,330,350,360,450,680,1100,1700,4200,8600,12000,257306,123887,310,378.4458503626073,265.7838000013726,12066.266400004679,1633.4952896551188
1782827957,500,,Aggregated,93.800000,49.400000,310,330,350,360,450,680,1100,1700,4200,8600,12000,257397,123930,310,378.4276799480996,265.7838000013726,12066.266400004679,1632.9731892757102
1782827958,500,,Aggregated,95.300000,50.000000,310,330,350,360,450,680,1100,1700,4200,8600,12000,257490,123972,310,378.4076631838165,265.7838000013726,12066.266400004679,1633.2306924540758
1782827959,500,,Aggregated,95.800000,50.300000,310,330,350,360,450,680,1100,1700,4200,8600,12000,257590,124021,310,378.38621709150516,265.7838000013726,12066.266400004679,1632.6558756162894
1782827960,500,,Aggregated,95.500000,49.200000,310,330,350,360,450,680,1100,1700,4200,8600,12000,257700,124078,310,378.3584529355871,265.7838000013726,12066.266400004679,1633.202852153667
1782827961,500,,Aggregated,95.400000,48.300000,310,330,350,360,450,680,1100,1700,4200,8600,12000,257791,124114,310,378.3425794647634,265.7838000013726,12066.266400004679,1633.0826910171418
1782827962,500,,Aggregated,95.300000,48.100000,310,330,350,360,450,680,1100,1700,4200,8600,12000,257877,124155,310,378.32034944179134,265.7838000013726,12066.266400004679,1633.3774977993385
1782827963,500,,Aggregated,96.700000,47.700000,310,330,350,360,450,680,1100,1700,4200,8600,12000,257976,124203,310,378.30466574061467,265.7838000013726,12066.266400004679,1632.8068541259652
1782827964,500,,Aggregated,96.600000,47.200000,310,330,350,360,450,680,1100,1700,4200,8600,12000,258076,124258,310,378.28936699887174,265.7838000013726,12066.266400004679,1632.2249066166555
1782827965,500,,Aggregated,95.800000,46.100000,310,330,350,360,450,680,1100,1700,4200,8600,12000,258180,124315,310,378.26986568131053,265.7838000013726,12066.266400004679,1632.7996940119297
1782827966,500,,Aggregated,95.400000,45.400000,310,330,350,360,450,680,1100,1700,4200,8600,12000,258276,124361,310,378.25144985364807,265.7838000013726,12066.266400004679,1632.644763741114
1782827967,500,,Aggregated,96.200000,46.900000,310,330,350,360,450,680,1100,1700,4200,8600,12000,258372,124400,310,378.2371496977258,265.7838000013726,12066.266400004679,1632.0901955320237
1782827968,500,,Aggregated,94.900000,46.900000,310,330,350,360,450,680,1100,1700,4200,8600,12000,258474,124444,310,378.22339825940213,265.7838000013726,12066.266400004679,1632.3016280167444
1782827969,500,,Aggregated,97.000000,47.000000,310,330,350,360,450,680,1100,1700,4200,8600,12000,258560,124479,310,378.21944601330716,265.7838000013726,12066.266400004679,1632.208640160891
1782827970,500,,Aggregated,97.800000,46.600000,310,330,350,360,450,680,1100,1700,4200,8600,12000,258664,124528,310,378.2102698129644,265.7838000013726,12066.266400004679,1632.0003015495006
1782827971,500,,Aggregated,97.600000,46.600000,310,330,350,360,450,680,1100,1700,4200,8600,12000,258760,124580,310,378.1898927705228,265.7838000013726,12066.266400004679,1631.8391405163086
1782827972,500,,Aggregated,96.100000,44.900000,310,330,350,360,450,680,1100,1700,4200,8600,12000,258861,124639,310,378.1717994050877,265.7838000013726,12066.266400004679,1631.2597494408196
1782827973,500,,Aggregated,96.400000,45.400000,310,330,350,360,450,680,1100,1700,4200,8600,12000,258958,124695,310,378.1560311791889,265.7838000013726,12066.266400004679,1630.6966573730103
1782827974,500,,Aggregated,96.300000,46.000000,310,330,350,360,450,680,1100,1700,4200,8600,12000,259048,124740,310,378.1397364391943,265.7838000013726,12066.266400004679,1631.3586671196072
1782827975,500,,Aggregated,97.300000,48.400000,310,330,350,360,450,680,1100,1700,4200,8600,12000,259154,124787,310,378.1221480143096,265.7838000013726,12066.266400004679,1631.1511147811725
1782827976,500,,Aggregated,96.700000,48.100000,310,330,350,360,450,680,1100,1700,4200,8600,12000,259236,124823,310,378.1066009531869,265.7838000013726,12066.266400004679,1631.078793068864
1782827977,500,,Aggregated,96.900000,47.000000,310,330,350,360,450,680,1100,1700,4200,8600,12000,259345,124874,310,378.09087233569284,265.7838000013726,12066.266400004679,1630.4604677167479
1782827978,500,,Aggregated,97.700000,46.600000,310,330,350,360,450,680,1100,1700,4200,8600,12000,259437,124928,310,378.0732869521319,265.7838000013726,12066.266400004679,1631.1049426257628
1782827979,500,,Aggregated,96.300000,46.700000,310,330,350,360,450,680,1100,1700,4200,8600,12000,259545,124974,310,378.05042201236876,265.7838000013726,12066.266400004679,1631.6671290142365
1782827980,500,,Aggregated,95.600000,47.900000,310,330,350,360,450,680,1100,1700,4200,8600,12000,259633,125019,310,378.0296075040547,265.7838000013726,12066.266400004679,1631.547314863673
1782827981,500,,Aggregated,96.200000,48.000000,310,330,350,360,450,680,1100,1700,4200,8600,12000,259738,125065,310,378.025181716192,265.7838000013726,12066.266400004679,1631.3361194742395
1782827982,500,,Aggregated,98.300000,49.700000,310,330,350,360,450,680,1100,1700,4200,8600,12000,259831,125108,310,378.008643229254,265.7838000013726,12066.266400004679,1631.1967201758066
1782827983,500,,Aggregated,96.900000,48.800000,310,330,350,360,450,680,1100,1700,4200,8600,12000,259934,125160,310,377.98967709995725,265.7838000013726,12066.266400004679,1630.6020297460125
1782827984,500,,Aggregated,97.500000,48.200000,310,330,350,360,450,680,1100,1700,4200,8600,12000,260034,125217,310,377.97658341217,265.7838000013726,12066.266400004679,1630.0241929901474
1782827985,500,,Aggregated,97.000000,46.200000,310,330,350,360,450,680,1100,1700,4200,8600,12000,260129,125267,310,377.957200547037,265.7838000013726,12066.266400004679,1629.480757624102
1782827986,500,,Aggregated,97.300000,46.600000,310,330,350,360,450,680,1100,1700,4200,8600,12000,260228,125313,310,377.9375522007634,265.7838000013726,12066.266400004679,1630.485701000661
1782827987,500,,Aggregated,97.900000,48.100000,310,330,350,360,450,680,1100,1700,4200,8600,12000,260325,125356,310,377.91494500797154,265.7838000013726,12066.266400004679,1631.113273792375
1782827988,500,,Aggregated,97.200000,48.100000,310,330,350,360,450,680,1100,1700,4200,8600,12000,260427,125406,310,377.897122295692,265.7838000013726,12066.266400004679,1630.9170976895637
1782827989,500,,Aggregated,97.400000,47.900000,310,330,350,360,450,680,1100,1700,4200,8600,12000,260519,125453,310,377.87923780645616,265.7838000013726,12066.266400004679,1630.777889520534
1782827990,500,,Aggregated,97.300000,47.100000,310,330,350,360,450,680,1100,1700,4200,8600,12000,260615,125502,310,377.85752448362575,265.7838000013726,12066.266400004679,1631.4083187844137
1782827991,500,,Aggregated,97.700000,47.800000,310,330,350,360,450,680,1100,1700,4200,8600,12000,260711,125545,310,377.8513378595464,265.7838000013726,12066.266400004679,1630.8676273728381
1782827992,500,,Aggregated,95.700000,47.000000,310,330,350,360,450,680,1100,1700,4200,8600,12000,260810,125593,310,377.83446129442984,265.7838000013726,12066.266400004679,1631.0850734250987
1782827993,500,,Aggregated,96.700000,48.000000,310,330,350,360,450,680,1100,1700,4200,8600,12000,260907,125640,310,377.8136348066561,265.7838000013726,12066.266400004679,1630.9227579175722
1782827994,500,,Aggregated,97.100000,48.100000,310,330,350,360,450,680,1100,1700,4200,8600,12000,261000,125688,310,377.81520186207024,265.7838000013726,12066.266400004679,1630.3884367816092
1782827995,500,,Aggregated,96.900000,48.100000,310,330,350,360,450,680,1100,1700,4200,8600,12000,261095,125735,310,377.79700309236205,265.7838000013726,12066.266400004679,1630.2392960416707
1782827996,500,,Aggregated,96.800000,47.700000,310,330,350,360,450,680,1100,1700,4200,8600,12000,261190,125783,310,377.7791162138683,265.7838000013726,12066.266400004679,1629.700482407443
1782827997,500,,Aggregated,95.600000,46.400000,310,330,350,360,450,680,1100,1700,4200,8600,12000,261297,125838,310,377.7668483974187,265.7838000013726,12066.266400004679,1629.8720038882957
1782827998,500,,Aggregated,95.500000,46.500000,310,330,350,360,450,680,1100,1700,4200,8600,12000,261383,125883,310,377.7470605196218,265.7838000013726,12066.266400004679,1629.7709032339517
1782827999,500,,Aggregated,95.300000,46.900000,310,330,350,360,450,680,1100,1700,4200,8600,12000,261488,125932,310,377.74004540017256,265.7838000013726,12066.266400004679,1629.5655785351526
1782828000,500,,Aggregated,96.400000,48.200000,310,330,350,360,450,680,1100,1700,4200,8600,12000,261589,125980,310,377.72811873282274,265.7838000013726,12066.266400004679,1629.7714429888108
1782828001,500,,Aggregated,95.100000,47.400000,310,330,350,360,450,680,1100,1700,4200,8600,12000,261673,126025,310,377.71665747440613,265.7838000013726,12066.266400004679,1629.6806969003298
1782828002,500,,Aggregated,96.900000,48.100000,310,330,350,360,450,680,1100,1700,4200,8600,12000,261770,126066,310,377.70175912786107,265.7838000013726,12066.266400004679,1630.2987278908965
1782828003,500,,Aggregated,96.500000,47.400000,310,330,350,360,450,680,1100,1700,4200,8600,12000,261867,126109,310,377.7004259135373,265.7838000013726,12066.266400004679,1630.5291388376543
1782828004,500,,Aggregated,94.900000,46.800000,310,330,350,360,450,680,1100,1700,4200,8600,12000,261955,126155,310,377.68743649481866,265.7838000013726,12066.266400004679,1630.0305663186425
1782828005,500,,Aggregated,95.200000,47.000000,310,330,350,360,450,680,1100,1700,4200,8600,12000,262061,126209,310,377.66929937342917,265.7838000013726,12066.266400004679,1630.2033610495266
1782828006,500,,Aggregated,95.200000,46.300000,310,330,350,360,450,680,1100,1700,4200,8600,12000,262159,126265,310,377.6533116326362,265.7838000013726,12066.266400004679,1630.0324879176378
1782828007,500,,Aggregated,94.900000,46.500000,310,330,350,360,450,680,1100,1700,4200,8600,12000,262253,126313,310,377.6386785954795,265.7838000013726,12066.266400004679,1630.275905328061
1782828008,500,,Aggregated,96.000000,47.200000,310,330,350,360,450,680,1100,1700,4200,8600,12000,262344,126360,310,377.6289125648012,265.7838000013726,12066.266400004679,1629.7589843869118
1782828009,500,,Aggregated,96.100000,47.700000,310,330,350,360,450,680,1100,1700,4200,8600,12000,262449,126415,310,377.6114409397646,265.7838000013726,12066.266400004679,1629.1670000647746
1782828011,500,,Aggregated,94.800000,46.700000,310,330,350,360,450,680,1100,1700,4200,8600,12000,262541,126455,310,377.5955566688643,265.7838000013726,12066.266400004679,1629.4285311627518
1782828012,500,,Aggregated,95.100000,47.900000,310,330,350,360,450,680,1100,1700,4200,8600,12000,262645,126496,310,377.59290694054874,265.7838000013726,12066.266400004679,1629.6194711492699
1782828013,500,,Aggregated,94.500000,47.200000,310,330,350,360,450,680,1100,1700,4200,8600,12000,262739,126541,310,377.5878582056733,265.7838000013726,12066.266400004679,1629.4762520980898
1782828014,500,,Aggregated,96.100000,46.900000,310,330,350,360,450,680,1100,1700,4200,8600,12000,262834,126592,310,377.56600754088265,265.7838000013726,12066.266400004679,1629.3222794615613
1782828015,500,,Aggregated,96.000000,47.100000,310,330,350,360,450,680,1100,1700,4200,8600,12000,262923,126634,310,377.5497833628111,265.7838000013726,12066.266400004679,1629.5949878861873
1782828016,500,,Aggregated,96.000000,47.100000,310,330,350,360,450,680,1100,1700,4200,8600,12000,263022,126684,310,377.52961275977066,265.7838000013726,12066.266400004679,1629.4215616944591
1782828017,500,,Aggregated,96.100000,47.500000,310,330,350,360,450,680,1100,1700,4200,8600,12000,263115,126728,310,377.5146937704062,265.7838000013726,12066.266400004679,1629.2837732550406
1782828018,500,,Aggregated,95.800000,47.200000,310,330,350,360,450,680,1100,1700,4200,8600,12000,263229,126780,310,377.4923120568038,265.7838000013726,12066.266400004679,1629.8045542094526
1782828019,500,,Aggregated,94.800000,45.700000,310,330,350,360,450,680,1100,1700,4200,8600,12000,263326,126833,310,377.47388382423463,265.7838000013726,12066.266400004679,1629.6345480507052
1782828020,500,,Aggregated,96.600000,46.300000,310,330,350,360,450,680,1100,1700,4200,8600,12000,263408,126872,310,377.45694333999114,265.7838000013726,12066.266400004679,1629.9480919334264
1782828021,500,,Aggregated,97.500000,47.000000,310,330,350,360,450,680,1100,1700,4200,8600,12000,263505,126912,310,377.4337942949863,265.7838000013726,12066.266400004679,1629.7938862640178
1782828022,500,,Aggregated,95.700000,45.600000,310,330,350,360,450,680,1100,1700,4200,8600,12000,263612,126963,310,377.41746119372556,265.7838000013726,12066.266400004679,1629.5802846607894
1782828023,500,,Aggregated,95.900000,45.400000,310,330,350,360,450,680,1100,1700,4200,8600,12000,263712,127018,310,377.3993223588621,265.7838000013726,12066.266400004679,1629.00555909477
1782828024,500,,Aggregated,96.200000,46.500000,310,330,350,360,450,680,1100,1700,4200,8600,12000,263803,127067,310,377.3784295023191,265.7838000013726,12066.266400004679,1628.4918632464378
1782828025,500,,Aggregated,97.100000,47.400000,310,330,350,360,450,680,1100,1700,4200,8600,12000,263888,127108,310,377.36574856492257,265.7838000013726,12066.266400004679,1628.0155065785484
1782828026,500,,Aggregated,96.600000,47.300000,310,330,350,360,450,680,1100,1700,4200,8600,12000,263981,127155,310,377.3487080187599,265.7838000013726,12066.266400004679,1628.2651213534307
1782828027,500,,Aggregated,96.100000,47.300000,310,330,350,360,450,680,1100,1700,4200,8600,12000,264064,127197,310,377.3424015216018,265.7838000013726,12066.266400004679,1628.9505574406205
1782828028,500,,Aggregated,95.300000,46.700000,310,330,350,360,450,680,1100,1700,4200,8600,12000,264180,127257,310,377.3155754992818,265.7838000013726,12066.266400004679,1628.6792565674918
1782828029,500,,Aggregated,94.300000,46.600000,310,330,350,360,450,680,1100,1700,4200,8600,12000,264263,127297,310,377.30668114454267,265.7838000013726,12066.266400004679,1628.9877848961073
1782828030,500,,Aggregated,94.900000,47.600000,310,330,350,360,450,680,1100,1700,4200,8600,12000,264363,127343,310,377.2885077749166,265.7838000013726,12066.266400004679,1629.2021311605633
1782828031,500,,Aggregated,93.800000,46.300000,310,330,350,360,450,680,1100,1700,4200,8600,12000,264458,127386,310,377.26718344463103,265.7838000013726,12066.266400004679,1629.4396274644746
1782828032,500,,Aggregated,94.600000,46.600000,310,330,350,360,450,680,1100,1700,4200,8600,12000,264560,127434,310,377.2450362326137,265.7838000013726,12066.266400004679,1629.2630820985787
1782828033,500,,Aggregated,95.000000,47.200000,310,330,350,360,450,680,1100,1700,4200,8600,12000,264663,127482,310,377.2265641665069,265.7838000013726,12066.266400004679,1628.687844541927
1782828034,500,,Aggregated,94.400000,47.000000,310,330,350,360,450,680,1100,1700,4200,8600,12000,264762,127534,310,377.2063253287866,265.7838000013726,12066.266400004679,1628.5186507127155
1782828035,500,,Aggregated,94.500000,46.200000,310,330,350,360,450,680,1100,1700,4200,8600,12000,264847,127572,310,377.18927601332126,265.7838000013726,12066.266400004679,1628.0463097561988
1782828036,500,,Aggregated,95.600000,46.600000,310,330,350,360,450,680,1100,1700,4200,8600,12000,264947,127626,310,377.17829368326534,265.7838000013726,12066.266400004679,1627.4824247868441
1782828037,500,,Aggregated,95.600000,46.500000,310,330,350,360,450,680,1100,1700,4200,8600,12000,265047,127670,310,377.16131125762655,265.7838000013726,12066.266400004679,1628.0827853173212
1782828038,500,,Aggregated,96.500000,47.100000,310,330,350,360,450,680,1100,1700,4200,8600,12000,265150,127724,310,377.13463092061176,265.7838000013726,12066.266400004679,1627.8824514425796
1782828039,500,,Aggregated,98.200000,47.700000,310,330,350,360,450,680,1100,1700,4200,8600,12000,265238,127766,310,377.1170046441314,265.7838000013726,12066.266400004679,1627.3901477163906
1782828040,500,,Aggregated,96.300000,46.300000,310,330,350,360,450,680,1100,1700,4200,8600,12000,265342,127827,310,377.09430006406876,265.7838000013726,12066.266400004679,1627.9481423973589
1782828041,500,,Aggregated,97.000000,46.700000,310,330,350,360,450,680,1100,1700,4200,8600,12000,265444,127885,310,377.07638785318244,265.7838000013726,12066.266400004679,1627.3749378399964
1782828042,500,,Aggregated,97.400000,48.100000,310,330,350,360,450,680,1100,1700,4200,8600,12000,265548,127932,310,377.05117674883695,265.7838000013726,12066.266400004679,1627.561081235784
1782828043,500,,Aggregated,98.000000,49.600000,310,330,350,360,450,680,1100,1700,4200,8600,12000,265642,127979,310,377.03066346624473,265.7838000013726,12066.266400004679,1627.0383147243283
1782828044,500,,Aggregated,97.900000,49.500000,310,330,350,360,450,680,1100,1700,4200,8600,12000,265731,128018,310,377.02067433607755,265.7838000013726,12066.266400004679,1628.0782934621855
1782828045,500,,Aggregated,97.800000,49.800000,310,330,350,360,450,680,1100,1700,4200,8600,12000,265825,128066,310,377.0136722336132,265.7838000013726,12066.266400004679,1629.8541634534
1782828046,500,,Aggregated,96.700000,48.500000,310,330,350,360,450,680,1100,1700,4200,8600,12000,265930,128115,310,377.00699895950146,265.7838000013726,12066.266400004679,1630.0316060617456
1782828047,500,,Aggregated,97.700000,49.200000,310,330,350,360,450,680,1100,1700,4200,8600,12000,266023,128163,310,376.98872576243514,265.7838000013726,12066.266400004679,1629.890765084222
1782828048,500,,Aggregated,96.800000,48.500000,310,330,350,360,450,680,1100,1700,4200,8600,12000,266116,128208,310,376.96840707360803,265.7838000013726,12066.266400004679,1630.1354672398502
1782828049,500,,Aggregated,97.100000,48.500000,310,330,350,360,450,680,1100,1700,4200,8600,12000,266223,128255,310,376.9505207566601,265.7838000013726,12066.266400004679,1629.9226663361167
1782828050,500,,Aggregated,96.100000,48.100000,310,330,350,360,450,680,1100,1700,4200,8600,12000,266317,128304,310,376.9287823552392,265.7838000013726,12066.266400004679,1630.5438030617647
1782828051,500,,Aggregated,97.900000,49.000000,310,330,350,360,450,680,1100,1700,4200,8600,12000,266405,128348,310,376.91371830408696,265.7838000013726,12066.266400004679,1630.0482535988438
1782828052,500,,Aggregated,97.300000,47.500000,310,330,350,360,450,680,1100,1700,4200,8600,12000,266504,128397,310,376.8959573391031,265.7838000013726,12066.266400004679,1630.2563151022123
1782828053,500,,Aggregated,95.200000,45.900000,310,330,350,360,450,680,1100,1700,4200,8600,12000,266611,128449,310,376.8778882030384,265.7838000013726,12066.266400004679,1630.80416411926
1782828054,500,,Aggregated,95.100000,46.200000,310,330,350,360,450,680,1100,1700,4200,8600,12000,266708,128493,310,376.85883580882603,265.7838000013726,12066.266400004679,1631.0258259969705
1782828055,500,,Aggregated,95.900000,46.300000,310,330,350,360,450,680,1100,1700,4200,8600,12000,266807,128541,310,376.8416657370323,265.7838000013726,12066.266400004679,1630.4745752547722
1782828056,500,,Aggregated,96.100000,46.400000,310,330,350,360,450,680,1100,1700,4200,8600,12000,266908,128593,310,376.8190388092542,265.7838000013726,12066.266400004679,1630.6732394682813
1782828057,500,,Aggregated,97.100000,47.200000,310,330,350,360,450,680,1100,1700,4200,8600,12000,267004,128634,310,376.7951543302736,265.7838000013726,12066.266400004679,1631.666353313059
1782828058,500,,Aggregated,97.900000,47.600000,310,330,350,360,450,680,1100,1700,4200,8600,12000,267101,128683,310,376.7757250219966,265.7838000013726,12066.266400004679,1631.1293705377366
1782828059,500,,Aggregated,97.200000,46.900000,310,330,350,360,450,680,1100,1700,4200,8600,12000,267194,128737,310,376.7517290915976,265.7838000013726,12066.266400004679,1630.6032433363025
1782828060,500,,Aggregated,97.800000,47.100000,310,330,350,360,450,680,1100,1600,4200,8600,12000,267310,128804,310,376.7426727103376,265.7838000013726,12066.266400004679,1630.7131981594403
1782828061,500,,Aggregated,95.700000,46.900000,310,330,350,360,450,680,1100,1600,4200,8600,12000,267392,128845,310,376.75428392285613,265.7838000013726,12066.266400004679,1630.6385082575396
1782828062,500,,Aggregated,97.500000,49.000000,310,330,350,360,450,680,1100,1600,4200,8600,12000,267498,128903,310,376.74147660730296,265.7838000013726,12066.266400004679,1630.4255433685485
1782828063,500,,Aggregated,97.400000,49.400000,310,330,350,360,450,680,1100,1600,4200,8600,12000,267595,128957,310,376.71844799977714,265.7838000013726,12066.266400004679,1631.0231469197854
1782828064,500,,Aggregated,99.700000,50.400000,310,330,350,360,450,680,1100,1600,4200,8600,12000,267686,128986,310,376.7053015858146,265.7838000013726,12066.266400004679,1630.9136675059585
1782828065,500,,Aggregated,98.200000,51.200000,310,330,350,360,450,680,1100,1600,4200,8600,12000,267790,129036,310,376.68120531274616,265.7838000013726,12066.266400004679,1631.861958997722
1782828066,500,,Aggregated,97.100000,50.000000,310,330,350,360,450,680,1100,1600,4200,8600,12000,267890,129089,310,376.65825843741936,265.7838000013726,12066.266400004679,1631.3014408899176
1782828067,500,,Aggregated,96.000000,48.600000,310,330,350,360,450,680,1100,1600,4200,8600,12000,267998,129147,310,376.63603754617685,265.7838000013726,12066.266400004679,1631.0780938663722
1782828068,500,,Aggregated,97.100000,49.100000,310,330,350,360,450,680,1100,1600,4200,8600,12000,268083,129188,310,376.6203100550964,265.7838000013726,12066.266400004679,1630.9883767340712
1782828069,500,,Aggregated,97.900000,50.600000,310,330,350,360,450,680,1100,1600,4200,8600,12000,268181,129242,310,376.59860840850166,265.7838000013726,12066.266400004679,1630.8174702905874
1782828070,500,,Aggregated,97.600000,50.600000,310,330,350,360,450,680,1100,1600,4200,8600,12000,268272,129294,310,376.5754747539826,265.7838000013726,12066.266400004679,1630.6892668634819
1782828071,500,,Aggregated,98.700000,50.600000,310,330,350,360,450,680,1100,1600,4200,8600,12000,268363,129342,310,376.5558313877117,265.7838000013726,12066.266400004679,1630.17874669757
1782828072,500,,Aggregated,95.600000,48.300000,310,330,350,360,450,680,1100,1600,4200,8600,12000,268473,129406,310,376.5279113307504,265.7838000013726,12066.266400004679,1630.6956602712378
1782828073,500,,Aggregated,97.000000,49.700000,310,330,350,360,450,680,1100,1600,4200,8600,12000,268570,129454,310,376.50564733179647,265.7838000013726,12066.266400004679,1630.1596082957888
1782828074,500,,Aggregated,95.400000,48.800000,310,330,350,360,450,680,1100,1600,4200,8600,12000,268656,129490,310,376.4879842050823,265.7838000013726,12066.266400004679,1630.8256915907332
1782828075,500,,Aggregated,96.700000,49.100000,310,330,350,360,450,680,1100,1600,4200,8600,12000,268746,129535,310,376.46328571030125,265.7838000013726,12066.266400004679,1630.7059491118007
1782828076,500,,Aggregated,97.500000,50.000000,310,330,350,360,450,680,1100,1600,4200,8600,12000,268853,129597,310,376.4592966833202,265.7838000013726,12066.266400004679,1630.484290671854
1782828077,500,,Aggregated,96.600000,49.800000,310,330,350,360,450,680,1100,1600,4200,8600,12000,268940,129633,310,376.4681591340102,265.7838000013726,12066.266400004679,1630.0087380084776
1782828078,500,,Aggregated,93.300000,48.900000,310,330,350,360,450,680,1100,1600,4200,8600,12000,269060,129701,310,376.4707874344041,265.7838000013726,12066.266400004679,1629.7134951311975
1782828079,500,,Aggregated,93.400000,48.800000,310,330,350,360,450,680,1100,1600,4200,8600,12000,269151,129751,310,376.44911207277994,265.7838000013726,12066.266400004679,1629.2069098758689
1782828080,500,,Aggregated,96.000000,50.300000,310,330,350,360,450,680,1100,1600,4200,8600,12000,269255,129808,310,376.4321984371721,265.7838000013726,12066.266400004679,1629.0032682772837
1782828081,500,,Aggregated,96.100000,49.900000,310,330,350,360,450,680,1100,1600,4200,8600,12000,269338,129850,310,376.4144672474765,265.7838000013726,12066.266400004679,1629.2967498087905
1782828082,500,,Aggregated,98.300000,51.700000,310,330,350,360,450,680,1100,1600,4200,8600,12000,269449,129909,310,376.3937254846027,265.7838000013726,12066.266400004679,1629.0564670865358
1782828083,500,,Aggregated,98.100000,50.600000,310,330,350,360,450,680,1100,1600,4200,8600,12000,269541,129958,310,376.3716264701872,265.7838000013726,12066.266400004679,1628.5498161689686
1782828084,500,,Aggregated,96.800000,50.700000,310,330,350,360,450,680,1100,1600,4200,8600,12000,269634,130011,310,376.35339570455034,265.7838000013726,12066.266400004679,1628.7868777676406
1782828085,500,,Aggregated,96.200000,49.500000,310,330,350,360,450,680,1100,1600,4200,8600,12000,269750,130067,310,376.32803932307945,265.7838000013726,12066.266400004679,1628.906628359592
1782828086,500,,Aggregated,96.400000,50.900000,310,330,350,360,450,680,1100,1600,4200,8600,12000,269838,130112,310,376.30628649412137,265.7838000013726,12066.266400004679,1629.5534728244354
1782828087,500,,Aggregated,97.600000,52.100000,310,330,350,360,450,680,1100,1600,4200,8600,12000,269935,130159,310,376.2872914005253,265.7838000013726,12066.266400004679,1629.7776131290866
1782828088,500,,Aggregated,100.900000,53.100000,310,330,350,360,450,680,1100,1600,4100,8600,12000,270028,130213,310,376.2744542573392,265.7838000013726,12066.266400004679,1629.2580843468086
1782828089,500,,Aggregated,100.200000,52.500000,310,330,350,360,450,680,1100,1600,4100,8600,12000,270142,130270,310,376.24950839373656,265.7838000013726,12066.266400004679,1629.0089064269903
1782828090,500,,Aggregated,96.900000,50.600000,310,330,350,360,450,680,1100,1600,4100,8600,12000,270244,130326,310,376.2311903283729,265.7838000013726,12066.266400004679,1628.8179312029129
1782828091,500,,Aggregated,98.300000,52.200000,310,330,350,360,450,680,1100,1600,4100,8600,12000,270329,130370,310,376.2143334692204,265.7838000013726,12066.266400004679,1628.7216169926276
1782828092,500,,Aggregated,97.200000,51.100000,310,330,350,360,450,680,1100,1600,4100,8600,12000,270440,130426,310,376.1914836773439,265.7838000013726,12066.266400004679,1629.2403083863335
1782828093,500,,Aggregated,98.000000,51.600000,310,330,350,360,450,680,1100,1600,4100,8600,12000,270524,130466,310,376.1726386745756,265.7838000013726,12066.266400004679,1629.1515872898524
1782828094,500,,Aggregated,97.900000,50.800000,310,330,350,360,450,680,1100,1600,4100,8600,12000,270614,130511,310,376.15167461033354,265.7838000013726,12066.266400004679,1629.7906279793358
1782828095,500,,Aggregated,97.500000,50.700000,310,330,350,360,450,680,1100,1600,4100,8600,12000,270725,130572,310,376.1278373042786,265.7838000013726,12066.266400004679,1629.1712291070273
1782828096,500,,Aggregated,96.900000,49.500000,310,330,350,360,450,680,1100,1600,4100,8600,12000,270819,130621,310,376.1063146319161,265.7838000013726,12066.266400004679,1628.6521735919562
1782828097,500,,Aggregated,96.900000,49.300000,310,330,350,360,450,680,1100,1600,4100,8600,12000,270929,130674,310,376.0841730169192,265.7838000013726,12066.266400004679,1628.4312052235086
1782828098,500,,Aggregated,96.500000,50.000000,310,330,350,360,450,680,1100,1600,4100,8600,12000,271017,130715,310,376.06466163488204,265.7838000013726,12066.266400004679,1628.3207695458218
1782828099,500,,Aggregated,97.300000,50.500000,310,330,350,360,450,680,1100,1600,4100,8600,12000,271110,130771,310,376.0436462808485,265.7838000013726,12066.266400004679,1628.9338239091144
1782828100,500,,Aggregated,99.400000,51.100000,310,330,350,360,450,680,1100,1600,4100,8600,12000,271215,130824,310,376.04107512453504,265.7838000013726,12066.266400004679,1628.7280902604944
1782828101,500,,Aggregated,96.000000,48.900000,310,330,350,360,450,680,1100,1600,4100,8600,12000,271308,130867,310,376.04354131024803,265.7838000013726,12066.266400004679,1628.5947594615714
1782828102,500,,Aggregated,95.900000,49.100000,310,330,350,360,450,680,1100,1600,4100,8600,12000,271414,130922,310,376.0266731447193,265.7838000013726,12066.266400004679,1628.3831600433286
1782828103,500,,Aggregated,96.400000,48.900000,310,330,350,360,450,680,1100,1600,4100,8600,12000,271506,130970,310,376.0055258878284,265.7838000013726,12066.266400004679,1628.6260045818508
1782828104,500,,Aggregated,97.100000,49.400000,310,330,350,360,450,680,1100,1600,4100,8600,12000,271607,131016,310,375.99571610673047,265.7838000013726,12066.266400004679,1628.4537291012382
1782828105,500,,Aggregated,97.200000,49.800000,310,330,350,360,450,680,1100,1600,4100,8600,12000,271705,131060,310,375.9730402388648,265.7838000013726,12066.266400004679,1628.6772197788043
1782828106,500,,Aggregated,98.100000,50.100000,310,330,350,360,450,680,1100,1600,4100,8600,12000,271808,131120,310,375.9511066326259,265.7838000013726,12066.266400004679,1628.4819173828585
1782828107,500,,Aggregated,99.600000,50.500000,310,330,350,360,450,680,1100,1600,4100,8600,12000,271901,131172,310,375.9302953946499,265.7838000013726,12066.266400004679,1628.3479244283765
1782828108,500,,Aggregated,97.800000,49.200000,310,330,350,360,450,680,1100,1600,4100,8600,12000,272006,131230,310,375.9088330448618,265.7838000013726,12066.266400004679,1628.151533422057
1782828109,500,,Aggregated,97.400000,49.000000,310,330,350,360,450,680,1100,1600,4100,8600,12000,272090,131274,310,375.89267995185656,265.7838000013726,12066.266400004679,1628.0618692344444
1782828110,500,,Aggregated,96.500000,49.600000,310,330,350,360,440,670,1100,1600,4100,8600,12000,272204,131342,310,375.8684236308089,265.7838000013726,12066.266400004679,1627.4292883278717
1782828111,500,,Aggregated,97.800000,50.800000,310,330,350,360,440,670,1100,1600,4100,8600,12000,272317,131403,310,375.84770014174944,265.7838000013726,12066.266400004679,1627.184718544931
1782828112,500,,Aggregated,99.300000,52.200000,310,330,350,360,440,670,1100,1600,4100,8600,12000,272406,131451,310,375.8273409131984,265.7838000013726,12066.266400004679,1627.4424682275721
1782828113,500,,Aggregated,99.100000,52.300000,310,330,350,360,440,670,1100,1600,4100,8600,12000,272503,131505,310,375.80812975233584,265.7838000013726,12066.266400004679,1626.9084010084293
1782828114,500,,Aggregated,100.600000,53.500000,310,330,350,360,440,670,1100,1600,4100,8600,12000,272595,131553,310,375.7877658155904,265.7838000013726,12066.266400004679,1626.7788147251417
1782828115,500,,Aggregated,98.700000,52.800000,310,330,350,360,440,670,1100,1600,4100,8600,12000,272686,131592,310,375.7759600126185,265.7838000013726,12066.266400004679,1627.036067124825
1782828116,500,,Aggregated,98.500000,53.500000,310,330,350,360,440,670,1100,1600,4100,8600,12000,272784,131638,310,375.75575194036645,265.7838000013726,12066.266400004679,1626.504091149041
1782828117,500,,Aggregated,97.800000,53.200000,310,330,350,360,440,670,1100,1600,4100,8600,12000,272874,131682,310,375.7367561618215,265.7838000013726,12066.266400004679,1626.3895314320896
1782828118,500,,Aggregated,97.200000,51.900000,310,330,350,360,440,670,1100,1600,4100,8600,12000,272981,131737,310,375.73680211187184,265.7838000013726,12066.266400004679,1625.8038178481286
1782828119,500,,Aggregated,97.600000,52.200000,310,330,350,360,440,670,1100,1600,4100,8600,12000,273079,131791,310,375.7497071363997,265.7838000013726,12066.266400004679,1626.0134246866292
1782828120,500,,Aggregated,98.200000,51.700000,310,330,350,360,440,670,1100,1600,4100,8600,12000,273178,131842,310,375.76637588056457,265.7838000013726,12066.266400004679,1626.5961644056256
1782828121,500,,Aggregated,96.800000,50.400000,310,330,350,360,450,670,1100,1600,4100,8600,12000,273278,131894,310,375.78116933452725,265.7838000013726,12066.266400004679,1626.7933862220889
1782828122,500,,Aggregated,96.400000,49.600000,310,330,350,360,450,670,1100,1600,4100,8600,12000,273370,131936,310,375.7674738438779,265.7838000013726,12066.266400004679,1626.6721951933278
1782828123,500,,Aggregated,95.900000,49.100000,310,330,350,360,440,670,1100,1600,4100,8600,12000,273473,131987,310,375.74190454048806,265.7838000013726,12066.266400004679,1626.4877446768053
1782828124,500,,Aggregated,95.300000,48.700000,310,330,350,360,440,670,1100,1600,4100,8600,12000,273570,132026,310,375.72148526117945,265.7838000013726,12066.266400004679,1626.3401177029646
1782828125,500,,Aggregated,96.000000,47.800000,310,330,350,360,440,670,1100,1600,4100,8600,12000,273678,132084,310,375.6960430611919,265.7838000013726,12066.266400004679,1625.7543098093379
1782828126,500,,Aggregated,96.800000,47.600000,310,330,350,360,440,670,1100,1600,4100,8600,12000,273773,132131,310,375.6758265303769,265.7838000013726,12066.266400004679,1625.9790556409873
1782828127,500,,Aggregated,96.600000,47.000000,310,330,350,360,440,670,1100,1600,4100,8600,12000,273871,132179,310,375.65154012254305,265.7838000013726,12066.266400004679,1626.5639954577155
1782828128,500,,Aggregated,99.100000,49.200000,310,330,350,360,440,670,1100,1600,4100,8600,12000,273962,132227,310,375.6305664621409,265.7838000013726,12066.266400004679,1626.8159160759521
1782828129,500,,Aggregated,98.300000,48.700000,310,330,350,360,440,670,1100,1600,4100,8600,12000,274054,132264,310,375.61177732272137,265.7838000013726,12066.266400004679,1626.6962350485671
1782828130,500,,Aggregated,98.200000,49.000000,310,330,350,360,440,670,1100,1600,4100,8600,12000,274155,132312,310,375.591006696216,265.7838000013726,12066.266400004679,1627.6409257536795
1782828131,500,,Aggregated,98.000000,48.900000,310,330,350,360,440,670,1100,1600,4100,8600,12000,274265,132370,310,375.5687426339533,265.7838000013726,12066.266400004679,1628.1580515195158
1782828132,500,,Aggregated,97.100000,47.100000,310,330,350,360,440,670,1100,1600,4100,8600,12000,274356,132405,310,375.55168099513463,265.7838000013726,12066.266400004679,1628.414468792372
1782828133,500,,Aggregated,98.500000,47.800000,310,330,350,360,440,670,1100,1600,4100,8600,12000,274452,132454,310,375.5324479413562,265.7838000013726,12066.266400004679,1628.6325514115401
1782828134,500,,Aggregated,98.700000,47.200000,310,330,350,360,440,670,1100,1600,4100,8600,12000,274540,132490,310,375.51534930320196,265.7838000013726,12066.266400004679,1628.15850877832
1782828135,500,,Aggregated,98.300000,47.000000,310,330,350,360,440,670,1100,1600,4100,8600,12000,274637,132547,310,375.4943399953429,265.7838000013726,12066.266400004679,1627.6275010286306
1782828136,500,,Aggregated,97.500000,46.700000,310,330,350,360,440,670,1100,1600,4100,8600,12000,274757,132607,310,375.4747441852291,265.7838000013726,12066.266400004679,1626.9819840804785
1782828137,500,,Aggregated,95.600000,45.800000,310,330,350,360,440,670,1100,1600,4100,8600,12000,274857,132654,310,375.45236468418454,265.7838000013726,12066.266400004679,1627.1906009306658
1782828138,500,,Aggregated,94.800000,45.700000,310,330,350,360,440,670,1100,1600,4100,8600,12000,274944,132693,310,375.43509167067083,265.7838000013726,12066.266400004679,1626.722037942272
1782828139,500,,Aggregated,96.500000,46.600000,310,330,350,360,440,670,1100,1600,4100,8600,12000,275029,132731,310,375.41809315672464,265.7838000013726,12066.266400004679,1627.0047522261289
1782828140,500,,Aggregated,96.800000,46.000000,310,330,350,360,440,670,1100,1600,4100,8600,12000,275131,132779,310,375.42108279074637,265.7838000013726,12066.266400004679,1627.5685800582269
1782828141,500,,Aggregated,97.200000,46.000000,310,330,350,360,440,670,1100,1600,4100,8600,12000,275231,132821,310,375.43452140347864,265.7838000013726,12066.266400004679,1627.7722749254262
1782828142,500,,Aggregated,97.900000,46.900000,310,330,350,360,440,670,1100,1600,4100,8600,12000,275342,132874,310,375.42250920382963,265.7838000013726,12066.266400004679,1627.5464876408248
1782828143,500,,Aggregated,96.100000,45.200000,310,330,350,360,440,670,1100,1600,4100,8600,12000,275418,132913,310,375.4052424380426,265.7838000013726,12066.266400004679,1627.5060635107363
1782828144,500,,Aggregated,95.800000,44.700000,310,330,350,360,440,670,1100,1600,4100,8600,12000,275522,132963,310,375.38377379410986,265.7838000013726,12066.266400004679,1626.9474452130864
1782828145,500,,Aggregated,97.400000,46.500000,310,330,350,360,440,670,1100,1600,4100,8600,12000,275621,133017,310,375.36497701372775,265.7838000013726,12066.266400004679,1626.7758951603832
1782828146,500,,Aggregated,95.700000,45.500000,310,330,350,360,440,670,1100,1600,4100,8600,12000,275721,133072,310,375.34400523790606,265.7838000013726,12066.266400004679,1626.9722219199843
1782828147,500,,Aggregated,98.100000,47.400000,310,330,350,360,440,670,1100,1600,4100,8600,12000,275825,133117,310,375.32322448835555,265.7838000013726,12066.266400004679,1626.7900407867307
1782828148,500,,Aggregated,97.400000,46.600000,310,330,350,360,440,670,1100,1600,4100,8600,12000,275922,133166,310,375.3059579493505,265.7838000013726,12066.266400004679,1626.6334543820356
1782828149,500,,Aggregated,96.400000,46.400000,310,330,350,360,440,670,1100,1600,4100,8600,12000,276036,133225,310,375.28258600255276,265.7838000013726,12066.266400004679,1626.018859858859
1782828150,500,,Aggregated,96.100000,46.300000,310,330,350,360,440,670,1100,1600,4100,8600,12000,276127,133271,310,375.2613253082842,265.7838000013726,12066.266400004679,1626.633530947716
1782828151,500,,Aggregated,97.700000,47.400000,310,330,350,360,440,670,1100,1600,4100,8600,12000,276216,133314,310,375.2421223868297,265.7838000013726,12066.266400004679,1626.1522033481044
1782828152,500,,Aggregated,98.800000,48.200000,310,330,350,360,440,670,1100,1600,4100,8600,12000,276317,133363,310,375.2224186680538,265.7838000013726,12066.266400004679,1625.6062927724317
1782828153,500,,Aggregated,98.900000,49.100000,310,330,350,360,440,670,1100,1600,4100,8600,12000,276411,133404,310,375.202245064779,265.7838000013726,12066.266400004679,1625.1019858109844
1782828154,500,,Aggregated,97.000000,49.100000,310,330,350,360,440,670,1100,1600,4100,8600,12000,276509,133453,310,375.1798544839432,265.7838000013726,12066.266400004679,1624.9517520225381
1782828155,500,,Aggregated,97.300000,48.500000,310,330,350,360,440,670,1100,1600,4100,8600,12000,276601,133503,310,375.1579654795198,265.7838000013726,12066.266400004679,1624.8210201698475
1782828156,500,,Aggregated,99.300000,49.300000,310,330,350,360,440,670,1100,1600,4100,8600,12000,276712,133555,310,375.13232564724535,265.7838000013726,12066.266400004679,1625.7020403885629
1782828157,500,,Aggregated,98.300000,48.300000,310,330,350,360,440,670,1100,1600,4100,8600,12000,276805,133608,310,375.1099897426008,265.7838000013726,12066.266400004679,1625.562150250176
1782828158,500,,Aggregated,97.700000,48.400000,310,330,350,360,440,670,1100,1600,4100,8600,12000,276897,133648,310,375.0894154992674,265.7838000013726,12066.266400004679,1625.4417816011007
1782828159,500,,Aggregated,98.700000,48.500000,310,330,350,360,440,670,1100,1600,4100,8600,12000,276980,133699,310,375.0691248758054,265.7838000013726,12066.266400004679,1625.3553758394107
1782828160,500,,Aggregated,98.100000,49.300000,310,330,350,360,440,670,1100,1600,4100,8600,12000,277069,133745,310,375.06929461073094,265.7838000013726,12066.266400004679,1625.2444517430677
1782828161,500,,Aggregated,97.000000,47.900000,310,330,350,360,440,670,1100,1600,4100,8600,12000,277181,133804,310,375.0581626471534,265.7838000013726,12066.266400004679,1625.0091420407605
1782828162,500,,Aggregated,95.700000,48.300000,310,330,350,360,440,670,1100,1600,4100,8600,12000,277276,133851,310,375.03385369704057,265.7838000013726,12066.266400004679,1624.5048327298432
1782828163,500,,Aggregated,94.400000,48.100000,310,330,350,360,440,670,1100,1600,4100,8600,12000,277376,133898,310,375.01148340051316,265.7838000013726,12066.266400004679,1624.340797329257
1782828165,500,,Aggregated,95.300000,48.500000,310,330,350,360,440,670,1100,1600,4100,8600,12000,277484,133955,310,374.98745740835733,265.7838000013726,12066.266400004679,1623.7653378212797
1782828166,500,,Aggregated,95.600000,48.800000,310,330,350,360,440,670,1100,1600,4100,8600,12000,277578,134007,310,374.9663293877777,265.7838000013726,12066.266400004679,1623.9949167441223
1782828167,500,,Aggregated,96.600000,50.000000,310,330,350,360,440,670,1100,1600,4100,8600,12000,277669,134057,310,374.9460734233947,265.7838000013726,12066.266400004679,1624.2399907803897
1782828168,500,,Aggregated,97.200000,50.300000,310,330,350,360,440,670,1100,1600,4100,8600,12000,277767,134114,310,374.9293957691179,265.7838000013726,12066.266400004679,1624.0738208642495
1782828169,500,,Aggregated,95.100000,49.700000,310,330,350,360,440,670,1100,1600,4100,8600,12000,277866,134164,310,374.9054896741614,265.7838000013726,12066.266400004679,1623.913944131344
1782828170,500,,Aggregated,95.500000,50.000000,310,330,350,360,440,670,1100,1600,4100,8600,12000,277968,134213,310,374.8835429452334,265.7838000013726,12066.266400004679,1623.7393297070166
1782828171,500,,Aggregated,96.100000,51.100000,310,330,350,360,440,670,1100,1600,4100,8600,12000,278079,134279,310,374.85841195272053,265.7838000013726,12066.266400004679,1623.8715508902146
1782828172,500,,Aggregated,96.500000,50.100000,310,330,350,360,440,670,1100,1600,4100,8600,12000,278162,134333,310,374.8383668995065,265.7838000013726,12066.266400004679,1623.7888316880092
1782828173,500,,Aggregated,99.200000,52.300000,310,330,350,360,440,670,1100,1600,4100,8600,12000,278267,134387,310,374.81276475399756,265.7838000013726,12066.266400004679,1623.5962582699349
1782828174,500,,Aggregated,97.400000,52.600000,310,330,350,360,440,670,1100,1600,4100,8600,12000,278360,134435,310,374.79069529997344,265.7838000013726,12066.266400004679,1623.0949956890358
1782828175,500,,Aggregated,97.800000,53.000000,310,330,350,360,440,670,1100,1600,4100,8600,12000,278456,134484,310,374.77016175087135,265.7838000013726,12066.266400004679,1622.9474638722097
1782828176,500,,Aggregated,97.600000,53.300000,310,330,350,360,440,670,1100,1600,4100,8600,12000,278558,134535,310,374.7466222413311,265.7838000013726,12066.266400004679,1622.404590785402
1782828177,500,,Aggregated,95.800000,52.100000,310,330,350,360,440,670,1100,1600,4100,8600,12000,278663,134575,310,374.7217764514865,265.7838000013726,12066.266400004679,1623.3187075428025
1782828178,500,,Aggregated,97.800000,52.700000,310,330,350,360,440,670,1100,1600,4100,8600,12000,278746,134623,310,374.70227981495896,265.7838000013726,12066.266400004679,1623.2403729560244
1782828179,500,,Aggregated,98.500000,51.500000,310,330,350,360,440,670,1100,1600,4100,8600,12000,278844,134671,310,374.7001373714358,265.7838000013726,12066.266400004679,1623.087367847255
1782828180,500,,Aggregated,97.200000,50.600000,310,330,350,360,440,670,1100,1600,4100,8600,12000,278954,134724,310,374.69918555317605,265.7838000013726,12066.266400004679,1622.8718570086824
1782828181,500,,Aggregated,96.700000,50.200000,310,330,350,360,440,670,1100,1600,4100,8600,12000,279048,134783,310,374.6767428990737,265.7838000013726,12066.266400004679,1623.4635976606176
1782828182,500,,Aggregated,97.900000,50.900000,310,330,350,360,440,670,1100,1600,4100,8600,12000,279137,134825,310,374.65597189480724,265.7838000013726,12066.266400004679,1623.7217746124663
1782828183,500,,Aggregated,96.600000,50.100000,310,330,350,360,440,670,1100,1600,4100,8600,12000,279225,134869,310,374.6390129211239,265.7838000013726,12066.266400004679,1624.350770883696
1782828184,500,,Aggregated,97.100000,49.000000,310,330,350,360,440,670,1100,1600,4100,8600,12000,279323,134917,310,374.6160433798892,265.7838000013726,12066.266400004679,1624.200108834575
1782828185,500,,Aggregated,95.900000,48.500000,310,330,350,360,440,670,1100,1600,4100,8600,12000,279437,134984,310,374.58916535641595,265.7838000013726,12066.266400004679,1624.3151300650952
1782828186,500,,Aggregated,96.000000,47.900000,310,330,350,360,440,670,1100,1600,4100,8600,12000,279535,135035,310,374.5649815661751,265.7838000013726,12066.266400004679,1623.7964226304398
1782828187,500,,Aggregated,98.300000,50.300000,310,330,350,360,440,670,1100,1600,4100,8600,12000,279624,135080,310,374.5452402751579,265.7838000013726,12066.266400004679,1624.053722141161
1782828188,500,,Aggregated,95.800000,48.600000,310,330,350,360,440,670,1100,1600,4100,8600,12000,279727,135126,310,374.52232280009,265.7838000013726,12066.266400004679,1624.2401591551763
1782828189,500,,Aggregated,95.600000,49.800000,310,330,350,360,440,670,1100,1600,4100,8600,12000,279817,135178,310,374.50297940725824,265.7838000013726,12066.266400004679,1623.7575951425397
1782828190,500,,Aggregated,97.100000,50.300000,310,330,340,360,440,670,1100,1600,4100,8600,12000,279918,135223,310,374.4825579648353,265.7838000013726,12066.266400004679,1623.2192249158682
1782828191,500,,Aggregated,98.000000,50.800000,310,330,340,360,440,670,1100,1600,4100,8600,12000,280006,135267,310,374.4608335728549,265.7838000013726,12066.266400004679,1623.1211438326322
1782828192,500,,Aggregated,96.200000,50.000000,310,330,340,360,440,670,1100,1600,4100,8600,12000,280120,135322,310,374.4364989179668,265.7838000013726,12066.266400004679,1622.525064258175
1782828193,500,,Aggregated,94.500000,47.900000,310,330,340,360,440,670,1100,1600,4100,8600,12000,280228,135374,310,374.4122101249726,265.7838000013726,12066.266400004679,1623.0497808927016
1782828194,500,,Aggregated,96.400000,48.900000,310,330,340,360,440,670,1100,1600,4100,8600,12000,280327,135423,310,374.39046846005135,265.7838000013726,12066.266400004679,1623.2536751722096
1782828195,500,,Aggregated,99.300000,50.000000,310,330,340,360,440,670,1100,1600,4100,8600,12000,280420,135478,310,374.3695724474031,265.7838000013726,12066.266400004679,1623.1158298266885
1782828196,500,,Aggregated,98.300000,49.900000,310,330,340,360,440,670,1100,1600,4100,8600,12000,280497,135507,310,374.35273667633095,265.7838000013726,12066.266400004679,1623.4382506764778
1782828197,500,,Aggregated,97.500000,48.500000,310,330,340,360,440,670,1100,1600,4100,8600,12000,280581,135546,310,374.3419156290011,265.7838000013726,12066.266400004679,1622.9956803917585
1782828198,500,,Aggregated,96.200000,48.000000,310,330,340,360,440,670,1100,1600,4100,8600,12000,280679,135587,310,374.3206841480866,265.7838000013726,12066.266400004679,1623.2083233872145
1782828199,500,,Aggregated,95.100000,46.700000,310,330,340,360,440,670,1100,1600,4100,8600,12000,280784,135644,310,374.2964892529519,265.7838000013726,12066.266400004679,1623.0174618211863
1782828200,500,,Aggregated,94.800000,45.400000,310,330,340,360,440,670,1100,1600,4100,8600,12000,280887,135698,310,374.274004140814,265.7838000013726,12066.266400004679,1623.200938455678
1782828201,500,,Aggregated,94.600000,45.800000,310,330,340,360,440,670,1100,1600,4100,8600,12000,280995,135753,310,374.2698587932198,265.7838000013726,12066.266400004679,1623.3577430203384
1782828202,500,,Aggregated,96.600000,46.900000,310,330,340,360,440,670,1000,1600,4100,8600,12000,281076,135790,310,374.25744445772966,265.7838000013726,12066.266400004679,1623.2938422348404
1782828203,500,,Aggregated,98.400000,48.400000,310,330,340,360,440,670,1000,1600,4100,8600,12000,281169,135839,310,374.2371971693212,265.7838000013726,12066.266400004679,1623.1673299688089
1782828204,500,,Aggregated,96.200000,46.900000,310,330,340,360,440,670,1000,1600,4100,8600,12000,281273,135883,310,374.21517199269357,265.7838000013726,12066.266400004679,1622.987069501872
1782828205,500,,Aggregated,94.000000,46.100000,310,330,340,360,440,670,1000,1600,4100,8600,12000,281376,135945,310,374.191808406548,265.7838000013726,12066.266400004679,1622.7984369669055
1782828206,500,,Aggregated,94.400000,46.100000,310,330,340,360,440,670,1000,1600,4100,8600,12000,281477,135999,310,374.16893404967675,265.7838000013726,12066.266400004679,1623.3475132959354
1782828207,500,,Aggregated,94.200000,45.900000,310,330,340,360,440,670,1000,1600,4100,8600,12000,281570,136042,310,374.1506757154558,265.7838000013726,12066.266400004679,1623.5852860745108
1782828208,500,,Aggregated,96.400000,47.800000,310,330,340,360,440,670,1000,1600,4100,8600,12000,281668,136092,310,374.12871490549486,265.7838000013726,12066.266400004679,1623.431774287459
1782828209,500,,Aggregated,98.700000,49.500000,310,330,340,360,440,670,1000,1600,4100,8600,12000,281767,136144,310,374.1070023647233,265.7838000013726,12066.266400004679,1623.2701380928213
1782828210,500,,Aggregated,98.100000,49.900000,310,330,340,360,440,670,1000,1600,4100,8600,12000,281858,136186,310,374.09135192934355,265.7838000013726,12066.266400004679,1623.151068977996
1782828211,500,,Aggregated,98.200000,49.900000,310,330,340,360,440,670,1000,1600,4100,8600,12000,281943,136227,310,374.0740870573162,265.7838000013726,12066.266400004679,1622.703518086989
1782828212,500,,Aggregated,95.700000,48.400000,310,330,340,360,440,670,1000,1600,4100,8600,12000,282045,136276,310,374.05274350015384,265.7838000013726,12066.266400004679,1622.1667783509724
1782828213,500,,Aggregated,95.000000,47.500000,310,330,340,360,440,670,1000,1600,4100,8600,12000,282156,136340,310,374.0283583964223,265.7838000013726,12066.266400004679,1622.3008761110875
1782828214,500,,Aggregated,95.600000,47.800000,310,330,340,360,440,670,1000,1600,4100,8600,12000,282258,136394,310,374.00601239575485,265.7838000013726,12066.266400004679,1622.487217368507
1782828215,500,,Aggregated,97.500000,49.600000,310,330,340,360,440,670,1000,1600,4100,8600,12000,282340,136431,310,373.9890525263901,265.7838000013726,12066.266400004679,1622.0592831338104
1782828216,500,,Aggregated,98.200000,50.600000,310,330,340,360,440,670,1000,1600,4100,8600,12000,282441,136483,310,373.9685792569102,265.7838000013726,12066.266400004679,1621.8828817345923
1782828217,500,,Aggregated,97.200000,49.900000,310,330,340,360,440,670,1000,1600,4100,8600,12000,282545,136536,310,373.946327158155,265.7838000013726,12066.266400004679,1621.6971845192802
1782828218,500,,Aggregated,96.200000,48.400000,310,330,340,360,440,670,1000,1600,4100,8600,12000,282647,136590,310,373.92525598538424,265.7838000013726,12066.266400004679,1621.5179924074905
1782828219,500,,Aggregated,96.200000,48.800000,310,330,340,360,440,670,1000,1600,4100,8600,12000,282732,136629,310,373.9054255103808,265.7838000013726,12066.266400004679,1621.7976069210417
1782828220,500,,Aggregated,97.000000,49.100000,310,330,340,360,440,670,1000,1600,4100,8600,12000,282834,136678,310,373.882720592648,265.7838000013726,12066.266400004679,1621.2695927646605
1782828221,500,,Aggregated,96.200000,48.600000,310,330,340,360,440,670,1000,1600,4100,8600,12000,282924,136732,310,373.8628291481143,265.7838000013726,12066.266400004679,1621.8724604487425
1782828222,500,,Aggregated,97.200000,48.700000,310,330,340,360,440,670,1000,1600,4100,8600,12000,283035,136777,310,373.8386645549175,265.7838000013726,12066.266400004679,1622.0175137350504
1782828223,500,,Aggregated,97.000000,49.400000,310,330,340,360,440,670,1000,1600,4100,8600,12000,283125,136817,310,373.8214447230059,265.7838000013726,12066.266400004679,1621.5453986754967
1782828224,500,,Aggregated,97.600000,50.300000,310,330,340,360,440,670,1000,1600,4100,8600,12000,283222,136864,310,373.8011795866881,265.7838000013726,12066.266400004679,1622.1217878554633
1782828225,500,,Aggregated,96.100000,47.800000,310,330,340,360,440,670,1000,1600,4100,8600,12000,283311,136909,310,373.791805335836,265.7838000013726,12066.266400004679,1622.0200027531582
1782828226,500,,Aggregated,96.100000,46.900000,310,330,340,360,440,670,1000,1600,4100,8600,12000,283417,136958,310,373.7832027669515,265.7838000013726,12066.266400004679,1621.8284047887037
1782828227,500,,Aggregated,96.500000,47.600000,310,330,340,360,440,670,1000,1600,4100,8600,12000,283517,137008,310,373.7600547455747,265.7838000013726,12066.266400004679,1621.3100378460551
1782828228,500,,Aggregated,97.500000,47.500000,310,330,340,360,440,670,1000,1600,4100,8600,12000,283630,137068,310,373.73473002292116,265.7838000013726,12066.266400004679,1621.793896978458
1782828229,500,,Aggregated,96.600000,46.300000,310,330,340,360,440,670,1000,1600,4100,8600,12000,283711,137112,310,373.7153058957925,265.7838000013726,12066.266400004679,1621.7295311073592
1782828230,500,,Aggregated,97.900000,47.600000,310,330,340,360,440,670,1000,1600,4100,8600,12000,283796,137156,310,373.69548065829366,265.7838000013726,12066.266400004679,1622.00083158325
1782828231,500,,Aggregated,97.500000,47.700000,310,330,340,360,440,670,1000,1600,4100,8600,12000,283899,137209,310,373.676396340604,265.7838000013726,12066.266400004679,1621.4671802295886
1782828232,500,,Aggregated,96.100000,48.400000,310,330,340,360,440,670,1000,1600,4100,8600,12000,284015,137271,310,373.64951502597097,265.7838000013726,12066.266400004679,1621.2177807510166
1782828233,500,,Aggregated,95.900000,47.800000,310,330,340,360,440,670,1000,1600,4100,8600,12000,284112,137319,310,373.63122358084536,265.7838000013726,12066.266400004679,1621.0735625387172
1782828234,500,,Aggregated,98.000000,49.000000,310,330,340,360,440,670,1000,1600,4100,8600,12000,284212,137372,310,373.60856328550915,265.7838000013726,12066.266400004679,1621.2692215669992
1782828235,500,,Aggregated,97.700000,49.000000,310,330,340,360,440,670,1000,1600,4100,8600,12000,284298,137418,310,373.5888631541591,265.7838000013726,12066.266400004679,1620.821103208605
1782828236,500,,Aggregated,97.600000,49.600000,310,330,340,360,440,670,1000,1600,4100,8600,12000,284404,137470,310,373.5663640873586,265.7838000013726,12066.266400004679,1620.9809390866515
1782828237,500,,Aggregated,97.500000,49.600000,310,330,340,360,440,670,1000,1600,4100,8600,12000,284503,137526,310,373.54512456459565,265.7838000013726,12066.266400004679,1620.817727756825
1782828238,500,,Aggregated,97.300000,50.700000,310,330,340,360,440,670,1000,1600,4100,8600,12000,284606,137571,310,373.5207242872645,265.7838000013726,12066.266400004679,1620.6469610619592
1782828239,500,,Aggregated,97.200000,51.000000,310,330,340,360,440,670,1000,1600,4100,8600,12000,284694,137618,310,373.5014668261403,265.7838000013726,12066.266400004679,1620.1876751880966
1782828240,500,,Aggregated,97.400000,50.500000,310,330,340,360,440,670,1000,1600,4100,8600,12000,284789,137661,310,373.48457021795474,265.7838000013726,12066.266400004679,1620.0509570243232
1782828241,500,,Aggregated,97.700000,50.200000,310,330,340,360,440,670,1000,1600,4100,8600,12000,284897,137716,310,373.4759922091182,265.7838000013726,12066.266400004679,1620.2031435922456
1782828242,500,,Aggregated,98.600000,49.700000,310,330,340,360,440,670,1000,1600,4100,8600,12000,284979,137752,310,373.48108641268703,265.7838000013726,12066.266400004679,1620.4956295025247
1782828243,500,,Aggregated,99.800000,50.500000,310,330,340,360,440,670,1000,1600,4100,8600,12000,285082,137805,310,373.4589263099777,265.7838000013726,12066.266400004679,1621.030808679608
1782828244,500,,Aggregated,96.200000,48.100000,310,330,340,360,440,670,1000,1600,4100,8600,12000,285188,137858,310,373.4368888010754,265.7838000013726,12066.266400004679,1621.190320069568
1782828245,500,,Aggregated,97.500000,49.000000,310,330,340,360,440,670,1000,1600,4100,8600,12000,285284,137903,310,373.41293097264827,265.7838000013726,12066.266400004679,1621.408680472792
1782828246,500,,Aggregated,98.400000,49.600000,310,330,340,360,440,670,1000,1600,4100,8600,12000,285376,137949,310,373.3948907911001,265.7838000013726,12066.266400004679,1621.6452539807133
1782828247,500,,Aggregated,98.100000,48.400000,310,330,340,360,440,670,1000,1600,4100,8600,12000,285474,137982,310,373.37544562062044,265.7838000013726,12066.266400004679,1621.8578609610684
1782828248,500,,Aggregated,97.800000,48.200000,310,330,340,360,440,670,1000,1600,4100,8600,12000,285561,138025,310,373.35360076551405,265.7838000013726,12066.266400004679,1621.4116353423613
1782828249,500,,Aggregated,96.900000,47.200000,310,330,340,360,440,670,1000,1600,4100,8600,12000,285674,138090,310,373.3300880241146,265.7838000013726,12066.266400004679,1620.8205822020905
1782828250,500,,Aggregated,94.600000,45.300000,310,330,340,360,440,670,1000,1600,4100,8600,12000,285767,138135,310,373.30851521764555,265.7838000013726,12066.266400004679,1620.7005637459888
1782828251,500,,Aggregated,94.800000,45.200000,310,330,340,360,440,670,1000,1600,4100,8600,12000,285874,138190,310,373.28484029607773,265.7838000013726,12066.266400004679,1620.5028474082987
1782828252,500,,Aggregated,96.700000,46.900000,310,330,340,360,440,670,1000,1600,4100,8600,12000,285961,138233,310,373.2677446970075,265.7838000013726,12066.266400004679,1620.4065204695746
1782828253,500,,Aggregated,96.300000,46.000000,310,330,340,360,440,670,1000,1600,4100,8600,12000,286055,138280,310,373.2469433171974,265.7838000013726,12066.266400004679,1620.6365663945744
1782828254,500,,Aggregated,99.100000,48.000000,310,330,340,360,440,670,1000,1600,4100,8600,12000,286150,138327,310,373.22360100716753,265.7838000013726,12066.266400004679,1620.8541848680761
1782828255,500,,Aggregated,95.700000,46.900000,310,330,340,360,440,670,1000,1600,4100,8600,12000,286254,138379,310,373.2017498424515,265.7838000013726,12066.266400004679,1621.7425118950302
1782828256,500,,Aggregated,94.300000,46.000000,310,330,340,360,440,670,1000,1600,4100,8600,12000,286368,138439,310,373.17600477043885,265.7838000013726,12066.266400004679,1621.5040786680077
1782828257,500,,Aggregated,95.500000,46.900000,310,330,340,360,440,670,1000,1600,4100,8600,12000,286451,138490,310,373.1559894592831,265.7838000013726,12066.266400004679,1621.0691846074897
1782828258,500,,Aggregated,95.900000,47.000000,310,330,340,360,440,670,1000,1600,4100,8600,12000,286550,138534,310,373.13804621706885,265.7838000013726,12066.266400004679,1620.9167335543534
1782828259,500,,Aggregated,98.500000,49.500000,310,330,340,360,440,670,1000,1600,4100,8600,12000,286639,138570,310,373.1401163686763,265.7838000013726,12066.266400004679,1621.531626889572
1782828260,500,,Aggregated,98.400000,50.600000,310,330,340,360,440,670,1000,1600,4100,8600,12000,286734,138612,310,373.12356283524434,265.7838000013726,12066.266400004679,1622.113000202278
1782828261,500,,Aggregated,98.200000,50.300000,310,330,340,360,440,670,1000,1600,4100,8600,12000,286820,138659,310,373.1041607475104,265.7838000013726,12066.266400004679,1621.664503870023
1782828262,500,,Aggregated,96.200000,47.600000,310,330,340,360,440,670,1000,1600,4100,8600,12000,286931,138711,310,373.0809500465302,265.7838000013726,12066.266400004679,1621.4530392324286
1782828263,500,,Aggregated,95.500000,47.300000,310,330,340,360,440,670,1000,1600,4000,8600,12000,287030,138751,310,373.0607728495312,265.7838000013726,12066.266400004679,1621.6559488555204
1782828264,500,,Aggregated,93.300000,46.100000,310,330,340,360,440,670,1000,1600,4000,8600,12000,287124,138795,310,373.04103430469394,265.7838000013726,12066.266400004679,1621.529175547847
1782828265,500,,Aggregated,97.400000,47.900000,310,330,340,360,440,670,1000,1600,4000,8600,12000,287222,138841,310,373.02011644547053,265.7838000013726,12066.266400004679,1622.4440989896318
1782828266,500,,Aggregated,97.200000,46.700000,310,330,340,360,440,670,1000,1600,4000,8600,12000,287331,138893,310,372.9992781165311,265.7838000013726,12066.266400004679,1622.2377467102401
1782828267,500,,Aggregated,95.700000,45.800000,310,330,340,360,440,670,1000,1600,4000,8600,12000,287421,138938,310,372.9819508647632,265.7838000013726,12066.266400004679,1622.1297608734226
1782828268,500,,Aggregated,96.100000,46.000000,310,330,340,360,440,670,1000,1600,4000,8600,12000,287512,138980,310,372.96354392269257,265.7838000013726,12066.266400004679,1621.6647548624057
1782828269,500,,Aggregated,96.300000,44.800000,310,330,340,360,440,670,1000,1600,4000,8600,12000,287610,139031,310,372.94068162094896,265.7838000013726,12066.266400004679,1621.8718472932096
1782828270,500,,Aggregated,95.600000,44.100000,310,330,340,360,440,670,1000,1600,4000,8600,12000,287702,139083,310,372.91919236328283,265.7838000013726,12066.266400004679,1621.749237057789
1782828271,500,,Aggregated,95.700000,44.600000,310,330,340,360,440,670,1000,1600,4000,8600,12000,287792,139129,310,372.8995104433098,265.7838000013726,12066.266400004679,1621.6313726580308
1782828272,500,,Aggregated,96.600000,46.400000,310,330,340,360,440,670,1000,1600,4000,8600,12000,287903,139181,310,372.8770883228067,265.7838000013726,12066.266400004679,1621.7732083375304
1782828273,500,,Aggregated,96.300000,46.700000,310,330,340,360,440,670,1000,1600,4000,8600,12000,288007,139240,310,372.8549053092493,265.7838000013726,12066.266400004679,1621.9404528362159
1782828274,500,,Aggregated,97.400000,47.300000,310,330,340,360,440,670,1000,1600,4000,8600,12000,288099,139289,310,372.83507604053096,265.7838000013726,12066.266400004679,1621.8124221187857
1782828275,500,,Aggregated,95.900000,46.600000,310,330,340,360,440,670,1000,1600,4000,8600,12000,288196,139335,310,372.8134391500957,265.7838000013726,12066.266400004679,1622.0238795819512
1782828276,500,,Aggregated,96.900000,48.800000,310,330,340,360,440,670,1000,1600,4000,8600,12000,288299,139384,310,372.7909752961369,265.7838000013726,12066.266400004679,1621.8476234742402
1782828277,500,,Aggregated,97.700000,49.600000,310,330,340,360,440,670,1000,1600,4000,8600,12000,288404,139445,310,372.7674545318406,265.7838000013726,12066.266400004679,1621.2984702015228
1782828278,500,,Aggregated,97.600000,49.000000,310,330,340,360,440,670,1000,1600,4000,8600,12000,288495,139489,310,372.7468846260802,265.7838000013726,12066.266400004679,1621.8895509454237
1782828279,500,,Aggregated,95.300000,48.700000,310,330,340,360,440,670,1000,1600,4000,8600,12000,288589,139529,310,372.72648402988693,265.7838000013726,12066.266400004679,1622.117149302295
1782828280,500,,Aggregated,97.700000,50.900000,310,330,340,360,440,670,1000,1600,4000,8600,12000,288675,139569,310,372.70938133402973,265.7838000013726,12066.266400004679,1622.0293132415345
1782828281,500,,Aggregated,97.700000,50.000000,310,330,340,360,440,670,1000,1600,4000,8600,12000,288771,139613,310,372.6907311263978,265.7838000013726,12066.266400004679,1621.8947228080383
1782828282,500,,Aggregated,97.100000,49.200000,310,330,340,360,440,670,1000,1600,4000,8600,12000,288865,139664,310,372.6706680653631,265.7838000013726,12066.266400004679,1621.4128468315648
1782828283,500,,Aggregated,97.100000,48.200000,310,330,340,360,440,670,1000,1600,4000,8600,12000,288969,139721,310,372.64898464749206,265.7838000013726,12066.266400004679,1621.9308264900387
1782828284,500,,Aggregated,96.600000,48.300000,310,330,340,360,440,670,1000,1600,4000,8600,12000,289072,139770,310,372.6255699016203,265.7838000013726,12066.266400004679,1622.1134700005534
1782828285,500,,Aggregated,95.900000,48.000000,310,330,340,360,440,670,1000,1600,4000,8600,12000,289159,139812,310,372.6065278303675,265.7838000013726,12066.266400004679,1622.3664558253417
1782828286,500,,Aggregated,96.500000,47.900000,310,330,340,360,440,670,1000,1600,4000,8600,12000,289249,139848,310,372.5876628188904,265.7838000013726,12066.266400004679,1622.9688157953874
1782828287,500,,Aggregated,96.200000,47.300000,310,330,340,360,440,670,1000,1600,4000,8600,12000,289345,139905,310,372.5660189569588,265.7838000013726,12066.266400004679,1623.1718640377403
1782828288,500,,Aggregated,95.400000,47.400000,310,330,340,360,440,670,1000,1600,4000,8600,12000,289442,139939,310,372.54531199515367,265.7838000013726,12066.266400004679,1623.0394621374921
1782828289,500,,Aggregated,94.300000,45.800000,310,330,340,360,440,670,1000,1600,4000,8600,12000,289543,139984,310,372.5231082499015,265.7838000013726,12066.266400004679,1623.229689545249
1782828290,500,,Aggregated,93.600000,45.400000,310,330,340,360,440,670,1000,1600,4000,8600,12000,289632,140028,310,372.5091845352075,265.7838000013726,12066.266400004679,1623.8250296928516
1782828291,500,,Aggregated,94.100000,45.000000,310,330,340,360,440,670,1000,1600,4000,8600,12000,289736,140087,310,372.48373523276797,265.7838000013726,12066.266400004679,1623.9917407571031
1782828292,500,,Aggregated,94.100000,44.600000,310,330,340,360,440,670,1000,1600,4000,8600,12000,289818,140131,310,372.46655893319695,265.7838000013726,12066.266400004679,1624.2773464726138
1782828293,500,,Aggregated,94.700000,45.700000,310,330,340,360,440,670,1000,1600,4000,8600,12000,289920,140182,310,372.4447290121458,265.7838000013726,12066.266400004679,1624.1045288355408
1782828294,500,,Aggregated,95.100000,46.500000,310,330,340,360,440,670,1000,1600,4000,8600,12000,290021,140226,310,372.4279427265658,265.7838000013726,12066.266400004679,1623.592626051217
1782828295,500,,Aggregated,94.100000,46.200000,310,330,340,360,440,670,1000,1600,4000,8600,12000,290116,140277,310,372.4133429638539,265.7838000013726,12066.266400004679,1623.461294792428
1782828296,500,,Aggregated,93.800000,45.400000,310,330,340,360,440,670,1000,1600,4000,8600,12000,290216,140324,310,372.39759724929513,265.7838000013726,12066.266400004679,1622.953985996637
1782828297,500,,Aggregated,94.200000,45.500000,310,330,340,360,440,670,1000,1600,4000,8600,12000,290304,140366,310,372.39757156154036,265.7838000013726,12066.266400004679,1622.856502149471
1782828298,500,,Aggregated,94.200000,45.800000,310,330,340,360,440,670,1000,1600,4000,8600,12000,290406,140419,310,372.3927421365312,265.7838000013726,12066.266400004679,1622.3314773110749
1782828299,500,,Aggregated,96.400000,47.700000,310,330,340,360,440,670,1000,1600,4000,8600,12000,290509,140468,310,372.3728882375468,265.7838000013726,12066.266400004679,1622.8644000702216
1782828300,500,,Aggregated,94.600000,45.600000,310,330,340,360,440,670,1000,1600,4000,8600,12000,290601,140512,310,372.3551986930585,265.7838000013726,12066.266400004679,1623.1015997880254
1782828301,500,,Aggregated,95.300000,47.600000,310,330,340,360,440,670,1000,1600,4000,8600,12000,290694,140563,310,372.33502672535894,265.7838000013726,12066.266400004679,1623.3258477987163
1782828302,500,,Aggregated,96.300000,48.300000,310,330,340,360,440,670,1000,1600,4000,8600,12000,290783,140616,310,372.3172352132052,265.7838000013726,12066.266400004679,1623.9170549860205
1782828303,500,,Aggregated,96.200000,48.200000,310,330,340,360,440,670,1000,1600,4000,8600,12000,290875,140661,310,372.2976432281961,265.7838000013726,12066.266400004679,1624.1502741727545
1782828304,500,,Aggregated,95.500000,47.200000,310,330,340,360,440,670,1000,1600,4000,8600,12000,290990,140723,310,372.2716631155767,265.7838000013726,12066.266400004679,1623.9110278703736
1782828305,500,,Aggregated,95.900000,47.900000,310,330,340,360,440,670,1000,1600,4000,8600,12000,291085,140770,310,372.2527844007818,265.7838000013726,12066.266400004679,1624.129343662504
1782828307,500,,Aggregated,96.400000,49.600000,310,330,340,360,440,670,1000,1600,4000,8600,12000,291189,140826,310,372.2299609336258,265.7838000013726,12066.266400004679,1623.5963686815091
1782828308,500,,Aggregated,96.700000,49.300000,310,330,340,360,440,670,1000,1600,4000,8600,12000,291295,140876,310,372.2101324447776,265.7838000013726,12066.266400004679,1623.7603975351449
1782828309,500,,Aggregated,96.500000,49.700000,310,330,340,360,440,670,1000,1600,4000,8600,12000,291368,140911,310,372.19495014827095,265.7838000013726,12066.266400004679,1624.4419943164658
1782828310,500,,Aggregated,98.800000,51.000000,310,330,340,360,440,670,1000,1600,4000,8600,12000,291476,140969,310,372.1736955176463,265.7838000013726,12066.266400004679,1624.5926525683076
1782828311,500,,Aggregated,95.700000,48.900000,310,330,340,360,440,670,1000,1600,4000,8600,12000,291574,141023,310,372.15259965429533,265.7838000013726,12066.266400004679,1624.0963117424735
1782828312,500,,Aggregated,95.900000,49.800000,310,330,340,360,440,670,1000,1600,4000,8600,12000,291676,141086,310,372.13539641829107,265.7838000013726,12066.266400004679,1624.6176716630782
1782828313,500,,Aggregated,96.300000,50.600000,310,330,340,360,440,670,1000,1600,4000,8600,12000,291767,141127,310,372.1181483029315,265.7838000013726,12066.266400004679,1624.1555761960742
1782828314,500,,Aggregated,97.500000,52.000000,310,330,340,360,440,670,1000,1600,4000,8600,12000,291850,141165,310,372.10203310879393,265.7838000013726,12066.266400004679,1624.4342470447148
1782828315,500,,Aggregated,97.800000,51.000000,310,330,340,360,440,670,1000,1600,4000,8600,12000,291952,141212,310,372.0805742166575,265.7838000013726,12066.266400004679,1624.6156559982462
1782828316,500,,Aggregated,97.000000,50.100000,310,330,340,360,440,670,1000,1600,3800,8600,12000,292056,141265,310,372.07431257704553,265.7838000013726,12066.266400004679,1625.139867011806
1782828317,500,,Aggregated,95.700000,48.600000,310,330,340,360,440,670,1000,1600,3800,8600,12000,292152,141302,310,372.0797819823295,265.7838000013726,12066.266400004679,1625.3554553793915
1782828318,500,,Aggregated,96.900000,49.300000,310,330,340,360,440,670,1000,1600,3800,8600,12000,292248,141352,310,372.0835814845663,265.7838000013726,12066.266400004679,1625.5583648134461
1782828319,500,,Aggregated,95.100000,47.400000,310,330,340,360,440,670,1000,1600,3800,8600,12000,292347,141396,310,372.06555289228737,265.7838000013726,12066.266400004679,1625.4083435095965
1782828320,500,,Aggregated,94.600000,47.100000,310,330,340,360,440,670,1000,1600,3800,8600,12000,292436,141436,310,372.04791276484957,265.7838000013726,12066.266400004679,1625.3084709132938
1782828321,500,,Aggregated,97.600000,48.200000,310,330,340,360,440,670,1000,1600,3800,8600,12000,292542,141492,310,372.02850153858805,265.7838000013726,12066.266400004679,1625.11431520944
1782828322,500,,Aggregated,95.800000,46.700000,310,330,340,360,440,670,1000,1600,3800,8600,12000,292643,141547,310,372.0044609517453,265.7838000013726,12066.266400004679,1624.6018493522824
1782828323,500,,Aggregated,96.200000,46.800000,310,330,340,360,440,670,1000,1600,3800,8600,12000,292748,141605,310,371.98269162795845,265.7838000013726,12066.266400004679,1624.7622460272999
1782828324,500,,Aggregated,95.600000,45.400000,310,330,340,360,440,670,1000,1600,3800,8600,12000,292849,141658,310,371.96231895994737,265.7838000013726,12066.266400004679,1625.296876547299
1782828325,500,,Aggregated,97.500000,47.400000,310,330,340,360,440,670,1000,1600,3800,8600,12000,292954,141716,310,371.9423121312616,265.7838000013726,12066.266400004679,1625.1124749960745
1782828326,500,,Aggregated,99.400000,49.100000,310,330,340,360,440,670,1000,1600,3800,8600,12000,293045,141762,310,371.9233789332752,265.7838000013726,12066.266400004679,1625.3418894709005
1782828327,500,,Aggregated,98.900000,49.500000,310,330,340,360,440,670,1000,1600,3800,8600,12000,293126,141804,310,371.9077117962979,265.7838000013726,12066.266400004679,1625.2745031147015
1782828328,500,,Aggregated,97.800000,49.300000,310,330,340,360,440,670,1000,1600,3800,8600,12000,293230,141864,310,371.8854600838988,265.7838000013726,12066.266400004679,1625.0938614739284
1782828329,500,,Aggregated,97.800000,49.900000,310,330,340,360,440,670,1000,1600,3800,8600,12000,293321,141913,310,371.86696922314314,265.7838000013726,12066.266400004679,1624.6338243767068
1782828330,500,,Aggregated,97.700000,50.800000,310,330,340,360,440,670,1000,1600,3800,8600,12000,293435,141962,310,371.8457495125041,265.7838000013726,12066.266400004679,1624.068325182749
1782828331,500,,Aggregated,96.800000,51.700000,310,330,340,360,440,660,1000,1600,3800,8600,12000,293525,142010,310,371.82781433404887,265.7838000013726,12066.266400004679,1623.9567941401924
1782828332,500,,Aggregated,98.700000,52.300000,310,330,340,360,440,660,1000,1600,3800,8600,12000,293632,142065,310,371.80847738087726,265.7838000013726,12066.266400004679,1624.4565578683523
1782828333,500,,Aggregated,97.900000,50.800000,310,330,340,360,440,660,1000,1600,3800,8600,12000,293733,142119,310,371.78894306360456,265.7838000013726,12066.266400004679,1624.6401970497016
1782828334,500,,Aggregated,98.900000,52.000000,310,330,340,360,440,660,1000,1600,3800,8600,12000,293840,142177,310,371.76895608290846,265.7838000013726,12066.266400004679,1624.4447352300572
1782828335,500,,Aggregated,98.100000,51.100000,310,330,340,360,440,660,1000,1600,3800,8600,12000,293913,142219,310,371.7535768690118,265.7838000013726,12066.266400004679,1624.4153950318632
1782828336,500,,Aggregated,97.900000,51.300000,310,330,340,360,440,660,1000,1600,3800,8600,12000,294014,142273,310,371.73987948601734,265.7838000013726,12066.266400004679,1624.2542361928342
1782828337,500,,Aggregated,96.400000,51.000000,310,330,340,360,440,660,1000,1600,3800,8600,12000,294104,142310,310,371.75141515314965,265.7838000013726,12066.266400004679,1623.8009037619345
1782828338,500,,Aggregated,95.800000,49.900000,310,330,340,360,440,660,1000,1600,3800,8600,12000,294219,142367,310,371.764683050727,265.7838000013726,12066.266400004679,1623.569711677356
1782828339,500,,Aggregated,97.600000,50.900000,310,330,340,360,440,660,1000,1600,3800,8600,12000,294310,142414,310,371.7722401576632,265.7838000013726,12066.266400004679,1623.4575549590568
1782828340,500,,Aggregated,97.700000,49.900000,310,330,340,360,440,660,1000,1600,3800,8600,12000,294408,142475,310,371.77442968703906,265.7838000013726,12066.266400004679,1623.6489871199153
1782828341,500,,Aggregated,98.500000,49.700000,310,330,340,360,440,660,1000,1600,3800,8600,12000,294504,142522,310,371.75516904864367,265.7838000013726,12066.266400004679,1623.5188486404259
1782828342,500,,Aggregated,96.600000,50.000000,310,330,340,360,440,660,1000,1600,3800,8600,12000,294590,142567,310,371.73925609186256,265.7838000013726,12066.266400004679,1623.087351912828
1782828343,500,,Aggregated,97.900000,51.700000,310,330,340,360,440,660,1000,1600,3800,8600,12000,294699,142634,310,371.7160876477418,265.7838000013726,12066.266400004679,1622.8749401932141
1782828344,500,,Aggregated,94.800000,49.800000,310,330,340,360,440,660,1000,1600,3800,8600,12000,294795,142684,310,371.69629768212417,265.7838000013726,12066.266400004679,1623.4284842008854
1782828345,500,,Aggregated,95.600000,50.800000,310,330,340,360,440,660,1000,1600,3800,8600,12000,294892,142734,310,371.6767886616178,265.7838000013726,12066.266400004679,1623.2843515592149
1782828346,500,,Aggregated,95.200000,50.600000,310,330,340,360,440,660,1000,1600,3800,8600,12000,295005,142791,310,371.65581893121055,265.7838000013726,12066.266400004679,1622.719065778546
1782828347,500,,Aggregated,96.400000,50.200000,310,330,340,360,440,660,1000,1600,3800,8600,12000,295090,142841,310,371.64101897252294,265.7838000013726,12066.266400004679,1622.2875393947609
1782828348,500,,Aggregated,98.900000,52.100000,310,330,340,360,440,660,1000,1600,3800,8600,12000,295195,142896,310,371.62075149478085,265.7838000013726,12066.266400004679,1622.4476837344805
1782828349,500,,Aggregated,97.400000,51.400000,310,330,340,360,440,660,1000,1600,3800,8600,12000,295286,142941,310,371.60559742656903,265.7838000013726,12066.266400004679,1622.6846785827977
1782828350,500,,Aggregated,97.100000,52.100000,310,330,340,360,440,660,1000,1600,3800,8600,12000,295377,142983,310,371.5921312972978,265.7838000013726,12066.266400004679,1622.9208672306916
1782828351,500,,Aggregated,96.600000,52.300000,310,330,340,360,440,660,1000,1600,3800,8600,12000,295480,143036,310,371.5731731095232,265.7838000013726,12066.266400004679,1623.4387166644105
1782828352,500,,Aggregated,96.900000,51.400000,310,330,340,360,440,660,1000,1600,3800,8600,12000,295574,143083,310,371.57066765277705,265.7838000013726,12066.266400004679,1622.9715299721897
1782828353,500,,Aggregated,96.500000,51.300000,310,330,340,360,440,660,1000,1600,3800,8600,12000,295686,143141,310,371.5527650697086,265.7838000013726,12066.266400004679,1623.1016348423666
1782828354,500,,Aggregated,97.200000,51.000000,310,330,340,360,440,660,1000,1600,3800,8600,12000,295774,143180,310,371.5424411912535,265.7838000013726,12066.266400004679,1623.0111368815378
1782828355,500,,Aggregated,97.400000,50.600000,310,330,340,360,440,660,1000,1600,3800,8600,12000,295872,143227,310,371.52554077845093,265.7838000013726,12066.266400004679,1622.8618321436297
1782828356,500,,Aggregated,97.300000,49.700000,310,330,340,360,440,660,1000,1600,3800,8600,12000,295970,143273,310,371.50807120485797,265.7838000013726,12066.266400004679,1622.7237794371051
1782828357,500,,Aggregated,97.600000,49.100000,310,330,340,360,440,660,1000,1600,3800,8600,12000,296074,143324,310,371.491688742685,265.7838000013726,12066.266400004679,1622.5525003884163
1782828358,500,,Aggregated,95.900000,48.100000,310,330,340,360,440,660,1000,1600,3800,8600,12000,296171,143377,310,371.47833789061644,265.7838000013726,12066.266400004679,1623.4376863366097
1782828359,500,,Aggregated,97.500000,48.500000,310,330,340,360,440,660,1000,1600,3800,8600,12000,296254,143426,310,371.4620341477304,265.7838000013726,12066.266400004679,1624.3928014474066
1782828360,500,,Aggregated,97.300000,48.300000,310,330,340,360,440,660,1000,1600,3800,8600,12000,296341,143472,310,371.44357578533436,265.7838000013726,12066.266400004679,1623.9583824040549
1782828361,500,,Aggregated,96.800000,48.100000,310,330,340,360,440,660,1000,1600,3800,8600,12000,296462,143537,310,371.42412120002507,265.7838000013726,12066.266400004679,1623.352203655106
1782828362,500,,Aggregated,95.800000,48.200000,310,330,340,360,440,660,1000,1600,3800,8600,12000,296557,143588,310,371.4023709270116,265.7838000013726,12066.266400004679,1623.2191990072736
1782828363,500,,Aggregated,96.600000,48.200000,310,330,340,360,440,660,1000,1600,3800,8600,12000,296635,143625,310,371.39257056585296,265.7838000013726,12066.266400004679,1622.8295480978306
1782828364,500,,Aggregated,98.200000,50.100000,310,330,340,360,440,660,1000,1600,3800,8600,12000,296733,143681,310,371.3749010406723,265.7838000013726,12066.266400004679,1623.370073433019
1782828365,500,,Aggregated,95.600000,48.700000,310,330,340,360,440,660,1000,1600,3800,8600,12000,296839,143737,310,371.35790925552857,265.7838000013726,12066.266400004679,1622.8387577104086
1782828366,500,,Aggregated,95.400000,49.000000,310,330,340,360,440,660,1000,1600,3800,8600,12000,296938,143797,310,371.3445974435803,265.7838000013726,12066.266400004679,1623.0231765553751
1782828367,500,,Aggregated,95.800000,50.800000,310,330,340,360,440,660,1000,1600,3800,8600,12000,297024,143837,310,371.3303542215506,265.7838000013726,12066.266400004679,1623.2793848308554
1782828368,500,,Aggregated,95.600000,51.400000,310,330,340,360,440,660,1000,1600,3800,8600,12000,297136,143891,310,371.3121592371906,265.7838000013726,12066.266400004679,1623.7445917021162
1782828369,500,,Aggregated,94.600000,51.600000,310,330,340,360,440,660,1000,1600,3800,8600,12000,297224,143929,310,371.3002152874662,265.7838000013726,12066.266400004679,1623.3082557263208
1782828370,500,,Aggregated,94.600000,51.100000,310,330,340,360,440,660,1000,1600,3800,8600,12000,297332,143978,310,371.2821217837365,265.7838000013726,12066.266400004679,1623.1156854963476
1782828371,500,,Aggregated,96.500000,50.800000,310,330,340,360,440,660,1000,1600,3800,8600,12000,297417,144030,310,371.26749509813465,265.7838000013726,12066.266400004679,1622.6858921984958
1782828372,500,,Aggregated,98.500000,50.800000,310,330,340,360,440,660,1000,1600,3800,8600,12000,297516,144080,310,371.2523877707484,265.7838000013726,12066.266400004679,1622.5387441347693
1782828373,500,,Aggregated,95.600000,49.600000,310,330,340,360,440,660,1000,1600,3800,8600,12000,297621,144136,310,371.2376625470042,265.7838000013726,12066.266400004679,1622.6936708095195
1782828374,500,,Aggregated,95.500000,49.300000,310,330,340,360,440,660,1000,1600,3800,8600,12000,297717,144184,310,371.22010557274837,265.7838000013726,12066.266400004679,1622.5525583020117
1782828375,500,,Aggregated,96.800000,49.900000,310,330,340,360,440,660,990,1600,3800,8600,12000,297835,144250,310,371.20388635956806,265.7838000013726,12066.266400004679,1622.9851763560362
1782828376,500,,Aggregated,96.800000,49.500000,310,330,340,360,440,660,990,1600,3800,8600,12000,297929,144296,310,371.1928953539333,265.7838000013726,12066.266400004679,1623.5413773080163
1782828377,500,,Aggregated,97.900000,50.300000,310,330,340,360,440,660,990,1600,3800,8600,12000,298006,144330,310,371.1833926837112,265.7838000013726,12066.266400004679,1623.504704603263
1782828378,500,,Aggregated,99.000000,50.200000,310,330,340,360,440,660,990,1600,3800,8600,12000,298101,144371,310,371.17063318204936,265.7838000013726,12066.266400004679,1623.720970409358
1782828379,500,,Aggregated,97.600000,48.900000,310,330,340,360,440,660,990,1600,3800,8600,12000,298196,144418,310,371.1589508829834,265.7838000013726,12066.266400004679,1623.9308206682854
1782828380,500,,Aggregated,96.300000,48.600000,310,330,340,360,440,660,990,1600,3800,8600,12000,298302,144469,310,371.1437793695725,265.7838000013726,12066.266400004679,1624.0884271644172
1782828381,500,,Aggregated,95.200000,47.500000,310,330,340,360,440,660,990,1600,3800,8600,12000,298401,144519,310,371.128293511088,265.7838000013726,12066.266400004679,1624.273480986994
1782828382,500,,Aggregated,94.900000,48.100000,310,330,340,360,440,660,990,1600,3800,8600,12000,298503,144575,310,371.1066280067609,265.7838000013726,12066.266400004679,1624.4459251665812
1782828383,500,,Aggregated,96.800000,48.900000,310,330,340,360,440,660,990,1600,3800,8600,12000,298601,144624,310,371.0950670074855,265.7838000013726,12066.266400004679,1624.2991684555645
1782828384,500,,Aggregated,97.500000,49.100000,310,330,340,360,440,660,990,1600,3800,8600,12000,298690,144662,310,371.07939141886965,265.7838000013726,12066.266400004679,1624.5411229033446
1782828385,500,,Aggregated,97.600000,49.000000,310,330,340,360,440,660,990,1600,3800,8600,12000,298788,144711,310,371.061170716703,265.7838000013726,12066.266400004679,1624.7371648125093
1782828386,500,,Aggregated,97.000000,48.600000,310,330,340,360,440,660,990,1600,3800,8600,12000,298878,144759,310,371.0500521349922,265.7838000013726,12066.266400004679,1624.628012098582
1782828387,500,,Aggregated,95.600000,46.600000,310,330,340,360,430,660,990,1600,3800,8600,12000,298974,144811,310,371.03346432031645,265.7838000013726,12066.266400004679,1624.83227973001
1782828388,500,,Aggregated,94.800000,45.900000,310,330,340,360,430,660,990,1600,3800,8600,12000,299074,144863,310,371.0170774383673,265.7838000013726,12066.266400004679,1624.6757692076208
1782828389,500,,Aggregated,95.700000,46.900000,310,330,340,360,430,660,990,1600,3800,8600,12000,299169,144911,310,371.0006713536574,265.7838000013726,12066.266400004679,1624.5448458897813
1782828390,500,,Aggregated,98.300000,48.200000,310,330,340,360,430,660,990,1600,3800,8600,12000,299269,144959,310,370.9857724612383,265.7838000013726,12066.266400004679,1624.731689550204
1782828391,500,,Aggregated,96.500000,48.900000,310,330,340,360,430,660,990,1600,3800,8600,12000,299363,145000,310,370.967130797735,265.7838000013726,12066.266400004679,1624.6095409252312
1782828392,500,,Aggregated,96.800000,49.600000,310,330,340,360,430,660,990,1600,3800,8600,12000,299462,145057,310,370.9517693233275,265.7838000013726,12066.266400004679,1624.4559610234353
1782828393,500,,Aggregated,97.000000,48.500000,310,330,340,360,430,660,990,1600,3800,8600,12000,299550,145099,310,370.9357845872218,265.7838000013726,12066.266400004679,1624.3637422800869
1782828394,500,,Aggregated,95.100000,46.800000,310,330,340,360,430,660,990,1600,3800,8600,12000,299659,145151,310,370.9182441989135,265.7838000013726,12066.266400004679,1625.1829379394578
1782828395,500,,Aggregated,94.800000,47.000000,310,330,340,360,430,660,990,1600,3800,8600,12000,299748,145196,310,370.9032524911001,265.7838000013726,12066.266400004679,1625.4240795601638
1782828396,500,,Aggregated,95.300000,47.700000,310,330,340,360,430,660,990,1600,3800,8600,12000,299847,145245,310,370.88662026634347,265.7838000013726,12066.266400004679,1625.276621076749
1782828397,500,,Aggregated,96.000000,48.200000,310,330,340,360,430,660,990,1600,3800,8600,12000,299931,145292,310,370.8732914763805,265.7838000013726,12066.266400004679,1625.2027966432279
1782828398,500,,Aggregated,96.100000,48.700000,310,330,340,360,430,660,990,1600,3800,8500,12000,300038,145357,310,370.8549359337892,265.7838000013726,12066.266400004679,1625.6892126997247
1782828399,500,,Aggregated,96.000000,48.300000,310,330,340,360,430,660,990,1600,3800,8500,12000,300153,145417,310,370.8360400232624,265.7838000013726,12066.266400004679,1625.458999243719
1782828400,500,,Aggregated,93.500000,47.700000,310,330,340,360,430,660,990,1600,3800,8500,12000,300238,145459,310,370.82172198789726,265.7838000013726,12066.266400004679,1625.0344360140955
1782828401,500,,Aggregated,96.900000,49.600000,310,330,340,360,430,660,990,1600,3800,8500,12000,300336,145502,310,370.80732506959623,265.7838000013726,12066.266400004679,1624.8987400777796
1782828402,500,,Aggregated,97.200000,49.000000,310,330,340,360,430,660,990,1600,3800,8500,12000,300432,145542,310,370.78990802711513,265.7838000013726,12066.266400004679,1625.112048649944
1782828403,500,,Aggregated,96.500000,49.700000,310,330,340,360,430,660,990,1600,3800,8500,12000,300529,145589,310,370.7737044920867,265.7838000013726,12066.266400004679,1624.6347706876875
1782828404,500,,Aggregated,97.000000,49.400000,310,330,340,360,430,660,990,1600,3800,8500,12000,300622,145636,310,370.76137132512713,265.7838000013726,12066.266400004679,1624.8526954115134
1782828405,500,,Aggregated,97.000000,48.500000,310,330,340,360,430,660,990,1600,3800,8500,12000,300740,145690,310,370.7407430980328,265.7838000013726,12066.266400004679,1625.6264813460132
1782828406,500,,Aggregated,96.600000,48.300000,310,330,340,360,430,660,990,1600,3800,8500,12000,300829,145732,310,370.72700476351156,265.7838000013726,12066.266400004679,1626.2022910025296
1782828407,500,,Aggregated,96.900000,49.000000,310,330,340,360,430,660,990,1600,3800,8500,12000,300931,145792,310,370.71270731763246,265.7838000013726,12066.266400004679,1626.032223333588
1782828408,500,,Aggregated,97.500000,48.500000,310,330,340,360,430,660,990,1500,3800,8500,12000,301030,145842,310,370.69819326745665,265.7838000013726,12066.266400004679,1625.8844865960202
1782828409,500,,Aggregated,97.900000,48.700000,310,330,340,360,430,660,990,1500,3800,8500,12000,301124,145883,310,370.68794109371044,265.7838000013726,12066.266400004679,1626.1012871773755
1782828410,500,,Aggregated,98.700000,49.000000,310,330,340,360,430,660,990,1500,3800,8500,12000,301206,145919,310,370.6734587006979,265.7838000013726,12066.266400004679,1626.377827798915
1782828411,500,,Aggregated,98.000000,47.800000,310,330,340,360,430,660,990,1500,3800,8500,12000,301305,145969,310,370.658735638315,265.7838000013726,12066.266400004679,1626.2291863726125
1782828412,500,,Aggregated,95.900000,46.200000,310,330,340,360,430,660,990,1500,3800,8500,12000,301401,146015,310,370.64130420702827,265.7838000013726,12066.266400004679,1625.755836908305
1782828413,500,,Aggregated,95.400000,45.400000,310,330,340,360,430,660,990,1500,3800,8500,12000,301512,146063,310,370.62186830840074,265.7838000013726,12066.266400004679,1626.5680238265807
1782828414,500,,Aggregated,96.000000,47.000000,310,330,340,360,430,660,990,1500,3800,8500,12000,301617,146113,310,370.60935126933344,265.7838000013726,12066.266400004679,1626.386546514288
1782828415,500,,Aggregated,96.600000,47.000000,310,330,340,360,430,660,990,1500,3800,8500,12000,301709,146155,310,370.5947339257448,265.7838000013726,12066.266400004679,1625.937863968261
1782828416,500,,Aggregated,98.000000,47.200000,310,330,340,360,430,660,990,1500,3800,8500,12000,301794,146201,310,370.5900114124286,265.7838000013726,12066.266400004679,1626.1937049775674
1782828417,500,,Aggregated,97.600000,46.700000,310,330,340,360,430,660,990,1500,3800,8500,12000,301897,146251,310,370.5810384879697,265.7838000013726,12066.266400004679,1626.027373574431
1782828418,500,,Aggregated,96.100000,46.200000,310,330,340,360,430,660,990,1500,3800,8500,12000,301992,146296,310,370.56424678071795,265.7838000013726,12066.266400004679,1625.9068419030968
1782828419,500,,Aggregated,95.700000,45.900000,310,330,340,360,430,660,990,1500,3700,8500,12000,302082,146334,310,370.5531318287837,265.7838000013726,12066.266400004679,1626.1438516694143
1782828420,500,,Aggregated,97.000000,46.000000,310,330,340,360,430,660,990,1500,3700,8500,12000,302177,146381,310,370.5358883839692,265.7838000013726,12066.266400004679,1626.355910608683
1782828421,500,,Aggregated,95.400000,44.900000,310,330,340,360,430,660,990,1500,3700,8500,12000,302265,146421,310,370.5224141227156,265.7838000013726,12066.266400004679,1626.266802309232
1782828422,500,,Aggregated,96.100000,45.400000,310,330,340,360,430,660,990,1500,3700,8500,12000,302372,146482,310,370.50780138175037,265.7838000013726,12066.266400004679,1626.7411962747874
1782828423,500,,Aggregated,96.300000,45.700000,310,330,340,360,430,660,990,1500,3700,8500,12000,302475,146530,310,370.4910658064389,265.7838000013726,12066.266400004679,1626.913857343582
1782828424,500,,Aggregated,96.200000,45.100000,310,330,340,360,430,660,990,1500,3700,8500,12000,302584,146577,310,370.47287170175076,265.7838000013726,12066.266400004679,1627.0559613198318
1782828425,500,,Aggregated,95.900000,46.400000,310,330,340,360,430,660,990,1500,3700,8500,12000,302661,146618,310,370.46080779949375,265.7838000013726,12066.266400004679,1627.3475902081868
1782828426,500,,Aggregated,95.300000,46.000000,310,330,340,360,430,660,990,1500,3700,8500,12000,302765,146666,310,370.44533018909885,265.7838000013726,12066.266400004679,1628.5196076164682
1782828427,500,,Aggregated,95.900000,46.200000,310,330,340,360,430,660,990,1500,3700,8500,12000,302865,146713,310,370.427416166287,265.7838000013726,12066.266400004679,1629.0415993924687
1782828428,500,,Aggregated,94.500000,45.700000,310,330,340,360,430,660,990,1500,3700,8500,12000,302967,146763,310,370.4100535480841,265.7838000013726,12066.266400004679,1629.2203870388523
1782828429,500,,Aggregated,96.300000,46.200000,310,330,340,360,430,660,990,1500,3700,8500,12000,303047,146805,310,370.3981199193605,265.7838000013726,12066.266400004679,1628.8252680277317
1782828430,500,,Aggregated,96.300000,45.500000,310,330,340,360,430,660,990,1500,3700,8500,12000,303142,146851,310,370.3798937649761,265.7838000013726,12066.266400004679,1628.7012027366713
1782828431,500,,Aggregated,97.000000,46.800000,310,330,340,360,430,660,990,1500,3700,8500,12000,303245,146913,310,370.3594461458635,265.7838000013726,12066.266400004679,1628.5284703787368
1782828432,500,,Aggregated,95.200000,46.800000,310,330,340,360,430,660,980,1500,3700,8500,12000,303355,146955,310,370.34319668475024,265.7838000013726,12066.266400004679,1628.6694104267278
1782828433,500,,Aggregated,96.400000,47.300000,310,330,340,360,430,660,980,1500,3700,8500,12000,303451,147002,310,370.3266279405979,265.7838000013726,12066.266400004679,1628.8657180236678
1782828434,500,,Aggregated,97.400000,48.700000,310,330,340,360,430,660,980,1500,3700,8500,12000,303532,147047,310,370.32394636217083,265.7838000013726,12066.266400004679,1629.4766350829566
1782828435,500,,Aggregated,97.200000,46.900000,310,330,340,360,430,660,980,1500,3700,8500,12000,303633,147098,310,370.3264680999841,265.7838000013726,12066.266400004679,1628.9841782678432
1782828436,500,,Aggregated,96.900000,47.300000,310,330,340,360,430,660,980,1500,3700,8500,12000,303742,147143,310,370.31160981557514,265.7838000013726,12066.266400004679,1629.1231242304325
1782828437,500,,Aggregated,94.300000,46.500000,310,330,340,360,430,660,980,1500,3700,8500,12000,303839,147186,310,370.29633715916157,265.7838000013726,12066.266400004679,1628.984086967111
1782828438,500,,Aggregated,97.100000,48.000000,310,330,340,360,430,660,980,1500,3700,8500,12000,303930,147229,310,370.2816614444197,265.7838000013726,12066.266400004679,1628.8791432237686
1782828439,500,,Aggregated,96.700000,47.100000,310,330,340,360,430,660,980,1500,3700,8500,12000,304016,147282,310,370.26477282084676,265.7838000013726,12066.266400004679,1628.454035313931
1782828440,500,,Aggregated,96.300000,47.100000,310,330,340,360,430,660,980,1500,3700,8500,12000,304122,147339,310,370.24991499070285,265.7838000013726,12066.266400004679,1628.6005517522574
1782828441,500,,Aggregated,95.100000,46.000000,310,330,340,360,430,660,980,1500,3700,8500,12000,304214,147379,310,370.23339633120963,265.7838000013726,12066.266400004679,1628.8229634402098
1782828442,500,,Aggregated,96.600000,47.400000,310,330,340,360,430,660,980,1500,3700,8500,12000,304314,147428,310,370.2150567650606,265.7838000013726,12066.266400004679,1629.6734359904572
1782828443,500,,Aggregated,97.400000,48.300000,310,330,340,360,430,660,980,1500,3700,8500,12000,304431,147487,310,370.1920226002037,265.7838000013726,12066.266400004679,1629.4346075136896
1782828444,500,,Aggregated,95.500000,45.900000,310,330,340,360,430,660,980,1500,3700,8500,12000,304517,147525,310,370.1754056230114,265.7838000013726,12066.266400004679,1630.6866184810701
1782828445,500,,Aggregated,96.000000,47.100000,310,330,340,360,430,660,980,1500,3700,8500,12000,304623,147583,310,370.15194875207237,265.7838000013726,12066.266400004679,1630.5027525827006
1782828446,500,,Aggregated,97.600000,48.300000,310,330,340,360,430,660,980,1500,3700,8500,12000,304715,147635,310,370.13698205537173,265.7838000013726,12066.266400004679,1630.7178511067718
1782828447,500,,Aggregated,98.300000,47.600000,310,330,340,360,430,660,980,1500,3700,8500,12000,304798,147670,310,370.123788853938,265.7838000013726,12066.266400004679,1630.3204942289647
1782828448,500,,Aggregated,98.800000,48.300000,310,330,340,360,430,660,980,1500,3700,8500,12000,304914,147731,310,370.0998251697284,265.7838000013726,12066.266400004679,1630.0873098644208
1782828449,500,,Aggregated,97.600000,49.700000,310,330,340,360,430,660,980,1500,3700,8500,12000,305017,147779,310,370.0810118203331,265.7838000013726,12066.266400004679,1629.9176767196582
1782828450,500,,Aggregated,95.800000,48.300000,310,330,340,360,430,660,980,1500,3700,8500,12000,305111,147821,310,370.0636626935854,265.7838000013726,12066.266400004679,1630.1328041270226
1782828451,500,,Aggregated,98.600000,50.300000,310,330,340,360,430,660,980,1500,3700,8500,12000,305208,147870,310,370.04383221836457,265.7838000013726,12066.266400004679,1630.3269344184948
1782828452,500,,Aggregated,99.500000,49.400000,310,330,340,360,430,660,980,1500,3700,8500,12000,305303,147927,310,370.02725895390046,265.7838000013726,12066.266400004679,1629.860142219369
1782828453,500,,Aggregated,98.100000,48.000000,310,330,340,360,430,660,980,1500,3700,8500,12000,305402,147982,310,370.00760587979994,265.7838000013726,12066.266400004679,1630.0453042219763
1782828454,500,,Aggregated,98.900000,49.200000,310,330,340,360,430,660,980,1500,3700,8500,12000,305497,148035,310,369.9917845759619,265.7838000013726,12066.266400004679,1629.9119074819066
1782828455,500,,Aggregated,98.200000,50.000000,310,330,340,360,430,660,980,1500,3700,8500,12000,305587,148082,310,369.9738890240838,265.7838000013726,12066.266400004679,1629.477481044678
1782828456,500,,Aggregated,96.800000,49.200000,310,330,340,360,430,660,980,1500,3700,8500,12000,305696,148137,310,369.96788035794606,265.7838000013726,12066.266400004679,1629.2845212236994
1782828457,500,,Aggregated,97.600000,50.800000,310,330,340,360,430,660,980,1500,3700,8500,12000,305795,148184,310,369.97021683383554,265.7838000013726,12066.266400004679,1629.1348615902812
1782828459,500,,Aggregated,95.600000,49.600000,310,330,340,360,430,660,980,1500,3700,8500,12000,305893,148236,310,369.9868306787102,265.7838000013726,12066.266400004679,1628.9903789887314
1782828460,500,,Aggregated,97.300000,49.700000,310,330,340,360,430,660,980,1500,3700,8500,12000,305991,148294,310,369.98709527699367,265.7838000013726,12066.266400004679,1628.84259994575
1782828461,500,,Aggregated,97.300000,50.100000,310,330,340,360,430,660,980,1500,3700,8500,12000,306079,148336,310,369.97318203961265,265.7838000013726,12066.266400004679,1629.083971785062
1782828462,500,,Aggregated,97.200000,51.300000,310,330,340,360,430,660,980,1500,3700,8500,12000,306174,148381,310,369.9569931094822,265.7838000013726,12066.266400004679,1629.2884764872263
1782828463,500,,Aggregated,96.400000,51.400000,310,330,340,360,430,660,980,1500,3700,8500,12000,306271,148432,310,369.9398803242961,265.7838000013726,12066.266400004679,1628.8137793000317
1782828464,500,,Aggregated,96.100000,50.800000,310,330,340,360,430,660,980,1500,3700,8500,12000,306378,148479,310,369.9176769174108,265.7838000013726,12066.266400004679,1629.6255442623165
1782828465,500,,Aggregated,96.300000,50.200000,310,330,340,360,430,660,980,1500,3700,8500,12000,306484,148527,310,369.8986267341933,265.7838000013726,12066.266400004679,1629.7798775792537
1782828466,500,,Aggregated,97.200000,49.600000,310,330,340,360,430,660,980,1500,3700,8500,12000,306563,148564,310,369.88412951139725,265.7838000013726,12066.266400004679,1629.394966124418
1782828467,500,,Aggregated,97.800000,49.000000,310,330,340,360,430,660,980,1500,3700,8500,12000,306659,148608,310,369.8674920644837,265.7838000013726,12066.266400004679,1629.5978660336073
1782828468,500,,Aggregated,96.900000,47.800000,310,330,340,360,430,660,980,1500,3700,8500,12000,306767,148659,310,369.85346591289954,265.7838000013726,12066.266400004679,1629.7424560008085
1782828469,500,,Aggregated,95.600000,46.600000,310,330,340,360,430,660,980,1500,3700,8500,12000,306872,148713,310,369.8374455036712,265.7838000013726,12066.266400004679,1630.2253154409657
1782828470,500,,Aggregated,96.600000,47.300000,310,330,340,360,430,660,980,1500,3700,8500,12000,306961,148760,310,369.82310890341967,265.7838000013726,12066.266400004679,1629.7895628434883
1782828471,500,,Aggregated,97.500000,47.400000,310,330,340,360,430,660,980,1500,3700,8500,12000,307068,148815,310,369.81297947556453,265.7838000013726,12066.266400004679,1629.5992190654838
1782828472,500,,Aggregated,96.500000,46.400000,310,330,340,360,430,660,980,1500,3700,8500,12000,307166,148867,310,369.79452268285763,265.7838000013726,12066.266400004679,1629.1169693260322
1782828473,500,,Aggregated,98.600000,47.800000,310,330,340,360,430,660,980,1500,3700,8500,12000,307266,148925,310,369.77366438396245,265.7838000013726,12066.266400004679,1628.6282829860772
1782828474,500,,Aggregated,98.700000,48.400000,310,330,340,360,430,660,980,1500,3700,8500,12000,307356,148968,310,369.75767379749414,265.7838000013726,12066.266400004679,1628.527076094171
1782828475,500,,Aggregated,98.200000,48.700000,310,330,340,360,430,660,980,1500,3700,8500,12000,307447,149026,310,369.7476070955404,265.7838000013726,12066.266400004679,1628.0810903993208
1782828476,500,,Aggregated,97.300000,48.600000,310,330,340,360,430,660,980,1500,3700,8500,12000,307564,149084,310,369.72540507244855,265.7838000013726,12066.266400004679,1627.8488054518734
1782828477,500,,Aggregated,95.900000,49.300000,310,330,340,360,430,660,980,1500,3700,8500,12000,307657,149129,310,369.7093261060288,265.7838000013726,12066.266400004679,1627.7319644929255
1782828478,500,,Aggregated,99.300000,51.800000,310,330,340,360,430,660,980,1500,3700,8500,12000,307758,149178,310,369.6952866352868,265.7838000013726,12066.266400004679,1627.9088569590392
1782828479,500,,Aggregated,99.500000,52.000000,310,330,340,360,430,660,980,1500,3700,8500,12000,307852,149226,310,369.68068973403683,265.7838000013726,12066.266400004679,1627.4527792575652
1782828480,500,,Aggregated,97.800000,51.200000,310,330,340,360,430,660,980,1500,3700,8500,12000,307946,149274,310,369.66482367234113,265.7838000013726,12066.266400004679,1627.3324511440317
1782828481,500,,Aggregated,97.500000,51.200000,310,330,340,360,430,660,980,1500,3700,8500,12000,308042,149323,310,369.64550620792824,265.7838000013726,12066.266400004679,1626.8763285526
1782828482,500,,Aggregated,97.300000,50.800000,310,330,340,360,430,660,980,1500,3700,8500,12000,308146,149367,310,369.6285675416935,265.7838000013726,12066.266400004679,1626.7086867913263
1782828483,500,,Aggregated,96.200000,50.000000,310,330,340,360,430,660,980,1500,3700,8500,12000,308254,149432,310,369.6082544985712,265.7838000013726,12066.266400004679,1626.5073413483685
1782828484,500,,Aggregated,97.300000,49.900000,310,330,340,360,430,660,980,1500,3700,8500,12000,308347,149476,310,369.5882686379393,265.7838000013726,12066.266400004679,1626.3896811060267
1782828485,500,,Aggregated,98.700000,50.000000,310,330,340,360,430,660,980,1500,3700,8500,12000,308445,149527,310,369.571630578556,265.7838000013726,12066.266400004679,1626.9072087406182
1782828486,500,,Aggregated,98.400000,50.100000,310,330,340,360,430,660,980,1500,3700,8500,12000,308533,149568,310,369.5647791075922,265.7838000013726,12066.266400004679,1626.4850178100885
1782828487,500,,Aggregated,98.300000,49.400000,310,330,340,360,430,660,980,1500,3700,8500,12000,308624,149617,310,369.5668153947937,265.7838000013726,12066.266400004679,1626.3761632277465
1782828488,500,,Aggregated,96.000000,47.900000,310,330,340,360,430,660,980,1500,3700,8500,12000,308721,149658,310,369.5552920005533,265.7838000013726,12066.266400004679,1626.9001493257667
1782828489,500,,Aggregated,94.700000,48.000000,310,330,340,360,430,660,980,1500,3700,8500,12000,308841,149710,310,369.54115379370893,265.7838000013726,12066.266400004679,1627.3159392697214
1782828490,500,,Aggregated,96.200000,48.300000,310,330,340,360,430,660,980,1500,3700,8500,12000,308920,149757,310,369.5229024857658,265.7838000013726,12066.266400004679,1626.9322154603133
1782828491,500,,Aggregated,97.200000,47.800000,310,330,340,360,430,660,980,1500,3700,8500,12000,309024,149812,310,369.5094041433767,265.7838000013726,12066.266400004679,1627.088921896034
1782828492,500,,Aggregated,96.900000,47.600000,310,330,340,360,430,660,980,1500,3700,8500,12000,309117,149847,310,369.4966916403915,265.7838000013726,12066.266400004679,1626.9762646506015
1782828493,500,,Aggregated,97.300000,48.400000,310,330,340,360,430,660,980,1500,3700,8500,12000,309205,149889,310,369.4805458863954,265.7838000013726,12066.266400004679,1626.880684335635
1782828494,500,,Aggregated,96.700000,47.700000,310,330,340,360,430,660,980,1500,3700,8500,12000,309295,149932,310,369.4658709358472,265.7838000013726,12066.266400004679,1626.4492507153366
1782828495,500,,Aggregated,94.000000,46.000000,310,330,340,360,430,660,980,1500,3700,8500,12000,309403,149991,310,369.4471788554179,265.7838000013726,12066.266400004679,1625.9348939732324
1782828496,500,,Aggregated,94.100000,45.900000,310,330,340,360,430,660,980,1500,3700,8500,12000,309502,150045,310,369.42942441051406,265.7838000013726,12066.266400004679,1626.1199959935639
1782828497,500,,Aggregated,95.100000,46.400000,310,330,340,360,430,660,980,1500,3700,8500,12000,309599,150095,310,369.41641281561886,265.7838000013726,12066.266400004679,1625.6525376373954
1782828498,500,,Aggregated,96.600000,47.200000,310,330,340,360,430,660,980,1500,3700,8500,12000,309702,150151,310,369.3995016641894,265.7838000013726,12066.266400004679,1625.15271777386
1782828499,500,,Aggregated,98.200000,47.700000,310,330,340,360,430,660,980,1500,3700,8500,12000,309785,150187,310,369.38279189696976,265.7838000013726,12066.266400004679,1625.0924447600755
1782828500,500,,Aggregated,97.300000,48.700000,310,330,340,360,430,660,980,1500,3700,8500,12000,309885,150230,310,369.3663785530203,265.7838000013726,12066.266400004679,1625.6017070848864
1782828501,500,,Aggregated,94.400000,47.500000,310,330,340,360,430,660,980,1500,3700,8500,12000,309991,150276,310,369.34567052366884,265.7838000013726,12066.266400004679,1625.4296576352217
1782828502,500,,Aggregated,95.100000,47.100000,310,330,340,360,430,660,980,1500,3700,8500,12000,310083,150324,310,369.3295473811935,265.7838000013726,12066.266400004679,1625.6415701602475
1782828503,500,,Aggregated,94.800000,46.200000,310,330,340,360,430,660,980,1500,3700,8500,12000,310190,150384,310,369.3143327741147,265.7838000013726,12066.266400004679,1625.4492730262098
1782828504,500,,Aggregated,95.500000,46.800000,310,330,340,360,430,660,980,1500,3700,8500,12000,310283,150432,310,369.29504075699504,265.7838000013726,12066.266400004679,1626.3163080155857
1782828505,500,,Aggregated,98.100000,48.800000,310,330,340,360,430,660,980,1500,3700,8500,12000,310383,150471,310,369.2811159593234,265.7838000013726,12066.266400004679,1626.5006073141892
1782828506,500,,Aggregated,98.400000,49.600000,310,330,340,360,430,660,980,1500,3700,8500,12000,310476,150511,310,369.2743806091378,265.7838000013726,12066.266400004679,1627.3769856607273
1782828507,500,,Aggregated,97.300000,48.000000,310,330,340,360,430,660,980,1500,3700,8500,12000,310578,150567,310,369.272721678299,265.7838000013726,12066.266400004679,1627.5421311232606
1782828508,500,,Aggregated,96.500000,46.700000,310,330,340,360,430,660,980,1500,3700,8500,12000,310676,150607,310,369.25537762653954,265.7838000013726,12066.266400004679,1627.737591574502
1782828509,500,,Aggregated,95.700000,46.400000,310,330,340,360,430,660,980,1500,3700,8500,12000,310767,150639,310,369.23946439262477,265.7838000013726,12066.266400004679,1627.6407211833946
1782828510,500,,Aggregated,96.600000,45.100000,310,330,340,360,430,660,980,1500,3700,8500,12000,310865,150685,310,369.2243597860897,265.7838000013726,12066.266400004679,1627.8280089427888
1782828511,500,,Aggregated,96.900000,44.900000,310,330,340,360,430,660,970,1500,3700,8500,12000,310958,150727,310,369.21318946418097,265.7838000013726,12066.266400004679,1627.709166511233
1782828512,500,,Aggregated,97.800000,45.200000,310,330,340,360,430,660,970,1500,3700,8500,12000,311044,150765,310,369.19884606519577,265.7838000013726,12066.266400004679,1627.6291039209887
1782828513,500,,Aggregated,96.900000,44.800000,310,330,340,360,430,660,970,1500,3700,8500,12000,311157,150820,310,369.17899562279706,265.7838000013726,12066.266400004679,1627.7487024235354
1782828514,500,,Aggregated,95.600000,44.300000,310,330,340,360,430,660,970,1500,3700,8500,12000,311262,150881,310,369.16051110929885,265.7838000013726,12066.266400004679,1628.219782691109
1782828515,500,,Aggregated,95.600000,43.300000,310,330,340,360,430,660,970,1500,3700,8500,12000,311358,150935,310,369.14234789407266,265.7838000013726,12066.266400004679,1628.084561822725
1782828516,500,,Aggregated,95.400000,43.000000,310,330,340,360,430,660,970,1500,3700,8500,12000,311436,150973,310,369.127498311058,265.7838000013726,12066.266400004679,1627.7128495100117
1782828517,500,,Aggregated,96.500000,44.800000,310,330,340,360,430,660,970,1500,3700,8500,12000,311539,151016,310,369.1093284917865,265.7838000013726,12066.266400004679,1627.2330141651607
1782828518,500,,Aggregated,96.100000,46.400000,310,330,340,360,430,660,970,1500,3700,8500,12000,311626,151054,310,369.09575170365326,265.7838000013726,12066.266400004679,1627.1460147741202
1782828519,500,,Aggregated,96.800000,45.500000,310,330,340,360,430,660,970,1500,3700,8500,12000,311731,151106,310,369.0766466504858,265.7838000013726,12066.266400004679,1627.3010095242373
1782828520,500,,Aggregated,95.800000,45.200000,310,330,340,360,430,660,970,1500,3700,8500,12000,311828,151150,310,369.05934485037454,265.7838000013726,12066.266400004679,1627.4957636902395
1782828521,500,,Aggregated,95.100000,45.700000,310,330,340,360,430,660,970,1500,3700,8500,12000,311938,151205,310,369.0368894004661,265.7838000013726,12066.266400004679,1627.952253332393
1782828522,500,,Aggregated,95.100000,46.400000,310,330,340,360,430,660,970,1500,3700,8500,12000,312038,151253,310,369.0171121116741,265.7838000013726,12066.266400004679,1627.80285413956
1782828523,500,,Aggregated,97.400000,47.100000,310,330,340,360,430,660,970,1500,3700,8500,12000,312138,151302,310,368.99782734720765,265.7838000013726,12066.266400004679,1627.3283291364717
1782828524,500,,Aggregated,98.200000,48.400000,310,330,340,360,430,660,970,1500,3700,8500,12000,312230,151354,310,368.9796906363986,265.7838000013726,12066.266400004679,1626.8893540018576
1782828525,500,,Aggregated,96.400000,48.000000,310,330,340,360,430,660,970,1500,3700,8500,12000,312313,151398,310,368.96600534688827,265.7838000013726,12066.266400004679,1626.819965867575
1782828526,500,,Aggregated,96.600000,47.400000,310,330,340,360,430,660,970,1500,3700,8500,12000,312424,151459,310,368.94748054919864,265.7838000013726,12066.266400004679,1626.6170588687169
1782828527,500,,Aggregated,96.100000,47.100000,310,330,340,360,430,660,970,1500,3700,8500,12000,312505,151494,310,368.93288760212766,265.7838000013726,12066.266400004679,1627.2136093822498
1782828528,500,,Aggregated,97.000000,46.700000,310,330,340,350,430,660,970,1500,3700,8500,12000,312619,151552,310,368.9128452602143,265.7838000013726,12066.266400004679,1626.6713123642517
1782828529,500,,Aggregated,96.000000,47.500000,310,330,340,350,430,660,970,1500,3700,8500,12000,312722,151597,310,368.89555294735555,265.7838000013726,12066.266400004679,1626.8382844827036
1782828530,500,,Aggregated,95.800000,47.600000,310,330,340,350,430,660,970,1500,3700,8500,12000,312804,151638,310,368.8787980559804,265.7838000013726,12066.266400004679,1626.453421311748
1782828531,500,,Aggregated,99.600000,49.800000,310,330,340,350,430,660,970,1500,3700,8500,12000,312913,151688,310,368.85888622557354,265.7838000013726,12066.266400004679,1626.9135670298133
1782828532,500,,Aggregated,97.400000,48.200000,310,330,340,350,430,660,970,1500,3700,8500,12000,313004,151735,310,368.8457800098494,265.7838000013726,12066.266400004679,1627.1311293146414
1782828533,500,,Aggregated,96.500000,47.700000,310,330,340,350,430,660,970,1500,3700,8500,12000,313088,151781,310,368.84593391922687,265.7838000013726,12066.266400004679,1627.3803595155355
1782828534,500,,Aggregated,95.800000,47.300000,310,330,340,350,430,660,970,1500,3700,8500,12000,313192,151843,310,368.83607224099904,265.7838000013726,12066.266400004679,1626.87930087614
1782828535,500,,Aggregated,95.900000,47.700000,310,330,340,350,430,660,970,1500,3700,8500,12000,313304,151897,310,368.8165789788925,265.7838000013726,12066.266400004679,1626.998474325256
1782828536,500,,Aggregated,96.500000,49.000000,310,330,340,350,430,660,970,1500,3700,8500,12000,313400,151943,310,368.80127938386386,265.7838000013726,12066.266400004679,1627.5162220804084
1782828537,500,,Aggregated,97.600000,49.200000,310,330,340,350,430,660,970,1500,3700,8500,12000,313502,151998,310,368.7834585562545,265.7838000013726,12066.266400004679,1627.0357988146807
1782828538,500,,Aggregated,97.700000,48.800000,310,330,340,350,430,660,970,1500,3700,8500,12000,313587,152042,310,368.7677265798741,265.7838000013726,12066.266400004679,1627.2806653337032
1782828539,500,,Aggregated,98.600000,49.600000,310,330,340,350,430,660,970,1500,3700,8500,12000,313694,152097,310,368.7481953266655,265.7838000013726,12066.266400004679,1627.0971934432919
1782828540,500,,Aggregated,98.300000,50.100000,310,330,340,350,430,660,970,1500,3700,8500,12000,313791,152140,310,368.7285564758166,265.7838000013726,12066.266400004679,1627.2947503274472
1782828541,500,,Aggregated,95.300000,48.700000,310,330,340,350,430,660,970,1500,3700,8500,12000,313898,152192,310,368.7072779817106,265.7838000013726,12066.266400004679,1628.0867256242473
1782828542,500,,Aggregated,98.000000,50.400000,310,330,340,350,430,660,970,1500,3700,8500,12000,314000,152250,310,368.6916585522389,265.7838000013726,12066.266400004679,1627.5929076433122
1782828543,500,,Aggregated,98.000000,50.700000,310,330,340,350,430,660,970,1500,3700,8500,12000,314081,152294,310,368.6753533187393,265.7838000013726,12066.266400004679,1627.5321557177926
1782828544,500,,Aggregated,99.100000,50.700000,310,330,340,350,430,660,970,1500,3700,8500,12000,314176,152339,310,368.6581604855338,265.7838000013726,12066.266400004679,1628.0531103585251
1782828545,500,,Aggregated,99.700000,51.100000,310,330,340,350,430,660,970,1500,3700,8500,12000,314273,152387,310,368.64066367649497,265.7838000013726,12066.266400004679,1627.920829979031
1782828546,500,,Aggregated,97.900000,49.900000,310,330,340,350,430,660,970,1500,3700,8500,12000,314378,152448,310,368.623673813063,265.7838000013726,12066.266400004679,1627.4167562615705
1782828547,500,,Aggregated,96.000000,48.600000,310,330,340,350,430,660,970,1500,3700,8500,12000,314483,152501,310,368.6069843505155,265.7838000013726,12066.266400004679,1627.2464457538244
1782828548,500,,Aggregated,95.500000,48.700000,310,330,340,350,430,660,970,1500,3700,8500,12000,314578,152548,310,368.58980389793044,265.7838000013726,12066.266400004679,1627.1223671076807
1782828549,500,,Aggregated,97.500000,50.100000,310,330,340,350,430,660,970,1500,3700,8500,12000,314658,152593,310,368.57246092075576,265.7838000013726,12066.266400004679,1627.0707816105105
1782828550,500,,Aggregated,97.400000,49.800000,310,330,340,350,430,660,970,1500,3700,8500,12000,314753,152650,310,368.5588345534535,265.7838000013726,12066.266400004679,1626.6156764192874
1782828551,500,,Aggregated,97.300000,49.400000,310,330,340,350,430,660,970,1500,3700,8500,12000,314866,152705,310,368.54712674821405,265.7838000013726,12066.266400004679,1626.0829432202906
1782828552,500,,Aggregated,96.400000,50.000000,310,330,340,350,430,660,970,1500,3700,8500,12000,314954,152748,310,368.5338083847267,265.7838000013726,12066.266400004679,1625.6680308870502
1782828553,500,,Aggregated,95.000000,50.200000,310,330,340,350,430,660,970,1500,3700,8500,12000,315057,152800,310,368.51218081395825,265.7838000013726,12066.266400004679,1625.837175495228
1782828554,500,,Aggregated,95.400000,50.500000,310,330,340,350,430,660,970,1500,3700,8500,12000,315156,152849,310,368.49827864074643,265.7838000013726,12066.266400004679,1625.6970801761668
1782828555,500,,Aggregated,95.000000,49.500000,310,330,340,350,430,660,970,1500,3700,8500,12000,315267,152913,310,368.48046133088167,265.7838000013726,12066.266400004679,1625.8159020766525
1782828556,500,,Aggregated,96.300000,49.700000,310,330,340,350,430,660,970,1500,3700,8500,12000,315348,152946,310,368.46713631639676,265.7838000013726,12066.266400004679,1625.4428123850475
1782828557,500,,Aggregated,97.600000,51.200000,310,330,340,350,430,660,970,1500,3700,8500,12000,315432,152992,310,368.453949689642,265.7838000013726,12066.266400004679,1625.043648076289
1782828558,500,,Aggregated,98.100000,51.900000,310,330,340,350,430,660,970,1500,3700,8500,12000,315524,153039,310,368.43729301734004,265.7838000013726,12066.266400004679,1625.2559203103408
1782828559,500,,Aggregated,95.000000,48.900000,310,330,340,350,430,660,970,1500,3700,8500,12000,315634,153096,310,368.4219068246866,265.7838000013726,12066.266400004679,1625.058906835132
1782828560,500,,Aggregated,93.800000,48.400000,310,330,340,350,430,660,970,1500,3700,8500,12000,315742,153144,310,368.4058151988116,265.7838000013726,12066.266400004679,1625.5239214295216
1782828561,500,,Aggregated,96.200000,50.100000,310,330,340,350,430,660,970,1500,3700,8500,12000,315841,153191,310,368.38791453105574,265.7838000013726,12066.266400004679,1625.3856814029843
1782828562,500,,Aggregated,95.900000,49.200000,310,330,340,350,430,660,970,1500,3700,8500,12000,315926,153239,310,368.3711071013562,265.7838000013726,12066.266400004679,1625.3092749567936
1782828563,500,,Aggregated,97.300000,48.700000,310,330,340,350,430,660,970,1500,3600,8500,12000,316019,153279,310,368.35433588234605,265.7838000013726,12066.266400004679,1625.1961654204335
1782828564,500,,Aggregated,96.900000,48.600000,310,330,340,350,430,660,970,1500,3600,8500,12000,316120,153331,310,368.3379394736269,265.7838000013726,12066.266400004679,1624.7207674300898
1782828565,500,,Aggregated,96.400000,48.400000,310,330,340,350,430,660,970,1500,3600,8500,12000,316226,153386,310,368.3195122301862,265.7838000013726,12066.266400004679,1624.5475640839147
1782828566,500,,Aggregated,95.200000,47.600000,310,330,340,350,430,660,970,1500,3600,8500,12000,316326,153437,310,368.30085923636653,265.7838000013726,12066.266400004679,1624.0791651650513
1782828567,500,,Aggregated,95.300000,47.500000,310,330,340,350,430,660,970,1500,3600,8500,12000,316424,153488,310,368.28140506346784,265.7838000013726,12066.266400004679,1623.617848203676
1782828568,500,,Aggregated,95.900000,47.500000,310,330,340,350,430,660,970,1500,3600,8500,12000,316520,153544,310,368.26730674492205,265.7838000013726,12066.266400004679,1623.8074213319853
1782828569,500,,Aggregated,96.700000,48.600000,310,330,340,350,430,660,970,1500,3600,8500,12000,316617,153595,310,368.253406226143,265.7838000013726,12066.266400004679,1623.358944718698
1782828570,500,,Aggregated,98.700000,49.400000,310,330,340,350,430,660,970,1500,3600,8500,12000,316711,153644,310,368.2362719261494,265.7838000013726,12066.266400004679,1622.9195828373502
1782828571,500,,Aggregated,96.700000,48.700000,310,330,340,350,430,660,970,1500,3600,8500,12000,316815,153687,310,368.221213719056,265.7838000013726,12066.266400004679,1622.4393447279958
1782828572,500,,Aggregated,97.600000,49.600000,310,330,340,350,430,660,970,1500,3600,8500,12000,316911,153728,310,368.2073435264245,265.7838000013726,12066.266400004679,1621.9949354866192
1782828573,500,,Aggregated,96.600000,50.000000,310,330,340,350,430,660,970,1500,3600,8500,12000,317002,153772,310,368.1939317080103,265.7838000013726,12066.266400004679,1621.5718702090207
1782828574,500,,Aggregated,96.100000,48.500000,310,330,340,350,430,660,970,1500,3600,8500,12000,317095,153808,310,368.18302682824594,265.7838000013726,12066.266400004679,1621.7850770273892
1782828575,500,,Aggregated,97.500000,49.000000,310,330,340,350,430,660,970,1500,3600,8500,12000,317176,153852,310,368.1787208111668,265.7838000013726,12066.266400004679,1621.4066827250485
1782828576,500,,Aggregated,97.500000,49.000000,310,330,340,350,430,660,970,1500,3600,8500,12000,317290,153906,310,368.16906052791677,265.7838000013726,12066.266400004679,1620.8779602256611
1782828577,500,,Aggregated,97.100000,47.600000,310,330,340,350,430,660,970,1500,3600,8500,12000,317390,153947,310,368.1599379230684,265.7838000013726,12066.266400004679,1620.7417877059768
1782828578,500,,Aggregated,94.100000,46.200000,310,330,340,350,430,660,970,1500,3600,8500,12000,317493,153998,310,368.1468029389707,265.7838000013726,12066.266400004679,1620.898892259042
1782828579,500,,Aggregated,96.400000,46.600000,310,330,340,350,430,660,970,1500,3600,8500,12000,317585,154046,310,368.1353089840596,265.7838000013726,12066.266400004679,1620.7906576192202
1782828580,500,,Aggregated,96.100000,45.600000,310,330,340,350,430,660,970,1500,3600,8500,12000,317667,154090,310,368.1232514778136,265.7838000013726,12066.266400004679,1620.7276078409152
1782828581,500,,Aggregated,97.200000,45.400000,310,330,340,350,430,660,970,1500,3600,8500,12000,317776,154148,310,368.10729495400096,265.7838000013726,12066.266400004679,1621.178411837269
1782828582,500,,Aggregated,96.900000,45.100000,310,330,340,350,430,660,970,1500,3600,8500,12000,317866,154194,310,368.098452231137,265.7838000013726,12066.266400004679,1620.7597635481618
1782828583,500,,Aggregated,94.900000,44.200000,310,330,340,350,430,660,970,1500,3600,8500,12000,317963,154246,310,368.0825294222994,265.7838000013726,12066.266400004679,1620.3064318804388
1782828584,500,,Aggregated,95.600000,45.900000,310,330,340,350,430,660,970,1500,3600,8500,12000,318065,154297,310,368.07035332621496,265.7838000013726,12066.266400004679,1620.475732947668
1782828585,500,,Aggregated,94.700000,46.100000,310,330,340,350,430,660,970,1500,3600,8500,12000,318180,154354,310,368.0549652841238,265.7838000013726,12066.266400004679,1620.2644477968445
1782828586,500,,Aggregated,95.700000,47.100000,310,330,340,350,430,660,970,1500,3600,8500,12000,318265,154398,310,368.043446268055,265.7838000013726,12066.266400004679,1619.8669882016559
1782828587,500,,Aggregated,96.600000,48.500000,310,330,340,350,430,660,970,1500,3600,8500,12000,318367,154452,310,368.03197268907445,265.7838000013726,12066.266400004679,1619.3914319009193
1782828588,500,,Aggregated,99.900000,49.800000,310,330,340,350,430,660,970,1500,3600,8500,12000,318438,154489,310,368.01919757787243,265.7838000013726,12066.266400004679,1619.0624705594182
1782828589,500,,Aggregated,96.300000,48.700000,310,330,340,350,430,660,970,1500,3600,8500,12000,318553,154545,310,368.0064534837299,265.7838000013726,12066.266400004679,1618.5338107002603
1782828590,500,,Aggregated,96.800000,50.100000,310,330,340,350,430,660,970,1500,3600,8500,12000,318634,154581,310,368.0043878845401,265.7838000013726,12066.266400004679,1618.7928689342632
1782828592,500,,Aggregated,93.900000,49.000000,310,330,340,350,430,660,970,1500,3600,8500,12000,318736,154630,310,368.0193444342733,265.7838000013726,12066.266400004679,1618.6394100446764
1782828593,500,,Aggregated,95.300000,49.100000,310,330,340,350,430,660,960,1500,3600,8500,12000,318827,154672,310,368.02908412243175,265.7838000013726,12066.266400004679,1618.5421655004125
1782828594,500,,Aggregated,95.600000,48.000000,310,330,340,350,430,660,960,1500,3600,8500,12000,318928,154713,310,368.0449867938925,265.7838000013726,12066.266400004679,1618.721946646265
1782828595,500,,Aggregated,95.600000,47.400000,310,330,340,350,430,660,960,1500,3600,8500,12000,319028,154774,310,368.0501049842099,265.7838000013726,12066.266400004679,1618.5698841480998
1782828596,500,,Aggregated,95.700000,46.300000,310,330,340,350,430,660,960,1500,3600,8500,12000,319116,154815,310,368.04129276690145,265.7838000013726,12066.266400004679,1618.482216498076
1782828597,500,,Aggregated,95.500000,47.300000,310,330,340,350,430,660,960,1500,3600,8500,12000,319199,154855,310,368.03137644510963,265.7838000013726,12066.266400004679,1618.416354687828
1782828598,500,,Aggregated,92.500000,45.600000,310,330,340,350,430,660,960,1500,3600,8500,12000,319306,154903,310,368.01654734988546,265.7838000013726,12066.266400004679,1618.8840453984578
1782828599,500,,Aggregated,92.900000,45.400000,310,330,340,350,430,660,960,1500,3600,8500,12000,319422,154961,310,368.0027072067752,265.7838000013726,12066.266400004679,1618.6691117080227
1782828600,500,,Aggregated,93.600000,44.900000,310,330,340,350,430,660,960,1500,3600,8500,12000,319518,155011,310,367.9899354120974,265.7838000013726,12066.266400004679,1619.49625060247
1782828601,500,,Aggregated,97.600000,46.500000,310,330,340,350,430,660,960,1500,3600,8500,12000,319602,155050,310,367.97965315486937,265.7838000013726,12066.266400004679,1619.7440316393515
1782828602,500,,Aggregated,95.600000,46.200000,310,330,340,350,430,660,960,1500,3600,8500,12000,319680,155084,310,367.97007068037584,265.7838000013726,12066.266400004679,1619.3883445945946
1782828603,500,,Aggregated,96.500000,46.800000,310,330,340,350,430,660,960,1500,3600,8500,12000,319782,155122,310,367.9621080514306,265.7838000013726,12066.266400004679,1619.564665928664
1782828604,500,,Aggregated,93.800000,45.300000,310,330,340,350,430,660,960,1500,3600,8500,12000,319903,155188,310,367.9430991560022,265.7838000013726,12066.266400004679,1619.957593395498
1782828605,500,,Aggregated,94.700000,44.500000,310,330,340,350,430,660,960,1500,3600,8500,12000,319989,155233,310,367.9359252139999,265.7838000013726,12066.266400004679,1619.8816146805048
1782828606,500,,Aggregated,97.000000,47.200000,310,330,340,350,430,660,960,1500,3600,8500,12000,320084,155276,310,367.9244035796936,265.7838000013726,12066.266400004679,1620.7226009422527
1782828607,500,,Aggregated,95.200000,45.300000,310,330,340,350,430,660,960,1500,3600,8500,12000,320175,155324,310,367.9133336993915,265.7838000013726,12066.266400004679,1620.9395955336925
1782828608,500,,Aggregated,96.500000,46.000000,310,330,340,350,430,660,960,1500,3600,8500,12000,320269,155376,310,367.9031658996116,265.7838000013726,12066.266400004679,1620.818774217923
1782828609,500,,Aggregated,96.700000,46.300000,310,330,340,350,430,660,960,1500,3600,8500,12000,320370,155421,310,367.8895687498918,265.7838000013726,12066.266400004679,1620.9906327059339
1782828610,500,,Aggregated,95.900000,47.100000,310,330,340,350,430,660,960,1500,3600,8500,12000,320462,155470,310,367.8761541502671,265.7838000013726,12066.266400004679,1620.885718119465
1782828611,500,,Aggregated,93.900000,45.700000,310,330,340,350,430,660,960,1500,3600,8500,12000,320571,155527,310,367.8585533092603,265.7838000013726,12066.266400004679,1621.014789235458
1782828612,500,,Aggregated,94.600000,45.800000,310,330,340,350,430,660,960,1500,3600,8500,12000,320682,155585,310,367.84539808970493,265.7838000013726,12066.266400004679,1621.4562837951617
1782828613,500,,Aggregated,95.900000,47.000000,310,330,340,350,430,660,960,1500,3600,8500,12000,320763,155628,310,367.837794961709,265.7838000013726,12066.266400004679,1621.715911747926
1782828614,500,,Aggregated,99.200000,49.400000,310,330,340,350,430,660,960,1500,3600,8500,12000,320855,155688,310,367.8237048819643,265.7838000013726,12066.266400004679,1621.9194527122843
1782828615,500,,Aggregated,98.200000,50.600000,310,330,340,350,430,660,960,1500,3600,8500,12000,320959,155740,310,367.81335995875685,265.7838000013726,12066.266400004679,1621.4366071678937
1782828616,500,,Aggregated,94.100000,49.400000,310,330,340,350,430,660,960,1500,3600,8500,12000,321052,155795,310,367.8165297786735,265.7838000013726,12066.266400004679,1621.0048777145134
1782828617,500,,Aggregated,96.900000,51.000000,310,330,340,350,430,660,960,1500,3600,8500,12000,321146,155845,310,367.80722158333793,265.7838000013726,12066.266400004679,1620.8916038188238
1782828618,500,,Aggregated,96.200000,51.500000,310,330,340,350,430,660,960,1500,3600,8500,12000,321259,155906,310,367.7923248214139,265.7838000013726,12066.266400004679,1620.6838843425398
1782828619,500,,Aggregated,97.500000,52.200000,310,330,340,350,430,660,960,1500,3600,8500,12000,321360,155962,310,367.7798569719399,265.7838000013726,12066.266400004679,1620.2141959173512
1782828620,500,,Aggregated,97.500000,52.100000,310,330,340,350,430,660,960,1500,3600,8500,12000,321447,156022,310,367.7677475506154,265.7838000013726,12066.266400004679,1620.1180661197648
1782828621,500,,Aggregated,97.800000,53.200000,310,330,340,350,430,660,960,1500,3600,8500,12000,321535,156073,310,367.75682514812615,265.7838000013726,12066.266400004679,1620.3430201999781
1782828622,500,,Aggregated,97.600000,54.900000,310,330,340,350,430,660,960,1500,3600,8500,12000,321625,156118,310,367.7453352438486,265.7838000013726,12066.266400004679,1620.560578313253
1782828623,500,,Aggregated,95.800000,54.400000,310,330,340,350,430,660,960,1500,3600,8500,12000,321744,156181,310,367.73197661402486,265.7838000013726,12066.266400004679,1620.328602864389
1782828624,500,,Aggregated,93.900000,52.800000,310,330,340,350,430,660,960,1500,3600,8500,12000,321833,156232,310,367.72063923433234,265.7838000013726,12066.266400004679,1620.5461807832012
1782828625,500,,Aggregated,96.500000,54.400000,310,330,340,350,430,660,960,1500,3600,8500,12000,321939,156282,310,367.70581942263266,265.7838000013726,12066.266400004679,1620.3777081993794
1782828626,500,,Aggregated,97.100000,54.200000,310,330,340,350,430,660,960,1500,3600,8500,12000,322048,156339,310,367.6893086508936,265.7838000013726,12066.266400004679,1620.1952845538553
1782828627,500,,Aggregated,96.300000,53.100000,310,330,340,350,430,660,960,1500,3600,8500,12000,322143,156385,310,367.67575188069577,265.7838000013726,12066.266400004679,1620.7068724138037
1782828628,500,,Aggregated,98.400000,53.800000,310,330,340,350,430,660,960,1500,3600,8500,12000,322237,156431,310,367.6651101856798,265.7838000013726,12066.266400004679,1620.5961730031001
1782828629,500,,Aggregated,97.900000,53.100000,310,330,340,350,430,660,960,1500,3600,8500,12000,322315,156466,310,367.654780335085,265.7838000013726,12066.266400004679,1620.2414346214107
1782828630,500,,Aggregated,97.700000,52.600000,310,330,340,350,430,660,960,1500,3600,8500,12000,322426,156518,310,367.6397049564949,265.7838000013726,12066.266400004679,1620.0486933435889
1782828631,500,,Aggregated,95.900000,50.700000,310,330,340,350,430,660,960,1500,3600,8500,12000,322532,156572,310,367.6231355738431,265.7838000013726,12066.266400004679,1619.5652090335223
1782828632,500,,Aggregated,96.300000,48.900000,310,330,340,350,430,660,960,1500,3600,8500,12000,322632,156621,310,367.6072089938469,265.7838000013726,12066.266400004679,1619.7372362319918
1782828633,500,,Aggregated,97.900000,49.200000,310,330,340,350,430,660,960,1500,3600,8500,12000,322734,156667,310,367.59380547231734,265.7838000013726,12066.266400004679,1619.271415469086
1782828634,500,,Aggregated,100.300000,50.300000,310,330,340,350,430,660,960,1500,3600,8500,12000,322810,156715,310,367.58515890927447,265.7838000013726,12066.266400004679,1619.2333199095442
1782828635,500,,Aggregated,98.600000,48.900000,310,330,340,350,430,660,960,1500,3600,8500,12000,322922,156766,310,367.5687285542725,265.7838000013726,12066.266400004679,1618.7264045187383
1782828636,500,,Aggregated,98.400000,48.400000,310,330,340,350,430,660,960,1500,3600,8500,12000,323008,156818,310,367.56077698509887,265.7838000013726,12066.266400004679,1619.2723059490786
1782828637,500,,Aggregated,98.300000,48.300000,310,330,340,350,430,660,960,1500,3600,8500,12000,323117,156873,310,367.5481939696855,265.7838000013726,12066.266400004679,1619.0897910044969
1782828638,500,,Aggregated,95.700000,47.400000,310,330,340,350,430,660,960,1500,3600,8500,12000,323211,156914,310,367.5352431538618,265.7838000013726,12066.266400004679,1618.9777544699903
1782828639,500,,Aggregated,97.600000,49.000000,310,330,340,350,430,660,960,1500,3600,8500,12000,323309,156959,310,367.52347472233316,265.7838000013726,12066.266400004679,1618.8477741108352
1782828640,500,,Aggregated,96.700000,48.100000,310,330,340,350,430,660,960,1500,3600,8500,12000,323406,157012,310,367.5105912163128,265.7838000013726,12066.266400004679,1618.716770870052
1782828641,500,,Aggregated,98.200000,49.000000,310,330,340,350,430,660,960,1500,3600,8500,12000,323493,157061,310,367.50294177556475,265.7838000013726,12066.266400004679,1618.3141706312038
1782828642,500,,Aggregated,98.000000,48.800000,310,330,340,350,430,660,960,1500,3600,8500,12000,323603,157116,310,367.48802971110536,265.7838000013726,12066.266400004679,1618.1272021582
1782828643,500,,Aggregated,97.000000,48.800000,310,330,340,350,430,660,960,1500,3600,8500,12000,323700,157168,310,367.4766574723595,265.7838000013726,12066.266400004679,1617.999079394501
1782828644,500,,Aggregated,95.400000,48.400000,310,330,340,350,430,660,960,1500,3600,8500,12000,323787,157208,310,367.46413407271683,265.7838000013726,12066.266400004679,1617.9239098543178
1782828645,500,,Aggregated,96.000000,49.500000,310,330,340,350,430,660,960,1500,3600,8500,12000,323897,157259,310,367.45059952084375,265.7838000013726,12066.266400004679,1617.4262342658315
1782828646,500,,Aggregated,96.300000,49.100000,310,330,340,350,430,660,960,1500,3600,8500,12000,323990,157309,310,367.4370332846779,265.7838000013726,12066.266400004679,1617.002351924442
1782828647,500,,Aggregated,95.900000,49.200000,310,330,340,350,430,660,960,1500,3600,8500,12000,324093,157366,310,367.4205360908836,265.7838000013726,12066.266400004679,1616.529280175752
1782828648,500,,Aggregated,97.600000,48.800000,310,330,340,350,430,660,960,1500,3600,8500,12000,324192,157420,310,367.4080710421688,265.7838000013726,12066.266400004679,1616.3846115881947
1782828649,500,,Aggregated,96.100000,48.700000,310,330,340,350,430,660,960,1500,3600,8500,12000,324288,157467,310,367.3967562626515,265.7838000013726,12066.266400004679,1616.5753188523781
1782828650,500,,Aggregated,97.200000,50.200000,310,330,340,350,430,660,960,1500,3600,8500,12000,324385,157514,310,367.385045120467,265.7838000013726,12066.266400004679,1616.761736825069
1782828651,500,,Aggregated,97.500000,51.100000,310,330,340,350,430,660,960,1500,3600,8500,12000,324477,157560,310,367.3753035679035,265.7838000013726,12066.266400004679,1616.6588787494954
1782828652,500,,Aggregated,96.500000,49.500000,310,330,340,350,430,660,960,1500,3600,8500,12000,324578,157606,310,367.36238206964913,265.7838000013726,12066.266400004679,1616.5168280043627
1782828653,500,,Aggregated,96.600000,49.600000,310,330,340,350,430,660,960,1500,3600,8500,12000,324676,157667,310,367.3491442995555,265.7838000013726,12066.266400004679,1617.0069238255985
1782828654,500,,Aggregated,97.600000,50.000000,310,330,340,350,430,660,960,1500,3600,8500,12000,324766,157718,310,367.35357075926214,265.7838000013726,12066.266400004679,1616.5953394136086
1782828655,500,,Aggregated,96.900000,48.500000,310,330,340,350,430,660,960,1500,3600,8500,12000,324876,157775,310,367.35761158319656,265.7838000013726,12066.266400004679,1616.718483359805
1782828656,500,,Aggregated,97.700000,50.900000,310,330,340,350,430,660,960,1500,3600,8500,12000,324960,157816,310,367.3463352981986,265.7838000013726,12066.266400004679,1616.6499599950764
1782828657,500,,Aggregated,97.600000,51.300000,310,330,340,350,430,660,960,1500,3600,8500,12000,325055,157865,310,367.33086907631827,265.7838000013726,12066.266400004679,1616.533174385873
1782828658,500,,Aggregated,96.500000,51.100000,310,330,340,350,430,660,960,1500,3600,8500,12000,325156,157913,310,367.3162881343187,265.7838000013726,12066.266400004679,1616.7030748317732
1782828659,500,,Aggregated,95.800000,49.400000,310,330,340,350,430,660,960,1500,3600,8500,12000,325243,157966,310,367.3062596194308,265.7838000013726,12066.266400004679,1617.2427262077892
1782828660,500,,Aggregated,96.300000,49.000000,310,330,340,350,430,660,960,1500,3600,8500,12000,325357,158023,310,367.29000903101075,265.7838000013726,12066.266400004679,1617.351540000676
1782828661,500,,Aggregated,96.000000,49.400000,310,330,340,350,430,660,960,1500,3600,8500,12000,325454,158076,310,367.2761017295918,265.7838000013726,12066.266400004679,1617.531878545048
1782828662,500,,Aggregated,96.300000,50.600000,310,330,340,350,430,660,960,1500,3600,8500,12000,325551,158125,310,367.26124450609154,265.7838000013726,12066.266400004679,1617.4075091153152
1782828663,500,,Aggregated,97.100000,51.000000,310,330,340,350,430,660,960,1500,3600,8500,12000,325648,158173,310,367.24691556528086,265.7838000013726,12066.266400004679,1617.2803671448926
1782828664,500,,Aggregated,96.000000,50.900000,310,330,340,350,430,660,960,1500,3600,8500,12000,325742,158216,310,367.23508801721147,265.7838000013726,12066.266400004679,1617.479950390186
1782828665,500,,Aggregated,96.400000,51.100000,310,330,340,350,430,660,960,1500,3600,8500,12000,325828,158254,310,367.2224948558825,265.7838000013726,12066.266400004679,1618.0328793105564
1782828666,500,,Aggregated,96.000000,48.600000,310,330,340,350,430,660,960,1500,3600,8500,12000,325928,158305,310,367.2068007210262,265.7838000013726,12066.266400004679,1618.2010321297955
1782828667,500,,Aggregated,95.500000,47.500000,310,330,340,350,430,660,960,1500,3600,8500,12000,326029,158345,310,367.1923261964507,265.7838000013726,12066.266400004679,1618.0596357992695
1782828668,500,,Aggregated,95.800000,47.900000,310,330,340,350,430,660,960,1500,3600,8500,12000,326119,158391,310,367.1757165700333,265.7838000013726,12066.266400004679,1618.2801523370304
1782828669,500,,Aggregated,96.500000,48.900000,310,330,340,350,430,660,960,1500,3600,8500,12000,326209,158439,310,367.1582454601273,265.7838000013726,12066.266400004679,1618.8122461366793
1782828670,500,,Aggregated,95.900000,47.600000,310,330,340,350,430,660,960,1500,3600,8500,12000,326297,158492,310,367.1424057904384,265.7838000013726,12066.266400004679,1618.7201537249807
1782828671,500,,Aggregated,95.300000,46.700000,310,330,340,350,430,660,960,1500,3600,8500,12000,326401,158543,310,367.13608350036503,265.7838000013726,12066.266400004679,1619.492238075251
1782828672,500,,Aggregated,95.000000,47.400000,310,330,340,350,430,660,960,1500,3600,8500,12000,326502,158592,310,367.13287191779114,265.7838000013726,12066.266400004679,1619.345872307061
1782828673,500,,Aggregated,93.300000,46.300000,310,330,340,350,430,660,960,1500,3600,8500,12000,326607,158640,310,367.1226662876264,265.7838000013726,12066.266400004679,1619.1857186159514
1782828674,500,,Aggregated,94.900000,46.400000,310,330,340,350,430,660,960,1500,3600,8500,12000,326695,158684,310,367.1064277898428,265.7838000013726,12066.266400004679,1619.1016789360106
1782828675,500,,Aggregated,94.800000,47.000000,310,330,340,350,430,660,960,1500,3600,8500,12000,326796,158733,310,367.08983665100754,265.7838000013726,12066.266400004679,1618.6434931884112
1782828676,500,,Aggregated,94.600000,46.500000,310,330,340,350,430,660,960,1500,3600,8500,12000,326902,158785,310,367.0729105719842,265.7838000013726,12066.266400004679,1618.1642082336602
1782828677,500,,Aggregated,94.900000,47.200000,310,330,340,350,430,660,960,1500,3600,8500,12000,327001,158838,310,367.05514549253,265.7838000013726,12066.266400004679,1618.342005070321
1782828678,500,,Aggregated,95.600000,47.100000,310,330,340,350,430,660,960,1500,3600,8500,12000,327099,158886,310,367.03741390069297,265.7838000013726,12066.266400004679,1618.8329313143727
1782828679,500,,Aggregated,96.400000,47.800000,310,330,340,350,430,660,960,1500,3600,8500,12000,327196,158933,310,367.02206299374933,265.7838000013726,12066.266400004679,1618.7033612880352
1782828680,500,,Aggregated,97.100000,49.000000,310,330,340,350,430,660,960,1500,3600,8500,12000,327294,158976,310,367.0084450130549,265.7838000013726,12066.266400004679,1619.512826388507
1782828681,500,,Aggregated,96.600000,48.500000,310,330,340,350,430,660,960,1500,3600,8500,12000,327394,159026,310,366.9928068199259,265.7838000013726,12066.266400004679,1619.6873369701339
1782828682,500,,Aggregated,98.700000,48.500000,310,330,340,350,430,660,960,1500,3600,8500,12000,327489,159075,310,366.98049458272754,265.7838000013726,12066.266400004679,1619.5640128370724
1782828683,500,,Aggregated,99.500000,48.400000,310,330,340,350,430,660,960,1500,3600,8500,12000,327584,159121,310,366.9670280639557,265.7838000013726,12066.266400004679,1619.7546003467812
1782828684,500,,Aggregated,97.500000,47.600000,310,330,340,350,430,660,960,1500,3600,8500,12000,327678,159166,310,366.9512056418278,265.7838000013726,12066.266400004679,1619.6449868468435
1782828685,500,,Aggregated,96.500000,47.200000,310,330,340,350,430,660,960,1500,3600,8500,12000,327769,159214,310,366.9381428402404,265.7838000013726,12066.266400004679,1619.5411372033352
1782828686,500,,Aggregated,97.800000,48.200000,310,330,340,350,430,660,960,1500,3600,8500,12000,327873,159269,310,366.9215998203656,265.7838000013726,12066.266400004679,1619.9987098663203
1782828687,500,,Aggregated,97.400000,47.700000,310,330,340,350,430,660,960,1500,3600,8500,12000,327965,159314,310,366.90875351547476,265.7838000013726,12066.266400004679,1619.5870778894089
1782828688,500,,Aggregated,96.600000,48.100000,310,330,340,350,430,660,960,1500,3600,8500,12000,328061,159358,310,366.89349201521276,265.7838000013726,12066.266400004679,1619.1626191470489
1782828689,500,,Aggregated,96.100000,47.600000,310,330,340,350,430,660,960,1500,3600,8500,12000,328166,159419,310,366.87925046044586,265.7838000013726,12066.266400004679,1618.6837789411456
1782828690,500,,Aggregated,94.800000,47.100000,310,330,340,350,430,660,960,1500,3600,8500,12000,328280,159474,310,366.8620873769422,265.7838000013726,12066.266400004679,1618.1694833678566
1782828691,500,,Aggregated,95.600000,47.300000,310,330,340,350,430,660,960,1500,3600,8500,12000,328353,159513,310,366.8523182273423,265.7838000013726,12066.266400004679,1618.7713741004345
1782828692,500,,Aggregated,95.300000,48.100000,310,330,340,350,430,660,960,1500,3600,8500,12000,328452,159554,310,366.8380936416966,265.7838000013726,12066.266400004679,1618.6420907773434
1782828693,500,,Aggregated,97.000000,48.900000,310,330,340,350,430,660,950,1500,3600,8500,12000,328559,159614,310,366.8243978792317,265.7838000013726,12066.266400004679,1618.7792755639018
1782828694,500,,Aggregated,95.700000,48.500000,310,330,340,350,430,660,950,1500,3600,8500,12000,328672,159669,310,366.80615262207465,265.7838000013726,12066.266400004679,1618.2740482913057
1782828695,500,,Aggregated,97.300000,48.300000,310,330,340,350,430,660,950,1500,3600,8500,12000,328765,159722,310,366.79179165209945,265.7838000013726,12066.266400004679,1618.1574589752558
1782828696,500,,Aggregated,96.900000,49.100000,310,330,340,350,430,660,950,1500,3600,8500,12000,328864,159763,310,366.7784441285833,265.7838000013726,12066.266400004679,1618.0253661087866
1782828697,500,,Aggregated,98.900000,50.300000,310,330,340,350,430,660,950,1500,3600,8500,12000,328964,159807,310,366.76233660918047,265.7838000013726,12066.266400004679,1617.8888358604588
1782828698,500,,Aggregated,99.000000,50.200000,310,330,340,350,430,660,950,1500,3600,8500,12000,329052,159851,310,366.7622197938397,265.7838000013726,12066.266400004679,1618.7345039689776
1782828699,500,,Aggregated,99.600000,49.400000,310,330,340,350,430,660,950,1500,3600,8500,12000,329124,159882,310,366.76842580547907,265.7838000013726,12066.266400004679,1618.722353884858
1782828700,500,,Aggregated,98.900000,48.800000,310,330,340,350,430,660,950,1500,3600,8500,12000,329224,159934,310,366.7834841451488,265.7838000013726,12066.266400004679,1618.271951619566
1782828701,500,,Aggregated,98.700000,48.800000,310,330,340,350,430,660,950,1500,3600,8500,12000,329346,160000,310,366.7927282754385,265.7838000013726,12066.266400004679,1618.034362038707
1782828702,500,,Aggregated,94.600000,45.400000,310,330,340,350,430,660,950,1500,3600,8500,12000,329446,160046,310,366.78139128477034,265.7838000013726,12066.266400004679,1617.8997559539348
1782828703,500,,Aggregated,94.700000,45.900000,310,330,340,350,430,660,950,1500,3600,8500,12000,329537,160095,310,366.7690279021854,265.7838000013726,12066.266400004679,1618.417522159879
1782828704,500,,Aggregated,99.400000,48.400000,310,330,340,350,430,660,950,1500,3600,8500,12000,329638,160146,310,366.75161473313915,265.7838000013726,12066.266400004679,1618.8964015071078
1782828705,500,,Aggregated,97.700000,48.300000,310,330,340,350,430,660,950,1500,3600,8500,12000,329734,160192,310,366.73541930829873,265.7838000013726,12066.266400004679,1619.0811836207367
1782828706,500,,Aggregated,96.900000,47.600000,310,330,340,350,430,660,950,1500,3600,8500,12000,329822,160244,310,366.7208787503639,265.7838000013726,12066.266400004679,1619.6095772871427
1782828707,500,,Aggregated,96.000000,47.200000,310,330,340,350,430,660,950,1500,3600,8500,12000,329918,160286,310,366.7054196633788,265.7838000013726,12066.266400004679,1619.4939227323152
1782828708,500,,Aggregated,95.700000,46.600000,310,330,340,350,430,660,950,1500,3600,8500,12000,330020,160339,310,366.6868657051167,265.7838000013726,12066.266400004679,1619.0363281013272
1782828709,500,,Aggregated,93.500000,47.200000,310,330,340,350,430,660,950,1500,3600,8500,12000,330125,160387,310,366.66957673094316,265.7838000013726,12066.266400004679,1619.4978023475956
1782828710,500,,Aggregated,94.800000,47.800000,310,330,340,350,430,660,950,1500,3600,8500,12000,330213,160425,310,366.6580898998605,265.7838000013726,12066.266400004679,1619.4120703909296
1782828711,500,,Aggregated,95.600000,48.300000,310,330,340,350,430,660,950,1500,3600,8500,12000,330322,160482,310,366.64364742585315,265.7838000013726,12066.266400004679,1619.228731359098
1782828712,500,,Aggregated,100.000000,50.500000,310,330,340,350,430,660,950,1500,3600,8500,12000,330419,160529,310,366.6296668829658,265.7838000013726,12066.266400004679,1619.413420535744
1782828713,500,,Aggregated,97.500000,48.500000,310,330,340,350,430,660,950,1500,3600,8500,12000,330516,160572,310,366.6127547492485,265.7838000013726,12066.266400004679,1619.5998559827663
1782828714,500,,Aggregated,96.200000,48.000000,310,330,340,350,430,660,950,1500,3600,8500,12000,330618,160620,310,366.5959925116075,265.7838000013726,12066.266400004679,1619.1471244759814
1782828715,500,,Aggregated,96.300000,47.600000,310,330,340,350,430,660,950,1500,3600,8500,12000,330722,160672,310,366.5795766879816,265.7838000013726,12066.266400004679,1618.9954130659587
1782828716,500,,Aggregated,97.500000,47.600000,310,330,340,350,430,660,950,1500,3600,8500,12000,330821,160722,310,366.5703079366266,265.7838000013726,12066.266400004679,1619.4785095262998
1782828717,500,,Aggregated,96.900000,46.800000,310,330,340,350,430,650,950,1500,3600,8500,12000,330909,160771,310,366.5576049312733,265.7838000013726,12066.266400004679,1619.3929116464044
1782828718,500,,Aggregated,98.100000,47.900000,310,330,340,350,430,650,950,1500,3600,8500,12000,330987,160809,310,366.54325519250824,265.7838000013726,12066.266400004679,1619.3532283745283
1782828719,500,,Aggregated,99.500000,47.600000,310,330,340,350,430,650,950,1500,3600,8500,12000,331088,160861,310,366.5296156671419,265.7838000013726,12066.266400004679,1619.8250314115885
1782828720,500,,Aggregated,98.200000,47.800000,310,330,340,350,430,650,950,1500,3600,8500,12000,331196,160914,310,366.5134705244105,265.7838000013726,12066.266400004679,1619.6524897643692
1782828721,500,,Aggregated,96.500000,47.000000,310,330,340,350,430,650,950,1500,3600,8500,12000,331290,160957,310,366.49857351535724,265.7838000013726,12066.266400004679,1619.85059917293
1782828722,500,,Aggregated,95.400000,47.400000,310,330,340,350,430,650,950,1500,3600,8500,12000,331389,161006,310,366.4836070464099,265.7838000013726,12066.266400004679,1619.4122587050265
1782828723,500,,Aggregated,97.800000,48.800000,310,330,340,350,430,650,950,1500,3600,8500,12000,331498,161058,310,366.4685756131342,265.7838000013726,12066.266400004679,1619.8470367845357
1782828724,500,,Aggregated,96.100000,46.900000,310,330,340,350,430,650,950,1500,3600,8500,12000,331591,161107,310,366.4537334734739,265.7838000013726,12066.266400004679,1619.4287842553024
1782828725,500,,Aggregated,96.700000,47.700000,310,330,340,350,430,650,950,1500,3600,8500,12000,331698,161165,310,366.44513194864834,265.7838000013726,12066.266400004679,1618.9475999252331
1782828726,500,,Aggregated,97.100000,48.000000,310,330,340,350,430,650,950,1500,3600,8500,12000,331791,161219,310,366.42893212957193,265.7838000013726,12066.266400004679,1619.1441298889963
1782828727,500,,Aggregated,96.700000,48.400000,310,330,340,350,430,650,950,1500,3600,8500,12000,331894,161274,310,366.41748501871916,265.7838000013726,12066.266400004679,1618.9893701000922
1782828728,500,,Aggregated,97.000000,48.800000,310,330,340,350,430,650,950,1500,3600,8500,12000,331984,161321,310,366.4050819277521,265.7838000013726,12066.266400004679,1618.89317858692
1782828730,500,,Aggregated,98.100000,50.100000,310,330,340,350,430,650,950,1500,3600,8500,12000,332078,161369,310,366.40153802089554,265.7838000013726,12066.266400004679,1618.7820692728817
1782828731,500,,Aggregated,99.100000,50.700000,310,330,340,350,430,650,950,1400,3600,8500,12000,332163,161404,310,366.41356397612896,265.7838000013726,12066.266400004679,1618.407549907726
1782828732,500,,Aggregated,99.100000,50.700000,310,330,340,350,430,650,950,1400,3600,8500,12000,332269,161456,310,366.4282853073953,265.7838000013726,12066.266400004679,1619.162889104912
1782828733,500,,Aggregated,96.100000,48.500000,310,330,340,350,430,650,950,1400,3600,8500,12000,332384,161508,310,366.4139897922369,265.7838000013726,12066.266400004679,1618.656571916819
1782828734,500,,Aggregated,97.300000,49.700000,310,330,340,350,430,650,950,1400,3600,8500,12000,332478,161556,310,366.39964545835477,265.7838000013726,12066.266400004679,1618.5465053326836
1782828735,500,,Aggregated,98.600000,49.700000,310,330,340,350,430,650,950,1400,3600,8500,12000,332575,161602,310,366.3827211756834,265.7838000013726,12066.266400004679,1618.7323250394647
1782828736,500,,Aggregated,97.300000,49.400000,310,330,340,350,430,650,950,1400,3600,8500,12000,332679,161653,310,366.36977174183784,265.7838000013726,12066.266400004679,1618.57529630665
1782828737,500,,Aggregated,98.000000,49.300000,310,330,340,350,430,650,950,1400,3600,8500,12000,332759,161693,310,366.3583843132802,265.7838000013726,12066.266400004679,1619.13815403941
1782828738,500,,Aggregated,97.400000,48.400000,310,330,340,350,430,650,950,1400,3600,8500,12000,332853,161741,310,366.3437009007062,265.7838000013726,12066.266400004679,1619.3357428053826
1782828739,500,,Aggregated,96.100000,47.100000,310,330,340,350,430,650,950,1400,3600,8500,12000,332954,161789,310,366.32831021883726,265.7838000013726,12066.266400004679,1618.8949854934915
1782828740,500,,Aggregated,95.500000,46.700000,310,330,340,350,430,650,950,1400,3600,8500,12000,333059,161849,310,366.31203036429815,265.7838000013726,12066.266400004679,1618.7333715647978
1782828741,500,,Aggregated,96.400000,46.700000,310,330,340,350,430,650,950,1400,3600,8500,12000,333161,161898,310,366.2947401688756,265.7838000013726,12066.266400004679,1618.5861340312943
1782828742,500,,Aggregated,97.600000,47.500000,310,330,340,350,430,650,950,1400,3600,8500,12000,333251,161946,310,366.28015344200844,265.7838000013726,12066.266400004679,1618.1835913470627
1782828743,500,,Aggregated,98.700000,48.700000,310,330,340,350,430,650,950,1400,3600,8500,12000,333357,162000,310,366.2647413208745,265.7838000013726,12066.266400004679,1617.7129983771151
1782828744,500,,Aggregated,97.700000,48.600000,310,330,340,350,430,650,950,1400,3600,8500,12000,333435,162047,310,366.25176915141725,265.7838000013726,12066.266400004679,1617.3612188282573
1782828745,500,,Aggregated,96.500000,48.500000,310,330,340,350,430,650,950,1400,3600,8500,12000,333538,162097,310,366.23594705191834,265.7838000013726,12066.266400004679,1617.21183793151
1782828746,500,,Aggregated,95.400000,49.000000,310,330,340,350,430,650,950,1400,3600,8500,12000,333631,162148,310,366.22046339309816,265.7838000013726,12066.266400004679,1616.796277923814
1782828747,500,,Aggregated,95.200000,48.900000,310,330,340,350,430,650,950,1400,3600,8500,12000,333732,162191,310,366.2061949651299,265.7838000013726,12066.266400004679,1616.6560893171766
1782828748,500,,Aggregated,94.800000,49.600000,310,330,340,350,430,650,950,1400,3600,8500,12000,333843,162251,310,366.19037047565126,265.7838000013726,12066.266400004679,1616.1672942071573
1782828749,500,,Aggregated,96.500000,49.300000,310,330,340,350,430,650,950,1400,3600,8500,12000,333924,162293,310,366.1802285322495,265.7838000013726,12066.266400004679,1616.4134773181922
1782828750,500,,Aggregated,98.500000,50.700000,310,330,340,350,430,650,950,1400,3600,8500,12000,334031,162344,310,366.1622322185751,265.7838000013726,12066.266400004679,1616.5500687061979
1782828751,500,,Aggregated,96.600000,50.000000,310,330,340,350,430,650,950,1400,3600,8500,12000,334126,162405,310,366.14534431323204,265.7838000013726,12066.266400004679,1616.428972902438
1782828752,500,,Aggregated,96.600000,49.600000,310,330,340,350,430,650,950,1400,3600,8500,12000,334227,162450,310,366.130609039075,265.7838000013726,12066.266400004679,1616.2926304577427
1782828753,500,,Aggregated,95.600000,50.000000,310,330,340,350,430,650,950,1400,3600,8500,12000,334333,162503,310,366.1121654171225,265.7838000013726,12066.266400004679,1616.4335886675858
1782828754,500,,Aggregated,96.500000,50.400000,310,330,340,350,430,650,950,1400,3600,8500,12000,334419,162551,310,366.1041972956166,265.7838000013726,12066.266400004679,1616.6594093038973
1782828755,500,,Aggregated,97.400000,50.300000,310,330,340,350,430,650,950,1400,3600,8500,12000,334507,162594,310,366.1061121070792,265.7838000013726,12066.266400004679,1616.576687483371
1782828756,500,,Aggregated,97.900000,50.100000,310,330,340,350,430,650,950,1400,3600,8500,12000,334610,162652,310,366.10397113984254,265.7838000013726,12066.266400004679,1617.024658557724
1782828757,500,,Aggregated,96.800000,49.800000,310,330,340,350,430,650,950,1400,3600,8500,12000,334722,162703,310,366.0895319426351,265.7838000013726,12066.266400004679,1618.0528050143105
1782828758,500,,Aggregated,97.000000,50.100000,310,330,340,350,430,650,950,1400,3600,8500,12000,334827,162757,310,366.074408364925,265.7838000013726,12066.266400004679,1617.893556971212
1782828759,500,,Aggregated,98.300000,51.500000,310,330,340,350,430,650,950,1400,3600,8500,12000,334929,162805,310,366.0630340191587,265.7838000013726,12066.266400004679,1617.7514338859878
1782828760,500,,Aggregated,98.100000,50.400000,310,330,340,350,430,650,950,1400,3500,8500,12000,335009,162840,310,366.053032310782,265.7838000013726,12066.266400004679,1617.4014011563868
1782828761,500,,Aggregated,99.900000,51.000000,310,330,340,350,430,650,950,1400,3500,8500,12000,335104,162897,310,366.03968053739385,265.7838000013726,12066.266400004679,1617.2813305720015
1782828762,500,,Aggregated,98.000000,49.600000,310,330,340,350,430,650,950,1400,3500,8500,12000,335199,162952,310,366.02258286541064,265.7838000013726,12066.266400004679,1617.4690228789466
1782828763,500,,Aggregated,97.800000,49.500000,310,330,340,350,430,650,950,1400,3500,8500,12000,335292,162994,310,366.00763834360146,265.7838000013726,12066.266400004679,1617.0644035646542
1782828764,500,,Aggregated,97.100000,49.500000,310,330,340,350,430,650,950,1400,3500,8500,12000,335387,163043,310,365.99302691965653,265.7838000013726,12066.266400004679,1616.9505586084135
1782828765,500,,Aggregated,95.300000,49.200000,310,330,340,350,430,650,950,1400,3500,8500,12000,335493,163094,310,365.9762009636653,265.7838000013726,12066.266400004679,1617.6983633041525
1782828766,500,,Aggregated,97.100000,49.600000,310,330,340,350,430,650,950,1400,3500,8500,12000,335594,163137,310,365.96031445378316,265.7838000013726,12066.266400004679,1618.1760311566952
1782828767,500,,Aggregated,97.400000,49.400000,310,330,340,350,430,650,950,1400,3500,8500,12000,335697,163187,310,365.94976894432426,265.7838000013726,12066.266400004679,1618.0273460888836
1782828768,500,,Aggregated,97.900000,48.100000,310,330,340,350,430,650,950,1400,3500,8500,12000,335794,163232,310,365.9368735626689,265.7838000013726,12066.266400004679,1618.2068023847955
1782828769,500,,Aggregated,97.400000,47.800000,310,330,340,350,430,650,950,1400,3500,8500,12000,335892,163283,310,365.9213560373659,265.7838000013726,12066.266400004679,1618.6857055243947
1782828770,500,,Aggregated,94.900000,46.500000,310,330,340,350,430,650,950,1400,3500,8500,12000,335992,163320,310,365.90809771632337,265.7838000013726,12066.266400004679,1619.1574710112145
1782828771,500,,Aggregated,95.600000,47.500000,310,330,340,350,430,650,950,1400,3500,8500,12000,336090,163378,310,365.89166136333415,265.7838000013726,12066.266400004679,1619.635365527091
1782828772,500,,Aggregated,96.800000,47.600000,310,330,340,350,430,650,950,1400,3500,8500,12000,336188,163430,310,365.8792265997093,265.7838000013726,12066.266400004679,1619.2031660856426
1782828773,500,,Aggregated,97.600000,47.500000,310,330,340,350,430,650,950,1400,3500,8500,12000,336276,163475,310,365.8658308359891,265.7838000013726,12066.266400004679,1619.1206865788815
1782828774,500,,Aggregated,98.200000,47.300000,310,330,340,350,430,650,950,1400,3500,8500,12000,336372,163514,310,365.85278345106923,265.7838000013726,12066.266400004679,1619.0046377225215
1782828775,500,,Aggregated,98.200000,48.100000,310,330,340,350,430,650,950,1400,3500,8500,12000,336475,163570,310,365.83574222573145,265.7838000013726,12066.266400004679,1619.1553191173193
1782828776,500,,Aggregated,97.300000,46.900000,310,330,340,350,430,650,950,1400,3500,8500,12000,336599,163625,310,365.8182052602741,265.7838000013726,12066.266400004679,1618.915653344187
1782828777,500,,Aggregated,98.000000,47.700000,310,330,340,350,430,650,950,1400,3500,8500,12000,336689,163670,310,365.8052982209189,265.7838000013726,12066.266400004679,1618.8216989566038
1782828778,500,,Aggregated,99.600000,48.200000,310,330,340,350,430,650,950,1400,3500,8500,12000,336778,163721,310,365.79119705504195,265.7838000013726,12066.266400004679,1619.0254024906615
1782828779,500,,Aggregated,98.400000,48.000000,310,330,340,350,430,650,950,1400,3500,8500,12000,336866,163760,310,365.7752948246572,265.7838000013726,12066.266400004679,1619.2446046796056
1782828780,500,,Aggregated,98.400000,49.200000,310,330,340,350,430,650,950,1400,3500,8500,12000,336961,163806,310,365.7608411293977,265.7838000013726,12066.266400004679,1619.1304720724356
1782828781,500,,Aggregated,96.900000,47.600000,310,330,340,350,430,650,950,1400,3500,8500,12000,337057,163859,310,365.7463436451495,265.7838000013726,12066.266400004679,1619.308642158448
1782828782,500,,Aggregated,96.600000,48.200000,310,330,340,350,430,650,950,1400,3500,8500,12000,337150,163905,310,365.72890257720053,265.7838000013726,12066.266400004679,1619.8080083049088
1782828783,500,,Aggregated,97.500000,48.700000,310,330,340,350,430,650,950,1400,3500,8500,12000,337253,163954,310,365.7245832324792,265.7838000013726,12066.266400004679,1619.6597984302587
1782828784,500,,Aggregated,95.100000,47.300000,310,330,340,350,430,650,950,1400,3500,8500,12000,337349,163999,310,365.7289256064296,265.7838000013726,12066.266400004679,1619.5431467115657
1782828785,500,,Aggregated,97.600000,47.500000,310,330,340,350,430,650,950,1400,3500,8500,12000,337460,164055,310,365.715067986438,265.7838000013726,12066.266400004679,1619.6664760267884
1782828786,500,,Aggregated,97.000000,48.000000,310,330,340,350,430,650,950,1400,3500,8500,12000,337548,164103,310,365.701734016209,265.7838000013726,12066.266400004679,1619.8789653619633
1782828787,500,,Aggregated,96.800000,47.600000,310,330,340,350,430,650,950,1400,3500,8500,12000,337646,164156,310,365.68688319601944,265.7838000013726,12066.266400004679,1619.4485259709875
1782828788,500,,Aggregated,96.000000,48.200000,310,330,340,350,430,650,950,1400,3500,8500,12000,337743,164195,310,365.6739778790471,265.7838000013726,12066.266400004679,1619.3335169048655
1782828789,500,,Aggregated,95.600000,48.500000,310,330,340,350,420,650,950,1400,3500,8500,12000,337838,164240,310,365.6598105233959,265.7838000013726,12066.266400004679,1619.523600068672
1782828790,500,,Aggregated,96.300000,47.500000,310,330,340,350,420,650,950,1400,3500,8500,12000,337937,164289,310,365.6445416580695,265.7838000013726,12066.266400004679,1619.9962537396023
1782828791,500,,Aggregated,96.500000,47.600000,310,330,340,350,420,650,950,1400,3500,8500,12000,338026,164328,310,365.63316651441926,265.7838000013726,12066.266400004679,1619.9120038103579
1782828792,500,,Aggregated,97.100000,47.700000,310,330,340,350,420,650,950,1400,3500,8500,12000,338122,164381,310,365.62161806065,265.7838000013726,12066.266400004679,1620.0964149034965
1782828793,500,,Aggregated,96.600000,47.500000,310,330,340,350,420,650,950,1400,3500,8500,12000,338220,164429,310,365.6093549030312,265.7838000013726,12066.266400004679,1619.9738690792974
1782828794,500,,Aggregated,97.700000,47.400000,310,330,340,350,420,650,950,1400,3500,8500,12000,338321,164478,310,365.59376214335845,265.7838000013726,12066.266400004679,1619.8380295636393
1782828795,500,,Aggregated,95.100000,46.700000,310,330,340,350,420,650,950,1400,3500,8500,12000,338421,164528,310,365.57684959119905,265.7838000013726,12066.266400004679,1620.3045644330582
1782828796,500,,Aggregated,95.700000,46.800000,310,330,340,350,420,650,950,1400,3500,8500,12000,338513,164581,310,365.5616000369358,265.7838000013726,12066.266400004679,1619.9001751779103
1782828797,500,,Aggregated,96.100000,46.800000,310,330,340,350,420,650,950,1400,3500,8500,12000,338604,164630,310,365.5477096862508,265.7838000013726,12066.266400004679,1619.7979852571145
1782828798,500,,Aggregated,95.300000,47.100000,310,330,340,350,420,650,950,1400,3500,8500,12000,338698,164672,310,365.5337179437237,265.7838000013726,12066.266400004679,1619.6924487301371
1782828799,500,,Aggregated,95.800000,46.900000,310,330,340,350,420,650,950,1400,3500,8500,12000,338808,164734,310,365.51533211259243,265.7838000013726,12066.266400004679,1619.2057743618805
1782828800,500,,Aggregated,95.700000,47.500000,310,330,340,350,420,650,950,1400,3500,8500,12000,338914,164785,310,365.49905686841885,265.7838000013726,12066.266400004679,1619.0464454109301
1782828801,500,,Aggregated,97.300000,48.600000,310,330,340,350,420,650,950,1400,3500,8500,12000,339011,164842,310,365.4841700859361,265.7838000013726,12066.266400004679,1618.9163596461472
1782828802,500,,Aggregated,96.800000,49.600000,310,330,340,350,420,650,950,1400,3500,8500,12000,339114,164896,310,365.4695945404885,265.7838000013726,12066.266400004679,1618.4669521163974
1782828803,500,,Aggregated,96.700000,49.400000,310,330,340,350,420,650,950,1400,3500,8500,12000,339190,164928,310,365.4585880191138,265.7838000013726,12066.266400004679,1618.4429434830035
1782828804,500,,Aggregated,97.100000,50.800000,310,330,340,350,420,650,950,1400,3500,8500,12000,339283,164975,310,365.4444303260205,265.7838000013726,12066.266400004679,1618.3372170135256
1782828805,500,,Aggregated,98.100000,50.800000,310,330,340,350,420,650,950,1400,3500,8500,12000,339379,165028,310,365.43051642235747,265.7838000013726,12066.266400004679,1618.2153138526544
1782828806,500,,Aggregated,96.100000,49.800000,310,330,340,350,420,650,950,1400,3500,8500,12000,339491,165082,310,365.41412892713873,265.7838000013726,12066.266400004679,1617.7252357205346
1782828807,500,,Aggregated,96.000000,50.100000,310,330,340,350,420,650,950,1400,3500,8500,12000,339587,165131,310,365.4005836878422,265.7838000013726,12066.266400004679,1618.202878791002
1782828808,500,,Aggregated,96.400000,49.700000,310,330,340,350,420,650,950,1400,3500,8500,12000,339688,165190,310,365.3855488886955,265.7838000013726,12066.266400004679,1618.3584436306257
1782828809,500,,Aggregated,96.500000,49.500000,310,330,340,350,420,650,950,1400,3500,8500,12000,339782,165234,310,365.37422875903724,265.7838000013726,12066.266400004679,1618.252423612787
1782828810,500,,Aggregated,98.100000,51.200000,310,330,340,350,420,650,950,1400,3500,8500,12000,339872,165282,310,365.37198851215516,265.7838000013726,12066.266400004679,1618.1592158224273
1782828811,500,,Aggregated,96.600000,50.400000,310,330,340,350,420,650,950,1400,3500,8500,12000,339966,165324,310,365.3724802500934,265.7838000013726,12066.266400004679,1618.3573416165145
1782828812,500,,Aggregated,95.000000,48.700000,310,330,340,350,420,650,950,1400,3500,8500,12000,340077,165385,310,365.356592294696,265.7838000013726,12066.266400004679,1619.0678905071497
1782828813,500,,Aggregated,96.500000,49.400000,310,330,340,350,420,650,950,1400,3500,8500,12000,340162,165425,310,365.34305990823003,265.7838000013726,12066.266400004679,1619.2987811689725
1782828814,500,,Aggregated,95.800000,48.300000,310,330,340,350,420,650,950,1400,3500,8500,12000,340264,165465,310,365.32721107640924,265.7838000013726,12066.266400004679,1620.3622510756354
1782828815,500,,Aggregated,95.400000,48.900000,310,330,340,350,420,650,950,1400,3500,8500,12000,340366,165509,310,365.31399302516496,265.7838000013726,12066.266400004679,1621.7187410023328
1782828816,500,,Aggregated,97.300000,48.500000,310,330,340,350,420,650,950,1400,3500,8500,12000,340457,165548,310,365.3001011370108,265.7838000013726,12066.266400004679,1621.3304940124597
1782828817,500,,Aggregated,97.300000,47.900000,310,330,340,350,420,650,950,1400,3500,8500,12000,340557,165590,310,365.2902386698947,265.7838000013726,12066.266400004679,1622.9962326424063
1782828818,500,,Aggregated,95.700000,46.400000,310,330,340,350,420,650,950,1400,3500,8500,12000,340659,165641,310,365.27684961736924,265.7838000013726,12066.266400004679,1622.8487167519424
1782828819,500,,Aggregated,96.600000,45.900000,310,330,340,350,420,650,950,1400,3500,8500,12000,340750,165689,310,365.263888069269,265.7838000013726,12066.266400004679,1622.7553690388847
1782828820,500,,Aggregated,96.600000,44.600000,310,330,340,350,420,650,950,1400,3500,8500,12000,340853,165742,310,365.2489993305129,265.7838000013726,12066.266400004679,1622.60433383306
1782828821,500,,Aggregated,95.700000,45.500000,310,330,340,350,420,650,950,1400,3500,8500,12000,340949,165786,310,365.23615857533895,265.7838000013726,12066.266400004679,1622.7878685668531
1782828822,500,,Aggregated,97.600000,46.100000,310,330,340,350,420,650,950,1400,3500,8500,12000,341040,165830,310,365.2262547232092,265.7838000013726,12066.266400004679,1622.691748768473
1782828823,500,,Aggregated,96.800000,45.300000,310,330,340,350,420,650,950,1400,3500,8500,12000,341139,165882,310,365.21368109481267,265.7838000013726,12066.266400004679,1623.1566282365839
1782828824,500,,Aggregated,97.100000,45.500000,310,330,340,350,420,650,950,1400,3500,8500,12000,341233,165935,310,365.19964269195333,265.7838000013726,12066.266400004679,1623.044503315916
1782828825,500,,Aggregated,97.000000,44.900000,310,330,340,350,420,650,950,1400,3500,8500,12000,341320,165978,310,365.1865340153034,265.7838000013726,12066.266400004679,1623.2656275635768
1782828826,500,,Aggregated,97.500000,47.200000,310,330,340,350,420,650,950,1400,3500,8500,12000,341429,166038,310,365.1730554704003,265.7838000013726,12066.266400004679,1622.7883190941602
1782828827,500,,Aggregated,96.500000,47.400000,310,330,340,350,420,650,950,1400,3500,8500,12000,341532,166097,310,365.156535135224,265.7838000013726,12066.266400004679,1622.937871121886
1782828828,500,,Aggregated,96.400000,47.800000,310,330,340,350,420,650,950,1400,3500,8500,12000,341629,166145,310,365.1436121913051,265.7838000013726,12066.266400004679,1622.8140175453489
1782828829,500,,Aggregated,97.500000,50.100000,310,330,340,350,420,650,950,1400,3500,8500,12000,341707,166183,310,365.1331463476117,265.7838000013726,12066.266400004679,1622.7795801666339
1782828830,500,,Aggregated,95.800000,50.500000,310,330,340,350,420,650,950,1400,3500,8500,12000,341822,166239,310,365.1180947575154,265.7838000013726,12066.266400004679,1622.88344811042
1782828831,500,,Aggregated,96.500000,49.400000,310,330,340,350,420,650,950,1400,3500,8500,12000,341911,166286,310,365.10373669201465,265.7838000013726,12066.266400004679,1622.7954233704093
1782828832,500,,Aggregated,96.300000,49.700000,310,330,340,350,420,650,950,1400,3500,8500,12000,342012,166328,310,365.095745658057,265.7838000013726,12066.266400004679,1622.3642357578096
1782828833,500,,Aggregated,96.500000,50.000000,310,330,340,350,420,650,950,1400,3500,8500,12000,342111,166376,310,365.0826418919689,265.7838000013726,12066.266400004679,1621.9361435323624
