Timestamp,User Count,Type,Name,Requests/s,Failures/s,50%,66%,75%,80%,90%,95%,98%,99%,99.9%,99.99%,100%,Total Request Count,Total Failure Count,Total Median Response Time,Total Average Response Time,Total Min Response Time,Total Max Response Time,Total Average Content Size
1781969284,0,,Aggregated,0.000000,0.000000,N/A,N/A,N/A,N/A,N/A,N/A,N/A,N/A,N/A,N/A,N/A,0,0,0,0.0,0,0,0
1781969285,5000,,Aggregated,0.000000,0.000000,N/A,N/A,N/A,N/A,N/A,N/A,N/A,N/A,N/A,N/A,N/A,0,0,0,0.0,0,0,0
1781969286,5000,,Aggregated,0.000000,0.000000,N/A,N/A,N/A,N/A,N/A,N/A,N/A,N/A,N/A,N/A,N/A,0,0,0,0.0,0,0,0
1781969287,5000,GET,/config,0.000000,0.000000,0,0,0,0,0,0,0,0,0,0,0,1,0,1952.3425000006682,1952.3425000006682,1952.3425000006682,1952.3425000006682,28.0
1781969287,5000,POST,/predict/colleges [guest],0.000000,0.000000,0,0,0,0,0,0,0,0,0,0,0,12,12,2100,2088.813966666445,1983.7504000024637,2112.932700001693,45.0
1781969287,5000,GET,/predict/colleges-list,0.000000,0.000000,0,0,0,0,0,0,0,0,0,0,0,5,0,2200,2206.087960001605,2163.6379000046873,2260.707599998568,102062.0
1781969287,5000,POST,/predict/rank [guest],0.000000,0.000000,0,0,0,0,0,0,0,0,0,0,0,2,1,2000,2021.905699999479,1961.7800999985775,2082.0313000003807,84.0
1781969287,5000,,Aggregated,0.000000,0.000000,2100,2100,2200,2200,2200,2300,2300,2300,2300,2300,2300,20,13,2100,2104.6180650002498,1952.3425000006682,2260.707599998568,25552.3
1781969288,5000,GET,/config,0.000000,0.000000,2000,2000,2000,2000,2000,2000,2000,2000,2000,2000,2000,1,0,1952.3425000006682,1952.3425000006682,1952.3425000006682,1952.3425000006682,28.0
1781969288,5000,POST,/predict/colleges [guest],0.000000,0.000000,2100,2100,2100,2100,2100,2100,2100,2100,2100,2100,2100,12,12,2100,2088.813966666445,1983.7504000024637,2112.932700001693,45.0
1781969288,5000,GET,/predict/colleges-list,0.000000,0.000000,2200,2200,2200,2300,2300,2300,2300,2300,2300,2300,2300,5,0,2200,2206.087960001605,2163.6379000046873,2260.707599998568,102062.0
1781969288,5000,POST,/predict/rank [guest],0.000000,0.000000,2100,2100,2100,2100,2100,2100,2100,2100,2100,2100,2100,2,1,2000,2021.905699999479,1961.7800999985775,2082.0313000003807,84.0
1781969288,5000,,Aggregated,0.000000,0.000000,2100,2100,2200,2200,2200,2300,2300,2300,2300,2300,2300,20,13,2100,2104.6180650002498,1952.3425000006682,2260.707599998568,25552.3
1781969289,5000,POST,/auth/login [setup],0.000000,0.000000,0,0,0,0,0,0,0,0,0,0,0,16,0,4100,4125.734962499791,4056.311200001801,4250.217699998757,166.625
1781969289,5000,GET,/config,0.000000,0.000000,2000,2000,2000,2000,2000,2000,2000,2000,2000,2000,2000,1,0,1952.3425000006682,1952.3425000006682,1952.3425000006682,1952.3425000006682,28.0
1781969289,5000,POST,/predict/colleges [guest],0.000000,0.000000,2100,2100,2100,3900,4100,4200,4200,4200,4200,4200,4200,15,15,2100,2479.862973333123,1983.7504000024637,4193.009000002348,45.0
1781969289,5000,GET,/predict/colleges-list,0.000000,0.000000,2200,2200,2200,2300,2300,2300,2300,2300,2300,2300,2300,5,0,2200,2206.087960001605,2163.6379000046873,2260.707599998568,102062.0
1781969289,5000,POST,/predict/rank [guest],0.000000,0.000000,2100,2100,2100,2100,2100,2100,2100,2100,2100,2100,2100,2,1,2000,2021.905699999479,1961.7800999985775,2082.0313000003807,84.0
1781969289,5000,,Aggregated,0.000000,0.000000,2300,4100,4100,4100,4200,4200,4300,4300,4300,4300,4300,39,16,2300,3082.981992307722,1952.3425000006682,4250.217699998757,13175.564102564103
1781969290,5000,POST,/auth/login [setup],0.000000,0.000000,4100,4100,4100,4100,4200,4300,4300,4300,4300,4300,4300,16,0,4100,4125.734962499791,4056.311200001801,4250.217699998757,166.625
1781969290,5000,GET,/config,0.250000,0.000000,2000,2000,2000,2000,2000,2000,2000,2000,2000,2000,2000,1,0,1952.3425000006682,1952.3425000006682,1952.3425000006682,1952.3425000006682,28.0
1781969290,5000,POST,/predict/colleges [guest],3.000000,3.000000,2100,2100,3900,3900,4200,5600,5600,5600,5600,5600,5600,16,16,2100,2676.4956812498895,1983.7504000024637,5625.986300001387,45.0
1781969290,5000,GET,/predict/colleges-list,1.250000,0.000000,2200,2200,2200,2300,2300,2300,2300,2300,2300,2300,2300,5,0,2200,2206.087960001605,2163.6379000046873,2260.707599998568,102062.0
1781969290,5000,POST,/predict/rank [guest],0.500000,0.250000,2100,2100,2100,2100,2100,2100,2100,2100,2100,2100,2100,2,1,2000,2021.905699999479,1961.7800999985775,2082.0313000003807,84.0
1781969290,5000,,Aggregated,5.000000,3.250000,3900,4100,4100,4100,4200,4300,5600,5600,5600,5600,5600,40,17,2300,3146.5571000000637,1952.3425000006682,5625.986300001387,12847.3
1781969291,5000,POST,/auth/login [setup],0.000000,0.000000,4100,4100,4100,4100,4200,4300,4300,4300,4300,4300,4300,16,0,4100,4125.734962499791,4056.311200001801,4250.217699998757,166.625
1781969291,5000,GET,/config,0.250000,0.000000,2000,2000,2000,2000,2000,2000,2000,2000,2000,2000,2000,1,0,1952.3425000006682,1952.3425000006682,1952.3425000006682,1952.3425000006682,28.0
1781969291,5000,POST,/predict/colleges [guest],3.000000,3.000000,2100,2100,3900,3900,4200,5600,5600,5600,5600,5600,5600,16,16,2100,2676.4956812498895,1983.7504000024637,5625.986300001387,45.0
1781969291,5000,GET,/predict/colleges-list,1.250000,0.000000,2200,2200,2200,2300,2300,2300,2300,2300,2300,2300,2300,5,0,2200,2206.087960001605,2163.6379000046873,2260.707599998568,102062.0
1781969291,5000,POST,/predict/rank [guest],0.500000,0.250000,2100,2100,2100,2100,2100,2100,2100,2100,2100,2100,2100,2,1,2000,2021.905699999479,1961.7800999985775,2082.0313000003807,84.0
1781969291,5000,,Aggregated,5.000000,3.250000,3900,4100,4100,4100,4200,4300,5600,5600,5600,5600,5600,40,17,2300,3146.5571000000637,1952.3425000006682,5625.986300001387,12847.3
1781969292,5000,POST,/auth/login [setup],2.666667,0.000000,7400,7500,7500,7500,7600,7600,7700,7700,7700,7700,7700,32,0,4300,5823.998631250106,4056.311200001801,7680.757899994205,166.65625
1781969292,5000,GET,/config,0.166667,0.000000,2000,2000,2000,2000,2000,2000,2000,2000,2000,2000,2000,1,0,1952.3425000006682,1952.3425000006682,1952.3425000006682,1952.3425000006682,28.0
1781969292,5000,POST,/predict/colleges [guest],2.500000,2.500000,2100,2100,3900,3900,4200,5600,5600,5600,5600,5600,5600,16,16,2100,2676.4956812498895,1983.7504000024637,5625.986300001387,45.0
1781969292,5000,GET,/predict/colleges-list,0.833333,0.000000,2200,2200,2200,2300,2300,2300,2300,2300,2300,2300,2300,5,0,2200,2206.087960001605,2163.6379000046873,2260.707599998568,102062.0
1781969292,5000,POST,/predict/rank [guest],0.333333,0.166667,2100,2100,2100,2100,2100,2100,2100,2100,2100,2100,2100,2,1,2000,2021.905699999479,1961.7800999985775,2082.0313000003807,84.0
1781969292,5000,,Aggregated,6.500000,2.666667,4100,4200,7500,7500,7500,7600,7600,7700,7700,7700,7700,56,17,4100,4396.758585714451,1952.3425000006682,7680.757899994205,9224.267857142857
1781969293,5000,POST,/auth/login [setup],2.285714,0.000000,7500,7700,8100,8400,8500,8600,8700,8700,8700,8700,8700,48,0,7500,6663.613679166701,4056.311200001801,8686.009999997623,166.83333333333334
1781969293,5000,GET,/config,0.142857,0.000000,8800,8900,8900,8900,9000,9000,9000,9000,9000,9000,9000,16,0,8800,8431.991675000518,1952.3425000006682,8974.182199999632,28.0
1781969293,5000,POST,/predict/colleges [guest],2.285714,2.285714,2100,2100,3900,4100,5600,8300,8300,8300,8300,8300,8300,17,17,2100,3006.0403705878452,1983.7504000024637,8278.755399995134,45.0
1781969293,5000,GET,/predict/colleges-list,0.714286,0.000000,2200,2200,2200,2300,2300,2300,2300,2300,2300,2300,2300,5,0,2200,2206.087960001605,2163.6379000046873,2260.707599998568,102062.0
1781969293,5000,POST,/predict/rank [guest],0.285714,0.142857,2100,2100,2100,2100,2100,2100,2100,2100,2100,2100,2100,2,1,2000,2021.905699999479,1961.7800999985775,2082.0313000003807,84.0
1781969293,5000,,Aggregated,5.714286,2.428571,7500,7900,8500,8600,8800,8900,9000,9000,9000,9000,9000,88,18,7500,5919.798419318299,1952.3425000006682,8974.182199999632,5905.670454545455
1781969295,5000,POST,/auth/login [setup],2.000000,0.000000,7500,7900,8400,8500,8700,9700,9800,9900,9900,9900,9900,52,2,7500,6902.077626923178,4056.311200001801,9918.464700000186,160.44230769230768
1781969295,5000,GET,/config,0.125000,0.000000,9900,10000,10000,10000,10000,10000,10000,10000,10000,10000,10000,40,0,9900,9377.53460499971,1952.3425000006682,10188.812399996095,28.0
1781969295,5000,POST,/predict/colleges [guest],2.000000,2.000000,2100,2100,3900,4100,5600,8300,8300,8300,8300,8300,8300,17,17,2100,3006.0403705878452,1983.7504000024637,8278.755399995134,45.0
1781969295,5000,GET,/predict/colleges-list,0.625000,0.000000,10000,10000,10000,10000,10000,10000,10000,10000,10000,10000,10000,34,0,10000,8948.262535293907,2163.6379000046873,10376.807699998608,102062.0
1781969295,5000,POST,/predict/rank [guest],0.250000,0.125000,2100,2100,2100,2100,2100,2100,2100,2100,2100,2100,2100,2,1,2000,2021.905699999479,1961.7800999985775,2082.0313000003807,84.0
1781969295,5000,,Aggregated,5.000000,2.125000,8700,9900,10000,10000,10000,10000,10000,10000,10000,10000,10000,145,20,8700,7540.667894482613,1952.3425000006682,10376.807699998608,24003.475862068964
1781969296,5000,POST,/auth/login [setup],4.800000,0.000000,7900,8500,9900,11000,11000,11000,11000,11000,11000,11000,11000,68,13,7900,7832.67222058834,4056.311200001801,11014.779400000407,134.9264705882353
1781969296,5000,GET,/config,1.600000,0.000000,10000,10000,10000,10000,10000,11000,11000,11000,11000,11000,11000,43,0,10000,9484.380276744094,1952.3425000006682,10947.7107000057,28.0
1781969296,5000,POST,/predict/colleges [guest],1.700000,1.700000,2100,2100,3900,4100,5600,8300,8300,8300,8300,8300,8300,17,17,2100,3006.0403705878452,1983.7504000024637,8278.755399995134,45.0
1781969296,5000,GET,/predict/colleges-list,0.500000,0.000000,10000,10000,10000,11000,11000,11000,11000,11000,11000,11000,11000,43,0,10000,9343.82013953477,2163.6379000046873,11159.717299997283,102062.0
1781969296,5000,POST,/predict/rank [guest],0.200000,0.100000,11000,11000,12000,12000,12000,12000,12000,12000,12000,12000,12000,20,1,11000,10540.890009999566,1961.7800999985775,11603.35330000089,120.45
1781969296,5000,,Aggregated,8.800000,1.800000,10000,10000,11000,11000,11000,11000,12000,12000,12000,12000,12000,191,31,9900,8398.716310994674,1952.3425000006682,11603.35330000089,23048.267015706806
1781969297,5000,POST,/auth/login [setup],5.200000,0.200000,8400,9900,11000,11000,11000,12000,13000,13000,13000,13000,13000,78,23,8400,8367.114235897203,4056.311200001801,12538.394799994421,117.62820512820512
1781969297,5000,GET,/config,4.000000,0.000000,10000,10000,11000,12000,12000,12000,13000,13000,13000,13000,13000,57,0,10000,10099.3256473683,1952.3425000006682,12585.880399994494,28.0
1781969297,5000,POST,/predict/colleges [guest],1.700000,1.700000,5600,5600,8300,8300,13000,13000,13000,13000,13000,13000,13000,18,18,2100,3536.877244444137,1983.7504000024637,12561.104100001103,45.0
1781969297,5000,GET,/predict/colleges-list,3.400000,0.000000,10000,11000,12000,12000,12000,13000,13000,13000,13000,13000,13000,69,0,10000,10036.043836231464,2163.6379000046873,12593.522700000904,102062.0
1781969297,5000,POST,/predict/rank [guest],0.200000,0.100000,12000,12000,12000,13000,13000,13000,13000,13000,13000,13000,13000,29,2,12000,11149.497148275259,1961.7800999985775,12638.338500000827,118.55172413793103
1781969297,5000,,Aggregated,14.500000,2.000000,10000,11000,11000,12000,12000,13000,13000,13000,13000,13000,13000,251,43,10000,9194.353405178974,1952.3425000006682,12638.338500000827,28116.72111553785
1781969298,5000,POST,/auth/login [setup],5.200000,0.200000,8400,10000,11000,11000,12000,12000,13000,13000,13000,13000,13000,80,25,8400,8465.961533749758,4056.311200001801,12538.394799994421,114.6875
1781969298,5000,GET,/config,4.000000,0.000000,10000,10000,11000,12000,12000,12000,13000,13000,13000,13000,13000,57,0,10000,10099.3256473683,1952.3425000006682,12585.880399994494,28.0
1781969298,5000,POST,/predict/colleges [guest],1.700000,1.700000,5600,5600,8300,8300,13000,13000,13000,13000,13000,13000,13000,18,18,2100,3536.877244444137,1983.7504000024637,12561.104100001103,45.0
1781969298,5000,GET,/predict/colleges-list,3.400000,0.000000,10000,11000,12000,12000,12000,13000,13000,13000,13000,13000,13000,69,0,10000,10036.043836231464,2163.6379000046873,12593.522700000904,102062.0
1781969298,5000,POST,/predict/rank [guest],0.200000,0.100000,12000,12000,12000,13000,13000,13000,13000,13000,13000,13000,13000,29,2,12000,11149.497148275259,1961.7800999985775,12638.338500000827,118.55172413793103
1781969298,5000,,Aggregated,14.500000,2.000000,10000,11000,11000,12000,12000,13000,13000,13000,13000,13000,13000,253,45,10000,9219.070027667673,1952.3425000006682,12638.338500000827,27894.454545454544
1781969299,5000,POST,/auth/login [setup],7.100000,1.600000,11000,12000,14000,14000,15000,15000,15000,15000,15000,15000,15000,113,35,11000,10145.266440708157,4056.311200001801,14887.469300003431,115.13274336283186
1781969299,5000,GET,/config,4.700000,0.000000,10000,10000,11000,12000,12000,12000,13000,13000,13000,13000,13000,57,0,10000,10099.3256473683,1952.3425000006682,12585.880399994494,28.0
1781969299,5000,POST,/predict/colleges [guest],0.500000,0.500000,8300,8300,13000,13000,13000,13000,13000,13000,13000,13000,13000,18,18,2100,3536.877244444137,1983.7504000024637,12561.104100001103,45.0
1781969299,5000,GET,/predict/colleges-list,5.100000,0.000000,10000,11000,12000,12000,12000,13000,13000,13000,13000,13000,13000,69,0,10000,10036.043836231464,2163.6379000046873,12593.522700000904,102062.0
1781969299,5000,POST,/predict/rank [guest],1.900000,0.000000,12000,12000,12000,13000,13000,13000,13000,13000,13000,13000,13000,29,2,12000,11149.497148275259,1961.7800999985775,12638.338500000827,118.55172413793103
1781969299,5000,,Aggregated,19.300000,2.100000,11000,12000,12000,12000,14000,15000,15000,15000,15000,15000,15000,286,55,10000,9795.674482866998,1952.3425000006682,14887.469300003431,24689.272727272728
1781969300,5000,POST,/auth/login [setup],8.000000,2.500000,11000,14000,14000,14000,15000,15000,15000,15000,15000,15000,15000,118,40,11000,10364.846554237469,4056.311200001801,15492.219899999327,110.2542372881356
1781969300,5000,GET,/config,5.600000,0.000000,10000,10000,11000,12000,12000,12000,13000,13000,13000,13000,13000,57,0,10000,10099.3256473683,1952.3425000006682,12585.880399994494,28.0
1781969300,5000,POST,/predict/colleges [guest],0.600000,0.600000,8300,8300,13000,13000,13000,13000,13000,13000,13000,13000,13000,18,18,2100,3536.877244444137,1983.7504000024637,12561.104100001103,45.0
1781969300,5000,GET,/predict/colleges-list,6.400000,0.000000,10000,11000,12000,12000,12000,13000,13000,13000,13000,13000,13000,69,0,10000,10036.043836231464,2163.6379000046873,12593.522700000904,102062.0
1781969300,5000,POST,/predict/rank [guest],2.700000,0.100000,12000,12000,12000,13000,13000,13000,13000,13000,13000,13000,13000,29,2,12000,11149.497148275259,1961.7800999985775,12638.338500000827,118.55172413793103
1781969300,5000,,Aggregated,23.300000,3.200000,11000,12000,12000,13000,14000,15000,15000,15000,15000,15000,15000,291,60,10000,9890.720576288528,1952.3425000006682,15492.219899999327,24265.058419243986
1781969301,5000,POST,/auth/login [setup],8.100000,2.600000,11000,14000,14000,14000,15000,15000,15000,15000,15000,15000,15000,118,40,11000,10364.846554237469,4056.311200001801,15492.219899999327,110.2542372881356
1781969301,5000,GET,/config,5.600000,0.000000,10000,10000,11000,12000,12000,13000,13000,16000,16000,16000,16000,58,0,10000,10205.38535862052,1952.3425000006682,16250.788899997133,28.0
1781969301,5000,POST,/predict/colleges [guest],0.300000,0.300000,13000,13000,13000,13000,13000,13000,13000,13000,13000,13000,13000,18,18,2100,3536.877244444137,1983.7504000024637,12561.104100001103,45.0
1781969301,5000,GET,/predict/colleges-list,6.400000,0.000000,10000,11000,12000,12000,12000,13000,13000,13000,13000,13000,13000,69,0,10000,10036.043836231464,2163.6379000046873,12593.522700000904,102062.0
1781969301,5000,POST,/predict/rank [guest],2.700000,0.100000,12000,12000,13000,13000,13000,13000,17000,17000,17000,17000,17000,30,3,12000,11340.416716666126,1961.7800999985775,16877.084200001264,116.1
1781969301,5000,,Aggregated,23.100000,3.000000,11000,12000,12000,13000,14000,15000,15000,15000,17000,17000,17000,293,61,10000,9936.271538566416,1952.3425000006682,16877.084200001264,24099.67576791809
1781969302,5000,POST,/auth/login [setup],9.900000,3.700000,14000,15000,15000,15000,17000,17000,18000,18000,18000,18000,18000,134,40,11000,11193.215262686701,4056.311200001801,17936.082200001692,116.9776119402985
1781969302,5000,GET,/config,5.600000,0.000000,10000,10000,11000,12000,12000,13000,13000,16000,16000,16000,16000,58,0,10000,10205.38535862052,1952.3425000006682,16250.788899997133,28.0
1781969302,5000,POST,/predict/colleges [guest],0.300000,0.300000,13000,13000,13000,13000,13000,13000,13000,13000,13000,13000,13000,18,18,2100,3536.877244444137,1983.7504000024637,12561.104100001103,45.0
1781969302,5000,GET,/predict/colleges-list,6.400000,0.000000,10000,11000,12000,12000,12000,13000,13000,13000,13000,13000,13000,69,0,10000,10036.043836231464,2163.6379000046873,12593.522700000904,102062.0
1781969302,5000,POST,/predict/rank [guest],2.700000,0.100000,12000,12000,13000,13000,17000,18000,18000,18000,18000,18000,18000,32,5,12000,11770.526256249468,1961.7800999985775,18226.356999999552,111.65625
1781969302,5000,,Aggregated,24.900000,4.100000,11000,12000,13000,14000,15000,17000,17000,18000,18000,18000,18000,311,63,11000,10368.52363762044,1952.3425000006682,18226.356999999552,22713.69774919614
1781969303,5000,POST,/auth/login [setup],10.200000,4.000000,14000,15000,17000,17000,17000,18000,18000,18000,18000,18000,18000,143,40,12000,11602.640470629478,4056.311200001801,18073.974999999336,120.11888111888112
1781969303,5000,GET,/config,5.700000,0.000000,10000,11000,12000,12000,12000,13000,16000,16000,16000,16000,16000,58,0,10000,10205.38535862052,1952.3425000006682,16250.788899997133,28.0
1781969303,5000,POST,/predict/colleges [guest],0.200000,0.200000,13000,13000,18000,18000,18000,18000,18000,18000,18000,18000,18000,19,19,2100,4320.745789473126,1983.7504000024637,18430.37959999492,45.0
1781969303,5000,GET,/predict/colleges-list,6.400000,0.000000,10000,11000,12000,12000,12000,13000,13000,13000,13000,13000,13000,69,0,10000,10036.043836231464,2163.6379000046873,12593.522700000904,102062.0
1781969303,5000,POST,/predict/rank [guest],2.700000,0.100000,13000,18000,18000,19000,19000,19000,19000,19000,19000,19000,19000,51,23,13000,14303.715211764864,1961.7800999985775,18981.221100002585,88.41176470588235
1781969303,5000,,Aggregated,25.200000,4.300000,12000,14000,15000,15000,18000,18000,19000,19000,19000,19000,19000,340,82,11000,11044.590025294043,1952.3425000006682,18981.221100002585,20783.65588235294
1781969304,5000,POST,/auth/login [setup],10.200000,4.000000,14000,15000,17000,17000,18000,18000,19000,19000,19000,19000,19000,146,40,12000,11753.071921232944,4056.311200001801,19097.06429999642,121.06849315068493
1781969304,5000,GET,/config,5.700000,0.000000,12000,12000,12000,12000,13000,16000,16000,16000,16000,16000,16000,58,0,10000,10205.38535862052,1952.3425000006682,16250.788899997133,28.0
1781969304,5000,POST,/predict/colleges [guest],0.200000,0.200000,18000,18000,18000,18000,18000,18000,18000,18000,18000,18000,18000,19,19,2100,4320.745789473126,1983.7504000024637,18430.37959999492,45.0
1781969304,5000,GET,/predict/colleges-list,6.400000,0.000000,12000,12000,12000,12000,13000,13000,13000,13000,13000,13000,13000,69,0,10000,10036.043836231464,2163.6379000046873,12593.522700000904,102062.0
1781969304,5000,POST,/predict/rank [guest],2.800000,0.200000,13000,18000,18000,19000,19000,19000,19000,19000,19000,19000,19000,51,23,13000,14303.715211764864,1961.7800999985775,18981.221100002585,88.41176470588235
1781969304,5000,,Aggregated,25.300000,4.400000,13000,15000,17000,17000,18000,19000,19000,19000,19000,19000,19000,343,82,11000,11113.502979008656,1952.3425000006682,19097.06429999642,20603.32944606414
1781969305,5000,POST,/auth/login [setup],10.200000,4.000000,15000,15000,17000,17000,18000,19000,20000,20000,20000,20000,20000,148,40,12000,11867.576132432472,4056.311200001801,20271.2967999978,121.6891891891892
1781969305,5000,GET,/config,5.700000,0.000000,12000,12000,12000,13000,13000,16000,16000,16000,16000,16000,16000,58,0,10000,10205.38535862052,1952.3425000006682,16250.788899997133,28.0
1781969305,5000,POST,/predict/colleges [guest],0.200000,0.200000,18000,18000,18000,18000,18000,18000,18000,18000,18000,18000,18000,19,19,2100,4320.745789473126,1983.7504000024637,18430.37959999492,45.0
1781969305,5000,GET,/predict/colleges-list,6.400000,0.000000,12000,12000,12000,12000,13000,13000,13000,13000,13000,13000,13000,69,0,10000,10036.043836231464,2163.6379000046873,12593.522700000904,102062.0
1781969305,5000,POST,/predict/rank [guest],3.800000,1.100000,13000,18000,18000,19000,19000,19000,19000,19000,19000,19000,19000,51,23,13000,14303.715211764864,1961.7800999985775,18981.221100002585,88.41176470588235
1781969305,5000,,Aggregated,26.300000,5.300000,14000,15000,17000,17000,18000,19000,19000,20000,20000,20000,20000,345,82,11000,11166.331272173811,1952.3425000006682,20271.2967999978,20484.85797101449
1781969306,5000,POST,/auth/login [setup],9.500000,4.000000,17000,17000,19000,20000,20000,21000,21000,21000,21000,21000,21000,167,40,14000,12843.499678443213,4056.311200001801,21035.05369999766,126.80838323353294
1781969306,5000,GET,/config,4.200000,0.000000,12000,12000,13000,13000,16000,16000,16000,16000,16000,16000,16000,58,0,10000,10205.38535862052,1952.3425000006682,16250.788899997133,28.0
1781969306,5000,POST,/predict/colleges [guest],0.200000,0.200000,18000,18000,18000,18000,18000,18000,18000,18000,18000,18000,18000,19,19,2100,4320.745789473126,1983.7504000024637,18430.37959999492,45.0
1781969306,5000,GET,/predict/colleges-list,6.400000,0.000000,12000,12000,13000,13000,13000,13000,13000,13000,13000,13000,13000,69,0,10000,10036.043836231464,2163.6379000046873,12593.522700000904,102062.0
1781969306,5000,POST,/predict/rank [guest],4.900000,2.200000,19000,21000,22000,22000,22000,22000,22000,22000,22000,22000,22000,69,41,18000,16217.112437681153,1961.7800999985775,21917.718400000012,77.08695652173913
1781969306,5000,,Aggregated,25.200000,6.400000,17000,18000,19000,20000,21000,22000,22000,22000,22000,22000,22000,382,100,11000,12121.305628272159,1952.3425000006682,21917.718400000012,18511.133507853403
1781969307,5000,POST,/auth/login [setup],9.400000,3.800000,17000,18000,20000,20000,20000,21000,22000,22000,22000,22000,22000,171,40,14000,13046.743064912385,4056.311200001801,21717.592799999693,127.73684210526316
1781969307,5000,GET,/config,1.800000,0.000000,12000,12000,13000,13000,16000,16000,16000,16000,16000,16000,16000,58,0,10000,10205.38535862052,1952.3425000006682,16250.788899997133,28.0
1781969307,5000,POST,/predict/colleges [guest],0.200000,0.200000,18000,18000,18000,18000,18000,18000,18000,18000,18000,18000,18000,19,19,2100,4320.745789473126,1983.7504000024637,18430.37959999492,45.0
1781969307,5000,GET,/predict/colleges-list,3.500000,0.000000,12000,12000,13000,13000,13000,13000,13000,13000,13000,13000,13000,69,0,10000,10036.043836231464,2163.6379000046873,12593.522700000904,102062.0
1781969307,5000,POST,/predict/rank [guest],4.900000,2.200000,21000,22000,22000,22000,23000,23000,23000,23000,23000,23000,23000,85,57,19000,17407.033278823572,1961.7800999985775,22960.40979999816,71.04705882352941
1781969307,5000,,Aggregated,19.800000,6.200000,18000,20000,21000,22000,22000,23000,23000,23000,23000,23000,23000,402,116,12000,12629.56327935316,1952.3425000006682,22960.40979999816,17593.62935323383
1781969308,5000,POST,/auth/login [setup],10.500000,3.600000,18000,20000,21000,21000,23000,23000,23000,23000,23000,23000,23000,186,40,14000,13845.920005914051,4056.311200001801,23300.53179999959,130.8763440860215
1781969308,5000,GET,/config,1.500000,0.000000,16000,16000,16000,16000,16000,16000,16000,16000,16000,16000,16000,58,0,10000,10205.38535862052,1952.3425000006682,16250.788899997133,28.0
1781969308,5000,POST,/predict/colleges [guest],0.200000,0.200000,18000,18000,18000,18000,18000,18000,18000,18000,18000,18000,18000,19,19,2100,4320.745789473126,1983.7504000024637,18430.37959999492,45.0
1781969308,5000,GET,/predict/colleges-list,2.600000,0.000000,12000,13000,13000,13000,13000,24000,24000,24000,24000,24000,24000,70,0,10000,10234.12943999959,2163.6379000046873,23902.03610000026,102062.0
1781969308,5000,POST,/predict/rank [guest],5.100000,2.700000,21000,22000,22000,22000,23000,23000,23000,23000,23000,23000,23000,88,60,19000,17610.69799090902,1961.7800999985775,23433.993199992983,70.1590909090909
1781969308,5000,,Aggregated,19.900000,6.500000,20000,21000,22000,22000,23000,23000,23000,23000,24000,24000,24000,421,119,12000,13100.898161282556,1952.3425000006682,23902.03610000026,17048.30403800475
1781969309,5000,POST,/auth/login [setup],9.800000,2.400000,20000,21000,22000,23000,23000,23000,24000,25000,25000,25000,25000,188,40,14000,13957.189985106488,4056.311200001801,24566.60670000565,131.25531914893617
1781969309,5000,GET,/config,1.000000,0.000000,16000,16000,16000,16000,16000,16000,16000,16000,16000,16000,16000,58,0,10000,10205.38535862052,1952.3425000006682,16250.788899997133,28.0
1781969309,5000,POST,/predict/colleges [guest],0.200000,0.200000,18000,18000,18000,18000,18000,18000,18000,18000,18000,18000,18000,19,19,2100,4320.745789473126,1983.7504000024637,18430.37959999492,45.0
1781969309,5000,GET,/predict/colleges-list,1.300000,0.000000,12000,13000,13000,13000,13000,24000,24000,24000,24000,24000,24000,70,0,10000,10234.12943999959,2163.6379000046873,23902.03610000026,102062.0
1781969309,5000,POST,/predict/rank [guest],5.600000,4.800000,22000,22000,22000,23000,23000,23000,23000,25000,25000,25000,25000,89,61,19000,17696.261712359516,1961.7800999985775,25225.869200003217,69.87640449438203
1781969309,5000,,Aggregated,17.900000,7.400000,20000,22000,22000,23000,23000,23000,24000,25000,25000,25000,25000,424,120,12000,13182.345733962184,1952.3425000006682,25225.869200003217,16928.57075471698
1781969310,5000,POST,/auth/login [setup],9.100000,1.500000,20000,21000,23000,23000,23000,25000,26000,26000,26000,26000,26000,193,40,14000,14263.527950777212,4056.311200001801,26084.261699994386,132.18134715025906
1781969310,5000,GET,/config,0.100000,0.000000,16000,16000,16000,16000,16000,16000,16000,16000,16000,16000,16000,58,0,10000,10205.38535862052,1952.3425000006682,16250.788899997133,28.0
1781969310,5000,POST,/predict/colleges [guest],0.100000,0.100000,18000,18000,18000,18000,18000,18000,18000,18000,18000,18000,18000,19,19,2100,4320.745789473126,1983.7504000024637,18430.37959999492,45.0
1781969310,5000,GET,/predict/colleges-list,0.000000,0.000000,12000,13000,13000,13000,13000,24000,24000,24000,24000,24000,24000,70,0,10000,10234.12943999959,2163.6379000046873,23902.03610000026,102062.0
1781969310,5000,POST,/predict/rank [guest],5.900000,5.800000,22000,22000,22000,23000,23000,23000,23000,25000,25000,25000,25000,89,61,19000,17696.261712359516,1961.7800999985775,25225.869200003217,69.87640449438203
1781969310,5000,,Aggregated,15.200000,7.400000,21000,22000,23000,23000,23000,25000,26000,26000,26000,26000,26000,429,120,12000,13329.19293356631,1952.3425000006682,26084.261699994386,16733.21445221445
1781969311,5000,POST,/auth/login [setup],8.900000,1.400000,20000,23000,23000,23000,26000,27000,27000,27000,27000,27000,27000,202,40,15000,14809.96986287134,4056.311200001801,26779.45350000664,133.72772277227722
1781969311,5000,GET,/config,0.100000,0.000000,16000,16000,16000,16000,16000,16000,16000,16000,16000,16000,16000,58,0,10000,10205.38535862052,1952.3425000006682,16250.788899997133,28.0
1781969311,5000,POST,/predict/colleges [guest],0.100000,0.100000,18000,18000,18000,18000,18000,18000,18000,18000,18000,18000,18000,19,19,2100,4320.745789473126,1983.7504000024637,18430.37959999492,45.0
1781969311,5000,GET,/predict/colleges-list,0.100000,0.000000,12000,13000,13000,13000,13000,24000,24000,24000,24000,24000,24000,70,0,10000,10234.12943999959,2163.6379000046873,23902.03610000026,102062.0
1781969311,5000,POST,/predict/rank [guest],5.900000,5.800000,22000,22000,22000,23000,23000,23000,23000,25000,25000,25000,25000,89,61,19000,17696.261712359516,1961.7800999985775,25225.869200003217,69.87640449438203
1781969311,5000,,Aggregated,15.100000,7.300000,21000,22000,23000,23000,25000,26000,27000,27000,27000,27000,27000,438,120,12000,13600.403621689396,1952.3425000006682,26779.45350000664,16392.810502283104
1781969312,5000,POST,/auth/login [setup],7.400000,0.300000,23000,26000,27000,27000,28000,28000,28000,28000,28000,28000,28000,221,40,15000,15911.300178733032,4056.311200001801,27985.0254999983,136.55656108597285
1781969312,5000,GET,/config,0.100000,0.000000,16000,16000,16000,16000,16000,16000,16000,16000,16000,16000,16000,58,0,10000,10205.38535862052,1952.3425000006682,16250.788899997133,28.0
1781969312,5000,POST,/predict/colleges [guest],0.100000,0.100000,18000,18000,18000,18000,18000,18000,18000,18000,18000,18000,18000,19,19,2100,4320.745789473126,1983.7504000024637,18430.37959999492,45.0
1781969312,5000,GET,/predict/colleges-list,0.100000,0.000000,24000,24000,24000,24000,24000,24000,24000,24000,24000,24000,24000,70,0,10000,10234.12943999959,2163.6379000046873,23902.03610000026,102062.0
1781969312,5000,POST,/predict/rank [guest],6.000000,5.900000,22000,22000,23000,23000,23000,23000,28000,28000,28000,28000,28000,90,62,19000,17812.810129999947,1961.7800999985775,28185.619299998507,69.6
1781969312,5000,,Aggregated,13.700000,6.300000,22000,23000,25000,26000,27000,28000,28000,28000,28000,28000,28000,458,121,12000,14213.855530130882,1952.3425000006682,28185.619299998507,15683.978165938865
1781969313,5000,POST,/auth/login [setup],7.600000,0.000000,23000,26000,27000,27000,28000,28000,28000,29000,29000,29000,29000,222,40,15000,15969.224045495519,4056.311200001801,28770.398600005137,136.6936936936937
1781969313,5000,GET,/config,0.000000,0.000000,16000,16000,16000,16000,16000,16000,16000,16000,16000,16000,16000,58,0,10000,10205.38535862052,1952.3425000006682,16250.788899997133,28.0
1781969313,5000,POST,/predict/colleges [guest],0.100000,0.100000,18000,18000,18000,18000,18000,18000,18000,18000,18000,18000,18000,19,19,2100,4320.745789473126,1983.7504000024637,18430.37959999492,45.0
1781969313,5000,GET,/predict/colleges-list,0.100000,0.000000,24000,24000,24000,24000,24000,24000,24000,24000,24000,24000,24000,70,0,10000,10234.12943999959,2163.6379000046873,23902.03610000026,102062.0
1781969313,5000,POST,/predict/rank [guest],6.000000,5.900000,22000,22000,23000,23000,23000,28000,29000,29000,29000,29000,29000,93,65,19000,18164.338593548415,1961.7800999985775,28894.468700003927,68.80645161290323
1781969313,5000,,Aggregated,13.800000,6.000000,23000,24000,26000,27000,28000,28000,29000,29000,29000,29000,29000,462,124,12000,14339.495257359215,1952.3425000006682,28894.468700003927,15548.839826839827
1781969314,5000,POST,/auth/login [setup],7.600000,0.000000,23000,27000,27000,27000,28000,28000,28000,29000,29000,29000,29000,222,40,15000,15969.224045495519,4056.311200001801,28770.398600005137,136.6936936936937
1781969314,5000,GET,/config,0.000000,0.000000,16000,16000,16000,16000,16000,16000,16000,16000,16000,16000,16000,58,0,10000,10205.38535862052,1952.3425000006682,16250.788899997133,28.0
1781969314,5000,POST,/predict/colleges [guest],0.100000,0.100000,18000,18000,18000,18000,18000,18000,18000,18000,18000,18000,18000,19,19,2100,4320.745789473126,1983.7504000024637,18430.37959999492,45.0
1781969314,5000,GET,/predict/colleges-list,0.100000,0.000000,24000,24000,24000,24000,24000,24000,24000,24000,24000,24000,24000,70,0,10000,10234.12943999959,2163.6379000046873,23902.03610000026,102062.0
1781969314,5000,POST,/predict/rank [guest],6.000000,5.900000,22000,23000,23000,23000,25000,28000,29000,29000,29000,29000,29000,93,65,19000,18164.338593548415,1961.7800999985775,28894.468700003927,68.80645161290323
1781969314,5000,,Aggregated,13.800000,6.000000,23000,24000,27000,27000,28000,28000,29000,29000,29000,29000,29000,462,124,12000,14339.495257359215,1952.3425000006682,28894.468700003927,15548.839826839827
1781969315,5000,POST,/auth/login [setup],7.600000,0.000000,26000,27000,27000,28000,28000,28000,28000,29000,29000,29000,29000,222,40,15000,15969.224045495519,4056.311200001801,28770.398600005137,136.6936936936937
1781969315,5000,GET,/config,0.000000,0.000000,16000,16000,16000,16000,16000,16000,16000,16000,16000,16000,16000,58,0,10000,10205.38535862052,1952.3425000006682,16250.788899997133,28.0
1781969315,5000,POST,/predict/colleges [guest],0.100000,0.100000,18000,18000,18000,18000,18000,18000,18000,18000,18000,18000,18000,19,19,2100,4320.745789473126,1983.7504000024637,18430.37959999492,45.0
1781969315,5000,GET,/predict/colleges-list,0.100000,0.000000,24000,24000,24000,24000,24000,24000,24000,24000,24000,24000,24000,70,0,10000,10234.12943999959,2163.6379000046873,23902.03610000026,102062.0
1781969315,5000,POST,/predict/rank [guest],6.000000,5.900000,22000,23000,23000,23000,28000,29000,29000,29000,29000,29000,29000,93,65,19000,18164.338593548415,1961.7800999985775,28894.468700003927,68.80645161290323
1781969315,5000,,Aggregated,13.800000,6.000000,23000,26000,27000,27000,28000,28000,29000,29000,29000,29000,29000,462,124,12000,14339.495257359215,1952.3425000006682,28894.468700003927,15548.839826839827
1781969316,5000,POST,/auth/login [setup],7.900000,0.000000,28000,31000,31000,31000,31000,31000,31000,31000,31000,31000,31000,258,40,17000,18104.79781085274,4056.311200001801,31303.271500000847,140.91472868217053
1781969316,5000,GET,/auth/me,0.000000,0.000000,0,0,0,0,0,0,0,0,0,0,0,1,0,27648.28789999592,27648.28789999592,27648.28789999592,27648.28789999592,330.0
1781969316,5000,GET,/config,0.000000,0.000000,16000,16000,16000,16000,16000,16000,16000,16000,16000,16000,16000,58,0,10000,10205.38535862052,1952.3425000006682,16250.788899997133,28.0
1781969316,5000,POST,/predict/colleges [guest],0.000000,0.000000,18000,18000,18000,18000,18000,18000,18000,18000,18000,18000,18000,19,19,2100,4320.745789473126,1983.7504000024637,18430.37959999492,45.0
1781969316,5000,GET,/predict/colleges-list,0.100000,0.000000,24000,24000,24000,24000,24000,24000,24000,24000,24000,24000,24000,70,0,10000,10234.12943999959,2163.6379000046873,23902.03610000026,102062.0
1781969316,5000,POST,/predict/rank [guest],4.200000,4.200000,23000,28000,29000,32000,32000,32000,32000,32000,32000,32000,32000,97,69,19000,18724.777959793857,1961.7800999985775,31853.86709999875,67.82474226804123
1781969316,5000,,Aggregated,12.200000,4.200000,28000,31000,31000,31000,31000,31000,32000,32000,32000,32000,32000,503,128,13000,15716.47150457247,1952.3425000006682,31853.86709999875,14294.401590457257
1781969317,5000,POST,/auth/login [setup],7.600000,0.000000,28000,31000,31000,31000,31000,31000,31000,33000,33000,33000,33000,259,40,17000,18161.589076834003,4056.311200001801,32813.735700001416,141.011583011583
1781969317,5000,GET,/auth/me,0.000000,0.000000,0,0,0,0,0,0,0,0,0,0,0,3,0,28000,28018.772533330775,27648.28789999592,28205.055400001584,330.3333333333333
1781969317,5000,GET,/config,0.000000,0.000000,16000,16000,16000,16000,16000,16000,16000,16000,16000,16000,16000,58,0,10000,10205.38535862052,1952.3425000006682,16250.788899997133,28.0
1781969317,5000,POST,/payment/create-order,0.000000,0.000000,0,0,0,0,0,0,0,0,0,0,0,1,0,28777.679999999236,28777.679999999236,28777.679999999236,28777.679999999236,173.0
1781969317,5000,POST,/predict/colleges [guest],0.000000,0.000000,18000,18000,18000,18000,18000,18000,18000,18000,18000,18000,18000,19,19,2100,4320.745789473126,1983.7504000024637,18430.37959999492,45.0
1781969317,5000,GET,/predict/colleges-list,0.100000,0.000000,24000,24000,24000,24000,24000,24000,24000,24000,24000,24000,24000,70,0,10000,10234.12943999959,2163.6379000046873,23902.03610000026,102062.0
1781969317,5000,POST,/predict/rank [guest],4.200000,4.200000,23000,28000,29000,32000,32000,32000,32000,32000,32000,32000,32000,97,69,19000,18724.777959793857,1961.7800999985775,31853.86709999875,67.82474226804123
1781969317,5000,,Aggregated,11.900000,4.200000,28000,31000,31000,31000,31000,31000,32000,32000,33000,33000,33000,507,128,14000,15825.216197633035,1952.3425000006682,32813.735700001416,14183.597633136094
1781969318,5000,POST,/auth/login [setup],6.500000,0.000000,31000,31000,31000,31000,31000,34000,34000,34000,34000,34000,34000,265,40,17000,18515.523007547188,4056.311200001801,34006.83389999904,141.6
1781969318,5000,GET,/auth/me,0.000000,0.000000,28000,28000,28000,28000,28000,28000,28000,28000,28000,28000,28000,3,0,28000,28018.772533330775,27648.28789999592,28205.055400001584,330.3333333333333
1781969318,5000,GET,/config,0.000000,0.000000,0,0,0,0,0,0,0,0,0,0,0,58,0,10000,10205.38535862052,1952.3425000006682,16250.788899997133,28.0
1781969318,5000,POST,/payment/create-order,0.000000,0.000000,0,0,0,0,0,0,0,0,0,0,0,4,0,29000,29163.12782499699,28777.679999999236,29484.245499996177,173.25
1781969318,5000,POST,/predict/colleges [guest],0.000000,0.000000,18000,18000,18000,18000,18000,18000,18000,18000,18000,18000,18000,19,19,2100,4320.745789473126,1983.7504000024637,18430.37959999492,45.0
1781969318,5000,GET,/predict/colleges-list,0.100000,0.000000,24000,24000,24000,24000,24000,24000,24000,24000,24000,24000,24000,70,0,10000,10234.12943999959,2163.6379000046873,23902.03610000026,102062.0
1781969318,5000,POST,/predict/rank [guest],3.700000,3.700000,29000,32000,32000,32000,32000,32000,32000,32000,32000,32000,32000,97,69,19000,18724.777959793857,1961.7800999985775,31853.86709999875,67.82474226804123
1781969318,5000,,Aggregated,10.300000,3.700000,29000,31000,31000,31000,32000,34000,34000,34000,34000,34000,34000,516,128,14000,16112.444708527006,1952.3425000006682,34006.83389999904,13939.158914728681
1781969319,5000,POST,/auth/login [setup],8.900000,0.000000,31000,31000,31000,31000,34000,35000,35000,35000,35000,35000,35000,275,40,18000,19102.19312763636,4056.311200001801,34937.76379999326,142.51272727272726
1781969319,5000,GET,/auth/me,0.100000,0.000000,28000,28000,28000,28000,28000,28000,28000,28000,28000,28000,28000,3,0,28000,28018.772533330775,27648.28789999592,28205.055400001584,330.3333333333333
1781969319,5000,GET,/config,0.000000,0.000000,0,0,0,0,0,0,0,0,0,0,0,58,0,10000,10205.38535862052,1952.3425000006682,16250.788899997133,28.0
1781969319,5000,POST,/payment/create-order,0.000000,0.000000,29000,29000,29000,29000,29000,29000,29000,29000,29000,29000,29000,4,0,29000,29163.12782499699,28777.679999999236,29484.245499996177,173.25
1781969319,5000,POST,/predict/colleges [guest],0.000000,0.000000,18000,18000,18000,18000,18000,18000,18000,18000,18000,18000,18000,19,19,2100,4320.745789473126,1983.7504000024637,18430.37959999492,45.0
1781969319,5000,GET,/predict/colleges-list,0.100000,0.000000,24000,24000,24000,24000,24000,24000,24000,24000,24000,24000,24000,70,0,10000,10234.12943999959,2163.6379000046873,23902.03610000026,102062.0
1781969319,5000,POST,/predict/rank [guest],2.000000,2.000000,32000,32000,32000,32000,35000,35000,35000,35000,35000,35000,35000,98,70,19000,18890.17285612254,1961.7800999985775,34933.477800004766,67.59183673469387
1781969319,5000,,Aggregated,11.100000,2.000000,31000,31000,31000,32000,34000,35000,35000,35000,35000,35000,35000,527,129,14000,16499.894611954333,1952.3425000006682,34937.76379999326,13651.457305502847
1781969320,5000,POST,/auth/login [setup],8.800000,0.000000,31000,31000,34000,34000,36000,36000,36000,36000,36000,36000,36000,284,40,18000,19632.936583098606,4056.311200001801,36092.665500000294,143.29225352112675
1781969320,5000,GET,/auth/me,0.300000,0.000000,28000,28000,28000,28000,28000,28000,28000,28000,28000,28000,28000,3,0,28000,28018.772533330775,27648.28789999592,28205.055400001584,330.3333333333333
1781969320,5000,GET,/config,0.000000,0.000000,0,0,0,0,0,0,0,0,0,0,0,58,0,10000,10205.38535862052,1952.3425000006682,16250.788899997133,28.0
1781969320,5000,POST,/payment/create-order,0.200000,0.000000,29000,29000,29000,29000,29000,29000,29000,29000,29000,29000,29000,4,0,29000,29163.12782499699,28777.679999999236,29484.245499996177,173.25
1781969320,5000,POST,/predict/colleges [guest],0.000000,0.000000,0,0,0,0,0,0,0,0,0,0,0,19,19,2100,4320.745789473126,1983.7504000024637,18430.37959999492,45.0
1781969320,5000,GET,/predict/colleges-list,0.100000,0.000000,24000,24000,24000,24000,24000,24000,24000,24000,24000,24000,24000,70,0,10000,10234.12943999959,2163.6379000046873,23902.03610000026,102062.0
1781969320,5000,POST,/predict/rank [guest],0.900000,0.900000,32000,32000,32000,32000,35000,35000,35000,35000,35000,35000,35000,98,70,19000,18890.17285612254,1961.7800999985775,34933.477800004766,67.59183673469387
1781969320,5000,,Aggregated,10.300000,0.900000,31000,31000,33000,34000,35000,36000,36000,36000,36000,36000,36000,536,129,14000,16824.804738805855,1952.3425000006682,36092.665500000294,13425.041044776119
1781969321,5000,POST,/auth/login [setup],8.000000,0.000000,31000,34000,35000,36000,37000,37000,37000,37000,37000,37000,37000,294,40,20000,20209.85430986395,4056.311200001801,36812.780499996734,144.09863945578232
1781969321,5000,GET,/auth/me,0.300000,0.000000,28000,28000,28000,28000,28000,28000,28000,28000,28000,28000,28000,3,0,28000,28018.772533330775,27648.28789999592,28205.055400001584,330.3333333333333
1781969321,5000,GET,/config,0.000000,0.000000,0,0,0,0,0,0,0,0,0,0,0,58,0,10000,10205.38535862052,1952.3425000006682,16250.788899997133,28.0
1781969321,5000,POST,/payment/create-order,0.400000,0.000000,29000,29000,29000,29000,29000,29000,29000,29000,29000,29000,29000,4,0,29000,29163.12782499699,28777.679999999236,29484.245499996177,173.25
1781969321,5000,POST,/predict/colleges [guest],0.000000,0.000000,0,0,0,0,0,0,0,0,0,0,0,19,19,2100,4320.745789473126,1983.7504000024637,18430.37959999492,45.0
1781969321,5000,GET,/predict/colleges-list,0.000000,0.000000,37000,37000,37000,37000,37000,37000,37000,37000,37000,37000,37000,71,0,10000,10611.249654929212,2163.6379000046873,37009.66470000276,102062.0
1781969321,5000,POST,/predict/rank [guest],0.900000,0.900000,32000,32000,32000,32000,35000,35000,35000,35000,35000,35000,35000,98,70,19000,18890.17285612254,1961.7800999985775,34933.477800004766,67.59183673469387
1781969321,5000,,Aggregated,9.600000,0.900000,31000,33000,35000,35000,36000,37000,37000,37000,37000,37000,37000,547,129,15000,17223.122819378314,1952.3425000006682,37009.66470000276,13344.705667276052
1781969322,5000,POST,/auth/login [setup],8.600000,0.000000,34000,36000,36000,37000,37000,38000,38000,38000,38000,38000,38000,304,40,20000,20777.955969407933,4056.311200001801,37674.86829999689,144.85197368421052
1781969322,5000,GET,/auth/me,0.300000,0.000000,28000,28000,28000,28000,28000,28000,28000,28000,28000,28000,28000,3,0,28000,28018.772533330775,27648.28789999592,28205.055400001584,330.3333333333333
1781969322,5000,GET,/config,0.000000,0.000000,0,0,0,0,0,0,0,0,0,0,0,58,0,10000,10205.38535862052,1952.3425000006682,16250.788899997133,28.0
1781969322,5000,POST,/payment/create-order,0.400000,0.000000,29000,29000,29000,29000,29000,29000,29000,29000,29000,29000,29000,4,0,29000,29163.12782499699,28777.679999999236,29484.245499996177,173.25
1781969322,5000,POST,/predict/colleges [guest],0.000000,0.000000,0,0,0,0,0,0,0,0,0,0,0,19,19,2100,4320.745789473126,1983.7504000024637,18430.37959999492,45.0
1781969322,5000,GET,/predict/colleges-list,0.000000,0.000000,37000,37000,37000,37000,37000,37000,37000,37000,37000,37000,37000,71,0,10000,10611.249654929212,2163.6379000046873,37009.66470000276,102062.0
1781969322,5000,POST,/predict/rank [guest],0.900000,0.900000,32000,32000,35000,35000,37000,37000,37000,37000,37000,37000,37000,99,71,19000,19077.420917171763,1961.7800999985775,37427.73089999537,67.36363636363636
1781969322,5000,,Aggregated,10.200000,0.900000,32000,35000,36000,37000,37000,38000,38000,38000,38000,38000,38000,558,130,15000,17622.360861469428,1952.3425000006682,37674.86829999689,13084.71146953405
1781969323,5000,POST,/auth/login [setup],9.000000,0.000000,35000,36000,37000,37000,38000,39000,39000,39000,39000,39000,39000,315,40,20000,21398.94801333339,4056.311200001801,38932.25099999836,145.61904761904762
1781969323,5000,GET,/auth/me,0.300000,0.000000,28000,28000,28000,28000,28000,28000,28000,28000,28000,28000,28000,3,0,28000,28018.772533330775,27648.28789999592,28205.055400001584,330.3333333333333
1781969323,5000,GET,/config,0.000000,0.000000,0,0,0,0,0,0,0,0,0,0,0,58,0,10000,10205.38535862052,1952.3425000006682,16250.788899997133,28.0
1781969323,5000,POST,/payment/create-order,0.400000,0.000000,29000,29000,29000,29000,29000,29000,29000,29000,29000,29000,29000,4,0,29000,29163.12782499699,28777.679999999236,29484.245499996177,173.25
1781969323,5000,POST,/predict/colleges [guest],0.000000,0.000000,0,0,0,0,0,0,0,0,0,0,0,19,19,2100,4320.745789473126,1983.7504000024637,18430.37959999492,45.0
1781969323,5000,GET,/predict/colleges-list,0.000000,0.000000,37000,37000,37000,37000,37000,37000,37000,37000,37000,37000,37000,71,0,10000,10611.249654929212,2163.6379000046873,37009.66470000276,102062.0
1781969323,5000,POST,/predict/rank [guest],0.900000,0.900000,32000,32000,35000,35000,37000,37000,37000,37000,37000,37000,37000,99,71,19000,19077.420917171763,1961.7800999985775,37427.73089999537,67.36363636363636
1781969323,5000,,Aggregated,10.600000,0.900000,34000,36000,37000,37000,38000,39000,39000,39000,39000,39000,39000,569,130,15000,18027.148278031542,1952.3425000006682,38932.25099999836,12834.980667838312
1781969324,5000,POST,/auth/login [setup],9.200000,0.000000,36000,37000,38000,39000,39000,40000,40000,40000,40000,40000,40000,333,40,21000,22378.860762462537,4056.311200001801,40055.63930000062,146.76276276276278
1781969324,5000,GET,/auth/me,0.300000,0.000000,28000,28000,28000,28000,28000,28000,28000,28000,28000,28000,28000,3,0,28000,28018.772533330775,27648.28789999592,28205.055400001584,330.3333333333333
1781969324,5000,GET,/config,0.000000,0.000000,0,0,0,0,0,0,0,0,0,0,0,58,0,10000,10205.38535862052,1952.3425000006682,16250.788899997133,28.0
1781969324,5000,POST,/payment/create-order,0.400000,0.000000,29000,29000,29000,29000,29000,29000,29000,29000,29000,29000,29000,4,0,29000,29163.12782499699,28777.679999999236,29484.245499996177,173.25
1781969324,5000,POST,/predict/colleges [guest],0.000000,0.000000,0,0,0,0,0,0,0,0,0,0,0,19,19,2100,4320.745789473126,1983.7504000024637,18430.37959999492,45.0
1781969324,5000,GET,/predict/colleges-list,0.100000,0.000000,37000,37000,37000,37000,37000,37000,37000,37000,37000,37000,37000,71,0,10000,10611.249654929212,2163.6379000046873,37009.66470000276,102062.0
1781969324,5000,POST,/predict/rank [guest],1.000000,1.000000,32000,35000,37000,37000,40000,40000,40000,40000,40000,40000,40000,100,71,19000,19287.33529500001,1961.7800999985775,40068.85869999678,67.92
1781969324,5000,,Aggregated,11.000000,1.000000,35000,37000,38000,39000,39000,40000,40000,40000,40000,40000,40000,588,130,17000,18722.80312687066,1952.3425000006682,40068.85869999678,12425.559523809523
1781969325,5000,POST,/auth/login [setup],8.300000,0.000000,37000,38000,39000,39000,40000,41000,41000,41000,41000,41000,41000,344,40,23000,22967.315877325647,4056.311200001801,41036.41290000087,147.40697674418604
1781969325,5000,GET,/auth/me,0.300000,0.000000,28000,28000,28000,28000,28000,28000,28000,28000,28000,28000,28000,3,0,28000,28018.772533330775,27648.28789999592,28205.055400001584,330.3333333333333
1781969325,5000,GET,/config,0.000000,0.000000,0,0,0,0,0,0,0,0,0,0,0,58,0,10000,10205.38535862052,1952.3425000006682,16250.788899997133,28.0
1781969325,5000,POST,/payment/create-order,0.400000,0.000000,29000,29000,29000,29000,29000,29000,29000,29000,29000,29000,29000,4,0,29000,29163.12782499699,28777.679999999236,29484.245499996177,173.25
1781969325,5000,POST,/predict/colleges [guest],0.000000,0.000000,0,0,0,0,0,0,0,0,0,0,0,19,19,2100,4320.745789473126,1983.7504000024637,18430.37959999492,45.0
1781969325,5000,GET,/predict/colleges-list,0.100000,0.000000,37000,37000,37000,37000,37000,37000,37000,37000,37000,37000,37000,71,0,10000,10611.249654929212,2163.6379000046873,37009.66470000276,102062.0
1781969325,5000,POST,/predict/rank [guest],0.800000,0.800000,32000,35000,37000,37000,40000,40000,40000,40000,40000,40000,40000,100,71,19000,19287.33529500001,1961.7800999985775,40068.85869999678,67.92
1781969325,5000,,Aggregated,9.900000,0.800000,36000,38000,39000,39000,40000,41000,41000,41000,41000,41000,41000,599,130,17000,19127.886922370526,1952.3425000006682,41036.41290000087,12200.442404006677
1781969326,5000,POST,/auth/login [setup],9.300000,0.000000,38000,39000,40000,40000,41000,41000,42000,42000,42000,42000,42000,347,40,23000,23127.83468155627,4056.311200001801,41653.563899999426,147.5792507204611
1781969326,5000,GET,/auth/me,0.300000,0.000000,28000,28000,28000,28000,28000,28000,28000,28000,28000,28000,28000,3,0,28000,28018.772533330775,27648.28789999592,28205.055400001584,330.3333333333333
1781969326,5000,GET,/config,0.000000,0.000000,0,0,0,0,0,0,0,0,0,0,0,58,0,10000,10205.38535862052,1952.3425000006682,16250.788899997133,28.0
1781969326,5000,POST,/payment/create-order,0.400000,0.000000,29000,29000,29000,29000,29000,29000,29000,29000,29000,29000,29000,4,0,29000,29163.12782499699,28777.679999999236,29484.245499996177,173.25
1781969326,5000,POST,/predict/colleges [guest],0.000000,0.000000,0,0,0,0,0,0,0,0,0,0,0,19,19,2100,4320.745789473126,1983.7504000024637,18430.37959999492,45.0
1781969326,5000,GET,/predict/colleges-list,0.100000,0.000000,41000,41000,42000,42000,42000,42000,42000,42000,42000,42000,42000,73,0,10000,11467.014224657116,2163.6379000046873,42284.461099996406,102062.0
1781969326,5000,POST,/predict/rank [guest],0.600000,0.600000,32000,35000,37000,37000,40000,40000,40000,40000,40000,40000,40000,100,71,19000,19287.33529500001,1961.7800999985775,40068.85869999678,67.92
1781969326,5000,,Aggregated,10.700000,0.600000,38000,39000,40000,40000,41000,41000,42000,42000,42000,42000,42000,604,130,17000,19314.403231953547,1952.3425000006682,42284.461099996406,12438.230132450331
1781969327,5000,POST,/auth/login [setup],11.100000,0.000000,38000,39000,40000,40000,41000,42000,43000,43000,43000,43000,43000,350,40,23000,23298.32068428579,4056.311200001801,43133.13050000579,147.74571428571429
1781969327,5000,GET,/auth/me,0.300000,0.000000,28000,28000,28000,28000,28000,28000,28000,28000,28000,28000,28000,3,0,28000,28018.772533330775,27648.28789999592,28205.055400001584,330.3333333333333
1781969327,5000,GET,/config,0.000000,0.000000,0,0,0,0,0,0,0,0,0,0,0,58,0,10000,10205.38535862052,1952.3425000006682,16250.788899997133,28.0
1781969327,5000,POST,/payment/create-order,0.400000,0.000000,29000,29000,29000,29000,29000,29000,29000,29000,29000,29000,29000,4,0,29000,29163.12782499699,28777.679999999236,29484.245499996177,173.25
1781969327,5000,POST,/predict/colleges [guest],0.000000,0.000000,0,0,0,0,0,0,0,0,0,0,0,19,19,2100,4320.745789473126,1983.7504000024637,18430.37959999492,45.0
1781969327,5000,GET,/predict/colleges-list,0.100000,0.000000,41000,41000,42000,42000,42000,42000,42000,42000,42000,42000,42000,73,0,10000,11467.014224657116,2163.6379000046873,42284.461099996406,102062.0
1781969327,5000,POST,/predict/rank [guest],0.700000,0.600000,37000,37000,40000,40000,40000,40000,40000,40000,40000,40000,40000,100,71,19000,19287.33529500001,1961.7800999985775,40068.85869999678,67.92
1781969327,5000,,Aggregated,12.600000,0.600000,38000,39000,40000,40000,41000,42000,43000,43000,43000,43000,43000,607,130,17000,19431.55380082363,1952.3425000006682,43133.13050000579,12377.58154859967
1781969328,5000,POST,/auth/login [setup],11.500000,0.000000,39000,40000,41000,41000,44000,44000,44000,44000,44000,44000,44000,362,40,23000,23981.649066022153,4056.311200001801,44199.58459999907,148.37845303867402
1781969328,5000,GET,/auth/me,0.300000,0.000000,28000,28000,28000,28000,28000,28000,28000,28000,28000,28000,28000,3,0,28000,28018.772533330775,27648.28789999592,28205.055400001584,330.3333333333333
1781969328,5000,GET,/config,0.000000,0.000000,0,0,0,0,0,0,0,0,0,0,0,58,0,10000,10205.38535862052,1952.3425000006682,16250.788899997133,28.0
1781969328,5000,POST,/payment/create-order,0.400000,0.000000,29000,29000,29000,29000,29000,29000,29000,29000,29000,29000,29000,4,0,29000,29163.12782499699,28777.679999999236,29484.245499996177,173.25
1781969328,5000,POST,/predict/colleges [guest],0.000000,0.000000,0,0,0,0,0,0,0,0,0,0,0,19,19,2100,4320.745789473126,1983.7504000024637,18430.37959999492,45.0
1781969328,5000,GET,/predict/colleges-list,0.100000,0.000000,41000,41000,42000,42000,42000,42000,42000,42000,42000,42000,42000,73,0,10000,11467.014224657116,2163.6379000046873,42284.461099996406,102062.0
1781969328,5000,POST,/predict/rank [guest],0.700000,0.600000,37000,37000,40000,40000,40000,40000,40000,40000,40000,40000,40000,100,71,19000,19287.33529500001,1961.7800999985775,40068.85869999678,67.92
1781969328,5000,,Aggregated,13.000000,0.600000,39000,40000,41000,41000,44000,44000,44000,44000,44000,44000,44000,619,130,17000,19906.13550807744,1952.3425000006682,44199.58459999907,12140.86268174475
1781969329,5000,POST,/auth/login [setup],8.900000,0.000000,40000,41000,43000,44000,45000,45000,45000,45000,45000,45000,45000,375,40,25000,24703.459854400062,4056.311200001801,45162.61469999881,149.016
1781969329,5000,GET,/auth/me,0.200000,0.000000,28000,28000,28000,28000,28000,28000,28000,28000,28000,28000,28000,3,0,28000,28018.772533330775,27648.28789999592,28205.055400001584,330.3333333333333
1781969329,5000,GET,/config,0.000000,0.000000,0,0,0,0,0,0,0,0,0,0,0,59,0,10000,10795.951340677782,1952.3425000006682,45048.77829999896,28.0
1781969329,5000,POST,/payment/create-order,0.400000,0.000000,29000,29000,29000,29000,29000,29000,29000,29000,29000,29000,29000,4,0,29000,29163.12782499699,28777.679999999236,29484.245499996177,173.25
1781969329,5000,POST,/predict/colleges [guest],0.000000,0.000000,0,0,0,0,0,0,0,0,0,0,0,19,19,2100,4320.745789473126,1983.7504000024637,18430.37959999492,45.0
1781969329,5000,GET,/predict/colleges-list,0.300000,0.000000,41000,41000,42000,42000,42000,42000,42000,42000,42000,42000,42000,73,0,10000,11467.014224657116,2163.6379000046873,42284.461099996406,102062.0
1781969329,5000,POST,/predict/rank [guest],0.300000,0.200000,40000,40000,45000,45000,45000,45000,45000,45000,45000,45000,45000,101,72,19000,19539.623049505,1961.7800999985775,44768.39850000397,67.6930693069307
1781969329,5000,,Aggregated,10.100000,0.200000,40000,41000,43000,44000,45000,45000,45000,45000,45000,45000,45000,634,131,18000,20495.513469716,1952.3425000006682,45162.61469999881,11857.152996845425
1781969330,5000,POST,/auth/login [setup],9.100000,0.000000,41000,43000,44000,45000,45000,46000,46000,46000,46000,46000,46000,385,40,26000,25253.444575584454,4056.311200001801,46159.32809999504,149.47532467532469
1781969330,5000,GET,/auth/me,0.000000,0.000000,28000,28000,28000,28000,28000,28000,28000,28000,28000,28000,28000,3,0,28000,28018.772533330775,27648.28789999592,28205.055400001584,330.3333333333333
1781969330,5000,GET,/config,0.000000,0.000000,45000,45000,45000,45000,45000,45000,45000,45000,45000,45000,45000,59,0,10000,10795.951340677782,1952.3425000006682,45048.77829999896,28.0
1781969330,5000,POST,/payment/create-order,0.200000,0.000000,29000,29000,29000,29000,29000,29000,29000,29000,29000,29000,29000,4,0,29000,29163.12782499699,28777.679999999236,29484.245499996177,173.25
1781969330,5000,POST,/predict/colleges [guest],0.000000,0.000000,0,0,0,0,0,0,0,0,0,0,0,19,19,2100,4320.745789473126,1983.7504000024637,18430.37959999492,45.0
1781969330,5000,GET,/predict/colleges-list,0.300000,0.000000,41000,41000,42000,42000,42000,42000,42000,42000,42000,42000,42000,73,0,10000,11467.014224657116,2163.6379000046873,42284.461099996406,102062.0
1781969330,5000,POST,/predict/rank [guest],0.300000,0.200000,40000,40000,45000,45000,45000,45000,45000,45000,45000,45000,45000,101,72,19000,19539.623049505,1961.7800999985775,44768.39850000397,67.6930693069307
1781969330,5000,,Aggregated,9.900000,0.200000,41000,43000,44000,45000,45000,46000,46000,46000,46000,46000,46000,644,131,18000,20889.649465838407,1952.3425000006682,46159.32809999504,11675.624223602485
1781969331,5000,POST,/auth/login [setup],9.600000,0.000000,41000,44000,45000,45000,46000,46000,47000,47000,47000,47000,47000,390,40,26000,25529.91325025648,4056.311200001801,47261.77070000267,149.6948717948718
1781969331,5000,GET,/auth/me,0.000000,0.000000,28000,28000,28000,28000,28000,28000,28000,28000,28000,28000,28000,3,0,28000,28018.772533330775,27648.28789999592,28205.055400001584,330.3333333333333
1781969331,5000,GET,/config,0.000000,0.000000,45000,45000,45000,45000,45000,45000,45000,45000,45000,45000,45000,59,0,10000,10795.951340677782,1952.3425000006682,45048.77829999896,28.0
1781969331,5000,POST,/payment/create-order,0.000000,0.000000,29000,29000,29000,29000,29000,29000,29000,29000,29000,29000,29000,4,0,29000,29163.12782499699,28777.679999999236,29484.245499996177,173.25
1781969331,5000,POST,/predict/colleges [guest],0.000000,0.000000,0,0,0,0,0,0,0,0,0,0,0,19,19,2100,4320.745789473126,1983.7504000024637,18430.37959999492,45.0
1781969331,5000,GET,/predict/colleges-list,0.300000,0.000000,41000,41000,42000,42000,42000,42000,42000,42000,42000,42000,42000,73,0,10000,11467.014224657116,2163.6379000046873,42284.461099996406,102062.0
1781969331,5000,POST,/predict/rank [guest],0.300000,0.200000,40000,40000,45000,45000,45000,45000,45000,45000,45000,45000,45000,101,72,19000,19539.623049505,1961.7800999985775,44768.39850000397,67.6930693069307
1781969331,5000,,Aggregated,10.200000,0.200000,41000,44000,45000,45000,46000,46000,47000,47000,47000,47000,47000,649,131,18000,21089.405642526883,1952.3425000006682,47261.77070000267,11586.95685670262
1781969332,5000,POST,/auth/login [setup],10.000000,0.000000,44000,45000,46000,46000,47000,48000,48000,48000,48000,48000,48000,402,40,27000,26187.241510696553,4056.311200001801,47958.288300003915,150.2089552238806
1781969332,5000,GET,/auth/me,0.000000,0.000000,28000,28000,28000,28000,28000,28000,28000,28000,28000,28000,28000,3,0,28000,28018.772533330775,27648.28789999592,28205.055400001584,330.3333333333333
1781969332,5000,GET,/config,0.100000,0.000000,45000,45000,45000,45000,45000,45000,45000,45000,45000,45000,45000,59,0,10000,10795.951340677782,1952.3425000006682,45048.77829999896,28.0
1781969332,5000,POST,/payment/create-order,0.000000,0.000000,29000,29000,29000,29000,29000,29000,29000,29000,29000,29000,29000,4,0,29000,29163.12782499699,28777.679999999236,29484.245499996177,173.25
1781969332,5000,POST,/predict/colleges [guest],0.000000,0.000000,0,0,0,0,0,0,0,0,0,0,0,19,19,2100,4320.745789473126,1983.7504000024637,18430.37959999492,45.0
1781969332,5000,GET,/predict/colleges-list,0.300000,0.000000,41000,41000,42000,42000,42000,42000,42000,42000,42000,42000,42000,73,0,10000,11467.014224657116,2163.6379000046873,42284.461099996406,102062.0
1781969332,5000,POST,/predict/rank [guest],0.300000,0.200000,45000,45000,45000,45000,45000,45000,45000,45000,45000,45000,45000,101,72,19000,19539.623049505,1961.7800999985775,44768.39850000397,67.6930693069307
1781969332,5000,,Aggregated,10.700000,0.200000,44000,45000,45000,46000,47000,48000,48000,48000,48000,48000,48000,661,131,19000,21569.78696172456,1952.3425000006682,47958.288300003915,11379.63388804841
1781969334,5000,POST,/auth/login [setup],10.100000,0.000000,45000,46000,47000,47000,48000,49000,49000,49000,49000,49000,49000,411,40,27000,26673.608100243357,4056.311200001801,48936.233899999934,150.57177615571777
1781969334,5000,GET,/auth/me,0.000000,0.000000,28000,28000,28000,28000,28000,28000,28000,28000,28000,28000,28000,3,0,28000,28018.772533330775,27648.28789999592,28205.055400001584,330.3333333333333
1781969334,5000,GET,/config,0.100000,0.000000,45000,45000,45000,45000,45000,45000,45000,45000,45000,45000,45000,59,0,10000,10795.951340677782,1952.3425000006682,45048.77829999896,28.0
1781969334,5000,POST,/payment/create-order,0.000000,0.000000,29000,29000,29000,29000,29000,29000,29000,29000,29000,29000,29000,4,0,29000,29163.12782499699,28777.679999999236,29484.245499996177,173.25
1781969334,5000,POST,/predict/colleges [guest],0.000000,0.000000,0,0,0,0,0,0,0,0,0,0,0,19,19,2100,4320.745789473126,1983.7504000024637,18430.37959999492,45.0
1781969334,5000,GET,/predict/colleges-list,0.300000,0.000000,42000,42000,42000,42000,42000,42000,42000,42000,42000,42000,42000,73,0,10000,11467.014224657116,2163.6379000046873,42284.461099996406,102062.0
1781969334,5000,POST,/predict/rank [guest],0.300000,0.200000,45000,45000,45000,45000,45000,45000,45000,45000,45000,45000,45000,101,72,19000,19539.623049505,1961.7800999985775,44768.39850000397,67.6930693069307
1781969334,5000,,Aggregated,10.800000,0.200000,45000,46000,47000,47000,48000,49000,49000,49000,49000,49000,49000,670,131,19000,21930.16570686558,1952.3425000006682,48936.233899999934,11229.013432835822
1781969335,5000,POST,/auth/login [setup],9.400000,0.000000,46000,47000,48000,48000,49000,50000,50000,50000,50000,50000,50000,420,40,27000,27163.887010714298,4056.311200001801,50174.30830000376,150.92142857142858
1781969335,5000,GET,/auth/me,0.000000,0.000000,0,0,0,0,0,0,0,0,0,0,0,3,0,28000,28018.772533330775,27648.28789999592,28205.055400001584,330.3333333333333
1781969335,5000,GET,/config,0.100000,0.000000,45000,45000,45000,45000,45000,45000,45000,45000,45000,45000,45000,59,0,10000,10795.951340677782,1952.3425000006682,45048.77829999896,28.0
1781969335,5000,POST,/payment/create-order,0.000000,0.000000,29000,29000,29000,29000,29000,29000,29000,29000,29000,29000,29000,4,0,29000,29163.12782499699,28777.679999999236,29484.245499996177,173.25
1781969335,5000,POST,/predict/colleges [guest],0.000000,0.000000,0,0,0,0,0,0,0,0,0,0,0,19,19,2100,4320.745789473126,1983.7504000024637,18430.37959999492,45.0
1781969335,5000,GET,/predict/colleges-list,0.200000,0.000000,42000,42000,42000,42000,42000,42000,42000,42000,42000,42000,42000,73,0,10000,11467.014224657116,2163.6379000046873,42284.461099996406,102062.0
1781969335,5000,POST,/predict/rank [guest],0.200000,0.100000,45000,45000,45000,45000,45000,45000,45000,45000,45000,45000,45000,101,72,19000,19539.623049505,1961.7800999985775,44768.39850000397,67.6930693069307
1781969335,5000,,Aggregated,9.900000,0.100000,46000,47000,48000,48000,49000,50000,50000,50000,50000,50000,50000,679,131,19000,22296.304328276765,1952.3425000006682,50174.30830000376,11082.38733431517
1781969336,5000,POST,/auth/login [setup],9.800000,0.000000,47000,48000,49000,49000,50000,51000,51000,51000,51000,51000,51000,431,40,28000,27760.130322041754,4056.311200001801,51022.03120000195,151.32482598607888
1781969336,5000,GET,/auth/me,0.000000,0.000000,0,0,0,0,0,0,0,0,0,0,0,3,0,28000,28018.772533330775,27648.28789999592,28205.055400001584,330.3333333333333
1781969336,5000,GET,/config,0.100000,0.000000,45000,45000,45000,45000,45000,45000,45000,45000,45000,45000,45000,59,0,10000,10795.951340677782,1952.3425000006682,45048.77829999896,28.0
1781969336,5000,POST,/payment/create-order,0.000000,0.000000,0,0,0,0,0,0,0,0,0,0,0,4,0,29000,29163.12782499699,28777.679999999236,29484.245499996177,173.25
1781969336,5000,POST,/predict/colleges [guest],0.000000,0.000000,0,0,0,0,0,0,0,0,0,0,0,19,19,2100,4320.745789473126,1983.7504000024637,18430.37959999492,45.0
1781969336,5000,GET,/predict/colleges-list,0.200000,0.000000,42000,42000,42000,42000,42000,42000,42000,42000,42000,42000,42000,73,0,10000,11467.014224657116,2163.6379000046873,42284.461099996406,102062.0
1781969336,5000,POST,/predict/rank [guest],0.200000,0.100000,45000,45000,45000,45000,45000,45000,45000,45000,45000,45000,45000,101,72,19000,19539.623049505,1961.7800999985775,44768.39850000397,67.6930693069307
1781969336,5000,,Aggregated,10.300000,0.100000,47000,48000,49000,49000,50000,51000,51000,51000,51000,51000,51000,690,131,20000,22746.33951188394,1952.3425000006682,51022.03120000195,10908.369565217392
1781969337,5000,POST,/auth/login [setup],9.600000,0.000000,47000,49000,50000,50000,51000,51000,52000,52000,52000,52000,52000,441,40,28000,28299.68941927441,4056.311200001801,52016.561100004765,151.68027210884352
1781969337,5000,GET,/auth/me,0.000000,0.000000,0,0,0,0,0,0,0,0,0,0,0,3,0,28000,28018.772533330775,27648.28789999592,28205.055400001584,330.3333333333333
1781969337,5000,GET,/config,0.100000,0.000000,45000,45000,45000,45000,45000,45000,45000,45000,45000,45000,45000,59,0,10000,10795.951340677782,1952.3425000006682,45048.77829999896,28.0
1781969337,5000,POST,/payment/create-order,0.000000,0.000000,0,0,0,0,0,0,0,0,0,0,0,4,0,29000,29163.12782499699,28777.679999999236,29484.245499996177,173.25
1781969337,5000,POST,/predict/colleges [guest],0.000000,0.000000,0,0,0,0,0,0,0,0,0,0,0,19,19,2100,4320.745789473126,1983.7504000024637,18430.37959999492,45.0
1781969337,5000,GET,/predict/colleges-list,0.200000,0.000000,42000,42000,42000,42000,42000,42000,42000,42000,42000,42000,42000,73,0,10000,11467.014224657116,2163.6379000046873,42284.461099996406,102062.0
1781969337,5000,POST,/predict/rank [guest],0.200000,0.100000,45000,45000,45000,45000,45000,45000,45000,45000,45000,45000,45000,101,72,19000,19539.623049505,1961.7800999985775,44768.39850000397,67.6930693069307
1781969337,5000,,Aggregated,10.100000,0.100000,47000,49000,50000,50000,51000,51000,52000,52000,52000,52000,52000,700,131,20000,23157.887326142765,1952.3425000006682,52016.561100004765,10754.921428571428
1781969338,5000,POST,/auth/login [setup],8.700000,0.000000,48000,50000,50000,51000,51000,52000,53000,53000,53000,53000,53000,445,40,31000,28520.298941123627,4056.311200001801,53098.29940000054,151.81573033707866
1781969338,5000,GET,/auth/me,0.000000,0.000000,0,0,0,0,0,0,0,0,0,0,0,3,0,28000,28018.772533330775,27648.28789999592,28205.055400001584,330.3333333333333
1781969338,5000,GET,/config,0.100000,0.000000,45000,45000,45000,45000,45000,45000,45000,45000,45000,45000,45000,59,0,10000,10795.951340677782,1952.3425000006682,45048.77829999896,28.0
1781969338,5000,POST,/payment/create-order,0.000000,0.000000,0,0,0,0,0,0,0,0,0,0,0,4,0,29000,29163.12782499699,28777.679999999236,29484.245499996177,173.25
1781969338,5000,POST,/predict/colleges [guest],0.000000,0.000000,0,0,0,0,0,0,0,0,0,0,0,19,19,2100,4320.745789473126,1983.7504000024637,18430.37959999492,45.0
1781969338,5000,GET,/predict/colleges-list,0.200000,0.000000,42000,42000,42000,42000,42000,42000,42000,42000,42000,42000,42000,73,0,10000,11467.014224657116,2163.6379000046873,42284.461099996406,102062.0
1781969338,5000,POST,/predict/rank [guest],0.100000,0.100000,45000,45000,45000,45000,45000,45000,45000,45000,45000,45000,45000,101,72,19000,19539.623049505,1961.7800999985775,44768.39850000397,67.6930693069307
1781969338,5000,,Aggregated,9.100000,0.100000,48000,50000,50000,51000,51000,52000,53000,53000,53000,53000,53000,704,131,20000,23326.549890909,1952.3425000006682,53098.29940000054,10694.761363636364
1781969339,5000,POST,/auth/login [setup],8.700000,0.000000,50000,51000,52000,53000,54000,54000,54000,54000,54000,54000,54000,459,40,31000,29289.839632461917,4056.311200001801,54184.72959999781,152.27450980392157
1781969339,5000,GET,/auth/me,0.000000,0.000000,0,0,0,0,0,0,0,0,0,0,0,3,0,28000,28018.772533330775,27648.28789999592,28205.055400001584,330.3333333333333
1781969339,5000,GET,/config,0.100000,0.000000,45000,45000,45000,45000,45000,45000,45000,45000,45000,45000,45000,59,0,10000,10795.951340677782,1952.3425000006682,45048.77829999896,28.0
1781969339,5000,POST,/payment/create-order,0.000000,0.000000,0,0,0,0,0,0,0,0,0,0,0,4,0,29000,29163.12782499699,28777.679999999236,29484.245499996177,173.25
1781969339,5000,POST,/predict/colleges [guest],0.000000,0.000000,0,0,0,0,0,0,0,0,0,0,0,19,19,2100,4320.745789473126,1983.7504000024637,18430.37959999492,45.0
1781969339,5000,GET,/predict/colleges-list,0.200000,0.000000,42000,42000,42000,42000,42000,42000,42000,42000,42000,42000,42000,73,0,10000,11467.014224657116,2163.6379000046873,42284.461099996406,102062.0
1781969339,5000,POST,/predict/rank [guest],0.100000,0.100000,45000,45000,45000,45000,45000,45000,45000,45000,45000,45000,45000,101,72,19000,19539.623049505,1961.7800999985775,44768.39850000397,67.6930693069307
1781969339,5000,,Aggregated,9.100000,0.100000,50000,51000,52000,53000,54000,54000,54000,54000,54000,54000,54000,718,131,20000,23919.769478690734,1952.3425000006682,54184.72959999781,10489.481894150418
1781969340,5000,POST,/auth/login [setup],9.400000,0.000000,51000,52000,54000,54000,54000,54000,55000,55000,55000,55000,55000,469,40,31000,29826.956359914715,4056.311200001801,54990.44660000072,152.58848614072494
1781969340,5000,GET,/auth/me,0.000000,0.000000,0,0,0,0,0,0,0,0,0,0,0,3,0,28000,28018.772533330775,27648.28789999592,28205.055400001584,330.3333333333333
1781969340,5000,GET,/config,0.100000,0.000000,45000,45000,45000,45000,45000,45000,45000,45000,45000,45000,45000,59,0,10000,10795.951340677782,1952.3425000006682,45048.77829999896,28.0
1781969340,5000,POST,/payment/create-order,0.000000,0.000000,0,0,0,0,0,0,0,0,0,0,0,4,0,29000,29163.12782499699,28777.679999999236,29484.245499996177,173.25
1781969340,5000,POST,/predict/colleges [guest],0.000000,0.000000,0,0,0,0,0,0,0,0,0,0,0,19,19,2100,4320.745789473126,1983.7504000024637,18430.37959999492,45.0
1781969340,5000,GET,/predict/colleges-list,0.000000,0.000000,42000,42000,42000,42000,42000,42000,42000,42000,42000,42000,42000,73,0,10000,11467.014224657116,2163.6379000046873,42284.461099996406,102062.0
1781969340,5000,POST,/predict/rank [guest],0.100000,0.100000,45000,45000,45000,45000,45000,45000,45000,45000,45000,45000,45000,101,72,19000,19539.623049505,1961.7800999985775,44768.39850000397,67.6930693069307
1781969340,5000,,Aggregated,9.600000,0.100000,51000,52000,54000,54000,54000,54000,55000,55000,55000,55000,55000,728,131,21000,24339.561301098805,1952.3425000006682,54990.44660000072,10347.689560439561
1781969341,5000,POST,/auth/login [setup],9.500000,0.000000,51000,54000,54000,54000,55000,56000,56000,56000,56000,56000,56000,481,40,31000,30469.83977068604,4056.311200001801,56196.32479999564,152.94386694386694
1781969341,5000,GET,/auth/me,0.000000,0.000000,0,0,0,0,0,0,0,0,0,0,0,3,0,28000,28018.772533330775,27648.28789999592,28205.055400001584,330.3333333333333
1781969341,5000,GET,/config,0.100000,0.000000,45000,45000,45000,45000,45000,45000,45000,45000,45000,45000,45000,59,0,10000,10795.951340677782,1952.3425000006682,45048.77829999896,28.0
1781969341,5000,POST,/payment/create-order,0.000000,0.000000,0,0,0,0,0,0,0,0,0,0,0,4,0,29000,29163.12782499699,28777.679999999236,29484.245499996177,173.25
1781969341,5000,POST,/predict/colleges [guest],0.000000,0.000000,0,0,0,0,0,0,0,0,0,0,0,19,19,2100,4320.745789473126,1983.7504000024637,18430.37959999492,45.0
1781969341,5000,GET,/predict/colleges-list,0.000000,0.000000,42000,42000,42000,42000,42000,42000,42000,42000,42000,42000,42000,73,0,10000,11467.014224657116,2163.6379000046873,42284.461099996406,102062.0
1781969341,5000,POST,/predict/rank [guest],0.100000,0.100000,45000,45000,45000,45000,45000,45000,45000,45000,45000,45000,45000,101,72,19000,19539.623049505,1961.7800999985775,44768.39850000397,67.6930693069307
1781969341,5000,,Aggregated,9.700000,0.100000,51000,54000,54000,54000,55000,56000,56000,56000,56000,56000,56000,740,131,21000,24846.42030283772,1952.3425000006682,56196.32479999564,10182.594594594595
1781969342,5000,POST,/auth/login [setup],9.700000,0.000000,53000,54000,54000,55000,56000,57000,57000,57000,57000,57000,57000,487,40,31000,30794.713389938366,4056.311200001801,57241.13639999996,153.12114989733058
1781969342,5000,GET,/auth/me,0.000000,0.000000,0,0,0,0,0,0,0,0,0,0,0,3,0,28000,28018.772533330775,27648.28789999592,28205.055400001584,330.3333333333333
1781969342,5000,GET,/config,0.100000,0.000000,45000,45000,45000,45000,45000,45000,45000,45000,45000,45000,45000,59,0,10000,10795.951340677782,1952.3425000006682,45048.77829999896,28.0
1781969342,5000,POST,/payment/create-order,0.000000,0.000000,0,0,0,0,0,0,0,0,0,0,0,4,0,29000,29163.12782499699,28777.679999999236,29484.245499996177,173.25
1781969342,5000,POST,/predict/colleges [guest],0.000000,0.000000,0,0,0,0,0,0,0,0,0,0,0,19,19,2100,4320.745789473126,1983.7504000024637,18430.37959999492,45.0
1781969342,5000,GET,/predict/colleges-list,0.000000,0.000000,42000,42000,42000,42000,42000,42000,42000,42000,42000,42000,42000,73,0,10000,11467.014224657116,2163.6379000046873,42284.461099996406,102062.0
1781969342,5000,POST,/predict/rank [guest],0.100000,0.100000,45000,45000,45000,45000,45000,45000,45000,45000,45000,45000,45000,101,72,19000,19539.623049505,1961.7800999985775,44768.39850000397,67.6930693069307
1781969342,5000,,Aggregated,9.900000,0.100000,53000,54000,54000,55000,56000,57000,57000,57000,57000,57000,57000,746,131,22000,25103.731253753234,1952.3425000006682,57241.13639999996,10102.042895442359
1781969343,5000,POST,/auth/login [setup],9.400000,0.000000,54000,54000,55000,56000,57000,58000,58000,58000,58000,58000,58000,493,40,31000,31120.437815010115,4056.311200001801,57738.00090000441,153.28194726166328
1781969343,5000,GET,/auth/me,0.000000,0.000000,0,0,0,0,0,0,0,0,0,0,0,3,0,28000,28018.772533330775,27648.28789999592,28205.055400001584,330.3333333333333
1781969343,5000,GET,/config,0.000000,0.000000,45000,45000,45000,45000,45000,45000,45000,45000,45000,45000,45000,59,0,10000,10795.951340677782,1952.3425000006682,45048.77829999896,28.0
1781969343,5000,POST,/payment/create-order,0.000000,0.000000,0,0,0,0,0,0,0,0,0,0,0,4,0,29000,29163.12782499699,28777.679999999236,29484.245499996177,173.25
1781969343,5000,POST,/predict/colleges [guest],0.000000,0.000000,0,0,0,0,0,0,0,0,0,0,0,19,19,2100,4320.745789473126,1983.7504000024637,18430.37959999492,45.0
1781969343,5000,GET,/predict/colleges-list,0.000000,0.000000,42000,42000,42000,42000,42000,42000,42000,42000,42000,42000,42000,73,0,10000,11467.014224657116,2163.6379000046873,42284.461099996406,102062.0
1781969343,5000,POST,/predict/rank [guest],0.000000,0.000000,45000,45000,45000,45000,45000,45000,45000,45000,45000,45000,45000,101,72,19000,19539.623049505,1961.7800999985775,44768.39850000397,67.6930693069307
1781969343,5000,,Aggregated,9.400000,0.000000,54000,54000,55000,56000,57000,58000,58000,58000,58000,58000,58000,752,131,22000,25362.678107978612,1952.3425000006682,57738.00090000441,10022.768617021276
1781969344,5000,POST,/auth/login [setup],9.600000,0.000000,54000,56000,57000,57000,58000,59000,59000,59000,59000,59000,59000,504,40,31000,31720.56403273805,4056.311200001801,59197.24850000057,153.58134920634922
1781969344,5000,GET,/auth/me,0.000000,0.000000,0,0,0,0,0,0,0,0,0,0,0,3,0,28000,28018.772533330775,27648.28789999592,28205.055400001584,330.3333333333333
1781969344,5000,GET,/config,0.000000,0.000000,45000,45000,45000,45000,45000,45000,45000,45000,45000,45000,45000,59,0,10000,10795.951340677782,1952.3425000006682,45048.77829999896,28.0
1781969344,5000,POST,/payment/create-order,0.000000,0.000000,0,0,0,0,0,0,0,0,0,0,0,4,0,29000,29163.12782499699,28777.679999999236,29484.245499996177,173.25
1781969344,5000,POST,/predict/colleges [guest],0.000000,0.000000,0,0,0,0,0,0,0,0,0,0,0,19,19,2100,4320.745789473126,1983.7504000024637,18430.37959999492,45.0
1781969344,5000,GET,/predict/colleges-list,0.000000,0.000000,0,0,0,0,0,0,0,0,0,0,0,73,0,10000,11467.014224657116,2163.6379000046873,42284.461099996406,102062.0
1781969344,5000,POST,/predict/rank [guest],0.000000,0.000000,45000,45000,45000,45000,45000,45000,45000,45000,45000,45000,45000,101,72,19000,19539.623049505,1961.7800999985775,44768.39850000397,67.6930693069307
1781969344,5000,,Aggregated,9.600000,0.000000,54000,56000,57000,57000,58000,59000,59000,59000,59000,59000,59000,763,131,22000,25842.10008768009,1952.3425000006682,59197.24850000057,9880.680209698558
1781969345,5000,POST,/auth/login [setup],9.700000,0.000000,55000,57000,58000,59000,59000,60000,60000,60000,60000,60000,60000,515,40,31000,32314.45187203879,4056.311200001801,60200.50590000028,153.8621359223301
1781969345,5000,GET,/auth/me,0.000000,0.000000,0,0,0,0,0,0,0,0,0,0,0,3,0,28000,28018.772533330775,27648.28789999592,28205.055400001584,330.3333333333333
1781969345,5000,GET,/config,0.000000,0.000000,45000,45000,45000,45000,45000,45000,45000,45000,45000,45000,45000,59,0,10000,10795.951340677782,1952.3425000006682,45048.77829999896,28.0
1781969345,5000,POST,/payment/create-order,0.000000,0.000000,0,0,0,0,0,0,0,0,0,0,0,4,0,29000,29163.12782499699,28777.679999999236,29484.245499996177,173.25
1781969345,5000,POST,/predict/colleges [guest],0.000000,0.000000,0,0,0,0,0,0,0,0,0,0,0,19,19,2100,4320.745789473126,1983.7504000024637,18430.37959999492,45.0
1781969345,5000,GET,/predict/colleges-list,0.000000,0.000000,0,0,0,0,0,0,0,0,0,0,0,73,0,10000,11467.014224657116,2163.6379000046873,42284.461099996406,102062.0
1781969345,5000,POST,/predict/rank [guest],0.000000,0.000000,45000,45000,45000,45000,45000,45000,45000,45000,45000,45000,45000,101,72,19000,19539.623049505,1961.7800999985775,44768.39850000397,67.6930693069307
1781969345,5000,,Aggregated,9.700000,0.000000,55000,57000,58000,59000,59000,60000,60000,60000,60000,60000,60000,774,131,22000,26320.80207816526,1952.3425000006682,60200.50590000028,9742.62661498708
1781969346,5000,POST,/auth/login [setup],9.100000,0.000000,57000,58000,59000,59000,60000,61000,61000,61000,61000,61000,61000,523,40,34000,32748.15340592732,4056.311200001801,61002.734300003794,154.05927342256214
1781969346,5000,GET,/auth/me,0.000000,0.000000,0,0,0,0,0,0,0,0,0,0,0,3,0,28000,28018.772533330775,27648.28789999592,28205.055400001584,330.3333333333333
1781969346,5000,GET,/config,0.000000,0.000000,45000,45000,45000,45000,45000,45000,45000,45000,45000,45000,45000,59,0,10000,10795.951340677782,1952.3425000006682,45048.77829999896,28.0
1781969346,5000,POST,/payment/create-order,0.000000,0.000000,0,0,0,0,0,0,0,0,0,0,0,4,0,29000,29163.12782499699,28777.679999999236,29484.245499996177,173.25
1781969346,5000,POST,/predict/colleges [guest],0.000000,0.000000,0,0,0,0,0,0,0,0,0,0,0,19,19,2100,4320.745789473126,1983.7504000024637,18430.37959999492,45.0
1781969346,5000,GET,/predict/colleges-list,0.000000,0.000000,0,0,0,0,0,0,0,0,0,0,0,73,0,10000,11467.014224657116,2163.6379000046873,42284.461099996406,102062.0
1781969346,5000,POST,/predict/rank [guest],0.000000,0.000000,45000,45000,45000,45000,45000,45000,45000,45000,45000,45000,45000,101,72,19000,19539.623049505,1961.7800999985775,44768.39850000397,67.6930693069307
1781969346,5000,,Aggregated,9.100000,0.000000,57000,58000,59000,59000,60000,61000,61000,61000,61000,61000,61000,782,131,22000,26672.176887084293,1952.3425000006682,61002.734300003794,9644.66368286445
1781969347,5000,POST,/auth/login [setup],9.300000,0.000000,58000,59000,60000,60000,61000,62000,62000,62000,62000,62000,62000,532,40,34000,33239.06954417294,4056.311200001801,62232.83090000041,154.27443609022558
1781969347,5000,GET,/auth/me,0.000000,0.000000,0,0,0,0,0,0,0,0,0,0,0,3,0,28000,28018.772533330775,27648.28789999592,28205.055400001584,330.3333333333333
1781969347,5000,GET,/config,0.000000,0.000000,0,0,0,0,0,0,0,0,0,0,0,59,0,10000,10795.951340677782,1952.3425000006682,45048.77829999896,28.0
1781969347,5000,POST,/payment/create-order,0.000000,0.000000,0,0,0,0,0,0,0,0,0,0,0,4,0,29000,29163.12782499699,28777.679999999236,29484.245499996177,173.25
1781969347,5000,POST,/predict/colleges [guest],0.000000,0.000000,0,0,0,0,0,0,0,0,0,0,0,19,19,2100,4320.745789473126,1983.7504000024637,18430.37959999492,45.0
1781969347,5000,GET,/predict/colleges-list,0.000000,0.000000,0,0,0,0,0,0,0,0,0,0,0,73,0,10000,11467.014224657116,2163.6379000046873,42284.461099996406,102062.0
1781969347,5000,POST,/predict/rank [guest],0.000000,0.000000,62000,62000,62000,62000,62000,62000,62000,62000,62000,62000,62000,102,73,19000,19951.896549019602,1961.7800999985775,61591.51999999449,67.47058823529412
1781969347,5000,,Aggregated,9.300000,0.000000,58000,59000,60000,60000,61000,62000,62000,62000,62000,62000,62000,792,132,23000,27115.068954419105,1952.3425000006682,62232.83090000041,9524.839646464647
1781969348,5000,POST,/auth/login [setup],9.500000,0.000000,59000,61000,61000,62000,63000,63000,63000,63000,63000,63000,63000,547,40,35000,34052.99319031079,4056.311200001801,63259.24690000102,154.62340036563072
1781969348,5000,GET,/auth/me,0.000000,0.000000,0,0,0,0,0,0,0,0,0,0,0,3,0,28000,28018.772533330775,27648.28789999592,28205.055400001584,330.3333333333333
1781969348,5000,POST,/auth/update-profile,0.000000,0.000000,0,0,0,0,0,0,0,0,0,0,0,1,0,58464.32890000142,58464.32890000142,58464.32890000142,58464.32890000142,72.0
1781969348,5000,GET,/config,0.000000,0.000000,0,0,0,0,0,0,0,0,0,0,0,59,0,10000,10795.951340677782,1952.3425000006682,45048.77829999896,28.0
1781969348,5000,POST,/payment/create-order,0.000000,0.000000,0,0,0,0,0,0,0,0,0,0,0,4,0,29000,29163.12782499699,28777.679999999236,29484.245499996177,173.25
1781969348,5000,POST,/predict/colleges [guest],0.000000,0.000000,0,0,0,0,0,0,0,0,0,0,0,19,19,2100,4320.745789473126,1983.7504000024637,18430.37959999492,45.0
1781969348,5000,GET,/predict/colleges-list,0.000000,0.000000,0,0,0,0,0,0,0,0,0,0,0,73,0,10000,11467.014224657116,2163.6379000046873,42284.461099996406,102062.0
1781969348,5000,POST,/predict/rank [guest],0.000000,0.000000,63000,63000,63000,63000,63000,63000,63000,63000,63000,63000,63000,103,74,21000,20372.165789320363,1961.7800999985775,63239.628299998,67.25242718446601
1781969348,5000,,Aggregated,9.500000,0.000000,59000,61000,61000,62000,63000,63000,63000,63000,63000,63000,63000,809,133,23000,27862.34962509262,1952.3425000006682,63259.24690000102,9327.92954264524
1781969349,5000,POST,/auth/login [setup],9.200000,0.000000,60000,61000,62000,63000,63000,63000,64000,64000,64000,64000,64000,551,40,36000,34268.81692214157,4056.311200001801,64017.47299999988,154.7114337568058
1781969349,5000,GET,/auth/me,0.000000,0.000000,0,0,0,0,0,0,0,0,0,0,0,3,0,28000,28018.772533330775,27648.28789999592,28205.055400001584,330.3333333333333
1781969349,5000,POST,/auth/update-profile,0.000000,0.000000,58000,58000,58000,58000,58000,58000,58000,58000,58000,58000,58000,1,0,58464.32890000142,58464.32890000142,58464.32890000142,58464.32890000142,72.0
1781969349,5000,GET,/config,0.000000,0.000000,0,0,0,0,0,0,0,0,0,0,0,59,0,10000,10795.951340677782,1952.3425000006682,45048.77829999896,28.0
1781969349,5000,POST,/payment/create-order,0.000000,0.000000,0,0,0,0,0,0,0,0,0,0,0,4,0,29000,29163.12782499699,28777.679999999236,29484.245499996177,173.25
1781969349,5000,POST,/predict/colleges [guest],0.000000,0.000000,0,0,0,0,0,0,0,0,0,0,0,19,19,2100,4320.745789473126,1983.7504000024637,18430.37959999492,45.0
1781969349,5000,GET,/predict/colleges-list,0.000000,0.000000,0,0,0,0,0,0,0,0,0,0,0,73,0,10000,11467.014224657116,2163.6379000046873,42284.461099996406,102062.0
1781969349,5000,POST,/predict/rank [guest],0.000000,0.000000,63000,63000,64000,64000,64000,64000,64000,64000,64000,64000,64000,104,75,21000,20788.356542307713,1961.7800999985775,63656.00410000479,67.03846153846153
1781969349,5000,,Aggregated,9.200000,0.000000,60000,61000,62000,63000,63000,64000,64000,64000,64000,64000,64000,814,134,23000,28082.835012039228,1952.3425000006682,64017.47299999988,9271.50737100737
1781969350,5000,POST,/auth/login [setup],9.100000,0.000000,61000,63000,63000,64000,65000,65000,65000,65000,65000,65000,65000,567,40,36000,35128.373763492105,4056.311200001801,65318.850399999064,155.0493827160494
1781969350,5000,GET,/auth/me,0.000000,0.000000,0,0,0,0,0,0,0,0,0,0,0,3,0,28000,28018.772533330775,27648.28789999592,28205.055400001584,330.3333333333333
1781969350,5000,POST,/auth/update-profile,0.000000,0.000000,58000,58000,58000,58000,58000,58000,58000,58000,58000,58000,58000,1,0,58464.32890000142,58464.32890000142,58464.32890000142,58464.32890000142,72.0
1781969350,5000,GET,/config,0.000000,0.000000,0,0,0,0,0,0,0,0,0,0,0,59,0,10000,10795.951340677782,1952.3425000006682,45048.77829999896,28.0
1781969350,5000,POST,/payment/create-order,0.000000,0.000000,0,0,0,0,0,0,0,0,0,0,0,4,0,29000,29163.12782499699,28777.679999999236,29484.245499996177,173.25
1781969350,5000,POST,/predict/colleges [guest],0.000000,0.000000,0,0,0,0,0,0,0,0,0,0,0,19,19,2100,4320.745789473126,1983.7504000024637,18430.37959999492,45.0
1781969350,5000,GET,/predict/colleges-list,0.000000,0.000000,0,0,0,0,0,0,0,0,0,0,0,73,0,10000,11467.014224657116,2163.6379000046873,42284.461099996406,102062.0
1781969350,5000,POST,/predict/rank [guest],0.100000,0.100000,64000,64000,65000,65000,65000,65000,65000,65000,65000,65000,65000,105,76,21000,21206.178493333366,1961.7800999985775,64659.661400000914,66.82857142857142
1781969350,5000,,Aggregated,9.200000,0.100000,61000,63000,63000,64000,65000,65000,65000,65000,65000,65000,65000,831,135,23000,28832.439423585984,1952.3425000006682,65318.850399999064,9085.10108303249
1781969351,5000,POST,/auth/login [setup],9.200000,0.000000,62000,63000,64000,65000,65000,66000,66000,66000,66000,66000,66000,575,40,37000,35554.59055286958,4056.311200001801,66421.3976999963,155.21391304347827
1781969351,5000,GET,/auth/me,0.000000,0.000000,0,0,0,0,0,0,0,0,0,0,0,3,0,28000,28018.772533330775,27648.28789999592,28205.055400001584,330.3333333333333
1781969351,5000,POST,/auth/update-profile,0.100000,0.000000,58000,58000,58000,58000,58000,58000,58000,58000,58000,58000,58000,1,0,58464.32890000142,58464.32890000142,58464.32890000142,58464.32890000142,72.0
1781969351,5000,GET,/config,0.000000,0.000000,0,0,0,0,0,0,0,0,0,0,0,59,0,10000,10795.951340677782,1952.3425000006682,45048.77829999896,28.0
1781969351,5000,POST,/payment/create-order,0.000000,0.000000,0,0,0,0,0,0,0,0,0,0,0,4,0,29000,29163.12782499699,28777.679999999236,29484.245499996177,173.25
1781969351,5000,POST,/predict/colleges [guest],0.000000,0.000000,0,0,0,0,0,0,0,0,0,0,0,19,19,2100,4320.745789473126,1983.7504000024637,18430.37959999492,45.0
1781969351,5000,GET,/predict/colleges-list,0.000000,0.000000,0,0,0,0,0,0,0,0,0,0,0,73,0,10000,11467.014224657116,2163.6379000046873,42284.461099996406,102062.0
1781969351,5000,POST,/predict/rank [guest],0.300000,0.300000,64000,65000,65000,66000,66000,66000,66000,66000,66000,66000,66000,106,77,21000,21626.638296226443,1961.7800999985775,65774.91759999975,66.62264150943396
1781969351,5000,,Aggregated,9.600000,0.300000,63000,63000,64000,65000,65000,66000,66000,66000,66000,66000,66000,840,136,23000,29228.135384047546,1952.3425000006682,66421.3976999963,8989.403571428571
1781969352,5000,POST,/auth/login [setup],9.200000,0.000000,63000,65000,65000,66000,66000,67000,67000,67000,67000,67000,67000,587,40,37000,36188.05828756389,4056.311200001801,67036.30469999916,155.45315161839864
1781969352,5000,GET,/auth/me,0.000000,0.000000,0,0,0,0,0,0,0,0,0,0,0,3,0,28000,28018.772533330775,27648.28789999592,28205.055400001584,330.3333333333333
1781969352,5000,POST,/auth/update-profile,0.100000,0.000000,58000,58000,58000,58000,58000,58000,58000,58000,58000,58000,58000,1,0,58464.32890000142,58464.32890000142,58464.32890000142,58464.32890000142,72.0
1781969352,5000,GET,/config,0.000000,0.000000,0,0,0,0,0,0,0,0,0,0,0,59,0,10000,10795.951340677782,1952.3425000006682,45048.77829999896,28.0
1781969352,5000,POST,/payment/create-order,0.000000,0.000000,0,0,0,0,0,0,0,0,0,0,0,4,0,29000,29163.12782499699,28777.679999999236,29484.245499996177,173.25
1781969352,5000,POST,/predict/colleges [guest],0.000000,0.000000,0,0,0,0,0,0,0,0,0,0,0,19,19,2100,4320.745789473126,1983.7504000024637,18430.37959999492,45.0
1781969352,5000,GET,/predict/colleges-list,0.000000,0.000000,0,0,0,0,0,0,0,0,0,0,0,73,0,10000,11467.014224657116,2163.6379000046873,42284.461099996406,102062.0
1781969352,5000,POST,/predict/rank [guest],0.300000,0.300000,64000,65000,65000,66000,66000,66000,66000,66000,66000,66000,66000,106,77,21000,21626.638296226443,1961.7800999985775,65774.91759999975,66.62264150943396
1781969352,5000,,Aggregated,9.600000,0.300000,63000,65000,65000,66000,66000,67000,67000,67000,67000,67000,67000,852,136,25000,29753.67883744123,1952.3425000006682,67036.30469999916,8865.143192488264
1781969353,5000,POST,/auth/login [setup],9.800000,0.000000,64000,65000,66000,66000,67000,68000,68000,68000,68000,68000,68000,597,40,38000,36715.03965577893,4056.311200001801,68103.57149999618,155.63651591289783
1781969353,5000,GET,/auth/me,0.000000,0.000000,0,0,0,0,0,0,0,0,0,0,0,3,0,28000,28018.772533330775,27648.28789999592,28205.055400001584,330.3333333333333
1781969353,5000,POST,/auth/update-profile,0.100000,0.000000,58000,58000,58000,58000,58000,58000,58000,58000,58000,58000,58000,1,0,58464.32890000142,58464.32890000142,58464.32890000142,58464.32890000142,72.0
1781969353,5000,GET,/config,0.000000,0.000000,0,0,0,0,0,0,0,0,0,0,0,59,0,10000,10795.951340677782,1952.3425000006682,45048.77829999896,28.0
1781969353,5000,POST,/payment/create-order,0.000000,0.000000,0,0,0,0,0,0,0,0,0,0,0,4,0,29000,29163.12782499699,28777.679999999236,29484.245499996177,173.25
1781969353,5000,POST,/predict/colleges [guest],0.000000,0.000000,0,0,0,0,0,0,0,0,0,0,0,19,19,2100,4320.745789473126,1983.7504000024637,18430.37959999492,45.0
1781969353,5000,GET,/predict/colleges-list,0.000000,0.000000,0,0,0,0,0,0,0,0,0,0,0,73,0,10000,11467.014224657116,2163.6379000046873,42284.461099996406,102062.0
1781969353,5000,POST,/predict/rank [guest],0.400000,0.400000,64000,65000,65000,66000,66000,66000,66000,66000,66000,66000,66000,106,77,21000,21626.638296226443,1961.7800999985775,65774.91759999975,66.62264150943396
1781969353,5000,,Aggregated,10.300000,0.400000,64000,65000,66000,66000,67000,68000,68000,68000,68000,68000,68000,862,136,26000,30193.2979457076,1952.3425000006682,68103.57149999618,8764.22969837587
1781969354,5000,POST,/auth/login [setup],10.000000,0.000000,65000,66000,67000,67000,68000,69000,69000,69000,69000,69000,69000,606,40,38000,37191.64569851487,4056.311200001801,69171.83359999763,155.8003300330033
1781969354,5000,GET,/auth/me,0.000000,0.000000,0,0,0,0,0,0,0,0,0,0,0,3,0,28000,28018.772533330775,27648.28789999592,28205.055400001584,330.3333333333333
1781969354,5000,POST,/auth/update-profile,0.100000,0.000000,58000,58000,58000,58000,58000,58000,58000,58000,58000,58000,58000,1,0,58464.32890000142,58464.32890000142,58464.32890000142,58464.32890000142,72.0
1781969354,5000,GET,/config,0.000000,0.000000,0,0,0,0,0,0,0,0,0,0,0,59,0,10000,10795.951340677782,1952.3425000006682,45048.77829999896,28.0
1781969354,5000,POST,/payment/create-order,0.000000,0.000000,0,0,0,0,0,0,0,0,0,0,0,4,0,29000,29163.12782499699,28777.679999999236,29484.245499996177,173.25
1781969354,5000,POST,/predict/colleges [guest],0.000000,0.000000,0,0,0,0,0,0,0,0,0,0,0,19,19,2100,4320.745789473126,1983.7504000024637,18430.37959999492,45.0
1781969354,5000,GET,/predict/colleges-list,0.000000,0.000000,0,0,0,0,0,0,0,0,0,0,0,73,0,10000,11467.014224657116,2163.6379000046873,42284.461099996406,102062.0
1781969354,5000,POST,/predict/rank [guest],0.500000,0.500000,65000,65000,66000,66000,69000,69000,69000,69000,69000,69000,69000,107,78,21000,22073.602598130856,1961.7800999985775,69451.81859999866,66.42056074766356
1781969354,5000,,Aggregated,10.600000,0.500000,65000,66000,67000,67000,68000,69000,69000,69000,69000,69000,69000,872,137,27000,30636.850076376075,1952.3425000006682,69451.81859999866,8665.494266055046
1781969355,5000,POST,/auth/login [setup],10.000000,0.000000,65000,66000,67000,68000,69000,69000,69000,70000,70000,70000,70000,608,40,38000,37297.98503947369,4056.311200001801,69830.76389999769,155.83881578947367
1781969355,5000,GET,/auth/me,0.000000,0.000000,0,0,0,0,0,0,0,0,0,0,0,3,0,28000,28018.772533330775,27648.28789999592,28205.055400001584,330.3333333333333
1781969355,5000,POST,/auth/update-profile,0.100000,0.000000,58000,58000,58000,58000,58000,58000,58000,58000,58000,58000,58000,1,0,58464.32890000142,58464.32890000142,58464.32890000142,58464.32890000142,72.0
1781969355,5000,GET,/config,0.000000,0.000000,0,0,0,0,0,0,0,0,0,0,0,59,0,10000,10795.951340677782,1952.3425000006682,45048.77829999896,28.0
1781969355,5000,POST,/payment/create-order,0.000000,0.000000,0,0,0,0,0,0,0,0,0,0,0,4,0,29000,29163.12782499699,28777.679999999236,29484.245499996177,173.25
1781969355,5000,POST,/predict/colleges [guest],0.000000,0.000000,0,0,0,0,0,0,0,0,0,0,0,19,19,2100,4320.745789473126,1983.7504000024637,18430.37959999492,45.0
1781969355,5000,GET,/predict/colleges-list,0.000000,0.000000,0,0,0,0,0,0,0,0,0,0,0,73,0,10000,11467.014224657116,2163.6379000046873,42284.461099996406,102062.0
1781969355,5000,POST,/predict/rank [guest],0.500000,0.500000,65000,65000,66000,66000,69000,69000,69000,69000,69000,69000,69000,107,78,21000,22073.602598130856,1961.7800999985775,69451.81859999866,66.42056074766356
1781969355,5000,,Aggregated,10.600000,0.500000,65000,66000,67000,68000,69000,69000,69000,70000,70000,70000,70000,874,137,27000,30725.824802402673,1952.3425000006682,69830.76389999769,8646.04805491991
1781969356,5000,POST,/auth/login [setup],10.400000,0.000000,66000,68000,69000,69000,70000,71000,71000,71000,71000,71000,71000,625,40,39000,38203.84360928,4056.311200001801,71298.72619999514,156.1392
1781969356,5000,GET,/auth/me,0.000000,0.000000,0,0,0,0,0,0,0,0,0,0,0,3,0,28000,28018.772533330775,27648.28789999592,28205.055400001584,330.3333333333333
1781969356,5000,POST,/auth/update-profile,0.100000,0.000000,58000,58000,58000,58000,58000,58000,58000,58000,58000,58000,58000,1,0,58464.32890000142,58464.32890000142,58464.32890000142,58464.32890000142,72.0
1781969356,5000,GET,/config,0.000000,0.000000,0,0,0,0,0,0,0,0,0,0,0,59,0,10000,10795.951340677782,1952.3425000006682,45048.77829999896,28.0
1781969356,5000,POST,/payment/create-order,0.000000,0.000000,0,0,0,0,0,0,0,0,0,0,0,4,0,29000,29163.12782499699,28777.679999999236,29484.245499996177,173.25
1781969356,5000,POST,/predict/colleges [guest],0.000000,0.000000,0,0,0,0,0,0,0,0,0,0,0,19,19,2100,4320.745789473126,1983.7504000024637,18430.37959999492,45.0
1781969356,5000,GET,/predict/colleges-list,0.000000,0.000000,0,0,0,0,0,0,0,0,0,0,0,73,0,10000,11467.014224657116,2163.6379000046873,42284.461099996406,102062.0
1781969356,5000,POST,/predict/rank [guest],0.500000,0.500000,65000,66000,66000,69000,69000,69000,69000,69000,69000,69000,69000,107,78,21000,22073.602598130856,1961.7800999985775,69451.81859999866,66.42056074766356
1781969356,5000,,Aggregated,11.000000,0.500000,66000,68000,69000,69000,70000,71000,71000,71000,71000,71000,71000,891,137,27000,31486.64223243538,1952.3425000006682,71298.72619999514,8484.268237934904
1781969357,5000,POST,/auth/login [setup],10.100000,0.000000,68000,69000,70000,71000,71000,72000,72000,72000,72000,72000,72000,635,40,39000,38729.52155385826,4056.311200001801,72099.16370000428,156.30551181102362
1781969357,5000,GET,/auth/me,0.000000,0.000000,0,0,0,0,0,0,0,0,0,0,0,3,0,28000,28018.772533330775,27648.28789999592,28205.055400001584,330.3333333333333
1781969357,5000,POST,/auth/update-profile,0.100000,0.000000,58000,58000,58000,58000,58000,58000,58000,58000,58000,58000,58000,1,0,58464.32890000142,58464.32890000142,58464.32890000142,58464.32890000142,72.0
1781969357,5000,GET,/config,0.000000,0.000000,0,0,0,0,0,0,0,0,0,0,0,59,0,10000,10795.951340677782,1952.3425000006682,45048.77829999896,28.0
1781969357,5000,POST,/payment/create-order,0.000000,0.000000,0,0,0,0,0,0,0,0,0,0,0,4,0,29000,29163.12782499699,28777.679999999236,29484.245499996177,173.25
1781969357,5000,POST,/predict/colleges [guest],0.000000,0.000000,0,0,0,0,0,0,0,0,0,0,0,19,19,2100,4320.745789473126,1983.7504000024637,18430.37959999492,45.0
1781969357,5000,GET,/predict/colleges-list,0.000000,0.000000,0,0,0,0,0,0,0,0,0,0,0,73,0,10000,11467.014224657116,2163.6379000046873,42284.461099996406,102062.0
1781969357,5000,POST,/predict/rank [guest],0.500000,0.500000,66000,66000,69000,69000,69000,69000,69000,69000,69000,69000,69000,107,78,21000,22073.602598130856,1961.7800999985775,69451.81859999866,66.42056074766356
1781969357,5000,,Aggregated,10.700000,0.500000,68000,69000,70000,71000,71000,72000,72000,72000,72000,72000,72000,901,137,28000,31931.67831298549,1952.3425000006682,72099.16370000428,8391.953385127636
1781969358,5000,POST,/auth/login [setup],10.200000,0.000000,69000,70000,71000,71000,72000,73000,73000,73000,73000,73000,73000,645,40,39000,39255.803947751934,4056.311200001801,73305.27679999796,156.46976744186045
1781969358,5000,GET,/auth/me,0.000000,0.000000,0,0,0,0,0,0,0,0,0,0,0,3,0,28000,28018.772533330775,27648.28789999592,28205.055400001584,330.3333333333333
1781969358,5000,POST,/auth/update-profile,0.100000,0.000000,58000,58000,58000,58000,58000,58000,58000,58000,58000,58000,58000,1,0,58464.32890000142,58464.32890000142,58464.32890000142,58464.32890000142,72.0
1781969358,5000,GET,/config,0.000000,0.000000,0,0,0,0,0,0,0,0,0,0,0,59,0,10000,10795.951340677782,1952.3425000006682,45048.77829999896,28.0
1781969358,5000,POST,/payment/create-order,0.000000,0.000000,0,0,0,0,0,0,0,0,0,0,0,4,0,29000,29163.12782499699,28777.679999999236,29484.245499996177,173.25
1781969358,5000,POST,/predict/colleges [guest],0.000000,0.000000,0,0,0,0,0,0,0,0,0,0,0,19,19,2100,4320.745789473126,1983.7504000024637,18430.37959999492,45.0
1781969358,5000,GET,/predict/colleges-list,0.000000,0.000000,0,0,0,0,0,0,0,0,0,0,0,73,0,10000,11467.014224657116,2163.6379000046873,42284.461099996406,102062.0
1781969358,5000,POST,/predict/rank [guest],0.600000,0.600000,66000,66000,69000,69000,69000,69000,69000,69000,69000,69000,69000,107,78,21000,22073.602598130856,1961.7800999985775,69451.81859999866,66.42056074766356
1781969358,5000,,Aggregated,10.900000,0.600000,68000,70000,71000,71000,72000,73000,73000,73000,73000,73000,73000,911,137,28000,32378.91275477489,1952.3425000006682,73305.27679999796,8301.667398463227
1781969359,5000,POST,/auth/login [setup],10.300000,0.000000,70000,71000,72000,72000,73000,74000,74000,74000,74000,74000,74000,653,40,40000,39677.86702955592,4056.311200001801,74087.97300000151,156.60030627871362
1781969359,5000,GET,/auth/me,0.000000,0.000000,0,0,0,0,0,0,0,0,0,0,0,3,0,28000,28018.772533330775,27648.28789999592,28205.055400001584,330.3333333333333
1781969359,5000,POST,/auth/update-profile,0.100000,0.000000,58000,58000,58000,58000,58000,58000,58000,58000,58000,58000,58000,1,0,58464.32890000142,58464.32890000142,58464.32890000142,58464.32890000142,72.0
1781969359,5000,GET,/config,0.000000,0.000000,0,0,0,0,0,0,0,0,0,0,0,59,0,10000,10795.951340677782,1952.3425000006682,45048.77829999896,28.0
1781969359,5000,POST,/payment/create-order,0.000000,0.000000,0,0,0,0,0,0,0,0,0,0,0,4,0,29000,29163.12782499699,28777.679999999236,29484.245499996177,173.25
1781969359,5000,POST,/predict/colleges [guest],0.000000,0.000000,0,0,0,0,0,0,0,0,0,0,0,19,19,2100,4320.745789473126,1983.7504000024637,18430.37959999492,45.0
1781969359,5000,GET,/predict/colleges-list,0.000000,0.000000,0,0,0,0,0,0,0,0,0,0,0,73,0,10000,11467.014224657116,2163.6379000046873,42284.461099996406,102062.0
1781969359,5000,POST,/predict/rank [guest],0.500000,0.500000,69000,69000,69000,69000,69000,69000,69000,69000,69000,69000,69000,107,78,21000,22073.602598130856,1961.7800999985775,69451.81859999866,66.42056074766356
1781969359,5000,,Aggregated,10.900000,0.500000,70000,71000,72000,72000,73000,74000,74000,74000,74000,74000,74000,919,137,28000,32738.675890750754,1952.3425000006682,74087.97300000151,8230.855277475517
1781969360,5000,POST,/auth/login [setup],10.300000,0.000000,71000,72000,73000,73000,74000,75000,75000,75000,75000,75000,75000,662,40,40000,40153.45736253779,4056.311200001801,75002.9330000034,156.74320241691842
1781969360,5000,GET,/auth/me,0.000000,0.000000,0,0,0,0,0,0,0,0,0,0,0,3,0,28000,28018.772533330775,27648.28789999592,28205.055400001584,330.3333333333333
1781969360,5000,POST,/auth/update-profile,0.100000,0.000000,58000,58000,58000,58000,58000,58000,58000,58000,58000,58000,58000,1,0,58464.32890000142,58464.32890000142,58464.32890000142,58464.32890000142,72.0
1781969360,5000,GET,/config,0.000000,0.000000,0,0,0,0,0,0,0,0,0,0,0,59,0,10000,10795.951340677782,1952.3425000006682,45048.77829999896,28.0
1781969360,5000,POST,/payment/create-order,0.000000,0.000000,0,0,0,0,0,0,0,0,0,0,0,4,0,29000,29163.12782499699,28777.679999999236,29484.245499996177,173.25
1781969360,5000,POST,/predict/colleges [guest],0.000000,0.000000,0,0,0,0,0,0,0,0,0,0,0,19,19,2100,4320.745789473126,1983.7504000024637,18430.37959999492,45.0
1781969360,5000,GET,/predict/colleges-list,0.000000,0.000000,0,0,0,0,0,0,0,0,0,0,0,73,0,10000,11467.014224657116,2163.6379000046873,42284.461099996406,102062.0
1781969360,5000,POST,/predict/rank [guest],0.500000,0.500000,69000,69000,69000,69000,69000,69000,69000,69000,69000,69000,69000,107,78,21000,22073.602598130856,1961.7800999985775,69451.81859999866,66.42056074766356
1781969360,5000,,Aggregated,10.900000,0.500000,71000,72000,73000,73000,74000,75000,75000,75000,75000,75000,75000,928,137,29000,33145.242184590454,1952.3425000006682,75002.9330000034,8152.650862068966
1781969361,5000,POST,/auth/login [setup],10.100000,0.000000,72000,73000,74000,75000,76000,76000,76000,76000,76000,76000,76000,675,40,41000,40841.0355374815,4056.311200001801,76404.13419999823,156.94222222222223
1781969361,5000,GET,/auth/me,0.000000,0.000000,0,0,0,0,0,0,0,0,0,0,0,3,0,28000,28018.772533330775,27648.28789999592,28205.055400001584,330.3333333333333
1781969361,5000,POST,/auth/update-profile,0.000000,0.000000,58000,58000,58000,58000,58000,58000,58000,58000,58000,58000,58000,1,0,58464.32890000142,58464.32890000142,58464.32890000142,58464.32890000142,72.0
1781969361,5000,GET,/config,0.000000,0.000000,0,0,0,0,0,0,0,0,0,0,0,59,0,10000,10795.951340677782,1952.3425000006682,45048.77829999896,28.0
1781969361,5000,POST,/payment/create-order,0.000000,0.000000,0,0,0,0,0,0,0,0,0,0,0,4,0,29000,29163.12782499699,28777.679999999236,29484.245499996177,173.25
1781969361,5000,POST,/predict/colleges [guest],0.000000,0.000000,0,0,0,0,0,0,0,0,0,0,0,19,19,2100,4320.745789473126,1983.7504000024637,18430.37959999492,45.0
1781969361,5000,GET,/predict/colleges-list,0.000000,0.000000,0,0,0,0,0,0,0,0,0,0,0,73,0,10000,11467.014224657116,2163.6379000046873,42284.461099996406,102062.0
1781969361,5000,POST,/predict/rank [guest],0.300000,0.300000,69000,69000,69000,69000,69000,69000,69000,69000,69000,69000,69000,107,78,21000,22073.602598130856,1961.7800999985775,69451.81859999866,66.42056074766356
1781969361,5000,,Aggregated,10.400000,0.300000,72000,73000,74000,75000,76000,76000,76000,76000,76000,76000,76000,941,137,31000,33735.27626046752,1952.3425000006682,76404.13419999823,8042.329436769394
1781969362,5000,POST,/auth/login [setup],9.500000,0.000000,73000,74000,75000,76000,76000,77000,77000,77000,77000,77000,77000,684,40,41000,41316.56391637431,4056.311200001801,77430.28790000244,157.07456140350877
1781969362,5000,GET,/auth/me,0.000000,0.000000,0,0,0,0,0,0,0,0,0,0,0,3,0,28000,28018.772533330775,27648.28789999592,28205.055400001584,330.3333333333333
1781969362,5000,POST,/auth/update-profile,0.000000,0.000000,58000,58000,58000,58000,58000,58000,58000,58000,58000,58000,58000,1,0,58464.32890000142,58464.32890000142,58464.32890000142,58464.32890000142,72.0
1781969362,5000,GET,/config,0.000000,0.000000,0,0,0,0,0,0,0,0,0,0,0,59,0,10000,10795.951340677782,1952.3425000006682,45048.77829999896,28.0
1781969362,5000,POST,/payment/create-order,0.000000,0.000000,0,0,0,0,0,0,0,0,0,0,0,4,0,29000,29163.12782499699,28777.679999999236,29484.245499996177,173.25
1781969362,5000,POST,/predict/colleges [guest],0.000000,0.000000,0,0,0,0,0,0,0,0,0,0,0,19,19,2100,4320.745789473126,1983.7504000024637,18430.37959999492,45.0
1781969362,5000,GET,/predict/colleges-list,0.000000,0.000000,0,0,0,0,0,0,0,0,0,0,0,73,0,10000,11467.014224657116,2163.6379000046873,42284.461099996406,102062.0
1781969362,5000,POST,/predict/rank [guest],0.200000,0.200000,69000,69000,69000,69000,69000,69000,69000,69000,69000,69000,69000,107,78,21000,22073.602598130856,1961.7800999985775,69451.81859999866,66.42056074766356
1781969362,5000,,Aggregated,9.700000,0.200000,73000,74000,75000,76000,76000,77000,77000,77000,77000,77000,77000,950,137,31000,34144.974412736796,1952.3425000006682,77430.28790000244,7967.721052631579
1781969363,5000,POST,/auth/login [setup],9.500000,0.000000,73000,75000,76000,76000,77000,77000,78000,78000,78000,78000,78000,689,40,41000,41579.786971407884,4056.311200001801,77722.6723000058,157.14513788098694
1781969363,5000,GET,/auth/me,0.000000,0.000000,0,0,0,0,0,0,0,0,0,0,0,3,0,28000,28018.772533330775,27648.28789999592,28205.055400001584,330.3333333333333
1781969363,5000,POST,/auth/update-profile,0.000000,0.000000,58000,58000,58000,58000,58000,58000,58000,58000,58000,58000,58000,1,0,58464.32890000142,58464.32890000142,58464.32890000142,58464.32890000142,72.0
1781969363,5000,GET,/config,0.000000,0.000000,0,0,0,0,0,0,0,0,0,0,0,59,0,10000,10795.951340677782,1952.3425000006682,45048.77829999896,28.0
1781969363,5000,POST,/payment/create-order,0.000000,0.000000,0,0,0,0,0,0,0,0,0,0,0,4,0,29000,29163.12782499699,28777.679999999236,29484.245499996177,173.25
1781969363,5000,POST,/predict/colleges [guest],0.000000,0.000000,0,0,0,0,0,0,0,0,0,0,0,19,19,2100,4320.745789473126,1983.7504000024637,18430.37959999492,45.0
1781969363,5000,GET,/predict/colleges-list,0.000000,0.000000,0,0,0,0,0,0,0,0,0,0,0,73,0,10000,11467.014224657116,2163.6379000046873,42284.461099996406,102062.0
1781969363,5000,POST,/predict/rank [guest],0.200000,0.200000,69000,69000,69000,69000,69000,69000,69000,69000,69000,69000,69000,107,78,21000,22073.602598130856,1961.7800999985775,69451.81859999866,66.42056074766356
1781969363,5000,,Aggregated,9.700000,0.200000,73000,75000,76000,76000,77000,77000,78000,78000,78000,78000,78000,955,137,31000,34372.428478115144,1952.3425000006682,77722.6723000058,7926.878534031413
1781969364,5000,POST,/auth/login [setup],9.700000,0.000000,74000,76000,77000,77000,78000,78000,79000,79000,79000,79000,79000,699,40,43000,42107.950262517945,4056.311200001801,78979.65329999715,157.2832618025751
1781969364,5000,GET,/auth/me,0.000000,0.000000,0,0,0,0,0,0,0,0,0,0,0,3,0,28000,28018.772533330775,27648.28789999592,28205.055400001584,330.3333333333333
1781969364,5000,POST,/auth/update-profile,0.000000,0.000000,58000,58000,58000,58000,58000,58000,58000,58000,58000,58000,58000,1,0,58464.32890000142,58464.32890000142,58464.32890000142,58464.32890000142,72.0
1781969364,5000,GET,/config,0.000000,0.000000,0,0,0,0,0,0,0,0,0,0,0,59,0,10000,10795.951340677782,1952.3425000006682,45048.77829999896,28.0
1781969364,5000,POST,/payment/create-order,0.000000,0.000000,0,0,0,0,0,0,0,0,0,0,0,4,0,29000,29163.12782499699,28777.679999999236,29484.245499996177,173.25
1781969364,5000,POST,/predict/colleges [guest],0.000000,0.000000,0,0,0,0,0,0,0,0,0,0,0,19,19,2100,4320.745789473126,1983.7504000024637,18430.37959999492,45.0
1781969364,5000,GET,/predict/colleges-list,0.000000,0.000000,0,0,0,0,0,0,0,0,0,0,0,73,0,10000,11467.014224657116,2163.6379000046873,42284.461099996406,102062.0
1781969364,5000,POST,/predict/rank [guest],0.100000,0.100000,69000,69000,69000,69000,69000,69000,69000,69000,69000,69000,69000,107,78,21000,22073.602598130856,1961.7800999985775,69451.81859999866,66.42056074766356
1781969364,5000,,Aggregated,9.800000,0.100000,74000,76000,77000,77000,78000,78000,79000,79000,79000,79000,79000,965,137,31000,34829.69244227976,1952.3425000006682,78979.65329999715,7846.463212435233
1781969365,5000,POST,/auth/login [setup],9.200000,0.000000,76000,77000,78000,78000,79000,80000,80000,80000,80000,80000,80000,709,40,44000,42637.38549717922,4056.311200001801,80295.70700000477,157.41748942172075
1781969365,5000,GET,/auth/me,0.000000,0.000000,0,0,0,0,0,0,0,0,0,0,0,3,0,28000,28018.772533330775,27648.28789999592,28205.055400001584,330.3333333333333
1781969365,5000,POST,/auth/update-profile,0.000000,0.000000,58000,58000,58000,58000,58000,58000,58000,58000,58000,58000,58000,1,0,58464.32890000142,58464.32890000142,58464.32890000142,58464.32890000142,72.0
1781969365,5000,GET,/config,0.000000,0.000000,0,0,0,0,0,0,0,0,0,0,0,59,0,10000,10795.951340677782,1952.3425000006682,45048.77829999896,28.0
1781969365,5000,POST,/payment/create-order,0.000000,0.000000,0,0,0,0,0,0,0,0,0,0,0,4,0,29000,29163.12782499699,28777.679999999236,29484.245499996177,173.25
1781969365,5000,POST,/predict/colleges [guest],0.000000,0.000000,0,0,0,0,0,0,0,0,0,0,0,19,19,2100,4320.745789473126,1983.7504000024637,18430.37959999492,45.0
1781969365,5000,GET,/predict/colleges-list,0.000000,0.000000,0,0,0,0,0,0,0,0,0,0,0,73,0,10000,11467.014224657116,2163.6379000046873,42284.461099996406,102062.0
1781969365,5000,POST,/predict/rank [guest],0.100000,0.100000,69000,69000,69000,69000,69000,69000,69000,69000,69000,69000,69000,107,78,21000,22073.602598130856,1961.7800999985775,69451.81859999866,66.42056074766356
1781969365,5000,,Aggregated,9.300000,0.100000,76000,77000,78000,78000,79000,80000,80000,80000,80000,80000,80000,975,137,31000,35289.33568287178,1952.3425000006682,80295.70700000477,7767.697435897436
1781969366,5000,POST,/auth/login [setup],9.200000,0.000000,76000,78000,78000,79000,80000,81000,81000,81000,81000,81000,81000,716,40,44000,43010.573084497286,4056.311200001801,80976.10970000096,157.50558659217876
1781969366,5000,GET,/auth/me,0.000000,0.000000,0,0,0,0,0,0,0,0,0,0,0,3,0,28000,28018.772533330775,27648.28789999592,28205.055400001584,330.3333333333333
1781969366,5000,POST,/auth/update-profile,0.000000,0.000000,0,0,0,0,0,0,0,0,0,0,0,1,0,58464.32890000142,58464.32890000142,58464.32890000142,58464.32890000142,72.0
1781969366,5000,GET,/config,0.000000,0.000000,0,0,0,0,0,0,0,0,0,0,0,59,0,10000,10795.951340677782,1952.3425000006682,45048.77829999896,28.0
1781969366,5000,POST,/payment/create-order,0.000000,0.000000,0,0,0,0,0,0,0,0,0,0,0,4,0,29000,29163.12782499699,28777.679999999236,29484.245499996177,173.25
1781969366,5000,POST,/predict/colleges [guest],0.000000,0.000000,0,0,0,0,0,0,0,0,0,0,0,19,19,2100,4320.745789473126,1983.7504000024637,18430.37959999492,45.0
1781969366,5000,GET,/predict/colleges-list,0.000000,0.000000,0,0,0,0,0,0,0,0,0,0,0,73,0,10000,11467.014224657116,2163.6379000046873,42284.461099996406,102062.0
1781969366,5000,POST,/predict/rank [guest],0.100000,0.100000,69000,69000,69000,69000,69000,69000,69000,69000,69000,69000,69000,107,78,21000,22073.602598130856,1961.7800999985775,69451.81859999866,66.42056074766356
1781969366,5000,,Aggregated,9.300000,0.100000,76000,78000,78000,79000,80000,81000,81000,81000,81000,81000,81000,982,137,31000,35613.81497128308,1952.3425000006682,80976.10970000096,7713.513238289206
1781969367,5000,POST,/auth/login [setup],9.400000,0.000000,78000,79000,80000,81000,82000,82000,82000,82000,82000,82000,82000,731,40,45000,43804.354612311974,4056.311200001801,81935.99169999652,157.68673050615595
1781969367,5000,GET,/auth/me,0.000000,0.000000,0,0,0,0,0,0,0,0,0,0,0,3,0,28000,28018.772533330775,27648.28789999592,28205.055400001584,330.3333333333333
1781969367,5000,POST,/auth/update-profile,0.000000,0.000000,0,0,0,0,0,0,0,0,0,0,0,1,0,58464.32890000142,58464.32890000142,58464.32890000142,58464.32890000142,72.0
1781969367,5000,GET,/config,0.000000,0.000000,0,0,0,0,0,0,0,0,0,0,0,59,0,10000,10795.951340677782,1952.3425000006682,45048.77829999896,28.0
1781969367,5000,POST,/payment/create-order,0.000000,0.000000,0,0,0,0,0,0,0,0,0,0,0,4,0,29000,29163.12782499699,28777.679999999236,29484.245499996177,173.25
1781969367,5000,POST,/predict/colleges [guest],0.000000,0.000000,0,0,0,0,0,0,0,0,0,0,0,19,19,2100,4320.745789473126,1983.7504000024637,18430.37959999492,45.0
1781969367,5000,GET,/predict/colleges-list,0.000000,0.000000,0,0,0,0,0,0,0,0,0,0,0,73,0,10000,11467.014224657116,2163.6379000046873,42284.461099996406,102062.0
1781969367,5000,POST,/predict/rank [guest],0.100000,0.100000,69000,69000,69000,69000,69000,69000,69000,69000,69000,69000,69000,107,78,21000,22073.602598130856,1961.7800999985775,69451.81859999866,66.42056074766356
1781969367,5000,,Aggregated,9.500000,0.100000,78000,79000,80000,81000,82000,82000,82000,82000,82000,82000,82000,997,137,31000,36307.10049638914,1952.3425000006682,81935.99169999652,7599.9648946840525
1781969368,5000,POST,/auth/login [setup],9.900000,0.000000,78000,81000,81000,82000,82000,83000,83000,83000,83000,83000,83000,740,40,45000,44277.661376216296,4056.311200001801,82880.80959999934,157.80405405405406
1781969368,5000,GET,/auth/me,0.000000,0.000000,0,0,0,0,0,0,0,0,0,0,0,3,0,28000,28018.772533330775,27648.28789999592,28205.055400001584,330.3333333333333
1781969368,5000,POST,/auth/update-profile,0.000000,0.000000,0,0,0,0,0,0,0,0,0,0,0,1,0,58464.32890000142,58464.32890000142,58464.32890000142,58464.32890000142,72.0
1781969368,5000,GET,/config,0.000000,0.000000,0,0,0,0,0,0,0,0,0,0,0,59,0,10000,10795.951340677782,1952.3425000006682,45048.77829999896,28.0
1781969368,5000,POST,/payment/create-order,0.000000,0.000000,0,0,0,0,0,0,0,0,0,0,0,4,0,29000,29163.12782499699,28777.679999999236,29484.245499996177,173.25
1781969368,5000,POST,/predict/colleges [guest],0.000000,0.000000,0,0,0,0,0,0,0,0,0,0,0,19,19,2100,4320.745789473126,1983.7504000024637,18430.37959999492,45.0
1781969368,5000,GET,/predict/colleges-list,0.000000,0.000000,0,0,0,0,0,0,0,0,0,0,0,73,0,10000,11467.014224657116,2163.6379000046873,42284.461099996406,102062.0
1781969368,5000,POST,/predict/rank [guest],0.000000,0.000000,69000,69000,69000,69000,69000,69000,69000,69000,69000,69000,69000,107,78,21000,22073.602598130856,1961.7800999985775,69451.81859999866,66.42056074766356
1781969368,5000,,Aggregated,9.900000,0.000000,78000,81000,81000,82000,82000,83000,83000,83000,83000,83000,83000,1006,137,31000,36722.33140328029,1952.3425000006682,82880.80959999934,7533.470178926442
1781969369,5000,POST,/auth/login [setup],9.600000,0.000000,80000,82000,82000,83000,84000,84000,84000,84000,84000,84000,84000,752,40,45000,44909.32361742029,4056.311200001801,84300.39360000228,157.94281914893617
1781969369,5000,GET,/auth/me,0.000000,0.000000,0,0,0,0,0,0,0,0,0,0,0,3,0,28000,28018.772533330775,27648.28789999592,28205.055400001584,330.3333333333333
1781969369,5000,POST,/auth/update-profile,0.000000,0.000000,0,0,0,0,0,0,0,0,0,0,0,1,0,58464.32890000142,58464.32890000142,58464.32890000142,58464.32890000142,72.0
1781969369,5000,GET,/config,0.000000,0.000000,0,0,0,0,0,0,0,0,0,0,0,59,0,10000,10795.951340677782,1952.3425000006682,45048.77829999896,28.0
1781969369,5000,POST,/payment/create-order,0.000000,0.000000,0,0,0,0,0,0,0,0,0,0,0,4,0,29000,29163.12782499699,28777.679999999236,29484.245499996177,173.25
1781969369,5000,POST,/predict/colleges [guest],0.000000,0.000000,0,0,0,0,0,0,0,0,0,0,0,19,19,2100,4320.745789473126,1983.7504000024637,18430.37959999492,45.0
1781969369,5000,GET,/predict/colleges-list,0.000000,0.000000,0,0,0,0,0,0,0,0,0,0,0,73,0,10000,11467.014224657116,2163.6379000046873,42284.461099996406,102062.0
1781969369,5000,POST,/predict/rank [guest],0.000000,0.000000,69000,69000,69000,69000,69000,69000,69000,69000,69000,69000,69000,107,78,21000,22073.602598130856,1961.7800999985775,69451.81859999866,66.42056074766356
1781969369,5000,,Aggregated,9.600000,0.000000,80000,82000,82000,83000,84000,84000,84000,84000,84000,84000,84000,1018,137,32000,37278.003274656156,1952.3425000006682,84300.39360000228,7446.629666011788
1781969370,5000,POST,/auth/login [setup],9.800000,0.000000,81000,83000,84000,84000,85000,85000,85000,85000,85000,85000,85000,766,40,46000,45642.71412532647,4056.311200001801,85281.52810000029,158.10313315926894
1781969370,5000,GET,/auth/me,0.000000,0.000000,0,0,0,0,0,0,0,0,0,0,0,3,0,28000,28018.772533330775,27648.28789999592,28205.055400001584,330.3333333333333
1781969370,5000,POST,/auth/update-profile,0.000000,0.000000,0,0,0,0,0,0,0,0,0,0,0,1,0,58464.32890000142,58464.32890000142,58464.32890000142,58464.32890000142,72.0
1781969370,5000,GET,/config,0.000000,0.000000,0,0,0,0,0,0,0,0,0,0,0,59,0,10000,10795.951340677782,1952.3425000006682,45048.77829999896,28.0
1781969370,5000,POST,/payment/create-order,0.000000,0.000000,0,0,0,0,0,0,0,0,0,0,0,4,0,29000,29163.12782499699,28777.679999999236,29484.245499996177,173.25
1781969370,5000,POST,/predict/colleges [guest],0.000000,0.000000,0,0,0,0,0,0,0,0,0,0,0,19,19,2100,4320.745789473126,1983.7504000024637,18430.37959999492,45.0
1781969370,5000,GET,/predict/colleges-list,0.000000,0.000000,0,0,0,0,0,0,0,0,0,0,0,73,0,10000,11467.014224657116,2163.6379000046873,42284.461099996406,102062.0
1781969370,5000,POST,/predict/rank [guest],0.000000,0.000000,69000,69000,69000,69000,69000,69000,69000,69000,69000,69000,69000,107,78,21000,22073.602598130856,1961.7800999985775,69451.81859999866,66.42056074766356
1781969370,5000,,Aggregated,9.800000,0.000000,81000,83000,84000,84000,85000,85000,85000,85000,85000,85000,85000,1032,137,34000,37925.88662141472,1952.3425000006682,85281.52810000029,7347.871124031008
1781969371,5000,POST,/auth/login [setup],9.700000,0.000000,82000,84000,84000,85000,85000,86000,86000,86000,86000,86000,86000,773,40,46000,46006.7615297543,4056.311200001801,86309.7709000067,158.1836998706339
1781969371,5000,GET,/auth/me,0.000000,0.000000,0,0,0,0,0,0,0,0,0,0,0,3,0,28000,28018.772533330775,27648.28789999592,28205.055400001584,330.3333333333333
1781969371,5000,POST,/auth/update-profile,0.000000,0.000000,0,0,0,0,0,0,0,0,0,0,0,1,0,58464.32890000142,58464.32890000142,58464.32890000142,58464.32890000142,72.0
1781969371,5000,GET,/config,0.000000,0.000000,0,0,0,0,0,0,0,0,0,0,0,59,0,10000,10795.951340677782,1952.3425000006682,45048.77829999896,28.0
1781969371,5000,POST,/payment/create-order,0.000000,0.000000,0,0,0,0,0,0,0,0,0,0,0,4,0,29000,29163.12782499699,28777.679999999236,29484.245499996177,173.25
1781969371,5000,POST,/predict/colleges [guest],0.000000,0.000000,0,0,0,0,0,0,0,0,0,0,0,19,19,2100,4320.745789473126,1983.7504000024637,18430.37959999492,45.0
1781969371,5000,GET,/predict/colleges-list,0.000000,0.000000,0,0,0,0,0,0,0,0,0,0,0,73,0,10000,11467.014224657116,2163.6379000046873,42284.461099996406,102062.0
1781969371,5000,POST,/predict/rank [guest],0.000000,0.000000,69000,69000,69000,69000,69000,69000,69000,69000,69000,69000,69000,107,78,21000,22073.602598130856,1961.7800999985775,69451.81859999866,66.42056074766356
1781969371,5000,,Aggregated,9.700000,0.000000,82000,84000,84000,85000,85000,86000,86000,86000,86000,86000,86000,1039,137,35000,38248.72245986525,1952.3425000006682,86309.7709000067,7299.491819056785
1781969372,5000,POST,/auth/login [setup],9.700000,0.000000,83000,84000,85000,85000,86000,86000,87000,87000,87000,87000,87000,777,40,47000,46216.34162818541,4056.311200001801,87062.67219999427,158.22908622908622
1781969372,5000,GET,/auth/me,0.000000,0.000000,0,0,0,0,0,0,0,0,0,0,0,3,0,28000,28018.772533330775,27648.28789999592,28205.055400001584,330.3333333333333
1781969372,5000,POST,/auth/update-profile,0.000000,0.000000,0,0,0,0,0,0,0,0,0,0,0,1,0,58464.32890000142,58464.32890000142,58464.32890000142,58464.32890000142,72.0
1781969372,5000,GET,/config,0.000000,0.000000,0,0,0,0,0,0,0,0,0,0,0,59,0,10000,10795.951340677782,1952.3425000006682,45048.77829999896,28.0
1781969372,5000,POST,/payment/create-order,0.000000,0.000000,0,0,0,0,0,0,0,0,0,0,0,4,0,29000,29163.12782499699,28777.679999999236,29484.245499996177,173.25
1781969372,5000,POST,/predict/colleges [guest],0.000000,0.000000,0,0,0,0,0,0,0,0,0,0,0,19,19,2100,4320.745789473126,1983.7504000024637,18430.37959999492,45.0
1781969372,5000,GET,/predict/colleges-list,0.000000,0.000000,0,0,0,0,0,0,0,0,0,0,0,73,0,10000,11467.014224657116,2163.6379000046873,42284.461099996406,102062.0
1781969372,5000,POST,/predict/rank [guest],0.000000,0.000000,0,0,0,0,0,0,0,0,0,0,0,107,78,21000,22073.602598130856,1961.7800999985775,69451.81859999866,66.42056074766356
1781969372,5000,,Aggregated,9.700000,0.000000,83000,84000,85000,85000,86000,86000,87000,87000,87000,87000,87000,1043,137,35000,38434.60538676891,1952.3425000006682,87062.67219999427,7272.138063279003
1781969373,5000,POST,/auth/login [setup],9.900000,0.000000,84000,85000,85000,86000,87000,88000,88000,88000,88000,88000,88000,786,40,47000,46692.71275865149,4056.311200001801,88198.36430000578,158.3269720101781
1781969373,5000,GET,/auth/me,0.000000,0.000000,0,0,0,0,0,0,0,0,0,0,0,3,0,28000,28018.772533330775,27648.28789999592,28205.055400001584,330.3333333333333
1781969373,5000,POST,/auth/update-profile,0.000000,0.000000,0,0,0,0,0,0,0,0,0,0,0,1,0,58464.32890000142,58464.32890000142,58464.32890000142,58464.32890000142,72.0
1781969373,5000,GET,/config,0.000000,0.000000,0,0,0,0,0,0,0,0,0,0,0,59,0,10000,10795.951340677782,1952.3425000006682,45048.77829999896,28.0
1781969373,5000,POST,/payment/create-order,0.000000,0.000000,0,0,0,0,0,0,0,0,0,0,0,4,0,29000,29163.12782499699,28777.679999999236,29484.245499996177,173.25
1781969373,5000,POST,/predict/colleges [guest],0.000000,0.000000,0,0,0,0,0,0,0,0,0,0,0,19,19,2100,4320.745789473126,1983.7504000024637,18430.37959999492,45.0
1781969373,5000,GET,/predict/colleges-list,0.000000,0.000000,0,0,0,0,0,0,0,0,0,0,0,73,0,10000,11467.014224657116,2163.6379000046873,42284.461099996406,102062.0
1781969373,5000,POST,/predict/rank [guest],0.000000,0.000000,0,0,0,0,0,0,0,0,0,0,0,107,78,21000,22073.602598130856,1961.7800999985775,69451.81859999866,66.42056074766356
1781969373,5000,,Aggregated,9.900000,0.000000,84000,85000,85000,86000,87000,88000,88000,88000,88000,88000,88000,1052,137,35000,38857.09905095056,1952.3425000006682,88198.36430000578,7211.350760456274
1781969374,5000,POST,/auth/login [setup],9.700000,0.000000,85000,86000,87000,88000,89000,89000,89000,89000,89000,89000,89000,800,40,48000,47429.53670287511,4056.311200001801,89403.25180000218,158.4775
1781969374,5000,GET,/auth/me,0.000000,0.000000,0,0,0,0,0,0,0,0,0,0,0,3,0,28000,28018.772533330775,27648.28789999592,28205.055400001584,330.3333333333333
1781969374,5000,POST,/auth/update-profile,0.000000,0.000000,0,0,0,0,0,0,0,0,0,0,0,1,0,58464.32890000142,58464.32890000142,58464.32890000142,58464.32890000142,72.0
1781969374,5000,GET,/config,0.000000,0.000000,0,0,0,0,0,0,0,0,0,0,0,59,0,10000,10795.951340677782,1952.3425000006682,45048.77829999896,28.0
1781969374,5000,POST,/payment/create-order,0.000000,0.000000,0,0,0,0,0,0,0,0,0,0,0,4,0,29000,29163.12782499699,28777.679999999236,29484.245499996177,173.25
1781969374,5000,POST,/predict/colleges [guest],0.000000,0.000000,0,0,0,0,0,0,0,0,0,0,0,19,19,2100,4320.745789473126,1983.7504000024637,18430.37959999492,45.0
1781969374,5000,GET,/predict/colleges-list,0.000000,0.000000,0,0,0,0,0,0,0,0,0,0,0,73,0,10000,11467.014224657116,2163.6379000046873,42284.461099996406,102062.0
1781969374,5000,POST,/predict/rank [guest],0.000000,0.000000,89000,89000,89000,89000,89000,89000,89000,89000,89000,89000,89000,108,79,21000,22691.444687962925,1961.7800999985775,88800.54829999426,66.22222222222223
1781969374,5000,,Aggregated,9.700000,0.000000,85000,86000,87000,88000,89000,89000,89000,89000,89000,89000,89000,1067,138,36000,39559.16202802249,1952.3425000006682,89403.25180000218,7112.205248359887
1781969375,5000,POST,/auth/login [setup],9.700000,0.000000,85000,88000,89000,89000,90000,90000,90000,90000,90000,90000,90000,812,40,48000,48060.07680738927,4056.311200001801,90415.11129999708,158.5935960591133
1781969375,5000,GET,/auth/me,0.000000,0.000000,0,0,0,0,0,0,0,0,0,0,0,3,0,28000,28018.772533330775,27648.28789999592,28205.055400001584,330.3333333333333
1781969375,5000,POST,/auth/update-profile,0.000000,0.000000,0,0,0,0,0,0,0,0,0,0,0,1,0,58464.32890000142,58464.32890000142,58464.32890000142,58464.32890000142,72.0
1781969375,5000,GET,/config,0.000000,0.000000,0,0,0,0,0,0,0,0,0,0,0,59,0,10000,10795.951340677782,1952.3425000006682,45048.77829999896,28.0
1781969375,5000,POST,/payment/create-order,0.000000,0.000000,0,0,0,0,0,0,0,0,0,0,0,4,0,29000,29163.12782499699,28777.679999999236,29484.245499996177,173.25
1781969375,5000,POST,/predict/colleges [guest],0.000000,0.000000,0,0,0,0,0,0,0,0,0,0,0,19,19,2100,4320.745789473126,1983.7504000024637,18430.37959999492,45.0
1781969375,5000,GET,/predict/colleges-list,0.000000,0.000000,0,0,0,0,0,0,0,0,0,0,0,73,0,10000,11467.014224657116,2163.6379000046873,42284.461099996406,102062.0
1781969375,5000,POST,/predict/rank [guest],0.000000,0.000000,89000,89000,89000,89000,89000,89000,89000,89000,89000,89000,89000,108,79,21000,22691.444687962925,1961.7800999985775,88800.54829999426,66.22222222222223
1781969375,5000,,Aggregated,9.700000,0.000000,85000,88000,89000,89000,90000,90000,90000,90000,90000,90000,90000,1079,138,37000,40121.20378980536,1952.3425000006682,90415.11129999708,7034.957367933272
1781969376,5000,POST,/auth/login [setup],10.000000,0.000000,87000,89000,89000,90000,90000,91000,91000,91000,91000,91000,91000,820,40,49000,48477.57898012205,4056.311200001801,91179.510199996,158.6768292682927
1781969376,5000,GET,/auth/me,0.000000,0.000000,0,0,0,0,0,0,0,0,0,0,0,3,0,28000,28018.772533330775,27648.28789999592,28205.055400001584,330.3333333333333
1781969376,5000,POST,/auth/update-profile,0.000000,0.000000,0,0,0,0,0,0,0,0,0,0,0,1,0,58464.32890000142,58464.32890000142,58464.32890000142,58464.32890000142,72.0
1781969376,5000,GET,/config,0.000000,0.000000,0,0,0,0,0,0,0,0,0,0,0,59,0,10000,10795.951340677782,1952.3425000006682,45048.77829999896,28.0
1781969376,5000,POST,/payment/create-order,0.000000,0.000000,0,0,0,0,0,0,0,0,0,0,0,4,0,29000,29163.12782499699,28777.679999999236,29484.245499996177,173.25
1781969376,5000,POST,/predict/colleges [guest],0.000000,0.000000,0,0,0,0,0,0,0,0,0,0,0,19,19,2100,4320.745789473126,1983.7504000024637,18430.37959999492,45.0
1781969376,5000,GET,/predict/colleges-list,0.000000,0.000000,0,0,0,0,0,0,0,0,0,0,0,73,0,10000,11467.014224657116,2163.6379000046873,42284.461099996406,102062.0
1781969376,5000,POST,/predict/rank [guest],0.100000,0.100000,89000,89000,89000,89000,89000,89000,89000,89000,89000,89000,89000,108,79,21000,22691.444687962925,1961.7800999985775,88800.54829999426,66.22222222222223
1781969376,5000,,Aggregated,10.100000,0.100000,87000,89000,89000,90000,90000,91000,91000,91000,91000,91000,91000,1087,138,37000,40494.58259917202,1952.3425000006682,91179.510199996,6984.41214351426
1781969377,5000,POST,/auth/login [setup],10.000000,0.000000,88000,89000,90000,90000,91000,92000,92000,92000,92000,92000,92000,829,40,49000,48947.47187177332,4056.311200001801,92147.57790000294,158.76357056694812
1781969377,5000,GET,/auth/me,0.000000,0.000000,0,0,0,0,0,0,0,0,0,0,0,3,0,28000,28018.772533330775,27648.28789999592,28205.055400001584,330.3333333333333
1781969377,5000,POST,/auth/update-profile,0.000000,0.000000,0,0,0,0,0,0,0,0,0,0,0,1,0,58464.32890000142,58464.32890000142,58464.32890000142,58464.32890000142,72.0
1781969377,5000,GET,/config,0.000000,0.000000,0,0,0,0,0,0,0,0,0,0,0,59,0,10000,10795.951340677782,1952.3425000006682,45048.77829999896,28.0
1781969377,5000,POST,/payment/create-order,0.000000,0.000000,0,0,0,0,0,0,0,0,0,0,0,4,0,29000,29163.12782499699,28777.679999999236,29484.245499996177,173.25
1781969377,5000,POST,/predict/colleges [guest],0.000000,0.000000,0,0,0,0,0,0,0,0,0,0,0,19,19,2100,4320.745789473126,1983.7504000024637,18430.37959999492,45.0
1781969377,5000,GET,/predict/colleges-list,0.000000,0.000000,0,0,0,0,0,0,0,0,0,0,0,73,0,10000,11467.014224657116,2163.6379000046873,42284.461099996406,102062.0
1781969377,5000,POST,/predict/rank [guest],0.100000,0.100000,89000,89000,89000,89000,89000,89000,89000,89000,89000,89000,89000,108,79,21000,22691.444687962925,1961.7800999985775,88800.54829999426,66.22222222222223
1781969377,5000,,Aggregated,10.100000,0.100000,88000,89000,90000,90000,91000,92000,92000,92000,92000,92000,92000,1096,138,37000,40915.55721104013,1952.3425000006682,92147.57790000294,6928.42700729927
1781969378,5000,POST,/auth/login [setup],10.100000,0.000000,89000,90000,91000,91000,92000,93000,93000,93000,93000,93000,93000,839,40,50000,49467.86593230045,4056.311200001801,93089.38350000244,158.85935637663886
1781969378,5000,GET,/auth/me,0.000000,0.000000,0,0,0,0,0,0,0,0,0,0,0,3,0,28000,28018.772533330775,27648.28789999592,28205.055400001584,330.3333333333333
1781969378,5000,POST,/auth/update-profile,0.000000,0.000000,0,0,0,0,0,0,0,0,0,0,0,1,0,58464.32890000142,58464.32890000142,58464.32890000142,58464.32890000142,72.0
1781969378,5000,GET,/config,0.000000,0.000000,0,0,0,0,0,0,0,0,0,0,0,59,0,10000,10795.951340677782,1952.3425000006682,45048.77829999896,28.0
1781969378,5000,POST,/payment/create-order,0.000000,0.000000,0,0,0,0,0,0,0,0,0,0,0,4,0,29000,29163.12782499699,28777.679999999236,29484.245499996177,173.25
1781969378,5000,POST,/predict/colleges [guest],0.000000,0.000000,0,0,0,0,0,0,0,0,0,0,0,19,19,2100,4320.745789473126,1983.7504000024637,18430.37959999492,45.0
1781969378,5000,GET,/predict/colleges-list,0.000000,0.000000,0,0,0,0,0,0,0,0,0,0,0,73,0,10000,11467.014224657116,2163.6379000046873,42284.461099996406,102062.0
1781969378,5000,POST,/predict/rank [guest],0.100000,0.100000,89000,89000,89000,89000,89000,89000,89000,89000,89000,89000,89000,108,79,21000,22691.444687962925,1961.7800999985775,88800.54829999426,66.22222222222223
1781969378,5000,,Aggregated,10.200000,0.100000,89000,90000,91000,91000,92000,93000,93000,93000,93000,93000,93000,1106,138,38000,41382.94397721517,1952.3425000006682,93089.38350000244,6867.291139240507
1781969379,5000,POST,/auth/login [setup],10.100000,0.000000,90000,91000,92000,92000,93000,94000,94000,94000,94000,94000,94000,845,40,50000,49782.48335230779,4056.311200001801,94156.52009999758,158.9171597633136
1781969379,5000,GET,/auth/me,0.000000,0.000000,0,0,0,0,0,0,0,0,0,0,0,3,0,28000,28018.772533330775,27648.28789999592,28205.055400001584,330.3333333333333
1781969379,5000,POST,/auth/update-profile,0.000000,0.000000,0,0,0,0,0,0,0,0,0,0,0,1,0,58464.32890000142,58464.32890000142,58464.32890000142,58464.32890000142,72.0
1781969379,5000,GET,/config,0.000000,0.000000,0,0,0,0,0,0,0,0,0,0,0,59,0,10000,10795.951340677782,1952.3425000006682,45048.77829999896,28.0
1781969379,5000,POST,/payment/create-order,0.000000,0.000000,0,0,0,0,0,0,0,0,0,0,0,4,0,29000,29163.12782499699,28777.679999999236,29484.245499996177,173.25
1781969379,5000,POST,/predict/colleges [guest],0.000000,0.000000,0,0,0,0,0,0,0,0,0,0,0,19,19,2100,4320.745789473126,1983.7504000024637,18430.37959999492,45.0
1781969379,5000,GET,/predict/colleges-list,0.000000,0.000000,0,0,0,0,0,0,0,0,0,0,0,73,0,10000,11467.014224657116,2163.6379000046873,42284.461099996406,102062.0
1781969379,5000,POST,/predict/rank [guest],0.100000,0.100000,89000,89000,89000,89000,89000,89000,89000,89000,89000,89000,89000,108,79,21000,22691.444687962925,1961.7800999985775,88800.54829999426,66.22222222222223
1781969379,5000,,Aggregated,10.200000,0.100000,90000,91000,92000,92000,93000,94000,94000,94000,94000,94000,94000,1112,138,38000,41665.64294451437,1952.3425000006682,94156.52009999758,6831.1384892086335
1781969380,5000,POST,/auth/login [setup],9.600000,0.000000,90000,92000,92000,93000,94000,94000,95000,95000,95000,95000,95000,853,40,51000,50202.99992368122,4056.311200001801,95281.33820000221,158.99062133645955
1781969380,5000,GET,/auth/me,0.000000,0.000000,0,0,0,0,0,0,0,0,0,0,0,3,0,28000,28018.772533330775,27648.28789999592,28205.055400001584,330.3333333333333
1781969380,5000,POST,/auth/update-profile,0.000000,0.000000,0,0,0,0,0,0,0,0,0,0,0,1,0,58464.32890000142,58464.32890000142,58464.32890000142,58464.32890000142,72.0
1781969380,5000,GET,/config,0.000000,0.000000,0,0,0,0,0,0,0,0,0,0,0,59,0,10000,10795.951340677782,1952.3425000006682,45048.77829999896,28.0
1781969380,5000,POST,/payment/create-order,0.000000,0.000000,91000,91000,91000,91000,91000,91000,91000,91000,91000,91000,91000,5,0,29000,41486.759159997746,28777.679999999236,90781.28450000077,173.2
1781969380,5000,POST,/predict/colleges [guest],0.000000,0.000000,0,0,0,0,0,0,0,0,0,0,0,19,19,2100,4320.745789473126,1983.7504000024637,18430.37959999492,45.0
1781969380,5000,GET,/predict/colleges-list,0.000000,0.000000,0,0,0,0,0,0,0,0,0,0,0,73,0,10000,11467.014224657116,2163.6379000046873,42284.461099996406,102062.0
1781969380,5000,POST,/predict/rank [guest],0.100000,0.100000,89000,89000,89000,89000,89000,89000,89000,89000,89000,89000,89000,108,79,21000,22691.444687962925,1961.7800999985775,88800.54829999426,66.22222222222223
1781969380,5000,,Aggregated,9.700000,0.100000,90000,92000,92000,93000,94000,94000,95000,95000,95000,95000,95000,1121,138,38000,42087.36551382693,1952.3425000006682,95281.33820000221,6777.638715432649
1781969381,5000,POST,/auth/login [setup],9.600000,0.000000,91000,93000,94000,95000,96000,96000,96000,96000,96000,96000,96000,867,40,51000,50939.99795547876,4056.311200001801,96398.076700003,159.11764705882354
1781969381,5000,GET,/auth/me,0.000000,0.000000,0,0,0,0,0,0,0,0,0,0,0,3,0,28000,28018.772533330775,27648.28789999592,28205.055400001584,330.3333333333333
1781969381,5000,POST,/auth/update-profile,0.000000,0.000000,0,0,0,0,0,0,0,0,0,0,0,1,0,58464.32890000142,58464.32890000142,58464.32890000142,58464.32890000142,72.0
1781969381,5000,GET,/config,0.000000,0.000000,0,0,0,0,0,0,0,0,0,0,0,59,0,10000,10795.951340677782,1952.3425000006682,45048.77829999896,28.0
1781969381,5000,POST,/payment/create-order,0.000000,0.000000,91000,91000,91000,91000,91000,91000,91000,91000,91000,91000,91000,5,0,29000,41486.759159997746,28777.679999999236,90781.28450000077,173.2
1781969381,5000,POST,/predict/colleges [guest],0.000000,0.000000,0,0,0,0,0,0,0,0,0,0,0,19,19,2100,4320.745789473126,1983.7504000024637,18430.37959999492,45.0
1781969381,5000,GET,/predict/colleges-list,0.000000,0.000000,0,0,0,0,0,0,0,0,0,0,0,73,0,10000,11467.014224657116,2163.6379000046873,42284.461099996406,102062.0
1781969381,5000,POST,/predict/rank [guest],0.100000,0.100000,89000,89000,89000,89000,89000,89000,89000,89000,89000,89000,89000,108,79,21000,22691.444687962925,1961.7800999985775,88800.54829999426,66.22222222222223
1781969381,5000,,Aggregated,9.700000,0.100000,91000,93000,94000,94000,95000,96000,96000,96000,96000,96000,96000,1135,138,39000,42750.44584449338,1952.3425000006682,96398.076700003,6696.096035242291
1781969382,5000,POST,/auth/login [setup],9.100000,0.000000,92000,94000,95000,96000,96000,97000,97000,97000,97000,97000,97000,879,40,52000,51565.869714220826,4056.311200001801,97407.1305000034,159.21843003412968
1781969382,5000,GET,/auth/me,0.000000,0.000000,0,0,0,0,0,0,0,0,0,0,0,3,0,28000,28018.772533330775,27648.28789999592,28205.055400001584,330.3333333333333
1781969382,5000,POST,/auth/update-profile,0.000000,0.000000,0,0,0,0,0,0,0,0,0,0,0,1,0,58464.32890000142,58464.32890000142,58464.32890000142,58464.32890000142,72.0
1781969382,5000,GET,/config,0.000000,0.000000,0,0,0,0,0,0,0,0,0,0,0,59,0,10000,10795.951340677782,1952.3425000006682,45048.77829999896,28.0
1781969382,5000,POST,/payment/create-order,0.100000,0.000000,91000,91000,91000,91000,91000,91000,91000,91000,91000,91000,91000,5,0,29000,41486.759159997746,28777.679999999236,90781.28450000077,173.2
1781969382,5000,POST,/predict/colleges [guest],0.000000,0.000000,0,0,0,0,0,0,0,0,0,0,0,19,19,2100,4320.745789473126,1983.7504000024637,18430.37959999492,45.0
1781969382,5000,GET,/predict/colleges-list,0.000000,0.000000,0,0,0,0,0,0,0,0,0,0,0,73,0,10000,11467.014224657116,2163.6379000046873,42284.461099996406,102062.0
1781969382,5000,POST,/predict/rank [guest],0.100000,0.100000,97000,97000,97000,97000,97000,97000,97000,97000,97000,97000,97000,109,80,21000,23371.108014678844,1961.7800999985775,96774.74729999813,66.02752293577981
1781969382,5000,,Aggregated,9.300000,0.100000,92000,94000,95000,96000,97000,97000,97000,97000,97000,97000,97000,1148,139,39000,43362.32755418119,1952.3425000006682,97407.1305000034,6622.048780487805
1781969383,5000,POST,/auth/login [setup],8.900000,0.000000,94000,95000,96000,96000,97000,98000,98000,98000,98000,98000,98000,885,40,53000,51880.446215367345,4056.311200001801,98163.84570000082,159.27457627118645
1781969383,5000,GET,/auth/me,0.000000,0.000000,0,0,0,0,0,0,0,0,0,0,0,3,0,28000,28018.772533330775,27648.28789999592,28205.055400001584,330.3333333333333
1781969383,5000,POST,/auth/update-profile,0.000000,0.000000,0,0,0,0,0,0,0,0,0,0,0,1,0,58464.32890000142,58464.32890000142,58464.32890000142,58464.32890000142,72.0
1781969383,5000,GET,/config,0.000000,0.000000,0,0,0,0,0,0,0,0,0,0,0,59,0,10000,10795.951340677782,1952.3425000006682,45048.77829999896,28.0
1781969383,5000,POST,/payment/create-order,0.100000,0.000000,91000,91000,91000,91000,91000,91000,91000,91000,91000,91000,91000,5,0,29000,41486.759159997746,28777.679999999236,90781.28450000077,173.2
1781969383,5000,POST,/predict/colleges [guest],0.000000,0.000000,0,0,0,0,0,0,0,0,0,0,0,19,19,2100,4320.745789473126,1983.7504000024637,18430.37959999492,45.0
1781969383,5000,GET,/predict/colleges-list,0.000000,0.000000,0,0,0,0,0,0,0,0,0,0,0,73,0,10000,11467.014224657116,2163.6379000046873,42284.461099996406,102062.0
1781969383,5000,POST,/predict/rank [guest],0.100000,0.100000,97000,97000,97000,97000,97000,97000,97000,97000,97000,97000,97000,109,80,21000,23371.108014678844,1961.7800999985775,96774.74729999813,66.02752293577981
1781969383,5000,,Aggregated,9.100000,0.100000,94000,95000,96000,96000,97000,98000,98000,98000,98000,98000,98000,1154,139,39000,43646.22829636049,1952.3425000006682,98163.84570000082,6588.489601386482
1781969384,5000,POST,/auth/login [setup],9.700000,0.000000,95000,96000,97000,97000,99000,99000,99000,99000,99000,99000,99000,896,40,53000,52459.82632064743,4056.311200001801,99391.43359999434,159.3671875
1781969384,5000,GET,/auth/me,0.000000,0.000000,0,0,0,0,0,0,0,0,0,0,0,3,0,28000,28018.772533330775,27648.28789999592,28205.055400001584,330.3333333333333
1781969384,5000,POST,/auth/update-profile,0.000000,0.000000,0,0,0,0,0,0,0,0,0,0,0,1,0,58464.32890000142,58464.32890000142,58464.32890000142,58464.32890000142,72.0
1781969384,5000,GET,/config,0.000000,0.000000,0,0,0,0,0,0,0,0,0,0,0,59,0,10000,10795.951340677782,1952.3425000006682,45048.77829999896,28.0
1781969384,5000,POST,/payment/create-order,0.100000,0.000000,91000,91000,91000,91000,91000,91000,91000,91000,91000,91000,91000,5,0,29000,41486.759159997746,28777.679999999236,90781.28450000077,173.2
1781969384,5000,POST,/predict/colleges [guest],0.000000,0.000000,0,0,0,0,0,0,0,0,0,0,0,19,19,2100,4320.745789473126,1983.7504000024637,18430.37959999492,45.0
1781969384,5000,GET,/predict/colleges-list,0.000000,0.000000,0,0,0,0,0,0,0,0,0,0,0,73,0,10000,11467.014224657116,2163.6379000046873,42284.461099996406,102062.0
1781969384,5000,POST,/predict/rank [guest],0.200000,0.200000,97000,97000,99000,99000,99000,99000,99000,99000,99000,99000,99000,110,81,21000,24063.07903545444,1961.7800999985775,99487.92029999458,65.83636363636364
1781969384,5000,,Aggregated,10.000000,0.200000,95000,96000,97000,97000,99000,99000,99000,99000,99000,99000,99000,1166,140,40000,44217.01960291595,1952.3425000006682,99487.92029999458,6522.295883361921
1781969385,5000,POST,/auth/login [setup],9.700000,0.000000,96000,97000,98000,99000,99000,100000,100000,100000,100000,100000,100000,905,40,54000,52929.69990342553,4056.311200001801,100075.83729999897,159.44309392265194
1781969385,5000,GET,/auth/me,0.000000,0.000000,0,0,0,0,0,0,0,0,0,0,0,3,0,28000,28018.772533330775,27648.28789999592,28205.055400001584,330.3333333333333
1781969385,5000,POST,/auth/update-profile,0.000000,0.000000,0,0,0,0,0,0,0,0,0,0,0,1,0,58464.32890000142,58464.32890000142,58464.32890000142,58464.32890000142,72.0
1781969385,5000,GET,/config,0.000000,0.000000,0,0,0,0,0,0,0,0,0,0,0,59,0,10000,10795.951340677782,1952.3425000006682,45048.77829999896,28.0
1781969385,5000,POST,/payment/create-order,0.100000,0.000000,91000,91000,91000,91000,91000,91000,91000,91000,91000,91000,91000,5,0,29000,41486.759159997746,28777.679999999236,90781.28450000077,173.2
1781969385,5000,POST,/predict/colleges [guest],0.000000,0.000000,0,0,0,0,0,0,0,0,0,0,0,19,19,2100,4320.745789473126,1983.7504000024637,18430.37959999492,45.0
1781969385,5000,GET,/predict/colleges-list,0.000000,0.000000,0,0,0,0,0,0,0,0,0,0,0,73,0,10000,11467.014224657116,2163.6379000046873,42284.461099996406,102062.0
1781969385,5000,POST,/predict/rank [guest],0.200000,0.200000,99000,100000,100000,100000,100000,100000,100000,100000,100000,100000,100000,112,83,21000,25416.53391339274,1961.7800999985775,99870.74220000068,65.46428571428571
1781969385,5000,,Aggregated,10.000000,0.200000,96000,97000,98000,99000,99000,100000,100000,100000,100000,100000,100000,1177,142,40000,44735.88104562447,1952.3425000006682,100075.83729999897,6462.693288020391
1781969386,5000,POST,/auth/login [setup],8.900000,0.000000,97000,98000,99000,99000,101000,101000,101000,101000,101000,101000,101000,915,40,54000,53453.69665661215,4056.311200001801,101249.55510000291,159.52786885245902
1781969386,5000,GET,/auth/me,0.000000,0.000000,0,0,0,0,0,0,0,0,0,0,0,3,0,28000,28018.772533330775,27648.28789999592,28205.055400001584,330.3333333333333
1781969386,5000,POST,/auth/update-profile,0.000000,0.000000,0,0,0,0,0,0,0,0,0,0,0,1,0,58464.32890000142,58464.32890000142,58464.32890000142,58464.32890000142,72.0
1781969386,5000,GET,/config,0.000000,0.000000,0,0,0,0,0,0,0,0,0,0,0,59,0,10000,10795.951340677782,1952.3425000006682,45048.77829999896,28.0
1781969386,5000,POST,/payment/create-order,0.100000,0.000000,91000,91000,91000,91000,91000,91000,91000,91000,91000,91000,91000,5,0,29000,41486.759159997746,28777.679999999236,90781.28450000077,173.2
1781969386,5000,POST,/predict/colleges [guest],0.000000,0.000000,0,0,0,0,0,0,0,0,0,0,0,19,19,2100,4320.745789473126,1983.7504000024637,18430.37959999492,45.0
1781969386,5000,GET,/predict/colleges-list,0.000000,0.000000,0,0,0,0,0,0,0,0,0,0,0,73,0,10000,11467.014224657116,2163.6379000046873,42284.461099996406,102062.0
1781969386,5000,POST,/predict/rank [guest],0.100000,0.100000,99000,100000,100000,100000,100000,100000,100000,100000,100000,100000,100000,112,83,21000,25416.53391339274,1961.7800999985775,99870.74220000068,65.46428571428571
1781969386,5000,,Aggregated,9.100000,0.100000,97000,99000,99000,100000,100000,101000,101000,101000,101000,101000,101000,1187,142,41000,45208.83405130583,1952.3425000006682,101249.55510000291,6409.656276326875
1781969387,5000,POST,/auth/login [setup],9.800000,0.000000,97000,99000,100000,100000,101000,102000,102000,103000,103000,103000,103000,921,40,54000,53771.76088382208,4056.311200001801,102623.07460000011,159.5754614549403
1781969387,5000,GET,/auth/me,0.000000,0.000000,0,0,0,0,0,0,0,0,0,0,0,3,0,28000,28018.772533330775,27648.28789999592,28205.055400001584,330.3333333333333
1781969387,5000,POST,/auth/update-profile,0.000000,0.000000,0,0,0,0,0,0,0,0,0,0,0,1,0,58464.32890000142,58464.32890000142,58464.32890000142,58464.32890000142,72.0
1781969387,5000,GET,/config,0.000000,0.000000,0,0,0,0,0,0,0,0,0,0,0,59,0,10000,10795.951340677782,1952.3425000006682,45048.77829999896,28.0
1781969387,5000,POST,/payment/create-order,0.100000,0.000000,91000,91000,91000,91000,91000,91000,91000,91000,91000,91000,91000,5,0,29000,41486.759159997746,28777.679999999236,90781.28450000077,173.2
1781969387,5000,POST,/predict/colleges [guest],0.000000,0.000000,0,0,0,0,0,0,0,0,0,0,0,19,19,2100,4320.745789473126,1983.7504000024637,18430.37959999492,45.0
1781969387,5000,GET,/predict/colleges-list,0.000000,0.000000,0,0,0,0,0,0,0,0,0,0,0,73,0,10000,11467.014224657116,2163.6379000046873,42284.461099996406,102062.0
1781969387,5000,POST,/predict/rank [guest],0.400000,0.400000,100000,100000,100000,100000,100000,100000,100000,100000,100000,100000,100000,112,83,21000,25416.53391339274,1961.7800999985775,99870.74220000068,65.46428571428571
1781969387,5000,,Aggregated,10.300000,0.400000,97000,99000,100000,100000,101000,102000,102000,103000,103000,103000,103000,1193,142,41000,45495.84690033532,1952.3425000006682,102623.07460000011,6378.259010896899
1781969388,5000,POST,/auth/login [setup],9.600000,0.000000,99000,100000,101000,102000,103000,103000,103000,104000,104000,104000,104000,934,40,55000,54456.157131584725,4056.311200001801,103549.5013999971,159.67558886509636
1781969388,5000,GET,/auth/me,0.000000,0.000000,0,0,0,0,0,0,0,0,0,0,0,3,0,28000,28018.772533330775,27648.28789999592,28205.055400001584,330.3333333333333
1781969388,5000,POST,/auth/update-profile,0.000000,0.000000,0,0,0,0,0,0,0,0,0,0,0,1,0,58464.32890000142,58464.32890000142,58464.32890000142,58464.32890000142,72.0
1781969388,5000,GET,/config,0.000000,0.000000,0,0,0,0,0,0,0,0,0,0,0,59,0,10000,10795.951340677782,1952.3425000006682,45048.77829999896,28.0
1781969388,5000,POST,/payment/create-order,0.100000,0.000000,91000,91000,91000,91000,91000,91000,91000,91000,91000,91000,91000,5,0,29000,41486.759159997746,28777.679999999236,90781.28450000077,173.2
1781969388,5000,POST,/predict/colleges [guest],0.000000,0.000000,0,0,0,0,0,0,0,0,0,0,0,19,19,2100,4320.745789473126,1983.7504000024637,18430.37959999492,45.0
1781969388,5000,GET,/predict/colleges-list,0.000000,0.000000,0,0,0,0,0,0,0,0,0,0,0,73,0,10000,11467.014224657116,2163.6379000046873,42284.461099996406,102062.0
1781969388,5000,POST,/predict/rank [guest],0.400000,0.400000,100000,100000,100000,100000,100000,100000,100000,100000,100000,100000,100000,112,83,21000,25416.53391339274,1961.7800999985775,99870.74220000068,65.46428571428571
1781969388,5000,,Aggregated,10.100000,0.400000,99000,100000,101000,102000,103000,103000,103000,104000,104000,104000,104000,1206,142,42000,46115.09480845774,1952.3425000006682,103549.5013999971,6311.302653399668
1781969389,5000,POST,/auth/login [setup],9.000000,0.000000,100000,101000,103000,103000,104000,104000,104000,104000,104000,104000,104000,946,40,55000,55083.40771109951,4056.311200001801,104344.86779999861,159.7706131078224
1781969389,5000,GET,/auth/me,0.000000,0.000000,0,0,0,0,0,0,0,0,0,0,0,3,0,28000,28018.772533330775,27648.28789999592,28205.055400001584,330.3333333333333
1781969389,5000,POST,/auth/update-profile,0.000000,0.000000,0,0,0,0,0,0,0,0,0,0,0,1,0,58464.32890000142,58464.32890000142,58464.32890000142,58464.32890000142,72.0
1781969389,5000,GET,/config,0.000000,0.000000,0,0,0,0,0,0,0,0,0,0,0,59,0,10000,10795.951340677782,1952.3425000006682,45048.77829999896,28.0
1781969389,5000,POST,/payment/create-order,0.100000,0.000000,91000,91000,91000,91000,91000,91000,91000,91000,91000,91000,91000,5,0,29000,41486.759159997746,28777.679999999236,90781.28450000077,173.2
1781969389,5000,POST,/predict/colleges [guest],0.000000,0.000000,0,0,0,0,0,0,0,0,0,0,0,19,19,2100,4320.745789473126,1983.7504000024637,18430.37959999492,45.0
1781969389,5000,GET,/predict/colleges-list,0.000000,0.000000,0,0,0,0,0,0,0,0,0,0,0,73,0,10000,11467.014224657116,2163.6379000046873,42284.461099996406,102062.0
1781969389,5000,POST,/predict/rank [guest],0.400000,0.400000,100000,100000,100000,100000,100000,100000,100000,100000,100000,100000,100000,112,83,21000,25416.53391339274,1961.7800999985775,99870.74220000068,65.46428571428571
1781969389,5000,,Aggregated,9.500000,0.400000,100000,101000,103000,103000,104000,104000,104000,104000,104000,104000,104000,1218,142,44000,46684.44767881776,1952.3425000006682,104344.86779999861,6250.769293924466
1781969390,5000,POST,/auth/login [setup],9.300000,0.000000,101000,103000,103000,104000,105000,105000,105000,105000,105000,105000,105000,956,40,56000,55604.731203661235,4056.311200001801,105322.68289999774,159.84518828451883
1781969390,5000,GET,/auth/me,0.000000,0.000000,0,0,0,0,0,0,0,0,0,0,0,3,0,28000,28018.772533330775,27648.28789999592,28205.055400001584,330.3333333333333
1781969390,5000,POST,/auth/update-profile,0.000000,0.000000,0,0,0,0,0,0,0,0,0,0,0,1,0,58464.32890000142,58464.32890000142,58464.32890000142,58464.32890000142,72.0
1781969390,5000,GET,/config,0.000000,0.000000,0,0,0,0,0,0,0,0,0,0,0,59,0,10000,10795.951340677782,1952.3425000006682,45048.77829999896,28.0
1781969390,5000,POST,/payment/create-order,0.100000,0.000000,91000,91000,91000,91000,91000,91000,91000,91000,91000,91000,91000,5,0,29000,41486.759159997746,28777.679999999236,90781.28450000077,173.2
1781969390,5000,POST,/predict/colleges [guest],0.000000,0.000000,0,0,0,0,0,0,0,0,0,0,0,19,19,2100,4320.745789473126,1983.7504000024637,18430.37959999492,45.0
1781969390,5000,GET,/predict/colleges-list,0.000000,0.000000,0,0,0,0,0,0,0,0,0,0,0,73,0,10000,11467.014224657116,2163.6379000046873,42284.461099996406,102062.0
1781969390,5000,POST,/predict/rank [guest],0.400000,0.400000,100000,100000,100000,100000,100000,100000,100000,100000,100000,100000,100000,112,83,21000,25416.53391339274,1961.7800999985775,99870.74220000068,65.46428571428571
1781969390,5000,,Aggregated,9.800000,0.400000,101000,103000,103000,104000,105000,105000,105000,105000,105000,105000,105000,1228,142,44000,47158.69430684042,1952.3425000006682,105322.68289999774,6201.226384364821
1781969391,5000,POST,/auth/login [setup],9.900000,0.000000,102000,103000,104000,104000,105000,106000,106000,106000,106000,106000,106000,963,40,56000,55970.72014652145,4056.311200001801,106394.11100000143,159.89719626168224
1781969391,5000,GET,/auth/me,0.000000,0.000000,0,0,0,0,0,0,0,0,0,0,0,3,0,28000,28018.772533330775,27648.28789999592,28205.055400001584,330.3333333333333
1781969391,5000,POST,/auth/update-profile,0.000000,0.000000,0,0,0,0,0,0,0,0,0,0,0,1,0,58464.32890000142,58464.32890000142,58464.32890000142,58464.32890000142,72.0
1781969391,5000,GET,/config,0.000000,0.000000,0,0,0,0,0,0,0,0,0,0,0,59,0,10000,10795.951340677782,1952.3425000006682,45048.77829999896,28.0
1781969391,5000,POST,/payment/create-order,0.100000,0.000000,91000,91000,91000,91000,91000,91000,91000,91000,91000,91000,91000,5,0,29000,41486.759159997746,28777.679999999236,90781.28450000077,173.2
1781969391,5000,POST,/predict/colleges [guest],0.000000,0.000000,0,0,0,0,0,0,0,0,0,0,0,19,19,2100,4320.745789473126,1983.7504000024637,18430.37959999492,45.0
1781969391,5000,GET,/predict/colleges-list,0.000000,0.000000,0,0,0,0,0,0,0,0,0,0,0,73,0,10000,11467.014224657116,2163.6379000046873,42284.461099996406,102062.0
1781969391,5000,POST,/predict/rank [guest],0.400000,0.400000,100000,100000,100000,100000,100000,100000,100000,100000,100000,100000,100000,112,83,21000,25416.53391339274,1961.7800999985775,99870.74220000068,65.46428571428571
1781969391,5000,,Aggregated,10.400000,0.400000,102000,103000,104000,104000,105000,106000,106000,106000,106000,106000,106000,1235,142,44000,47491.94905198385,1952.3425000006682,106394.11100000143,6167.024291497975
1781969392,5000,POST,/auth/login [setup],10.000000,0.000000,103000,104000,105000,105000,107000,107000,107000,108000,108000,108000,108000,975,40,57000,56598.1045810258,4056.311200001801,107580.57310000004,159.9805128205128
1781969392,5000,GET,/auth/me,0.000000,0.000000,0,0,0,0,0,0,0,0,0,0,0,3,0,28000,28018.772533330775,27648.28789999592,28205.055400001584,330.3333333333333
1781969392,5000,POST,/auth/update-profile,0.000000,0.000000,0,0,0,0,0,0,0,0,0,0,0,1,0,58464.32890000142,58464.32890000142,58464.32890000142,58464.32890000142,72.0
1781969392,5000,GET,/config,0.000000,0.000000,0,0,0,0,0,0,0,0,0,0,0,59,0,10000,10795.951340677782,1952.3425000006682,45048.77829999896,28.0
1781969392,5000,POST,/payment/create-order,0.000000,0.000000,91000,91000,91000,91000,91000,91000,91000,91000,91000,91000,91000,5,0,29000,41486.759159997746,28777.679999999236,90781.28450000077,173.2
1781969392,5000,POST,/predict/colleges [guest],0.000000,0.000000,0,0,0,0,0,0,0,0,0,0,0,19,19,2100,4320.745789473126,1983.7504000024637,18430.37959999492,45.0
1781969392,5000,GET,/predict/colleges-list,0.000000,0.000000,0,0,0,0,0,0,0,0,0,0,0,73,0,10000,11467.014224657116,2163.6379000046873,42284.461099996406,102062.0
1781969392,5000,POST,/predict/rank [guest],0.400000,0.400000,100000,100000,100000,100000,100000,100000,100000,100000,100000,100000,100000,112,83,21000,25416.53391339274,1961.7800999985775,99870.74220000068,65.46428571428571
1781969392,5000,,Aggregated,10.400000,0.400000,103000,104000,105000,105000,107000,107000,107000,108000,108000,108000,108000,1247,142,45000,48064.07822341624,1952.3425000006682,107580.57310000004,6109.282277465918
1781969393,5000,POST,/auth/login [setup],9.900000,0.000000,104000,105000,106000,107000,107000,108000,108000,108000,108000,108000,108000,983,40,58000,57016.54278982724,4056.311200001801,108387.31369999732,160.03763987792473
1781969393,5000,GET,/auth/me,0.000000,0.000000,0,0,0,0,0,0,0,0,0,0,0,3,0,28000,28018.772533330775,27648.28789999592,28205.055400001584,330.3333333333333
1781969393,5000,POST,/auth/update-profile,0.000000,0.000000,0,0,0,0,0,0,0,0,0,0,0,1,0,58464.32890000142,58464.32890000142,58464.32890000142,58464.32890000142,72.0
1781969393,5000,GET,/config,0.000000,0.000000,0,0,0,0,0,0,0,0,0,0,0,59,0,10000,10795.951340677782,1952.3425000006682,45048.77829999896,28.0
1781969393,5000,POST,/payment/create-order,0.000000,0.000000,91000,91000,91000,91000,91000,91000,91000,91000,91000,91000,91000,5,0,29000,41486.759159997746,28777.679999999236,90781.28450000077,173.2
1781969393,5000,POST,/predict/colleges [guest],0.000000,0.000000,0,0,0,0,0,0,0,0,0,0,0,19,19,2100,4320.745789473126,1983.7504000024637,18430.37959999492,45.0
1781969393,5000,GET,/predict/colleges-list,0.000000,0.000000,0,0,0,0,0,0,0,0,0,0,0,73,0,10000,11467.014224657116,2163.6379000046873,42284.461099996406,102062.0
1781969393,5000,POST,/predict/rank [guest],0.400000,0.400000,100000,100000,100000,100000,100000,100000,100000,100000,100000,100000,100000,112,83,21000,25416.53391339274,1961.7800999985775,99870.74220000068,65.46428571428571
1781969393,5000,,Aggregated,10.300000,0.400000,104000,105000,106000,107000,107000,108000,108000,108000,108000,108000,108000,1255,142,45000,48446.22720358572,1952.3425000006682,108387.31369999732,6071.403187250996
1781969394,5000,POST,/auth/login [setup],9.600000,0.000000,105000,106000,107000,108000,109000,109000,109000,109000,109000,109000,109000,992,40,58000,57487.92562328647,4056.311200001801,109227.35320000356,160.09879032258064
1781969394,5000,GET,/auth/me,0.000000,0.000000,0,0,0,0,0,0,0,0,0,0,0,3,0,28000,28018.772533330775,27648.28789999592,28205.055400001584,330.3333333333333
1781969394,5000,POST,/auth/update-profile,0.000000,0.000000,0,0,0,0,0,0,0,0,0,0,0,1,0,58464.32890000142,58464.32890000142,58464.32890000142,58464.32890000142,72.0
1781969394,5000,GET,/config,0.000000,0.000000,0,0,0,0,0,0,0,0,0,0,0,59,0,10000,10795.951340677782,1952.3425000006682,45048.77829999896,28.0
1781969394,5000,POST,/payment/create-order,0.000000,0.000000,91000,91000,91000,91000,91000,91000,91000,91000,91000,91000,91000,5,0,29000,41486.759159997746,28777.679999999236,90781.28450000077,173.2
1781969394,5000,POST,/predict/colleges [guest],0.000000,0.000000,0,0,0,0,0,0,0,0,0,0,0,19,19,2100,4320.745789473126,1983.7504000024637,18430.37959999492,45.0
1781969394,5000,GET,/predict/colleges-list,0.000000,0.000000,0,0,0,0,0,0,0,0,0,0,0,73,0,10000,11467.014224657116,2163.6379000046873,42284.461099996406,102062.0
1781969394,5000,POST,/predict/rank [guest],0.300000,0.300000,100000,100000,100000,100000,100000,100000,100000,100000,100000,100000,100000,112,83,21000,25416.53391339274,1961.7800999985775,99870.74220000068,65.46428571428571
1781969394,5000,,Aggregated,9.900000,0.300000,105000,106000,107000,108000,109000,109000,109000,109000,109000,109000,109000,1264,142,45000,48877.196041455754,1952.3425000006682,109227.35320000356,6029.360759493671
1781969395,5000,POST,/auth/login [setup],9.600000,0.000000,106000,107000,108000,109000,109000,110000,110000,110000,110000,110000,110000,1001,40,59000,57959.43260909108,4056.311200001801,110090.81159999914,160.15784215784217
1781969395,5000,GET,/auth/me,0.000000,0.000000,0,0,0,0,0,0,0,0,0,0,0,3,0,28000,28018.772533330775,27648.28789999592,28205.055400001584,330.3333333333333
1781969395,5000,POST,/auth/update-profile,0.000000,0.000000,0,0,0,0,0,0,0,0,0,0,0,1,0,58464.32890000142,58464.32890000142,58464.32890000142,58464.32890000142,72.0
1781969395,5000,GET,/config,0.000000,0.000000,0,0,0,0,0,0,0,0,0,0,0,59,0,10000,10795.951340677782,1952.3425000006682,45048.77829999896,28.0
1781969395,5000,POST,/payment/create-order,0.000000,0.000000,91000,91000,91000,91000,91000,91000,91000,91000,91000,91000,91000,5,0,29000,41486.759159997746,28777.679999999236,90781.28450000077,173.2
1781969395,5000,POST,/predict/colleges [guest],0.000000,0.000000,0,0,0,0,0,0,0,0,0,0,0,19,19,2100,4320.745789473126,1983.7504000024637,18430.37959999492,45.0
1781969395,5000,GET,/predict/colleges-list,0.000000,0.000000,0,0,0,0,0,0,0,0,0,0,0,73,0,10000,11467.014224657116,2163.6379000046873,42284.461099996406,102062.0
1781969395,5000,POST,/predict/rank [guest],0.300000,0.300000,100000,100000,100000,100000,100000,100000,100000,100000,100000,100000,100000,112,83,21000,25416.53391339274,1961.7800999985775,99870.74220000068,65.46428571428571
1781969395,5000,,Aggregated,9.900000,0.300000,106000,107000,108000,109000,109000,110000,110000,110000,110000,110000,110000,1273,142,46000,49308.83395113911,1952.3425000006682,110090.81159999914,5987.912018853103
1781969396,5000,POST,/auth/login [setup],9.600000,0.000000,106000,108000,109000,109000,110000,111000,111000,111000,111000,111000,111000,1009,40,59000,58378.07979692782,4056.311200001801,110933.24810000195,160.21209117938554
1781969396,5000,GET,/auth/me,0.000000,0.000000,0,0,0,0,0,0,0,0,0,0,0,3,0,28000,28018.772533330775,27648.28789999592,28205.055400001584,330.3333333333333
1781969396,5000,POST,/auth/update-profile,0.000000,0.000000,0,0,0,0,0,0,0,0,0,0,0,1,0,58464.32890000142,58464.32890000142,58464.32890000142,58464.32890000142,72.0
1781969396,5000,GET,/config,0.000000,0.000000,0,0,0,0,0,0,0,0,0,0,0,59,0,10000,10795.951340677782,1952.3425000006682,45048.77829999896,28.0
1781969396,5000,POST,/payment/create-order,0.000000,0.000000,91000,91000,91000,91000,91000,91000,91000,91000,91000,91000,91000,5,0,29000,41486.759159997746,28777.679999999236,90781.28450000077,173.2
1781969396,5000,POST,/predict/colleges [guest],0.000000,0.000000,0,0,0,0,0,0,0,0,0,0,0,19,19,2100,4320.745789473126,1983.7504000024637,18430.37959999492,45.0
1781969396,5000,GET,/predict/colleges-list,0.000000,0.000000,0,0,0,0,0,0,0,0,0,0,0,73,0,10000,11467.014224657116,2163.6379000046873,42284.461099996406,102062.0
1781969396,5000,POST,/predict/rank [guest],0.300000,0.300000,100000,100000,100000,100000,100000,100000,100000,100000,100000,100000,100000,112,83,21000,25416.53391339274,1961.7800999985775,99870.74220000068,65.46428571428571
1781969396,5000,,Aggregated,9.900000,0.300000,106000,108000,109000,109000,110000,111000,111000,111000,111000,111000,111000,1281,142,46000,49692.61209461364,1952.3425000006682,110933.24810000195,5951.559718969555
1781969397,5000,POST,/auth/login [setup],9.600000,0.000000,108000,109000,111000,111000,112000,112000,112000,113000,113000,113000,113000,1025,40,60000,59215.976248000174,4056.311200001801,112506.4538000006,160.3180487804878
1781969397,5000,GET,/auth/me,0.000000,0.000000,0,0,0,0,0,0,0,0,0,0,0,3,0,28000,28018.772533330775,27648.28789999592,28205.055400001584,330.3333333333333
1781969397,5000,POST,/auth/update-profile,0.000000,0.000000,0,0,0,0,0,0,0,0,0,0,0,1,0,58464.32890000142,58464.32890000142,58464.32890000142,58464.32890000142,72.0
1781969397,5000,GET,/config,0.000000,0.000000,0,0,0,0,0,0,0,0,0,0,0,59,0,10000,10795.951340677782,1952.3425000006682,45048.77829999896,28.0
1781969397,5000,POST,/payment/create-order,0.000000,0.000000,0,0,0,0,0,0,0,0,0,0,0,5,0,29000,41486.759159997746,28777.679999999236,90781.28450000077,173.2
1781969397,5000,POST,/predict/colleges [guest],0.000000,0.000000,0,0,0,0,0,0,0,0,0,0,0,19,19,2100,4320.745789473126,1983.7504000024637,18430.37959999492,45.0
1781969397,5000,GET,/predict/colleges-list,0.000000,0.000000,0,0,0,0,0,0,0,0,0,0,0,74,0,10000,12731.409982432035,2163.6379000046873,105032.30030000122,102062.0
1781969397,5000,POST,/predict/rank [guest],0.000000,0.000000,100000,100000,100000,100000,100000,100000,100000,100000,100000,100000,100000,112,83,21000,25416.53391339274,1961.7800999985775,99870.74220000068,65.46428571428571
1781969397,5000,,Aggregated,9.600000,0.000000,108000,109000,110000,111000,112000,112000,112000,113000,113000,113000,113000,1298,142,47000,50503.97652742688,1952.3425000006682,112506.4538000006,5954.300462249615
1781969398,5000,POST,/auth/login [setup],9.600000,0.000000,109000,110000,111000,112000,112000,112000,113000,113000,113000,113000,113000,1026,40,60000,59268.83196354794,4056.311200001801,113445.94040000084,160.32456140350877
1781969398,5000,GET,/auth/me,0.000000,0.000000,0,0,0,0,0,0,0,0,0,0,0,3,0,28000,28018.772533330775,27648.28789999592,28205.055400001584,330.3333333333333
1781969398,5000,POST,/auth/update-profile,0.000000,0.000000,0,0,0,0,0,0,0,0,0,0,0,1,0,58464.32890000142,58464.32890000142,58464.32890000142,58464.32890000142,72.0
1781969398,5000,GET,/config,0.000000,0.000000,0,0,0,0,0,0,0,0,0,0,0,59,0,10000,10795.951340677782,1952.3425000006682,45048.77829999896,28.0
1781969398,5000,POST,/payment/create-order,0.000000,0.000000,0,0,0,0,0,0,0,0,0,0,0,5,0,29000,41486.759159997746,28777.679999999236,90781.28450000077,173.2
1781969398,5000,POST,/predict/colleges [guest],0.000000,0.000000,0,0,0,0,0,0,0,0,0,0,0,19,19,2100,4320.745789473126,1983.7504000024637,18430.37959999492,45.0
1781969398,5000,GET,/predict/colleges-list,0.000000,0.000000,105000,105000,105000,105000,105000,105000,105000,105000,105000,105000,105000,74,0,10000,12731.409982432035,2163.6379000046873,105032.30030000122,102062.0
1781969398,5000,POST,/predict/rank [guest],0.000000,0.000000,100000,100000,100000,100000,100000,100000,100000,100000,100000,100000,100000,112,83,21000,25416.53391339274,1961.7800999985775,99870.74220000068,65.46428571428571
1781969398,5000,,Aggregated,9.600000,0.000000,109000,110000,111000,112000,112000,112000,113000,113000,113000,113000,113000,1299,142,47000,50552.430695150186,1952.3425000006682,113445.94040000084,5949.845265588914
1781969399,5000,POST,/auth/login [setup],10.000000,0.000000,110000,112000,112000,113000,114000,114000,114000,114000,114000,114000,114000,1042,40,61000,60106.08616410768,4056.311200001801,114357.89919999661,160.42514395393474
1781969399,5000,GET,/auth/me,0.000000,0.000000,0,0,0,0,0,0,0,0,0,0,0,3,0,28000,28018.772533330775,27648.28789999592,28205.055400001584,330.3333333333333
1781969399,5000,POST,/auth/update-profile,0.000000,0.000000,0,0,0,0,0,0,0,0,0,0,0,1,0,58464.32890000142,58464.32890000142,58464.32890000142,58464.32890000142,72.0
1781969399,5000,GET,/config,0.000000,0.000000,0,0,0,0,0,0,0,0,0,0,0,59,0,10000,10795.951340677782,1952.3425000006682,45048.77829999896,28.0
1781969399,5000,POST,/payment/create-order,0.000000,0.000000,0,0,0,0,0,0,0,0,0,0,0,5,0,29000,41486.759159997746,28777.679999999236,90781.28450000077,173.2
1781969399,5000,POST,/predict/colleges [guest],0.000000,0.000000,0,0,0,0,0,0,0,0,0,0,0,19,19,2100,4320.745789473126,1983.7504000024637,18430.37959999492,45.0
1781969399,5000,GET,/predict/colleges-list,0.000000,0.000000,105000,105000,105000,105000,105000,105000,105000,105000,105000,105000,105000,74,0,10000,12731.409982432035,2163.6379000046873,105032.30030000122,102062.0
1781969399,5000,POST,/predict/rank [guest],0.000000,0.000000,100000,100000,100000,100000,100000,100000,100000,100000,100000,100000,100000,112,83,21000,25416.53391339274,1961.7800999985775,99870.74220000068,65.46428571428571
1781969399,5000,,Aggregated,10.000000,0.000000,110000,112000,112000,112000,114000,114000,114000,114000,114000,114000,114000,1315,142,48000,51321.92217596965,1952.3425000006682,114357.89919999661,5879.482129277567
1781969400,5000,POST,/auth/login [setup],9.600000,0.000000,111000,112000,114000,114000,114000,115000,115000,115000,115000,115000,115000,1050,40,61000,60524.83829580971,4056.311200001801,115322.56529999722,160.4742857142857
1781969400,5000,GET,/auth/me,0.000000,0.000000,0,0,0,0,0,0,0,0,0,0,0,3,0,28000,28018.772533330775,27648.28789999592,28205.055400001584,330.3333333333333
1781969400,5000,POST,/auth/update-profile,0.000000,0.000000,0,0,0,0,0,0,0,0,0,0,0,1,0,58464.32890000142,58464.32890000142,58464.32890000142,58464.32890000142,72.0
1781969400,5000,GET,/config,0.000000,0.000000,0,0,0,0,0,0,0,0,0,0,0,59,0,10000,10795.951340677782,1952.3425000006682,45048.77829999896,28.0
1781969400,5000,POST,/payment/create-order,0.000000,0.000000,0,0,0,0,0,0,0,0,0,0,0,5,0,29000,41486.759159997746,28777.679999999236,90781.28450000077,173.2
1781969400,5000,POST,/predict/colleges [guest],0.000000,0.000000,0,0,0,0,0,0,0,0,0,0,0,19,19,2100,4320.745789473126,1983.7504000024637,18430.37959999492,45.0
1781969400,5000,GET,/predict/colleges-list,0.100000,0.000000,105000,105000,105000,105000,105000,105000,105000,105000,105000,105000,105000,74,0,10000,12731.409982432035,2163.6379000046873,105032.30030000122,102062.0
1781969400,5000,POST,/predict/rank [guest],0.000000,0.000000,100000,100000,100000,100000,100000,100000,100000,100000,100000,100000,100000,112,83,21000,25416.53391339274,1961.7800999985775,99870.74220000068,65.46428571428571
1781969400,5000,,Aggregated,9.700000,0.000000,111000,112000,114000,114000,114000,115000,115000,115000,115000,115000,115000,1323,142,48000,51707.38177551027,1952.3425000006682,115322.56529999722,5844.938775510204
1781969401,5000,POST,/auth/login [setup],9.700000,0.000000,112000,114000,114000,115000,116000,116000,116000,116000,116000,116000,116000,1063,40,62000,61203.43142878666,4056.311200001801,116412.71229999984,160.5540921919097
1781969401,5000,GET,/auth/me,0.000000,0.000000,0,0,0,0,0,0,0,0,0,0,0,3,0,28000,28018.772533330775,27648.28789999592,28205.055400001584,330.3333333333333
1781969401,5000,POST,/auth/update-profile,0.000000,0.000000,0,0,0,0,0,0,0,0,0,0,0,1,0,58464.32890000142,58464.32890000142,58464.32890000142,58464.32890000142,72.0
1781969401,5000,GET,/config,0.000000,0.000000,0,0,0,0,0,0,0,0,0,0,0,59,0,10000,10795.951340677782,1952.3425000006682,45048.77829999896,28.0
1781969401,5000,POST,/payment/create-order,0.000000,0.000000,0,0,0,0,0,0,0,0,0,0,0,5,0,29000,41486.759159997746,28777.679999999236,90781.28450000077,173.2
1781969401,5000,POST,/predict/colleges [guest],0.000000,0.000000,0,0,0,0,0,0,0,0,0,0,0,19,19,2100,4320.745789473126,1983.7504000024637,18430.37959999492,45.0
1781969401,5000,GET,/predict/colleges-list,0.100000,0.000000,105000,105000,105000,105000,105000,105000,105000,105000,105000,105000,105000,74,0,10000,12731.409982432035,2163.6379000046873,105032.30030000122,102062.0
1781969401,5000,POST,/predict/rank [guest],0.000000,0.000000,100000,100000,100000,100000,100000,100000,100000,100000,100000,100000,100000,112,83,21000,25416.53391339274,1961.7800999985775,99870.74220000068,65.46428571428571
1781969401,5000,,Aggregated,9.800000,0.000000,112000,114000,114000,115000,116000,116000,116000,116000,116000,116000,116000,1336,142,49000,52333.10889760487,1952.3425000006682,116412.71229999984,5789.689371257485
1781969402,5000,POST,/auth/login [setup],9.400000,0.000000,113000,114000,115000,116000,116000,117000,118000,118000,118000,118000,118000,1071,40,63000,61620.93376965474,4056.311200001801,117613.1349999996,160.60224089635855
1781969402,5000,GET,/auth/me,0.000000,0.000000,0,0,0,0,0,0,0,0,0,0,0,3,0,28000,28018.772533330775,27648.28789999592,28205.055400001584,330.3333333333333
1781969402,5000,POST,/auth/update-profile,0.000000,0.000000,0,0,0,0,0,0,0,0,0,0,0,1,0,58464.32890000142,58464.32890000142,58464.32890000142,58464.32890000142,72.0
1781969402,5000,GET,/config,0.000000,0.000000,0,0,0,0,0,0,0,0,0,0,0,59,0,10000,10795.951340677782,1952.3425000006682,45048.77829999896,28.0
1781969402,5000,POST,/payment/create-order,0.000000,0.000000,0,0,0,0,0,0,0,0,0,0,0,5,0,29000,41486.759159997746,28777.679999999236,90781.28450000077,173.2
1781969402,5000,POST,/predict/colleges [guest],0.000000,0.000000,0,0,0,0,0,0,0,0,0,0,0,19,19,2100,4320.745789473126,1983.7504000024637,18430.37959999492,45.0
1781969402,5000,GET,/predict/colleges-list,0.100000,0.000000,105000,105000,105000,105000,105000,105000,105000,105000,105000,105000,105000,74,0,10000,12731.409982432035,2163.6379000046873,105032.30030000122,102062.0
1781969402,5000,POST,/predict/rank [guest],0.000000,0.000000,0,0,0,0,0,0,0,0,0,0,0,112,83,21000,25416.53391339274,1961.7800999985775,99870.74220000068,65.46428571428571
1781969402,5000,,Aggregated,9.500000,0.000000,113000,114000,115000,116000,116000,117000,118000,118000,118000,118000,118000,1344,142,49000,52718.60561436021,1952.3425000006682,117613.1349999996,5756.220982142857
1781969403,5000,POST,/auth/login [setup],9.500000,0.000000,114000,115000,116000,116000,118000,118000,118000,118000,118000,118000,118000,1079,40,63000,62039.53578924951,4056.311200001801,118310.24880000041,160.64967562557925
1781969403,5000,GET,/auth/me,0.000000,0.000000,0,0,0,0,0,0,0,0,0,0,0,3,0,28000,28018.772533330775,27648.28789999592,28205.055400001584,330.3333333333333
1781969403,5000,POST,/auth/update-profile,0.000000,0.000000,0,0,0,0,0,0,0,0,0,0,0,1,0,58464.32890000142,58464.32890000142,58464.32890000142,58464.32890000142,72.0
1781969403,5000,GET,/config,0.000000,0.000000,0,0,0,0,0,0,0,0,0,0,0,59,0,10000,10795.951340677782,1952.3425000006682,45048.77829999896,28.0
1781969403,5000,POST,/payment/create-order,0.000000,0.000000,0,0,0,0,0,0,0,0,0,0,0,5,0,29000,41486.759159997746,28777.679999999236,90781.28450000077,173.2
1781969403,5000,POST,/predict/colleges [guest],0.000000,0.000000,0,0,0,0,0,0,0,0,0,0,0,19,19,2100,4320.745789473126,1983.7504000024637,18430.37959999492,45.0
1781969403,5000,GET,/predict/colleges-list,0.100000,0.000000,105000,105000,105000,105000,105000,105000,105000,105000,105000,105000,105000,74,0,10000,12731.409982432035,2163.6379000046873,105032.30030000122,102062.0
1781969403,5000,POST,/predict/rank [guest],0.000000,0.000000,0,0,0,0,0,0,0,0,0,0,0,112,83,21000,25416.53391339274,1961.7800999985775,99870.74220000068,65.46428571428571
1781969403,5000,,Aggregated,9.600000,0.000000,114000,115000,116000,116000,118000,118000,118000,118000,118000,118000,118000,1352,142,50000,53105.358724112506,1952.3425000006682,118310.24880000041,5723.1486686390535
1781969404,5000,POST,/auth/login [setup],9.600000,0.000000,115000,116000,117000,118000,119000,119000,119000,120000,120000,120000,120000,1089,40,63000,62562.91059302132,4056.311200001801,119518.39269999618,160.7070707070707
1781969404,5000,GET,/auth/me,0.000000,0.000000,0,0,0,0,0,0,0,0,0,0,0,3,0,28000,28018.772533330775,27648.28789999592,28205.055400001584,330.3333333333333
1781969404,5000,POST,/auth/update-profile,0.000000,0.000000,0,0,0,0,0,0,0,0,0,0,0,1,0,58464.32890000142,58464.32890000142,58464.32890000142,58464.32890000142,72.0
1781969404,5000,GET,/config,0.000000,0.000000,0,0,0,0,0,0,0,0,0,0,0,59,0,10000,10795.951340677782,1952.3425000006682,45048.77829999896,28.0
1781969404,5000,POST,/payment/create-order,0.000000,0.000000,0,0,0,0,0,0,0,0,0,0,0,5,0,29000,41486.759159997746,28777.679999999236,90781.28450000077,173.2
1781969404,5000,POST,/predict/colleges [guest],0.000000,0.000000,0,0,0,0,0,0,0,0,0,0,0,19,19,2100,4320.745789473126,1983.7504000024637,18430.37959999492,45.0
1781969404,5000,GET,/predict/colleges-list,0.100000,0.000000,105000,105000,105000,105000,105000,105000,105000,105000,105000,105000,105000,74,0,10000,12731.409982432035,2163.6379000046873,105032.30030000122,102062.0
1781969404,5000,POST,/predict/rank [guest],0.000000,0.000000,114000,114000,114000,114000,114000,114000,114000,114000,114000,114000,114000,113,84,22000,26199.00190530957,1961.7800999985775,113835.41699999478,65.28318584070796
1781969404,5000,,Aggregated,9.700000,0.000000,115000,116000,117000,118000,119000,119000,119000,120000,120000,120000,120000,1363,143,50000,53633.62504123265,1952.3425000006682,119518.39269999618,5678.217901687454
1781969405,5000,POST,/auth/login [setup],9.300000,0.000000,116000,117000,118000,118000,120000,120000,120000,120000,120000,120000,120000,1097,40,64000,62981.19531312691,4056.311200001801,120132.48639999802,160.7511394712853
1781969405,5000,GET,/auth/me,0.000000,0.000000,0,0,0,0,0,0,0,0,0,0,0,3,0,28000,28018.772533330775,27648.28789999592,28205.055400001584,330.3333333333333
1781969405,5000,POST,/auth/update-profile,0.000000,0.000000,0,0,0,0,0,0,0,0,0,0,0,1,0,58464.32890000142,58464.32890000142,58464.32890000142,58464.32890000142,72.0
1781969405,5000,GET,/config,0.000000,0.000000,0,0,0,0,0,0,0,0,0,0,0,59,0,10000,10795.951340677782,1952.3425000006682,45048.77829999896,28.0
1781969405,5000,POST,/payment/create-order,0.000000,0.000000,0,0,0,0,0,0,0,0,0,0,0,5,0,29000,41486.759159997746,28777.679999999236,90781.28450000077,173.2
1781969405,5000,POST,/predict/colleges [guest],0.000000,0.000000,0,0,0,0,0,0,0,0,0,0,0,19,19,2100,4320.745789473126,1983.7504000024637,18430.37959999492,45.0
1781969405,5000,GET,/predict/colleges-list,0.100000,0.000000,105000,105000,105000,105000,105000,105000,105000,105000,105000,105000,105000,74,0,10000,12731.409982432035,2163.6379000046873,105032.30030000122,102062.0
1781969405,5000,POST,/predict/rank [guest],0.000000,0.000000,114000,114000,114000,114000,114000,114000,114000,114000,114000,114000,114000,113,84,22000,26199.00190530957,1961.7800999985775,113835.41699999478,65.28318584070796
1781969405,5000,,Aggregated,9.400000,0.000000,116000,117000,118000,118000,120000,120000,120000,120000,120000,120000,120000,1371,143,51000,54020.417617724364,1952.3425000006682,120132.48639999802,5646.0576221735955
1781969406,5000,POST,/auth/login [setup],9.400000,0.000000,116000,118000,119000,120000,121000,121000,121000,122000,122000,122000,122000,1109,40,64000,63608.60985780003,4056.311200001801,121606.33219999727,160.81514878268712
1781969406,5000,GET,/auth/me,0.000000,0.000000,0,0,0,0,0,0,0,0,0,0,0,3,0,28000,28018.772533330775,27648.28789999592,28205.055400001584,330.3333333333333
1781969406,5000,POST,/auth/update-profile,0.000000,0.000000,0,0,0,0,0,0,0,0,0,0,0,1,0,58464.32890000142,58464.32890000142,58464.32890000142,58464.32890000142,72.0
1781969406,5000,GET,/config,0.000000,0.000000,0,0,0,0,0,0,0,0,0,0,0,59,0,10000,10795.951340677782,1952.3425000006682,45048.77829999896,28.0
1781969406,5000,POST,/payment/create-order,0.000000,0.000000,0,0,0,0,0,0,0,0,0,0,0,5,0,29000,41486.759159997746,28777.679999999236,90781.28450000077,173.2
1781969406,5000,POST,/predict/colleges [guest],0.000000,0.000000,0,0,0,0,0,0,0,0,0,0,0,19,19,2100,4320.745789473126,1983.7504000024637,18430.37959999492,45.0
1781969406,5000,GET,/predict/colleges-list,0.100000,0.000000,105000,105000,105000,105000,105000,105000,105000,105000,105000,105000,105000,74,0,10000,12731.409982432035,2163.6379000046873,105032.30030000122,102062.0
1781969406,5000,POST,/predict/rank [guest],0.100000,0.100000,114000,114000,114000,114000,114000,114000,114000,114000,114000,114000,114000,113,84,22000,26199.00190530957,1961.7800999985775,113835.41699999478,65.28318584070796
1781969406,5000,,Aggregated,9.600000,0.100000,116000,118000,119000,120000,121000,121000,121000,122000,122000,122000,122000,1383,143,51000,54601.2795572669,1952.3425000006682,121606.33219999727,5598.51409978308
1781969407,5000,POST,/auth/login [setup],9.500000,0.000000,118000,119000,120000,121000,121000,122000,122000,122000,122000,122000,122000,1117,40,65000,64027.281184959924,4056.311200001801,122416.92179999518,160.85586392121755
1781969407,5000,GET,/auth/me,0.000000,0.000000,0,0,0,0,0,0,0,0,0,0,0,3,0,28000,28018.772533330775,27648.28789999592,28205.055400001584,330.3333333333333
1781969407,5000,POST,/auth/update-profile,0.000000,0.000000,0,0,0,0,0,0,0,0,0,0,0,1,0,58464.32890000142,58464.32890000142,58464.32890000142,58464.32890000142,72.0
1781969407,5000,GET,/config,0.000000,0.000000,0,0,0,0,0,0,0,0,0,0,0,59,0,10000,10795.951340677782,1952.3425000006682,45048.77829999896,28.0
1781969407,5000,POST,/payment/create-order,0.000000,0.000000,0,0,0,0,0,0,0,0,0,0,0,5,0,29000,41486.759159997746,28777.679999999236,90781.28450000077,173.2
1781969407,5000,POST,/predict/colleges [guest],0.000000,0.000000,0,0,0,0,0,0,0,0,0,0,0,19,19,2100,4320.745789473126,1983.7504000024637,18430.37959999492,45.0
1781969407,5000,GET,/predict/colleges-list,0.100000,0.000000,105000,105000,105000,105000,105000,105000,105000,105000,105000,105000,105000,74,0,10000,12731.409982432035,2163.6379000046873,105032.30030000122,102062.0
1781969407,5000,POST,/predict/rank [guest],0.100000,0.100000,114000,114000,114000,114000,114000,114000,114000,114000,114000,114000,114000,113,84,22000,26199.00190530957,1961.7800999985775,113835.41699999478,65.28318584070796
1781969407,5000,,Aggregated,9.700000,0.100000,118000,119000,120000,121000,121000,122000,122000,122000,122000,122000,122000,1391,143,51000,54989.28424083402,1952.3425000006682,122416.92179999518,5567.273184759166
1781969408,5000,POST,/auth/login [setup],9.600000,0.000000,119000,121000,122000,122000,123000,123000,124000,124000,124000,124000,124000,1132,40,65000,64810.677761130966,4056.311200001801,123570.07539999904,160.93639575971733
1781969408,5000,GET,/auth/me,0.000000,0.000000,0,0,0,0,0,0,0,0,0,0,0,3,0,28000,28018.772533330775,27648.28789999592,28205.055400001584,330.3333333333333
1781969408,5000,POST,/auth/update-profile,0.000000,0.000000,0,0,0,0,0,0,0,0,0,0,0,1,0,58464.32890000142,58464.32890000142,58464.32890000142,58464.32890000142,72.0
1781969408,5000,GET,/config,0.000000,0.000000,0,0,0,0,0,0,0,0,0,0,0,59,0,10000,10795.951340677782,1952.3425000006682,45048.77829999896,28.0
1781969408,5000,POST,/payment/create-order,0.000000,0.000000,0,0,0,0,0,0,0,0,0,0,0,5,0,29000,41486.759159997746,28777.679999999236,90781.28450000077,173.2
1781969408,5000,POST,/predict/colleges [guest],0.000000,0.000000,0,0,0,0,0,0,0,0,0,0,0,19,19,2100,4320.745789473126,1983.7504000024637,18430.37959999492,45.0
1781969408,5000,GET,/predict/colleges-list,0.100000,0.000000,105000,105000,105000,105000,105000,105000,105000,105000,105000,105000,105000,74,0,10000,12731.409982432035,2163.6379000046873,105032.30030000122,102062.0
1781969408,5000,POST,/predict/rank [guest],0.100000,0.100000,123000,123000,123000,123000,123000,123000,123000,123000,123000,123000,123000,114,85,22000,27048.575168420874,1961.7800999985775,123050.3538999983,65.10526315789474
1781969408,5000,,Aggregated,9.800000,0.100000,119000,121000,122000,122000,123000,123000,124000,124000,124000,124000,124000,1407,144,53000,55764.29202196172,1952.3425000006682,123570.07539999904,5505.775408670931
1781969409,5000,POST,/auth/login [setup],9.700000,0.000000,120000,121000,122000,123000,123000,124000,124000,125000,125000,125000,125000,1136,40,65000,65019.36842975375,4056.311200001801,124687.67849999858,160.95774647887325
1781969409,5000,GET,/auth/me,0.000000,0.000000,0,0,0,0,0,0,0,0,0,0,0,3,0,28000,28018.772533330775,27648.28789999592,28205.055400001584,330.3333333333333
1781969409,5000,POST,/auth/update-profile,0.000000,0.000000,0,0,0,0,0,0,0,0,0,0,0,1,0,58464.32890000142,58464.32890000142,58464.32890000142,58464.32890000142,72.0
1781969409,5000,GET,/config,0.000000,0.000000,0,0,0,0,0,0,0,0,0,0,0,59,0,10000,10795.951340677782,1952.3425000006682,45048.77829999896,28.0
1781969409,5000,POST,/payment/create-order,0.000000,0.000000,0,0,0,0,0,0,0,0,0,0,0,5,0,29000,41486.759159997746,28777.679999999236,90781.28450000077,173.2
1781969409,5000,POST,/predict/colleges [guest],0.000000,0.000000,0,0,0,0,0,0,0,0,0,0,0,19,19,2100,4320.745789473126,1983.7504000024637,18430.37959999492,45.0
1781969409,5000,GET,/predict/colleges-list,0.100000,0.000000,105000,105000,105000,105000,105000,105000,105000,105000,105000,105000,105000,74,0,10000,12731.409982432035,2163.6379000046873,105032.30030000122,102062.0
1781969409,5000,POST,/predict/rank [guest],0.100000,0.100000,124000,124000,125000,125000,125000,125000,125000,125000,125000,125000,125000,116,87,22000,28727.91567068948,1961.7800999985775,124855.9963000007,64.75862068965517
1781969409,5000,,Aggregated,9.900000,0.100000,120000,121000,122000,123000,123000,124000,125000,125000,125000,125000,125000,1413,146,53000,56054.90080261864,1952.3425000006682,124855.9963000007,5482.932767162067
1781969410,5000,POST,/auth/login [setup],9.800000,0.000000,121000,122000,123000,123000,125000,125000,126000,126000,126000,126000,126000,1146,40,66000,65543.63236492168,4056.311200001801,125667.02760000044,161.00698080279233
1781969410,5000,GET,/auth/me,0.000000,0.000000,0,0,0,0,0,0,0,0,0,0,0,3,0,28000,28018.772533330775,27648.28789999592,28205.055400001584,330.3333333333333
1781969410,5000,POST,/auth/update-profile,0.000000,0.000000,0,0,0,0,0,0,0,0,0,0,0,1,0,58464.32890000142,58464.32890000142,58464.32890000142,58464.32890000142,72.0
1781969410,5000,GET,/config,0.000000,0.000000,0,0,0,0,0,0,0,0,0,0,0,59,0,10000,10795.951340677782,1952.3425000006682,45048.77829999896,28.0
1781969410,5000,POST,/payment/create-order,0.000000,0.000000,0,0,0,0,0,0,0,0,0,0,0,5,0,29000,41486.759159997746,28777.679999999236,90781.28450000077,173.2
1781969410,5000,POST,/predict/colleges [guest],0.000000,0.000000,0,0,0,0,0,0,0,0,0,0,0,19,19,2100,4320.745789473126,1983.7504000024637,18430.37959999492,45.0
1781969410,5000,GET,/predict/colleges-list,0.000000,0.000000,105000,105000,105000,105000,105000,105000,105000,105000,105000,105000,105000,74,0,10000,12731.409982432035,2163.6379000046873,105032.30030000122,102062.0
1781969410,5000,POST,/predict/rank [guest],0.200000,0.200000,124000,124000,125000,125000,125000,125000,125000,125000,125000,125000,125000,116,87,22000,28727.91567068948,1961.7800999985775,124855.9963000007,64.75862068965517
1781969410,5000,,Aggregated,10.000000,0.200000,121000,122000,123000,123000,125000,125000,126000,126000,126000,126000,126000,1423,146,54000,56540.108916444224,1952.3425000006682,125667.02760000044,5445.572733661279
1781969411,5000,POST,/auth/login [setup],9.800000,0.000000,122000,123000,124000,125000,126000,126000,126000,126000,126000,126000,126000,1155,40,66000,66012.22063168853,4056.311200001801,125986.8432000003,161.05108225108225
1781969411,5000,GET,/auth/me,0.000000,0.000000,0,0,0,0,0,0,0,0,0,0,0,3,0,28000,28018.772533330775,27648.28789999592,28205.055400001584,330.3333333333333
1781969411,5000,POST,/auth/update-profile,0.000000,0.000000,0,0,0,0,0,0,0,0,0,0,0,1,0,58464.32890000142,58464.32890000142,58464.32890000142,58464.32890000142,72.0
1781969411,5000,GET,/config,0.000000,0.000000,0,0,0,0,0,0,0,0,0,0,0,59,0,10000,10795.951340677782,1952.3425000006682,45048.77829999896,28.0
1781969411,5000,POST,/payment/create-order,0.000000,0.000000,0,0,0,0,0,0,0,0,0,0,0,5,0,29000,41486.759159997746,28777.679999999236,90781.28450000077,173.2
1781969411,5000,POST,/predict/colleges [guest],0.000000,0.000000,0,0,0,0,0,0,0,0,0,0,0,19,19,2100,4320.745789473126,1983.7504000024637,18430.37959999492,45.0
1781969411,5000,GET,/predict/colleges-list,0.000000,0.000000,105000,105000,105000,105000,105000,105000,105000,105000,105000,105000,105000,74,0,10000,12731.409982432035,2163.6379000046873,105032.30030000122,102062.0
1781969411,5000,POST,/predict/rank [guest],0.200000,0.200000,124000,124000,125000,125000,125000,125000,125000,125000,125000,125000,125000,116,87,22000,28727.91567068948,1961.7800999985775,124855.9963000007,64.75862068965517
1781969411,5000,,Aggregated,10.000000,0.200000,122000,123000,124000,125000,126000,126000,126000,126000,126000,126000,126000,1432,146,54000,56974.64184881294,1952.3425000006682,125986.8432000003,5412.395251396648
1781969412,5000,POST,/auth/login [setup],9.500000,0.000000,123000,125000,126000,126000,127000,127000,127000,127000,127000,127000,127000,1169,40,67000,66742.98936946128,4056.311200001801,127449.74169999477,161.12061591103506
1781969412,5000,GET,/auth/me,0.000000,0.000000,0,0,0,0,0,0,0,0,0,0,0,3,0,28000,28018.772533330775,27648.28789999592,28205.055400001584,330.3333333333333
1781969412,5000,POST,/auth/update-profile,0.000000,0.000000,0,0,0,0,0,0,0,0,0,0,0,1,0,58464.32890000142,58464.32890000142,58464.32890000142,58464.32890000142,72.0
1781969412,5000,GET,/config,0.000000,0.000000,0,0,0,0,0,0,0,0,0,0,0,59,0,10000,10795.951340677782,1952.3425000006682,45048.77829999896,28.0
1781969412,5000,POST,/payment/create-order,0.000000,0.000000,0,0,0,0,0,0,0,0,0,0,0,5,0,29000,41486.759159997746,28777.679999999236,90781.28450000077,173.2
1781969412,5000,POST,/predict/colleges [guest],0.000000,0.000000,0,0,0,0,0,0,0,0,0,0,0,20,20,2100,10482.368129999668,1983.7504000024637,127553.19260000397,45.0
1781969412,5000,GET,/predict/colleges-list,0.000000,0.000000,105000,105000,105000,105000,105000,105000,105000,105000,105000,105000,105000,74,0,10000,12731.409982432035,2163.6379000046873,105032.30030000122,102062.0
1781969412,5000,POST,/predict/rank [guest],0.400000,0.400000,124000,124000,125000,125000,125000,125000,125000,125000,125000,125000,125000,116,87,22000,28727.91567068948,1961.7800999985775,124855.9963000007,64.75862068965517
1781969412,5000,,Aggregated,9.900000,0.400000,123000,125000,126000,126000,127000,127000,127000,127000,128000,128000,128000,1447,147,54000,57701.230175121025,1952.3425000006682,127553.19260000397,5357.934346924671
1781969413,5000,POST,/auth/login [setup],10.000000,0.000000,124000,126000,126000,127000,127000,128000,128000,128000,128000,128000,128000,1177,40,67000,67160.28705242161,4056.311200001801,128493.770400004,161.15887850467288
1781969413,5000,GET,/auth/me,0.000000,0.000000,0,0,0,0,0,0,0,0,0,0,0,3,0,28000,28018.772533330775,27648.28789999592,28205.055400001584,330.3333333333333
1781969413,5000,POST,/auth/update-profile,0.000000,0.000000,0,0,0,0,0,0,0,0,0,0,0,1,0,58464.32890000142,58464.32890000142,58464.32890000142,58464.32890000142,72.0
1781969413,5000,GET,/config,0.000000,0.000000,0,0,0,0,0,0,0,0,0,0,0,59,0,10000,10795.951340677782,1952.3425000006682,45048.77829999896,28.0
1781969413,5000,POST,/payment/create-order,0.000000,0.000000,0,0,0,0,0,0,0,0,0,0,0,5,0,29000,41486.759159997746,28777.679999999236,90781.28450000077,173.2
1781969413,5000,POST,/predict/colleges [guest],0.000000,0.000000,129000,129000,129000,129000,129000,129000,129000,129000,129000,129000,129000,21,21,2100,16115.262038094876,1983.7504000024637,128773.14019999903,45.0
1781969413,5000,GET,/predict/colleges-list,0.000000,0.000000,105000,105000,105000,105000,105000,105000,105000,105000,105000,105000,105000,74,0,10000,12731.409982432035,2163.6379000046873,105032.30030000122,102062.0
1781969413,5000,POST,/predict/rank [guest],0.400000,0.400000,124000,124000,125000,125000,125000,125000,125000,125000,125000,125000,125000,116,87,22000,28727.91567068948,1961.7800999985775,124855.9963000007,64.75862068965517
1781969413,5000,,Aggregated,10.400000,0.400000,124000,126000,126000,127000,128000,128000,128000,129000,129000,129000,129000,1456,148,55000,58137.05802980778,1952.3425000006682,128773.14019999903,5325.7623626373625
1781969414,5000,POST,/auth/login [setup],9.700000,0.000000,125000,126000,127000,127000,128000,129000,129000,130000,130000,130000,130000,1183,40,68000,67474.6822682166,4056.311200001801,129747.20849999721,161.1876584953508
1781969414,5000,GET,/auth/me,0.000000,0.000000,0,0,0,0,0,0,0,0,0,0,0,3,0,28000,28018.772533330775,27648.28789999592,28205.055400001584,330.3333333333333
1781969414,5000,POST,/auth/update-profile,0.000000,0.000000,0,0,0,0,0,0,0,0,0,0,0,1,0,58464.32890000142,58464.32890000142,58464.32890000142,58464.32890000142,72.0
1781969414,5000,GET,/config,0.000000,0.000000,0,0,0,0,0,0,0,0,0,0,0,59,0,10000,10795.951340677782,1952.3425000006682,45048.77829999896,28.0
1781969414,5000,POST,/payment/create-order,0.000000,0.000000,0,0,0,0,0,0,0,0,0,0,0,5,0,29000,41486.759159997746,28777.679999999236,90781.28450000077,173.2
1781969414,5000,POST,/predict/colleges [guest],0.000000,0.000000,129000,129000,129000,129000,129000,129000,129000,129000,129000,129000,129000,21,21,2100,16115.262038094876,1983.7504000024637,128773.14019999903,45.0
1781969414,5000,GET,/predict/colleges-list,0.000000,0.000000,105000,105000,105000,105000,105000,105000,105000,105000,105000,105000,105000,74,0,10000,12731.409982432035,2163.6379000046873,105032.30030000122,102062.0
1781969414,5000,POST,/predict/rank [guest],0.400000,0.400000,124000,124000,125000,125000,125000,125000,125000,125000,125000,125000,125000,116,87,22000,28727.91567068948,1961.7800999985775,124855.9963000007,64.75862068965517
1781969414,5000,,Aggregated,10.100000,0.400000,125000,126000,127000,127000,128000,129000,129000,130000,130000,130000,130000,1462,148,55000,58428.4868358414,1952.3425000006682,129747.20849999721,5304.5902872777015
1781969415,5000,POST,/auth/login [setup],10.000000,0.000000,126000,127000,128000,129000,130000,130000,130000,130000,130000,130000,130000,1197,40,69000,68204.10836616559,4056.311200001801,130306.35869999969,161.2548036758563
1781969415,5000,GET,/auth/me,0.000000,0.000000,0,0,0,0,0,0,0,0,0,0,0,3,0,28000,28018.772533330775,27648.28789999592,28205.055400001584,330.3333333333333
1781969415,5000,POST,/auth/update-profile,0.000000,0.000000,0,0,0,0,0,0,0,0,0,0,0,1,0,58464.32890000142,58464.32890000142,58464.32890000142,58464.32890000142,72.0
1781969415,5000,GET,/config,0.000000,0.000000,0,0,0,0,0,0,0,0,0,0,0,59,0,10000,10795.951340677782,1952.3425000006682,45048.77829999896,28.0
1781969415,5000,POST,/payment/create-order,0.000000,0.000000,0,0,0,0,0,0,0,0,0,0,0,5,0,29000,41486.759159997746,28777.679999999236,90781.28450000077,173.2
1781969415,5000,POST,/predict/colleges [guest],0.100000,0.100000,129000,129000,129000,129000,129000,129000,129000,129000,129000,129000,129000,21,21,2100,16115.262038094876,1983.7504000024637,128773.14019999903,45.0
1781969415,5000,GET,/predict/colleges-list,0.000000,0.000000,0,0,0,0,0,0,0,0,0,0,0,74,0,10000,12731.409982432035,2163.6379000046873,105032.30030000122,102062.0
1781969415,5000,POST,/predict/rank [guest],0.400000,0.400000,124000,124000,125000,125000,125000,125000,125000,125000,125000,125000,125000,116,87,22000,28727.91567068948,1961.7800999985775,124855.9963000007,64.75862068965517
1781969415,5000,,Aggregated,10.500000,0.500000,126000,127000,128000,129000,130000,130000,130000,130000,130000,130000,130000,1476,148,56000,59105.83763211389,1952.3425000006682,130306.35869999969,5255.859078590786
1781969416,5000,POST,/auth/login [setup],9.200000,0.000000,127000,128000,129000,130000,130000,131000,131000,131000,131000,131000,131000,1205,40,69000,68620.37707062259,4056.311200001801,131228.4667999993,161.29128630705395
1781969416,5000,GET,/auth/me,0.000000,0.000000,0,0,0,0,0,0,0,0,0,0,0,3,0,28000,28018.772533330775,27648.28789999592,28205.055400001584,330.3333333333333
1781969416,5000,POST,/auth/update-profile,0.000000,0.000000,0,0,0,0,0,0,0,0,0,0,0,1,0,58464.32890000142,58464.32890000142,58464.32890000142,58464.32890000142,72.0
1781969416,5000,GET,/config,0.000000,0.000000,0,0,0,0,0,0,0,0,0,0,0,59,0,10000,10795.951340677782,1952.3425000006682,45048.77829999896,28.0
1781969416,5000,POST,/payment/create-order,0.000000,0.000000,0,0,0,0,0,0,0,0,0,0,0,5,0,29000,41486.759159997746,28777.679999999236,90781.28450000077,173.2
1781969416,5000,POST,/predict/colleges [guest],0.200000,0.200000,129000,129000,129000,129000,129000,129000,129000,129000,129000,129000,129000,21,21,2100,16115.262038094876,1983.7504000024637,128773.14019999903,45.0
1781969416,5000,GET,/predict/colleges-list,0.000000,0.000000,0,0,0,0,0,0,0,0,0,0,0,74,0,10000,12731.409982432035,2163.6379000046873,105032.30030000122,102062.0
1781969416,5000,POST,/predict/rank [guest],0.300000,0.300000,124000,124000,125000,125000,125000,125000,125000,125000,125000,125000,125000,116,87,22000,28727.91567068948,1961.7800999985775,124855.9963000007,64.75862068965517
1781969416,5000,,Aggregated,9.700000,0.500000,127000,128000,129000,130000,130000,131000,131000,131000,131000,131000,131000,1484,148,57000,59492.89285768202,1952.3425000006682,131228.4667999993,5228.424528301887
1781969417,5000,POST,/auth/login [setup],9.300000,0.000000,128000,130000,130000,131000,132000,132000,132000,132000,132000,132000,132000,1217,40,70000,69245.58455645046,4056.311200001801,132313.2553999967,161.34511092851272
1781969417,5000,GET,/auth/me,0.000000,0.000000,0,0,0,0,0,0,0,0,0,0,0,3,0,28000,28018.772533330775,27648.28789999592,28205.055400001584,330.3333333333333
1781969417,5000,POST,/auth/update-profile,0.000000,0.000000,0,0,0,0,0,0,0,0,0,0,0,1,0,58464.32890000142,58464.32890000142,58464.32890000142,58464.32890000142,72.0
1781969417,5000,GET,/config,0.000000,0.000000,0,0,0,0,0,0,0,0,0,0,0,59,0,10000,10795.951340677782,1952.3425000006682,45048.77829999896,28.0
1781969417,5000,POST,/payment/create-order,0.000000,0.000000,0,0,0,0,0,0,0,0,0,0,0,5,0,29000,41486.759159997746,28777.679999999236,90781.28450000077,173.2
1781969417,5000,POST,/predict/colleges [guest],0.200000,0.200000,129000,129000,129000,129000,129000,129000,129000,129000,129000,129000,129000,21,21,2100,16115.262038094876,1983.7504000024637,128773.14019999903,45.0
1781969417,5000,GET,/predict/colleges-list,0.000000,0.000000,0,0,0,0,0,0,0,0,0,0,0,74,0,10000,12731.409982432035,2163.6379000046873,105032.30030000122,102062.0
1781969417,5000,POST,/predict/rank [guest],0.300000,0.300000,125000,125000,125000,125000,125000,125000,125000,125000,125000,125000,125000,116,87,22000,28727.91567068948,1961.7800999985775,124855.9963000007,64.75862068965517
1781969417,5000,,Aggregated,9.800000,0.500000,128000,130000,130000,131000,132000,132000,132000,132000,132000,132000,132000,1496,148,58000,60074.7159330883,1952.3425000006682,132313.2553999967,5187.822860962567
1781969418,5000,POST,/auth/login [setup],9.600000,0.000000,129000,130000,131000,132000,132000,133000,133000,133000,133000,133000,133000,1224,40,70000,69610.66487687925,4056.311200001801,133422.60570000508,161.3782679738562
1781969418,5000,GET,/auth/me,0.000000,0.000000,0,0,0,0,0,0,0,0,0,0,0,3,0,28000,28018.772533330775,27648.28789999592,28205.055400001584,330.3333333333333
1781969418,5000,POST,/auth/update-profile,0.000000,0.000000,0,0,0,0,0,0,0,0,0,0,0,1,0,58464.32890000142,58464.32890000142,58464.32890000142,58464.32890000142,72.0
1781969418,5000,GET,/config,0.000000,0.000000,0,0,0,0,0,0,0,0,0,0,0,59,0,10000,10795.951340677782,1952.3425000006682,45048.77829999896,28.0
1781969418,5000,POST,/payment/create-order,0.000000,0.000000,0,0,0,0,0,0,0,0,0,0,0,5,0,29000,41486.759159997746,28777.679999999236,90781.28450000077,173.2
1781969418,5000,POST,/predict/colleges [guest],0.200000,0.200000,129000,129000,129000,129000,129000,129000,129000,129000,129000,129000,129000,21,21,2100,16115.262038094876,1983.7504000024637,128773.14019999903,45.0
1781969418,5000,GET,/predict/colleges-list,0.000000,0.000000,0,0,0,0,0,0,0,0,0,0,0,74,0,10000,12731.409982432035,2163.6379000046873,105032.30030000122,102062.0
1781969418,5000,POST,/predict/rank [guest],0.300000,0.300000,125000,125000,125000,125000,125000,125000,125000,125000,125000,125000,125000,116,87,22000,28727.91567068948,1961.7800999985775,124855.9963000007,64.75862068965517
1781969418,5000,,Aggregated,10.100000,0.500000,129000,130000,131000,132000,132000,133000,133000,133000,133000,133000,133000,1503,148,58000,60414.73881570199,1952.3425000006682,133422.60570000508,5164.439787092481
1781969419,5000,POST,/auth/login [setup],9.400000,0.000000,130000,131000,132000,132000,133000,134000,134000,134000,134000,134000,134000,1231,40,70000,69978.07402428937,4056.311200001801,134492.18130000372,161.4094232331438
1781969419,5000,GET,/auth/me,0.000000,0.000000,0,0,0,0,0,0,0,0,0,0,0,3,0,28000,28018.772533330775,27648.28789999592,28205.055400001584,330.3333333333333
1781969419,5000,POST,/auth/update-profile,0.000000,0.000000,0,0,0,0,0,0,0,0,0,0,0,1,0,58464.32890000142,58464.32890000142,58464.32890000142,58464.32890000142,72.0
1781969419,5000,GET,/config,0.000000,0.000000,134000,134000,134000,134000,134000,134000,134000,134000,134000,134000,134000,62,0,10000,16559.546296774162,1952.3425000006682,134194.3803000031,28.0
1781969419,5000,POST,/payment/create-order,0.000000,0.000000,0,0,0,0,0,0,0,0,0,0,0,5,0,29000,41486.759159997746,28777.679999999236,90781.28450000077,173.2
1781969419,5000,POST,/predict/colleges [guest],0.200000,0.200000,129000,129000,129000,129000,129000,129000,129000,129000,129000,129000,129000,21,21,2100,16115.262038094876,1983.7504000024637,128773.14019999903,45.0
1781969419,5000,GET,/predict/colleges-list,0.000000,0.000000,135000,135000,135000,135000,135000,135000,135000,135000,135000,135000,135000,78,0,10000,18823.333239743173,2163.6379000046873,134818.78750000033,102062.0
1781969419,5000,POST,/predict/rank [guest],0.300000,0.300000,125000,125000,125000,125000,125000,125000,125000,125000,125000,125000,125000,116,87,22000,28727.91567068948,1961.7800999985775,124855.9963000007,64.75862068965517
1781969419,5000,,Aggregated,9.900000,0.500000,130000,131000,132000,132000,134000,134000,135000,135000,135000,135000,135000,1517,148,59000,61080.246638035656,1952.3425000006682,134818.78750000033,5386.719182597231
1781969420,5000,POST,/auth/login [setup],9.800000,0.000000,131000,132000,133000,134000,135000,136000,136000,136000,136000,136000,136000,1244,40,71000,70661.33977789407,4056.311200001801,135703.39729999978,161.46704180064307
1781969420,5000,GET,/auth/me,0.000000,0.000000,0,0,0,0,0,0,0,0,0,0,0,3,0,28000,28018.772533330775,27648.28789999592,28205.055400001584,330.3333333333333
1781969420,5000,POST,/auth/update-profile,0.000000,0.000000,0,0,0,0,0,0,0,0,0,0,0,1,0,58464.32890000142,58464.32890000142,58464.32890000142,58464.32890000142,72.0
1781969420,5000,GET,/config,0.000000,0.000000,134000,134000,134000,134000,134000,134000,134000,134000,134000,134000,134000,63,0,10000,18242.490147618922,1952.3425000006682,134194.3803000031,28.0
1781969420,5000,POST,/payment/create-order,0.000000,0.000000,0,0,0,0,0,0,0,0,0,0,0,5,0,29000,41486.759159997746,28777.679999999236,90781.28450000077,173.2
1781969420,5000,POST,/predict/colleges [guest],0.200000,0.200000,129000,129000,129000,129000,129000,129000,129000,129000,129000,129000,129000,21,21,2100,16115.262038094876,1983.7504000024637,128773.14019999903,45.0
1781969420,5000,GET,/predict/colleges-list,0.000000,0.000000,135000,135000,135000,135000,135000,135000,135000,135000,135000,135000,135000,78,0,10000,18823.333239743173,2163.6379000046873,134818.78750000033,102062.0
1781969420,5000,POST,/predict/rank [guest],0.200000,0.200000,125000,125000,125000,125000,125000,125000,125000,125000,125000,125000,125000,116,87,22000,28727.91567068948,1961.7800999985775,124855.9963000007,64.75862068965517
1781969420,5000,,Aggregated,10.200000,0.400000,131000,132000,134000,134000,135000,136000,136000,136000,136000,136000,136000,1531,148,59000,61751.15396381456,1952.3425000006682,135703.39729999978,5338.896799477466
1781969421,5000,POST,/auth/login [setup],9.100000,0.000000,132000,134000,135000,136000,136000,136000,136000,136000,136000,136000,136000,1259,40,72000,71440.16838260544,4056.311200001801,136470.42559999682,161.53296266878476
1781969421,5000,GET,/auth/me,0.000000,0.000000,0,0,0,0,0,0,0,0,0,0,0,3,0,28000,28018.772533330775,27648.28789999592,28205.055400001584,330.3333333333333
1781969421,5000,POST,/auth/update-profile,0.000000,0.000000,0,0,0,0,0,0,0,0,0,0,0,1,0,58464.32890000142,58464.32890000142,58464.32890000142,58464.32890000142,72.0
1781969421,5000,GET,/config,0.200000,0.000000,134000,134000,134000,134000,134000,134000,134000,134000,134000,134000,134000,63,0,10000,18242.490147618922,1952.3425000006682,134194.3803000031,28.0
1781969421,5000,POST,/payment/create-order,0.000000,0.000000,0,0,0,0,0,0,0,0,0,0,0,5,0,29000,41486.759159997746,28777.679999999236,90781.28450000077,173.2
1781969421,5000,POST,/predict/colleges [guest],0.200000,0.200000,129000,129000,129000,129000,129000,129000,129000,129000,129000,129000,129000,21,21,2100,16115.262038094876,1983.7504000024637,128773.14019999903,45.0
1781969421,5000,GET,/predict/colleges-list,0.100000,0.000000,135000,135000,135000,135000,135000,135000,135000,135000,135000,135000,135000,78,0,10000,18823.333239743173,2163.6379000046873,134818.78750000033,102062.0
1781969421,5000,POST,/predict/rank [guest],0.100000,0.100000,125000,125000,125000,125000,125000,125000,125000,125000,125000,125000,125000,116,87,22000,28727.91567068948,1961.7800999985775,124855.9963000007,64.75862068965517
1781969421,5000,,Aggregated,9.700000,0.300000,132000,134000,135000,135000,136000,136000,136000,136000,136000,136000,136000,1546,148,60000,62471.85124747743,1952.3425000006682,136470.42559999682,5288.716688227684
1781969422,5000,POST,/auth/login [setup],9.300000,0.000000,133000,135000,136000,136000,136000,137000,137000,138000,138000,138000,138000,1264,40,72000,71699.94838291158,4056.311200001801,137562.51150000026,161.55379746835442
1781969422,5000,GET,/auth/me,0.000000,0.000000,0,0,0,0,0,0,0,0,0,0,0,3,0,28000,28018.772533330775,27648.28789999592,28205.055400001584,330.3333333333333
1781969422,5000,POST,/auth/update-profile,0.000000,0.000000,0,0,0,0,0,0,0,0,0,0,0,1,0,58464.32890000142,58464.32890000142,58464.32890000142,58464.32890000142,72.0
1781969422,5000,GET,/config,0.300000,0.000000,134000,134000,134000,134000,134000,134000,134000,134000,134000,134000,134000,63,0,10000,18242.490147618922,1952.3425000006682,134194.3803000031,28.0
1781969422,5000,POST,/payment/create-order,0.000000,0.000000,0,0,0,0,0,0,0,0,0,0,0,5,0,29000,41486.759159997746,28777.679999999236,90781.28450000077,173.2
1781969422,5000,POST,/predict/colleges [guest],0.200000,0.200000,129000,129000,129000,129000,129000,129000,129000,129000,129000,129000,129000,21,21,2100,16115.262038094876,1983.7504000024637,128773.14019999903,45.0
1781969422,5000,GET,/predict/colleges-list,0.400000,0.000000,135000,135000,135000,135000,135000,135000,135000,135000,135000,135000,135000,78,0,10000,18823.333239743173,2163.6379000046873,134818.78750000033,102062.0
1781969422,5000,POST,/predict/rank [guest],0.000000,0.000000,125000,125000,125000,125000,125000,125000,125000,125000,125000,125000,125000,116,87,22000,28727.91567068948,1961.7800999985775,124855.9963000007,64.75862068965517
1781969422,5000,,Aggregated,10.200000,0.200000,133000,135000,135000,136000,136000,136000,137000,137000,138000,138000,138000,1551,148,60000,62712.47246350749,1952.3425000006682,137562.51150000026,5272.205029013539
1781969423,5000,POST,/auth/login [setup],9.900000,0.000000,135000,136000,137000,138000,138000,139000,139000,139000,139000,139000,139000,1289,40,73000,72992.08544297922,4056.311200001801,138772.2505000056,161.6578743211792
1781969423,5000,GET,/auth/me,0.000000,0.000000,0,0,0,0,0,0,0,0,0,0,0,3,0,28000,28018.772533330775,27648.28789999592,28205.055400001584,330.3333333333333
1781969423,5000,POST,/auth/update-profile,0.000000,0.000000,0,0,0,0,0,0,0,0,0,0,0,1,0,58464.32890000142,58464.32890000142,58464.32890000142,58464.32890000142,72.0
1781969423,5000,GET,/config,0.400000,0.000000,134000,134000,134000,134000,134000,134000,134000,134000,134000,134000,134000,63,0,10000,18242.490147618922,1952.3425000006682,134194.3803000031,28.0
1781969423,5000,POST,/payment/create-order,0.000000,0.000000,0,0,0,0,0,0,0,0,0,0,0,5,0,29000,41486.759159997746,28777.679999999236,90781.28450000077,173.2
1781969423,5000,POST,/predict/colleges [guest],0.200000,0.200000,129000,129000,129000,129000,129000,129000,129000,129000,129000,129000,129000,21,21,2100,16115.262038094876,1983.7504000024637,128773.14019999903,45.0
1781969423,5000,GET,/predict/colleges-list,0.400000,0.000000,135000,135000,135000,135000,135000,135000,135000,135000,135000,135000,135000,78,0,10000,18823.333239743173,2163.6379000046873,134818.78750000033,102062.0
1781969423,5000,POST,/predict/rank [guest],0.000000,0.000000,133000,133000,139000,139000,139000,139000,139000,139000,139000,139000,139000,119,88,22000,31343.24576638645,1961.7800999985775,138928.5419000007,65.59663865546219
1781969423,5000,,Aggregated,10.900000,0.200000,135000,136000,137000,138000,138000,139000,139000,139000,139000,139000,139000,1579,149,62000,64042.12552203933,1952.3425000006682,138928.5419000007,5181.543381887271
1781969424,5000,POST,/auth/login [setup],9.900000,0.000000,136000,136000,138000,138000,138000,139000,139000,139000,139000,139000,139000,1289,40,73000,72992.08544297922,4056.311200001801,138772.2505000056,161.6578743211792
1781969424,5000,GET,/auth/me,0.000000,0.000000,0,0,0,0,0,0,0,0,0,0,0,3,0,28000,28018.772533330775,27648.28789999592,28205.055400001584,330.3333333333333
1781969424,5000,POST,/auth/update-profile,0.000000,0.000000,0,0,0,0,0,0,0,0,0,0,0,1,0,58464.32890000142,58464.32890000142,58464.32890000142,58464.32890000142,72.0
1781969424,5000,GET,/config,0.400000,0.000000,134000,134000,134000,134000,134000,134000,134000,134000,134000,134000,134000,63,0,10000,18242.490147618922,1952.3425000006682,134194.3803000031,28.0
1781969424,5000,POST,/payment/create-order,0.000000,0.000000,0,0,0,0,0,0,0,0,0,0,0,5,0,29000,41486.759159997746,28777.679999999236,90781.28450000077,173.2
1781969424,5000,POST,/predict/colleges [guest],0.200000,0.200000,129000,129000,129000,129000,129000,129000,129000,129000,129000,129000,129000,21,21,2100,16115.262038094876,1983.7504000024637,128773.14019999903,45.0
1781969424,5000,GET,/predict/colleges-list,0.400000,0.000000,135000,135000,135000,135000,135000,135000,135000,135000,135000,135000,135000,78,0,10000,18823.333239743173,2163.6379000046873,134818.78750000033,102062.0
1781969424,5000,POST,/predict/rank [guest],0.000000,0.000000,133000,133000,139000,139000,139000,139000,139000,139000,139000,139000,139000,119,88,22000,31343.24576638645,1961.7800999985775,138928.5419000007,65.59663865546219
1781969424,5000,,Aggregated,10.900000,0.200000,135000,136000,137000,138000,138000,139000,139000,139000,139000,139000,139000,1579,149,62000,64042.12552203933,1952.3425000006682,138928.5419000007,5181.543381887271
1781969425,5000,POST,/auth/login [setup],9.700000,0.000000,136000,137000,138000,138000,138000,139000,140000,140000,140000,140000,140000,1291,40,73000,73095.95851409777,4056.311200001801,140276.79180000268,161.66615027110768
1781969425,5000,GET,/auth/me,0.000000,0.000000,0,0,0,0,0,0,0,0,0,0,0,3,0,28000,28018.772533330775,27648.28789999592,28205.055400001584,330.3333333333333
1781969425,5000,POST,/auth/update-profile,0.000000,0.000000,0,0,0,0,0,0,0,0,0,0,0,1,0,58464.32890000142,58464.32890000142,58464.32890000142,58464.32890000142,72.0
1781969425,5000,GET,/config,0.400000,0.000000,134000,134000,134000,134000,140000,140000,140000,140000,140000,140000,140000,65,0,10000,21797.27373846142,1952.3425000006682,140283.32229999796,28.0
1781969425,5000,POST,/payment/create-order,0.000000,0.000000,0,0,0,0,0,0,0,0,0,0,0,5,0,29000,41486.759159997746,28777.679999999236,90781.28450000077,173.2
1781969425,5000,POST,/predict/colleges [guest],0.100000,0.100000,129000,129000,129000,129000,129000,129000,129000,129000,129000,129000,129000,21,21,2100,16115.262038094876,1983.7504000024637,128773.14019999903,45.0
1781969425,5000,GET,/predict/colleges-list,0.400000,0.000000,135000,135000,141000,141000,141000,141000,141000,141000,141000,141000,141000,80,0,10000,21873.85272749952,2163.6379000046873,141098.75419999298,102062.0
1781969425,5000,POST,/predict/rank [guest],0.000000,0.000000,133000,133000,139000,139000,139000,139000,139000,139000,139000,139000,139000,119,88,22000,31343.24576638645,1961.7800999985775,138928.5419000007,65.59663865546219
1781969425,5000,,Aggregated,10.600000,0.100000,136000,137000,138000,138000,139000,139000,140000,141000,141000,141000,141000,1585,149,62000,64322.92406574139,1952.3425000006682,141098.75419999298,5290.959621451104
1781969426,5000,POST,/auth/login [setup],9.700000,0.000000,136000,137000,138000,138000,138000,139000,140000,140000,140000,140000,140000,1291,40,73000,73095.95851409777,4056.311200001801,140276.79180000268,161.66615027110768
1781969426,5000,GET,/auth/me,0.000000,0.000000,0,0,0,0,0,0,0,0,0,0,0,3,0,28000,28018.772533330775,27648.28789999592,28205.055400001584,330.3333333333333
1781969426,5000,POST,/auth/update-profile,0.000000,0.000000,0,0,0,0,0,0,0,0,0,0,0,1,0,58464.32890000142,58464.32890000142,58464.32890000142,58464.32890000142,72.0
1781969426,5000,GET,/config,0.400000,0.000000,134000,134000,134000,134000,140000,140000,140000,140000,140000,140000,140000,65,0,10000,21797.27373846142,1952.3425000006682,140283.32229999796,28.0
1781969426,5000,POST,/payment/create-order,0.000000,0.000000,0,0,0,0,0,0,0,0,0,0,0,5,0,29000,41486.759159997746,28777.679999999236,90781.28450000077,173.2
1781969426,5000,POST,/predict/colleges [guest],0.100000,0.100000,129000,129000,129000,129000,129000,129000,129000,129000,129000,129000,129000,21,21,2100,16115.262038094876,1983.7504000024637,128773.14019999903,45.0
1781969426,5000,GET,/predict/colleges-list,0.400000,0.000000,135000,135000,141000,141000,141000,141000,141000,141000,141000,141000,141000,80,0,10000,21873.85272749952,2163.6379000046873,141098.75419999298,102062.0
1781969426,5000,POST,/predict/rank [guest],0.000000,0.000000,139000,139000,141000,141000,141000,141000,141000,141000,141000,141000,141000,120,88,22000,32259.39720999989,1961.7800999985775,141281.418999999,66.1
1781969426,5000,,Aggregated,10.600000,0.100000,136000,137000,138000,138000,139000,140000,141000,141000,141000,141000,141000,1586,149,62000,64371.44770693575,1952.3425000006682,141281.418999999,5287.703026481715
1781969427,5000,POST,/auth/login [setup],10.200000,0.000000,137000,138000,138000,138000,140000,142000,142000,143000,143000,143000,143000,1297,40,74000,73416.76082598319,4056.311200001801,142896.27779999864,161.69159599074789
1781969427,5000,GET,/auth/me,0.000000,0.000000,0,0,0,0,0,0,0,0,0,0,0,3,0,28000,28018.772533330775,27648.28789999592,28205.055400001584,330.3333333333333
1781969427,5000,POST,/auth/update-profile,0.000000,0.000000,0,0,0,0,0,0,0,0,0,0,0,1,0,58464.32890000142,58464.32890000142,58464.32890000142,58464.32890000142,72.0
1781969427,5000,GET,/config,0.500000,0.000000,134000,134000,134000,134000,140000,140000,140000,140000,140000,140000,140000,65,0,10000,21797.27373846142,1952.3425000006682,140283.32229999796,28.0
1781969427,5000,POST,/payment/create-order,0.000000,0.000000,0,0,0,0,0,0,0,0,0,0,0,5,0,29000,41486.759159997746,28777.679999999236,90781.28450000077,173.2
1781969427,5000,POST,/predict/colleges [guest],0.000000,0.000000,129000,129000,129000,129000,129000,129000,129000,129000,129000,129000,129000,21,21,2100,16115.262038094876,1983.7504000024637,128773.14019999903,45.0
1781969427,5000,GET,/predict/colleges-list,0.400000,0.000000,135000,135000,141000,141000,141000,141000,141000,141000,141000,141000,141000,80,0,10000,21873.85272749952,2163.6379000046873,141098.75419999298,102062.0
1781969427,5000,POST,/predict/rank [guest],0.300000,0.100000,139000,139000,141000,141000,141000,141000,141000,141000,141000,141000,141000,120,88,22000,32259.39720999989,1961.7800999985775,141281.418999999,66.1
1781969427,5000,,Aggregated,11.400000,0.100000,136000,138000,138000,139000,140000,142000,142000,143000,143000,143000,143000,1592,149,63000,64665.68618894478,1952.3425000006682,142896.27779999864,5268.404522613066
1781969428,5000,POST,/auth/login [setup],9.000000,0.000000,138000,138000,140000,142000,143000,143000,144000,144000,144000,144000,144000,1311,40,75000,74163.15523974081,4056.311200001801,143811.88939999993,161.744469870328
1781969428,5000,GET,/auth/me,0.000000,0.000000,0,0,0,0,0,0,0,0,0,0,0,3,0,28000,28018.772533330775,27648.28789999592,28205.055400001584,330.3333333333333
1781969428,5000,POST,/auth/update-profile,0.000000,0.000000,0,0,0,0,0,0,0,0,0,0,0,1,0,58464.32890000142,58464.32890000142,58464.32890000142,58464.32890000142,72.0
1781969428,5000,GET,/config,0.600000,0.000000,127000,127000,140000,140000,140000,140000,140000,140000,140000,140000,140000,65,0,10000,21797.27373846142,1952.3425000006682,140283.32229999796,28.0
1781969428,5000,POST,/payment/create-order,0.000000,0.000000,0,0,0,0,0,0,0,0,0,0,0,5,0,29000,41486.759159997746,28777.679999999236,90781.28450000077,173.2
1781969428,5000,POST,/predict/colleges [guest],0.000000,0.000000,129000,129000,129000,129000,129000,129000,129000,129000,129000,129000,129000,21,21,2100,16115.262038094876,1983.7504000024637,128773.14019999903,45.0
1781969428,5000,GET,/predict/colleges-list,0.600000,0.000000,135000,141000,141000,141000,141000,141000,141000,141000,141000,141000,141000,80,0,10000,21873.85272749952,2163.6379000046873,141098.75419999298,102062.0
1781969428,5000,POST,/predict/rank [guest],0.400000,0.100000,139000,139000,141000,141000,141000,141000,141000,141000,141000,141000,141000,120,88,22000,32259.39720999989,1961.7800999985775,141281.418999999,66.1
1781969428,5000,,Aggregated,10.600000,0.100000,138000,138000,140000,142000,143000,143000,144000,144000,144000,144000,144000,1606,149,63000,65351.26409763392,1952.3425000006682,143811.88939999993,5223.9308841843085
1781969429,5000,POST,/auth/login [setup],8.400000,0.000000,138000,142000,143000,143000,144000,144000,144000,145000,145000,145000,145000,1326,40,75000,74954.98509396697,4056.311200001801,144526.73580000555,161.8001508295626
1781969429,5000,GET,/auth/me,0.000000,0.000000,0,0,0,0,0,0,0,0,0,0,0,6,0,28000,82499.38646666608,27648.28789999592,137228.78180000407,330.3333333333333
1781969429,5000,POST,/auth/update-profile,0.000000,0.000000,0,0,0,0,0,0,0,0,0,0,0,1,0,58464.32890000142,58464.32890000142,58464.32890000142,58464.32890000142,72.0
1781969429,5000,GET,/config,0.600000,0.000000,127000,127000,140000,140000,140000,140000,140000,140000,140000,140000,140000,65,0,10000,21797.27373846142,1952.3425000006682,140283.32229999796,28.0
1781969429,5000,POST,/payment/create-order,0.000000,0.000000,0,0,0,0,0,0,0,0,0,0,0,5,0,29000,41486.759159997746,28777.679999999236,90781.28450000077,173.2
1781969429,5000,POST,/predict/colleges [guest],0.000000,0.000000,129000,129000,129000,129000,129000,129000,129000,129000,129000,129000,129000,21,21,2100,16115.262038094876,1983.7504000024637,128773.14019999903,45.0
1781969429,5000,GET,/predict/colleges-list,0.600000,0.000000,135000,141000,141000,141000,141000,141000,141000,141000,141000,141000,141000,80,0,10000,21873.85272749952,2163.6379000046873,141098.75419999298,102062.0
1781969429,5000,POST,/predict/rank [guest],0.400000,0.100000,139000,139000,141000,141000,141000,141000,141000,141000,141000,141000,141000,120,88,22000,32259.39720999989,1961.7800999985775,141281.418999999,66.1
1781969429,5000,,Aggregated,10.000000,0.100000,138000,141000,143000,143000,144000,144000,144000,144000,145000,145000,145000,1624,149,64000,66211.50483823897,1952.3425000006682,144526.73580000555,5168.179802955665
1781969430,5000,POST,/auth/login [setup],7.700000,0.000000,143000,144000,144000,144000,145000,146000,146000,146000,146000,146000,146000,1340,40,76000,75692.48424111954,4056.311200001801,145935.1800000004,161.85149253731342
1781969430,5000,GET,/auth/me,0.000000,0.000000,137000,137000,137000,137000,137000,137000,137000,137000,137000,137000,137000,6,0,28000,82499.38646666608,27648.28789999592,137228.78180000407,330.3333333333333
1781969430,5000,POST,/auth/update-profile,0.000000,0.000000,0,0,0,0,0,0,0,0,0,0,0,1,0,58464.32890000142,58464.32890000142,58464.32890000142,58464.32890000142,72.0
1781969430,5000,GET,/config,0.600000,0.000000,127000,127000,140000,140000,140000,140000,140000,140000,140000,140000,140000,65,0,10000,21797.27373846142,1952.3425000006682,140283.32229999796,28.0
1781969430,5000,POST,/payment/create-order,0.000000,0.000000,0,0,0,0,0,0,0,0,0,0,0,5,0,29000,41486.759159997746,28777.679999999236,90781.28450000077,173.2
1781969430,5000,POST,/predict/colleges [guest],0.000000,0.000000,129000,129000,129000,129000,129000,129000,129000,129000,129000,129000,129000,21,21,2100,16115.262038094876,1983.7504000024637,128773.14019999903,45.0
1781969430,5000,GET,/predict/colleges-list,0.600000,0.000000,135000,141000,141000,141000,141000,141000,141000,141000,141000,141000,141000,80,0,10000,21873.85272749952,2163.6379000046873,141098.75419999298,102062.0
1781969430,5000,POST,/predict/rank [guest],0.400000,0.100000,139000,141000,141000,145000,145000,145000,145000,145000,145000,145000,145000,121,89,22000,33193.37274628088,1961.7800999985775,145270.43709999998,65.92561983471074
1781969430,5000,,Aggregated,9.300000,0.100000,142000,143000,144000,144000,145000,146000,146000,146000,146000,146000,146000,1639,150,65000,66937.38434588167,1952.3425000006682,145935.1800000004,5122.332519829164
1781969431,5000,POST,/auth/login [setup],9.000000,0.000000,143000,144000,145000,146000,146000,146000,146000,146000,146000,146000,146000,1352,40,76000,76317.13916190843,4056.311200001801,146468.5537999976,161.8949704142012
1781969431,5000,GET,/auth/me,0.000000,0.000000,137000,137000,137000,137000,137000,137000,137000,137000,137000,137000,137000,6,0,28000,82499.38646666608,27648.28789999592,137228.78180000407,330.3333333333333
1781969431,5000,POST,/auth/update-profile,0.000000,0.000000,0,0,0,0,0,0,0,0,0,0,0,1,0,58464.32890000142,58464.32890000142,58464.32890000142,58464.32890000142,72.0
1781969431,5000,GET,/config,0.400000,0.000000,132000,132000,132000,132000,140000,140000,140000,140000,140000,140000,140000,68,0,10000,26648.39183088225,1952.3425000006682,140283.32229999796,28.0
1781969431,5000,POST,/payment/create-order,0.000000,0.000000,0,0,0,0,0,0,0,0,0,0,0,6,0,29000,57710.01664999858,28777.679999999236,138826.30410000274,173.16666666666666
1781969431,5000,POST,/predict/colleges [guest],0.000000,0.000000,0,0,0,0,0,0,0,0,0,0,0,21,21,2100,16115.262038094876,1983.7504000024637,128773.14019999903,45.0
1781969431,5000,GET,/predict/colleges-list,0.500000,0.000000,135000,141000,141000,141000,141000,141000,141000,141000,141000,141000,141000,80,0,10000,21873.85272749952,2163.6379000046873,141098.75419999298,102062.0
1781969431,5000,POST,/predict/rank [guest],0.400000,0.100000,139000,141000,145000,145000,146000,146000,146000,146000,146000,146000,146000,124,89,22000,35701.34554999987,1961.7800999985775,146181.64539999998,67.33064516129032
1781969431,5000,,Aggregated,10.300000,0.100000,143000,144000,145000,145000,146000,146000,146000,146000,146000,146000,146000,1658,150,65000,67797.27328600729,1952.3425000006682,146468.5537999976,5065.218938480097
1781969432,5000,POST,/auth/login [setup],9.500000,0.000000,144000,145000,146000,146000,146000,146000,148000,148000,148000,148000,148000,1356,40,77000,76527.2710058261,4056.311200001801,148129.42969999858,161.90929203539824
1781969432,5000,GET,/auth/me,0.300000,0.000000,137000,137000,137000,137000,137000,137000,137000,137000,137000,137000,137000,6,0,28000,82499.38646666608,27648.28789999592,137228.78180000407,330.3333333333333
1781969432,5000,POST,/auth/update-profile,0.000000,0.000000,0,0,0,0,0,0,0,0,0,0,0,1,0,58464.32890000142,58464.32890000142,58464.32890000142,58464.32890000142,72.0
1781969432,5000,GET,/config,0.300000,0.000000,132000,132000,133000,133000,140000,140000,140000,140000,140000,140000,140000,70,0,10000,29668.790254285603,1952.3425000006682,140283.32229999796,28.0
1781969432,5000,POST,/payment/create-order,0.000000,0.000000,140000,140000,140000,140000,140000,140000,140000,140000,140000,140000,140000,7,0,29000,69412.76887142677,28777.679999999236,139629.28219999594,173.28571428571428
1781969432,5000,POST,/predict/colleges [guest],0.000000,0.000000,0,0,0,0,0,0,0,0,0,0,0,22,22,2100,22120.934168181437,1983.7504000024637,148240.04889999924,45.0
1781969432,5000,GET,/predict/colleges-list,0.200000,0.000000,133000,133000,141000,141000,141000,141000,141000,141000,141000,141000,141000,86,0,11000,29616.93618139475,2163.6379000046873,141098.75419999298,102062.0
1781969432,5000,POST,/predict/rank [guest],0.500000,0.200000,133000,139000,141000,145000,146000,146000,146000,146000,146000,146000,146000,126,89,22000,37248.304148412564,1961.7800999985775,146181.64539999998,68.26190476190476
1781969432,5000,,Aggregated,10.800000,0.200000,143000,144000,145000,146000,146000,146000,148000,148000,148000,148000,148000,1674,151,66000,68467.23310483874,1952.3425000006682,148240.04889999924,5383.332735961768
1781969433,5000,POST,/auth/login [setup],9.000000,0.000000,145000,146000,146000,147000,148000,148000,148000,148000,148000,148000,148000,1368,40,77000,77153.62897733932,4056.311200001801,148229.63880000316,161.953216374269
1781969433,5000,GET,/auth/me,0.300000,0.000000,137000,137000,137000,137000,137000,137000,137000,137000,137000,137000,137000,6,0,28000,82499.38646666608,27648.28789999592,137228.78180000407,330.3333333333333
1781969433,5000,POST,/auth/update-profile,0.000000,0.000000,0,0,0,0,0,0,0,0,0,0,0,1,0,58464.32890000142,58464.32890000142,58464.32890000142,58464.32890000142,72.0
1781969433,5000,GET,/config,0.200000,0.000000,133000,133000,140000,140000,149000,149000,149000,149000,149000,149000,149000,74,0,10000,35688.01541081082,1952.3425000006682,148956.94319999893,28.0
1781969433,5000,POST,/payment/create-order,0.000000,0.000000,140000,140000,140000,140000,140000,140000,140000,140000,140000,140000,140000,7,0,29000,69412.76887142677,28777.679999999236,139629.28219999594,173.28571428571428
1781969433,5000,POST,/predict/colleges [guest],0.000000,0.000000,148000,148000,148000,148000,148000,148000,148000,148000,148000,148000,148000,23,23,2100,27604.15853478227,1983.7504000024637,148240.04889999924,45.0
1781969433,5000,GET,/predict/colleges-list,0.200000,0.000000,133000,133000,133000,141000,141000,141000,141000,141000,141000,141000,141000,87,0,11000,30801.749549424672,2163.6379000046873,141098.75419999298,102062.0
1781969433,5000,POST,/predict/rank [guest],0.700000,0.200000,133000,139000,141000,141000,145000,146000,146000,146000,146000,146000,146000,127,89,22000,38006.71014173214,1961.7800999985775,146181.64539999998,68.69291338582677
1781969433,5000,,Aggregated,10.400000,0.200000,144000,146000,146000,146000,148000,148000,148000,149000,149000,149000,149000,1693,152,67000,69325.41503620795,1952.3425000006682,148956.94319999893,5384.550502067336
1781969434,5000,POST,/auth/login [setup],9.000000,0.000000,145000,146000,146000,147000,148000,148000,148000,148000,148000,148000,148000,1368,40,77000,77153.62897733932,4056.311200001801,148229.63880000316,161.953216374269
1781969434,5000,GET,/auth/me,0.300000,0.000000,137000,137000,137000,137000,137000,137000,137000,137000,137000,137000,137000,6,0,28000,82499.38646666608,27648.28789999592,137228.78180000407,330.3333333333333
1781969434,5000,POST,/auth/update-profile,0.000000,0.000000,0,0,0,0,0,0,0,0,0,0,0,1,0,58464.32890000142,58464.32890000142,58464.32890000142,58464.32890000142,72.0
1781969434,5000,GET,/config,0.200000,0.000000,133000,133000,149000,149000,149000,149000,149000,149000,149000,149000,149000,75,0,10000,37203.07535200002,1952.3425000006682,149317.5110000011,28.0
1781969434,5000,POST,/payment/create-order,0.000000,0.000000,140000,140000,140000,140000,140000,140000,140000,140000,140000,140000,140000,7,0,29000,69412.76887142677,28777.679999999236,139629.28219999594,173.28571428571428
1781969434,5000,POST,/predict/colleges [guest],0.000000,0.000000,148000,148000,148000,148000,148000,148000,148000,148000,148000,148000,148000,23,23,2100,27604.15853478227,1983.7504000024637,148240.04889999924,45.0
1781969434,5000,GET,/predict/colleges-list,0.200000,0.000000,133000,133000,133000,141000,141000,141000,141000,141000,141000,141000,141000,87,0,11000,30801.749549424672,2163.6379000046873,141098.75419999298,102062.0
1781969434,5000,POST,/predict/rank [guest],0.700000,0.200000,134000,141000,145000,145000,146000,146000,146000,146000,146000,146000,146000,127,89,22000,38006.71014173214,1961.7800999985775,146181.64539999998,68.69291338582677
1781969434,5000,,Aggregated,10.400000,0.200000,144000,146000,146000,146000,148000,148000,149000,149000,149000,149000,149000,1694,152,67000,69372.63587207797,1952.3425000006682,149317.5110000011,5381.388429752066
1781969435,5000,POST,/auth/login [setup],9.400000,0.000000,146000,147000,148000,148000,150000,150000,151000,151000,151000,151000,151000,1384,40,78000,77998.21993908974,4056.311200001801,150618.33210000623,162.00794797687863
1781969435,5000,GET,/auth/me,0.300000,0.000000,137000,137000,137000,137000,137000,137000,137000,137000,137000,137000,137000,6,0,28000,82499.38646666608,27648.28789999592,137228.78180000407,330.3333333333333
1781969435,5000,POST,/auth/update-profile,0.000000,0.000000,0,0,0,0,0,0,0,0,0,0,0,1,0,58464.32890000142,58464.32890000142,58464.32890000142,58464.32890000142,72.0
1781969435,5000,GET,/config,0.700000,0.000000,133000,149000,151000,151000,151000,151000,151000,151000,151000,151000,151000,79,0,10000,42966.121551898854,1952.3425000006682,151126.32890000532,28.0
1781969435,5000,POST,/payment/create-order,0.200000,0.000000,140000,140000,140000,140000,140000,140000,140000,140000,140000,140000,140000,7,0,29000,69412.76887142677,28777.679999999236,139629.28219999594,173.28571428571428
1781969435,5000,POST,/predict/colleges [guest],0.200000,0.200000,148000,148000,148000,148000,148000,148000,148000,148000,148000,148000,148000,23,23,2100,27604.15853478227,1983.7504000024637,148240.04889999924,45.0
1781969435,5000,GET,/predict/colleges-list,0.900000,0.000000,133000,135000,135000,135000,141000,141000,141000,141000,141000,141000,141000,89,0,11000,33140.75296516795,2163.6379000046873,141098.75419999298,102062.0
1781969435,5000,POST,/predict/rank [guest],1.000000,0.200000,134000,135000,141000,145000,146000,146000,146000,146000,146000,146000,146000,128,89,22000,38768.26921484359,1961.7800999985775,146181.64539999998,69.140625
1781969435,5000,,Aggregated,12.700000,0.400000,145000,146000,148000,148000,150000,150000,151000,151000,151000,151000,151000,1717,152,68000,70430.96747105422,1952.3425000006682,151126.32890000532,5429.8782760629
1781969436,5000,POST,/auth/login [setup],7.900000,0.000000,146000,147000,148000,148000,150000,150000,151000,151000,151000,151000,151000,1385,40,78000,78050.508034946,4056.311200001801,150618.33210000623,162.0115523465704
1781969436,5000,GET,/auth/me,0.300000,0.000000,137000,137000,137000,137000,137000,137000,137000,137000,137000,137000,137000,6,0,28000,82499.38646666608,27648.28789999592,137228.78180000407,330.3333333333333
1781969436,5000,POST,/auth/update-profile,0.000000,0.000000,0,0,0,0,0,0,0,0,0,0,0,1,0,58464.32890000142,58464.32890000142,58464.32890000142,58464.32890000142,72.0
1781969436,5000,GET,/config,1.200000,0.000000,133000,149000,151000,151000,151000,151000,151000,151000,151000,151000,151000,79,0,10000,42966.121551898854,1952.3425000006682,151126.32890000532,28.0
1781969436,5000,POST,/payment/create-order,0.200000,0.000000,140000,140000,140000,140000,140000,140000,140000,140000,140000,140000,140000,7,0,29000,69412.76887142677,28777.679999999236,139629.28219999594,173.28571428571428
1781969436,5000,POST,/predict/colleges [guest],0.200000,0.200000,148000,148000,148000,148000,148000,148000,148000,148000,148000,148000,148000,23,23,2100,27604.15853478227,1983.7504000024637,148240.04889999924,45.0
1781969436,5000,GET,/predict/colleges-list,0.900000,0.000000,133000,135000,141000,141000,151000,152000,152000,152000,152000,152000,152000,91,0,11000,35743.69471868064,2163.6379000046873,151840.79559999373,102062.0
1781969436,5000,POST,/predict/rank [guest],0.800000,0.100000,135000,136000,141000,145000,146000,146000,146000,146000,146000,146000,146000,129,89,22000,39522.94976124015,1961.7800999985775,146181.64539999998,69.55813953488372
1781969436,5000,,Aggregated,11.500000,0.300000,145000,146000,148000,148000,150000,151000,151000,151000,152000,152000,152000,1721,152,68000,70609.91263550267,1952.3425000006682,151840.79559999373,5536.034282393957
1781969437,5000,POST,/auth/login [setup],7.700000,0.000000,146000,150000,150000,151000,152000,152000,153000,153000,153000,153000,153000,1405,40,79000,79104.92646049838,4056.311200001801,152631.46889999916,162.08398576512457
1781969437,5000,GET,/auth/me,0.300000,0.000000,137000,137000,137000,137000,137000,137000,137000,137000,137000,137000,137000,6,0,28000,82499.38646666608,27648.28789999592,137228.78180000407,330.3333333333333
1781969437,5000,POST,/auth/update-profile,0.000000,0.000000,0,0,0,0,0,0,0,0,0,0,0,1,0,58464.32890000142,58464.32890000142,58464.32890000142,58464.32890000142,72.0
1781969437,5000,GET,/config,1.100000,0.000000,136000,149000,151000,151000,151000,153000,153000,153000,153000,153000,153000,81,0,10000,45470.03353333348,1952.3425000006682,152626.7985000013,28.0
1781969437,5000,POST,/payment/create-order,0.200000,0.000000,140000,140000,140000,140000,140000,140000,140000,140000,140000,140000,140000,7,0,29000,69412.76887142677,28777.679999999236,139629.28219999594,173.28571428571428
1781969437,5000,POST,/predict/colleges [guest],0.200000,0.200000,148000,148000,148000,148000,148000,148000,148000,148000,148000,148000,148000,23,23,2100,27604.15853478227,1983.7504000024637,148240.04889999924,45.0
1781969437,5000,GET,/predict/colleges-list,0.900000,0.000000,135000,136000,141000,141000,151000,152000,152000,152000,152000,152000,152000,92,0,11000,36838.7654021732,2163.6379000046873,151840.79559999373,102062.0
1781969437,5000,POST,/predict/rank [guest],0.800000,0.100000,134000,135000,136000,145000,146000,146000,146000,146000,146000,146000,146000,129,89,22000,39522.94976124015,1961.7800999985775,146181.64539999998,69.55813953488372
1781969437,5000,,Aggregated,11.200000,0.300000,146000,148000,150000,150000,152000,152000,153000,153000,153000,153000,153000,1744,152,69000,71667.06823709868,1952.3425000006682,152631.46889999916,5523.494839449541
1781969438,5000,POST,/auth/login [setup],9.400000,0.000000,148000,150000,151000,152000,152000,152000,153000,153000,153000,153000,153000,1406,40,79000,79157.71724132306,4056.311200001801,153328.76430000033,162.0867709815078
1781969438,5000,GET,/auth/me,0.300000,0.000000,137000,137000,137000,137000,137000,137000,137000,137000,137000,137000,137000,6,0,28000,82499.38646666608,27648.28789999592,137228.78180000407,330.3333333333333
1781969438,5000,POST,/auth/update-profile,0.000000,0.000000,0,0,0,0,0,0,0,0,0,0,0,1,0,58464.32890000142,58464.32890000142,58464.32890000142,58464.32890000142,72.0
1781969438,5000,GET,/config,1.400000,0.000000,149000,149000,151000,151000,151000,153000,153000,153000,153000,153000,153000,81,0,10000,45470.03353333348,1952.3425000006682,152626.7985000013,28.0
1781969438,5000,POST,/payment/create-order,0.200000,0.000000,140000,140000,140000,140000,140000,140000,140000,140000,140000,140000,140000,7,0,29000,69412.76887142677,28777.679999999236,139629.28219999594,173.28571428571428
1781969438,5000,POST,/predict/colleges [guest],0.200000,0.200000,148000,148000,148000,148000,148000,148000,148000,148000,148000,148000,148000,23,23,2100,27604.15853478227,1983.7504000024637,148240.04889999924,45.0
1781969438,5000,GET,/predict/colleges-list,1.000000,0.000000,133000,135000,136000,137000,151000,152000,152000,152000,152000,152000,152000,93,0,11000,37915.989752687456,2163.6379000046873,151840.79559999373,102062.0
1781969438,5000,POST,/predict/rank [guest],0.800000,0.100000,134000,135000,136000,145000,146000,146000,146000,146000,146000,146000,146000,129,89,22000,39522.94976124015,1961.7800999985775,146181.64539999998,69.55813953488372
1781969438,5000,,Aggregated,13.300000,0.300000,146000,149000,150000,151000,152000,152000,153000,153000,153000,153000,153000,1746,152,69000,71751.26941569307,1952.3425000006682,153328.76430000033,5575.717640320733
1781969439,5000,POST,/auth/login [setup],9.400000,0.000000,150000,152000,152000,152000,154000,154000,154000,155000,155000,155000,155000,1420,40,81000,79894.63878021143,4056.311200001801,154525.3576000032,162.13450704225352
1781969439,5000,GET,/auth/me,0.300000,0.000000,137000,137000,137000,137000,137000,137000,137000,137000,137000,137000,137000,6,0,28000,82499.38646666608,27648.28789999592,137228.78180000407,330.3333333333333
1781969439,5000,POST,/auth/update-profile,0.000000,0.000000,0,0,0,0,0,0,0,0,0,0,0,1,0,58464.32890000142,58464.32890000142,58464.32890000142,58464.32890000142,72.0
1781969439,5000,GET,/config,1.400000,0.000000,149000,149000,151000,151000,151000,153000,153000,153000,153000,153000,153000,81,0,10000,45470.03353333348,1952.3425000006682,152626.7985000013,28.0
1781969439,5000,POST,/payment/create-order,0.200000,0.000000,140000,140000,140000,140000,140000,140000,140000,140000,140000,140000,140000,7,0,29000,69412.76887142677,28777.679999999236,139629.28219999594,173.28571428571428
1781969439,5000,POST,/predict/colleges [guest],0.200000,0.200000,148000,148000,148000,148000,148000,148000,148000,148000,148000,148000,148000,23,23,2100,27604.15853478227,1983.7504000024637,148240.04889999924,45.0
1781969439,5000,GET,/predict/colleges-list,1.100000,0.000000,135000,136000,151000,152000,155000,155000,155000,155000,155000,155000,155000,95,0,11000,40371.368883157185,2163.6379000046873,154561.39399999665,102062.0
1781969439,5000,POST,/predict/rank [guest],0.900000,0.100000,134000,135000,136000,136000,146000,146000,146000,146000,146000,146000,146000,129,89,22000,39522.94976124015,1961.7800999985775,146181.64539999998,69.55813953488372
1781969439,5000,,Aggregated,13.500000,0.300000,148000,151000,152000,152000,154000,154000,155000,155000,155000,155000,155000,1762,152,70000,72497.98298711696,1952.3425000006682,154561.39399999665,5642.261066969353
1781969440,5000,POST,/auth/login [setup],10.700000,0.000000,152000,153000,154000,154000,155000,156000,156000,156000,156000,156000,156000,1432,40,81000,80527.85470886888,4056.311200001801,156075.28449999518,162.1745810055866
1781969440,5000,GET,/auth/me,0.300000,0.000000,137000,137000,137000,137000,137000,137000,137000,137000,137000,137000,137000,6,0,28000,82499.38646666608,27648.28789999592,137228.78180000407,330.3333333333333
1781969440,5000,POST,/auth/update-profile,0.000000,0.000000,0,0,0,0,0,0,0,0,0,0,0,1,0,58464.32890000142,58464.32890000142,58464.32890000142,58464.32890000142,72.0
1781969440,5000,GET,/config,1.600000,0.000000,138000,149000,151000,151000,151000,153000,153000,153000,153000,153000,153000,82,0,10000,46604.36591097575,1952.3425000006682,152626.7985000013,28.0
1781969440,5000,POST,/payment/create-order,0.200000,0.000000,140000,140000,140000,140000,140000,140000,140000,140000,140000,140000,140000,7,0,29000,69412.76887142677,28777.679999999236,139629.28219999594,173.28571428571428
1781969440,5000,POST,/predict/colleges [guest],0.200000,0.200000,148000,148000,148000,148000,148000,148000,148000,148000,148000,148000,148000,23,23,2100,27604.15853478227,1983.7504000024637,148240.04889999924,45.0
1781969440,5000,GET,/predict/colleges-list,1.200000,0.000000,136000,139000,152000,155000,156000,156000,156000,156000,156000,156000,156000,98,0,11000,43739.12535510131,2163.6379000046873,156147.0163999984,102062.0
1781969440,5000,POST,/predict/rank [guest],0.900000,0.100000,134000,135000,136000,136000,139000,139000,139000,139000,139000,139000,139000,130,89,22000,40286.7274061537,1961.7800999985775,146181.64539999998,69.96923076923076
1781969440,5000,,Aggregated,15.100000,0.300000,150000,152000,153000,154000,155000,156000,156000,156000,156000,156000,156000,1779,152,71000,73263.29425042163,1952.3425000006682,156147.0163999984,5761.66610455312
1781969441,5000,POST,/auth/login [setup],9.100000,0.000000,152000,154000,155000,155000,156000,156000,157000,157000,157000,157000,157000,1441,40,82000,81000.31496245679,4056.311200001801,156692.67399999808,162.20471894517695
1781969441,5000,GET,/auth/me,0.300000,0.000000,137000,137000,137000,137000,137000,137000,137000,137000,137000,137000,137000,6,0,28000,82499.38646666608,27648.28789999592,137228.78180000407,330.3333333333333
1781969441,5000,POST,/auth/update-profile,0.000000,0.000000,0,0,0,0,0,0,0,0,0,0,0,1,0,58464.32890000142,58464.32890000142,58464.32890000142,58464.32890000142,72.0
1781969441,5000,GET,/config,1.600000,0.000000,149000,151000,151000,151000,151000,153000,153000,153000,153000,153000,153000,83,0,11000,47726.43837951822,1952.3425000006682,152626.7985000013,28.0
1781969441,5000,POST,/payment/create-order,0.200000,0.000000,140000,140000,140000,140000,140000,140000,140000,140000,140000,140000,140000,7,0,29000,69412.76887142677,28777.679999999236,139629.28219999594,173.28571428571428
1781969441,5000,POST,/predict/colleges [guest],0.200000,0.200000,148000,148000,148000,148000,148000,148000,148000,148000,148000,148000,148000,23,23,2100,27604.15853478227,1983.7504000024637,148240.04889999924,45.0
1781969441,5000,GET,/predict/colleges-list,1.300000,0.000000,136000,139000,152000,155000,156000,156000,156000,156000,156000,156000,156000,98,0,11000,43739.12535510131,2163.6379000046873,156147.0163999984,102062.0
1781969441,5000,POST,/predict/rank [guest],0.900000,0.100000,135000,136000,139000,139000,139000,139000,139000,139000,139000,139000,139000,131,89,22000,41043.980396946434,1961.7800999985775,146181.64539999998,70.3969465648855
1781969441,5000,,Aggregated,13.600000,0.300000,151000,153000,154000,155000,156000,156000,156000,157000,157000,157000,157000,1790,152,71000,73754.29588787715,1952.3425000006682,156692.67399999808,5727.184916201118
1781969442,5000,POST,/auth/login [setup],9.200000,0.000000,153000,154000,155000,156000,156000,157000,157000,158000,158000,158000,158000,1447,40,82000,81315.57242999325,4056.311200001801,157516.92499999626,162.22391154111955
1781969442,5000,GET,/auth/me,0.000000,0.000000,137000,137000,137000,137000,137000,137000,137000,137000,137000,137000,137000,6,0,28000,82499.38646666608,27648.28789999592,137228.78180000407,330.3333333333333
1781969442,5000,POST,/auth/update-profile,0.000000,0.000000,0,0,0,0,0,0,0,0,0,0,0,1,0,58464.32890000142,58464.32890000142,58464.32890000142,58464.32890000142,72.0
1781969442,5000,GET,/config,1.600000,0.000000,149000,151000,151000,151000,151000,153000,153000,153000,153000,153000,153000,83,0,11000,47726.43837951822,1952.3425000006682,152626.7985000013,28.0
1781969442,5000,POST,/payment/create-order,0.200000,0.000000,140000,140000,140000,140000,140000,140000,140000,140000,140000,140000,140000,7,0,29000,69412.76887142677,28777.679999999236,139629.28219999594,173.28571428571428
1781969442,5000,POST,/predict/colleges [guest],0.200000,0.200000,158000,158000,158000,158000,158000,158000,158000,158000,158000,158000,158000,26,26,3900,42616.13498076929,1983.7504000024637,157709.5835,45.0
1781969442,5000,GET,/predict/colleges-list,1.500000,0.000000,136000,151000,155000,155000,156000,158000,158000,158000,158000,158000,158000,99,0,12000,44888.8259222215,2163.6379000046873,157559.4815000004,102062.0
1781969442,5000,POST,/predict/rank [guest],0.900000,0.000000,136000,139000,139000,139000,139000,139000,139000,139000,139000,139000,139000,131,89,22000,41043.980396946434,1961.7800999985775,146181.64539999998,70.3969465648855
1781969442,5000,,Aggregated,13.600000,0.200000,152000,154000,155000,156000,156000,157000,158000,158000,158000,158000,158000,1800,155,72000,74218.36246072226,1952.3425000006682,157709.5835,5752.699444444444
1781969443,5000,POST,/auth/login [setup],8.800000,0.000000,154000,156000,156000,157000,158000,159000,159000,159000,159000,159000,159000,1465,40,83000,82264.13846675781,4056.311200001801,159167.7023999946,162.27986348122866
1781969443,5000,GET,/auth/me,0.000000,0.000000,137000,137000,137000,137000,137000,137000,137000,137000,137000,137000,137000,6,0,28000,82499.38646666608,27648.28789999592,137228.78180000407,330.3333333333333
1781969443,5000,POST,/auth/update-profile,0.000000,0.000000,0,0,0,0,0,0,0,0,0,0,0,1,0,58464.32890000142,58464.32890000142,58464.32890000142,58464.32890000142,72.0
1781969443,5000,GET,/config,1.700000,0.000000,149000,151000,151000,151000,151000,153000,153000,153000,153000,153000,153000,83,0,11000,47726.43837951822,1952.3425000006682,152626.7985000013,28.0
1781969443,5000,POST,/payment/create-order,0.200000,0.000000,140000,140000,140000,140000,140000,140000,140000,140000,140000,140000,140000,7,0,29000,69412.76887142677,28777.679999999236,139629.28219999594,173.28571428571428
1781969443,5000,POST,/predict/colleges [guest],0.200000,0.200000,158000,158000,158000,158000,158000,158000,158000,158000,158000,158000,158000,26,26,3900,42616.13498076929,1983.7504000024637,157709.5835,45.0
1781969443,5000,GET,/predict/colleges-list,1.800000,0.000000,152000,155000,156000,156000,156000,158000,158000,158000,158000,158000,158000,99,0,12000,44888.8259222215,2163.6379000046873,157559.4815000004,102062.0
1781969443,5000,POST,/predict/rank [guest],0.700000,0.000000,139000,142000,158000,158000,159000,159000,159000,159000,159000,159000,159000,134,89,22000,43547.329432089435,1961.7800999985775,158647.6757000055,71.57462686567165
1781969443,5000,,Aggregated,13.400000,0.200000,154000,155000,156000,157000,158000,159000,159000,159000,159000,159000,159000,1821,155,73000,75181.19862097754,1952.3425000006682,159167.7023999946,5688.209774848984
1781969444,5000,POST,/auth/login [setup],8.900000,0.000000,154000,156000,157000,158000,159000,159000,159000,159000,160000,160000,160000,1469,40,83000,82473.595730429,4056.311200001801,159637.96440000442,162.2920353982301
1781969444,5000,GET,/auth/me,0.000000,0.000000,137000,137000,137000,137000,137000,137000,137000,137000,137000,137000,137000,6,0,28000,82499.38646666608,27648.28789999592,137228.78180000407,330.3333333333333
1781969444,5000,POST,/auth/update-profile,0.000000,0.000000,0,0,0,0,0,0,0,0,0,0,0,1,0,58464.32890000142,58464.32890000142,58464.32890000142,58464.32890000142,72.0
1781969444,5000,GET,/config,1.400000,0.000000,151000,151000,151000,151000,153000,153000,153000,153000,153000,153000,153000,83,0,11000,47726.43837951822,1952.3425000006682,152626.7985000013,28.0
1781969444,5000,POST,/payment/create-order,0.000000,0.000000,140000,140000,140000,140000,140000,140000,140000,140000,140000,140000,140000,7,0,29000,69412.76887142677,28777.679999999236,139629.28219999594,173.28571428571428
1781969444,5000,POST,/predict/colleges [guest],0.200000,0.200000,158000,158000,158000,158000,158000,158000,158000,158000,158000,158000,158000,26,26,3900,42616.13498076929,1983.7504000024637,157709.5835,45.0
1781969444,5000,GET,/predict/colleges-list,1.800000,0.000000,152000,155000,156000,156000,156000,158000,158000,158000,158000,158000,158000,99,0,12000,44888.8259222215,2163.6379000046873,157559.4815000004,102062.0
1781969444,5000,POST,/predict/rank [guest],0.700000,0.000000,142000,143000,158000,158000,159000,159000,159000,159000,159000,159000,159000,135,89,22000,44280.92886074062,1961.7800999985775,158647.6757000055,71.95555555555555
1781969444,5000,,Aggregated,13.000000,0.200000,154000,156000,157000,158000,159000,159000,159000,159000,160000,160000,160000,1826,155,73000,75402.13319567367,1952.3425000006682,159637.96440000442,5673.066812705367
1781969445,5000,POST,/auth/login [setup],8.400000,0.000000,155000,156000,158000,158000,159000,160000,160000,161000,161000,161000,161000,1476,40,83000,82842.06979891613,4056.311200001801,160811.95090000256,162.3150406504065
1781969445,5000,GET,/auth/me,0.000000,0.000000,137000,137000,137000,137000,137000,137000,137000,137000,137000,137000,137000,6,0,28000,82499.38646666608,27648.28789999592,137228.78180000407,330.3333333333333
1781969445,5000,POST,/auth/update-profile,0.000000,0.000000,0,0,0,0,0,0,0,0,0,0,0,1,0,58464.32890000142,58464.32890000142,58464.32890000142,58464.32890000142,72.0
1781969445,5000,GET,/config,1.300000,0.000000,151000,151000,151000,151000,153000,153000,153000,153000,153000,153000,153000,84,0,11000,48856.6091809525,1952.3425000006682,152626.7985000013,28.0
1781969445,5000,POST,/payment/create-order,0.000000,0.000000,140000,140000,140000,140000,140000,140000,140000,140000,140000,140000,140000,7,0,29000,69412.76887142677,28777.679999999236,139629.28219999594,173.28571428571428
1781969445,5000,POST,/predict/colleges [guest],0.300000,0.300000,158000,158000,158000,158000,158000,158000,158000,158000,158000,158000,158000,26,26,3900,42616.13498076929,1983.7504000024637,157709.5835,45.0
1781969445,5000,GET,/predict/colleges-list,1.200000,0.000000,155000,155000,156000,156000,158000,158000,158000,158000,158000,158000,158000,99,0,12000,44888.8259222215,2163.6379000046873,157559.4815000004,102062.0
1781969445,5000,POST,/predict/rank [guest],0.600000,0.000000,142000,143000,158000,158000,159000,159000,159000,159000,159000,159000,159000,135,89,22000,44280.92886074062,1961.7800999985775,158647.6757000055,71.95555555555555
1781969445,5000,,Aggregated,11.800000,0.300000,155000,157000,158000,158000,159000,160000,160000,161000,161000,161000,161000,1834,155,74000,75762.34400010911,1952.3425000006682,160811.95090000256,5648.973827699018
1781969446,5000,POST,/auth/login [setup],9.800000,0.000000,156000,158000,159000,159000,160000,161000,162000,162000,162000,162000,162000,1483,40,84000,83213.19568010802,4056.311200001801,162108.40669999743,162.3364801078894
1781969446,5000,GET,/auth/me,0.000000,0.000000,137000,137000,137000,137000,137000,137000,137000,137000,137000,137000,137000,6,0,28000,82499.38646666608,27648.28789999592,137228.78180000407,330.3333333333333
1781969446,5000,POST,/auth/update-profile,0.000000,0.000000,0,0,0,0,0,0,0,0,0,0,0,1,0,58464.32890000142,58464.32890000142,58464.32890000142,58464.32890000142,72.0
1781969446,5000,GET,/config,0.800000,0.000000,140000,143000,143000,153000,153000,153000,153000,153000,153000,153000,153000,84,0,11000,48856.6091809525,1952.3425000006682,152626.7985000013,28.0
1781969446,5000,POST,/payment/create-order,0.000000,0.000000,140000,140000,140000,140000,140000,140000,140000,140000,140000,140000,140000,7,0,29000,69412.76887142677,28777.679999999236,139629.28219999594,173.28571428571428
1781969446,5000,POST,/predict/colleges [guest],0.300000,0.300000,158000,158000,158000,158000,158000,158000,158000,158000,158000,158000,158000,26,26,3900,42616.13498076929,1983.7504000024637,157709.5835,45.0
1781969446,5000,GET,/predict/colleges-list,1.200000,0.000000,155000,156000,156000,156000,158000,158000,158000,158000,158000,158000,158000,99,0,12000,44888.8259222215,2163.6379000046873,157559.4815000004,102062.0
1781969446,5000,POST,/predict/rank [guest],0.700000,0.000000,142000,143000,158000,158000,159000,159000,159000,159000,159000,159000,159000,135,89,22000,44280.92886074062,1961.7800999985775,158647.6757000055,71.95555555555555
1781969446,5000,,Aggregated,12.800000,0.300000,156000,158000,158000,159000,160000,161000,162000,162000,162000,162000,162000,1841,155,74000,76088.22002531239,1952.3425000006682,162108.40669999743,5628.12927756654
1781969447,5000,POST,/auth/login [setup],10.200000,0.000000,158000,159000,160000,161000,162000,163000,163000,163000,163000,163000,163000,1494,40,84000,83797.65096633213,4056.311200001801,163227.14239999914,162.36947791164658
1781969447,5000,GET,/auth/me,0.000000,0.000000,0,0,0,0,0,0,0,0,0,0,0,6,0,28000,82499.38646666608,27648.28789999592,137228.78180000407,330.3333333333333
1781969447,5000,POST,/auth/update-profile,0.000000,0.000000,0,0,0,0,0,0,0,0,0,0,0,1,0,58464.32890000142,58464.32890000142,58464.32890000142,58464.32890000142,72.0
1781969447,5000,GET,/config,0.900000,0.000000,140000,143000,143000,153000,153000,153000,153000,153000,153000,153000,153000,84,0,11000,48856.6091809525,1952.3425000006682,152626.7985000013,28.0
1781969447,5000,POST,/payment/create-order,0.000000,0.000000,140000,140000,140000,140000,140000,140000,140000,140000,140000,140000,140000,7,0,29000,69412.76887142677,28777.679999999236,139629.28219999594,173.28571428571428
1781969447,5000,POST,/predict/colleges [guest],0.300000,0.300000,158000,158000,158000,158000,158000,158000,158000,158000,158000,158000,158000,26,26,3900,42616.13498076929,1983.7504000024637,157709.5835,45.0
1781969447,5000,GET,/predict/colleges-list,1.200000,0.000000,155000,156000,156000,156000,158000,158000,158000,158000,158000,158000,158000,99,0,12000,44888.8259222215,2163.6379000046873,157559.4815000004,102062.0
1781969447,5000,POST,/predict/rank [guest],0.800000,0.000000,143000,143000,158000,158000,159000,159000,159000,159000,159000,159000,159000,135,89,22000,44280.92886074062,1961.7800999985775,158647.6757000055,71.95555555555555
1781969447,5000,,Aggregated,13.400000,0.300000,158000,159000,159000,160000,162000,163000,163000,163000,163000,163000,163000,1852,155,75000,76602.01642370418,1952.3425000006682,163227.14239999914,5595.691684665227
1781969448,5000,POST,/auth/login [setup],9.100000,0.000000,159000,160000,162000,163000,163000,164000,164000,164000,164000,164000,164000,1508,40,85000,84538.48119051737,4056.311200001801,163959.12059999682,162.41246684350133
1781969448,5000,GET,/auth/me,0.000000,0.000000,0,0,0,0,0,0,0,0,0,0,0,6,0,28000,82499.38646666608,27648.28789999592,137228.78180000407,330.3333333333333
1781969448,5000,POST,/auth/update-profile,0.000000,0.000000,0,0,0,0,0,0,0,0,0,0,0,2,0,58464.32890000142,107498.87640000088,58464.32890000142,156533.42390000034,72.0
1781969448,5000,GET,/config,0.500000,0.000000,140000,140000,143000,143000,143000,143000,143000,143000,143000,143000,143000,84,0,11000,48856.6091809525,1952.3425000006682,152626.7985000013,28.0
1781969448,5000,POST,/payment/create-order,0.000000,0.000000,140000,140000,140000,140000,140000,140000,140000,140000,140000,140000,140000,7,0,29000,69412.76887142677,28777.679999999236,139629.28219999594,173.28571428571428
1781969448,5000,POST,/predict/colleges [guest],0.300000,0.300000,158000,158000,158000,158000,158000,158000,158000,158000,158000,158000,158000,26,26,3900,42616.13498076929,1983.7504000024637,157709.5835,45.0
1781969448,5000,GET,/predict/colleges-list,0.900000,0.000000,156000,156000,156000,156000,158000,158000,158000,158000,158000,158000,158000,99,0,12000,44888.8259222215,2163.6379000046873,157559.4815000004,102062.0
1781969448,5000,POST,/predict/rank [guest],0.700000,0.000000,143000,143000,158000,158000,159000,159000,159000,159000,159000,159000,159000,135,89,22000,44280.92886074062,1961.7800999985775,158647.6757000055,71.95555555555555
1781969448,5000,,Aggregated,11.500000,0.300000,158000,159000,161000,162000,163000,164000,164000,164000,164000,164000,164000,1867,155,76000,77297.16493422606,1952.3425000006682,163959.12059999682,5552.025174076058
1781969449,5000,POST,/auth/login [setup],10.000000,0.000000,160000,162000,163000,164000,164000,164000,165000,165000,165000,165000,165000,1518,40,85000,85063.39897351793,4056.311200001801,164595.20960000373,162.4413702239789
1781969449,5000,GET,/auth/me,0.000000,0.000000,0,0,0,0,0,0,0,0,0,0,0,6,0,28000,82499.38646666608,27648.28789999592,137228.78180000407,330.3333333333333
1781969449,5000,POST,/auth/update-profile,0.000000,0.000000,157000,157000,157000,157000,157000,157000,157000,157000,157000,157000,157000,2,0,58464.32890000142,107498.87640000088,58464.32890000142,156533.42390000034,72.0
1781969449,5000,GET,/config,0.500000,0.000000,143000,143000,146000,146000,146000,146000,146000,146000,146000,146000,146000,85,0,11000,50004.75754000012,1952.3425000006682,152626.7985000013,28.0
1781969449,5000,POST,/payment/create-order,0.000000,0.000000,0,0,0,0,0,0,0,0,0,0,0,7,0,29000,69412.76887142677,28777.679999999236,139629.28219999594,173.28571428571428
1781969449,5000,POST,/predict/colleges [guest],0.300000,0.300000,158000,158000,165000,165000,165000,165000,165000,165000,165000,165000,165000,27,27,4100,47151.83138518505,1983.7504000024637,165079.93789999455,45.0
1781969449,5000,GET,/predict/colleges-list,0.800000,0.000000,156000,156000,158000,158000,158000,158000,158000,158000,158000,158000,158000,99,0,12000,44888.8259222215,2163.6379000046873,157559.4815000004,102062.0
1781969449,5000,POST,/predict/rank [guest],0.600000,0.000000,143000,143000,158000,158000,159000,159000,159000,159000,159000,159000,159000,135,89,22000,44280.92886074062,1961.7800999985775,158647.6757000055,71.95555555555555
1781969449,5000,,Aggregated,12.200000,0.300000,159000,161000,163000,163000,164000,164000,165000,165000,165000,165000,165000,1879,156,76000,77843.29222794044,1952.3425000006682,165079.93789999455,5517.494411921235
1781969450,5000,POST,/auth/login [setup],8.900000,0.000000,161000,163000,164000,164000,165000,165000,166000,166000,166000,166000,166000,1526,40,85000,85485.17169587172,4056.311200001801,165948.7208000064,162.46330275229357
1781969450,5000,GET,/auth/me,0.000000,0.000000,0,0,0,0,0,0,0,0,0,0,0,6,0,28000,82499.38646666608,27648.28789999592,137228.78180000407,330.3333333333333
1781969450,5000,POST,/auth/update-profile,0.000000,0.000000,157000,157000,157000,157000,157000,157000,157000,157000,157000,157000,157000,2,0,58464.32890000142,107498.87640000088,58464.32890000142,156533.42390000034,72.0
1781969450,5000,GET,/config,0.300000,0.000000,143000,143000,146000,146000,146000,146000,146000,146000,146000,146000,146000,85,0,11000,50004.75754000012,1952.3425000006682,152626.7985000013,28.0
1781969450,5000,POST,/payment/create-order,0.000000,0.000000,0,0,0,0,0,0,0,0,0,0,0,7,0,29000,69412.76887142677,28777.679999999236,139629.28219999594,173.28571428571428
1781969450,5000,POST,/predict/colleges [guest],0.300000,0.300000,166000,166000,166000,166000,166000,166000,166000,166000,166000,166000,166000,36,36,13000,76861.91620555514,1983.7504000024637,166394.13509999576,45.0
1781969450,5000,GET,/predict/colleges-list,0.700000,0.000000,156000,156000,156000,158000,158000,158000,158000,158000,158000,158000,158000,100,0,12000,45919.88265199929,2163.6379000046873,157559.4815000004,102062.0
1781969450,5000,POST,/predict/rank [guest],0.600000,0.000000,143000,158000,158000,159000,159000,159000,159000,159000,159000,159000,159000,135,89,22000,44280.92886074062,1961.7800999985775,158647.6757000055,71.95555555555555
1781969450,5000,,Aggregated,10.800000,0.300000,161000,163000,164000,164000,166000,166000,166000,166000,166000,166000,166000,1897,165,77000,78668.21428429103,1952.3425000006682,166394.13509999576,5519.858724301529
1781969451,5000,POST,/auth/login [setup],10.400000,0.000000,163000,164000,164000,164000,166000,166000,166000,166000,166000,166000,166000,1532,40,85000,85800.30523798971,4056.311200001801,166389.23559999967,162.48107049608356
1781969451,5000,GET,/auth/me,0.000000,0.000000,0,0,0,0,0,0,0,0,0,0,0,6,0,28000,82499.38646666608,27648.28789999592,137228.78180000407,330.3333333333333
1781969451,5000,POST,/auth/update-profile,0.100000,0.000000,157000,157000,157000,157000,157000,157000,157000,157000,157000,157000,157000,2,0,58464.32890000142,107498.87640000088,58464.32890000142,156533.42390000034,72.0
1781969451,5000,GET,/config,0.400000,0.000000,143000,143000,146000,146000,146000,146000,146000,146000,146000,146000,146000,85,0,11000,50004.75754000012,1952.3425000006682,152626.7985000013,28.0
1781969451,5000,POST,/payment/create-order,0.000000,0.000000,0,0,0,0,0,0,0,0,0,0,0,7,0,29000,69412.76887142677,28777.679999999236,139629.28219999594,173.28571428571428
1781969451,5000,POST,/predict/colleges [guest],0.300000,0.300000,166000,166000,166000,166000,166000,166000,166000,166000,166000,166000,166000,36,36,13000,76861.91620555514,1983.7504000024637,166394.13509999576,45.0
1781969451,5000,GET,/predict/colleges-list,0.600000,0.000000,158000,158000,158000,158000,158000,158000,158000,158000,158000,158000,158000,100,0,12000,45919.88265199929,2163.6379000046873,157559.4815000004,102062.0
1781969451,5000,POST,/predict/rank [guest],0.600000,0.000000,158000,158000,159000,159000,159000,159000,159000,159000,159000,159000,159000,135,89,22000,44280.92886074062,1961.7800999985775,158647.6757000055,71.95555555555555
1781969451,5000,,Aggregated,12.400000,0.300000,162000,164000,164000,165000,166000,166000,166000,166000,166000,166000,166000,1903,165,78000,78943.40415869684,1952.3425000006682,166394.13509999576,5502.981607987388
1781969452,5000,POST,/auth/login [setup],9.700000,0.000000,163000,164000,165000,166000,167000,167000,168000,168000,168000,168000,168000,1544,40,86000,86432.40472104936,4056.311200001801,167882.82009999966,162.5142487046632
1781969452,5000,GET,/auth/me,0.000000,0.000000,0,0,0,0,0,0,0,0,0,0,0,6,0,28000,82499.38646666608,27648.28789999592,137228.78180000407,330.3333333333333
1781969452,5000,POST,/auth/update-profile,0.100000,0.000000,157000,157000,157000,157000,157000,157000,157000,157000,157000,157000,157000,2,0,58464.32890000142,107498.87640000088,58464.32890000142,156533.42390000034,72.0
1781969452,5000,GET,/config,0.400000,0.000000,146000,146000,146000,146000,146000,146000,146000,146000,146000,146000,146000,85,0,11000,50004.75754000012,1952.3425000006682,152626.7985000013,28.0
1781969452,5000,POST,/payment/create-order,0.000000,0.000000,0,0,0,0,0,0,0,0,0,0,0,7,0,29000,69412.76887142677,28777.679999999236,139629.28219999594,173.28571428571428
1781969452,5000,POST,/predict/colleges [guest],0.400000,0.400000,166000,166000,166000,166000,168000,168000,168000,168000,168000,168000,168000,39,39,128000,83896.22161794828,1983.7504000024637,168476.49439999805,45.0
1781969452,5000,GET,/predict/colleges-list,0.400000,0.000000,158000,158000,158000,158000,158000,158000,158000,158000,158000,158000,158000,100,0,12000,45919.88265199929,2163.6379000046873,157559.4815000004,102062.0
1781969452,5000,POST,/predict/rank [guest],0.500000,0.000000,143000,143000,159000,159000,159000,159000,159000,159000,159000,159000,159000,135,89,22000,44280.92886074062,1961.7800999985775,158647.6757000055,71.95555555555555
1781969452,5000,,Aggregated,11.500000,0.400000,164000,165000,166000,166000,167000,168000,168000,168000,168000,168000,168000,1918,168,78000,79634.9254631909,1952.3425000006682,168476.49439999805,5461.058394160584
1781969454,5000,POST,/auth/login [setup],9.400000,0.000000,164000,166000,167000,167000,168000,168000,169000,169000,169000,169000,169000,1554,40,87000,86959.86175283155,4056.311200001801,169119.1364000042,162.54247104247105
1781969454,5000,GET,/auth/me,0.000000,0.000000,0,0,0,0,0,0,0,0,0,0,0,6,0,28000,82499.38646666608,27648.28789999592,137228.78180000407,330.3333333333333
1781969454,5000,POST,/auth/update-profile,0.100000,0.000000,157000,157000,157000,157000,157000,157000,157000,157000,157000,157000,157000,2,0,58464.32890000142,107498.87640000088,58464.32890000142,156533.42390000034,72.0
1781969454,5000,GET,/config,0.300000,0.000000,146000,146000,146000,146000,146000,146000,146000,146000,146000,146000,146000,85,0,11000,50004.75754000012,1952.3425000006682,152626.7985000013,28.0
1781969454,5000,POST,/payment/create-order,0.000000,0.000000,0,0,0,0,0,0,0,0,0,0,0,7,0,29000,69412.76887142677,28777.679999999236,139629.28219999594,173.28571428571428
1781969454,5000,POST,/predict/colleges [guest],1.300000,1.300000,166000,168000,169000,169000,169000,169000,169000,169000,169000,169000,169000,46,46,148000,96809.20103695604,1983.7504000024637,169469.75649999513,45.0
1781969454,5000,GET,/predict/colleges-list,0.200000,0.000000,158000,158000,158000,158000,158000,158000,158000,158000,158000,158000,158000,100,0,12000,45919.88265199929,2163.6379000046873,157559.4815000004,102062.0
1781969454,5000,POST,/predict/rank [guest],0.500000,0.000000,151000,151000,151000,151000,151000,151000,151000,151000,151000,151000,151000,136,89,22000,45066.13756249984,1961.7800999985775,158647.6757000055,72.3529411764706
1781969454,5000,,Aggregated,11.800000,1.300000,165000,166000,167000,168000,168000,169000,169000,169000,169000,169000,169000,1936,175,79000,80452.54092453522,1952.3425000006682,169469.75649999513,5411.373966942148
1781969455,5000,POST,/auth/login [setup],9.000000,0.000000,165000,167000,168000,168000,169000,169000,169000,170000,170000,170000,170000,1563,40,88000,87433.39182418442,4056.311200001801,169748.737300004,162.56749840051182
1781969455,5000,GET,/auth/me,0.000000,0.000000,0,0,0,0,0,0,0,0,0,0,0,6,0,28000,82499.38646666608,27648.28789999592,137228.78180000407,330.3333333333333
1781969455,5000,POST,/auth/update-profile,0.100000,0.000000,157000,157000,157000,157000,157000,157000,157000,157000,157000,157000,157000,2,0,58464.32890000142,107498.87640000088,58464.32890000142,156533.42390000034,72.0
1781969455,5000,GET,/config,0.200000,0.000000,146000,146000,146000,146000,146000,146000,146000,146000,146000,146000,146000,85,0,11000,50004.75754000012,1952.3425000006682,152626.7985000013,28.0
1781969455,5000,POST,/payment/create-order,0.000000,0.000000,0,0,0,0,0,0,0,0,0,0,0,7,0,29000,69412.76887142677,28777.679999999236,139629.28219999594,173.28571428571428
1781969455,5000,POST,/predict/colleges [guest],1.300000,1.300000,168000,168000,169000,169000,169000,169000,169000,169000,169000,169000,169000,46,46,148000,96809.20103695604,1983.7504000024637,169469.75649999513,45.0
1781969455,5000,GET,/predict/colleges-list,0.200000,0.000000,158000,158000,158000,158000,158000,158000,158000,158000,158000,158000,158000,100,0,12000,45919.88265199929,2163.6379000046873,157559.4815000004,102062.0
1781969455,5000,POST,/predict/rank [guest],0.400000,0.000000,151000,151000,151000,151000,151000,151000,151000,151000,151000,151000,151000,136,89,22000,45066.13756249984,1961.7800999985775,158647.6757000055,72.3529411764706
1781969455,5000,,Aggregated,11.200000,1.300000,166000,167000,168000,168000,169000,169000,169000,169000,170000,170000,170000,1945,175,80000,80863.18019907465,1952.3425000006682,169748.737300004,5387.1064267352185
1781969456,5000,POST,/auth/login [setup],9.800000,0.000000,166000,168000,168000,169000,170000,170000,170000,171000,171000,171000,171000,1571,40,88000,87855.32778911538,4056.311200001801,171287.58859999652,162.58816040738384
1781969456,5000,GET,/auth/me,0.000000,0.000000,0,0,0,0,0,0,0,0,0,0,0,6,0,28000,82499.38646666608,27648.28789999592,137228.78180000407,330.3333333333333
1781969456,5000,POST,/auth/update-profile,0.100000,0.000000,157000,157000,157000,157000,157000,157000,157000,157000,157000,157000,157000,2,0,58464.32890000142,107498.87640000088,58464.32890000142,156533.42390000034,72.0
1781969456,5000,GET,/config,0.200000,0.000000,146000,146000,146000,146000,146000,146000,146000,146000,146000,146000,146000,85,0,11000,50004.75754000012,1952.3425000006682,152626.7985000013,28.0
1781969456,5000,POST,/payment/create-order,0.000000,0.000000,0,0,0,0,0,0,0,0,0,0,0,7,0,29000,69412.76887142677,28777.679999999236,139629.28219999594,173.28571428571428
1781969456,5000,POST,/predict/colleges [guest],1.400000,1.400000,168000,168000,169000,169000,169000,169000,169000,169000,169000,169000,169000,46,46,148000,96809.20103695604,1983.7504000024637,169469.75649999513,45.0
1781969456,5000,GET,/predict/colleges-list,0.100000,0.000000,148000,148000,148000,148000,148000,148000,148000,148000,148000,148000,148000,100,0,12000,45919.88265199929,2163.6379000046873,157559.4815000004,102062.0
1781969456,5000,POST,/predict/rank [guest],0.300000,0.000000,151000,151000,151000,151000,151000,151000,151000,151000,151000,151000,151000,136,89,22000,45066.13756249984,1961.7800999985775,158647.6757000055,72.3529411764706
1781969456,5000,,Aggregated,11.900000,1.400000,166000,168000,168000,169000,169000,170000,170000,170000,171000,171000,171000,1953,175,81000,81229.50026763964,1952.3425000006682,171287.58859999652,5365.721966205837
1781969457,5000,POST,/auth/login [setup],8.800000,0.000000,167000,169000,169000,170000,171000,171000,171000,172000,172000,172000,172000,1581,40,89000,88382.64312371936,4056.311200001801,171931.40839999978,162.61669829222012
1781969457,5000,GET,/auth/me,0.000000,0.000000,0,0,0,0,0,0,0,0,0,0,0,6,0,28000,82499.38646666608,27648.28789999592,137228.78180000407,330.3333333333333
1781969457,5000,POST,/auth/update-profile,0.100000,0.000000,157000,157000,157000,157000,157000,157000,157000,157000,157000,157000,157000,2,0,58464.32890000142,107498.87640000088,58464.32890000142,156533.42390000034,72.0
1781969457,5000,GET,/config,0.200000,0.000000,146000,146000,146000,146000,146000,146000,146000,146000,146000,146000,146000,85,0,11000,50004.75754000012,1952.3425000006682,152626.7985000013,28.0
1781969457,5000,POST,/payment/create-order,0.000000,0.000000,0,0,0,0,0,0,0,0,0,0,0,7,0,29000,69412.76887142677,28777.679999999236,139629.28219999594,173.28571428571428
1781969457,5000,POST,/predict/colleges [guest],2.000000,2.000000,168000,168000,169000,169000,169000,169000,169000,169000,169000,169000,169000,46,46,148000,96809.20103695604,1983.7504000024637,169469.75649999513,45.0
1781969457,5000,GET,/predict/colleges-list,0.100000,0.000000,148000,148000,148000,148000,148000,148000,148000,148000,148000,148000,148000,100,0,12000,45919.88265199929,2163.6379000046873,157559.4815000004,102062.0
1781969457,5000,POST,/predict/rank [guest],0.200000,0.000000,151000,151000,151000,151000,151000,151000,151000,151000,151000,151000,151000,136,89,22000,45066.13756249984,1961.7800999985775,158647.6757000055,72.3529411764706
1781969457,5000,,Aggregated,11.400000,2.000000,167000,168000,169000,169000,170000,171000,171000,171000,172000,172000,172000,1963,175,81000,81687.9535632197,1952.3425000006682,171931.40839999978,5339.238920020377
1781969458,5000,POST,/auth/login [setup],9.300000,0.000000,169000,170000,171000,171000,172000,172000,173000,173000,173000,173000,173000,1593,40,89000,89014.79946453248,4056.311200001801,172634.70110000344,162.6497175141243
1781969458,5000,GET,/auth/me,0.000000,0.000000,0,0,0,0,0,0,0,0,0,0,0,6,0,28000,82499.38646666608,27648.28789999592,137228.78180000407,330.3333333333333
1781969458,5000,POST,/auth/update-profile,0.100000,0.000000,157000,157000,157000,157000,157000,157000,157000,157000,157000,157000,157000,2,0,58464.32890000142,107498.87640000088,58464.32890000142,156533.42390000034,72.0
1781969458,5000,GET,/config,0.100000,0.000000,146000,146000,146000,146000,146000,146000,146000,146000,146000,146000,146000,85,0,11000,50004.75754000012,1952.3425000006682,152626.7985000013,28.0
1781969458,5000,POST,/payment/create-order,0.000000,0.000000,0,0,0,0,0,0,0,0,0,0,0,7,0,29000,69412.76887142677,28777.679999999236,139629.28219999594,173.28571428571428
1781969458,5000,POST,/predict/colleges [guest],2.000000,2.000000,168000,168000,169000,169000,169000,169000,169000,169000,169000,169000,169000,46,46,148000,96809.20103695604,1983.7504000024637,169469.75649999513,45.0
1781969458,5000,GET,/predict/colleges-list,0.100000,0.000000,148000,148000,148000,148000,148000,148000,148000,148000,148000,148000,148000,100,0,12000,45919.88265199929,2163.6379000046873,157559.4815000004,102062.0
1781969458,5000,POST,/predict/rank [guest],0.100000,0.000000,151000,151000,151000,151000,151000,151000,151000,151000,151000,151000,151000,136,89,22000,45066.13756249984,1961.7800999985775,158647.6757000055,72.3529411764706
1781969458,5000,,Aggregated,11.700000,2.000000,168000,169000,170000,171000,172000,172000,173000,173000,173000,173000,173000,1975,175,82000,82238.51625974693,1952.3425000006682,172634.70110000344,5307.812658227848
1781969459,5000,POST,/auth/login [setup],9.500000,0.000000,169000,171000,172000,172000,173000,173000,174000,174000,174000,174000,174000,1603,40,90000,89540.4440402996,4056.311200001801,173805.22939999355,162.6756082345602
1781969459,5000,GET,/auth/me,0.000000,0.000000,0,0,0,0,0,0,0,0,0,0,0,6,0,28000,82499.38646666608,27648.28789999592,137228.78180000407,330.3333333333333
1781969459,5000,POST,/auth/update-profile,0.100000,0.000000,157000,157000,157000,157000,157000,157000,157000,157000,157000,157000,157000,2,0,58464.32890000142,107498.87640000088,58464.32890000142,156533.42390000034,72.0
1781969459,5000,GET,/config,0.100000,0.000000,146000,146000,146000,146000,146000,146000,146000,146000,146000,146000,146000,85,0,11000,50004.75754000012,1952.3425000006682,152626.7985000013,28.0
1781969459,5000,POST,/payment/create-order,0.000000,0.000000,0,0,0,0,0,0,0,0,0,0,0,7,0,29000,69412.76887142677,28777.679999999236,139629.28219999594,173.28571428571428
1781969459,5000,POST,/predict/colleges [guest],2.000000,2.000000,168000,168000,169000,169000,169000,169000,169000,169000,169000,169000,169000,46,46,148000,96809.20103695604,1983.7504000024637,169469.75649999513,45.0
1781969459,5000,GET,/predict/colleges-list,0.100000,0.000000,148000,148000,148000,148000,148000,148000,148000,148000,148000,148000,148000,100,0,12000,45919.88265199929,2163.6379000046873,157559.4815000004,102062.0
1781969459,5000,POST,/predict/rank [guest],0.100000,0.000000,151000,151000,151000,151000,151000,151000,151000,151000,151000,151000,151000,136,89,22000,45066.13756249984,1961.7800999985775,158647.6757000055,72.3529411764706
1781969459,5000,,Aggregated,11.900000,2.000000,169000,170000,171000,172000,173000,173000,174000,174000,174000,174000,174000,1985,175,82000,82697.14149249381,1952.3425000006682,173805.22939999355,5281.913350125945
1781969460,5000,POST,/auth/login [setup],9.600000,0.000000,170000,172000,172000,173000,173000,174000,174000,174000,174000,174000,174000,1608,40,90000,89803.76257008722,4056.311200001801,174411.74730000057,162.6884328358209
1781969460,5000,GET,/auth/me,0.000000,0.000000,0,0,0,0,0,0,0,0,0,0,0,6,0,28000,82499.38646666608,27648.28789999592,137228.78180000407,330.3333333333333
1781969460,5000,POST,/auth/update-profile,0.100000,0.000000,157000,157000,157000,157000,157000,157000,157000,157000,157000,157000,157000,2,0,58464.32890000142,107498.87640000088,58464.32890000142,156533.42390000034,72.0
1781969460,5000,GET,/config,0.100000,0.000000,146000,146000,146000,146000,146000,146000,146000,146000,146000,146000,146000,85,0,11000,50004.75754000012,1952.3425000006682,152626.7985000013,28.0
1781969460,5000,POST,/payment/create-order,0.000000,0.000000,0,0,0,0,0,0,0,0,0,0,0,7,0,29000,69412.76887142677,28777.679999999236,139629.28219999594,173.28571428571428
1781969460,5000,POST,/predict/colleges [guest],2.000000,2.000000,168000,168000,169000,169000,169000,169000,169000,169000,169000,169000,169000,46,46,148000,96809.20103695604,1983.7504000024637,169469.75649999513,45.0
1781969460,5000,GET,/predict/colleges-list,0.100000,0.000000,148000,148000,148000,148000,148000,148000,148000,148000,148000,148000,148000,100,0,12000,45919.88265199929,2163.6379000046873,157559.4815000004,102062.0
1781969460,5000,POST,/predict/rank [guest],0.100000,0.000000,151000,151000,151000,151000,151000,151000,151000,151000,151000,151000,151000,136,89,22000,45066.13756249984,1961.7800999985775,158647.6757000055,72.3529411764706
1781969460,5000,,Aggregated,12.000000,2.000000,169000,171000,172000,172000,173000,174000,174000,174000,174000,174000,174000,1990,175,82000,82927.1076777388,1952.3425000006682,174411.74730000057,5269.061306532663
1781969461,5000,POST,/auth/login [setup],9.900000,0.000000,171000,172000,173000,174000,175000,175000,175000,176000,176000,176000,176000,1618,40,90000,90330.6904374538,4056.311200001801,175615.16200000187,162.71631644004944
1781969461,5000,GET,/auth/me,0.000000,0.000000,0,0,0,0,0,0,0,0,0,0,0,6,0,28000,82499.38646666608,27648.28789999592,137228.78180000407,330.3333333333333
1781969461,5000,POST,/auth/update-profile,0.100000,0.000000,157000,157000,157000,157000,157000,157000,157000,157000,157000,157000,157000,2,0,58464.32890000142,107498.87640000088,58464.32890000142,156533.42390000034,72.0
1781969461,5000,GET,/config,0.100000,0.000000,146000,146000,146000,146000,146000,146000,146000,146000,146000,146000,146000,85,0,11000,50004.75754000012,1952.3425000006682,152626.7985000013,28.0
1781969461,5000,POST,/payment/create-order,0.000000,0.000000,0,0,0,0,0,0,0,0,0,0,0,7,0,29000,69412.76887142677,28777.679999999236,139629.28219999594,173.28571428571428
1781969461,5000,POST,/predict/colleges [guest],2.000000,2.000000,169000,169000,169000,169000,169000,169000,169000,169000,169000,169000,169000,46,46,148000,96809.20103695604,1983.7504000024637,169469.75649999513,45.0
1781969461,5000,GET,/predict/colleges-list,0.100000,0.000000,148000,148000,148000,148000,148000,148000,148000,148000,148000,148000,148000,100,0,12000,45919.88265199929,2163.6379000046873,157559.4815000004,102062.0
1781969461,5000,POST,/predict/rank [guest],0.100000,0.000000,151000,151000,151000,151000,151000,151000,151000,151000,151000,151000,151000,136,89,22000,45066.13756249984,1961.7800999985775,158647.6757000055,72.3529411764706
1781969461,5000,,Aggregated,12.300000,2.000000,170000,172000,173000,173000,175000,175000,175000,176000,176000,176000,176000,2000,175,83000,83387.7755969001,1952.3425000006682,175615.16200000187,5243.552
1781969462,5000,POST,/auth/login [setup],9.300000,0.000000,172000,173000,174000,175000,176000,176000,176000,177000,177000,177000,177000,1626,40,90000,90752.98800836426,4056.311200001801,176635.288999998,162.73739237392374
1781969462,5000,GET,/auth/me,0.000000,0.000000,0,0,0,0,0,0,0,0,0,0,0,6,0,28000,82499.38646666608,27648.28789999592,137228.78180000407,330.3333333333333
1781969462,5000,POST,/auth/update-profile,0.000000,0.000000,157000,157000,157000,157000,157000,157000,157000,157000,157000,157000,157000,2,0,58464.32890000142,107498.87640000088,58464.32890000142,156533.42390000034,72.0
1781969462,5000,GET,/config,0.000000,0.000000,146000,146000,146000,146000,146000,146000,146000,146000,146000,146000,146000,85,0,11000,50004.75754000012,1952.3425000006682,152626.7985000013,28.0
1781969462,5000,POST,/payment/create-order,0.000000,0.000000,0,0,0,0,0,0,0,0,0,0,0,7,0,29000,69412.76887142677,28777.679999999236,139629.28219999594,173.28571428571428
1781969462,5000,POST,/predict/colleges [guest],2.000000,2.000000,169000,169000,169000,169000,169000,169000,169000,169000,169000,169000,169000,46,46,148000,96809.20103695604,1983.7504000024637,169469.75649999513,45.0
1781969462,5000,GET,/predict/colleges-list,0.100000,0.000000,148000,148000,148000,148000,148000,148000,148000,148000,148000,148000,148000,100,0,12000,45919.88265199929,2163.6379000046873,157559.4815000004,102062.0
1781969462,5000,POST,/predict/rank [guest],0.100000,0.000000,151000,151000,151000,151000,151000,151000,151000,151000,151000,151000,151000,136,89,22000,45066.13756249984,1961.7800999985775,158647.6757000055,72.3529411764706
1781969462,5000,,Aggregated,11.500000,2.000000,172000,173000,174000,175000,176000,176000,176000,177000,177000,177000,177000,2008,175,83000,83757.39669701208,1952.3425000006682,176635.288999998,5223.326693227092
1781969463,5000,POST,/auth/login [setup],9.000000,0.000000,173000,175000,176000,177000,177000,178000,178000,178000,178000,178000,178000,1643,40,91000,91649.56989440063,4056.311200001801,177915.92449999735,162.78027997565428
1781969463,5000,GET,/auth/me,0.000000,0.000000,0,0,0,0,0,0,0,0,0,0,0,6,0,28000,82499.38646666608,27648.28789999592,137228.78180000407,330.3333333333333
1781969463,5000,POST,/auth/update-profile,0.000000,0.000000,157000,157000,157000,157000,157000,157000,157000,157000,157000,157000,157000,2,0,58464.32890000142,107498.87640000088,58464.32890000142,156533.42390000034,72.0
1781969463,5000,GET,/config,0.000000,0.000000,146000,146000,146000,146000,146000,146000,146000,146000,146000,146000,146000,85,0,11000,50004.75754000012,1952.3425000006682,152626.7985000013,28.0
1781969463,5000,POST,/payment/create-order,0.000000,0.000000,0,0,0,0,0,0,0,0,0,0,0,7,0,29000,69412.76887142677,28777.679999999236,139629.28219999594,173.28571428571428
1781969463,5000,POST,/predict/colleges [guest],1.900000,1.900000,169000,169000,169000,169000,169000,169000,169000,169000,169000,169000,169000,46,46,148000,96809.20103695604,1983.7504000024637,169469.75649999513,45.0
1781969463,5000,GET,/predict/colleges-list,0.100000,0.000000,148000,148000,148000,148000,148000,148000,148000,148000,148000,148000,148000,100,0,12000,45919.88265199929,2163.6379000046873,157559.4815000004,102062.0
1781969463,5000,POST,/predict/rank [guest],0.100000,0.000000,151000,151000,151000,151000,151000,151000,151000,151000,151000,151000,151000,136,89,22000,45066.13756249984,1961.7800999985775,158647.6757000055,72.3529411764706
1781969463,5000,,Aggregated,11.100000,1.900000,173000,175000,176000,177000,177000,178000,178000,178000,178000,178000,178000,2025,175,84000,84543.57402592602,1952.3425000006682,177915.92449999735,5180.877530864198
1781969464,5000,POST,/auth/login [setup],9.200000,0.000000,175000,176000,177000,177000,178000,179000,179000,179000,179000,179000,179000,1653,40,92000,92175.74654591666,4056.311200001801,179267.5476000004,162.80580762250455
1781969464,5000,GET,/auth/me,0.000000,0.000000,0,0,0,0,0,0,0,0,0,0,0,6,0,28000,82499.38646666608,27648.28789999592,137228.78180000407,330.3333333333333
1781969464,5000,POST,/auth/update-profile,0.000000,0.000000,157000,157000,157000,157000,157000,157000,157000,157000,157000,157000,157000,2,0,58464.32890000142,107498.87640000088,58464.32890000142,156533.42390000034,72.0
1781969464,5000,GET,/config,0.000000,0.000000,146000,146000,146000,146000,146000,146000,146000,146000,146000,146000,146000,85,0,11000,50004.75754000012,1952.3425000006682,152626.7985000013,28.0
1781969464,5000,POST,/payment/create-order,0.000000,0.000000,0,0,0,0,0,0,0,0,0,0,0,7,0,29000,69412.76887142677,28777.679999999236,139629.28219999594,173.28571428571428
1781969464,5000,POST,/predict/colleges [guest],1.000000,1.000000,169000,169000,169000,169000,169000,169000,169000,169000,169000,169000,169000,46,46,148000,96809.20103695604,1983.7504000024637,169469.75649999513,45.0
1781969464,5000,GET,/predict/colleges-list,0.000000,0.000000,148000,148000,148000,148000,148000,148000,148000,148000,148000,148000,148000,100,0,12000,45919.88265199929,2163.6379000046873,157559.4815000004,102062.0
1781969464,5000,POST,/predict/rank [guest],0.100000,0.000000,151000,151000,151000,151000,151000,151000,151000,151000,151000,151000,151000,136,89,22000,45066.13756249984,1961.7800999985775,158647.6757000055,72.3529411764706
1781969464,5000,,Aggregated,10.300000,1.000000,175000,176000,177000,177000,178000,179000,179000,179000,179000,179000,179000,2035,175,84000,85005.89833238338,1952.3425000006682,179267.5476000004,5156.239312039312
1781969465,4994,POST,/auth/login [setup],9.800000,0.000000,175000,177000,178000,178000,179000,179000,180000,180000,180000,180000,180000,1659,40,92000,92491.18957004232,4056.311200001801,179528.2961999983,162.8203737191079
1781969465,4994,GET,/auth/me,0.000000,0.000000,0,0,0,0,0,0,0,0,0,0,0,6,0,28000,82499.38646666608,27648.28789999592,137228.78180000407,330.3333333333333
1781969465,4994,POST,/auth/update-profile,0.000000,0.000000,157000,157000,157000,157000,157000,157000,157000,157000,157000,157000,157000,2,0,58464.32890000142,107498.87640000088,58464.32890000142,156533.42390000034,72.0
1781969465,4994,GET,/config,0.000000,0.000000,146000,146000,146000,146000,146000,146000,146000,146000,146000,146000,146000,85,0,11000,50004.75754000012,1952.3425000006682,152626.7985000013,28.0
1781969465,4994,POST,/payment/create-order,0.000000,0.000000,0,0,0,0,0,0,0,0,0,0,0,7,0,29000,69412.76887142677,28777.679999999236,139629.28219999594,173.28571428571428
1781969465,4994,POST,/predict/colleges [guest],0.600000,0.600000,169000,169000,169000,169000,169000,169000,169000,169000,169000,169000,169000,46,46,148000,96809.20103695604,1983.7504000024637,169469.75649999513,45.0
1781969465,4994,GET,/predict/colleges-list,0.000000,0.000000,148000,148000,148000,148000,148000,148000,148000,148000,148000,148000,148000,100,0,12000,45919.88265199929,2163.6379000046873,157559.4815000004,102062.0
1781969465,4994,POST,/predict/rank [guest],0.100000,0.000000,151000,151000,151000,151000,151000,151000,151000,151000,151000,151000,151000,136,89,22000,45066.13756249984,1961.7800999985775,158647.6757000055,72.3529411764706
1781969465,4994,,Aggregated,10.500000,0.600000,175000,177000,178000,178000,179000,179000,180000,180000,180000,180000,180000,2041,175,85000,85283.37950156794,1952.3425000006682,179528.2961999983,5141.571778539931
1781969466,4983,POST,/auth/login [setup],9.900000,0.000000,177000,178000,179000,179000,180000,181000,181000,181000,181000,181000,181000,1670,40,93000,93070.82614197615,4056.311200001801,180973.70900000533,162.84610778443113
1781969466,4983,GET,/auth/me,0.000000,0.000000,0,0,0,0,0,0,0,0,0,0,0,6,0,28000,82499.38646666608,27648.28789999592,137228.78180000407,330.3333333333333
1781969466,4983,POST,/auth/update-profile,0.000000,0.000000,0,0,0,0,0,0,0,0,0,0,0,2,0,58464.32890000142,107498.87640000088,58464.32890000142,156533.42390000034,72.0
1781969466,4983,GET,/config,0.000000,0.000000,0,0,0,0,0,0,0,0,0,0,0,85,0,11000,50004.75754000012,1952.3425000006682,152626.7985000013,28.0
1781969466,4983,POST,/payment/create-order,0.000000,0.000000,0,0,0,0,0,0,0,0,0,0,0,7,0,29000,69412.76887142677,28777.679999999236,139629.28219999594,173.28571428571428
1781969466,4983,POST,/predict/colleges [guest],0.000000,0.000000,169000,169000,169000,169000,169000,169000,169000,169000,169000,169000,169000,46,46,148000,96809.20103695604,1983.7504000024637,169469.75649999513,45.0
1781969466,4983,GET,/predict/colleges-list,0.000000,0.000000,148000,148000,148000,148000,148000,148000,148000,148000,148000,148000,148000,100,0,12000,45919.88265199929,2163.6379000046873,157559.4815000004,102062.0
1781969466,4983,POST,/predict/rank [guest],0.000000,0.000000,151000,151000,151000,151000,151000,151000,151000,151000,151000,151000,151000,136,89,22000,45066.13756249984,1961.7800999985775,158647.6757000055,72.3529411764706
1781969466,4983,,Aggregated,9.900000,0.000000,177000,178000,179000,179000,180000,181000,181000,181000,181000,181000,181000,2052,175,85000,85793.74937772911,1952.3425000006682,180973.70900000533,5114.903508771929
1781969467,4973,POST,/auth/login [setup],9.500000,0.000000,177000,179000,180000,180000,181000,181000,182000,182000,182000,182000,182000,1680,40,94000,93597.15862226201,4056.311200001801,182153.58179999748,162.86964285714285
1781969467,4973,GET,/auth/me,0.000000,0.000000,0,0,0,0,0,0,0,0,0,0,0,6,0,28000,82499.38646666608,27648.28789999592,137228.78180000407,330.3333333333333
1781969467,4973,POST,/auth/update-profile,0.000000,0.000000,0,0,0,0,0,0,0,0,0,0,0,2,0,58464.32890000142,107498.87640000088,58464.32890000142,156533.42390000034,72.0
1781969467,4973,GET,/config,0.000000,0.000000,0,0,0,0,0,0,0,0,0,0,0,85,0,11000,50004.75754000012,1952.3425000006682,152626.7985000013,28.0
1781969467,4973,POST,/payment/create-order,0.000000,0.000000,0,0,0,0,0,0,0,0,0,0,0,7,0,29000,69412.76887142677,28777.679999999236,139629.28219999594,173.28571428571428
1781969467,4973,POST,/predict/colleges [guest],0.000000,0.000000,169000,169000,169000,169000,169000,169000,169000,169000,169000,169000,169000,46,46,148000,96809.20103695604,1983.7504000024637,169469.75649999513,45.0
1781969467,4973,GET,/predict/colleges-list,0.000000,0.000000,148000,148000,148000,148000,148000,148000,148000,148000,148000,148000,148000,100,0,12000,45919.88265199929,2163.6379000046873,157559.4815000004,102062.0
1781969467,4973,POST,/predict/rank [guest],0.000000,0.000000,151000,151000,151000,151000,151000,151000,151000,151000,151000,151000,151000,136,89,22000,45066.13756249984,1961.7800999985775,158647.6757000055,72.3529411764706
1781969467,4973,,Aggregated,9.500000,0.000000,177000,179000,180000,180000,181000,181000,182000,182000,182000,182000,182000,2062,175,85000,86257.86641677989,1952.3425000006682,182153.58179999748,5090.906886517943
1781969468,4962,POST,/auth/login [setup],9.700000,0.000000,179000,180000,181000,181000,182000,182000,183000,183000,183000,183000,183000,1691,40,94000,94175.23820922541,4056.311200001801,182914.82449999603,162.8941454760497
1781969468,4962,GET,/auth/me,0.000000,0.000000,0,0,0,0,0,0,0,0,0,0,0,6,0,28000,82499.38646666608,27648.28789999592,137228.78180000407,330.3333333333333
1781969468,4962,POST,/auth/update-profile,0.000000,0.000000,0,0,0,0,0,0,0,0,0,0,0,2,0,58464.32890000142,107498.87640000088,58464.32890000142,156533.42390000034,72.0
1781969468,4962,GET,/config,0.000000,0.000000,0,0,0,0,0,0,0,0,0,0,0,85,0,11000,50004.75754000012,1952.3425000006682,152626.7985000013,28.0
1781969468,4962,POST,/payment/create-order,0.000000,0.000000,0,0,0,0,0,0,0,0,0,0,0,7,0,29000,69412.76887142677,28777.679999999236,139629.28219999594,173.28571428571428
1781969468,4962,POST,/predict/colleges [guest],0.000000,0.000000,169000,169000,169000,169000,169000,169000,169000,169000,169000,169000,169000,46,46,148000,96809.20103695604,1983.7504000024637,169469.75649999513,45.0
1781969468,4962,GET,/predict/colleges-list,0.000000,0.000000,0,0,0,0,0,0,0,0,0,0,0,100,0,12000,45919.88265199929,2163.6379000046873,157559.4815000004,102062.0
1781969468,4962,POST,/predict/rank [guest],0.000000,0.000000,151000,151000,151000,151000,151000,151000,151000,151000,151000,151000,151000,136,89,22000,45066.13756249984,1961.7800999985775,158647.6757000055,72.3529411764706
1781969468,4962,,Aggregated,9.700000,0.000000,179000,180000,181000,181000,182000,182000,183000,183000,183000,183000,183000,2073,175,86000,86768.36559469375,1952.3425000006682,182914.82449999603,5064.777134587554
1781969469,4953,POST,/auth/login [setup],9.800000,0.000000,179000,181000,182000,182000,183000,183000,184000,184000,184000,184000,184000,1699,40,95000,94595.19265791653,4056.311200001801,184167.81499999342,162.91171277221895
1781969469,4953,GET,/auth/me,0.000000,0.000000,0,0,0,0,0,0,0,0,0,0,0,6,0,28000,82499.38646666608,27648.28789999592,137228.78180000407,330.3333333333333
1781969469,4953,POST,/auth/update-profile,0.000000,0.000000,0,0,0,0,0,0,0,0,0,0,0,2,0,58464.32890000142,107498.87640000088,58464.32890000142,156533.42390000034,72.0
1781969469,4953,GET,/config,0.000000,0.000000,0,0,0,0,0,0,0,0,0,0,0,85,0,11000,50004.75754000012,1952.3425000006682,152626.7985000013,28.0
1781969469,4953,POST,/payment/create-order,0.000000,0.000000,0,0,0,0,0,0,0,0,0,0,0,7,0,29000,69412.76887142677,28777.679999999236,139629.28219999594,173.28571428571428
1781969469,4953,POST,/predict/colleges [guest],0.000000,0.000000,169000,169000,169000,169000,169000,169000,169000,169000,169000,169000,169000,46,46,148000,96809.20103695604,1983.7504000024637,169469.75649999513,45.0
1781969469,4953,GET,/predict/colleges-list,0.000000,0.000000,166000,166000,166000,166000,166000,166000,166000,166000,166000,166000,166000,101,0,12000,47106.37027623688,2163.6379000046873,165755.13269999647,102062.0
1781969469,4953,POST,/predict/rank [guest],0.000000,0.000000,151000,151000,151000,151000,151000,151000,151000,151000,151000,151000,151000,136,89,22000,45066.13756249984,1961.7800999985775,158647.6757000055,72.3529411764706
1781969469,4953,,Aggregated,9.800000,0.000000,179000,181000,182000,182000,183000,183000,184000,184000,184000,184000,184000,2082,175,87000,87177.46470917393,1952.3425000006682,184167.81499999342,5092.544668587896
1781969470,4946,POST,/auth/login [setup],9.500000,0.000000,180000,182000,182000,183000,184000,184000,185000,185000,185000,185000,185000,1707,40,95000,95016.13391154083,4056.311200001801,185456.10309999756,162.92911540714704
1781969470,4946,GET,/auth/me,0.000000,0.000000,0,0,0,0,0,0,0,0,0,0,0,6,0,28000,82499.38646666608,27648.28789999592,137228.78180000407,330.3333333333333
1781969470,4946,POST,/auth/update-profile,0.000000,0.000000,0,0,0,0,0,0,0,0,0,0,0,2,0,58464.32890000142,107498.87640000088,58464.32890000142,156533.42390000034,72.0
1781969470,4946,GET,/config,0.000000,0.000000,0,0,0,0,0,0,0,0,0,0,0,85,0,11000,50004.75754000012,1952.3425000006682,152626.7985000013,28.0
1781969470,4946,POST,/payment/create-order,0.000000,0.000000,0,0,0,0,0,0,0,0,0,0,0,7,0,29000,69412.76887142677,28777.679999999236,139629.28219999594,173.28571428571428
1781969470,4946,POST,/predict/colleges [guest],0.000000,0.000000,169000,169000,169000,169000,169000,169000,169000,169000,169000,169000,169000,46,46,148000,96809.20103695604,1983.7504000024637,169469.75649999513,45.0
1781969470,4946,GET,/predict/colleges-list,0.000000,0.000000,166000,166000,166000,166000,166000,166000,166000,166000,166000,166000,166000,101,0,12000,47106.37027623688,2163.6379000046873,165755.13269999647,102062.0
1781969470,4946,POST,/predict/rank [guest],0.000000,0.000000,151000,151000,151000,151000,151000,151000,151000,151000,151000,151000,151000,136,89,22000,45066.13756249984,1961.7800999985775,158647.6757000055,72.3529411764706
1781969470,4946,,Aggregated,9.500000,0.000000,180000,182000,182000,183000,184000,184000,185000,185000,185000,185000,185000,2090,175,87000,87549.66018454553,1952.3425000006682,185456.10309999756,5073.6894736842105
1781969471,4930,POST,/auth/login [setup],9.500000,0.000000,181000,183000,184000,184000,185000,186000,186000,186000,186000,186000,186000,1721,40,96000,95752.82209262067,4056.311200001801,186424.84459999832,162.96165020337014
1781969471,4930,GET,/auth/me,0.000000,0.000000,177000,177000,177000,177000,177000,177000,177000,177000,177000,177000,177000,7,0,137000,95994.96301428528,27648.28789999592,176968.42230000038,330.2857142857143
1781969471,4930,POST,/auth/update-profile,0.000000,0.000000,0,0,0,0,0,0,0,0,0,0,0,2,0,58464.32890000142,107498.87640000088,58464.32890000142,156533.42390000034,72.0
1781969471,4930,GET,/config,0.000000,0.000000,0,0,0,0,0,0,0,0,0,0,0,85,0,11000,50004.75754000012,1952.3425000006682,152626.7985000013,28.0
1781969471,4930,POST,/payment/create-order,0.000000,0.000000,0,0,0,0,0,0,0,0,0,0,0,7,0,29000,69412.76887142677,28777.679999999236,139629.28219999594,173.28571428571428
1781969471,4930,POST,/predict/colleges [guest],0.000000,0.000000,0,0,0,0,0,0,0,0,0,0,0,46,46,148000,96809.20103695604,1983.7504000024637,169469.75649999513,45.0
1781969471,4930,GET,/predict/colleges-list,0.100000,0.000000,166000,166000,166000,166000,166000,166000,166000,166000,166000,166000,166000,101,0,12000,47106.37027623688,2163.6379000046873,165755.13269999647,102062.0
1781969471,4930,POST,/predict/rank [guest],0.000000,0.000000,0,0,0,0,0,0,0,0,0,0,0,136,89,22000,45066.13756249984,1961.7800999985775,158647.6757000055,72.3529411764706
1781969471,4930,,Aggregated,9.600000,0.000000,181000,183000,184000,184000,185000,186000,186000,186000,186000,186000,186000,2105,175,88000,88244.09712228035,1952.3425000006682,186424.84459999832,5038.8019002375295
1781969472,4922,POST,/auth/login [setup],9.700000,0.000000,182000,184000,185000,185000,186000,186000,187000,187000,187000,187000,187000,1729,40,96000,96171.89888519385,4056.311200001801,187022.09869999933,162.98149219201852
1781969472,4922,GET,/auth/me,0.000000,0.000000,177000,177000,177000,177000,177000,177000,177000,177000,177000,177000,177000,7,0,137000,95994.96301428528,27648.28789999592,176968.42230000038,330.2857142857143
1781969472,4922,POST,/auth/update-profile,0.000000,0.000000,0,0,0,0,0,0,0,0,0,0,0,2,0,58464.32890000142,107498.87640000088,58464.32890000142,156533.42390000034,72.0
1781969472,4922,GET,/config,0.000000,0.000000,0,0,0,0,0,0,0,0,0,0,0,85,0,11000,50004.75754000012,1952.3425000006682,152626.7985000013,28.0
1781969472,4922,POST,/payment/create-order,0.000000,0.000000,0,0,0,0,0,0,0,0,0,0,0,7,0,29000,69412.76887142677,28777.679999999236,139629.28219999594,173.28571428571428
1781969472,4922,POST,/predict/colleges [guest],0.000000,0.000000,0,0,0,0,0,0,0,0,0,0,0,46,46,148000,96809.20103695604,1983.7504000024637,169469.75649999513,45.0
1781969472,4922,GET,/predict/colleges-list,0.100000,0.000000,166000,166000,166000,166000,166000,166000,166000,166000,166000,166000,166000,101,0,12000,47106.37027623688,2163.6379000046873,165755.13269999647,102062.0
1781969472,4922,POST,/predict/rank [guest],0.000000,0.000000,0,0,0,0,0,0,0,0,0,0,0,136,89,22000,45066.13756249984,1961.7800999985775,158647.6757000055,72.3529411764706
1781969472,4922,,Aggregated,9.800000,0.000000,182000,184000,185000,185000,186000,186000,187000,187000,187000,187000,187000,2113,175,89000,88615.44287434932,1952.3425000006682,187022.09869999933,5020.357785139612
1781969473,4912,POST,/auth/login [setup],10.000000,0.000000,184000,185000,186000,186000,187000,188000,188000,188000,188000,188000,188000,1739,40,96000,96697.23402708462,4056.311200001801,188110.571899997,163.00287521564118
1781969473,4912,GET,/auth/me,0.100000,0.000000,177000,177000,177000,177000,177000,177000,177000,177000,177000,177000,177000,7,0,137000,95994.96301428528,27648.28789999592,176968.42230000038,330.2857142857143
1781969473,4912,POST,/auth/update-profile,0.000000,0.000000,0,0,0,0,0,0,0,0,0,0,0,2,0,58464.32890000142,107498.87640000088,58464.32890000142,156533.42390000034,72.0
1781969473,4912,GET,/config,0.000000,0.000000,0,0,0,0,0,0,0,0,0,0,0,85,0,11000,50004.75754000012,1952.3425000006682,152626.7985000013,28.0
1781969473,4912,POST,/payment/create-order,0.000000,0.000000,0,0,0,0,0,0,0,0,0,0,0,7,0,29000,69412.76887142677,28777.679999999236,139629.28219999594,173.28571428571428
1781969473,4912,POST,/predict/colleges [guest],0.000000,0.000000,0,0,0,0,0,0,0,0,0,0,0,46,46,148000,96809.20103695604,1983.7504000024637,169469.75649999513,45.0
1781969473,4912,GET,/predict/colleges-list,0.100000,0.000000,166000,166000,166000,166000,166000,166000,166000,166000,166000,166000,166000,101,0,12000,47106.37027623688,2163.6379000046873,165755.13269999647,102062.0
1781969473,4912,POST,/predict/rank [guest],0.000000,0.000000,0,0,0,0,0,0,0,0,0,0,0,136,89,22000,45066.13756249984,1961.7800999985775,158647.6757000055,72.3529411764706
1781969473,4912,,Aggregated,10.200000,0.000000,183000,185000,186000,186000,187000,188000,188000,188000,188000,188000,188000,2123,175,89000,89081.35072731989,1952.3425000006682,188110.571899997,4997.495525200188
1781969474,4906,POST,/auth/login [setup],10.200000,0.000000,184000,186000,186000,186000,188000,188000,189000,189000,189000,189000,189000,1744,40,97000,96960.61158491981,4056.311200001801,188718.05979999772,163.0137614678899
1781969474,4906,GET,/auth/me,0.100000,0.000000,177000,177000,177000,177000,177000,177000,177000,177000,177000,177000,177000,7,0,137000,95994.96301428528,27648.28789999592,176968.42230000038,330.2857142857143
1781969474,4906,POST,/auth/update-profile,0.000000,0.000000,0,0,0,0,0,0,0,0,0,0,0,2,0,58464.32890000142,107498.87640000088,58464.32890000142,156533.42390000034,72.0
1781969474,4906,GET,/config,0.000000,0.000000,0,0,0,0,0,0,0,0,0,0,0,85,0,11000,50004.75754000012,1952.3425000006682,152626.7985000013,28.0
1781969474,4906,POST,/payment/create-order,0.000000,0.000000,0,0,0,0,0,0,0,0,0,0,0,7,0,29000,69412.76887142677,28777.679999999236,139629.28219999594,173.28571428571428
1781969474,4906,POST,/predict/colleges [guest],0.000000,0.000000,0,0,0,0,0,0,0,0,0,0,0,47,47,158000,98785.1262063824,1983.7504000024637,189677.68399999477,45.0
1781969474,4906,GET,/predict/colleges-list,0.100000,0.000000,166000,166000,166000,166000,166000,166000,166000,166000,166000,166000,166000,101,0,12000,47106.37027623688,2163.6379000046873,165755.13269999647,102062.0
1781969474,4906,POST,/predict/rank [guest],0.000000,0.000000,0,0,0,0,0,0,0,0,0,0,0,136,89,22000,45066.13756249984,1961.7800999985775,158647.6757000055,72.3529411764706
1781969474,4906,,Aggregated,10.400000,0.000000,184000,186000,186000,187000,188000,188000,189000,190000,190000,190000,190000,2129,176,89000,89362.2366881635,1952.3425000006682,189677.68399999477,4983.824330671677
1781969475,4896,POST,/auth/login [setup],10.200000,0.000000,185000,186000,187000,188000,189000,189000,190000,190000,190000,190000,190000,1752,40,97000,97382.39354902979,4056.311200001801,190057.54719999823,163.03196347031962
1781969475,4896,GET,/auth/me,0.100000,0.000000,177000,177000,177000,177000,177000,177000,177000,177000,177000,177000,177000,7,0,137000,95994.96301428528,27648.28789999592,176968.42230000038,330.2857142857143
1781969475,4896,POST,/auth/update-profile,0.000000,0.000000,0,0,0,0,0,0,0,0,0,0,0,2,0,58464.32890000142,107498.87640000088,58464.32890000142,156533.42390000034,72.0
1781969475,4896,GET,/config,0.000000,0.000000,0,0,0,0,0,0,0,0,0,0,0,85,0,11000,50004.75754000012,1952.3425000006682,152626.7985000013,28.0
1781969475,4896,POST,/payment/create-order,0.000000,0.000000,0,0,0,0,0,0,0,0,0,0,0,7,0,29000,69412.76887142677,28777.679999999236,139629.28219999594,173.28571428571428
1781969475,4896,POST,/predict/colleges [guest],0.000000,0.000000,190000,190000,190000,190000,190000,190000,190000,190000,190000,190000,190000,49,49,158000,102516.50246938723,1983.7504000024637,190246.7351000014,45.0
1781969475,4896,GET,/predict/colleges-list,0.100000,0.000000,166000,166000,166000,166000,166000,166000,166000,166000,166000,166000,166000,101,0,12000,47106.37027623688,2163.6379000046873,165755.13269999647,102062.0
1781969475,4896,POST,/predict/rank [guest],0.000000,0.000000,0,0,0,0,0,0,0,0,0,0,0,136,89,22000,45066.13756249984,1961.7800999985775,158647.6757000055,72.3529411764706
1781969475,4896,,Aggregated,10.400000,0.000000,185000,186000,187000,188000,189000,190000,190000,190000,190000,190000,190000,2139,178,90000,89830.41444235631,1952.3425000006682,190246.7351000014,4961.19121084619
1781969476,4874,POST,/auth/login [setup],8.900000,0.000000,186000,188000,189000,190000,190000,191000,191000,191000,191000,191000,191000,1768,40,98000,98223.87695497746,4056.311200001801,191003.30889999896,163.06447963800906
1781969476,4874,GET,/auth/me,0.100000,0.000000,177000,177000,177000,177000,177000,177000,177000,177000,177000,177000,177000,7,0,137000,95994.96301428528,27648.28789999592,176968.42230000038,330.2857142857143
1781969476,4874,POST,/auth/update-profile,0.000000,0.000000,0,0,0,0,0,0,0,0,0,0,0,2,0,58464.32890000142,107498.87640000088,58464.32890000142,156533.42390000034,72.0
1781969476,4874,GET,/config,0.000000,0.000000,0,0,0,0,0,0,0,0,0,0,0,85,0,11000,50004.75754000012,1952.3425000006682,152626.7985000013,28.0
1781969476,4874,POST,/payment/create-order,0.000000,0.000000,0,0,0,0,0,0,0,0,0,0,0,7,0,29000,69412.76887142677,28777.679999999236,139629.28219999594,173.28571428571428
1781969476,4874,POST,/predict/colleges [guest],0.000000,0.000000,191000,191000,191000,191000,191000,191000,191000,191000,191000,191000,191000,56,56,166000,113598.7895124994,1983.7504000024637,191267.3130999974,45.0
1781969476,4874,GET,/predict/colleges-list,0.100000,0.000000,166000,166000,166000,166000,166000,166000,166000,166000,166000,166000,166000,101,0,12000,47106.37027623688,2163.6379000046873,165755.13269999647,102062.0
1781969476,4874,POST,/predict/rank [guest],0.000000,0.000000,0,0,0,0,0,0,0,0,0,0,0,136,89,22000,45066.13756249984,1961.7800999985775,158647.6757000055,72.3529411764706
1781969476,4874,,Aggregated,9.100000,0.000000,187000,189000,190000,190000,191000,191000,191000,191000,191000,191000,191000,2162,185,91000,90902.56292432938,1952.3425000006682,191267.3130999974,4909.791396854764
1781969477,4861,POST,/auth/login [setup],9.400000,0.000000,187000,189000,190000,190000,191000,192000,192000,192000,192000,192000,192000,1779,40,99000,98800.87842018,4056.311200001801,192340.42939999927,163.08544125913434
1781969477,4861,GET,/auth/me,0.100000,0.000000,183000,183000,183000,183000,183000,183000,183000,183000,183000,183000,183000,9,0,137000,115387.69858888879,27648.28789999592,183365.61210000218,330.22222222222223
1781969477,4861,POST,/auth/update-profile,0.000000,0.000000,0,0,0,0,0,0,0,0,0,0,0,2,0,58464.32890000142,107498.87640000088,58464.32890000142,156533.42390000034,72.0
1781969477,4861,GET,/config,0.000000,0.000000,0,0,0,0,0,0,0,0,0,0,0,85,0,11000,50004.75754000012,1952.3425000006682,152626.7985000013,28.0
1781969477,4861,POST,/payment/create-order,0.000000,0.000000,0,0,0,0,0,0,0,0,0,0,0,7,0,29000,69412.76887142677,28777.679999999236,139629.28219999594,173.28571428571428
1781969477,4861,POST,/predict/colleges [guest],0.300000,0.300000,191000,191000,191000,191000,191000,191000,191000,191000,191000,191000,191000,56,56,166000,113598.7895124994,1983.7504000024637,191267.3130999974,45.0
1781969477,4861,GET,/predict/colleges-list,0.100000,0.000000,166000,166000,166000,166000,166000,166000,166000,166000,166000,166000,166000,101,0,12000,47106.37027623688,2163.6379000046873,165755.13269999647,102062.0
1781969477,4861,POST,/predict/rank [guest],0.000000,0.000000,0,0,0,0,0,0,0,0,0,0,0,136,89,22000,45066.13756249984,1961.7800999985775,158647.6757000055,72.3529411764706
1781969477,4861,,Aggregated,9.900000,0.300000,188000,190000,190000,191000,191000,192000,192000,192000,192000,192000,192000,2175,185,91000,91496.46613411503,1952.3425000006682,192340.42939999927,4881.590804597701
1781969478,4855,POST,/auth/login [setup],9.600000,0.000000,189000,190000,191000,191000,192000,192000,193000,193000,193000,193000,193000,1784,40,99000,99063.66341137902,4056.311200001801,193035.69910000078,163.09585201793723
1781969478,4855,GET,/auth/me,0.100000,0.000000,183000,183000,183000,183000,183000,183000,183000,183000,183000,183000,183000,9,0,137000,115387.69858888879,27648.28789999592,183365.61210000218,330.22222222222223
1781969478,4855,POST,/auth/update-profile,0.000000,0.000000,0,0,0,0,0,0,0,0,0,0,0,2,0,58464.32890000142,107498.87640000088,58464.32890000142,156533.42390000034,72.0
1781969478,4855,GET,/config,0.000000,0.000000,0,0,0,0,0,0,0,0,0,0,0,85,0,11000,50004.75754000012,1952.3425000006682,152626.7985000013,28.0
1781969478,4855,POST,/payment/create-order,0.000000,0.000000,0,0,0,0,0,0,0,0,0,0,0,7,0,29000,69412.76887142677,28777.679999999236,139629.28219999594,173.28571428571428
1781969478,4855,POST,/predict/colleges [guest],1.000000,1.000000,191000,191000,191000,191000,191000,191000,191000,191000,191000,191000,191000,56,56,166000,113598.7895124994,1983.7504000024637,191267.3130999974,45.0
1781969478,4855,GET,/predict/colleges-list,0.100000,0.000000,166000,166000,166000,166000,166000,166000,166000,166000,166000,166000,166000,101,0,12000,47106.37027623688,2163.6379000046873,165755.13269999647,102062.0
1781969478,4855,POST,/predict/rank [guest],0.000000,0.000000,0,0,0,0,0,0,0,0,0,0,0,136,89,22000,45066.13756249984,1961.7800999985775,158647.6757000055,72.3529411764706
1781969478,4855,,Aggregated,10.800000,1.000000,189000,190000,191000,191000,192000,192000,193000,193000,193000,193000,193000,2180,185,91000,91728.26910922026,1952.3425000006682,193035.69910000078,4870.777064220183
1781969479,4834,POST,/auth/login [setup],9.500000,0.000000,189000,191000,191000,192000,193000,194000,194000,194000,194000,194000,194000,1794,40,99000,99590.04165875148,4056.311200001801,194037.88050000003,163.1164994425864
1781969479,4834,GET,/auth/me,0.300000,0.000000,183000,183000,183000,183000,183000,183000,183000,183000,183000,183000,183000,9,0,137000,115387.69858888879,27648.28789999592,183365.61210000218,330.22222222222223
1781969479,4834,POST,/auth/update-profile,0.000000,0.000000,0,0,0,0,0,0,0,0,0,0,0,2,0,58464.32890000142,107498.87640000088,58464.32890000142,156533.42390000034,72.0
1781969479,4834,GET,/config,0.000000,0.000000,176000,176000,176000,176000,176000,176000,176000,176000,176000,176000,176000,86,0,11000,51471.438015116466,1952.3425000006682,176139.27840000542,28.0
1781969479,4834,POST,/payment/create-order,0.000000,0.000000,185000,185000,185000,185000,185000,185000,185000,185000,185000,185000,185000,8,0,29000,83904.4073499981,28777.679999999236,185345.87669999746,173.375
1781969479,4834,POST,/predict/colleges [guest],1.000000,1.000000,191000,194000,194000,194000,195000,195000,195000,195000,195000,195000,195000,65,65,166000,124780.06292615327,1983.7504000024637,194647.43079999607,45.0
1781969479,4834,GET,/predict/colleges-list,0.100000,0.000000,166000,166000,166000,166000,166000,166000,166000,166000,166000,166000,166000,101,0,12000,47106.37027623688,2163.6379000046873,165755.13269999647,102062.0
1781969479,4834,POST,/predict/rank [guest],0.000000,0.000000,0,0,0,0,0,0,0,0,0,0,0,136,89,22000,45066.13756249984,1961.7800999985775,158647.6757000055,72.3529411764706
1781969479,4834,,Aggregated,10.900000,1.000000,190000,191000,192000,192000,194000,194000,194000,195000,195000,195000,195000,2201,194,92000,92691.15988214454,1952.3425000006682,194647.43079999607,4825.338028169014
1781969480,4815,POST,/auth/login [setup],9.300000,0.000000,191000,192000,193000,194000,194000,195000,195000,195000,195000,195000,195000,1807,40,100000,100272.71547841733,4056.311200001801,195004.2400999955,163.14056447149972
1781969480,4815,GET,/auth/me,0.300000,0.000000,183000,183000,183000,183000,183000,183000,183000,183000,183000,183000,183000,9,0,137000,115387.69858888879,27648.28789999592,183365.61210000218,330.22222222222223
1781969480,4815,POST,/auth/update-profile,0.000000,0.000000,0,0,0,0,0,0,0,0,0,0,0,2,0,58464.32890000142,107498.87640000088,58464.32890000142,156533.42390000034,72.0
1781969480,4815,GET,/config,0.000000,0.000000,176000,176000,176000,176000,176000,176000,176000,176000,176000,176000,176000,86,0,11000,51471.438015116466,1952.3425000006682,176139.27840000542,28.0
1781969480,4815,POST,/payment/create-order,0.000000,0.000000,185000,185000,185000,185000,185000,185000,185000,185000,185000,185000,185000,8,0,29000,83904.4073499981,28777.679999999236,185345.87669999746,173.375
1781969480,4815,POST,/predict/colleges [guest],1.000000,1.000000,194000,194000,195000,195000,195000,195000,195000,195000,195000,195000,195000,71,71,166000,130711.0676591543,1983.7504000024637,195209.40820000396,45.0
1781969480,4815,GET,/predict/colleges-list,0.100000,0.000000,166000,166000,166000,166000,166000,166000,166000,166000,166000,166000,166000,101,0,12000,47106.37027623688,2163.6379000046873,165755.13269999647,102062.0
1781969480,4815,POST,/predict/rank [guest],0.000000,0.000000,0,0,0,0,0,0,0,0,0,0,0,136,89,22000,45066.13756249984,1961.7800999985775,158647.6757000055,72.3529411764706
1781969480,4815,,Aggregated,10.700000,1.000000,191000,193000,194000,194000,195000,195000,195000,195000,195000,195000,195000,2220,200,94000,93563.64267923428,1952.3425000006682,195209.40820000396,4785.136486486486
1781969481,4797,POST,/auth/login [setup],9.400000,0.000000,191000,193000,194000,194000,195000,196000,196000,196000,196000,196000,196000,1817,40,101000,100796.74326015418,4056.311200001801,195929.21319999732,163.1601541001651
1781969481,4797,GET,/auth/me,0.300000,0.000000,183000,183000,183000,183000,183000,183000,183000,183000,183000,183000,183000,9,0,137000,115387.69858888879,27648.28789999592,183365.61210000218,330.22222222222223
1781969481,4797,POST,/auth/update-profile,0.000000,0.000000,0,0,0,0,0,0,0,0,0,0,0,2,0,58464.32890000142,107498.87640000088,58464.32890000142,156533.42390000034,72.0
1781969481,4797,GET,/config,0.100000,0.000000,176000,176000,176000,176000,176000,176000,176000,176000,176000,176000,176000,86,0,11000,51471.438015116466,1952.3425000006682,176139.27840000542,28.0
1781969481,4797,POST,/payment/create-order,0.100000,0.000000,185000,185000,185000,185000,185000,185000,185000,185000,185000,185000,185000,8,0,29000,83904.4073499981,28777.679999999236,185345.87669999746,173.375
1781969481,4797,POST,/predict/colleges [guest],1.700000,1.700000,194000,195000,195000,196000,196000,196000,197000,197000,197000,197000,197000,78,78,168000,136605.88707179416,1983.7504000024637,196535.98339999735,45.0
1781969481,4797,GET,/predict/colleges-list,0.000000,0.000000,166000,166000,166000,166000,166000,166000,166000,166000,166000,166000,166000,101,0,12000,47106.37027623688,2163.6379000046873,165755.13269999647,102062.0
1781969481,4797,POST,/predict/rank [guest],0.000000,0.000000,0,0,0,0,0,0,0,0,0,0,0,137,89,22000,46038.3089773721,1961.7800999985775,178253.62139999925,72.72262773722628
1781969481,4797,,Aggregated,11.600000,1.700000,192000,194000,194000,195000,195000,196000,196000,196000,197000,197000,197000,2238,207,95000,94378.55200683651,1952.3425000006682,196535.98339999735,4747.590705987489
1781969482,4790,POST,/auth/login [setup],9.400000,0.000000,192000,194000,195000,195000,196000,196000,196000,197000,197000,197000,197000,1824,40,101000,101162.68877308122,4056.311200001801,196699.8178000067,163.17379385964912
1781969482,4790,GET,/auth/me,0.300000,0.000000,183000,183000,183000,183000,183000,183000,183000,183000,183000,183000,183000,9,0,137000,115387.69858888879,27648.28789999592,183365.61210000218,330.22222222222223
1781969482,4790,POST,/auth/update-profile,0.000000,0.000000,0,0,0,0,0,0,0,0,0,0,0,2,0,58464.32890000142,107498.87640000088,58464.32890000142,156533.42390000034,72.0
1781969482,4790,GET,/config,0.100000,0.000000,176000,176000,176000,176000,176000,176000,176000,176000,176000,176000,176000,86,0,11000,51471.438015116466,1952.3425000006682,176139.27840000542,28.0
1781969482,4790,POST,/payment/create-order,0.100000,0.000000,185000,185000,185000,185000,185000,185000,185000,185000,185000,185000,185000,8,0,29000,83904.4073499981,28777.679999999236,185345.87669999746,173.375
1781969482,4790,POST,/predict/colleges [guest],1.700000,1.700000,194000,195000,195000,196000,196000,196000,197000,197000,197000,197000,197000,78,78,168000,136605.88707179416,1983.7504000024637,196535.98339999735,45.0
1781969482,4790,GET,/predict/colleges-list,0.000000,0.000000,166000,166000,166000,166000,166000,166000,166000,166000,166000,166000,166000,101,0,12000,47106.37027623688,2163.6379000046873,165755.13269999647,102062.0
1781969482,4790,POST,/predict/rank [guest],0.000000,0.000000,178000,178000,178000,178000,178000,178000,178000,178000,178000,178000,178000,137,89,22000,46038.3089773721,1961.7800999985775,178253.62139999925,72.72262773722628
1781969482,4790,,Aggregated,11.600000,1.700000,193000,194000,195000,195000,196000,196000,196000,197000,197000,197000,197000,2245,207,95000,94695.88472592432,1952.3425000006682,196699.8178000067,4733.307349665924
1781969483,4785,POST,/auth/login [setup],9.700000,0.000000,193000,194000,195000,195000,196000,197000,198000,198000,198000,198000,198000,1829,40,101000,101426.15980929478,4056.311200001801,198209.0676000007,163.18316019682888
1781969483,4785,GET,/auth/me,0.300000,0.000000,183000,183000,183000,183000,183000,183000,183000,183000,183000,183000,183000,9,0,137000,115387.69858888879,27648.28789999592,183365.61210000218,330.22222222222223
1781969483,4785,POST,/auth/update-profile,0.000000,0.000000,0,0,0,0,0,0,0,0,0,0,0,2,0,58464.32890000142,107498.87640000088,58464.32890000142,156533.42390000034,72.0
1781969483,4785,GET,/config,0.100000,0.000000,176000,176000,176000,176000,176000,176000,176000,176000,176000,176000,176000,86,0,11000,51471.438015116466,1952.3425000006682,176139.27840000542,28.0
1781969483,4785,POST,/payment/create-order,0.100000,0.000000,185000,185000,185000,185000,185000,185000,185000,185000,185000,185000,185000,8,0,29000,83904.4073499981,28777.679999999236,185345.87669999746,173.375
1781969483,4785,POST,/predict/colleges [guest],2.500000,2.500000,194000,195000,195000,196000,196000,196000,197000,197000,197000,197000,197000,78,78,168000,136605.88707179416,1983.7504000024637,196535.98339999735,45.0
1781969483,4785,GET,/predict/colleges-list,0.000000,0.000000,166000,166000,166000,166000,166000,166000,166000,166000,166000,166000,166000,101,0,12000,47106.37027623688,2163.6379000046873,165755.13269999647,102062.0
1781969483,4785,POST,/predict/rank [guest],0.000000,0.000000,178000,178000,178000,178000,178000,178000,178000,178000,178000,178000,178000,137,89,22000,46038.3089773721,1961.7800999985775,178253.62139999925,72.72262773722628
1781969483,4785,,Aggregated,12.700000,2.500000,194000,195000,195000,195000,196000,197000,198000,198000,198000,198000,198000,2250,207,95000,94924.42807946673,1952.3425000006682,198209.0676000007,4723.159111111111
1781969484,4769,POST,/auth/login [setup],9.500000,0.000000,194000,196000,196000,197000,198000,198000,199000,199000,199000,199000,199000,1844,40,103000,102213.91110428429,4056.311200001801,198939.0396000017,163.2125813449024
1781969484,4769,GET,/auth/me,0.200000,0.000000,183000,183000,183000,183000,183000,183000,183000,183000,183000,183000,183000,9,0,137000,115387.69858888879,27648.28789999592,183365.61210000218,330.22222222222223
1781969484,4769,POST,/auth/update-profile,0.000000,0.000000,0,0,0,0,0,0,0,0,0,0,0,2,0,58464.32890000142,107498.87640000088,58464.32890000142,156533.42390000034,72.0
1781969484,4769,GET,/config,0.100000,0.000000,176000,176000,176000,176000,176000,176000,176000,176000,176000,176000,176000,86,0,11000,51471.438015116466,1952.3425000006682,176139.27840000542,28.0
1781969484,4769,POST,/payment/create-order,0.100000,0.000000,185000,185000,185000,185000,185000,185000,185000,185000,185000,185000,185000,8,0,29000,83904.4073499981,28777.679999999236,185345.87669999746,173.375
1781969484,4769,POST,/predict/colleges [guest],3.100000,3.100000,195000,195000,196000,196000,196000,197000,199000,199000,199000,199000,199000,79,79,168000,137401.57491518924,1983.7504000024637,199465.2267000056,45.0
1781969484,4769,GET,/predict/colleges-list,0.000000,0.000000,166000,166000,166000,166000,166000,166000,166000,166000,166000,166000,166000,101,0,12000,47106.37027623688,2163.6379000046873,165755.13269999647,102062.0
1781969484,4769,POST,/predict/rank [guest],0.000000,0.000000,178000,178000,178000,178000,178000,178000,178000,178000,178000,178000,178000,137,89,22000,46038.3089773721,1961.7800999985775,178253.62139999925,72.72262773722628
1781969484,4769,,Aggregated,13.000000,3.100000,194000,195000,196000,196000,198000,198000,199000,199000,199000,199000,199000,2266,208,96000,95654.6488043249,1952.3425000006682,199465.2267000056,4690.933362753751
1781969485,4756,POST,/auth/login [setup],9.200000,0.000000,195000,196000,198000,198000,199000,200000,200000,200000,200000,200000,200000,1853,40,103000,102686.55145688083,4056.311200001801,200348.1060999984,163.2309767943875
1781969485,4756,GET,/auth/me,0.200000,0.000000,183000,183000,183000,183000,183000,183000,183000,183000,183000,183000,183000,9,0,137000,115387.69858888879,27648.28789999592,183365.61210000218,330.22222222222223
1781969485,4756,POST,/auth/update-profile,0.000000,0.000000,0,0,0,0,0,0,0,0,0,0,0,2,0,58464.32890000142,107498.87640000088,58464.32890000142,156533.42390000034,72.0
1781969485,4756,GET,/config,0.100000,0.000000,176000,176000,176000,176000,176000,176000,176000,176000,176000,176000,176000,86,0,11000,51471.438015116466,1952.3425000006682,176139.27840000542,28.0
1781969485,4756,POST,/payment/create-order,0.100000,0.000000,185000,185000,185000,185000,185000,185000,185000,185000,185000,185000,185000,8,0,29000,83904.4073499981,28777.679999999236,185345.87669999746,173.375
1781969485,4756,POST,/predict/colleges [guest],3.200000,3.200000,195000,196000,196000,196000,200000,200000,200000,200000,200000,200000,200000,83,83,169000,140413.21510963794,1983.7504000024637,200037.79219999706,45.0
1781969485,4756,GET,/predict/colleges-list,0.000000,0.000000,166000,166000,166000,166000,166000,166000,166000,166000,166000,166000,166000,101,0,12000,47106.37027623688,2163.6379000046873,165755.13269999647,102062.0
1781969485,4756,POST,/predict/rank [guest],0.100000,0.000000,178000,178000,178000,178000,178000,178000,178000,178000,178000,178000,178000,137,89,22000,46038.3089773721,1961.7800999985775,178253.62139999925,72.72262773722628
1781969485,4756,,Aggregated,12.900000,3.200000,195000,196000,198000,198000,199000,200000,200000,200000,200000,200000,200000,2279,212,97000,96247.79921004832,1952.3425000006682,200348.1060999984,4664.913558578324
1781969486,4739,POST,/auth/login [setup],10.200000,0.000000,196000,198000,199000,199000,200000,200000,201000,201000,201000,201000,201000,1865,40,103000,103314.88631924943,4056.311200001801,200897.46210000158,163.25469168900804
1781969486,4739,GET,/auth/me,0.200000,0.000000,183000,183000,193000,193000,193000,193000,193000,193000,193000,193000,193000,10,0,137000,123177.22438000057,27648.28789999592,193282.95650000655,330.2
1781969486,4739,POST,/auth/update-profile,0.000000,0.000000,0,0,0,0,0,0,0,0,0,0,0,2,0,58464.32890000142,107498.87640000088,58464.32890000142,156533.42390000034,72.0
1781969486,4739,GET,/config,0.100000,0.000000,183000,183000,183000,183000,183000,183000,183000,183000,183000,183000,183000,87,0,11000,52981.223998850735,1952.3425000006682,182822.81859999785,28.0
1781969486,4739,POST,/payment/create-order,0.100000,0.000000,185000,185000,185000,185000,185000,185000,185000,185000,185000,185000,185000,8,0,29000,83904.4073499981,28777.679999999236,185345.87669999746,173.375
1781969486,4739,POST,/predict/colleges [guest],3.300000,3.300000,195000,196000,197000,199000,200000,200000,202000,202000,202000,202000,202000,84,84,169000,141143.26564880903,1983.7504000024637,201737.46040000697,45.0
1781969486,4739,GET,/predict/colleges-list,0.000000,0.000000,183000,183000,183000,183000,183000,183000,183000,183000,183000,183000,183000,102,0,12000,48437.27267745029,2163.6379000046873,182858.41520000395,102062.0
1781969486,4739,POST,/predict/rank [guest],0.100000,0.000000,183000,183000,183000,183000,183000,183000,183000,183000,183000,183000,183000,138,89,22000,47031.052057246256,1961.7800999985775,183036.8540000054,73.08695652173913
1781969486,4739,,Aggregated,14.000000,3.300000,196000,198000,198000,199000,200000,200000,201000,201000,202000,202000,202000,2296,213,97000,96993.27353667255,1952.3425000006682,201737.46040000697,4675.927264808362
1781969487,4726,POST,/auth/login [setup],9.700000,0.000000,198000,199000,200000,200000,201000,202000,202000,202000,202000,202000,202000,1878,40,104000,103994.78158727381,4056.311200001801,202127.4959000002,163.27955271565494
1781969487,4726,GET,/auth/me,0.200000,0.000000,183000,183000,193000,193000,193000,193000,193000,193000,193000,193000,193000,10,0,137000,123177.22438000057,27648.28789999592,193282.95650000655,330.2
1781969487,4726,POST,/auth/update-profile,0.000000,0.000000,0,0,0,0,0,0,0,0,0,0,0,2,0,58464.32890000142,107498.87640000088,58464.32890000142,156533.42390000034,72.0
1781969487,4726,GET,/config,0.100000,0.000000,183000,183000,183000,183000,183000,183000,183000,183000,183000,183000,183000,87,0,11000,52981.223998850735,1952.3425000006682,182822.81859999785,28.0
1781969487,4726,POST,/payment/create-order,0.100000,0.000000,185000,185000,185000,185000,185000,185000,185000,185000,185000,185000,185000,8,0,29000,83904.4073499981,28777.679999999236,185345.87669999746,173.375
1781969487,4726,POST,/predict/colleges [guest],3.400000,3.400000,195000,196000,197000,199000,200000,200000,202000,202000,202000,202000,202000,84,84,169000,141143.26564880903,1983.7504000024637,201737.46040000697,45.0
1781969487,4726,GET,/predict/colleges-list,0.000000,0.000000,183000,183000,183000,183000,183000,183000,183000,183000,183000,183000,183000,102,0,12000,48437.27267745029,2163.6379000046873,182858.41520000395,102062.0
1781969487,4726,POST,/predict/rank [guest],0.100000,0.000000,183000,183000,183000,183000,183000,183000,183000,183000,183000,183000,183000,138,89,22000,47031.052057246256,1961.7800999985775,183036.8540000054,73.08695652173913
1781969487,4726,,Aggregated,13.600000,3.400000,196000,198000,200000,200000,201000,202000,202000,202000,202000,202000,202000,2309,213,98000,97581.85053083595,1952.3425000006682,202127.4959000002,4650.540493720226
1781969488,4723,POST,/auth/login [setup],9.700000,0.000000,198000,200000,200000,201000,202000,202000,203000,203000,203000,203000,203000,1881,40,104000,104152.12598160564,4056.311200001801,202696.20119999308,163.28389154704945
1781969488,4723,GET,/auth/me,0.200000,0.000000,183000,183000,193000,193000,193000,193000,193000,193000,193000,193000,193000,10,0,137000,123177.22438000057,27648.28789999592,193282.95650000655,330.2
1781969488,4723,POST,/auth/update-profile,0.000000,0.000000,0,0,0,0,0,0,0,0,0,0,0,2,0,58464.32890000142,107498.87640000088,58464.32890000142,156533.42390000034,72.0
1781969488,4723,GET,/config,0.100000,0.000000,183000,183000,183000,183000,183000,183000,183000,183000,183000,183000,183000,87,0,11000,52981.223998850735,1952.3425000006682,182822.81859999785,28.0
1781969488,4723,POST,/payment/create-order,0.100000,0.000000,185000,185000,185000,185000,185000,185000,185000,185000,185000,185000,185000,8,0,29000,83904.4073499981,28777.679999999236,185345.87669999746,173.375
1781969488,4723,POST,/predict/colleges [guest],3.400000,3.400000,196000,196000,199000,200000,200000,200000,202000,202000,202000,202000,202000,84,84,169000,141143.26564880903,1983.7504000024637,201737.46040000697,45.0
1781969488,4723,GET,/predict/colleges-list,0.000000,0.000000,183000,183000,183000,183000,183000,183000,183000,183000,183000,183000,183000,102,0,12000,48437.27267745029,2163.6379000046873,182858.41520000395,102062.0
1781969488,4723,POST,/predict/rank [guest],0.100000,0.000000,183000,183000,183000,183000,183000,183000,183000,183000,183000,183000,183000,138,89,22000,47031.052057246256,1961.7800999985775,183036.8540000054,73.08695652173913
1781969488,4723,,Aggregated,13.600000,3.400000,198000,199000,200000,200000,201000,202000,203000,203000,203000,203000,203000,2312,213,99000,97718.18426738762,1952.3425000006682,202696.20119999308,4644.721453287198
1781969489,4713,POST,/auth/login [setup],10.200000,0.000000,199000,200000,201000,202000,204000,204000,204000,204000,204000,204000,204000,1890,40,104000,104627.03465185197,4056.311200001801,204135.5498999983,163.3021164021164
1781969489,4713,GET,/auth/me,0.100000,0.000000,183000,183000,193000,193000,193000,193000,193000,193000,193000,193000,193000,10,0,137000,123177.22438000057,27648.28789999592,193282.95650000655,330.2
1781969489,4713,POST,/auth/update-profile,0.000000,0.000000,0,0,0,0,0,0,0,0,0,0,0,2,0,58464.32890000142,107498.87640000088,58464.32890000142,156533.42390000034,72.0
1781969489,4713,GET,/config,0.200000,0.000000,183000,183000,183000,183000,183000,183000,183000,183000,183000,183000,183000,87,0,11000,52981.223998850735,1952.3425000006682,182822.81859999785,28.0
1781969489,4713,POST,/payment/create-order,0.100000,0.000000,185000,185000,185000,185000,185000,185000,185000,185000,185000,185000,185000,8,0,29000,83904.4073499981,28777.679999999236,185345.87669999746,173.375
1781969489,4713,POST,/predict/colleges [guest],2.800000,2.800000,197000,200000,200000,200000,200000,202000,202000,202000,202000,202000,202000,84,84,169000,141143.26564880903,1983.7504000024637,201737.46040000697,45.0
1781969489,4713,GET,/predict/colleges-list,0.100000,0.000000,183000,183000,183000,183000,183000,183000,183000,183000,183000,183000,183000,102,0,12000,48437.27267745029,2163.6379000046873,182858.41520000395,102062.0
1781969489,4713,POST,/predict/rank [guest],0.200000,0.000000,183000,183000,186000,186000,186000,186000,186000,186000,186000,186000,186000,139,89,22000,48031.396299280445,1961.7800999985775,186078.90169999882,73.44604316546763
1781969489,4713,,Aggregated,13.700000,2.800000,199000,200000,201000,201000,203000,204000,204000,204000,204000,204000,204000,2322,213,99000,98167.7293059863,1952.3425000006682,204135.5498999983,4625.419035314384
1781969490,4699,POST,/auth/login [setup],10.000000,0.000000,200000,202000,203000,204000,204000,205000,205000,206000,206000,206000,206000,1902,40,105000,105258.82930473196,4056.311200001801,205511.58350000333,163.32386961093584
1781969490,4699,GET,/auth/me,0.100000,0.000000,193000,193000,193000,193000,193000,193000,193000,193000,193000,193000,193000,10,0,137000,123177.22438000057,27648.28789999592,193282.95650000655,330.2
1781969490,4699,POST,/auth/update-profile,0.000000,0.000000,0,0,0,0,0,0,0,0,0,0,0,2,0,58464.32890000142,107498.87640000088,58464.32890000142,156533.42390000034,72.0
1781969490,4699,GET,/config,0.200000,0.000000,183000,183000,186000,186000,186000,186000,186000,186000,186000,186000,186000,88,0,11000,54494.637844318284,1952.3425000006682,186161.6423999949,28.0
1781969490,4699,POST,/payment/create-order,0.100000,0.000000,185000,185000,185000,185000,185000,185000,185000,185000,185000,185000,185000,8,0,29000,83904.4073499981,28777.679999999236,185345.87669999746,173.375
1781969490,4699,POST,/predict/colleges [guest],2.800000,2.800000,200000,200000,200000,200000,202000,202000,202000,202000,202000,202000,202000,84,84,169000,141143.26564880903,1983.7504000024637,201737.46040000697,45.0
1781969490,4699,GET,/predict/colleges-list,0.100000,0.000000,186000,186000,186000,186000,186000,186000,186000,186000,186000,186000,186000,103,0,12000,49775.57448640705,2163.6379000046873,186282.3589999971,102062.0
1781969490,4699,POST,/predict/rank [guest],0.200000,0.000000,183000,183000,186000,186000,186000,186000,186000,186000,186000,186000,186000,139,89,22000,48031.396299280445,1961.7800999985775,186078.90169999882,73.44604316546763
1781969490,4699,,Aggregated,13.500000,2.800000,200000,201000,202000,204000,204000,205000,205000,205000,206000,206000,206000,2336,213,99000,98790.71459567644,1952.3425000006682,205511.58350000333,4642.257705479452
1781969491,4680,POST,/auth/login [setup],8.900000,0.000000,202000,204000,205000,205000,205000,206000,206000,206000,206000,206000,206000,1920,40,106000,106198.95276192721,4056.311200001801,206115.39320000156,163.3546875
1781969491,4680,GET,/auth/me,0.100000,0.000000,193000,193000,193000,193000,193000,193000,193000,193000,193000,193000,193000,10,0,137000,123177.22438000057,27648.28789999592,193282.95650000655,330.2
1781969491,4680,POST,/auth/update-profile,0.000000,0.000000,0,0,0,0,0,0,0,0,0,0,0,2,0,58464.32890000142,107498.87640000088,58464.32890000142,156533.42390000034,72.0
1781969491,4680,GET,/config,0.100000,0.000000,186000,186000,186000,186000,186000,186000,186000,186000,186000,186000,186000,88,0,11000,54494.637844318284,1952.3425000006682,186161.6423999949,28.0
1781969491,4680,POST,/payment/create-order,0.000000,0.000000,185000,185000,185000,185000,185000,185000,185000,185000,185000,185000,185000,8,0,29000,83904.4073499981,28777.679999999236,185345.87669999746,173.375
1781969491,4680,POST,/predict/colleges [guest],2.100000,2.100000,200000,200000,200000,200000,202000,202000,202000,202000,202000,202000,202000,84,84,169000,141143.26564880903,1983.7504000024637,201737.46040000697,45.0
1781969491,4680,GET,/predict/colleges-list,0.100000,0.000000,186000,186000,186000,186000,186000,186000,186000,186000,186000,186000,186000,103,0,12000,49775.57448640705,2163.6379000046873,186282.3589999971,102062.0
1781969491,4680,POST,/predict/rank [guest],0.200000,0.000000,186000,186000,188000,188000,188000,188000,188000,188000,188000,188000,188000,140,89,22000,49028.73667499988,1961.7800999985775,187659.04890000093,73.8
1781969491,4680,,Aggregated,11.500000,2.100000,201000,204000,204000,205000,205000,206000,206000,206000,206000,206000,206000,2355,213,100000,99644.35851791942,1952.3425000006682,206115.39320000156,4606.129936305732
1781969492,4675,POST,/auth/login [setup],9.300000,0.000000,202000,204000,205000,205000,206000,206000,207000,207000,207000,207000,207000,1925,40,106000,106460.09210836377,4056.311200001801,207106.27589999785,163.3625974025974
1781969492,4675,GET,/auth/me,0.100000,0.000000,193000,193000,193000,193000,193000,193000,193000,193000,193000,193000,193000,10,0,137000,123177.22438000057,27648.28789999592,193282.95650000655,330.2
1781969492,4675,POST,/auth/update-profile,0.000000,0.000000,0,0,0,0,0,0,0,0,0,0,0,2,0,58464.32890000142,107498.87640000088,58464.32890000142,156533.42390000034,72.0
1781969492,4675,GET,/config,0.200000,0.000000,186000,186000,186000,186000,186000,186000,186000,186000,186000,186000,186000,88,0,11000,54494.637844318284,1952.3425000006682,186161.6423999949,28.0
1781969492,4675,POST,/payment/create-order,0.000000,0.000000,185000,185000,185000,185000,185000,185000,185000,185000,185000,185000,185000,8,0,29000,83904.4073499981,28777.679999999236,185345.87669999746,173.375
1781969492,4675,POST,/predict/colleges [guest],1.300000,1.300000,200000,200000,200000,200000,202000,202000,202000,202000,202000,202000,202000,84,84,169000,141143.26564880903,1983.7504000024637,201737.46040000697,45.0
1781969492,4675,GET,/predict/colleges-list,0.200000,0.000000,186000,186000,186000,186000,186000,186000,186000,186000,186000,186000,186000,103,0,12000,49775.57448640705,2163.6379000046873,186282.3589999971,102062.0
1781969492,4675,POST,/predict/rank [guest],0.300000,0.000000,186000,186000,188000,188000,188000,188000,188000,188000,188000,188000,188000,140,89,22000,49028.73667499988,1961.7800999985775,187659.04890000093,73.8
1781969492,4675,,Aggregated,11.400000,1.300000,202000,204000,205000,205000,206000,206000,207000,207000,207000,207000,207000,2360,213,101000,99871.25098110178,1952.3425000006682,207106.27589999785,4596.723728813559
